#usda 1.0
(
    defaultPrim = "FeltSphere"
    metersPerUnit = 1
    upAxis = "Z"
)

def Xform "FeltSphere"
{
    def Scope "Looks"
    {
        def Material "Cloth"
        {
            token outputs:surface.connect = </FeltSphere/Looks/Cloth/Surface.outputs:surface>

            def Shader "Surface"
            {
                uniform token info:id = "UsdPreviewSurface"
                color3f inputs:diffuseColor = (0.75, 0.56, 0.075)
                color3f inputs:diffuseColor.connect = </FeltSphere/Looks/Cloth/diffuseColor.outputs:rgb>
                float inputs:metallic = 0
                float3 inputs:normal.connect = </FeltSphere/Looks/Cloth/normal.outputs:rgb>
                float inputs:roughness = 0.85
                float inputs:roughness.connect = </FeltSphere/Looks/Cloth/roughness.outputs:r>
                token outputs:surface
            }

            def Shader "UV"
            {
                uniform token info:id = "UsdPrimvarReader_float2"
                token inputs:varname = "st"
                float2 outputs:result
            }

            def Shader "diffuseColor"
            {
                uniform token info:id = "UsdUVTexture"
                asset inputs:file = @textures/albedo.exr@
                token inputs:sourceColorSpace = "raw"
                float2 inputs:st.connect = </FeltSphere/Looks/Cloth/UV.outputs:result>
                float3 outputs:rgb
            }

            def Shader "roughness"
            {
                uniform token info:id = "UsdUVTexture"
                asset inputs:file = @textures/roughness.exr@
                token inputs:sourceColorSpace = "raw"
                float2 inputs:st.connect = </FeltSphere/Looks/Cloth/UV.outputs:result>
                float outputs:r
            }

            def Shader "normal"
            {
                uniform token info:id = "UsdUVTexture"
                float4 inputs:bias = (-1, -1, -1, 0)
                asset inputs:file = @textures/normal.exr@
                float4 inputs:scale = (2, 2, 2, 1)
                token inputs:sourceColorSpace = "raw"
                float2 inputs:st.connect = </FeltSphere/Looks/Cloth/UV.outputs:result>
                float3 outputs:rgb
            }
        }

        def Material "FeltFibres"
        {
            token outputs:surface.connect = </FeltSphere/Looks/FeltFibres/Surface.outputs:surface>

            def Shader "Surface"
            {
                uniform token info:id = "UsdPreviewSurface"
                color3f inputs:diffuseColor = (0.75, 0.56, 0.075)
                color3f inputs:diffuseColor.connect = </FeltSphere/Looks/FeltFibres/FibreColor.outputs:result>
                color3f inputs:emissiveColor = (0.01875, 0.014, 0.001875)
                float inputs:metallic = 0
                float inputs:roughness = 0.9
                token outputs:surface
            }

            def Shader "FibreColor"
            {
                uniform token info:id = "UsdPrimvarReader_float3"
                float3 inputs:fallback = (0.75, 0.56, 0.075)
                token inputs:varname = "displayColor"
                float3 outputs:result
            }
        }

        def Material "FeltCurlsFibres"
        {
            token outputs:surface.connect = </FeltSphere/Looks/FeltCurlsFibres/Surface.outputs:surface>

            def Shader "Surface"
            {
                uniform token info:id = "UsdPreviewSurface"
                color3f inputs:diffuseColor = (0.69, 0.5152, 0.069)
                color3f inputs:diffuseColor.connect = </FeltSphere/Looks/FeltCurlsFibres/FibreColor.outputs:result>
                color3f inputs:emissiveColor = (0.01725, 0.01288, 0.001725)
                float inputs:metallic = 0
                float inputs:roughness = 0.9
                token outputs:surface
            }

            def Shader "FibreColor"
            {
                uniform token info:id = "UsdPrimvarReader_float3"
                float3 inputs:fallback = (0.69, 0.5152, 0.069)
                token inputs:varname = "displayColor"
                float3 outputs:result
            }
        }

        def Material "FlyawaysFibres"
        {
            token outputs:surface.connect = </FeltSphere/Looks/FlyawaysFibres/Surface.outputs:surface>

            def Shader "Surface"
            {
                uniform token info:id = "UsdPreviewSurface"
                color3f inputs:diffuseColor = (0.75, 0.56, 0.075)
                color3f inputs:diffuseColor.connect = </FeltSphere/Looks/FlyawaysFibres/FibreColor.outputs:result>
                color3f inputs:emissiveColor = (0.01875, 0.014, 0.001875)
                float inputs:metallic = 0
                float inputs:roughness = 0.9
                token outputs:surface
            }

            def Shader "FibreColor"
            {
                uniform token info:id = "UsdPrimvarReader_float3"
                float3 inputs:fallback = (0.75, 0.56, 0.075)
                token inputs:varname = "displayColor"
                float3 outputs:result
            }
        }
    }

    def Xform "Groom"
    {
        def UsdGenDescription "Felt" (
            prepend apiSchemas = ["UsdGenLookAPI", "MaterialBindingAPI"]
        )
        {
            rel material:binding = </FeltSphere/Looks/FeltFibres>
            int usdGen:look:jitterSeed = 41
            color3f usdGen:look:rootColor = (0.75, 0.56, 0.075)
            color3f usdGen:look:tipColor = (0.765, 0.5712, 0.0765)
            float usdGen:look:valueJitter = 0.12
            custom rel usdGen:surface = </FeltSphere/Emitter>
            float usdGen:width:default = 0.00013

            def "Maps"
            {
                def UsdGenPtexMap "length"
                {
                    int usdGen:map:channelCount = 1
                    float2 usdGen:map:clamp = (0, 0)
                    asset usdGen:map:file = @textures/controls.ptx@
                    token usdGen:map:filter = "bilinear"
                    int usdGen:map:firstChannel = 8
                }

                def UsdGenPtexMap "curl"
                {
                    int usdGen:map:channelCount = 1
                    float2 usdGen:map:clamp = (0, 0)
                    asset usdGen:map:file = @textures/controls.ptx@
                    token usdGen:map:filter = "bilinear"
                    int usdGen:map:firstChannel = 2
                }

                def UsdGenPtexMap "regions"
                {
                    int usdGen:map:channelCount = 1
                    float2 usdGen:map:clamp = (0, 0)
                    asset usdGen:map:file = @textures/controls.ptx@
                    token usdGen:map:filter = "nearest"
                    int usdGen:map:firstChannel = 3
                }

                def UsdGenPtexMap "tightness"
                {
                    int usdGen:map:channelCount = 1
                    float2 usdGen:map:clamp = (0, 0)
                    asset usdGen:map:file = @textures/controls.ptx@
                    token usdGen:map:filter = "bilinear"
                    int usdGen:map:firstChannel = 4
                }

                def UsdGenPtexMap "width"
                {
                    int usdGen:map:channelCount = 1
                    float2 usdGen:map:clamp = (0, 0)
                    asset usdGen:map:file = @textures/controls.ptx@
                    token usdGen:map:filter = "bilinear"
                    int usdGen:map:firstChannel = 6
                }
            }

            def "Expressions"
            {
                def UsdGenExpression "length"
                {
                    custom rel input:map = </FeltSphere/Groom/Felt/Maps/length>
                    custom float outputs:result
                    string usdGen:expr:source = '1.35 * ptex("map")'
                }

                def UsdGenExpression "curl"
                {
                    custom rel input:map = </FeltSphere/Groom/Felt/Maps/curl>
                    custom float outputs:result
                    string usdGen:expr:source = '1.0 * ptex("map")'
                }

                def UsdGenExpression "regions"
                {
                    custom rel input:map = </FeltSphere/Groom/Felt/Maps/regions>
                    custom float outputs:result
                    string usdGen:expr:source = 'ptex("map")'
                }

                def UsdGenExpression "tightness"
                {
                    custom rel input:map = </FeltSphere/Groom/Felt/Maps/tightness>
                    custom float outputs:result
                    string usdGen:expr:source = '0.45 * ptex("map")'
                }

                def UsdGenExpression "width"
                {
                    custom rel input:map = </FeltSphere/Groom/Felt/Maps/width>
                    custom float outputs:result
                    string usdGen:expr:source = '0.00012 * ptex("map")'
                }
            }

            def Scope "Ops"
            {
                reorder nameChildren = ["width", "length", "microclump", "curl", "frizz", "grow", "scatter"]
                def UsdGenWidth "width"
                {
                    bool usdGen:replace = 1
                    float usdGen:width = 0.00013
                    float usdGen:width.connect = </FeltSphere/Groom/Felt/Expressions/width.outputs:result>
                    float2[] usdGen:width:knots = [(0, 0.75), (0.6, 1), (1, 0.08)]
                }

                def UsdGenLength "length"
                {
                    float usdGen:cullThreshold = 0.0001
                    token usdGen:length:mode = "set"
                    float2 usdGen:length:random = (0.65, 1.25)
                    float usdGen:length:value = 0.003
                    float usdGen:length:value.connect = </FeltSphere/Groom/Felt/Expressions/length.outputs:result>
                }

                def UsdGenClump "microclump"
                {
                    float usdGen:clump:amount = 0.7
                    float usdGen:clump:amount.connect = </FeltSphere/Groom/Felt/Expressions/tightness.outputs:result>
                    int usdGen:clump:levels = 1
                    float usdGen:clump:map = 0
                    float usdGen:clump:map.connect = </FeltSphere/Groom/Felt/Expressions/regions.outputs:result>
                    token usdGen:clump:method = "linearBlend"
                    float2[] usdGen:clump:profile:knots = [(0, 0), (0.25, 0.15), (0.7, 0.85), (1, 0.8)]
                    float usdGen:clump:size = 0.01
                    float usdGen:preserveLength = 0.5
                }

                def UsdGenCurl "curl"
                {
                    float usdGen:frequency = 240
                    float usdGen:phaseRandom = 1
                    float usdGen:radius = 0.0006
                    float usdGen:radius.connect = </FeltSphere/Groom/Felt/Expressions/curl.outputs:result>
                    int usdGen:seed = 41
                }

                def UsdGenNoise "frizz"
                {
                    float usdGen:noise:correlation = 0.5
                    float usdGen:noise:frequency = 1100
                    float usdGen:noise:magnitude = 0.0003
                    int usdGen:noise:octaves = 2
                    float usdGen:preserveLength = 1
                    int usdGen:seed = 44
                }

                def UsdGenGrow "grow"
                {
                    float usdGen:azimuth = 0
                    float usdGen:azimuthRandom = 1
                    token usdGen:direction = "surfaceNormal"
                    float usdGen:length = 0.0035
                    float usdGen:lift = 30
                    int usdGen:seed = 48
                    int usdGen:segments = 12
                }

                def UsdGenScatter "scatter"
                {
                    float usdGen:density = 1650000
                    int usdGen:seed = 41
                    int usdGen:subdivisionLevel = 3
                }
            }
        }

        def UsdGenDescription "FeltCurls" (
            prepend apiSchemas = ["UsdGenLookAPI", "MaterialBindingAPI"]
        )
        {
            rel material:binding = </FeltSphere/Looks/FeltCurlsFibres>
            int usdGen:look:jitterSeed = 97
            color3f usdGen:look:rootColor = (0.69, 0.5152, 0.069)
            color3f usdGen:look:tipColor = (0.7038, 0.525504, 0.07038)
            float usdGen:look:valueJitter = 0.12
            custom rel usdGen:surface = </FeltSphere/Emitter>
            float usdGen:width:default = 0.00013

            def "Maps"
            {
                def UsdGenPtexMap "length"
                {
                    int usdGen:map:channelCount = 1
                    float2 usdGen:map:clamp = (0, 0)
                    asset usdGen:map:file = @textures/controls.ptx@
                    token usdGen:map:filter = "bilinear"
                    int usdGen:map:firstChannel = 8
                }

                def UsdGenPtexMap "curl"
                {
                    int usdGen:map:channelCount = 1
                    float2 usdGen:map:clamp = (0, 0)
                    asset usdGen:map:file = @textures/controls.ptx@
                    token usdGen:map:filter = "bilinear"
                    int usdGen:map:firstChannel = 2
                }

                def UsdGenPtexMap "regions"
                {
                    int usdGen:map:channelCount = 1
                    float2 usdGen:map:clamp = (0, 0)
                    asset usdGen:map:file = @textures/controls.ptx@
                    token usdGen:map:filter = "nearest"
                    int usdGen:map:firstChannel = 3
                }

                def UsdGenPtexMap "tightness"
                {
                    int usdGen:map:channelCount = 1
                    float2 usdGen:map:clamp = (0, 0)
                    asset usdGen:map:file = @textures/controls.ptx@
                    token usdGen:map:filter = "bilinear"
                    int usdGen:map:firstChannel = 4
                }

                def UsdGenPtexMap "width"
                {
                    int usdGen:map:channelCount = 1
                    float2 usdGen:map:clamp = (0, 0)
                    asset usdGen:map:file = @textures/controls.ptx@
                    token usdGen:map:filter = "bilinear"
                    int usdGen:map:firstChannel = 6
                }
            }

            def "Expressions"
            {
                def UsdGenExpression "length"
                {
                    custom rel input:map = </FeltSphere/Groom/FeltCurls/Maps/length>
                    custom float outputs:result
                    string usdGen:expr:source = '2.0 * ptex("map")'
                }

                def UsdGenExpression "curl"
                {
                    custom rel input:map = </FeltSphere/Groom/FeltCurls/Maps/curl>
                    custom float outputs:result
                    string usdGen:expr:source = '1.65 * ptex("map")'
                }

                def UsdGenExpression "regions"
                {
                    custom rel input:map = </FeltSphere/Groom/FeltCurls/Maps/regions>
                    custom float outputs:result
                    string usdGen:expr:source = 'ptex("map")'
                }

                def UsdGenExpression "tightness"
                {
                    custom rel input:map = </FeltSphere/Groom/FeltCurls/Maps/tightness>
                    custom float outputs:result
                    string usdGen:expr:source = '0.95 * ptex("map")'
                }

                def UsdGenExpression "width"
                {
                    custom rel input:map = </FeltSphere/Groom/FeltCurls/Maps/width>
                    custom float outputs:result
                    string usdGen:expr:source = '0.00016 * ptex("map")'
                }
            }

            def Scope "Ops"
            {
                reorder nameChildren = ["width", "length", "microclump", "curl", "frizz", "grow", "scatter"]
                def UsdGenWidth "width"
                {
                    bool usdGen:replace = 1
                    float usdGen:width = 0.00013
                    float usdGen:width.connect = </FeltSphere/Groom/FeltCurls/Expressions/width.outputs:result>
                    float2[] usdGen:width:knots = [(0, 0.75), (0.6, 1), (1, 0.08)]
                }

                def UsdGenLength "length"
                {
                    float usdGen:cullThreshold = 0.0001
                    token usdGen:length:mode = "set"
                    float2 usdGen:length:random = (0.65, 1.25)
                    float usdGen:length:value = 0.003
                    float usdGen:length:value.connect = </FeltSphere/Groom/FeltCurls/Expressions/length.outputs:result>
                }

                def UsdGenClump "microclump"
                {
                    float usdGen:clump:amount = 0.7
                    float usdGen:clump:amount.connect = </FeltSphere/Groom/FeltCurls/Expressions/tightness.outputs:result>
                    int usdGen:clump:levels = 1
                    float usdGen:clump:map = 0
                    float usdGen:clump:map.connect = </FeltSphere/Groom/FeltCurls/Expressions/regions.outputs:result>
                    token usdGen:clump:method = "linearBlend"
                    float2[] usdGen:clump:profile:knots = [(0, 0), (0.25, 0.15), (0.7, 0.85), (1, 0.8)]
                    float usdGen:clump:size = 0.01
                    float usdGen:preserveLength = 0.5
                }

                def UsdGenCurl "curl"
                {
                    float usdGen:frequency = 330
                    float usdGen:phaseRandom = 1
                    float usdGen:radius = 0.0006
                    float usdGen:radius.connect = </FeltSphere/Groom/FeltCurls/Expressions/curl.outputs:result>
                    int usdGen:seed = 97
                }

                def UsdGenNoise "frizz"
                {
                    float usdGen:noise:correlation = 0.5
                    float usdGen:noise:frequency = 1100
                    float usdGen:noise:magnitude = 0.0004
                    int usdGen:noise:octaves = 2
                    float usdGen:preserveLength = 1
                    int usdGen:seed = 100
                }

                def UsdGenGrow "grow"
                {
                    float usdGen:azimuth = 0
                    float usdGen:azimuthRandom = 1
                    token usdGen:direction = "surfaceNormal"
                    float usdGen:length = 0.0035
                    float usdGen:lift = 22
                    int usdGen:seed = 104
                    int usdGen:segments = 16
                }

                def UsdGenScatter "scatter"
                {
                    float usdGen:density = 450000
                    int usdGen:seed = 97
                    int usdGen:subdivisionLevel = 3
                }
            }
        }

        def UsdGenDescription "Flyaways" (
            prepend apiSchemas = ["UsdGenLookAPI", "MaterialBindingAPI"]
        )
        {
            rel material:binding = </FeltSphere/Looks/FlyawaysFibres>
            int usdGen:look:jitterSeed = 173
            color3f usdGen:look:rootColor = (0.75, 0.56, 0.075)
            color3f usdGen:look:tipColor = (0.765, 0.5712, 0.0765)
            float usdGen:look:valueJitter = 0.12
            custom rel usdGen:surface = </FeltSphere/Emitter>
            float usdGen:width:default = 0.00013

            def "Maps"
            {
                def UsdGenPtexMap "length"
                {
                    int usdGen:map:channelCount = 1
                    float2 usdGen:map:clamp = (0, 0)
                    asset usdGen:map:file = @textures/controls.ptx@
                    token usdGen:map:filter = "bilinear"
                    int usdGen:map:firstChannel = 8
                }

                def UsdGenPtexMap "curl"
                {
                    int usdGen:map:channelCount = 1
                    float2 usdGen:map:clamp = (0, 0)
                    asset usdGen:map:file = @textures/controls.ptx@
                    token usdGen:map:filter = "bilinear"
                    int usdGen:map:firstChannel = 2
                }

                def UsdGenPtexMap "regions"
                {
                    int usdGen:map:channelCount = 1
                    float2 usdGen:map:clamp = (0, 0)
                    asset usdGen:map:file = @textures/controls.ptx@
                    token usdGen:map:filter = "nearest"
                    int usdGen:map:firstChannel = 3
                }

                def UsdGenPtexMap "tightness"
                {
                    int usdGen:map:channelCount = 1
                    float2 usdGen:map:clamp = (0, 0)
                    asset usdGen:map:file = @textures/controls.ptx@
                    token usdGen:map:filter = "bilinear"
                    int usdGen:map:firstChannel = 4
                }

                def UsdGenPtexMap "width"
                {
                    int usdGen:map:channelCount = 1
                    float2 usdGen:map:clamp = (0, 0)
                    asset usdGen:map:file = @textures/controls.ptx@
                    token usdGen:map:filter = "bilinear"
                    int usdGen:map:firstChannel = 6
                }
            }

            def "Expressions"
            {
                def UsdGenExpression "length"
                {
                    custom rel input:map = </FeltSphere/Groom/Flyaways/Maps/length>
                    custom float outputs:result
                    string usdGen:expr:source = '2.1 * ptex("map")'
                }

                def UsdGenExpression "curl"
                {
                    custom rel input:map = </FeltSphere/Groom/Flyaways/Maps/curl>
                    custom float outputs:result
                    string usdGen:expr:source = '0.45 * ptex("map")'
                }

                def UsdGenExpression "regions"
                {
                    custom rel input:map = </FeltSphere/Groom/Flyaways/Maps/regions>
                    custom float outputs:result
                    string usdGen:expr:source = 'ptex("map")'
                }

                def UsdGenExpression "tightness"
                {
                    custom rel input:map = </FeltSphere/Groom/Flyaways/Maps/tightness>
                    custom float outputs:result
                    string usdGen:expr:source = '0 * ptex("map")'
                }

                def UsdGenExpression "width"
                {
                    custom rel input:map = </FeltSphere/Groom/Flyaways/Maps/width>
                    custom float outputs:result
                    string usdGen:expr:source = '4.5e-05 * ptex("map")'
                }
            }

            def Scope "Ops"
            {
                reorder nameChildren = ["width", "length", "microclump", "curl", "frizz", "grow", "scatter"]
                def UsdGenWidth "width"
                {
                    bool usdGen:replace = 1
                    float usdGen:width = 0.00013
                    float usdGen:width.connect = </FeltSphere/Groom/Flyaways/Expressions/width.outputs:result>
                    float2[] usdGen:width:knots = [(0, 0.75), (0.6, 1), (1, 0.08)]
                }

                def UsdGenLength "length"
                {
                    float usdGen:cullThreshold = 0.0001
                    token usdGen:length:mode = "set"
                    float2 usdGen:length:random = (0.65, 1.25)
                    float usdGen:length:value = 0.003
                    float usdGen:length:value.connect = </FeltSphere/Groom/Flyaways/Expressions/length.outputs:result>
                }

                def UsdGenClump "microclump"
                {
                    float usdGen:clump:amount = 0.7
                    float usdGen:clump:amount.connect = </FeltSphere/Groom/Flyaways/Expressions/tightness.outputs:result>
                    int usdGen:clump:levels = 1
                    float usdGen:clump:map = 0
                    float usdGen:clump:map.connect = </FeltSphere/Groom/Flyaways/Expressions/regions.outputs:result>
                    token usdGen:clump:method = "linearBlend"
                    float2[] usdGen:clump:profile:knots = [(0, 0), (0.25, 0.15), (0.7, 0.85), (1, 0.8)]
                    float usdGen:clump:size = 0.01
                    float usdGen:preserveLength = 0.5
                }

                def UsdGenCurl "curl"
                {
                    float usdGen:frequency = 140
                    float usdGen:phaseRandom = 1
                    float usdGen:radius = 0.0006
                    float usdGen:radius.connect = </FeltSphere/Groom/Flyaways/Expressions/curl.outputs:result>
                    int usdGen:seed = 173
                }

                def UsdGenNoise "frizz"
                {
                    float usdGen:noise:correlation = 0.5
                    float usdGen:noise:frequency = 1100
                    float usdGen:noise:magnitude = 0.00045
                    int usdGen:noise:octaves = 2
                    float usdGen:preserveLength = 1
                    int usdGen:seed = 176
                }

                def UsdGenGrow "grow"
                {
                    float usdGen:azimuth = 0
                    float usdGen:azimuthRandom = 1
                    token usdGen:direction = "surfaceNormal"
                    float usdGen:length = 0.0035
                    float usdGen:lift = 45
                    int usdGen:seed = 180
                    int usdGen:segments = 12
                }

                def UsdGenScatter "scatter"
                {
                    float usdGen:density = 7000
                    int usdGen:seed = 173
                    int usdGen:subdivisionLevel = 3
                }
            }
        }
    }

    def Mesh "Sphere" (
        prepend apiSchemas = ["UsdGenRestAPI", "MaterialBindingAPI"]
    )
    {
        int[] cornerIndices = []
        float[] cornerSharpnesses = []
        int[] creaseIndices = []
        int[] creaseLengths = []
        float[] creaseSharpnesses = []
        token faceVaryingLinearInterpolation = "all"
        int[] faceVertexCounts = [4, 4, 4, 4, 4, 4, 4, 4, 4, 4, 4, 4, 4, 4, 4, 4, 4, 4, 4, 4, 4, 4, 4, 4, 4, 4, 4, 4, 4, 4, 4, 4, 4, 4, 4, 4, 4, 4, 4, 4, 4, 4, 4, 4, 4, 4, 4, 4, 4, 4, 4, 4, 4, 4, 4, 4, 4, 4, 4, 4, 4, 4, 4, 4, 4, 4, 4, 4, 4, 4, 4, 4, 4, 4, 4, 4, 4, 4, 4, 4, 4, 4, 4, 4, 4, 4, 4, 4, 4, 4, 4, 4, 4, 4, 4, 4, 4, 4, 4, 4, 4, 4, 4, 4, 4, 4, 4, 4, 4, 4, 4, 4, 4, 4, 4, 4, 4, 4, 4, 4, 4, 4, 4, 4, 4, 4, 4, 4, 4, 4, 4, 4, 4, 4, 4, 4, 4, 4, 4, 4, 4, 4, 4, 4, 4, 4, 4, 4, 4, 4, 4, 4, 4, 4, 4, 4, 4, 4, 4, 4, 4, 4, 4, 4, 4, 4, 4, 4, 4, 4, 4, 4, 4, 4, 4, 4, 4, 4, 4, 4, 4, 4, 4, 4, 4, 4, 4, 4, 4, 4, 4, 4, 4, 4, 4, 4, 4, 4, 4, 4, 4, 4, 4, 4, 4, 4, 4, 4, 4, 4, 4, 4, 4, 4, 4, 4, 4, 4, 4, 4, 4, 4, 4, 4, 4, 4, 4, 4, 4, 4, 4, 4, 4, 4, 4, 4, 4, 4, 4, 4, 4, 4, 4, 4, 4, 4, 4, 4, 4, 4, 4, 4, 4, 4, 4, 4, 4, 4, 4, 4, 4, 4, 4, 4, 4, 4, 4, 4, 4, 4, 4, 4, 4, 4, 4, 4, 4, 4, 4, 4, 4, 4, 4, 4, 4, 4, 4, 4, 4, 4, 4, 4, 4, 4, 4, 4, 4, 4, 4, 4, 4, 4, 4, 4, 4, 4, 4, 4, 4, 4, 4, 4, 4, 4, 4, 4, 4, 4, 4, 4, 4, 4, 4, 4, 4, 4, 4, 4, 4, 4, 4, 4, 4, 4, 4, 4, 4, 4, 4, 4, 4, 4, 4, 4, 4, 4, 4, 4, 4, 4, 4, 4, 4, 4, 4, 4, 4, 4, 4, 4, 4, 4, 4, 4, 4, 4, 4, 4, 4, 4, 4, 4, 4, 4, 4, 4, 4, 4, 4, 4, 4, 4, 4, 4, 4, 4, 4, 4, 4, 4, 4, 4, 4, 4, 4, 4, 4, 4, 4, 4, 4, 4, 4, 4, 4, 4, 4, 4, 4, 4, 4, 4, 4, 4, 4, 4, 4, 4, 4, 4, 4, 4, 4, 4, 4, 4, 4, 4, 4, 4, 4, 4, 4, 4, 4, 4, 4, 4, 4, 4, 4, 4, 4, 4, 4, 4, 4, 4, 4, 4, 4, 4, 4, 4, 4, 4, 4, 4, 4, 4, 4, 4, 4, 4, 4, 4, 4, 4, 4, 4, 4, 4, 4, 4, 4, 4, 4, 4, 4, 4, 4, 4, 4, 4, 4, 4, 4, 4, 4, 4, 4, 4, 4, 4, 4, 4, 4, 4, 4, 4, 4, 4, 4, 4, 4, 4, 4, 4, 4, 4, 4, 4, 4, 4, 4, 4, 4, 4, 4, 4, 4, 4, 4, 4, 4, 4, 4, 4, 4, 4, 4, 4, 4, 4, 4, 4, 4, 4, 4, 4, 4, 4, 4, 4, 4, 4, 4, 4, 4, 4, 4, 4, 4, 4, 4, 4, 4, 4, 4, 4, 4, 4, 4, 4, 4, 4, 4, 4, 4, 4, 4, 4, 4, 4, 4, 4, 4, 4, 4, 4, 4, 4, 4, 4, 4, 4, 4, 4, 4, 4, 4, 4, 4, 4, 4, 4, 4, 4, 4, 4, 4, 4, 4, 4, 4, 4, 4, 4, 4, 4, 4, 4, 4, 4, 4, 4, 4, 4, 4, 4, 4, 4, 4, 4, 4, 4, 4, 4, 4, 4, 4, 4, 4, 4, 4, 4, 4, 4, 4, 4, 4, 4, 4, 4, 4, 4, 4, 4, 4, 4, 4, 4, 4, 4, 4, 4, 4, 4, 4, 4, 4, 4, 4, 4, 4, 4, 4, 4, 4, 4, 4, 4, 4, 4, 4, 4, 4, 4, 4, 4, 4, 4, 4, 4, 4, 4, 4, 4, 4, 4, 4, 4, 4, 4, 4, 4, 4, 4, 4, 4, 4, 4, 4, 4, 4, 4, 4, 4, 4, 4, 4, 4, 4, 4, 4, 4, 4, 4, 4, 4, 4, 4, 4, 4, 4, 4, 4, 4, 4, 4, 4, 4, 4, 4, 4, 4, 4, 4, 4, 4, 4, 4, 4, 4, 4, 4, 4, 4, 4, 4, 4, 4, 4, 4, 4, 4, 4, 4, 4, 4, 4, 4, 4, 4, 4, 4, 4, 4, 4, 4, 4, 4, 4, 4, 4, 4, 4, 4, 4, 4, 4, 4, 4, 4, 4, 4, 4, 4, 4, 4, 4, 4, 4, 4, 4, 4, 4, 4, 4, 4, 4, 4, 4, 4, 4, 4, 4, 4, 4, 4, 4, 4, 4, 4, 4, 4, 4, 4, 4, 4, 4, 4, 4, 4, 4, 4, 4, 4, 4, 4, 4, 4, 4, 4, 4, 4, 4, 4, 4, 4, 4, 4, 4, 4, 4, 4, 4, 4, 4, 4, 4, 4, 4, 4, 4, 4, 4, 4, 4, 4, 4, 4, 4, 4, 4, 4, 4, 4, 4, 4, 4, 4, 4, 4, 4, 4, 4, 4, 4, 4, 4, 4, 4, 4, 4, 4, 4, 4, 4, 4, 4, 4, 4, 4, 4, 4, 4, 4, 4, 4, 4, 4, 4, 4, 4, 4, 4, 4, 4, 4, 4, 4, 4, 4, 4, 4, 4, 4, 4, 4, 4, 4, 4, 4, 4, 4, 4, 4, 4, 4, 4, 4, 4, 4, 4, 4, 4, 4, 4, 4, 4, 4, 4, 4, 4, 4, 4, 4, 4, 4, 4, 4, 4, 4, 4, 4, 4, 4, 4, 4, 4, 4, 4, 4, 4, 4, 4, 4, 4, 4, 4, 4, 4, 4, 4, 4, 4, 4, 4, 4, 4, 4, 4, 4, 4, 4, 4, 4, 4, 4, 4, 4, 4, 4, 4, 4, 4, 4, 4, 4, 4, 4, 4, 4, 4, 4, 4, 4, 4, 4, 4, 4, 4, 4, 4, 4, 4, 4, 4, 4, 4, 4, 4, 4, 4, 4, 4, 4, 4, 4, 4, 4, 4, 4, 4, 4, 4, 4, 4, 4, 4, 4, 4, 4, 4, 4, 4, 4, 4, 4, 4, 4, 4, 4, 4, 4, 4, 4, 4, 4, 4, 4, 4, 4, 4, 4, 4, 4, 4, 4, 4, 4, 4, 4, 4, 4, 4, 4, 4, 4, 4, 4, 4, 4, 4, 4, 4, 4, 4, 4, 4, 4, 4, 4, 4, 4, 4, 4, 4, 4, 4, 4, 4, 4, 4, 4, 4, 4, 4, 4, 4, 4, 4, 4, 4, 4, 4, 4, 4, 4, 4, 4, 4, 4, 4, 4, 4, 4, 4, 4, 4, 4, 4, 4, 4, 4, 4, 4, 4, 4, 4, 4, 4, 4, 4, 4, 4, 4, 4, 4, 4, 4, 4, 4, 4, 4, 4, 4, 4, 4, 4, 4, 4, 4, 4, 4, 4, 4, 4, 4, 4, 4, 4, 4, 4, 4, 4, 4, 4, 4, 4, 4, 4, 4, 4, 4, 4, 4, 4, 4, 4, 4, 4, 4, 4, 4, 4, 4, 4, 4, 4, 4, 4, 4, 4, 4, 4, 4, 4, 4, 4, 4, 4, 4, 4, 4, 4, 4, 4, 4, 4, 4, 4, 4, 4, 4, 4, 4, 4, 4, 4, 4, 4, 4, 4, 4, 4, 4, 4, 4, 4, 4, 4, 4, 4, 4, 4, 4, 4, 4, 4, 4, 4, 4, 4, 4, 4, 4, 4, 4, 4, 4, 4, 4, 4, 4, 4, 4, 4, 4, 4, 4, 4, 4, 4, 4, 4, 4, 4, 4, 4, 4, 4, 4, 4, 4, 4, 4, 4, 4, 4, 4, 4, 4, 4, 4, 4, 4, 4, 4, 4, 4, 4, 4, 4, 4, 4, 4, 4, 4, 4, 4, 4, 4, 4, 4, 4, 4, 4, 4, 4, 4, 4, 4, 4, 4, 4, 4, 4, 4, 4, 4, 4, 4, 4, 4, 4, 4, 4, 4, 4, 4, 4, 4, 4, 4, 4, 4, 4, 4, 4, 4, 4, 4, 4, 4, 4, 4, 4, 4, 4, 4, 4, 4, 4, 4, 4, 4, 4, 4, 4, 4, 4, 4, 4, 4, 4, 4, 4, 4, 4, 4, 4, 4, 4, 4, 4, 4, 4, 4, 4, 4, 4, 4, 4, 4, 4, 4, 4, 4, 4, 4, 4, 4, 4, 4, 4, 4, 4, 4, 4, 4, 4, 4, 4, 4, 4, 4, 4, 4, 4, 4, 4, 4, 4, 4, 4, 4, 4, 4, 4, 4, 4, 4, 4, 4, 4, 4, 4, 4, 4, 4, 4, 4, 4, 4, 4, 4, 4, 4, 4, 4, 4, 4, 4, 4, 4, 4, 4, 4, 4, 4, 4, 4, 4, 4, 4, 4, 4, 4, 4, 4, 4, 4, 4, 4, 4, 4, 4, 4, 4, 4, 4, 4, 4, 4, 4, 4, 4, 4, 4, 4, 4, 4, 4, 4, 4, 4, 4, 4, 4, 4, 4, 4, 4, 4, 4, 4, 4, 4, 4, 4, 4, 4, 4, 4, 4, 4, 4, 4, 4, 4, 4, 4, 4, 4, 4, 4, 4, 4, 4, 4, 4, 4, 4, 4]
        int[] faceVertexIndices = [3, 2, 1, 0, 2, 5, 4, 1, 5, 7, 6, 4, 7, 9, 8, 6, 9, 11, 10, 8, 11, 13, 12, 10, 13, 15, 14, 12, 15, 17, 16, 14, 17, 19, 18, 16, 19, 21, 20, 18, 21, 23, 22, 20, 23, 25, 24, 22, 25, 27, 26, 24, 27, 29, 28, 26, 29, 31, 30, 28, 31, 33, 32, 30, 35, 34, 2, 3, 34, 36, 5, 2, 36, 37, 7, 5, 37, 38, 9, 7, 38, 39, 11, 9, 39, 40, 13, 11, 40, 41, 15, 13, 41, 42, 17, 15, 42, 43, 19, 17, 43, 44, 21, 19, 44, 45, 23, 21, 45, 46, 25, 23, 46, 47, 27, 25, 47, 48, 29, 27, 48, 49, 31, 29, 49, 50, 33, 31, 52, 51, 34, 35, 51, 53, 36, 34, 53, 54, 37, 36, 54, 55, 38, 37, 55, 56, 39, 38, 56, 57, 40, 39, 57, 58, 41, 40, 58, 59, 42, 41, 59, 60, 43, 42, 60, 61, 44, 43, 61, 62, 45, 44, 62, 63, 46, 45, 63, 64, 47, 46, 64, 65, 48, 47, 65, 66, 49, 48, 66, 67, 50, 49, 69, 68, 51, 52, 68, 70, 53, 51, 70, 71, 54, 53, 71, 72, 55, 54, 72, 73, 56, 55, 73, 74, 57, 56, 74, 75, 58, 57, 75, 76, 59, 58, 76, 77, 60, 59, 77, 78, 61, 60, 78, 79, 62, 61, 79, 80, 63, 62, 80, 81, 64, 63, 81, 82, 65, 64, 82, 83, 66, 65, 83, 84, 67, 66, 86, 85, 68, 69, 85, 87, 70, 68, 87, 88, 71, 70, 88, 89, 72, 71, 89, 90, 73, 72, 90, 91, 74, 73, 91, 92, 75, 74, 92, 93, 76, 75, 93, 94, 77, 76, 94, 95, 78, 77, 95, 96, 79, 78, 96, 97, 80, 79, 97, 98, 81, 80, 98, 99, 82, 81, 99, 100, 83, 82, 100, 101, 84, 83, 103, 102, 85, 86, 102, 104, 87, 85, 104, 105, 88, 87, 105, 106, 89, 88, 106, 107, 90, 89, 107, 108, 91, 90, 108, 109, 92, 91, 109, 110, 93, 92, 110, 111, 94, 93, 111, 112, 95, 94, 112, 113, 96, 95, 113, 114, 97, 96, 114, 115, 98, 97, 115, 116, 99, 98, 116, 117, 100, 99, 117, 118, 101, 100, 120, 119, 102, 103, 119, 121, 104, 102, 121, 122, 105, 104, 122, 123, 106, 105, 123, 124, 107, 106, 124, 125, 108, 107, 125, 126, 109, 108, 126, 127, 110, 109, 127, 128, 111, 110, 128, 129, 112, 111, 129, 130, 113, 112, 130, 131, 114, 113, 131, 132, 115, 114, 132, 133, 116, 115, 133, 134, 117, 116, 134, 135, 118, 117, 137, 136, 119, 120, 136, 138, 121, 119, 138, 139, 122, 121, 139, 140, 123, 122, 140, 141, 124, 123, 141, 142, 125, 124, 142, 143, 126, 125, 143, 144, 127, 126, 144, 145, 128, 127, 145, 146, 129, 128, 146, 147, 130, 129, 147, 148, 131, 130, 148, 149, 132, 131, 149, 150, 133, 132, 150, 151, 134, 133, 151, 152, 135, 134, 154, 153, 136, 137, 153, 155, 138, 136, 155, 156, 139, 138, 156, 157, 140, 139, 157, 158, 141, 140, 158, 159, 142, 141, 159, 160, 143, 142, 160, 161, 144, 143, 161, 162, 145, 144, 162, 163, 146, 145, 163, 164, 147, 146, 164, 165, 148, 147, 165, 166, 149, 148, 166, 167, 150, 149, 167, 168, 151, 150, 168, 169, 152, 151, 171, 170, 153, 154, 170, 172, 155, 153, 172, 173, 156, 155, 173, 174, 157, 156, 174, 175, 158, 157, 175, 176, 159, 158, 176, 177, 160, 159, 177, 178, 161, 160, 178, 179, 162, 161, 179, 180, 163, 162, 180, 181, 164, 163, 181, 182, 165, 164, 182, 183, 166, 165, 183, 184, 167, 166, 184, 185, 168, 167, 185, 186, 169, 168, 188, 187, 170, 171, 187, 189, 172, 170, 189, 190, 173, 172, 190, 191, 174, 173, 191, 192, 175, 174, 192, 193, 176, 175, 193, 194, 177, 176, 194, 195, 178, 177, 195, 196, 179, 178, 196, 197, 180, 179, 197, 198, 181, 180, 198, 199, 182, 181, 199, 200, 183, 182, 200, 201, 184, 183, 201, 202, 185, 184, 202, 203, 186, 185, 205, 204, 187, 188, 204, 206, 189, 187, 206, 207, 190, 189, 207, 208, 191, 190, 208, 209, 192, 191, 209, 210, 193, 192, 210, 211, 194, 193, 211, 212, 195, 194, 212, 213, 196, 195, 213, 214, 197, 196, 214, 215, 198, 197, 215, 216, 199, 198, 216, 217, 200, 199, 217, 218, 201, 200, 218, 219, 202, 201, 219, 220, 203, 202, 222, 221, 204, 205, 221, 223, 206, 204, 223, 224, 207, 206, 224, 225, 208, 207, 225, 226, 209, 208, 226, 227, 210, 209, 227, 228, 211, 210, 228, 229, 212, 211, 229, 230, 213, 212, 230, 231, 214, 213, 231, 232, 215, 214, 232, 233, 216, 215, 233, 234, 217, 216, 234, 235, 218, 217, 235, 236, 219, 218, 236, 237, 220, 219, 239, 238, 221, 222, 238, 240, 223, 221, 240, 241, 224, 223, 241, 242, 225, 224, 242, 243, 226, 225, 243, 244, 227, 226, 244, 245, 228, 227, 245, 246, 229, 228, 246, 247, 230, 229, 247, 248, 231, 230, 248, 249, 232, 231, 249, 250, 233, 232, 250, 251, 234, 233, 251, 252, 235, 234, 252, 253, 236, 235, 253, 254, 237, 236, 256, 255, 238, 239, 255, 257, 240, 238, 257, 258, 241, 240, 258, 259, 242, 241, 259, 260, 243, 242, 260, 261, 244, 243, 261, 262, 245, 244, 262, 263, 246, 245, 263, 264, 247, 246, 264, 265, 248, 247, 265, 266, 249, 248, 266, 267, 250, 249, 267, 268, 251, 250, 268, 269, 252, 251, 269, 270, 253, 252, 270, 271, 254, 253, 273, 272, 255, 256, 272, 274, 257, 255, 274, 275, 258, 257, 275, 276, 259, 258, 276, 277, 260, 259, 277, 278, 261, 260, 278, 279, 262, 261, 279, 280, 263, 262, 280, 281, 264, 263, 281, 282, 265, 264, 282, 283, 266, 265, 283, 284, 267, 266, 284, 285, 268, 267, 285, 286, 269, 268, 286, 287, 270, 269, 287, 288, 271, 270, 289, 290, 291, 292, 290, 293, 294, 291, 293, 295, 296, 294, 295, 297, 298, 296, 297, 299, 300, 298, 299, 301, 302, 300, 301, 303, 304, 302, 303, 305, 306, 304, 305, 307, 308, 306, 307, 309, 310, 308, 309, 311, 312, 310, 311, 313, 314, 312, 313, 315, 316, 314, 315, 317, 318, 316, 317, 319, 320, 318, 319, 321, 322, 320, 292, 291, 323, 324, 291, 294, 325, 323, 294, 296, 326, 325, 296, 298, 327, 326, 298, 300, 328, 327, 300, 302, 329, 328, 302, 304, 330, 329, 304, 306, 331, 330, 306, 308, 332, 331, 308, 310, 333, 332, 310, 312, 334, 333, 312, 314, 335, 334, 314, 316, 336, 335, 316, 318, 337, 336, 318, 320, 338, 337, 320, 322, 339, 338, 324, 323, 340, 341, 323, 325, 342, 340, 325, 326, 343, 342, 326, 327, 344, 343, 327, 328, 345, 344, 328, 329, 346, 345, 329, 330, 347, 346, 330, 331, 348, 347, 331, 332, 349, 348, 332, 333, 350, 349, 333, 334, 351, 350, 334, 335, 352, 351, 335, 336, 353, 352, 336, 337, 354, 353, 337, 338, 355, 354, 338, 339, 356, 355, 341, 340, 357, 358, 340, 342, 359, 357, 342, 343, 360, 359, 343, 344, 361, 360, 344, 345, 362, 361, 345, 346, 363, 362, 346, 347, 364, 363, 347, 348, 365, 364, 348, 349, 366, 365, 349, 350, 367, 366, 350, 351, 368, 367, 351, 352, 369, 368, 352, 353, 370, 369, 353, 354, 371, 370, 354, 355, 372, 371, 355, 356, 373, 372, 358, 357, 374, 375, 357, 359, 376, 374, 359, 360, 377, 376, 360, 361, 378, 377, 361, 362, 379, 378, 362, 363, 380, 379, 363, 364, 381, 380, 364, 365, 382, 381, 365, 366, 383, 382, 366, 367, 384, 383, 367, 368, 385, 384, 368, 369, 386, 385, 369, 370, 387, 386, 370, 371, 388, 387, 371, 372, 389, 388, 372, 373, 390, 389, 375, 374, 391, 392, 374, 376, 393, 391, 376, 377, 394, 393, 377, 378, 395, 394, 378, 379, 396, 395, 379, 380, 397, 396, 380, 381, 398, 397, 381, 382, 399, 398, 382, 383, 400, 399, 383, 384, 401, 400, 384, 385, 402, 401, 385, 386, 403, 402, 386, 387, 404, 403, 387, 388, 405, 404, 388, 389, 406, 405, 389, 390, 407, 406, 392, 391, 408, 409, 391, 393, 410, 408, 393, 394, 411, 410, 394, 395, 412, 411, 395, 396, 413, 412, 396, 397, 414, 413, 397, 398, 415, 414, 398, 399, 416, 415, 399, 400, 417, 416, 400, 401, 418, 417, 401, 402, 419, 418, 402, 403, 420, 419, 403, 404, 421, 420, 404, 405, 422, 421, 405, 406, 423, 422, 406, 407, 424, 423, 409, 408, 425, 426, 408, 410, 427, 425, 410, 411, 428, 427, 411, 412, 429, 428, 412, 413, 430, 429, 413, 414, 431, 430, 414, 415, 432, 431, 415, 416, 433, 432, 416, 417, 434, 433, 417, 418, 435, 434, 418, 419, 436, 435, 419, 420, 437, 436, 420, 421, 438, 437, 421, 422, 439, 438, 422, 423, 440, 439, 423, 424, 441, 440, 426, 425, 442, 443, 425, 427, 444, 442, 427, 428, 445, 444, 428, 429, 446, 445, 429, 430, 447, 446, 430, 431, 448, 447, 431, 432, 449, 448, 432, 433, 450, 449, 433, 434, 451, 450, 434, 435, 452, 451, 435, 436, 453, 452, 436, 437, 454, 453, 437, 438, 455, 454, 438, 439, 456, 455, 439, 440, 457, 456, 440, 441, 458, 457, 443, 442, 459, 460, 442, 444, 461, 459, 444, 445, 462, 461, 445, 446, 463, 462, 446, 447, 464, 463, 447, 448, 465, 464, 448, 449, 466, 465, 449, 450, 467, 466, 450, 451, 468, 467, 451, 452, 469, 468, 452, 453, 470, 469, 453, 454, 471, 470, 454, 455, 472, 471, 455, 456, 473, 472, 456, 457, 474, 473, 457, 458, 475, 474, 460, 459, 476, 477, 459, 461, 478, 476, 461, 462, 479, 478, 462, 463, 480, 479, 463, 464, 481, 480, 464, 465, 482, 481, 465, 466, 483, 482, 466, 467, 484, 483, 467, 468, 485, 484, 468, 469, 486, 485, 469, 470, 487, 486, 470, 471, 488, 487, 471, 472, 489, 488, 472, 473, 490, 489, 473, 474, 491, 490, 474, 475, 492, 491, 477, 476, 493, 494, 476, 478, 495, 493, 478, 479, 496, 495, 479, 480, 497, 496, 480, 481, 498, 497, 481, 482, 499, 498, 482, 483, 500, 499, 483, 484, 501, 500, 484, 485, 502, 501, 485, 486, 503, 502, 486, 487, 504, 503, 487, 488, 505, 504, 488, 489, 506, 505, 489, 490, 507, 506, 490, 491, 508, 507, 491, 492, 509, 508, 494, 493, 510, 511, 493, 495, 512, 510, 495, 496, 513, 512, 496, 497, 514, 513, 497, 498, 515, 514, 498, 499, 516, 515, 499, 500, 517, 516, 500, 501, 518, 517, 501, 502, 519, 518, 502, 503, 520, 519, 503, 504, 521, 520, 504, 505, 522, 521, 505, 506, 523, 522, 506, 507, 524, 523, 507, 508, 525, 524, 508, 509, 526, 525, 511, 510, 527, 528, 510, 512, 529, 527, 512, 513, 530, 529, 513, 514, 531, 530, 514, 515, 532, 531, 515, 516, 533, 532, 516, 517, 534, 533, 517, 518, 535, 534, 518, 519, 536, 535, 519, 520, 537, 536, 520, 521, 538, 537, 521, 522, 539, 538, 522, 523, 540, 539, 523, 524, 541, 540, 524, 525, 542, 541, 525, 526, 543, 542, 528, 527, 544, 545, 527, 529, 546, 544, 529, 530, 547, 546, 530, 531, 548, 547, 531, 532, 549, 548, 532, 533, 550, 549, 533, 534, 551, 550, 534, 535, 552, 551, 535, 536, 553, 552, 536, 537, 554, 553, 537, 538, 555, 554, 538, 539, 556, 555, 539, 540, 557, 556, 540, 541, 558, 557, 541, 542, 559, 558, 542, 543, 560, 559, 545, 544, 561, 562, 544, 546, 563, 561, 546, 547, 564, 563, 547, 548, 565, 564, 548, 549, 566, 565, 549, 550, 567, 566, 550, 551, 568, 567, 551, 552, 569, 568, 552, 553, 570, 569, 553, 554, 571, 570, 554, 555, 572, 571, 555, 556, 573, 572, 556, 557, 574, 573, 557, 558, 575, 574, 558, 559, 576, 575, 559, 560, 577, 576, 0, 578, 579, 3, 578, 580, 581, 579, 580, 582, 583, 581, 582, 584, 585, 583, 584, 586, 587, 585, 586, 588, 589, 587, 588, 590, 591, 589, 590, 592, 593, 591, 592, 594, 595, 593, 594, 596, 597, 595, 596, 598, 599, 597, 598, 600, 601, 599, 600, 602, 603, 601, 602, 604, 605, 603, 604, 606, 607, 605, 606, 289, 292, 607, 3, 579, 608, 35, 579, 581, 609, 608, 581, 583, 610, 609, 583, 585, 611, 610, 585, 587, 612, 611, 587, 589, 613, 612, 589, 591, 614, 613, 591, 593, 615, 614, 593, 595, 616, 615, 595, 597, 617, 616, 597, 599, 618, 617, 599, 601, 619, 618, 601, 603, 620, 619, 603, 605, 621, 620, 605, 607, 622, 621, 607, 292, 324, 622, 35, 608, 623, 52, 608, 609, 624, 623, 609, 610, 625, 624, 610, 611, 626, 625, 611, 612, 627, 626, 612, 613, 628, 627, 613, 614, 629, 628, 614, 615, 630, 629, 615, 616, 631, 630, 616, 617, 632, 631, 617, 618, 633, 632, 618, 619, 634, 633, 619, 620, 635, 634, 620, 621, 636, 635, 621, 622, 637, 636, 622, 324, 341, 637, 52, 623, 638, 69, 623, 624, 639, 638, 624, 625, 640, 639, 625, 626, 641, 640, 626, 627, 642, 641, 627, 628, 643, 642, 628, 629, 644, 643, 629, 630, 645, 644, 630, 631, 646, 645, 631, 632, 647, 646, 632, 633, 648, 647, 633, 634, 649, 648, 634, 635, 650, 649, 635, 636, 651, 650, 636, 637, 652, 651, 637, 341, 358, 652, 69, 638, 653, 86, 638, 639, 654, 653, 639, 640, 655, 654, 640, 641, 656, 655, 641, 642, 657, 656, 642, 643, 658, 657, 643, 644, 659, 658, 644, 645, 660, 659, 645, 646, 661, 660, 646, 647, 662, 661, 647, 648, 663, 662, 648, 649, 664, 663, 649, 650, 665, 664, 650, 651, 666, 665, 651, 652, 667, 666, 652, 358, 375, 667, 86, 653, 668, 103, 653, 654, 669, 668, 654, 655, 670, 669, 655, 656, 671, 670, 656, 657, 672, 671, 657, 658, 673, 672, 658, 659, 674, 673, 659, 660, 675, 674, 660, 661, 676, 675, 661, 662, 677, 676, 662, 663, 678, 677, 663, 664, 679, 678, 664, 665, 680, 679, 665, 666, 681, 680, 666, 667, 682, 681, 667, 375, 392, 682, 103, 668, 683, 120, 668, 669, 684, 683, 669, 670, 685, 684, 670, 671, 686, 685, 671, 672, 687, 686, 672, 673, 688, 687, 673, 674, 689, 688, 674, 675, 690, 689, 675, 676, 691, 690, 676, 677, 692, 691, 677, 678, 693, 692, 678, 679, 694, 693, 679, 680, 695, 694, 680, 681, 696, 695, 681, 682, 697, 696, 682, 392, 409, 697, 120, 683, 698, 137, 683, 684, 699, 698, 684, 685, 700, 699, 685, 686, 701, 700, 686, 687, 702, 701, 687, 688, 703, 702, 688, 689, 704, 703, 689, 690, 705, 704, 690, 691, 706, 705, 691, 692, 707, 706, 692, 693, 708, 707, 693, 694, 709, 708, 694, 695, 710, 709, 695, 696, 711, 710, 696, 697, 712, 711, 697, 409, 426, 712, 137, 698, 713, 154, 698, 699, 714, 713, 699, 700, 715, 714, 700, 701, 716, 715, 701, 702, 717, 716, 702, 703, 718, 717, 703, 704, 719, 718, 704, 705, 720, 719, 705, 706, 721, 720, 706, 707, 722, 721, 707, 708, 723, 722, 708, 709, 724, 723, 709, 710, 725, 724, 710, 711, 726, 725, 711, 712, 727, 726, 712, 426, 443, 727, 154, 713, 728, 171, 713, 714, 729, 728, 714, 715, 730, 729, 715, 716, 731, 730, 716, 717, 732, 731, 717, 718, 733, 732, 718, 719, 734, 733, 719, 720, 735, 734, 720, 721, 736, 735, 721, 722, 737, 736, 722, 723, 738, 737, 723, 724, 739, 738, 724, 725, 740, 739, 725, 726, 741, 740, 726, 727, 742, 741, 727, 443, 460, 742, 171, 728, 743, 188, 728, 729, 744, 743, 729, 730, 745, 744, 730, 731, 746, 745, 731, 732, 747, 746, 732, 733, 748, 747, 733, 734, 749, 748, 734, 735, 750, 749, 735, 736, 751, 750, 736, 737, 752, 751, 737, 738, 753, 752, 738, 739, 754, 753, 739, 740, 755, 754, 740, 741, 756, 755, 741, 742, 757, 756, 742, 460, 477, 757, 188, 743, 758, 205, 743, 744, 759, 758, 744, 745, 760, 759, 745, 746, 761, 760, 746, 747, 762, 761, 747, 748, 763, 762, 748, 749, 764, 763, 749, 750, 765, 764, 750, 751, 766, 765, 751, 752, 767, 766, 752, 753, 768, 767, 753, 754, 769, 768, 754, 755, 770, 769, 755, 756, 771, 770, 756, 757, 772, 771, 757, 477, 494, 772, 205, 758, 773, 222, 758, 759, 774, 773, 759, 760, 775, 774, 760, 761, 776, 775, 761, 762, 777, 776, 762, 763, 778, 777, 763, 764, 779, 778, 764, 765, 780, 779, 765, 766, 781, 780, 766, 767, 782, 781, 767, 768, 783, 782, 768, 769, 784, 783, 769, 770, 785, 784, 770, 771, 786, 785, 771, 772, 787, 786, 772, 494, 511, 787, 222, 773, 788, 239, 773, 774, 789, 788, 774, 775, 790, 789, 775, 776, 791, 790, 776, 777, 792, 791, 777, 778, 793, 792, 778, 779, 794, 793, 779, 780, 795, 794, 780, 781, 796, 795, 781, 782, 797, 796, 782, 783, 798, 797, 783, 784, 799, 798, 784, 785, 800, 799, 785, 786, 801, 800, 786, 787, 802, 801, 787, 511, 528, 802, 239, 788, 803, 256, 788, 789, 804, 803, 789, 790, 805, 804, 790, 791, 806, 805, 791, 792, 807, 806, 792, 793, 808, 807, 793, 794, 809, 808, 794, 795, 810, 809, 795, 796, 811, 810, 796, 797, 812, 811, 797, 798, 813, 812, 798, 799, 814, 813, 799, 800, 815, 814, 800, 801, 816, 815, 801, 802, 817, 816, 802, 528, 545, 817, 256, 803, 818, 273, 803, 804, 819, 818, 804, 805, 820, 819, 805, 806, 821, 820, 806, 807, 822, 821, 807, 808, 823, 822, 808, 809, 824, 823, 809, 810, 825, 824, 810, 811, 826, 825, 811, 812, 827, 826, 812, 813, 828, 827, 813, 814, 829, 828, 814, 815, 830, 829, 815, 816, 831, 830, 816, 817, 832, 831, 817, 545, 562, 832, 33, 834, 833, 32, 834, 836, 835, 833, 836, 838, 837, 835, 838, 840, 839, 837, 840, 842, 841, 839, 842, 844, 843, 841, 844, 846, 845, 843, 846, 848, 847, 845, 848, 850, 849, 847, 850, 852, 851, 849, 852, 854, 853, 851, 854, 856, 855, 853, 856, 858, 857, 855, 858, 860, 859, 857, 860, 862, 861, 859, 862, 322, 321, 861, 50, 863, 834, 33, 863, 864, 836, 834, 864, 865, 838, 836, 865, 866, 840, 838, 866, 867, 842, 840, 867, 868, 844, 842, 868, 869, 846, 844, 869, 870, 848, 846, 870, 871, 850, 848, 871, 872, 852, 850, 872, 873, 854, 852, 873, 874, 856, 854, 874, 875, 858, 856, 875, 876, 860, 858, 876, 877, 862, 860, 877, 339, 322, 862, 67, 878, 863, 50, 878, 879, 864, 863, 879, 880, 865, 864, 880, 881, 866, 865, 881, 882, 867, 866, 882, 883, 868, 867, 883, 884, 869, 868, 884, 885, 870, 869, 885, 886, 871, 870, 886, 887, 872, 871, 887, 888, 873, 872, 888, 889, 874, 873, 889, 890, 875, 874, 890, 891, 876, 875, 891, 892, 877, 876, 892, 356, 339, 877, 84, 893, 878, 67, 893, 894, 879, 878, 894, 895, 880, 879, 895, 896, 881, 880, 896, 897, 882, 881, 897, 898, 883, 882, 898, 899, 884, 883, 899, 900, 885, 884, 900, 901, 886, 885, 901, 902, 887, 886, 902, 903, 888, 887, 903, 904, 889, 888, 904, 905, 890, 889, 905, 906, 891, 890, 906, 907, 892, 891, 907, 373, 356, 892, 101, 908, 893, 84, 908, 909, 894, 893, 909, 910, 895, 894, 910, 911, 896, 895, 911, 912, 897, 896, 912, 913, 898, 897, 913, 914, 899, 898, 914, 915, 900, 899, 915, 916, 901, 900, 916, 917, 902, 901, 917, 918, 903, 902, 918, 919, 904, 903, 919, 920, 905, 904, 920, 921, 906, 905, 921, 922, 907, 906, 922, 390, 373, 907, 118, 923, 908, 101, 923, 924, 909, 908, 924, 925, 910, 909, 925, 926, 911, 910, 926, 927, 912, 911, 927, 928, 913, 912, 928, 929, 914, 913, 929, 930, 915, 914, 930, 931, 916, 915, 931, 932, 917, 916, 932, 933, 918, 917, 933, 934, 919, 918, 934, 935, 920, 919, 935, 936, 921, 920, 936, 937, 922, 921, 937, 407, 390, 922, 135, 938, 923, 118, 938, 939, 924, 923, 939, 940, 925, 924, 940, 941, 926, 925, 941, 942, 927, 926, 942, 943, 928, 927, 943, 944, 929, 928, 944, 945, 930, 929, 945, 946, 931, 930, 946, 947, 932, 931, 947, 948, 933, 932, 948, 949, 934, 933, 949, 950, 935, 934, 950, 951, 936, 935, 951, 952, 937, 936, 952, 424, 407, 937, 152, 953, 938, 135, 953, 954, 939, 938, 954, 955, 940, 939, 955, 956, 941, 940, 956, 957, 942, 941, 957, 958, 943, 942, 958, 959, 944, 943, 959, 960, 945, 944, 960, 961, 946, 945, 961, 962, 947, 946, 962, 963, 948, 947, 963, 964, 949, 948, 964, 965, 950, 949, 965, 966, 951, 950, 966, 967, 952, 951, 967, 441, 424, 952, 169, 968, 953, 152, 968, 969, 954, 953, 969, 970, 955, 954, 970, 971, 956, 955, 971, 972, 957, 956, 972, 973, 958, 957, 973, 974, 959, 958, 974, 975, 960, 959, 975, 976, 961, 960, 976, 977, 962, 961, 977, 978, 963, 962, 978, 979, 964, 963, 979, 980, 965, 964, 980, 981, 966, 965, 981, 982, 967, 966, 982, 458, 441, 967, 186, 983, 968, 169, 983, 984, 969, 968, 984, 985, 970, 969, 985, 986, 971, 970, 986, 987, 972, 971, 987, 988, 973, 972, 988, 989, 974, 973, 989, 990, 975, 974, 990, 991, 976, 975, 991, 992, 977, 976, 992, 993, 978, 977, 993, 994, 979, 978, 994, 995, 980, 979, 995, 996, 981, 980, 996, 997, 982, 981, 997, 475, 458, 982, 203, 998, 983, 186, 998, 999, 984, 983, 999, 1000, 985, 984, 1000, 1001, 986, 985, 1001, 1002, 987, 986, 1002, 1003, 988, 987, 1003, 1004, 989, 988, 1004, 1005, 990, 989, 1005, 1006, 991, 990, 1006, 1007, 992, 991, 1007, 1008, 993, 992, 1008, 1009, 994, 993, 1009, 1010, 995, 994, 1010, 1011, 996, 995, 1011, 1012, 997, 996, 1012, 492, 475, 997, 220, 1013, 998, 203, 1013, 1014, 999, 998, 1014, 1015, 1000, 999, 1015, 1016, 1001, 1000, 1016, 1017, 1002, 1001, 1017, 1018, 1003, 1002, 1018, 1019, 1004, 1003, 1019, 1020, 1005, 1004, 1020, 1021, 1006, 1005, 1021, 1022, 1007, 1006, 1022, 1023, 1008, 1007, 1023, 1024, 1009, 1008, 1024, 1025, 1010, 1009, 1025, 1026, 1011, 1010, 1026, 1027, 1012, 1011, 1027, 509, 492, 1012, 237, 1028, 1013, 220, 1028, 1029, 1014, 1013, 1029, 1030, 1015, 1014, 1030, 1031, 1016, 1015, 1031, 1032, 1017, 1016, 1032, 1033, 1018, 1017, 1033, 1034, 1019, 1018, 1034, 1035, 1020, 1019, 1035, 1036, 1021, 1020, 1036, 1037, 1022, 1021, 1037, 1038, 1023, 1022, 1038, 1039, 1024, 1023, 1039, 1040, 1025, 1024, 1040, 1041, 1026, 1025, 1041, 1042, 1027, 1026, 1042, 526, 509, 1027, 254, 1043, 1028, 237, 1043, 1044, 1029, 1028, 1044, 1045, 1030, 1029, 1045, 1046, 1031, 1030, 1046, 1047, 1032, 1031, 1047, 1048, 1033, 1032, 1048, 1049, 1034, 1033, 1049, 1050, 1035, 1034, 1050, 1051, 1036, 1035, 1051, 1052, 1037, 1036, 1052, 1053, 1038, 1037, 1053, 1054, 1039, 1038, 1054, 1055, 1040, 1039, 1055, 1056, 1041, 1040, 1056, 1057, 1042, 1041, 1057, 543, 526, 1042, 271, 1058, 1043, 254, 1058, 1059, 1044, 1043, 1059, 1060, 1045, 1044, 1060, 1061, 1046, 1045, 1061, 1062, 1047, 1046, 1062, 1063, 1048, 1047, 1063, 1064, 1049, 1048, 1064, 1065, 1050, 1049, 1065, 1066, 1051, 1050, 1066, 1067, 1052, 1051, 1067, 1068, 1053, 1052, 1068, 1069, 1054, 1053, 1069, 1070, 1055, 1054, 1070, 1071, 1056, 1055, 1071, 1072, 1057, 1056, 1072, 560, 543, 1057, 288, 1073, 1058, 271, 1073, 1074, 1059, 1058, 1074, 1075, 1060, 1059, 1075, 1076, 1061, 1060, 1076, 1077, 1062, 1061, 1077, 1078, 1063, 1062, 1078, 1079, 1064, 1063, 1079, 1080, 1065, 1064, 1080, 1081, 1066, 1065, 1081, 1082, 1067, 1066, 1082, 1083, 1068, 1067, 1083, 1084, 1069, 1068, 1084, 1085, 1070, 1069, 1085, 1086, 1071, 1070, 1086, 1087, 1072, 1071, 1087, 577, 560, 1072, 1, 1088, 578, 0, 1088, 1089, 580, 578, 1089, 1090, 582, 580, 1090, 1091, 584, 582, 1091, 1092, 586, 584, 1092, 1093, 588, 586, 1093, 1094, 590, 588, 1094, 1095, 592, 590, 1095, 1096, 594, 592, 1096, 1097, 596, 594, 1097, 1098, 598, 596, 1098, 1099, 600, 598, 1099, 1100, 602, 600, 1100, 1101, 604, 602, 1101, 1102, 606, 604, 1102, 290, 289, 606, 4, 1103, 1088, 1, 1103, 1104, 1089, 1088, 1104, 1105, 1090, 1089, 1105, 1106, 1091, 1090, 1106, 1107, 1092, 1091, 1107, 1108, 1093, 1092, 1108, 1109, 1094, 1093, 1109, 1110, 1095, 1094, 1110, 1111, 1096, 1095, 1111, 1112, 1097, 1096, 1112, 1113, 1098, 1097, 1113, 1114, 1099, 1098, 1114, 1115, 1100, 1099, 1115, 1116, 1101, 1100, 1116, 1117, 1102, 1101, 1117, 293, 290, 1102, 6, 1118, 1103, 4, 1118, 1119, 1104, 1103, 1119, 1120, 1105, 1104, 1120, 1121, 1106, 1105, 1121, 1122, 1107, 1106, 1122, 1123, 1108, 1107, 1123, 1124, 1109, 1108, 1124, 1125, 1110, 1109, 1125, 1126, 1111, 1110, 1126, 1127, 1112, 1111, 1127, 1128, 1113, 1112, 1128, 1129, 1114, 1113, 1129, 1130, 1115, 1114, 1130, 1131, 1116, 1115, 1131, 1132, 1117, 1116, 1132, 295, 293, 1117, 8, 1133, 1118, 6, 1133, 1134, 1119, 1118, 1134, 1135, 1120, 1119, 1135, 1136, 1121, 1120, 1136, 1137, 1122, 1121, 1137, 1138, 1123, 1122, 1138, 1139, 1124, 1123, 1139, 1140, 1125, 1124, 1140, 1141, 1126, 1125, 1141, 1142, 1127, 1126, 1142, 1143, 1128, 1127, 1143, 1144, 1129, 1128, 1144, 1145, 1130, 1129, 1145, 1146, 1131, 1130, 1146, 1147, 1132, 1131, 1147, 297, 295, 1132, 10, 1148, 1133, 8, 1148, 1149, 1134, 1133, 1149, 1150, 1135, 1134, 1150, 1151, 1136, 1135, 1151, 1152, 1137, 1136, 1152, 1153, 1138, 1137, 1153, 1154, 1139, 1138, 1154, 1155, 1140, 1139, 1155, 1156, 1141, 1140, 1156, 1157, 1142, 1141, 1157, 1158, 1143, 1142, 1158, 1159, 1144, 1143, 1159, 1160, 1145, 1144, 1160, 1161, 1146, 1145, 1161, 1162, 1147, 1146, 1162, 299, 297, 1147, 12, 1163, 1148, 10, 1163, 1164, 1149, 1148, 1164, 1165, 1150, 1149, 1165, 1166, 1151, 1150, 1166, 1167, 1152, 1151, 1167, 1168, 1153, 1152, 1168, 1169, 1154, 1153, 1169, 1170, 1155, 1154, 1170, 1171, 1156, 1155, 1171, 1172, 1157, 1156, 1172, 1173, 1158, 1157, 1173, 1174, 1159, 1158, 1174, 1175, 1160, 1159, 1175, 1176, 1161, 1160, 1176, 1177, 1162, 1161, 1177, 301, 299, 1162, 14, 1178, 1163, 12, 1178, 1179, 1164, 1163, 1179, 1180, 1165, 1164, 1180, 1181, 1166, 1165, 1181, 1182, 1167, 1166, 1182, 1183, 1168, 1167, 1183, 1184, 1169, 1168, 1184, 1185, 1170, 1169, 1185, 1186, 1171, 1170, 1186, 1187, 1172, 1171, 1187, 1188, 1173, 1172, 1188, 1189, 1174, 1173, 1189, 1190, 1175, 1174, 1190, 1191, 1176, 1175, 1191, 1192, 1177, 1176, 1192, 303, 301, 1177, 16, 1193, 1178, 14, 1193, 1194, 1179, 1178, 1194, 1195, 1180, 1179, 1195, 1196, 1181, 1180, 1196, 1197, 1182, 1181, 1197, 1198, 1183, 1182, 1198, 1199, 1184, 1183, 1199, 1200, 1185, 1184, 1200, 1201, 1186, 1185, 1201, 1202, 1187, 1186, 1202, 1203, 1188, 1187, 1203, 1204, 1189, 1188, 1204, 1205, 1190, 1189, 1205, 1206, 1191, 1190, 1206, 1207, 1192, 1191, 1207, 305, 303, 1192, 18, 1208, 1193, 16, 1208, 1209, 1194, 1193, 1209, 1210, 1195, 1194, 1210, 1211, 1196, 1195, 1211, 1212, 1197, 1196, 1212, 1213, 1198, 1197, 1213, 1214, 1199, 1198, 1214, 1215, 1200, 1199, 1215, 1216, 1201, 1200, 1216, 1217, 1202, 1201, 1217, 1218, 1203, 1202, 1218, 1219, 1204, 1203, 1219, 1220, 1205, 1204, 1220, 1221, 1206, 1205, 1221, 1222, 1207, 1206, 1222, 307, 305, 1207, 20, 1223, 1208, 18, 1223, 1224, 1209, 1208, 1224, 1225, 1210, 1209, 1225, 1226, 1211, 1210, 1226, 1227, 1212, 1211, 1227, 1228, 1213, 1212, 1228, 1229, 1214, 1213, 1229, 1230, 1215, 1214, 1230, 1231, 1216, 1215, 1231, 1232, 1217, 1216, 1232, 1233, 1218, 1217, 1233, 1234, 1219, 1218, 1234, 1235, 1220, 1219, 1235, 1236, 1221, 1220, 1236, 1237, 1222, 1221, 1237, 309, 307, 1222, 22, 1238, 1223, 20, 1238, 1239, 1224, 1223, 1239, 1240, 1225, 1224, 1240, 1241, 1226, 1225, 1241, 1242, 1227, 1226, 1242, 1243, 1228, 1227, 1243, 1244, 1229, 1228, 1244, 1245, 1230, 1229, 1245, 1246, 1231, 1230, 1246, 1247, 1232, 1231, 1247, 1248, 1233, 1232, 1248, 1249, 1234, 1233, 1249, 1250, 1235, 1234, 1250, 1251, 1236, 1235, 1251, 1252, 1237, 1236, 1252, 311, 309, 1237, 24, 1253, 1238, 22, 1253, 1254, 1239, 1238, 1254, 1255, 1240, 1239, 1255, 1256, 1241, 1240, 1256, 1257, 1242, 1241, 1257, 1258, 1243, 1242, 1258, 1259, 1244, 1243, 1259, 1260, 1245, 1244, 1260, 1261, 1246, 1245, 1261, 1262, 1247, 1246, 1262, 1263, 1248, 1247, 1263, 1264, 1249, 1248, 1264, 1265, 1250, 1249, 1265, 1266, 1251, 1250, 1266, 1267, 1252, 1251, 1267, 313, 311, 1252, 26, 1268, 1253, 24, 1268, 1269, 1254, 1253, 1269, 1270, 1255, 1254, 1270, 1271, 1256, 1255, 1271, 1272, 1257, 1256, 1272, 1273, 1258, 1257, 1273, 1274, 1259, 1258, 1274, 1275, 1260, 1259, 1275, 1276, 1261, 1260, 1276, 1277, 1262, 1261, 1277, 1278, 1263, 1262, 1278, 1279, 1264, 1263, 1279, 1280, 1265, 1264, 1280, 1281, 1266, 1265, 1281, 1282, 1267, 1266, 1282, 315, 313, 1267, 28, 1283, 1268, 26, 1283, 1284, 1269, 1268, 1284, 1285, 1270, 1269, 1285, 1286, 1271, 1270, 1286, 1287, 1272, 1271, 1287, 1288, 1273, 1272, 1288, 1289, 1274, 1273, 1289, 1290, 1275, 1274, 1290, 1291, 1276, 1275, 1291, 1292, 1277, 1276, 1292, 1293, 1278, 1277, 1293, 1294, 1279, 1278, 1294, 1295, 1280, 1279, 1295, 1296, 1281, 1280, 1296, 1297, 1282, 1281, 1297, 317, 315, 1282, 30, 1298, 1283, 28, 1298, 1299, 1284, 1283, 1299, 1300, 1285, 1284, 1300, 1301, 1286, 1285, 1301, 1302, 1287, 1286, 1302, 1303, 1288, 1287, 1303, 1304, 1289, 1288, 1304, 1305, 1290, 1289, 1305, 1306, 1291, 1290, 1306, 1307, 1292, 1291, 1307, 1308, 1293, 1292, 1308, 1309, 1294, 1293, 1309, 1310, 1295, 1294, 1310, 1311, 1296, 1295, 1311, 1312, 1297, 1296, 1312, 319, 317, 1297, 32, 833, 1298, 30, 833, 835, 1299, 1298, 835, 837, 1300, 1299, 837, 839, 1301, 1300, 839, 841, 1302, 1301, 841, 843, 1303, 1302, 843, 845, 1304, 1303, 845, 847, 1305, 1304, 847, 849, 1306, 1305, 849, 851, 1307, 1306, 851, 853, 1308, 1307, 853, 855, 1309, 1308, 855, 857, 1310, 1309, 857, 859, 1311, 1310, 859, 861, 1312, 1311, 861, 321, 319, 1312, 273, 818, 1313, 272, 818, 819, 1314, 1313, 819, 820, 1315, 1314, 820, 821, 1316, 1315, 821, 822, 1317, 1316, 822, 823, 1318, 1317, 823, 824, 1319, 1318, 824, 825, 1320, 1319, 825, 826, 1321, 1320, 826, 827, 1322, 1321, 827, 828, 1323, 1322, 828, 829, 1324, 1323, 829, 830, 1325, 1324, 830, 831, 1326, 1325, 831, 832, 1327, 1326, 832, 562, 561, 1327, 272, 1313, 1328, 274, 1313, 1314, 1329, 1328, 1314, 1315, 1330, 1329, 1315, 1316, 1331, 1330, 1316, 1317, 1332, 1331, 1317, 1318, 1333, 1332, 1318, 1319, 1334, 1333, 1319, 1320, 1335, 1334, 1320, 1321, 1336, 1335, 1321, 1322, 1337, 1336, 1322, 1323, 1338, 1337, 1323, 1324, 1339, 1338, 1324, 1325, 1340, 1339, 1325, 1326, 1341, 1340, 1326, 1327, 1342, 1341, 1327, 561, 563, 1342, 274, 1328, 1343, 275, 1328, 1329, 1344, 1343, 1329, 1330, 1345, 1344, 1330, 1331, 1346, 1345, 1331, 1332, 1347, 1346, 1332, 1333, 1348, 1347, 1333, 1334, 1349, 1348, 1334, 1335, 1350, 1349, 1335, 1336, 1351, 1350, 1336, 1337, 1352, 1351, 1337, 1338, 1353, 1352, 1338, 1339, 1354, 1353, 1339, 1340, 1355, 1354, 1340, 1341, 1356, 1355, 1341, 1342, 1357, 1356, 1342, 563, 564, 1357, 275, 1343, 1358, 276, 1343, 1344, 1359, 1358, 1344, 1345, 1360, 1359, 1345, 1346, 1361, 1360, 1346, 1347, 1362, 1361, 1347, 1348, 1363, 1362, 1348, 1349, 1364, 1363, 1349, 1350, 1365, 1364, 1350, 1351, 1366, 1365, 1351, 1352, 1367, 1366, 1352, 1353, 1368, 1367, 1353, 1354, 1369, 1368, 1354, 1355, 1370, 1369, 1355, 1356, 1371, 1370, 1356, 1357, 1372, 1371, 1357, 564, 565, 1372, 276, 1358, 1373, 277, 1358, 1359, 1374, 1373, 1359, 1360, 1375, 1374, 1360, 1361, 1376, 1375, 1361, 1362, 1377, 1376, 1362, 1363, 1378, 1377, 1363, 1364, 1379, 1378, 1364, 1365, 1380, 1379, 1365, 1366, 1381, 1380, 1366, 1367, 1382, 1381, 1367, 1368, 1383, 1382, 1368, 1369, 1384, 1383, 1369, 1370, 1385, 1384, 1370, 1371, 1386, 1385, 1371, 1372, 1387, 1386, 1372, 565, 566, 1387, 277, 1373, 1388, 278, 1373, 1374, 1389, 1388, 1374, 1375, 1390, 1389, 1375, 1376, 1391, 1390, 1376, 1377, 1392, 1391, 1377, 1378, 1393, 1392, 1378, 1379, 1394, 1393, 1379, 1380, 1395, 1394, 1380, 1381, 1396, 1395, 1381, 1382, 1397, 1396, 1382, 1383, 1398, 1397, 1383, 1384, 1399, 1398, 1384, 1385, 1400, 1399, 1385, 1386, 1401, 1400, 1386, 1387, 1402, 1401, 1387, 566, 567, 1402, 278, 1388, 1403, 279, 1388, 1389, 1404, 1403, 1389, 1390, 1405, 1404, 1390, 1391, 1406, 1405, 1391, 1392, 1407, 1406, 1392, 1393, 1408, 1407, 1393, 1394, 1409, 1408, 1394, 1395, 1410, 1409, 1395, 1396, 1411, 1410, 1396, 1397, 1412, 1411, 1397, 1398, 1413, 1412, 1398, 1399, 1414, 1413, 1399, 1400, 1415, 1414, 1400, 1401, 1416, 1415, 1401, 1402, 1417, 1416, 1402, 567, 568, 1417, 279, 1403, 1418, 280, 1403, 1404, 1419, 1418, 1404, 1405, 1420, 1419, 1405, 1406, 1421, 1420, 1406, 1407, 1422, 1421, 1407, 1408, 1423, 1422, 1408, 1409, 1424, 1423, 1409, 1410, 1425, 1424, 1410, 1411, 1426, 1425, 1411, 1412, 1427, 1426, 1412, 1413, 1428, 1427, 1413, 1414, 1429, 1428, 1414, 1415, 1430, 1429, 1415, 1416, 1431, 1430, 1416, 1417, 1432, 1431, 1417, 568, 569, 1432, 280, 1418, 1433, 281, 1418, 1419, 1434, 1433, 1419, 1420, 1435, 1434, 1420, 1421, 1436, 1435, 1421, 1422, 1437, 1436, 1422, 1423, 1438, 1437, 1423, 1424, 1439, 1438, 1424, 1425, 1440, 1439, 1425, 1426, 1441, 1440, 1426, 1427, 1442, 1441, 1427, 1428, 1443, 1442, 1428, 1429, 1444, 1443, 1429, 1430, 1445, 1444, 1430, 1431, 1446, 1445, 1431, 1432, 1447, 1446, 1432, 569, 570, 1447, 281, 1433, 1448, 282, 1433, 1434, 1449, 1448, 1434, 1435, 1450, 1449, 1435, 1436, 1451, 1450, 1436, 1437, 1452, 1451, 1437, 1438, 1453, 1452, 1438, 1439, 1454, 1453, 1439, 1440, 1455, 1454, 1440, 1441, 1456, 1455, 1441, 1442, 1457, 1456, 1442, 1443, 1458, 1457, 1443, 1444, 1459, 1458, 1444, 1445, 1460, 1459, 1445, 1446, 1461, 1460, 1446, 1447, 1462, 1461, 1447, 570, 571, 1462, 282, 1448, 1463, 283, 1448, 1449, 1464, 1463, 1449, 1450, 1465, 1464, 1450, 1451, 1466, 1465, 1451, 1452, 1467, 1466, 1452, 1453, 1468, 1467, 1453, 1454, 1469, 1468, 1454, 1455, 1470, 1469, 1455, 1456, 1471, 1470, 1456, 1457, 1472, 1471, 1457, 1458, 1473, 1472, 1458, 1459, 1474, 1473, 1459, 1460, 1475, 1474, 1460, 1461, 1476, 1475, 1461, 1462, 1477, 1476, 1462, 571, 572, 1477, 283, 1463, 1478, 284, 1463, 1464, 1479, 1478, 1464, 1465, 1480, 1479, 1465, 1466, 1481, 1480, 1466, 1467, 1482, 1481, 1467, 1468, 1483, 1482, 1468, 1469, 1484, 1483, 1469, 1470, 1485, 1484, 1470, 1471, 1486, 1485, 1471, 1472, 1487, 1486, 1472, 1473, 1488, 1487, 1473, 1474, 1489, 1488, 1474, 1475, 1490, 1489, 1475, 1476, 1491, 1490, 1476, 1477, 1492, 1491, 1477, 572, 573, 1492, 284, 1478, 1493, 285, 1478, 1479, 1494, 1493, 1479, 1480, 1495, 1494, 1480, 1481, 1496, 1495, 1481, 1482, 1497, 1496, 1482, 1483, 1498, 1497, 1483, 1484, 1499, 1498, 1484, 1485, 1500, 1499, 1485, 1486, 1501, 1500, 1486, 1487, 1502, 1501, 1487, 1488, 1503, 1502, 1488, 1489, 1504, 1503, 1489, 1490, 1505, 1504, 1490, 1491, 1506, 1505, 1491, 1492, 1507, 1506, 1492, 573, 574, 1507, 285, 1493, 1508, 286, 1493, 1494, 1509, 1508, 1494, 1495, 1510, 1509, 1495, 1496, 1511, 1510, 1496, 1497, 1512, 1511, 1497, 1498, 1513, 1512, 1498, 1499, 1514, 1513, 1499, 1500, 1515, 1514, 1500, 1501, 1516, 1515, 1501, 1502, 1517, 1516, 1502, 1503, 1518, 1517, 1503, 1504, 1519, 1518, 1504, 1505, 1520, 1519, 1505, 1506, 1521, 1520, 1506, 1507, 1522, 1521, 1507, 574, 575, 1522, 286, 1508, 1523, 287, 1508, 1509, 1524, 1523, 1509, 1510, 1525, 1524, 1510, 1511, 1526, 1525, 1511, 1512, 1527, 1526, 1512, 1513, 1528, 1527, 1513, 1514, 1529, 1528, 1514, 1515, 1530, 1529, 1515, 1516, 1531, 1530, 1516, 1517, 1532, 1531, 1517, 1518, 1533, 1532, 1518, 1519, 1534, 1533, 1519, 1520, 1535, 1534, 1520, 1521, 1536, 1535, 1521, 1522, 1537, 1536, 1522, 575, 576, 1537, 287, 1523, 1073, 288, 1523, 1524, 1074, 1073, 1524, 1525, 1075, 1074, 1525, 1526, 1076, 1075, 1526, 1527, 1077, 1076, 1527, 1528, 1078, 1077, 1528, 1529, 1079, 1078, 1529, 1530, 1080, 1079, 1530, 1531, 1081, 1080, 1531, 1532, 1082, 1081, 1532, 1533, 1083, 1082, 1533, 1534, 1084, 1083, 1534, 1535, 1085, 1084, 1535, 1536, 1086, 1085, 1536, 1537, 1087, 1086, 1537, 576, 577, 1087]
        int[] holeIndices = []
        token interpolateBoundary = "edgeAndCorner"
        rel material:binding = </FeltSphere/Looks/Cloth>
        uniform token orientation = "rightHanded"
        point3f[] points = [(-0.06928203, -0.06928203, -0.06928203), (-0.072158016, -0.06313827, -0.072158016), (-0.07542472, -0.06599663, -0.06599663), (-0.072158016, -0.072158016, -0.06313827), (-0.074963406, -0.056222554, -0.074963406), (-0.078646265, -0.058984697, -0.068815485), (-0.0776114, -0.048507124, -0.0776114), (-0.08172063, -0.05107539, -0.07150555), (-0.08, -0.04, -0.08), (-0.08452329, -0.042261645, -0.073957875), (-0.08201834, -0.030756876, -0.08201834), (-0.086914316, -0.03259287, -0.07605003), (-0.08355728, -0.02088932, -0.08355728), (-0.08875203, -0.022188008, -0.07765803), (-0.08452329, -0.010565411, -0.08452329), (-0.089912236, -0.0112390295, -0.078673206), (-0.084852815, 0, -0.084852815), (-0.0903092, 0, -0.07902055), (-0.08452329, 0.010565411, -0.08452329), (-0.089912236, 0.0112390295, -0.078673206), (-0.08355728, 0.02088932, -0.08355728), (-0.08875203, 0.022188008, -0.07765803), (-0.08201834, 0.030756876, -0.08201834), (-0.086914316, 0.03259287, -0.07605003), (-0.08, 0.04, -0.08), (-0.08452329, 0.042261645, -0.073957875), (-0.0776114, 0.048507124, -0.0776114), (-0.08172063, 0.05107539, -0.07150555), (-0.074963406, 0.056222554, -0.074963406), (-0.078646265, 0.058984697, -0.068815485), (-0.072158016, 0.06313827, -0.072158016), (-0.07542472, 0.06599663, -0.06599663), (-0.06928203, 0.06928203, -0.06928203), (-0.072158016, 0.072158016, -0.06313827), (-0.078646265, -0.068815485, -0.058984697), (-0.074963406, -0.074963406, -0.056222554), (-0.08231932, -0.06173949, -0.06173949), (-0.08586501, -0.05366563, -0.06439876), (-0.08913376, -0.04456688, -0.06685032), (-0.091951326, -0.034481745, -0.06896349), (-0.09413575, -0.023533937, -0.070601806), (-0.09552357, -0.011940447, -0.071642675), (-0.096, 0, -0.072), (-0.09552357, 0.011940447, -0.071642675), (-0.09413575, 0.023533937, -0.070601806), (-0.091951326, 0.034481745, -0.06896349), (-0.08913376, 0.04456688, -0.06685032), (-0.08586501, 0.05366563, -0.06439876), (-0.08231932, 0.06173949, -0.06173949), (-0.078646265, 0.068815485, -0.058984697), (-0.074963406, 0.074963406, -0.056222554), (-0.08172063, -0.07150555, -0.05107539), (-0.0776114, -0.0776114, -0.048507124), (-0.08586501, -0.06439876, -0.05366563), (-0.089912236, -0.056195147, -0.056195147), (-0.09368641, -0.046843205, -0.058554005), (-0.09697464, -0.03636549, -0.060609154), (-0.099547364, -0.024886841, -0.0622171), (-0.101192884, -0.0126491105, -0.06324555), (-0.1017598, 0, -0.06359987), (-0.101192884, 0.0126491105, -0.06324555), (-0.099547364, 0.024886841, -0.0622171), (-0.09697464, 0.03636549, -0.060609154), (-0.09368641, 0.046843205, -0.058554005), (-0.089912236, 0.056195147, -0.056195147), (-0.08586501, 0.06439876, -0.05366563), (-0.08172063, 0.07150555, -0.05107539), (-0.0776114, 0.0776114, -0.048507124), (-0.08452329, -0.073957875, -0.042261645), (-0.08, -0.08, -0.04), (-0.08913376, -0.06685032, -0.04456688), (-0.09368641, -0.058554005, -0.046843205), (-0.09797959, -0.048989795, -0.048989795), (-0.1017598, -0.038159925, -0.0508799), (-0.10474459, -0.026186148, -0.052372295), (-0.10666667, -0.013333334, -0.053333335), (-0.10733126, 0, -0.05366563), (-0.10666667, 0.013333334, -0.053333335), (-0.10474459, 0.026186148, -0.052372295), (-0.1017598, 0.038159925, -0.0508799), (-0.09797959, 0.048989795, -0.048989795), (-0.09368641, 0.058554005, -0.046843205), (-0.08913376, 0.06685032, -0.04456688), (-0.08452329, 0.073957875, -0.042261645), (-0.08, 0.08, -0.04), (-0.086914316, -0.07605003, -0.03259287), (-0.08201834, -0.08201834, -0.030756876), (-0.091951326, -0.06896349, -0.034481745), (-0.09697464, -0.060609154, -0.03636549), (-0.1017598, -0.0508799, -0.038159925), (-0.10601427, -0.039755348, -0.039755348), (-0.10940215, -0.027350537, -0.041025806), (-0.11159773, -0.013949716, -0.04184915), (-0.1123595, 0, -0.042134814), (-0.11159773, 0.013949716, -0.04184915), (-0.10940215, 0.027350537, -0.041025806), (-0.10601427, 0.039755348, -0.039755348), (-0.1017598, 0.0508799, -0.038159925), (-0.09697464, 0.060609154, -0.03636549), (-0.091951326, 0.06896349, -0.034481745), (-0.086914316, 0.07605003, -0.03259287), (-0.08201834, 0.08201834, -0.030756876), (-0.08875203, -0.07765803, -0.022188008), (-0.08355728, -0.08355728, -0.02088932), (-0.09413575, -0.070601806, -0.023533937), (-0.099547364, -0.0622171, -0.024886841), (-0.10474459, -0.052372295, -0.026186148), (-0.10940215, -0.041025806, -0.027350537), (-0.11313708, -0.02828427, -0.02828427), (-0.11557042, -0.014446302, -0.028892605), (-0.1164171, 0, -0.029104276), (-0.11557042, 0.014446302, -0.028892605), (-0.11313708, 0.02828427, -0.02828427), (-0.10940215, 0.041025806, -0.027350537), (-0.10474459, 0.052372295, -0.026186148), (-0.099547364, 0.0622171, -0.024886841), (-0.09413575, 0.070601806, -0.023533937), (-0.08875203, 0.07765803, -0.022188008), (-0.08355728, 0.08355728, -0.02088932), (-0.089912236, -0.078673206, -0.0112390295), (-0.08452329, -0.08452329, -0.010565411), (-0.09552357, -0.071642675, -0.011940447), (-0.101192884, -0.06324555, -0.0126491105), (-0.10666667, -0.053333335, -0.013333334), (-0.11159773, -0.04184915, -0.013949716), (-0.11557042, -0.028892605, -0.014446302), (-0.11816783, -0.014770979, -0.014770979), (-0.119073346, 0, -0.014884168), (-0.11816783, 0.014770979, -0.014770979), (-0.11557042, 0.028892605, -0.014446302), (-0.11159773, 0.04184915, -0.013949716), (-0.10666667, 0.053333335, -0.013333334), (-0.101192884, 0.06324555, -0.0126491105), (-0.09552357, 0.071642675, -0.011940447), (-0.089912236, 0.078673206, -0.0112390295), (-0.08452329, 0.08452329, -0.010565411), (-0.0903092, -0.07902055, 0), (-0.084852815, -0.084852815, 0), (-0.096, -0.072, 0), (-0.1017598, -0.06359987, 0), (-0.10733126, -0.05366563, 0), (-0.1123595, -0.042134814, 0), (-0.1164171, -0.029104276, 0), (-0.119073346, -0.014884168, 0), (-0.12, 0, 0), (-0.119073346, 0.014884168, 0), (-0.1164171, 0.029104276, 0), (-0.1123595, 0.042134814, 0), (-0.10733126, 0.05366563, 0), (-0.1017598, 0.06359987, 0), (-0.096, 0.072, 0), (-0.0903092, 0.07902055, 0), (-0.084852815, 0.084852815, 0), (-0.089912236, -0.078673206, 0.0112390295), (-0.08452329, -0.08452329, 0.010565411), (-0.09552357, -0.071642675, 0.011940447), (-0.101192884, -0.06324555, 0.0126491105), (-0.10666667, -0.053333335, 0.013333334), (-0.11159773, -0.04184915, 0.013949716), (-0.11557042, -0.028892605, 0.014446302), (-0.11816783, -0.014770979, 0.014770979), (-0.119073346, 0, 0.014884168), (-0.11816783, 0.014770979, 0.014770979), (-0.11557042, 0.028892605, 0.014446302), (-0.11159773, 0.04184915, 0.013949716), (-0.10666667, 0.053333335, 0.013333334), (-0.101192884, 0.06324555, 0.0126491105), (-0.09552357, 0.071642675, 0.011940447), (-0.089912236, 0.078673206, 0.0112390295), (-0.08452329, 0.08452329, 0.010565411), (-0.08875203, -0.07765803, 0.022188008), (-0.08355728, -0.08355728, 0.02088932), (-0.09413575, -0.070601806, 0.023533937), (-0.099547364, -0.0622171, 0.024886841), (-0.10474459, -0.052372295, 0.026186148), (-0.10940215, -0.041025806, 0.027350537), (-0.11313708, -0.02828427, 0.02828427), (-0.11557042, -0.014446302, 0.028892605), (-0.1164171, 0, 0.029104276), (-0.11557042, 0.014446302, 0.028892605), (-0.11313708, 0.02828427, 0.02828427), (-0.10940215, 0.041025806, 0.027350537), (-0.10474459, 0.052372295, 0.026186148), (-0.099547364, 0.0622171, 0.024886841), (-0.09413575, 0.070601806, 0.023533937), (-0.08875203, 0.07765803, 0.022188008), (-0.08355728, 0.08355728, 0.02088932), (-0.086914316, -0.07605003, 0.03259287), (-0.08201834, -0.08201834, 0.030756876), (-0.091951326, -0.06896349, 0.034481745), (-0.09697464, -0.060609154, 0.03636549), (-0.1017598, -0.0508799, 0.038159925), (-0.10601427, -0.039755348, 0.039755348), (-0.10940215, -0.027350537, 0.041025806), (-0.11159773, -0.013949716, 0.04184915), (-0.1123595, 0, 0.042134814), (-0.11159773, 0.013949716, 0.04184915), (-0.10940215, 0.027350537, 0.041025806), (-0.10601427, 0.039755348, 0.039755348), (-0.1017598, 0.0508799, 0.038159925), (-0.09697464, 0.060609154, 0.03636549), (-0.091951326, 0.06896349, 0.034481745), (-0.086914316, 0.07605003, 0.03259287), (-0.08201834, 0.08201834, 0.030756876), (-0.08452329, -0.073957875, 0.042261645), (-0.08, -0.08, 0.04), (-0.08913376, -0.06685032, 0.04456688), (-0.09368641, -0.058554005, 0.046843205), (-0.09797959, -0.048989795, 0.048989795), (-0.1017598, -0.038159925, 0.0508799), (-0.10474459, -0.026186148, 0.052372295), (-0.10666667, -0.013333334, 0.053333335), (-0.10733126, 0, 0.05366563), (-0.10666667, 0.013333334, 0.053333335), (-0.10474459, 0.026186148, 0.052372295), (-0.1017598, 0.038159925, 0.0508799), (-0.09797959, 0.048989795, 0.048989795), (-0.09368641, 0.058554005, 0.046843205), (-0.08913376, 0.06685032, 0.04456688), (-0.08452329, 0.073957875, 0.042261645), (-0.08, 0.08, 0.04), (-0.08172063, -0.07150555, 0.05107539), (-0.0776114, -0.0776114, 0.048507124), (-0.08586501, -0.06439876, 0.05366563), (-0.089912236, -0.056195147, 0.056195147), (-0.09368641, -0.046843205, 0.058554005), (-0.09697464, -0.03636549, 0.060609154), (-0.099547364, -0.024886841, 0.0622171), (-0.101192884, -0.0126491105, 0.06324555), (-0.1017598, 0, 0.06359987), (-0.101192884, 0.0126491105, 0.06324555), (-0.099547364, 0.024886841, 0.0622171), (-0.09697464, 0.03636549, 0.060609154), (-0.09368641, 0.046843205, 0.058554005), (-0.089912236, 0.056195147, 0.056195147), (-0.08586501, 0.06439876, 0.05366563), (-0.08172063, 0.07150555, 0.05107539), (-0.0776114, 0.0776114, 0.048507124), (-0.078646265, -0.068815485, 0.058984697), (-0.074963406, -0.074963406, 0.056222554), (-0.08231932, -0.06173949, 0.06173949), (-0.08586501, -0.05366563, 0.06439876), (-0.08913376, -0.04456688, 0.06685032), (-0.091951326, -0.034481745, 0.06896349), (-0.09413575, -0.023533937, 0.070601806), (-0.09552357, -0.011940447, 0.071642675), (-0.096, 0, 0.072), (-0.09552357, 0.011940447, 0.071642675), (-0.09413575, 0.023533937, 0.070601806), (-0.091951326, 0.034481745, 0.06896349), (-0.08913376, 0.04456688, 0.06685032), (-0.08586501, 0.05366563, 0.06439876), (-0.08231932, 0.06173949, 0.06173949), (-0.078646265, 0.068815485, 0.058984697), (-0.074963406, 0.074963406, 0.056222554), (-0.07542472, -0.06599663, 0.06599663), (-0.072158016, -0.072158016, 0.06313827), (-0.078646265, -0.058984697, 0.068815485), (-0.08172063, -0.05107539, 0.07150555), (-0.08452329, -0.042261645, 0.073957875), (-0.086914316, -0.03259287, 0.07605003), (-0.08875203, -0.022188008, 0.07765803), (-0.089912236, -0.0112390295, 0.078673206), (-0.0903092, 0, 0.07902055), (-0.089912236, 0.0112390295, 0.078673206), (-0.08875203, 0.022188008, 0.07765803), (-0.086914316, 0.03259287, 0.07605003), (-0.08452329, 0.042261645, 0.073957875), (-0.08172063, 0.05107539, 0.07150555), (-0.078646265, 0.058984697, 0.068815485), (-0.07542472, 0.06599663, 0.06599663), (-0.072158016, 0.072158016, 0.06313827), (-0.072158016, -0.06313827, 0.072158016), (-0.06928203, -0.06928203, 0.06928203), (-0.074963406, -0.056222554, 0.074963406), (-0.0776114, -0.048507124, 0.0776114), (-0.08, -0.04, 0.08), (-0.08201834, -0.030756876, 0.08201834), (-0.08355728, -0.02088932, 0.08355728), (-0.08452329, -0.010565411, 0.08452329), (-0.084852815, 0, 0.084852815), (-0.08452329, 0.010565411, 0.08452329), (-0.08355728, 0.02088932, 0.08355728), (-0.08201834, 0.030756876, 0.08201834), (-0.08, 0.04, 0.08), (-0.0776114, 0.048507124, 0.0776114), (-0.074963406, 0.056222554, 0.074963406), (-0.072158016, 0.06313827, 0.072158016), (-0.06928203, 0.06928203, 0.06928203), (0.06928203, -0.06928203, -0.06928203), (0.072158016, -0.06313827, -0.072158016), (0.07542472, -0.06599663, -0.06599663), (0.072158016, -0.072158016, -0.06313827), (0.074963406, -0.056222554, -0.074963406), (0.078646265, -0.058984697, -0.068815485), (0.0776114, -0.048507124, -0.0776114), (0.08172063, -0.05107539, -0.07150555), (0.08, -0.04, -0.08), (0.08452329, -0.042261645, -0.073957875), (0.08201834, -0.030756876, -0.08201834), (0.086914316, -0.03259287, -0.07605003), (0.08355728, -0.02088932, -0.08355728), (0.08875203, -0.022188008, -0.07765803), (0.08452329, -0.010565411, -0.08452329), (0.089912236, -0.0112390295, -0.078673206), (0.084852815, 0, -0.084852815), (0.0903092, 0, -0.07902055), (0.08452329, 0.010565411, -0.08452329), (0.089912236, 0.0112390295, -0.078673206), (0.08355728, 0.02088932, -0.08355728), (0.08875203, 0.022188008, -0.07765803), (0.08201834, 0.030756876, -0.08201834), (0.086914316, 0.03259287, -0.07605003), (0.08, 0.04, -0.08), (0.08452329, 0.042261645, -0.073957875), (0.0776114, 0.048507124, -0.0776114), (0.08172063, 0.05107539, -0.07150555), (0.074963406, 0.056222554, -0.074963406), (0.078646265, 0.058984697, -0.068815485), (0.072158016, 0.06313827, -0.072158016), (0.07542472, 0.06599663, -0.06599663), (0.06928203, 0.06928203, -0.06928203), (0.072158016, 0.072158016, -0.06313827), (0.078646265, -0.068815485, -0.058984697), (0.074963406, -0.074963406, -0.056222554), (0.08231932, -0.06173949, -0.06173949), (0.08586501, -0.05366563, -0.06439876), (0.08913376, -0.04456688, -0.06685032), (0.091951326, -0.034481745, -0.06896349), (0.09413575, -0.023533937, -0.070601806), (0.09552357, -0.011940447, -0.071642675), (0.096, 0, -0.072), (0.09552357, 0.011940447, -0.071642675), (0.09413575, 0.023533937, -0.070601806), (0.091951326, 0.034481745, -0.06896349), (0.08913376, 0.04456688, -0.06685032), (0.08586501, 0.05366563, -0.06439876), (0.08231932, 0.06173949, -0.06173949), (0.078646265, 0.068815485, -0.058984697), (0.074963406, 0.074963406, -0.056222554), (0.08172063, -0.07150555, -0.05107539), (0.0776114, -0.0776114, -0.048507124), (0.08586501, -0.06439876, -0.05366563), (0.089912236, -0.056195147, -0.056195147), (0.09368641, -0.046843205, -0.058554005), (0.09697464, -0.03636549, -0.060609154), (0.099547364, -0.024886841, -0.0622171), (0.101192884, -0.0126491105, -0.06324555), (0.1017598, 0, -0.06359987), (0.101192884, 0.0126491105, -0.06324555), (0.099547364, 0.024886841, -0.0622171), (0.09697464, 0.03636549, -0.060609154), (0.09368641, 0.046843205, -0.058554005), (0.089912236, 0.056195147, -0.056195147), (0.08586501, 0.06439876, -0.05366563), (0.08172063, 0.07150555, -0.05107539), (0.0776114, 0.0776114, -0.048507124), (0.08452329, -0.073957875, -0.042261645), (0.08, -0.08, -0.04), (0.08913376, -0.06685032, -0.04456688), (0.09368641, -0.058554005, -0.046843205), (0.09797959, -0.048989795, -0.048989795), (0.1017598, -0.038159925, -0.0508799), (0.10474459, -0.026186148, -0.052372295), (0.10666667, -0.013333334, -0.053333335), (0.10733126, 0, -0.05366563), (0.10666667, 0.013333334, -0.053333335), (0.10474459, 0.026186148, -0.052372295), (0.1017598, 0.038159925, -0.0508799), (0.09797959, 0.048989795, -0.048989795), (0.09368641, 0.058554005, -0.046843205), (0.08913376, 0.06685032, -0.04456688), (0.08452329, 0.073957875, -0.042261645), (0.08, 0.08, -0.04), (0.086914316, -0.07605003, -0.03259287), (0.08201834, -0.08201834, -0.030756876), (0.091951326, -0.06896349, -0.034481745), (0.09697464, -0.060609154, -0.03636549), (0.1017598, -0.0508799, -0.038159925), (0.10601427, -0.039755348, -0.039755348), (0.10940215, -0.027350537, -0.041025806), (0.11159773, -0.013949716, -0.04184915), (0.1123595, 0, -0.042134814), (0.11159773, 0.013949716, -0.04184915), (0.10940215, 0.027350537, -0.041025806), (0.10601427, 0.039755348, -0.039755348), (0.1017598, 0.0508799, -0.038159925), (0.09697464, 0.060609154, -0.03636549), (0.091951326, 0.06896349, -0.034481745), (0.086914316, 0.07605003, -0.03259287), (0.08201834, 0.08201834, -0.030756876), (0.08875203, -0.07765803, -0.022188008), (0.08355728, -0.08355728, -0.02088932), (0.09413575, -0.070601806, -0.023533937), (0.099547364, -0.0622171, -0.024886841), (0.10474459, -0.052372295, -0.026186148), (0.10940215, -0.041025806, -0.027350537), (0.11313708, -0.02828427, -0.02828427), (0.11557042, -0.014446302, -0.028892605), (0.1164171, 0, -0.029104276), (0.11557042, 0.014446302, -0.028892605), (0.11313708, 0.02828427, -0.02828427), (0.10940215, 0.041025806, -0.027350537), (0.10474459, 0.052372295, -0.026186148), (0.099547364, 0.0622171, -0.024886841), (0.09413575, 0.070601806, -0.023533937), (0.08875203, 0.07765803, -0.022188008), (0.08355728, 0.08355728, -0.02088932), (0.089912236, -0.078673206, -0.0112390295), (0.08452329, -0.08452329, -0.010565411), (0.09552357, -0.071642675, -0.011940447), (0.101192884, -0.06324555, -0.0126491105), (0.10666667, -0.053333335, -0.013333334), (0.11159773, -0.04184915, -0.013949716), (0.11557042, -0.028892605, -0.014446302), (0.11816783, -0.014770979, -0.014770979), (0.119073346, 0, -0.014884168), (0.11816783, 0.014770979, -0.014770979), (0.11557042, 0.028892605, -0.014446302), (0.11159773, 0.04184915, -0.013949716), (0.10666667, 0.053333335, -0.013333334), (0.101192884, 0.06324555, -0.0126491105), (0.09552357, 0.071642675, -0.011940447), (0.089912236, 0.078673206, -0.0112390295), (0.08452329, 0.08452329, -0.010565411), (0.0903092, -0.07902055, 0), (0.084852815, -0.084852815, 0), (0.096, -0.072, 0), (0.1017598, -0.06359987, 0), (0.10733126, -0.05366563, 0), (0.1123595, -0.042134814, 0), (0.1164171, -0.029104276, 0), (0.119073346, -0.014884168, 0), (0.12, 0, 0), (0.119073346, 0.014884168, 0), (0.1164171, 0.029104276, 0), (0.1123595, 0.042134814, 0), (0.10733126, 0.05366563, 0), (0.1017598, 0.06359987, 0), (0.096, 0.072, 0), (0.0903092, 0.07902055, 0), (0.084852815, 0.084852815, 0), (0.089912236, -0.078673206, 0.0112390295), (0.08452329, -0.08452329, 0.010565411), (0.09552357, -0.071642675, 0.011940447), (0.101192884, -0.06324555, 0.0126491105), (0.10666667, -0.053333335, 0.013333334), (0.11159773, -0.04184915, 0.013949716), (0.11557042, -0.028892605, 0.014446302), (0.11816783, -0.014770979, 0.014770979), (0.119073346, 0, 0.014884168), (0.11816783, 0.014770979, 0.014770979), (0.11557042, 0.028892605, 0.014446302), (0.11159773, 0.04184915, 0.013949716), (0.10666667, 0.053333335, 0.013333334), (0.101192884, 0.06324555, 0.0126491105), (0.09552357, 0.071642675, 0.011940447), (0.089912236, 0.078673206, 0.0112390295), (0.08452329, 0.08452329, 0.010565411), (0.08875203, -0.07765803, 0.022188008), (0.08355728, -0.08355728, 0.02088932), (0.09413575, -0.070601806, 0.023533937), (0.099547364, -0.0622171, 0.024886841), (0.10474459, -0.052372295, 0.026186148), (0.10940215, -0.041025806, 0.027350537), (0.11313708, -0.02828427, 0.02828427), (0.11557042, -0.014446302, 0.028892605), (0.1164171, 0, 0.029104276), (0.11557042, 0.014446302, 0.028892605), (0.11313708, 0.02828427, 0.02828427), (0.10940215, 0.041025806, 0.027350537), (0.10474459, 0.052372295, 0.026186148), (0.099547364, 0.0622171, 0.024886841), (0.09413575, 0.070601806, 0.023533937), (0.08875203, 0.07765803, 0.022188008), (0.08355728, 0.08355728, 0.02088932), (0.086914316, -0.07605003, 0.03259287), (0.08201834, -0.08201834, 0.030756876), (0.091951326, -0.06896349, 0.034481745), (0.09697464, -0.060609154, 0.03636549), (0.1017598, -0.0508799, 0.038159925), (0.10601427, -0.039755348, 0.039755348), (0.10940215, -0.027350537, 0.041025806), (0.11159773, -0.013949716, 0.04184915), (0.1123595, 0, 0.042134814), (0.11159773, 0.013949716, 0.04184915), (0.10940215, 0.027350537, 0.041025806), (0.10601427, 0.039755348, 0.039755348), (0.1017598, 0.0508799, 0.038159925), (0.09697464, 0.060609154, 0.03636549), (0.091951326, 0.06896349, 0.034481745), (0.086914316, 0.07605003, 0.03259287), (0.08201834, 0.08201834, 0.030756876), (0.08452329, -0.073957875, 0.042261645), (0.08, -0.08, 0.04), (0.08913376, -0.06685032, 0.04456688), (0.09368641, -0.058554005, 0.046843205), (0.09797959, -0.048989795, 0.048989795), (0.1017598, -0.038159925, 0.0508799), (0.10474459, -0.026186148, 0.052372295), (0.10666667, -0.013333334, 0.053333335), (0.10733126, 0, 0.05366563), (0.10666667, 0.013333334, 0.053333335), (0.10474459, 0.026186148, 0.052372295), (0.1017598, 0.038159925, 0.0508799), (0.09797959, 0.048989795, 0.048989795), (0.09368641, 0.058554005, 0.046843205), (0.08913376, 0.06685032, 0.04456688), (0.08452329, 0.073957875, 0.042261645), (0.08, 0.08, 0.04), (0.08172063, -0.07150555, 0.05107539), (0.0776114, -0.0776114, 0.048507124), (0.08586501, -0.06439876, 0.05366563), (0.089912236, -0.056195147, 0.056195147), (0.09368641, -0.046843205, 0.058554005), (0.09697464, -0.03636549, 0.060609154), (0.099547364, -0.024886841, 0.0622171), (0.101192884, -0.0126491105, 0.06324555), (0.1017598, 0, 0.06359987), (0.101192884, 0.0126491105, 0.06324555), (0.099547364, 0.024886841, 0.0622171), (0.09697464, 0.03636549, 0.060609154), (0.09368641, 0.046843205, 0.058554005), (0.089912236, 0.056195147, 0.056195147), (0.08586501, 0.06439876, 0.05366563), (0.08172063, 0.07150555, 0.05107539), (0.0776114, 0.0776114, 0.048507124), (0.078646265, -0.068815485, 0.058984697), (0.074963406, -0.074963406, 0.056222554), (0.08231932, -0.06173949, 0.06173949), (0.08586501, -0.05366563, 0.06439876), (0.08913376, -0.04456688, 0.06685032), (0.091951326, -0.034481745, 0.06896349), (0.09413575, -0.023533937, 0.070601806), (0.09552357, -0.011940447, 0.071642675), (0.096, 0, 0.072), (0.09552357, 0.011940447, 0.071642675), (0.09413575, 0.023533937, 0.070601806), (0.091951326, 0.034481745, 0.06896349), (0.08913376, 0.04456688, 0.06685032), (0.08586501, 0.05366563, 0.06439876), (0.08231932, 0.06173949, 0.06173949), (0.078646265, 0.068815485, 0.058984697), (0.074963406, 0.074963406, 0.056222554), (0.07542472, -0.06599663, 0.06599663), (0.072158016, -0.072158016, 0.06313827), (0.078646265, -0.058984697, 0.068815485), (0.08172063, -0.05107539, 0.07150555), (0.08452329, -0.042261645, 0.073957875), (0.086914316, -0.03259287, 0.07605003), (0.08875203, -0.022188008, 0.07765803), (0.089912236, -0.0112390295, 0.078673206), (0.0903092, 0, 0.07902055), (0.089912236, 0.0112390295, 0.078673206), (0.08875203, 0.022188008, 0.07765803), (0.086914316, 0.03259287, 0.07605003), (0.08452329, 0.042261645, 0.073957875), (0.08172063, 0.05107539, 0.07150555), (0.078646265, 0.058984697, 0.068815485), (0.07542472, 0.06599663, 0.06599663), (0.072158016, 0.072158016, 0.06313827), (0.072158016, -0.06313827, 0.072158016), (0.06928203, -0.06928203, 0.06928203), (0.074963406, -0.056222554, 0.074963406), (0.0776114, -0.048507124, 0.0776114), (0.08, -0.04, 0.08), (0.08201834, -0.030756876, 0.08201834), (0.08355728, -0.02088932, 0.08355728), (0.08452329, -0.010565411, 0.08452329), (0.084852815, 0, 0.084852815), (0.08452329, 0.010565411, 0.08452329), (0.08355728, 0.02088932, 0.08355728), (0.08201834, 0.030756876, 0.08201834), (0.08, 0.04, 0.08), (0.0776114, 0.048507124, 0.0776114), (0.074963406, 0.056222554, 0.074963406), (0.072158016, 0.06313827, 0.072158016), (0.06928203, 0.06928203, 0.06928203), (-0.06313827, -0.072158016, -0.072158016), (-0.06599663, -0.07542472, -0.06599663), (-0.056222554, -0.074963406, -0.074963406), (-0.058984697, -0.078646265, -0.068815485), (-0.048507124, -0.0776114, -0.0776114), (-0.05107539, -0.08172063, -0.07150555), (-0.04, -0.08, -0.08), (-0.042261645, -0.08452329, -0.073957875), (-0.030756876, -0.08201834, -0.08201834), (-0.03259287, -0.086914316, -0.07605003), (-0.02088932, -0.08355728, -0.08355728), (-0.022188008, -0.08875203, -0.07765803), (-0.010565411, -0.08452329, -0.08452329), (-0.0112390295, -0.089912236, -0.078673206), (0, -0.084852815, -0.084852815), (0, -0.0903092, -0.07902055), (0.010565411, -0.08452329, -0.08452329), (0.0112390295, -0.089912236, -0.078673206), (0.02088932, -0.08355728, -0.08355728), (0.022188008, -0.08875203, -0.07765803), (0.030756876, -0.08201834, -0.08201834), (0.03259287, -0.086914316, -0.07605003), (0.04, -0.08, -0.08), (0.042261645, -0.08452329, -0.073957875), (0.048507124, -0.0776114, -0.0776114), (0.05107539, -0.08172063, -0.07150555), (0.056222554, -0.074963406, -0.074963406), (0.058984697, -0.078646265, -0.068815485), (0.06313827, -0.072158016, -0.072158016), (0.06599663, -0.07542472, -0.06599663), (-0.068815485, -0.078646265, -0.058984697), (-0.06173949, -0.08231932, -0.06173949), (-0.05366563, -0.08586501, -0.06439876), (-0.04456688, -0.08913376, -0.06685032), (-0.034481745, -0.091951326, -0.06896349), (-0.023533937, -0.09413575, -0.070601806), (-0.011940447, -0.09552357, -0.071642675), (0, -0.096, -0.072), (0.011940447, -0.09552357, -0.071642675), (0.023533937, -0.09413575, -0.070601806), (0.034481745, -0.091951326, -0.06896349), (0.04456688, -0.08913376, -0.06685032), (0.05366563, -0.08586501, -0.06439876), (0.06173949, -0.08231932, -0.06173949), (0.068815485, -0.078646265, -0.058984697), (-0.07150555, -0.08172063, -0.05107539), (-0.06439876, -0.08586501, -0.05366563), (-0.056195147, -0.089912236, -0.056195147), (-0.046843205, -0.09368641, -0.058554005), (-0.03636549, -0.09697464, -0.060609154), (-0.024886841, -0.099547364, -0.0622171), (-0.0126491105, -0.101192884, -0.06324555), (0, -0.1017598, -0.06359987), (0.0126491105, -0.101192884, -0.06324555), (0.024886841, -0.099547364, -0.0622171), (0.03636549, -0.09697464, -0.060609154), (0.046843205, -0.09368641, -0.058554005), (0.056195147, -0.089912236, -0.056195147), (0.06439876, -0.08586501, -0.05366563), (0.07150555, -0.08172063, -0.05107539), (-0.073957875, -0.08452329, -0.042261645), (-0.06685032, -0.08913376, -0.04456688), (-0.058554005, -0.09368641, -0.046843205), (-0.048989795, -0.09797959, -0.048989795), (-0.038159925, -0.1017598, -0.0508799), (-0.026186148, -0.10474459, -0.052372295), (-0.013333334, -0.10666667, -0.053333335), (0, -0.10733126, -0.05366563), (0.013333334, -0.10666667, -0.053333335), (0.026186148, -0.10474459, -0.052372295), (0.038159925, -0.1017598, -0.0508799), (0.048989795, -0.09797959, -0.048989795), (0.058554005, -0.09368641, -0.046843205), (0.06685032, -0.08913376, -0.04456688), (0.073957875, -0.08452329, -0.042261645), (-0.07605003, -0.086914316, -0.03259287), (-0.06896349, -0.091951326, -0.034481745), (-0.060609154, -0.09697464, -0.03636549), (-0.0508799, -0.1017598, -0.038159925), (-0.039755348, -0.10601427, -0.039755348), (-0.027350537, -0.10940215, -0.041025806), (-0.013949716, -0.11159773, -0.04184915), (0, -0.1123595, -0.042134814), (0.013949716, -0.11159773, -0.04184915), (0.027350537, -0.10940215, -0.041025806), (0.039755348, -0.10601427, -0.039755348), (0.0508799, -0.1017598, -0.038159925), (0.060609154, -0.09697464, -0.03636549), (0.06896349, -0.091951326, -0.034481745), (0.07605003, -0.086914316, -0.03259287), (-0.07765803, -0.08875203, -0.022188008), (-0.070601806, -0.09413575, -0.023533937), (-0.0622171, -0.099547364, -0.024886841), (-0.052372295, -0.10474459, -0.026186148), (-0.041025806, -0.10940215, -0.027350537), (-0.02828427, -0.11313708, -0.02828427), (-0.014446302, -0.11557042, -0.028892605), (0, -0.1164171, -0.029104276), (0.014446302, -0.11557042, -0.028892605), (0.02828427, -0.11313708, -0.02828427), (0.041025806, -0.10940215, -0.027350537), (0.052372295, -0.10474459, -0.026186148), (0.0622171, -0.099547364, -0.024886841), (0.070601806, -0.09413575, -0.023533937), (0.07765803, -0.08875203, -0.022188008), (-0.078673206, -0.089912236, -0.0112390295), (-0.071642675, -0.09552357, -0.011940447), (-0.06324555, -0.101192884, -0.0126491105), (-0.053333335, -0.10666667, -0.013333334), (-0.04184915, -0.11159773, -0.013949716), (-0.028892605, -0.11557042, -0.014446302), (-0.014770979, -0.11816783, -0.014770979), (0, -0.119073346, -0.014884168), (0.014770979, -0.11816783, -0.014770979), (0.028892605, -0.11557042, -0.014446302), (0.04184915, -0.11159773, -0.013949716), (0.053333335, -0.10666667, -0.013333334), (0.06324555, -0.101192884, -0.0126491105), (0.071642675, -0.09552357, -0.011940447), (0.078673206, -0.089912236, -0.0112390295), (-0.07902055, -0.0903092, 0), (-0.072, -0.096, 0), (-0.06359987, -0.1017598, 0), (-0.05366563, -0.10733126, 0), (-0.042134814, -0.1123595, 0), (-0.029104276, -0.1164171, 0), (-0.014884168, -0.119073346, 0), (0, -0.12, 0), (0.014884168, -0.119073346, 0), (0.029104276, -0.1164171, 0), (0.042134814, -0.1123595, 0), (0.05366563, -0.10733126, 0), (0.06359987, -0.1017598, 0), (0.072, -0.096, 0), (0.07902055, -0.0903092, 0), (-0.078673206, -0.089912236, 0.0112390295), (-0.071642675, -0.09552357, 0.011940447), (-0.06324555, -0.101192884, 0.0126491105), (-0.053333335, -0.10666667, 0.013333334), (-0.04184915, -0.11159773, 0.013949716), (-0.028892605, -0.11557042, 0.014446302), (-0.014770979, -0.11816783, 0.014770979), (0, -0.119073346, 0.014884168), (0.014770979, -0.11816783, 0.014770979), (0.028892605, -0.11557042, 0.014446302), (0.04184915, -0.11159773, 0.013949716), (0.053333335, -0.10666667, 0.013333334), (0.06324555, -0.101192884, 0.0126491105), (0.071642675, -0.09552357, 0.011940447), (0.078673206, -0.089912236, 0.0112390295), (-0.07765803, -0.08875203, 0.022188008), (-0.070601806, -0.09413575, 0.023533937), (-0.0622171, -0.099547364, 0.024886841), (-0.052372295, -0.10474459, 0.026186148), (-0.041025806, -0.10940215, 0.027350537), (-0.02828427, -0.11313708, 0.02828427), (-0.014446302, -0.11557042, 0.028892605), (0, -0.1164171, 0.029104276), (0.014446302, -0.11557042, 0.028892605), (0.02828427, -0.11313708, 0.02828427), (0.041025806, -0.10940215, 0.027350537), (0.052372295, -0.10474459, 0.026186148), (0.0622171, -0.099547364, 0.024886841), (0.070601806, -0.09413575, 0.023533937), (0.07765803, -0.08875203, 0.022188008), (-0.07605003, -0.086914316, 0.03259287), (-0.06896349, -0.091951326, 0.034481745), (-0.060609154, -0.09697464, 0.03636549), (-0.0508799, -0.1017598, 0.038159925), (-0.039755348, -0.10601427, 0.039755348), (-0.027350537, -0.10940215, 0.041025806), (-0.013949716, -0.11159773, 0.04184915), (0, -0.1123595, 0.042134814), (0.013949716, -0.11159773, 0.04184915), (0.027350537, -0.10940215, 0.041025806), (0.039755348, -0.10601427, 0.039755348), (0.0508799, -0.1017598, 0.038159925), (0.060609154, -0.09697464, 0.03636549), (0.06896349, -0.091951326, 0.034481745), (0.07605003, -0.086914316, 0.03259287), (-0.073957875, -0.08452329, 0.042261645), (-0.06685032, -0.08913376, 0.04456688), (-0.058554005, -0.09368641, 0.046843205), (-0.048989795, -0.09797959, 0.048989795), (-0.038159925, -0.1017598, 0.0508799), (-0.026186148, -0.10474459, 0.052372295), (-0.013333334, -0.10666667, 0.053333335), (0, -0.10733126, 0.05366563), (0.013333334, -0.10666667, 0.053333335), (0.026186148, -0.10474459, 0.052372295), (0.038159925, -0.1017598, 0.0508799), (0.048989795, -0.09797959, 0.048989795), (0.058554005, -0.09368641, 0.046843205), (0.06685032, -0.08913376, 0.04456688), (0.073957875, -0.08452329, 0.042261645), (-0.07150555, -0.08172063, 0.05107539), (-0.06439876, -0.08586501, 0.05366563), (-0.056195147, -0.089912236, 0.056195147), (-0.046843205, -0.09368641, 0.058554005), (-0.03636549, -0.09697464, 0.060609154), (-0.024886841, -0.099547364, 0.0622171), (-0.0126491105, -0.101192884, 0.06324555), (0, -0.1017598, 0.06359987), (0.0126491105, -0.101192884, 0.06324555), (0.024886841, -0.099547364, 0.0622171), (0.03636549, -0.09697464, 0.060609154), (0.046843205, -0.09368641, 0.058554005), (0.056195147, -0.089912236, 0.056195147), (0.06439876, -0.08586501, 0.05366563), (0.07150555, -0.08172063, 0.05107539), (-0.068815485, -0.078646265, 0.058984697), (-0.06173949, -0.08231932, 0.06173949), (-0.05366563, -0.08586501, 0.06439876), (-0.04456688, -0.08913376, 0.06685032), (-0.034481745, -0.091951326, 0.06896349), (-0.023533937, -0.09413575, 0.070601806), (-0.011940447, -0.09552357, 0.071642675), (0, -0.096, 0.072), (0.011940447, -0.09552357, 0.071642675), (0.023533937, -0.09413575, 0.070601806), (0.034481745, -0.091951326, 0.06896349), (0.04456688, -0.08913376, 0.06685032), (0.05366563, -0.08586501, 0.06439876), (0.06173949, -0.08231932, 0.06173949), (0.068815485, -0.078646265, 0.058984697), (-0.06599663, -0.07542472, 0.06599663), (-0.058984697, -0.078646265, 0.068815485), (-0.05107539, -0.08172063, 0.07150555), (-0.042261645, -0.08452329, 0.073957875), (-0.03259287, -0.086914316, 0.07605003), (-0.022188008, -0.08875203, 0.07765803), (-0.0112390295, -0.089912236, 0.078673206), (0, -0.0903092, 0.07902055), (0.0112390295, -0.089912236, 0.078673206), (0.022188008, -0.08875203, 0.07765803), (0.03259287, -0.086914316, 0.07605003), (0.042261645, -0.08452329, 0.073957875), (0.05107539, -0.08172063, 0.07150555), (0.058984697, -0.078646265, 0.068815485), (0.06599663, -0.07542472, 0.06599663), (-0.06313827, -0.072158016, 0.072158016), (-0.056222554, -0.074963406, 0.074963406), (-0.048507124, -0.0776114, 0.0776114), (-0.04, -0.08, 0.08), (-0.030756876, -0.08201834, 0.08201834), (-0.02088932, -0.08355728, 0.08355728), (-0.010565411, -0.08452329, 0.08452329), (0, -0.084852815, 0.084852815), (0.010565411, -0.08452329, 0.08452329), (0.02088932, -0.08355728, 0.08355728), (0.030756876, -0.08201834, 0.08201834), (0.04, -0.08, 0.08), (0.048507124, -0.0776114, 0.0776114), (0.056222554, -0.074963406, 0.074963406), (0.06313827, -0.072158016, 0.072158016), (-0.06313827, 0.072158016, -0.072158016), (-0.06599663, 0.07542472, -0.06599663), (-0.056222554, 0.074963406, -0.074963406), (-0.058984697, 0.078646265, -0.068815485), (-0.048507124, 0.0776114, -0.0776114), (-0.05107539, 0.08172063, -0.07150555), (-0.04, 0.08, -0.08), (-0.042261645, 0.08452329, -0.073957875), (-0.030756876, 0.08201834, -0.08201834), (-0.03259287, 0.086914316, -0.07605003), (-0.02088932, 0.08355728, -0.08355728), (-0.022188008, 0.08875203, -0.07765803), (-0.010565411, 0.08452329, -0.08452329), (-0.0112390295, 0.089912236, -0.078673206), (0, 0.084852815, -0.084852815), (0, 0.0903092, -0.07902055), (0.010565411, 0.08452329, -0.08452329), (0.0112390295, 0.089912236, -0.078673206), (0.02088932, 0.08355728, -0.08355728), (0.022188008, 0.08875203, -0.07765803), (0.030756876, 0.08201834, -0.08201834), (0.03259287, 0.086914316, -0.07605003), (0.04, 0.08, -0.08), (0.042261645, 0.08452329, -0.073957875), (0.048507124, 0.0776114, -0.0776114), (0.05107539, 0.08172063, -0.07150555), (0.056222554, 0.074963406, -0.074963406), (0.058984697, 0.078646265, -0.068815485), (0.06313827, 0.072158016, -0.072158016), (0.06599663, 0.07542472, -0.06599663), (-0.068815485, 0.078646265, -0.058984697), (-0.06173949, 0.08231932, -0.06173949), (-0.05366563, 0.08586501, -0.06439876), (-0.04456688, 0.08913376, -0.06685032), (-0.034481745, 0.091951326, -0.06896349), (-0.023533937, 0.09413575, -0.070601806), (-0.011940447, 0.09552357, -0.071642675), (0, 0.096, -0.072), (0.011940447, 0.09552357, -0.071642675), (0.023533937, 0.09413575, -0.070601806), (0.034481745, 0.091951326, -0.06896349), (0.04456688, 0.08913376, -0.06685032), (0.05366563, 0.08586501, -0.06439876), (0.06173949, 0.08231932, -0.06173949), (0.068815485, 0.078646265, -0.058984697), (-0.07150555, 0.08172063, -0.05107539), (-0.06439876, 0.08586501, -0.05366563), (-0.056195147, 0.089912236, -0.056195147), (-0.046843205, 0.09368641, -0.058554005), (-0.03636549, 0.09697464, -0.060609154), (-0.024886841, 0.099547364, -0.0622171), (-0.0126491105, 0.101192884, -0.06324555), (0, 0.1017598, -0.06359987), (0.0126491105, 0.101192884, -0.06324555), (0.024886841, 0.099547364, -0.0622171), (0.03636549, 0.09697464, -0.060609154), (0.046843205, 0.09368641, -0.058554005), (0.056195147, 0.089912236, -0.056195147), (0.06439876, 0.08586501, -0.05366563), (0.07150555, 0.08172063, -0.05107539), (-0.073957875, 0.08452329, -0.042261645), (-0.06685032, 0.08913376, -0.04456688), (-0.058554005, 0.09368641, -0.046843205), (-0.048989795, 0.09797959, -0.048989795), (-0.038159925, 0.1017598, -0.0508799), (-0.026186148, 0.10474459, -0.052372295), (-0.013333334, 0.10666667, -0.053333335), (0, 0.10733126, -0.05366563), (0.013333334, 0.10666667, -0.053333335), (0.026186148, 0.10474459, -0.052372295), (0.038159925, 0.1017598, -0.0508799), (0.048989795, 0.09797959, -0.048989795), (0.058554005, 0.09368641, -0.046843205), (0.06685032, 0.08913376, -0.04456688), (0.073957875, 0.08452329, -0.042261645), (-0.07605003, 0.086914316, -0.03259287), (-0.06896349, 0.091951326, -0.034481745), (-0.060609154, 0.09697464, -0.03636549), (-0.0508799, 0.1017598, -0.038159925), (-0.039755348, 0.10601427, -0.039755348), (-0.027350537, 0.10940215, -0.041025806), (-0.013949716, 0.11159773, -0.04184915), (0, 0.1123595, -0.042134814), (0.013949716, 0.11159773, -0.04184915), (0.027350537, 0.10940215, -0.041025806), (0.039755348, 0.10601427, -0.039755348), (0.0508799, 0.1017598, -0.038159925), (0.060609154, 0.09697464, -0.03636549), (0.06896349, 0.091951326, -0.034481745), (0.07605003, 0.086914316, -0.03259287), (-0.07765803, 0.08875203, -0.022188008), (-0.070601806, 0.09413575, -0.023533937), (-0.0622171, 0.099547364, -0.024886841), (-0.052372295, 0.10474459, -0.026186148), (-0.041025806, 0.10940215, -0.027350537), (-0.02828427, 0.11313708, -0.02828427), (-0.014446302, 0.11557042, -0.028892605), (0, 0.1164171, -0.029104276), (0.014446302, 0.11557042, -0.028892605), (0.02828427, 0.11313708, -0.02828427), (0.041025806, 0.10940215, -0.027350537), (0.052372295, 0.10474459, -0.026186148), (0.0622171, 0.099547364, -0.024886841), (0.070601806, 0.09413575, -0.023533937), (0.07765803, 0.08875203, -0.022188008), (-0.078673206, 0.089912236, -0.0112390295), (-0.071642675, 0.09552357, -0.011940447), (-0.06324555, 0.101192884, -0.0126491105), (-0.053333335, 0.10666667, -0.013333334), (-0.04184915, 0.11159773, -0.013949716), (-0.028892605, 0.11557042, -0.014446302), (-0.014770979, 0.11816783, -0.014770979), (0, 0.119073346, -0.014884168), (0.014770979, 0.11816783, -0.014770979), (0.028892605, 0.11557042, -0.014446302), (0.04184915, 0.11159773, -0.013949716), (0.053333335, 0.10666667, -0.013333334), (0.06324555, 0.101192884, -0.0126491105), (0.071642675, 0.09552357, -0.011940447), (0.078673206, 0.089912236, -0.0112390295), (-0.07902055, 0.0903092, 0), (-0.072, 0.096, 0), (-0.06359987, 0.1017598, 0), (-0.05366563, 0.10733126, 0), (-0.042134814, 0.1123595, 0), (-0.029104276, 0.1164171, 0), (-0.014884168, 0.119073346, 0), (0, 0.12, 0), (0.014884168, 0.119073346, 0), (0.029104276, 0.1164171, 0), (0.042134814, 0.1123595, 0), (0.05366563, 0.10733126, 0), (0.06359987, 0.1017598, 0), (0.072, 0.096, 0), (0.07902055, 0.0903092, 0), (-0.078673206, 0.089912236, 0.0112390295), (-0.071642675, 0.09552357, 0.011940447), (-0.06324555, 0.101192884, 0.0126491105), (-0.053333335, 0.10666667, 0.013333334), (-0.04184915, 0.11159773, 0.013949716), (-0.028892605, 0.11557042, 0.014446302), (-0.014770979, 0.11816783, 0.014770979), (0, 0.119073346, 0.014884168), (0.014770979, 0.11816783, 0.014770979), (0.028892605, 0.11557042, 0.014446302), (0.04184915, 0.11159773, 0.013949716), (0.053333335, 0.10666667, 0.013333334), (0.06324555, 0.101192884, 0.0126491105), (0.071642675, 0.09552357, 0.011940447), (0.078673206, 0.089912236, 0.0112390295), (-0.07765803, 0.08875203, 0.022188008), (-0.070601806, 0.09413575, 0.023533937), (-0.0622171, 0.099547364, 0.024886841), (-0.052372295, 0.10474459, 0.026186148), (-0.041025806, 0.10940215, 0.027350537), (-0.02828427, 0.11313708, 0.02828427), (-0.014446302, 0.11557042, 0.028892605), (0, 0.1164171, 0.029104276), (0.014446302, 0.11557042, 0.028892605), (0.02828427, 0.11313708, 0.02828427), (0.041025806, 0.10940215, 0.027350537), (0.052372295, 0.10474459, 0.026186148), (0.0622171, 0.099547364, 0.024886841), (0.070601806, 0.09413575, 0.023533937), (0.07765803, 0.08875203, 0.022188008), (-0.07605003, 0.086914316, 0.03259287), (-0.06896349, 0.091951326, 0.034481745), (-0.060609154, 0.09697464, 0.03636549), (-0.0508799, 0.1017598, 0.038159925), (-0.039755348, 0.10601427, 0.039755348), (-0.027350537, 0.10940215, 0.041025806), (-0.013949716, 0.11159773, 0.04184915), (0, 0.1123595, 0.042134814), (0.013949716, 0.11159773, 0.04184915), (0.027350537, 0.10940215, 0.041025806), (0.039755348, 0.10601427, 0.039755348), (0.0508799, 0.1017598, 0.038159925), (0.060609154, 0.09697464, 0.03636549), (0.06896349, 0.091951326, 0.034481745), (0.07605003, 0.086914316, 0.03259287), (-0.073957875, 0.08452329, 0.042261645), (-0.06685032, 0.08913376, 0.04456688), (-0.058554005, 0.09368641, 0.046843205), (-0.048989795, 0.09797959, 0.048989795), (-0.038159925, 0.1017598, 0.0508799), (-0.026186148, 0.10474459, 0.052372295), (-0.013333334, 0.10666667, 0.053333335), (0, 0.10733126, 0.05366563), (0.013333334, 0.10666667, 0.053333335), (0.026186148, 0.10474459, 0.052372295), (0.038159925, 0.1017598, 0.0508799), (0.048989795, 0.09797959, 0.048989795), (0.058554005, 0.09368641, 0.046843205), (0.06685032, 0.08913376, 0.04456688), (0.073957875, 0.08452329, 0.042261645), (-0.07150555, 0.08172063, 0.05107539), (-0.06439876, 0.08586501, 0.05366563), (-0.056195147, 0.089912236, 0.056195147), (-0.046843205, 0.09368641, 0.058554005), (-0.03636549, 0.09697464, 0.060609154), (-0.024886841, 0.099547364, 0.0622171), (-0.0126491105, 0.101192884, 0.06324555), (0, 0.1017598, 0.06359987), (0.0126491105, 0.101192884, 0.06324555), (0.024886841, 0.099547364, 0.0622171), (0.03636549, 0.09697464, 0.060609154), (0.046843205, 0.09368641, 0.058554005), (0.056195147, 0.089912236, 0.056195147), (0.06439876, 0.08586501, 0.05366563), (0.07150555, 0.08172063, 0.05107539), (-0.068815485, 0.078646265, 0.058984697), (-0.06173949, 0.08231932, 0.06173949), (-0.05366563, 0.08586501, 0.06439876), (-0.04456688, 0.08913376, 0.06685032), (-0.034481745, 0.091951326, 0.06896349), (-0.023533937, 0.09413575, 0.070601806), (-0.011940447, 0.09552357, 0.071642675), (0, 0.096, 0.072), (0.011940447, 0.09552357, 0.071642675), (0.023533937, 0.09413575, 0.070601806), (0.034481745, 0.091951326, 0.06896349), (0.04456688, 0.08913376, 0.06685032), (0.05366563, 0.08586501, 0.06439876), (0.06173949, 0.08231932, 0.06173949), (0.068815485, 0.078646265, 0.058984697), (-0.06599663, 0.07542472, 0.06599663), (-0.058984697, 0.078646265, 0.068815485), (-0.05107539, 0.08172063, 0.07150555), (-0.042261645, 0.08452329, 0.073957875), (-0.03259287, 0.086914316, 0.07605003), (-0.022188008, 0.08875203, 0.07765803), (-0.0112390295, 0.089912236, 0.078673206), (0, 0.0903092, 0.07902055), (0.0112390295, 0.089912236, 0.078673206), (0.022188008, 0.08875203, 0.07765803), (0.03259287, 0.086914316, 0.07605003), (0.042261645, 0.08452329, 0.073957875), (0.05107539, 0.08172063, 0.07150555), (0.058984697, 0.078646265, 0.068815485), (0.06599663, 0.07542472, 0.06599663), (-0.06313827, 0.072158016, 0.072158016), (-0.056222554, 0.074963406, 0.074963406), (-0.048507124, 0.0776114, 0.0776114), (-0.04, 0.08, 0.08), (-0.030756876, 0.08201834, 0.08201834), (-0.02088932, 0.08355728, 0.08355728), (-0.010565411, 0.08452329, 0.08452329), (0, 0.084852815, 0.084852815), (0.010565411, 0.08452329, 0.08452329), (0.02088932, 0.08355728, 0.08355728), (0.030756876, 0.08201834, 0.08201834), (0.04, 0.08, 0.08), (0.048507124, 0.0776114, 0.0776114), (0.056222554, 0.074963406, 0.074963406), (0.06313827, 0.072158016, 0.072158016), (-0.06599663, -0.06599663, -0.07542472), (-0.058984697, -0.068815485, -0.078646265), (-0.05107539, -0.07150555, -0.08172063), (-0.042261645, -0.073957875, -0.08452329), (-0.03259287, -0.07605003, -0.086914316), (-0.022188008, -0.07765803, -0.08875203), (-0.0112390295, -0.078673206, -0.089912236), (0, -0.07902055, -0.0903092), (0.0112390295, -0.078673206, -0.089912236), (0.022188008, -0.07765803, -0.08875203), (0.03259287, -0.07605003, -0.086914316), (0.042261645, -0.073957875, -0.08452329), (0.05107539, -0.07150555, -0.08172063), (0.058984697, -0.068815485, -0.078646265), (0.06599663, -0.06599663, -0.07542472), (-0.068815485, -0.058984697, -0.078646265), (-0.06173949, -0.06173949, -0.08231932), (-0.05366563, -0.06439876, -0.08586501), (-0.04456688, -0.06685032, -0.08913376), (-0.034481745, -0.06896349, -0.091951326), (-0.023533937, -0.070601806, -0.09413575), (-0.011940447, -0.071642675, -0.09552357), (0, -0.072, -0.096), (0.011940447, -0.071642675, -0.09552357), (0.023533937, -0.070601806, -0.09413575), (0.034481745, -0.06896349, -0.091951326), (0.04456688, -0.06685032, -0.08913376), (0.05366563, -0.06439876, -0.08586501), (0.06173949, -0.06173949, -0.08231932), (0.068815485, -0.058984697, -0.078646265), (-0.07150555, -0.05107539, -0.08172063), (-0.06439876, -0.05366563, -0.08586501), (-0.056195147, -0.056195147, -0.089912236), (-0.046843205, -0.058554005, -0.09368641), (-0.03636549, -0.060609154, -0.09697464), (-0.024886841, -0.0622171, -0.099547364), (-0.0126491105, -0.06324555, -0.101192884), (0, -0.06359987, -0.1017598), (0.0126491105, -0.06324555, -0.101192884), (0.024886841, -0.0622171, -0.099547364), (0.03636549, -0.060609154, -0.09697464), (0.046843205, -0.058554005, -0.09368641), (0.056195147, -0.056195147, -0.089912236), (0.06439876, -0.05366563, -0.08586501), (0.07150555, -0.05107539, -0.08172063), (-0.073957875, -0.042261645, -0.08452329), (-0.06685032, -0.04456688, -0.08913376), (-0.058554005, -0.046843205, -0.09368641), (-0.048989795, -0.048989795, -0.09797959), (-0.038159925, -0.0508799, -0.1017598), (-0.026186148, -0.052372295, -0.10474459), (-0.013333334, -0.053333335, -0.10666667), (0, -0.05366563, -0.10733126), (0.013333334, -0.053333335, -0.10666667), (0.026186148, -0.052372295, -0.10474459), (0.038159925, -0.0508799, -0.1017598), (0.048989795, -0.048989795, -0.09797959), (0.058554005, -0.046843205, -0.09368641), (0.06685032, -0.04456688, -0.08913376), (0.073957875, -0.042261645, -0.08452329), (-0.07605003, -0.03259287, -0.086914316), (-0.06896349, -0.034481745, -0.091951326), (-0.060609154, -0.03636549, -0.09697464), (-0.0508799, -0.038159925, -0.1017598), (-0.039755348, -0.039755348, -0.10601427), (-0.027350537, -0.041025806, -0.10940215), (-0.013949716, -0.04184915, -0.11159773), (0, -0.042134814, -0.1123595), (0.013949716, -0.04184915, -0.11159773), (0.027350537, -0.041025806, -0.10940215), (0.039755348, -0.039755348, -0.10601427), (0.0508799, -0.038159925, -0.1017598), (0.060609154, -0.03636549, -0.09697464), (0.06896349, -0.034481745, -0.091951326), (0.07605003, -0.03259287, -0.086914316), (-0.07765803, -0.022188008, -0.08875203), (-0.070601806, -0.023533937, -0.09413575), (-0.0622171, -0.024886841, -0.099547364), (-0.052372295, -0.026186148, -0.10474459), (-0.041025806, -0.027350537, -0.10940215), (-0.02828427, -0.02828427, -0.11313708), (-0.014446302, -0.028892605, -0.11557042), (0, -0.029104276, -0.1164171), (0.014446302, -0.028892605, -0.11557042), (0.02828427, -0.02828427, -0.11313708), (0.041025806, -0.027350537, -0.10940215), (0.052372295, -0.026186148, -0.10474459), (0.0622171, -0.024886841, -0.099547364), (0.070601806, -0.023533937, -0.09413575), (0.07765803, -0.022188008, -0.08875203), (-0.078673206, -0.0112390295, -0.089912236), (-0.071642675, -0.011940447, -0.09552357), (-0.06324555, -0.0126491105, -0.101192884), (-0.053333335, -0.013333334, -0.10666667), (-0.04184915, -0.013949716, -0.11159773), (-0.028892605, -0.014446302, -0.11557042), (-0.014770979, -0.014770979, -0.11816783), (0, -0.014884168, -0.119073346), (0.014770979, -0.014770979, -0.11816783), (0.028892605, -0.014446302, -0.11557042), (0.04184915, -0.013949716, -0.11159773), (0.053333335, -0.013333334, -0.10666667), (0.06324555, -0.0126491105, -0.101192884), (0.071642675, -0.011940447, -0.09552357), (0.078673206, -0.0112390295, -0.089912236), (-0.07902055, 0, -0.0903092), (-0.072, 0, -0.096), (-0.06359987, 0, -0.1017598), (-0.05366563, 0, -0.10733126), (-0.042134814, 0, -0.1123595), (-0.029104276, 0, -0.1164171), (-0.014884168, 0, -0.119073346), (0, 0, -0.12), (0.014884168, 0, -0.119073346), (0.029104276, 0, -0.1164171), (0.042134814, 0, -0.1123595), (0.05366563, 0, -0.10733126), (0.06359987, 0, -0.1017598), (0.072, 0, -0.096), (0.07902055, 0, -0.0903092), (-0.078673206, 0.0112390295, -0.089912236), (-0.071642675, 0.011940447, -0.09552357), (-0.06324555, 0.0126491105, -0.101192884), (-0.053333335, 0.013333334, -0.10666667), (-0.04184915, 0.013949716, -0.11159773), (-0.028892605, 0.014446302, -0.11557042), (-0.014770979, 0.014770979, -0.11816783), (0, 0.014884168, -0.119073346), (0.014770979, 0.014770979, -0.11816783), (0.028892605, 0.014446302, -0.11557042), (0.04184915, 0.013949716, -0.11159773), (0.053333335, 0.013333334, -0.10666667), (0.06324555, 0.0126491105, -0.101192884), (0.071642675, 0.011940447, -0.09552357), (0.078673206, 0.0112390295, -0.089912236), (-0.07765803, 0.022188008, -0.08875203), (-0.070601806, 0.023533937, -0.09413575), (-0.0622171, 0.024886841, -0.099547364), (-0.052372295, 0.026186148, -0.10474459), (-0.041025806, 0.027350537, -0.10940215), (-0.02828427, 0.02828427, -0.11313708), (-0.014446302, 0.028892605, -0.11557042), (0, 0.029104276, -0.1164171), (0.014446302, 0.028892605, -0.11557042), (0.02828427, 0.02828427, -0.11313708), (0.041025806, 0.027350537, -0.10940215), (0.052372295, 0.026186148, -0.10474459), (0.0622171, 0.024886841, -0.099547364), (0.070601806, 0.023533937, -0.09413575), (0.07765803, 0.022188008, -0.08875203), (-0.07605003, 0.03259287, -0.086914316), (-0.06896349, 0.034481745, -0.091951326), (-0.060609154, 0.03636549, -0.09697464), (-0.0508799, 0.038159925, -0.1017598), (-0.039755348, 0.039755348, -0.10601427), (-0.027350537, 0.041025806, -0.10940215), (-0.013949716, 0.04184915, -0.11159773), (0, 0.042134814, -0.1123595), (0.013949716, 0.04184915, -0.11159773), (0.027350537, 0.041025806, -0.10940215), (0.039755348, 0.039755348, -0.10601427), (0.0508799, 0.038159925, -0.1017598), (0.060609154, 0.03636549, -0.09697464), (0.06896349, 0.034481745, -0.091951326), (0.07605003, 0.03259287, -0.086914316), (-0.073957875, 0.042261645, -0.08452329), (-0.06685032, 0.04456688, -0.08913376), (-0.058554005, 0.046843205, -0.09368641), (-0.048989795, 0.048989795, -0.09797959), (-0.038159925, 0.0508799, -0.1017598), (-0.026186148, 0.052372295, -0.10474459), (-0.013333334, 0.053333335, -0.10666667), (0, 0.05366563, -0.10733126), (0.013333334, 0.053333335, -0.10666667), (0.026186148, 0.052372295, -0.10474459), (0.038159925, 0.0508799, -0.1017598), (0.048989795, 0.048989795, -0.09797959), (0.058554005, 0.046843205, -0.09368641), (0.06685032, 0.04456688, -0.08913376), (0.073957875, 0.042261645, -0.08452329), (-0.07150555, 0.05107539, -0.08172063), (-0.06439876, 0.05366563, -0.08586501), (-0.056195147, 0.056195147, -0.089912236), (-0.046843205, 0.058554005, -0.09368641), (-0.03636549, 0.060609154, -0.09697464), (-0.024886841, 0.0622171, -0.099547364), (-0.0126491105, 0.06324555, -0.101192884), (0, 0.06359987, -0.1017598), (0.0126491105, 0.06324555, -0.101192884), (0.024886841, 0.0622171, -0.099547364), (0.03636549, 0.060609154, -0.09697464), (0.046843205, 0.058554005, -0.09368641), (0.056195147, 0.056195147, -0.089912236), (0.06439876, 0.05366563, -0.08586501), (0.07150555, 0.05107539, -0.08172063), (-0.068815485, 0.058984697, -0.078646265), (-0.06173949, 0.06173949, -0.08231932), (-0.05366563, 0.06439876, -0.08586501), (-0.04456688, 0.06685032, -0.08913376), (-0.034481745, 0.06896349, -0.091951326), (-0.023533937, 0.070601806, -0.09413575), (-0.011940447, 0.071642675, -0.09552357), (0, 0.072, -0.096), (0.011940447, 0.071642675, -0.09552357), (0.023533937, 0.070601806, -0.09413575), (0.034481745, 0.06896349, -0.091951326), (0.04456688, 0.06685032, -0.08913376), (0.05366563, 0.06439876, -0.08586501), (0.06173949, 0.06173949, -0.08231932), (0.068815485, 0.058984697, -0.078646265), (-0.06599663, 0.06599663, -0.07542472), (-0.058984697, 0.068815485, -0.078646265), (-0.05107539, 0.07150555, -0.08172063), (-0.042261645, 0.073957875, -0.08452329), (-0.03259287, 0.07605003, -0.086914316), (-0.022188008, 0.07765803, -0.08875203), (-0.0112390295, 0.078673206, -0.089912236), (0, 0.07902055, -0.0903092), (0.0112390295, 0.078673206, -0.089912236), (0.022188008, 0.07765803, -0.08875203), (0.03259287, 0.07605003, -0.086914316), (0.042261645, 0.073957875, -0.08452329), (0.05107539, 0.07150555, -0.08172063), (0.058984697, 0.068815485, -0.078646265), (0.06599663, 0.06599663, -0.07542472), (-0.06599663, -0.06599663, 0.07542472), (-0.058984697, -0.068815485, 0.078646265), (-0.05107539, -0.07150555, 0.08172063), (-0.042261645, -0.073957875, 0.08452329), (-0.03259287, -0.07605003, 0.086914316), (-0.022188008, -0.07765803, 0.08875203), (-0.0112390295, -0.078673206, 0.089912236), (0, -0.07902055, 0.0903092), (0.0112390295, -0.078673206, 0.089912236), (0.022188008, -0.07765803, 0.08875203), (0.03259287, -0.07605003, 0.086914316), (0.042261645, -0.073957875, 0.08452329), (0.05107539, -0.07150555, 0.08172063), (0.058984697, -0.068815485, 0.078646265), (0.06599663, -0.06599663, 0.07542472), (-0.068815485, -0.058984697, 0.078646265), (-0.06173949, -0.06173949, 0.08231932), (-0.05366563, -0.06439876, 0.08586501), (-0.04456688, -0.06685032, 0.08913376), (-0.034481745, -0.06896349, 0.091951326), (-0.023533937, -0.070601806, 0.09413575), (-0.011940447, -0.071642675, 0.09552357), (0, -0.072, 0.096), (0.011940447, -0.071642675, 0.09552357), (0.023533937, -0.070601806, 0.09413575), (0.034481745, -0.06896349, 0.091951326), (0.04456688, -0.06685032, 0.08913376), (0.05366563, -0.06439876, 0.08586501), (0.06173949, -0.06173949, 0.08231932), (0.068815485, -0.058984697, 0.078646265), (-0.07150555, -0.05107539, 0.08172063), (-0.06439876, -0.05366563, 0.08586501), (-0.056195147, -0.056195147, 0.089912236), (-0.046843205, -0.058554005, 0.09368641), (-0.03636549, -0.060609154, 0.09697464), (-0.024886841, -0.0622171, 0.099547364), (-0.0126491105, -0.06324555, 0.101192884), (0, -0.06359987, 0.1017598), (0.0126491105, -0.06324555, 0.101192884), (0.024886841, -0.0622171, 0.099547364), (0.03636549, -0.060609154, 0.09697464), (0.046843205, -0.058554005, 0.09368641), (0.056195147, -0.056195147, 0.089912236), (0.06439876, -0.05366563, 0.08586501), (0.07150555, -0.05107539, 0.08172063), (-0.073957875, -0.042261645, 0.08452329), (-0.06685032, -0.04456688, 0.08913376), (-0.058554005, -0.046843205, 0.09368641), (-0.048989795, -0.048989795, 0.09797959), (-0.038159925, -0.0508799, 0.1017598), (-0.026186148, -0.052372295, 0.10474459), (-0.013333334, -0.053333335, 0.10666667), (0, -0.05366563, 0.10733126), (0.013333334, -0.053333335, 0.10666667), (0.026186148, -0.052372295, 0.10474459), (0.038159925, -0.0508799, 0.1017598), (0.048989795, -0.048989795, 0.09797959), (0.058554005, -0.046843205, 0.09368641), (0.06685032, -0.04456688, 0.08913376), (0.073957875, -0.042261645, 0.08452329), (-0.07605003, -0.03259287, 0.086914316), (-0.06896349, -0.034481745, 0.091951326), (-0.060609154, -0.03636549, 0.09697464), (-0.0508799, -0.038159925, 0.1017598), (-0.039755348, -0.039755348, 0.10601427), (-0.027350537, -0.041025806, 0.10940215), (-0.013949716, -0.04184915, 0.11159773), (0, -0.042134814, 0.1123595), (0.013949716, -0.04184915, 0.11159773), (0.027350537, -0.041025806, 0.10940215), (0.039755348, -0.039755348, 0.10601427), (0.0508799, -0.038159925, 0.1017598), (0.060609154, -0.03636549, 0.09697464), (0.06896349, -0.034481745, 0.091951326), (0.07605003, -0.03259287, 0.086914316), (-0.07765803, -0.022188008, 0.08875203), (-0.070601806, -0.023533937, 0.09413575), (-0.0622171, -0.024886841, 0.099547364), (-0.052372295, -0.026186148, 0.10474459), (-0.041025806, -0.027350537, 0.10940215), (-0.02828427, -0.02828427, 0.11313708), (-0.014446302, -0.028892605, 0.11557042), (0, -0.029104276, 0.1164171), (0.014446302, -0.028892605, 0.11557042), (0.02828427, -0.02828427, 0.11313708), (0.041025806, -0.027350537, 0.10940215), (0.052372295, -0.026186148, 0.10474459), (0.0622171, -0.024886841, 0.099547364), (0.070601806, -0.023533937, 0.09413575), (0.07765803, -0.022188008, 0.08875203), (-0.078673206, -0.0112390295, 0.089912236), (-0.071642675, -0.011940447, 0.09552357), (-0.06324555, -0.0126491105, 0.101192884), (-0.053333335, -0.013333334, 0.10666667), (-0.04184915, -0.013949716, 0.11159773), (-0.028892605, -0.014446302, 0.11557042), (-0.014770979, -0.014770979, 0.11816783), (0, -0.014884168, 0.119073346), (0.014770979, -0.014770979, 0.11816783), (0.028892605, -0.014446302, 0.11557042), (0.04184915, -0.013949716, 0.11159773), (0.053333335, -0.013333334, 0.10666667), (0.06324555, -0.0126491105, 0.101192884), (0.071642675, -0.011940447, 0.09552357), (0.078673206, -0.0112390295, 0.089912236), (-0.07902055, 0, 0.0903092), (-0.072, 0, 0.096), (-0.06359987, 0, 0.1017598), (-0.05366563, 0, 0.10733126), (-0.042134814, 0, 0.1123595), (-0.029104276, 0, 0.1164171), (-0.014884168, 0, 0.119073346), (0, 0, 0.12), (0.014884168, 0, 0.119073346), (0.029104276, 0, 0.1164171), (0.042134814, 0, 0.1123595), (0.05366563, 0, 0.10733126), (0.06359987, 0, 0.1017598), (0.072, 0, 0.096), (0.07902055, 0, 0.0903092), (-0.078673206, 0.0112390295, 0.089912236), (-0.071642675, 0.011940447, 0.09552357), (-0.06324555, 0.0126491105, 0.101192884), (-0.053333335, 0.013333334, 0.10666667), (-0.04184915, 0.013949716, 0.11159773), (-0.028892605, 0.014446302, 0.11557042), (-0.014770979, 0.014770979, 0.11816783), (0, 0.014884168, 0.119073346), (0.014770979, 0.014770979, 0.11816783), (0.028892605, 0.014446302, 0.11557042), (0.04184915, 0.013949716, 0.11159773), (0.053333335, 0.013333334, 0.10666667), (0.06324555, 0.0126491105, 0.101192884), (0.071642675, 0.011940447, 0.09552357), (0.078673206, 0.0112390295, 0.089912236), (-0.07765803, 0.022188008, 0.08875203), (-0.070601806, 0.023533937, 0.09413575), (-0.0622171, 0.024886841, 0.099547364), (-0.052372295, 0.026186148, 0.10474459), (-0.041025806, 0.027350537, 0.10940215), (-0.02828427, 0.02828427, 0.11313708), (-0.014446302, 0.028892605, 0.11557042), (0, 0.029104276, 0.1164171), (0.014446302, 0.028892605, 0.11557042), (0.02828427, 0.02828427, 0.11313708), (0.041025806, 0.027350537, 0.10940215), (0.052372295, 0.026186148, 0.10474459), (0.0622171, 0.024886841, 0.099547364), (0.070601806, 0.023533937, 0.09413575), (0.07765803, 0.022188008, 0.08875203), (-0.07605003, 0.03259287, 0.086914316), (-0.06896349, 0.034481745, 0.091951326), (-0.060609154, 0.03636549, 0.09697464), (-0.0508799, 0.038159925, 0.1017598), (-0.039755348, 0.039755348, 0.10601427), (-0.027350537, 0.041025806, 0.10940215), (-0.013949716, 0.04184915, 0.11159773), (0, 0.042134814, 0.1123595), (0.013949716, 0.04184915, 0.11159773), (0.027350537, 0.041025806, 0.10940215), (0.039755348, 0.039755348, 0.10601427), (0.0508799, 0.038159925, 0.1017598), (0.060609154, 0.03636549, 0.09697464), (0.06896349, 0.034481745, 0.091951326), (0.07605003, 0.03259287, 0.086914316), (-0.073957875, 0.042261645, 0.08452329), (-0.06685032, 0.04456688, 0.08913376), (-0.058554005, 0.046843205, 0.09368641), (-0.048989795, 0.048989795, 0.09797959), (-0.038159925, 0.0508799, 0.1017598), (-0.026186148, 0.052372295, 0.10474459), (-0.013333334, 0.053333335, 0.10666667), (0, 0.05366563, 0.10733126), (0.013333334, 0.053333335, 0.10666667), (0.026186148, 0.052372295, 0.10474459), (0.038159925, 0.0508799, 0.1017598), (0.048989795, 0.048989795, 0.09797959), (0.058554005, 0.046843205, 0.09368641), (0.06685032, 0.04456688, 0.08913376), (0.073957875, 0.042261645, 0.08452329), (-0.07150555, 0.05107539, 0.08172063), (-0.06439876, 0.05366563, 0.08586501), (-0.056195147, 0.056195147, 0.089912236), (-0.046843205, 0.058554005, 0.09368641), (-0.03636549, 0.060609154, 0.09697464), (-0.024886841, 0.0622171, 0.099547364), (-0.0126491105, 0.06324555, 0.101192884), (0, 0.06359987, 0.1017598), (0.0126491105, 0.06324555, 0.101192884), (0.024886841, 0.0622171, 0.099547364), (0.03636549, 0.060609154, 0.09697464), (0.046843205, 0.058554005, 0.09368641), (0.056195147, 0.056195147, 0.089912236), (0.06439876, 0.05366563, 0.08586501), (0.07150555, 0.05107539, 0.08172063), (-0.068815485, 0.058984697, 0.078646265), (-0.06173949, 0.06173949, 0.08231932), (-0.05366563, 0.06439876, 0.08586501), (-0.04456688, 0.06685032, 0.08913376), (-0.034481745, 0.06896349, 0.091951326), (-0.023533937, 0.070601806, 0.09413575), (-0.011940447, 0.071642675, 0.09552357), (0, 0.072, 0.096), (0.011940447, 0.071642675, 0.09552357), (0.023533937, 0.070601806, 0.09413575), (0.034481745, 0.06896349, 0.091951326), (0.04456688, 0.06685032, 0.08913376), (0.05366563, 0.06439876, 0.08586501), (0.06173949, 0.06173949, 0.08231932), (0.068815485, 0.058984697, 0.078646265), (-0.06599663, 0.06599663, 0.07542472), (-0.058984697, 0.068815485, 0.078646265), (-0.05107539, 0.07150555, 0.08172063), (-0.042261645, 0.073957875, 0.08452329), (-0.03259287, 0.07605003, 0.086914316), (-0.022188008, 0.07765803, 0.08875203), (-0.0112390295, 0.078673206, 0.089912236), (0, 0.07902055, 0.0903092), (0.0112390295, 0.078673206, 0.089912236), (0.022188008, 0.07765803, 0.08875203), (0.03259287, 0.07605003, 0.086914316), (0.042261645, 0.073957875, 0.08452329), (0.05107539, 0.07150555, 0.08172063), (0.058984697, 0.068815485, 0.078646265), (0.06599663, 0.06599663, 0.07542472)]
        point3f[] primvars:rest = [(-0.06928203, -0.06928203, -0.06928203), (-0.072158016, -0.06313827, -0.072158016), (-0.07542472, -0.06599663, -0.06599663), (-0.072158016, -0.072158016, -0.06313827), (-0.074963406, -0.056222554, -0.074963406), (-0.078646265, -0.058984697, -0.068815485), (-0.0776114, -0.048507124, -0.0776114), (-0.08172063, -0.05107539, -0.07150555), (-0.08, -0.04, -0.08), (-0.08452329, -0.042261645, -0.073957875), (-0.08201834, -0.030756876, -0.08201834), (-0.086914316, -0.03259287, -0.07605003), (-0.08355728, -0.02088932, -0.08355728), (-0.08875203, -0.022188008, -0.07765803), (-0.08452329, -0.010565411, -0.08452329), (-0.089912236, -0.0112390295, -0.078673206), (-0.084852815, 0, -0.084852815), (-0.0903092, 0, -0.07902055), (-0.08452329, 0.010565411, -0.08452329), (-0.089912236, 0.0112390295, -0.078673206), (-0.08355728, 0.02088932, -0.08355728), (-0.08875203, 0.022188008, -0.07765803), (-0.08201834, 0.030756876, -0.08201834), (-0.086914316, 0.03259287, -0.07605003), (-0.08, 0.04, -0.08), (-0.08452329, 0.042261645, -0.073957875), (-0.0776114, 0.048507124, -0.0776114), (-0.08172063, 0.05107539, -0.07150555), (-0.074963406, 0.056222554, -0.074963406), (-0.078646265, 0.058984697, -0.068815485), (-0.072158016, 0.06313827, -0.072158016), (-0.07542472, 0.06599663, -0.06599663), (-0.06928203, 0.06928203, -0.06928203), (-0.072158016, 0.072158016, -0.06313827), (-0.078646265, -0.068815485, -0.058984697), (-0.074963406, -0.074963406, -0.056222554), (-0.08231932, -0.06173949, -0.06173949), (-0.08586501, -0.05366563, -0.06439876), (-0.08913376, -0.04456688, -0.06685032), (-0.091951326, -0.034481745, -0.06896349), (-0.09413575, -0.023533937, -0.070601806), (-0.09552357, -0.011940447, -0.071642675), (-0.096, 0, -0.072), (-0.09552357, 0.011940447, -0.071642675), (-0.09413575, 0.023533937, -0.070601806), (-0.091951326, 0.034481745, -0.06896349), (-0.08913376, 0.04456688, -0.06685032), (-0.08586501, 0.05366563, -0.06439876), (-0.08231932, 0.06173949, -0.06173949), (-0.078646265, 0.068815485, -0.058984697), (-0.074963406, 0.074963406, -0.056222554), (-0.08172063, -0.07150555, -0.05107539), (-0.0776114, -0.0776114, -0.048507124), (-0.08586501, -0.06439876, -0.05366563), (-0.089912236, -0.056195147, -0.056195147), (-0.09368641, -0.046843205, -0.058554005), (-0.09697464, -0.03636549, -0.060609154), (-0.099547364, -0.024886841, -0.0622171), (-0.101192884, -0.0126491105, -0.06324555), (-0.1017598, 0, -0.06359987), (-0.101192884, 0.0126491105, -0.06324555), (-0.099547364, 0.024886841, -0.0622171), (-0.09697464, 0.03636549, -0.060609154), (-0.09368641, 0.046843205, -0.058554005), (-0.089912236, 0.056195147, -0.056195147), (-0.08586501, 0.06439876, -0.05366563), (-0.08172063, 0.07150555, -0.05107539), (-0.0776114, 0.0776114, -0.048507124), (-0.08452329, -0.073957875, -0.042261645), (-0.08, -0.08, -0.04), (-0.08913376, -0.06685032, -0.04456688), (-0.09368641, -0.058554005, -0.046843205), (-0.09797959, -0.048989795, -0.048989795), (-0.1017598, -0.038159925, -0.0508799), (-0.10474459, -0.026186148, -0.052372295), (-0.10666667, -0.013333334, -0.053333335), (-0.10733126, 0, -0.05366563), (-0.10666667, 0.013333334, -0.053333335), (-0.10474459, 0.026186148, -0.052372295), (-0.1017598, 0.038159925, -0.0508799), (-0.09797959, 0.048989795, -0.048989795), (-0.09368641, 0.058554005, -0.046843205), (-0.08913376, 0.06685032, -0.04456688), (-0.08452329, 0.073957875, -0.042261645), (-0.08, 0.08, -0.04), (-0.086914316, -0.07605003, -0.03259287), (-0.08201834, -0.08201834, -0.030756876), (-0.091951326, -0.06896349, -0.034481745), (-0.09697464, -0.060609154, -0.03636549), (-0.1017598, -0.0508799, -0.038159925), (-0.10601427, -0.039755348, -0.039755348), (-0.10940215, -0.027350537, -0.041025806), (-0.11159773, -0.013949716, -0.04184915), (-0.1123595, 0, -0.042134814), (-0.11159773, 0.013949716, -0.04184915), (-0.10940215, 0.027350537, -0.041025806), (-0.10601427, 0.039755348, -0.039755348), (-0.1017598, 0.0508799, -0.038159925), (-0.09697464, 0.060609154, -0.03636549), (-0.091951326, 0.06896349, -0.034481745), (-0.086914316, 0.07605003, -0.03259287), (-0.08201834, 0.08201834, -0.030756876), (-0.08875203, -0.07765803, -0.022188008), (-0.08355728, -0.08355728, -0.02088932), (-0.09413575, -0.070601806, -0.023533937), (-0.099547364, -0.0622171, -0.024886841), (-0.10474459, -0.052372295, -0.026186148), (-0.10940215, -0.041025806, -0.027350537), (-0.11313708, -0.02828427, -0.02828427), (-0.11557042, -0.014446302, -0.028892605), (-0.1164171, 0, -0.029104276), (-0.11557042, 0.014446302, -0.028892605), (-0.11313708, 0.02828427, -0.02828427), (-0.10940215, 0.041025806, -0.027350537), (-0.10474459, 0.052372295, -0.026186148), (-0.099547364, 0.0622171, -0.024886841), (-0.09413575, 0.070601806, -0.023533937), (-0.08875203, 0.07765803, -0.022188008), (-0.08355728, 0.08355728, -0.02088932), (-0.089912236, -0.078673206, -0.0112390295), (-0.08452329, -0.08452329, -0.010565411), (-0.09552357, -0.071642675, -0.011940447), (-0.101192884, -0.06324555, -0.0126491105), (-0.10666667, -0.053333335, -0.013333334), (-0.11159773, -0.04184915, -0.013949716), (-0.11557042, -0.028892605, -0.014446302), (-0.11816783, -0.014770979, -0.014770979), (-0.119073346, 0, -0.014884168), (-0.11816783, 0.014770979, -0.014770979), (-0.11557042, 0.028892605, -0.014446302), (-0.11159773, 0.04184915, -0.013949716), (-0.10666667, 0.053333335, -0.013333334), (-0.101192884, 0.06324555, -0.0126491105), (-0.09552357, 0.071642675, -0.011940447), (-0.089912236, 0.078673206, -0.0112390295), (-0.08452329, 0.08452329, -0.010565411), (-0.0903092, -0.07902055, 0), (-0.084852815, -0.084852815, 0), (-0.096, -0.072, 0), (-0.1017598, -0.06359987, 0), (-0.10733126, -0.05366563, 0), (-0.1123595, -0.042134814, 0), (-0.1164171, -0.029104276, 0), (-0.119073346, -0.014884168, 0), (-0.12, 0, 0), (-0.119073346, 0.014884168, 0), (-0.1164171, 0.029104276, 0), (-0.1123595, 0.042134814, 0), (-0.10733126, 0.05366563, 0), (-0.1017598, 0.06359987, 0), (-0.096, 0.072, 0), (-0.0903092, 0.07902055, 0), (-0.084852815, 0.084852815, 0), (-0.089912236, -0.078673206, 0.0112390295), (-0.08452329, -0.08452329, 0.010565411), (-0.09552357, -0.071642675, 0.011940447), (-0.101192884, -0.06324555, 0.0126491105), (-0.10666667, -0.053333335, 0.013333334), (-0.11159773, -0.04184915, 0.013949716), (-0.11557042, -0.028892605, 0.014446302), (-0.11816783, -0.014770979, 0.014770979), (-0.119073346, 0, 0.014884168), (-0.11816783, 0.014770979, 0.014770979), (-0.11557042, 0.028892605, 0.014446302), (-0.11159773, 0.04184915, 0.013949716), (-0.10666667, 0.053333335, 0.013333334), (-0.101192884, 0.06324555, 0.0126491105), (-0.09552357, 0.071642675, 0.011940447), (-0.089912236, 0.078673206, 0.0112390295), (-0.08452329, 0.08452329, 0.010565411), (-0.08875203, -0.07765803, 0.022188008), (-0.08355728, -0.08355728, 0.02088932), (-0.09413575, -0.070601806, 0.023533937), (-0.099547364, -0.0622171, 0.024886841), (-0.10474459, -0.052372295, 0.026186148), (-0.10940215, -0.041025806, 0.027350537), (-0.11313708, -0.02828427, 0.02828427), (-0.11557042, -0.014446302, 0.028892605), (-0.1164171, 0, 0.029104276), (-0.11557042, 0.014446302, 0.028892605), (-0.11313708, 0.02828427, 0.02828427), (-0.10940215, 0.041025806, 0.027350537), (-0.10474459, 0.052372295, 0.026186148), (-0.099547364, 0.0622171, 0.024886841), (-0.09413575, 0.070601806, 0.023533937), (-0.08875203, 0.07765803, 0.022188008), (-0.08355728, 0.08355728, 0.02088932), (-0.086914316, -0.07605003, 0.03259287), (-0.08201834, -0.08201834, 0.030756876), (-0.091951326, -0.06896349, 0.034481745), (-0.09697464, -0.060609154, 0.03636549), (-0.1017598, -0.0508799, 0.038159925), (-0.10601427, -0.039755348, 0.039755348), (-0.10940215, -0.027350537, 0.041025806), (-0.11159773, -0.013949716, 0.04184915), (-0.1123595, 0, 0.042134814), (-0.11159773, 0.013949716, 0.04184915), (-0.10940215, 0.027350537, 0.041025806), (-0.10601427, 0.039755348, 0.039755348), (-0.1017598, 0.0508799, 0.038159925), (-0.09697464, 0.060609154, 0.03636549), (-0.091951326, 0.06896349, 0.034481745), (-0.086914316, 0.07605003, 0.03259287), (-0.08201834, 0.08201834, 0.030756876), (-0.08452329, -0.073957875, 0.042261645), (-0.08, -0.08, 0.04), (-0.08913376, -0.06685032, 0.04456688), (-0.09368641, -0.058554005, 0.046843205), (-0.09797959, -0.048989795, 0.048989795), (-0.1017598, -0.038159925, 0.0508799), (-0.10474459, -0.026186148, 0.052372295), (-0.10666667, -0.013333334, 0.053333335), (-0.10733126, 0, 0.05366563), (-0.10666667, 0.013333334, 0.053333335), (-0.10474459, 0.026186148, 0.052372295), (-0.1017598, 0.038159925, 0.0508799), (-0.09797959, 0.048989795, 0.048989795), (-0.09368641, 0.058554005, 0.046843205), (-0.08913376, 0.06685032, 0.04456688), (-0.08452329, 0.073957875, 0.042261645), (-0.08, 0.08, 0.04), (-0.08172063, -0.07150555, 0.05107539), (-0.0776114, -0.0776114, 0.048507124), (-0.08586501, -0.06439876, 0.05366563), (-0.089912236, -0.056195147, 0.056195147), (-0.09368641, -0.046843205, 0.058554005), (-0.09697464, -0.03636549, 0.060609154), (-0.099547364, -0.024886841, 0.0622171), (-0.101192884, -0.0126491105, 0.06324555), (-0.1017598, 0, 0.06359987), (-0.101192884, 0.0126491105, 0.06324555), (-0.099547364, 0.024886841, 0.0622171), (-0.09697464, 0.03636549, 0.060609154), (-0.09368641, 0.046843205, 0.058554005), (-0.089912236, 0.056195147, 0.056195147), (-0.08586501, 0.06439876, 0.05366563), (-0.08172063, 0.07150555, 0.05107539), (-0.0776114, 0.0776114, 0.048507124), (-0.078646265, -0.068815485, 0.058984697), (-0.074963406, -0.074963406, 0.056222554), (-0.08231932, -0.06173949, 0.06173949), (-0.08586501, -0.05366563, 0.06439876), (-0.08913376, -0.04456688, 0.06685032), (-0.091951326, -0.034481745, 0.06896349), (-0.09413575, -0.023533937, 0.070601806), (-0.09552357, -0.011940447, 0.071642675), (-0.096, 0, 0.072), (-0.09552357, 0.011940447, 0.071642675), (-0.09413575, 0.023533937, 0.070601806), (-0.091951326, 0.034481745, 0.06896349), (-0.08913376, 0.04456688, 0.06685032), (-0.08586501, 0.05366563, 0.06439876), (-0.08231932, 0.06173949, 0.06173949), (-0.078646265, 0.068815485, 0.058984697), (-0.074963406, 0.074963406, 0.056222554), (-0.07542472, -0.06599663, 0.06599663), (-0.072158016, -0.072158016, 0.06313827), (-0.078646265, -0.058984697, 0.068815485), (-0.08172063, -0.05107539, 0.07150555), (-0.08452329, -0.042261645, 0.073957875), (-0.086914316, -0.03259287, 0.07605003), (-0.08875203, -0.022188008, 0.07765803), (-0.089912236, -0.0112390295, 0.078673206), (-0.0903092, 0, 0.07902055), (-0.089912236, 0.0112390295, 0.078673206), (-0.08875203, 0.022188008, 0.07765803), (-0.086914316, 0.03259287, 0.07605003), (-0.08452329, 0.042261645, 0.073957875), (-0.08172063, 0.05107539, 0.07150555), (-0.078646265, 0.058984697, 0.068815485), (-0.07542472, 0.06599663, 0.06599663), (-0.072158016, 0.072158016, 0.06313827), (-0.072158016, -0.06313827, 0.072158016), (-0.06928203, -0.06928203, 0.06928203), (-0.074963406, -0.056222554, 0.074963406), (-0.0776114, -0.048507124, 0.0776114), (-0.08, -0.04, 0.08), (-0.08201834, -0.030756876, 0.08201834), (-0.08355728, -0.02088932, 0.08355728), (-0.08452329, -0.010565411, 0.08452329), (-0.084852815, 0, 0.084852815), (-0.08452329, 0.010565411, 0.08452329), (-0.08355728, 0.02088932, 0.08355728), (-0.08201834, 0.030756876, 0.08201834), (-0.08, 0.04, 0.08), (-0.0776114, 0.048507124, 0.0776114), (-0.074963406, 0.056222554, 0.074963406), (-0.072158016, 0.06313827, 0.072158016), (-0.06928203, 0.06928203, 0.06928203), (0.06928203, -0.06928203, -0.06928203), (0.072158016, -0.06313827, -0.072158016), (0.07542472, -0.06599663, -0.06599663), (0.072158016, -0.072158016, -0.06313827), (0.074963406, -0.056222554, -0.074963406), (0.078646265, -0.058984697, -0.068815485), (0.0776114, -0.048507124, -0.0776114), (0.08172063, -0.05107539, -0.07150555), (0.08, -0.04, -0.08), (0.08452329, -0.042261645, -0.073957875), (0.08201834, -0.030756876, -0.08201834), (0.086914316, -0.03259287, -0.07605003), (0.08355728, -0.02088932, -0.08355728), (0.08875203, -0.022188008, -0.07765803), (0.08452329, -0.010565411, -0.08452329), (0.089912236, -0.0112390295, -0.078673206), (0.084852815, 0, -0.084852815), (0.0903092, 0, -0.07902055), (0.08452329, 0.010565411, -0.08452329), (0.089912236, 0.0112390295, -0.078673206), (0.08355728, 0.02088932, -0.08355728), (0.08875203, 0.022188008, -0.07765803), (0.08201834, 0.030756876, -0.08201834), (0.086914316, 0.03259287, -0.07605003), (0.08, 0.04, -0.08), (0.08452329, 0.042261645, -0.073957875), (0.0776114, 0.048507124, -0.0776114), (0.08172063, 0.05107539, -0.07150555), (0.074963406, 0.056222554, -0.074963406), (0.078646265, 0.058984697, -0.068815485), (0.072158016, 0.06313827, -0.072158016), (0.07542472, 0.06599663, -0.06599663), (0.06928203, 0.06928203, -0.06928203), (0.072158016, 0.072158016, -0.06313827), (0.078646265, -0.068815485, -0.058984697), (0.074963406, -0.074963406, -0.056222554), (0.08231932, -0.06173949, -0.06173949), (0.08586501, -0.05366563, -0.06439876), (0.08913376, -0.04456688, -0.06685032), (0.091951326, -0.034481745, -0.06896349), (0.09413575, -0.023533937, -0.070601806), (0.09552357, -0.011940447, -0.071642675), (0.096, 0, -0.072), (0.09552357, 0.011940447, -0.071642675), (0.09413575, 0.023533937, -0.070601806), (0.091951326, 0.034481745, -0.06896349), (0.08913376, 0.04456688, -0.06685032), (0.08586501, 0.05366563, -0.06439876), (0.08231932, 0.06173949, -0.06173949), (0.078646265, 0.068815485, -0.058984697), (0.074963406, 0.074963406, -0.056222554), (0.08172063, -0.07150555, -0.05107539), (0.0776114, -0.0776114, -0.048507124), (0.08586501, -0.06439876, -0.05366563), (0.089912236, -0.056195147, -0.056195147), (0.09368641, -0.046843205, -0.058554005), (0.09697464, -0.03636549, -0.060609154), (0.099547364, -0.024886841, -0.0622171), (0.101192884, -0.0126491105, -0.06324555), (0.1017598, 0, -0.06359987), (0.101192884, 0.0126491105, -0.06324555), (0.099547364, 0.024886841, -0.0622171), (0.09697464, 0.03636549, -0.060609154), (0.09368641, 0.046843205, -0.058554005), (0.089912236, 0.056195147, -0.056195147), (0.08586501, 0.06439876, -0.05366563), (0.08172063, 0.07150555, -0.05107539), (0.0776114, 0.0776114, -0.048507124), (0.08452329, -0.073957875, -0.042261645), (0.08, -0.08, -0.04), (0.08913376, -0.06685032, -0.04456688), (0.09368641, -0.058554005, -0.046843205), (0.09797959, -0.048989795, -0.048989795), (0.1017598, -0.038159925, -0.0508799), (0.10474459, -0.026186148, -0.052372295), (0.10666667, -0.013333334, -0.053333335), (0.10733126, 0, -0.05366563), (0.10666667, 0.013333334, -0.053333335), (0.10474459, 0.026186148, -0.052372295), (0.1017598, 0.038159925, -0.0508799), (0.09797959, 0.048989795, -0.048989795), (0.09368641, 0.058554005, -0.046843205), (0.08913376, 0.06685032, -0.04456688), (0.08452329, 0.073957875, -0.042261645), (0.08, 0.08, -0.04), (0.086914316, -0.07605003, -0.03259287), (0.08201834, -0.08201834, -0.030756876), (0.091951326, -0.06896349, -0.034481745), (0.09697464, -0.060609154, -0.03636549), (0.1017598, -0.0508799, -0.038159925), (0.10601427, -0.039755348, -0.039755348), (0.10940215, -0.027350537, -0.041025806), (0.11159773, -0.013949716, -0.04184915), (0.1123595, 0, -0.042134814), (0.11159773, 0.013949716, -0.04184915), (0.10940215, 0.027350537, -0.041025806), (0.10601427, 0.039755348, -0.039755348), (0.1017598, 0.0508799, -0.038159925), (0.09697464, 0.060609154, -0.03636549), (0.091951326, 0.06896349, -0.034481745), (0.086914316, 0.07605003, -0.03259287), (0.08201834, 0.08201834, -0.030756876), (0.08875203, -0.07765803, -0.022188008), (0.08355728, -0.08355728, -0.02088932), (0.09413575, -0.070601806, -0.023533937), (0.099547364, -0.0622171, -0.024886841), (0.10474459, -0.052372295, -0.026186148), (0.10940215, -0.041025806, -0.027350537), (0.11313708, -0.02828427, -0.02828427), (0.11557042, -0.014446302, -0.028892605), (0.1164171, 0, -0.029104276), (0.11557042, 0.014446302, -0.028892605), (0.11313708, 0.02828427, -0.02828427), (0.10940215, 0.041025806, -0.027350537), (0.10474459, 0.052372295, -0.026186148), (0.099547364, 0.0622171, -0.024886841), (0.09413575, 0.070601806, -0.023533937), (0.08875203, 0.07765803, -0.022188008), (0.08355728, 0.08355728, -0.02088932), (0.089912236, -0.078673206, -0.0112390295), (0.08452329, -0.08452329, -0.010565411), (0.09552357, -0.071642675, -0.011940447), (0.101192884, -0.06324555, -0.0126491105), (0.10666667, -0.053333335, -0.013333334), (0.11159773, -0.04184915, -0.013949716), (0.11557042, -0.028892605, -0.014446302), (0.11816783, -0.014770979, -0.014770979), (0.119073346, 0, -0.014884168), (0.11816783, 0.014770979, -0.014770979), (0.11557042, 0.028892605, -0.014446302), (0.11159773, 0.04184915, -0.013949716), (0.10666667, 0.053333335, -0.013333334), (0.101192884, 0.06324555, -0.0126491105), (0.09552357, 0.071642675, -0.011940447), (0.089912236, 0.078673206, -0.0112390295), (0.08452329, 0.08452329, -0.010565411), (0.0903092, -0.07902055, 0), (0.084852815, -0.084852815, 0), (0.096, -0.072, 0), (0.1017598, -0.06359987, 0), (0.10733126, -0.05366563, 0), (0.1123595, -0.042134814, 0), (0.1164171, -0.029104276, 0), (0.119073346, -0.014884168, 0), (0.12, 0, 0), (0.119073346, 0.014884168, 0), (0.1164171, 0.029104276, 0), (0.1123595, 0.042134814, 0), (0.10733126, 0.05366563, 0), (0.1017598, 0.06359987, 0), (0.096, 0.072, 0), (0.0903092, 0.07902055, 0), (0.084852815, 0.084852815, 0), (0.089912236, -0.078673206, 0.0112390295), (0.08452329, -0.08452329, 0.010565411), (0.09552357, -0.071642675, 0.011940447), (0.101192884, -0.06324555, 0.0126491105), (0.10666667, -0.053333335, 0.013333334), (0.11159773, -0.04184915, 0.013949716), (0.11557042, -0.028892605, 0.014446302), (0.11816783, -0.014770979, 0.014770979), (0.119073346, 0, 0.014884168), (0.11816783, 0.014770979, 0.014770979), (0.11557042, 0.028892605, 0.014446302), (0.11159773, 0.04184915, 0.013949716), (0.10666667, 0.053333335, 0.013333334), (0.101192884, 0.06324555, 0.0126491105), (0.09552357, 0.071642675, 0.011940447), (0.089912236, 0.078673206, 0.0112390295), (0.08452329, 0.08452329, 0.010565411), (0.08875203, -0.07765803, 0.022188008), (0.08355728, -0.08355728, 0.02088932), (0.09413575, -0.070601806, 0.023533937), (0.099547364, -0.0622171, 0.024886841), (0.10474459, -0.052372295, 0.026186148), (0.10940215, -0.041025806, 0.027350537), (0.11313708, -0.02828427, 0.02828427), (0.11557042, -0.014446302, 0.028892605), (0.1164171, 0, 0.029104276), (0.11557042, 0.014446302, 0.028892605), (0.11313708, 0.02828427, 0.02828427), (0.10940215, 0.041025806, 0.027350537), (0.10474459, 0.052372295, 0.026186148), (0.099547364, 0.0622171, 0.024886841), (0.09413575, 0.070601806, 0.023533937), (0.08875203, 0.07765803, 0.022188008), (0.08355728, 0.08355728, 0.02088932), (0.086914316, -0.07605003, 0.03259287), (0.08201834, -0.08201834, 0.030756876), (0.091951326, -0.06896349, 0.034481745), (0.09697464, -0.060609154, 0.03636549), (0.1017598, -0.0508799, 0.038159925), (0.10601427, -0.039755348, 0.039755348), (0.10940215, -0.027350537, 0.041025806), (0.11159773, -0.013949716, 0.04184915), (0.1123595, 0, 0.042134814), (0.11159773, 0.013949716, 0.04184915), (0.10940215, 0.027350537, 0.041025806), (0.10601427, 0.039755348, 0.039755348), (0.1017598, 0.0508799, 0.038159925), (0.09697464, 0.060609154, 0.03636549), (0.091951326, 0.06896349, 0.034481745), (0.086914316, 0.07605003, 0.03259287), (0.08201834, 0.08201834, 0.030756876), (0.08452329, -0.073957875, 0.042261645), (0.08, -0.08, 0.04), (0.08913376, -0.06685032, 0.04456688), (0.09368641, -0.058554005, 0.046843205), (0.09797959, -0.048989795, 0.048989795), (0.1017598, -0.038159925, 0.0508799), (0.10474459, -0.026186148, 0.052372295), (0.10666667, -0.013333334, 0.053333335), (0.10733126, 0, 0.05366563), (0.10666667, 0.013333334, 0.053333335), (0.10474459, 0.026186148, 0.052372295), (0.1017598, 0.038159925, 0.0508799), (0.09797959, 0.048989795, 0.048989795), (0.09368641, 0.058554005, 0.046843205), (0.08913376, 0.06685032, 0.04456688), (0.08452329, 0.073957875, 0.042261645), (0.08, 0.08, 0.04), (0.08172063, -0.07150555, 0.05107539), (0.0776114, -0.0776114, 0.048507124), (0.08586501, -0.06439876, 0.05366563), (0.089912236, -0.056195147, 0.056195147), (0.09368641, -0.046843205, 0.058554005), (0.09697464, -0.03636549, 0.060609154), (0.099547364, -0.024886841, 0.0622171), (0.101192884, -0.0126491105, 0.06324555), (0.1017598, 0, 0.06359987), (0.101192884, 0.0126491105, 0.06324555), (0.099547364, 0.024886841, 0.0622171), (0.09697464, 0.03636549, 0.060609154), (0.09368641, 0.046843205, 0.058554005), (0.089912236, 0.056195147, 0.056195147), (0.08586501, 0.06439876, 0.05366563), (0.08172063, 0.07150555, 0.05107539), (0.0776114, 0.0776114, 0.048507124), (0.078646265, -0.068815485, 0.058984697), (0.074963406, -0.074963406, 0.056222554), (0.08231932, -0.06173949, 0.06173949), (0.08586501, -0.05366563, 0.06439876), (0.08913376, -0.04456688, 0.06685032), (0.091951326, -0.034481745, 0.06896349), (0.09413575, -0.023533937, 0.070601806), (0.09552357, -0.011940447, 0.071642675), (0.096, 0, 0.072), (0.09552357, 0.011940447, 0.071642675), (0.09413575, 0.023533937, 0.070601806), (0.091951326, 0.034481745, 0.06896349), (0.08913376, 0.04456688, 0.06685032), (0.08586501, 0.05366563, 0.06439876), (0.08231932, 0.06173949, 0.06173949), (0.078646265, 0.068815485, 0.058984697), (0.074963406, 0.074963406, 0.056222554), (0.07542472, -0.06599663, 0.06599663), (0.072158016, -0.072158016, 0.06313827), (0.078646265, -0.058984697, 0.068815485), (0.08172063, -0.05107539, 0.07150555), (0.08452329, -0.042261645, 0.073957875), (0.086914316, -0.03259287, 0.07605003), (0.08875203, -0.022188008, 0.07765803), (0.089912236, -0.0112390295, 0.078673206), (0.0903092, 0, 0.07902055), (0.089912236, 0.0112390295, 0.078673206), (0.08875203, 0.022188008, 0.07765803), (0.086914316, 0.03259287, 0.07605003), (0.08452329, 0.042261645, 0.073957875), (0.08172063, 0.05107539, 0.07150555), (0.078646265, 0.058984697, 0.068815485), (0.07542472, 0.06599663, 0.06599663), (0.072158016, 0.072158016, 0.06313827), (0.072158016, -0.06313827, 0.072158016), (0.06928203, -0.06928203, 0.06928203), (0.074963406, -0.056222554, 0.074963406), (0.0776114, -0.048507124, 0.0776114), (0.08, -0.04, 0.08), (0.08201834, -0.030756876, 0.08201834), (0.08355728, -0.02088932, 0.08355728), (0.08452329, -0.010565411, 0.08452329), (0.084852815, 0, 0.084852815), (0.08452329, 0.010565411, 0.08452329), (0.08355728, 0.02088932, 0.08355728), (0.08201834, 0.030756876, 0.08201834), (0.08, 0.04, 0.08), (0.0776114, 0.048507124, 0.0776114), (0.074963406, 0.056222554, 0.074963406), (0.072158016, 0.06313827, 0.072158016), (0.06928203, 0.06928203, 0.06928203), (-0.06313827, -0.072158016, -0.072158016), (-0.06599663, -0.07542472, -0.06599663), (-0.056222554, -0.074963406, -0.074963406), (-0.058984697, -0.078646265, -0.068815485), (-0.048507124, -0.0776114, -0.0776114), (-0.05107539, -0.08172063, -0.07150555), (-0.04, -0.08, -0.08), (-0.042261645, -0.08452329, -0.073957875), (-0.030756876, -0.08201834, -0.08201834), (-0.03259287, -0.086914316, -0.07605003), (-0.02088932, -0.08355728, -0.08355728), (-0.022188008, -0.08875203, -0.07765803), (-0.010565411, -0.08452329, -0.08452329), (-0.0112390295, -0.089912236, -0.078673206), (0, -0.084852815, -0.084852815), (0, -0.0903092, -0.07902055), (0.010565411, -0.08452329, -0.08452329), (0.0112390295, -0.089912236, -0.078673206), (0.02088932, -0.08355728, -0.08355728), (0.022188008, -0.08875203, -0.07765803), (0.030756876, -0.08201834, -0.08201834), (0.03259287, -0.086914316, -0.07605003), (0.04, -0.08, -0.08), (0.042261645, -0.08452329, -0.073957875), (0.048507124, -0.0776114, -0.0776114), (0.05107539, -0.08172063, -0.07150555), (0.056222554, -0.074963406, -0.074963406), (0.058984697, -0.078646265, -0.068815485), (0.06313827, -0.072158016, -0.072158016), (0.06599663, -0.07542472, -0.06599663), (-0.068815485, -0.078646265, -0.058984697), (-0.06173949, -0.08231932, -0.06173949), (-0.05366563, -0.08586501, -0.06439876), (-0.04456688, -0.08913376, -0.06685032), (-0.034481745, -0.091951326, -0.06896349), (-0.023533937, -0.09413575, -0.070601806), (-0.011940447, -0.09552357, -0.071642675), (0, -0.096, -0.072), (0.011940447, -0.09552357, -0.071642675), (0.023533937, -0.09413575, -0.070601806), (0.034481745, -0.091951326, -0.06896349), (0.04456688, -0.08913376, -0.06685032), (0.05366563, -0.08586501, -0.06439876), (0.06173949, -0.08231932, -0.06173949), (0.068815485, -0.078646265, -0.058984697), (-0.07150555, -0.08172063, -0.05107539), (-0.06439876, -0.08586501, -0.05366563), (-0.056195147, -0.089912236, -0.056195147), (-0.046843205, -0.09368641, -0.058554005), (-0.03636549, -0.09697464, -0.060609154), (-0.024886841, -0.099547364, -0.0622171), (-0.0126491105, -0.101192884, -0.06324555), (0, -0.1017598, -0.06359987), (0.0126491105, -0.101192884, -0.06324555), (0.024886841, -0.099547364, -0.0622171), (0.03636549, -0.09697464, -0.060609154), (0.046843205, -0.09368641, -0.058554005), (0.056195147, -0.089912236, -0.056195147), (0.06439876, -0.08586501, -0.05366563), (0.07150555, -0.08172063, -0.05107539), (-0.073957875, -0.08452329, -0.042261645), (-0.06685032, -0.08913376, -0.04456688), (-0.058554005, -0.09368641, -0.046843205), (-0.048989795, -0.09797959, -0.048989795), (-0.038159925, -0.1017598, -0.0508799), (-0.026186148, -0.10474459, -0.052372295), (-0.013333334, -0.10666667, -0.053333335), (0, -0.10733126, -0.05366563), (0.013333334, -0.10666667, -0.053333335), (0.026186148, -0.10474459, -0.052372295), (0.038159925, -0.1017598, -0.0508799), (0.048989795, -0.09797959, -0.048989795), (0.058554005, -0.09368641, -0.046843205), (0.06685032, -0.08913376, -0.04456688), (0.073957875, -0.08452329, -0.042261645), (-0.07605003, -0.086914316, -0.03259287), (-0.06896349, -0.091951326, -0.034481745), (-0.060609154, -0.09697464, -0.03636549), (-0.0508799, -0.1017598, -0.038159925), (-0.039755348, -0.10601427, -0.039755348), (-0.027350537, -0.10940215, -0.041025806), (-0.013949716, -0.11159773, -0.04184915), (0, -0.1123595, -0.042134814), (0.013949716, -0.11159773, -0.04184915), (0.027350537, -0.10940215, -0.041025806), (0.039755348, -0.10601427, -0.039755348), (0.0508799, -0.1017598, -0.038159925), (0.060609154, -0.09697464, -0.03636549), (0.06896349, -0.091951326, -0.034481745), (0.07605003, -0.086914316, -0.03259287), (-0.07765803, -0.08875203, -0.022188008), (-0.070601806, -0.09413575, -0.023533937), (-0.0622171, -0.099547364, -0.024886841), (-0.052372295, -0.10474459, -0.026186148), (-0.041025806, -0.10940215, -0.027350537), (-0.02828427, -0.11313708, -0.02828427), (-0.014446302, -0.11557042, -0.028892605), (0, -0.1164171, -0.029104276), (0.014446302, -0.11557042, -0.028892605), (0.02828427, -0.11313708, -0.02828427), (0.041025806, -0.10940215, -0.027350537), (0.052372295, -0.10474459, -0.026186148), (0.0622171, -0.099547364, -0.024886841), (0.070601806, -0.09413575, -0.023533937), (0.07765803, -0.08875203, -0.022188008), (-0.078673206, -0.089912236, -0.0112390295), (-0.071642675, -0.09552357, -0.011940447), (-0.06324555, -0.101192884, -0.0126491105), (-0.053333335, -0.10666667, -0.013333334), (-0.04184915, -0.11159773, -0.013949716), (-0.028892605, -0.11557042, -0.014446302), (-0.014770979, -0.11816783, -0.014770979), (0, -0.119073346, -0.014884168), (0.014770979, -0.11816783, -0.014770979), (0.028892605, -0.11557042, -0.014446302), (0.04184915, -0.11159773, -0.013949716), (0.053333335, -0.10666667, -0.013333334), (0.06324555, -0.101192884, -0.0126491105), (0.071642675, -0.09552357, -0.011940447), (0.078673206, -0.089912236, -0.0112390295), (-0.07902055, -0.0903092, 0), (-0.072, -0.096, 0), (-0.06359987, -0.1017598, 0), (-0.05366563, -0.10733126, 0), (-0.042134814, -0.1123595, 0), (-0.029104276, -0.1164171, 0), (-0.014884168, -0.119073346, 0), (0, -0.12, 0), (0.014884168, -0.119073346, 0), (0.029104276, -0.1164171, 0), (0.042134814, -0.1123595, 0), (0.05366563, -0.10733126, 0), (0.06359987, -0.1017598, 0), (0.072, -0.096, 0), (0.07902055, -0.0903092, 0), (-0.078673206, -0.089912236, 0.0112390295), (-0.071642675, -0.09552357, 0.011940447), (-0.06324555, -0.101192884, 0.0126491105), (-0.053333335, -0.10666667, 0.013333334), (-0.04184915, -0.11159773, 0.013949716), (-0.028892605, -0.11557042, 0.014446302), (-0.014770979, -0.11816783, 0.014770979), (0, -0.119073346, 0.014884168), (0.014770979, -0.11816783, 0.014770979), (0.028892605, -0.11557042, 0.014446302), (0.04184915, -0.11159773, 0.013949716), (0.053333335, -0.10666667, 0.013333334), (0.06324555, -0.101192884, 0.0126491105), (0.071642675, -0.09552357, 0.011940447), (0.078673206, -0.089912236, 0.0112390295), (-0.07765803, -0.08875203, 0.022188008), (-0.070601806, -0.09413575, 0.023533937), (-0.0622171, -0.099547364, 0.024886841), (-0.052372295, -0.10474459, 0.026186148), (-0.041025806, -0.10940215, 0.027350537), (-0.02828427, -0.11313708, 0.02828427), (-0.014446302, -0.11557042, 0.028892605), (0, -0.1164171, 0.029104276), (0.014446302, -0.11557042, 0.028892605), (0.02828427, -0.11313708, 0.02828427), (0.041025806, -0.10940215, 0.027350537), (0.052372295, -0.10474459, 0.026186148), (0.0622171, -0.099547364, 0.024886841), (0.070601806, -0.09413575, 0.023533937), (0.07765803, -0.08875203, 0.022188008), (-0.07605003, -0.086914316, 0.03259287), (-0.06896349, -0.091951326, 0.034481745), (-0.060609154, -0.09697464, 0.03636549), (-0.0508799, -0.1017598, 0.038159925), (-0.039755348, -0.10601427, 0.039755348), (-0.027350537, -0.10940215, 0.041025806), (-0.013949716, -0.11159773, 0.04184915), (0, -0.1123595, 0.042134814), (0.013949716, -0.11159773, 0.04184915), (0.027350537, -0.10940215, 0.041025806), (0.039755348, -0.10601427, 0.039755348), (0.0508799, -0.1017598, 0.038159925), (0.060609154, -0.09697464, 0.03636549), (0.06896349, -0.091951326, 0.034481745), (0.07605003, -0.086914316, 0.03259287), (-0.073957875, -0.08452329, 0.042261645), (-0.06685032, -0.08913376, 0.04456688), (-0.058554005, -0.09368641, 0.046843205), (-0.048989795, -0.09797959, 0.048989795), (-0.038159925, -0.1017598, 0.0508799), (-0.026186148, -0.10474459, 0.052372295), (-0.013333334, -0.10666667, 0.053333335), (0, -0.10733126, 0.05366563), (0.013333334, -0.10666667, 0.053333335), (0.026186148, -0.10474459, 0.052372295), (0.038159925, -0.1017598, 0.0508799), (0.048989795, -0.09797959, 0.048989795), (0.058554005, -0.09368641, 0.046843205), (0.06685032, -0.08913376, 0.04456688), (0.073957875, -0.08452329, 0.042261645), (-0.07150555, -0.08172063, 0.05107539), (-0.06439876, -0.08586501, 0.05366563), (-0.056195147, -0.089912236, 0.056195147), (-0.046843205, -0.09368641, 0.058554005), (-0.03636549, -0.09697464, 0.060609154), (-0.024886841, -0.099547364, 0.0622171), (-0.0126491105, -0.101192884, 0.06324555), (0, -0.1017598, 0.06359987), (0.0126491105, -0.101192884, 0.06324555), (0.024886841, -0.099547364, 0.0622171), (0.03636549, -0.09697464, 0.060609154), (0.046843205, -0.09368641, 0.058554005), (0.056195147, -0.089912236, 0.056195147), (0.06439876, -0.08586501, 0.05366563), (0.07150555, -0.08172063, 0.05107539), (-0.068815485, -0.078646265, 0.058984697), (-0.06173949, -0.08231932, 0.06173949), (-0.05366563, -0.08586501, 0.06439876), (-0.04456688, -0.08913376, 0.06685032), (-0.034481745, -0.091951326, 0.06896349), (-0.023533937, -0.09413575, 0.070601806), (-0.011940447, -0.09552357, 0.071642675), (0, -0.096, 0.072), (0.011940447, -0.09552357, 0.071642675), (0.023533937, -0.09413575, 0.070601806), (0.034481745, -0.091951326, 0.06896349), (0.04456688, -0.08913376, 0.06685032), (0.05366563, -0.08586501, 0.06439876), (0.06173949, -0.08231932, 0.06173949), (0.068815485, -0.078646265, 0.058984697), (-0.06599663, -0.07542472, 0.06599663), (-0.058984697, -0.078646265, 0.068815485), (-0.05107539, -0.08172063, 0.07150555), (-0.042261645, -0.08452329, 0.073957875), (-0.03259287, -0.086914316, 0.07605003), (-0.022188008, -0.08875203, 0.07765803), (-0.0112390295, -0.089912236, 0.078673206), (0, -0.0903092, 0.07902055), (0.0112390295, -0.089912236, 0.078673206), (0.022188008, -0.08875203, 0.07765803), (0.03259287, -0.086914316, 0.07605003), (0.042261645, -0.08452329, 0.073957875), (0.05107539, -0.08172063, 0.07150555), (0.058984697, -0.078646265, 0.068815485), (0.06599663, -0.07542472, 0.06599663), (-0.06313827, -0.072158016, 0.072158016), (-0.056222554, -0.074963406, 0.074963406), (-0.048507124, -0.0776114, 0.0776114), (-0.04, -0.08, 0.08), (-0.030756876, -0.08201834, 0.08201834), (-0.02088932, -0.08355728, 0.08355728), (-0.010565411, -0.08452329, 0.08452329), (0, -0.084852815, 0.084852815), (0.010565411, -0.08452329, 0.08452329), (0.02088932, -0.08355728, 0.08355728), (0.030756876, -0.08201834, 0.08201834), (0.04, -0.08, 0.08), (0.048507124, -0.0776114, 0.0776114), (0.056222554, -0.074963406, 0.074963406), (0.06313827, -0.072158016, 0.072158016), (-0.06313827, 0.072158016, -0.072158016), (-0.06599663, 0.07542472, -0.06599663), (-0.056222554, 0.074963406, -0.074963406), (-0.058984697, 0.078646265, -0.068815485), (-0.048507124, 0.0776114, -0.0776114), (-0.05107539, 0.08172063, -0.07150555), (-0.04, 0.08, -0.08), (-0.042261645, 0.08452329, -0.073957875), (-0.030756876, 0.08201834, -0.08201834), (-0.03259287, 0.086914316, -0.07605003), (-0.02088932, 0.08355728, -0.08355728), (-0.022188008, 0.08875203, -0.07765803), (-0.010565411, 0.08452329, -0.08452329), (-0.0112390295, 0.089912236, -0.078673206), (0, 0.084852815, -0.084852815), (0, 0.0903092, -0.07902055), (0.010565411, 0.08452329, -0.08452329), (0.0112390295, 0.089912236, -0.078673206), (0.02088932, 0.08355728, -0.08355728), (0.022188008, 0.08875203, -0.07765803), (0.030756876, 0.08201834, -0.08201834), (0.03259287, 0.086914316, -0.07605003), (0.04, 0.08, -0.08), (0.042261645, 0.08452329, -0.073957875), (0.048507124, 0.0776114, -0.0776114), (0.05107539, 0.08172063, -0.07150555), (0.056222554, 0.074963406, -0.074963406), (0.058984697, 0.078646265, -0.068815485), (0.06313827, 0.072158016, -0.072158016), (0.06599663, 0.07542472, -0.06599663), (-0.068815485, 0.078646265, -0.058984697), (-0.06173949, 0.08231932, -0.06173949), (-0.05366563, 0.08586501, -0.06439876), (-0.04456688, 0.08913376, -0.06685032), (-0.034481745, 0.091951326, -0.06896349), (-0.023533937, 0.09413575, -0.070601806), (-0.011940447, 0.09552357, -0.071642675), (0, 0.096, -0.072), (0.011940447, 0.09552357, -0.071642675), (0.023533937, 0.09413575, -0.070601806), (0.034481745, 0.091951326, -0.06896349), (0.04456688, 0.08913376, -0.06685032), (0.05366563, 0.08586501, -0.06439876), (0.06173949, 0.08231932, -0.06173949), (0.068815485, 0.078646265, -0.058984697), (-0.07150555, 0.08172063, -0.05107539), (-0.06439876, 0.08586501, -0.05366563), (-0.056195147, 0.089912236, -0.056195147), (-0.046843205, 0.09368641, -0.058554005), (-0.03636549, 0.09697464, -0.060609154), (-0.024886841, 0.099547364, -0.0622171), (-0.0126491105, 0.101192884, -0.06324555), (0, 0.1017598, -0.06359987), (0.0126491105, 0.101192884, -0.06324555), (0.024886841, 0.099547364, -0.0622171), (0.03636549, 0.09697464, -0.060609154), (0.046843205, 0.09368641, -0.058554005), (0.056195147, 0.089912236, -0.056195147), (0.06439876, 0.08586501, -0.05366563), (0.07150555, 0.08172063, -0.05107539), (-0.073957875, 0.08452329, -0.042261645), (-0.06685032, 0.08913376, -0.04456688), (-0.058554005, 0.09368641, -0.046843205), (-0.048989795, 0.09797959, -0.048989795), (-0.038159925, 0.1017598, -0.0508799), (-0.026186148, 0.10474459, -0.052372295), (-0.013333334, 0.10666667, -0.053333335), (0, 0.10733126, -0.05366563), (0.013333334, 0.10666667, -0.053333335), (0.026186148, 0.10474459, -0.052372295), (0.038159925, 0.1017598, -0.0508799), (0.048989795, 0.09797959, -0.048989795), (0.058554005, 0.09368641, -0.046843205), (0.06685032, 0.08913376, -0.04456688), (0.073957875, 0.08452329, -0.042261645), (-0.07605003, 0.086914316, -0.03259287), (-0.06896349, 0.091951326, -0.034481745), (-0.060609154, 0.09697464, -0.03636549), (-0.0508799, 0.1017598, -0.038159925), (-0.039755348, 0.10601427, -0.039755348), (-0.027350537, 0.10940215, -0.041025806), (-0.013949716, 0.11159773, -0.04184915), (0, 0.1123595, -0.042134814), (0.013949716, 0.11159773, -0.04184915), (0.027350537, 0.10940215, -0.041025806), (0.039755348, 0.10601427, -0.039755348), (0.0508799, 0.1017598, -0.038159925), (0.060609154, 0.09697464, -0.03636549), (0.06896349, 0.091951326, -0.034481745), (0.07605003, 0.086914316, -0.03259287), (-0.07765803, 0.08875203, -0.022188008), (-0.070601806, 0.09413575, -0.023533937), (-0.0622171, 0.099547364, -0.024886841), (-0.052372295, 0.10474459, -0.026186148), (-0.041025806, 0.10940215, -0.027350537), (-0.02828427, 0.11313708, -0.02828427), (-0.014446302, 0.11557042, -0.028892605), (0, 0.1164171, -0.029104276), (0.014446302, 0.11557042, -0.028892605), (0.02828427, 0.11313708, -0.02828427), (0.041025806, 0.10940215, -0.027350537), (0.052372295, 0.10474459, -0.026186148), (0.0622171, 0.099547364, -0.024886841), (0.070601806, 0.09413575, -0.023533937), (0.07765803, 0.08875203, -0.022188008), (-0.078673206, 0.089912236, -0.0112390295), (-0.071642675, 0.09552357, -0.011940447), (-0.06324555, 0.101192884, -0.0126491105), (-0.053333335, 0.10666667, -0.013333334), (-0.04184915, 0.11159773, -0.013949716), (-0.028892605, 0.11557042, -0.014446302), (-0.014770979, 0.11816783, -0.014770979), (0, 0.119073346, -0.014884168), (0.014770979, 0.11816783, -0.014770979), (0.028892605, 0.11557042, -0.014446302), (0.04184915, 0.11159773, -0.013949716), (0.053333335, 0.10666667, -0.013333334), (0.06324555, 0.101192884, -0.0126491105), (0.071642675, 0.09552357, -0.011940447), (0.078673206, 0.089912236, -0.0112390295), (-0.07902055, 0.0903092, 0), (-0.072, 0.096, 0), (-0.06359987, 0.1017598, 0), (-0.05366563, 0.10733126, 0), (-0.042134814, 0.1123595, 0), (-0.029104276, 0.1164171, 0), (-0.014884168, 0.119073346, 0), (0, 0.12, 0), (0.014884168, 0.119073346, 0), (0.029104276, 0.1164171, 0), (0.042134814, 0.1123595, 0), (0.05366563, 0.10733126, 0), (0.06359987, 0.1017598, 0), (0.072, 0.096, 0), (0.07902055, 0.0903092, 0), (-0.078673206, 0.089912236, 0.0112390295), (-0.071642675, 0.09552357, 0.011940447), (-0.06324555, 0.101192884, 0.0126491105), (-0.053333335, 0.10666667, 0.013333334), (-0.04184915, 0.11159773, 0.013949716), (-0.028892605, 0.11557042, 0.014446302), (-0.014770979, 0.11816783, 0.014770979), (0, 0.119073346, 0.014884168), (0.014770979, 0.11816783, 0.014770979), (0.028892605, 0.11557042, 0.014446302), (0.04184915, 0.11159773, 0.013949716), (0.053333335, 0.10666667, 0.013333334), (0.06324555, 0.101192884, 0.0126491105), (0.071642675, 0.09552357, 0.011940447), (0.078673206, 0.089912236, 0.0112390295), (-0.07765803, 0.08875203, 0.022188008), (-0.070601806, 0.09413575, 0.023533937), (-0.0622171, 0.099547364, 0.024886841), (-0.052372295, 0.10474459, 0.026186148), (-0.041025806, 0.10940215, 0.027350537), (-0.02828427, 0.11313708, 0.02828427), (-0.014446302, 0.11557042, 0.028892605), (0, 0.1164171, 0.029104276), (0.014446302, 0.11557042, 0.028892605), (0.02828427, 0.11313708, 0.02828427), (0.041025806, 0.10940215, 0.027350537), (0.052372295, 0.10474459, 0.026186148), (0.0622171, 0.099547364, 0.024886841), (0.070601806, 0.09413575, 0.023533937), (0.07765803, 0.08875203, 0.022188008), (-0.07605003, 0.086914316, 0.03259287), (-0.06896349, 0.091951326, 0.034481745), (-0.060609154, 0.09697464, 0.03636549), (-0.0508799, 0.1017598, 0.038159925), (-0.039755348, 0.10601427, 0.039755348), (-0.027350537, 0.10940215, 0.041025806), (-0.013949716, 0.11159773, 0.04184915), (0, 0.1123595, 0.042134814), (0.013949716, 0.11159773, 0.04184915), (0.027350537, 0.10940215, 0.041025806), (0.039755348, 0.10601427, 0.039755348), (0.0508799, 0.1017598, 0.038159925), (0.060609154, 0.09697464, 0.03636549), (0.06896349, 0.091951326, 0.034481745), (0.07605003, 0.086914316, 0.03259287), (-0.073957875, 0.08452329, 0.042261645), (-0.06685032, 0.08913376, 0.04456688), (-0.058554005, 0.09368641, 0.046843205), (-0.048989795, 0.09797959, 0.048989795), (-0.038159925, 0.1017598, 0.0508799), (-0.026186148, 0.10474459, 0.052372295), (-0.013333334, 0.10666667, 0.053333335), (0, 0.10733126, 0.05366563), (0.013333334, 0.10666667, 0.053333335), (0.026186148, 0.10474459, 0.052372295), (0.038159925, 0.1017598, 0.0508799), (0.048989795, 0.09797959, 0.048989795), (0.058554005, 0.09368641, 0.046843205), (0.06685032, 0.08913376, 0.04456688), (0.073957875, 0.08452329, 0.042261645), (-0.07150555, 0.08172063, 0.05107539), (-0.06439876, 0.08586501, 0.05366563), (-0.056195147, 0.089912236, 0.056195147), (-0.046843205, 0.09368641, 0.058554005), (-0.03636549, 0.09697464, 0.060609154), (-0.024886841, 0.099547364, 0.0622171), (-0.0126491105, 0.101192884, 0.06324555), (0, 0.1017598, 0.06359987), (0.0126491105, 0.101192884, 0.06324555), (0.024886841, 0.099547364, 0.0622171), (0.03636549, 0.09697464, 0.060609154), (0.046843205, 0.09368641, 0.058554005), (0.056195147, 0.089912236, 0.056195147), (0.06439876, 0.08586501, 0.05366563), (0.07150555, 0.08172063, 0.05107539), (-0.068815485, 0.078646265, 0.058984697), (-0.06173949, 0.08231932, 0.06173949), (-0.05366563, 0.08586501, 0.06439876), (-0.04456688, 0.08913376, 0.06685032), (-0.034481745, 0.091951326, 0.06896349), (-0.023533937, 0.09413575, 0.070601806), (-0.011940447, 0.09552357, 0.071642675), (0, 0.096, 0.072), (0.011940447, 0.09552357, 0.071642675), (0.023533937, 0.09413575, 0.070601806), (0.034481745, 0.091951326, 0.06896349), (0.04456688, 0.08913376, 0.06685032), (0.05366563, 0.08586501, 0.06439876), (0.06173949, 0.08231932, 0.06173949), (0.068815485, 0.078646265, 0.058984697), (-0.06599663, 0.07542472, 0.06599663), (-0.058984697, 0.078646265, 0.068815485), (-0.05107539, 0.08172063, 0.07150555), (-0.042261645, 0.08452329, 0.073957875), (-0.03259287, 0.086914316, 0.07605003), (-0.022188008, 0.08875203, 0.07765803), (-0.0112390295, 0.089912236, 0.078673206), (0, 0.0903092, 0.07902055), (0.0112390295, 0.089912236, 0.078673206), (0.022188008, 0.08875203, 0.07765803), (0.03259287, 0.086914316, 0.07605003), (0.042261645, 0.08452329, 0.073957875), (0.05107539, 0.08172063, 0.07150555), (0.058984697, 0.078646265, 0.068815485), (0.06599663, 0.07542472, 0.06599663), (-0.06313827, 0.072158016, 0.072158016), (-0.056222554, 0.074963406, 0.074963406), (-0.048507124, 0.0776114, 0.0776114), (-0.04, 0.08, 0.08), (-0.030756876, 0.08201834, 0.08201834), (-0.02088932, 0.08355728, 0.08355728), (-0.010565411, 0.08452329, 0.08452329), (0, 0.084852815, 0.084852815), (0.010565411, 0.08452329, 0.08452329), (0.02088932, 0.08355728, 0.08355728), (0.030756876, 0.08201834, 0.08201834), (0.04, 0.08, 0.08), (0.048507124, 0.0776114, 0.0776114), (0.056222554, 0.074963406, 0.074963406), (0.06313827, 0.072158016, 0.072158016), (-0.06599663, -0.06599663, -0.07542472), (-0.058984697, -0.068815485, -0.078646265), (-0.05107539, -0.07150555, -0.08172063), (-0.042261645, -0.073957875, -0.08452329), (-0.03259287, -0.07605003, -0.086914316), (-0.022188008, -0.07765803, -0.08875203), (-0.0112390295, -0.078673206, -0.089912236), (0, -0.07902055, -0.0903092), (0.0112390295, -0.078673206, -0.089912236), (0.022188008, -0.07765803, -0.08875203), (0.03259287, -0.07605003, -0.086914316), (0.042261645, -0.073957875, -0.08452329), (0.05107539, -0.07150555, -0.08172063), (0.058984697, -0.068815485, -0.078646265), (0.06599663, -0.06599663, -0.07542472), (-0.068815485, -0.058984697, -0.078646265), (-0.06173949, -0.06173949, -0.08231932), (-0.05366563, -0.06439876, -0.08586501), (-0.04456688, -0.06685032, -0.08913376), (-0.034481745, -0.06896349, -0.091951326), (-0.023533937, -0.070601806, -0.09413575), (-0.011940447, -0.071642675, -0.09552357), (0, -0.072, -0.096), (0.011940447, -0.071642675, -0.09552357), (0.023533937, -0.070601806, -0.09413575), (0.034481745, -0.06896349, -0.091951326), (0.04456688, -0.06685032, -0.08913376), (0.05366563, -0.06439876, -0.08586501), (0.06173949, -0.06173949, -0.08231932), (0.068815485, -0.058984697, -0.078646265), (-0.07150555, -0.05107539, -0.08172063), (-0.06439876, -0.05366563, -0.08586501), (-0.056195147, -0.056195147, -0.089912236), (-0.046843205, -0.058554005, -0.09368641), (-0.03636549, -0.060609154, -0.09697464), (-0.024886841, -0.0622171, -0.099547364), (-0.0126491105, -0.06324555, -0.101192884), (0, -0.06359987, -0.1017598), (0.0126491105, -0.06324555, -0.101192884), (0.024886841, -0.0622171, -0.099547364), (0.03636549, -0.060609154, -0.09697464), (0.046843205, -0.058554005, -0.09368641), (0.056195147, -0.056195147, -0.089912236), (0.06439876, -0.05366563, -0.08586501), (0.07150555, -0.05107539, -0.08172063), (-0.073957875, -0.042261645, -0.08452329), (-0.06685032, -0.04456688, -0.08913376), (-0.058554005, -0.046843205, -0.09368641), (-0.048989795, -0.048989795, -0.09797959), (-0.038159925, -0.0508799, -0.1017598), (-0.026186148, -0.052372295, -0.10474459), (-0.013333334, -0.053333335, -0.10666667), (0, -0.05366563, -0.10733126), (0.013333334, -0.053333335, -0.10666667), (0.026186148, -0.052372295, -0.10474459), (0.038159925, -0.0508799, -0.1017598), (0.048989795, -0.048989795, -0.09797959), (0.058554005, -0.046843205, -0.09368641), (0.06685032, -0.04456688, -0.08913376), (0.073957875, -0.042261645, -0.08452329), (-0.07605003, -0.03259287, -0.086914316), (-0.06896349, -0.034481745, -0.091951326), (-0.060609154, -0.03636549, -0.09697464), (-0.0508799, -0.038159925, -0.1017598), (-0.039755348, -0.039755348, -0.10601427), (-0.027350537, -0.041025806, -0.10940215), (-0.013949716, -0.04184915, -0.11159773), (0, -0.042134814, -0.1123595), (0.013949716, -0.04184915, -0.11159773), (0.027350537, -0.041025806, -0.10940215), (0.039755348, -0.039755348, -0.10601427), (0.0508799, -0.038159925, -0.1017598), (0.060609154, -0.03636549, -0.09697464), (0.06896349, -0.034481745, -0.091951326), (0.07605003, -0.03259287, -0.086914316), (-0.07765803, -0.022188008, -0.08875203), (-0.070601806, -0.023533937, -0.09413575), (-0.0622171, -0.024886841, -0.099547364), (-0.052372295, -0.026186148, -0.10474459), (-0.041025806, -0.027350537, -0.10940215), (-0.02828427, -0.02828427, -0.11313708), (-0.014446302, -0.028892605, -0.11557042), (0, -0.029104276, -0.1164171), (0.014446302, -0.028892605, -0.11557042), (0.02828427, -0.02828427, -0.11313708), (0.041025806, -0.027350537, -0.10940215), (0.052372295, -0.026186148, -0.10474459), (0.0622171, -0.024886841, -0.099547364), (0.070601806, -0.023533937, -0.09413575), (0.07765803, -0.022188008, -0.08875203), (-0.078673206, -0.0112390295, -0.089912236), (-0.071642675, -0.011940447, -0.09552357), (-0.06324555, -0.0126491105, -0.101192884), (-0.053333335, -0.013333334, -0.10666667), (-0.04184915, -0.013949716, -0.11159773), (-0.028892605, -0.014446302, -0.11557042), (-0.014770979, -0.014770979, -0.11816783), (0, -0.014884168, -0.119073346), (0.014770979, -0.014770979, -0.11816783), (0.028892605, -0.014446302, -0.11557042), (0.04184915, -0.013949716, -0.11159773), (0.053333335, -0.013333334, -0.10666667), (0.06324555, -0.0126491105, -0.101192884), (0.071642675, -0.011940447, -0.09552357), (0.078673206, -0.0112390295, -0.089912236), (-0.07902055, 0, -0.0903092), (-0.072, 0, -0.096), (-0.06359987, 0, -0.1017598), (-0.05366563, 0, -0.10733126), (-0.042134814, 0, -0.1123595), (-0.029104276, 0, -0.1164171), (-0.014884168, 0, -0.119073346), (0, 0, -0.12), (0.014884168, 0, -0.119073346), (0.029104276, 0, -0.1164171), (0.042134814, 0, -0.1123595), (0.05366563, 0, -0.10733126), (0.06359987, 0, -0.1017598), (0.072, 0, -0.096), (0.07902055, 0, -0.0903092), (-0.078673206, 0.0112390295, -0.089912236), (-0.071642675, 0.011940447, -0.09552357), (-0.06324555, 0.0126491105, -0.101192884), (-0.053333335, 0.013333334, -0.10666667), (-0.04184915, 0.013949716, -0.11159773), (-0.028892605, 0.014446302, -0.11557042), (-0.014770979, 0.014770979, -0.11816783), (0, 0.014884168, -0.119073346), (0.014770979, 0.014770979, -0.11816783), (0.028892605, 0.014446302, -0.11557042), (0.04184915, 0.013949716, -0.11159773), (0.053333335, 0.013333334, -0.10666667), (0.06324555, 0.0126491105, -0.101192884), (0.071642675, 0.011940447, -0.09552357), (0.078673206, 0.0112390295, -0.089912236), (-0.07765803, 0.022188008, -0.08875203), (-0.070601806, 0.023533937, -0.09413575), (-0.0622171, 0.024886841, -0.099547364), (-0.052372295, 0.026186148, -0.10474459), (-0.041025806, 0.027350537, -0.10940215), (-0.02828427, 0.02828427, -0.11313708), (-0.014446302, 0.028892605, -0.11557042), (0, 0.029104276, -0.1164171), (0.014446302, 0.028892605, -0.11557042), (0.02828427, 0.02828427, -0.11313708), (0.041025806, 0.027350537, -0.10940215), (0.052372295, 0.026186148, -0.10474459), (0.0622171, 0.024886841, -0.099547364), (0.070601806, 0.023533937, -0.09413575), (0.07765803, 0.022188008, -0.08875203), (-0.07605003, 0.03259287, -0.086914316), (-0.06896349, 0.034481745, -0.091951326), (-0.060609154, 0.03636549, -0.09697464), (-0.0508799, 0.038159925, -0.1017598), (-0.039755348, 0.039755348, -0.10601427), (-0.027350537, 0.041025806, -0.10940215), (-0.013949716, 0.04184915, -0.11159773), (0, 0.042134814, -0.1123595), (0.013949716, 0.04184915, -0.11159773), (0.027350537, 0.041025806, -0.10940215), (0.039755348, 0.039755348, -0.10601427), (0.0508799, 0.038159925, -0.1017598), (0.060609154, 0.03636549, -0.09697464), (0.06896349, 0.034481745, -0.091951326), (0.07605003, 0.03259287, -0.086914316), (-0.073957875, 0.042261645, -0.08452329), (-0.06685032, 0.04456688, -0.08913376), (-0.058554005, 0.046843205, -0.09368641), (-0.048989795, 0.048989795, -0.09797959), (-0.038159925, 0.0508799, -0.1017598), (-0.026186148, 0.052372295, -0.10474459), (-0.013333334, 0.053333335, -0.10666667), (0, 0.05366563, -0.10733126), (0.013333334, 0.053333335, -0.10666667), (0.026186148, 0.052372295, -0.10474459), (0.038159925, 0.0508799, -0.1017598), (0.048989795, 0.048989795, -0.09797959), (0.058554005, 0.046843205, -0.09368641), (0.06685032, 0.04456688, -0.08913376), (0.073957875, 0.042261645, -0.08452329), (-0.07150555, 0.05107539, -0.08172063), (-0.06439876, 0.05366563, -0.08586501), (-0.056195147, 0.056195147, -0.089912236), (-0.046843205, 0.058554005, -0.09368641), (-0.03636549, 0.060609154, -0.09697464), (-0.024886841, 0.0622171, -0.099547364), (-0.0126491105, 0.06324555, -0.101192884), (0, 0.06359987, -0.1017598), (0.0126491105, 0.06324555, -0.101192884), (0.024886841, 0.0622171, -0.099547364), (0.03636549, 0.060609154, -0.09697464), (0.046843205, 0.058554005, -0.09368641), (0.056195147, 0.056195147, -0.089912236), (0.06439876, 0.05366563, -0.08586501), (0.07150555, 0.05107539, -0.08172063), (-0.068815485, 0.058984697, -0.078646265), (-0.06173949, 0.06173949, -0.08231932), (-0.05366563, 0.06439876, -0.08586501), (-0.04456688, 0.06685032, -0.08913376), (-0.034481745, 0.06896349, -0.091951326), (-0.023533937, 0.070601806, -0.09413575), (-0.011940447, 0.071642675, -0.09552357), (0, 0.072, -0.096), (0.011940447, 0.071642675, -0.09552357), (0.023533937, 0.070601806, -0.09413575), (0.034481745, 0.06896349, -0.091951326), (0.04456688, 0.06685032, -0.08913376), (0.05366563, 0.06439876, -0.08586501), (0.06173949, 0.06173949, -0.08231932), (0.068815485, 0.058984697, -0.078646265), (-0.06599663, 0.06599663, -0.07542472), (-0.058984697, 0.068815485, -0.078646265), (-0.05107539, 0.07150555, -0.08172063), (-0.042261645, 0.073957875, -0.08452329), (-0.03259287, 0.07605003, -0.086914316), (-0.022188008, 0.07765803, -0.08875203), (-0.0112390295, 0.078673206, -0.089912236), (0, 0.07902055, -0.0903092), (0.0112390295, 0.078673206, -0.089912236), (0.022188008, 0.07765803, -0.08875203), (0.03259287, 0.07605003, -0.086914316), (0.042261645, 0.073957875, -0.08452329), (0.05107539, 0.07150555, -0.08172063), (0.058984697, 0.068815485, -0.078646265), (0.06599663, 0.06599663, -0.07542472), (-0.06599663, -0.06599663, 0.07542472), (-0.058984697, -0.068815485, 0.078646265), (-0.05107539, -0.07150555, 0.08172063), (-0.042261645, -0.073957875, 0.08452329), (-0.03259287, -0.07605003, 0.086914316), (-0.022188008, -0.07765803, 0.08875203), (-0.0112390295, -0.078673206, 0.089912236), (0, -0.07902055, 0.0903092), (0.0112390295, -0.078673206, 0.089912236), (0.022188008, -0.07765803, 0.08875203), (0.03259287, -0.07605003, 0.086914316), (0.042261645, -0.073957875, 0.08452329), (0.05107539, -0.07150555, 0.08172063), (0.058984697, -0.068815485, 0.078646265), (0.06599663, -0.06599663, 0.07542472), (-0.068815485, -0.058984697, 0.078646265), (-0.06173949, -0.06173949, 0.08231932), (-0.05366563, -0.06439876, 0.08586501), (-0.04456688, -0.06685032, 0.08913376), (-0.034481745, -0.06896349, 0.091951326), (-0.023533937, -0.070601806, 0.09413575), (-0.011940447, -0.071642675, 0.09552357), (0, -0.072, 0.096), (0.011940447, -0.071642675, 0.09552357), (0.023533937, -0.070601806, 0.09413575), (0.034481745, -0.06896349, 0.091951326), (0.04456688, -0.06685032, 0.08913376), (0.05366563, -0.06439876, 0.08586501), (0.06173949, -0.06173949, 0.08231932), (0.068815485, -0.058984697, 0.078646265), (-0.07150555, -0.05107539, 0.08172063), (-0.06439876, -0.05366563, 0.08586501), (-0.056195147, -0.056195147, 0.089912236), (-0.046843205, -0.058554005, 0.09368641), (-0.03636549, -0.060609154, 0.09697464), (-0.024886841, -0.0622171, 0.099547364), (-0.0126491105, -0.06324555, 0.101192884), (0, -0.06359987, 0.1017598), (0.0126491105, -0.06324555, 0.101192884), (0.024886841, -0.0622171, 0.099547364), (0.03636549, -0.060609154, 0.09697464), (0.046843205, -0.058554005, 0.09368641), (0.056195147, -0.056195147, 0.089912236), (0.06439876, -0.05366563, 0.08586501), (0.07150555, -0.05107539, 0.08172063), (-0.073957875, -0.042261645, 0.08452329), (-0.06685032, -0.04456688, 0.08913376), (-0.058554005, -0.046843205, 0.09368641), (-0.048989795, -0.048989795, 0.09797959), (-0.038159925, -0.0508799, 0.1017598), (-0.026186148, -0.052372295, 0.10474459), (-0.013333334, -0.053333335, 0.10666667), (0, -0.05366563, 0.10733126), (0.013333334, -0.053333335, 0.10666667), (0.026186148, -0.052372295, 0.10474459), (0.038159925, -0.0508799, 0.1017598), (0.048989795, -0.048989795, 0.09797959), (0.058554005, -0.046843205, 0.09368641), (0.06685032, -0.04456688, 0.08913376), (0.073957875, -0.042261645, 0.08452329), (-0.07605003, -0.03259287, 0.086914316), (-0.06896349, -0.034481745, 0.091951326), (-0.060609154, -0.03636549, 0.09697464), (-0.0508799, -0.038159925, 0.1017598), (-0.039755348, -0.039755348, 0.10601427), (-0.027350537, -0.041025806, 0.10940215), (-0.013949716, -0.04184915, 0.11159773), (0, -0.042134814, 0.1123595), (0.013949716, -0.04184915, 0.11159773), (0.027350537, -0.041025806, 0.10940215), (0.039755348, -0.039755348, 0.10601427), (0.0508799, -0.038159925, 0.1017598), (0.060609154, -0.03636549, 0.09697464), (0.06896349, -0.034481745, 0.091951326), (0.07605003, -0.03259287, 0.086914316), (-0.07765803, -0.022188008, 0.08875203), (-0.070601806, -0.023533937, 0.09413575), (-0.0622171, -0.024886841, 0.099547364), (-0.052372295, -0.026186148, 0.10474459), (-0.041025806, -0.027350537, 0.10940215), (-0.02828427, -0.02828427, 0.11313708), (-0.014446302, -0.028892605, 0.11557042), (0, -0.029104276, 0.1164171), (0.014446302, -0.028892605, 0.11557042), (0.02828427, -0.02828427, 0.11313708), (0.041025806, -0.027350537, 0.10940215), (0.052372295, -0.026186148, 0.10474459), (0.0622171, -0.024886841, 0.099547364), (0.070601806, -0.023533937, 0.09413575), (0.07765803, -0.022188008, 0.08875203), (-0.078673206, -0.0112390295, 0.089912236), (-0.071642675, -0.011940447, 0.09552357), (-0.06324555, -0.0126491105, 0.101192884), (-0.053333335, -0.013333334, 0.10666667), (-0.04184915, -0.013949716, 0.11159773), (-0.028892605, -0.014446302, 0.11557042), (-0.014770979, -0.014770979, 0.11816783), (0, -0.014884168, 0.119073346), (0.014770979, -0.014770979, 0.11816783), (0.028892605, -0.014446302, 0.11557042), (0.04184915, -0.013949716, 0.11159773), (0.053333335, -0.013333334, 0.10666667), (0.06324555, -0.0126491105, 0.101192884), (0.071642675, -0.011940447, 0.09552357), (0.078673206, -0.0112390295, 0.089912236), (-0.07902055, 0, 0.0903092), (-0.072, 0, 0.096), (-0.06359987, 0, 0.1017598), (-0.05366563, 0, 0.10733126), (-0.042134814, 0, 0.1123595), (-0.029104276, 0, 0.1164171), (-0.014884168, 0, 0.119073346), (0, 0, 0.12), (0.014884168, 0, 0.119073346), (0.029104276, 0, 0.1164171), (0.042134814, 0, 0.1123595), (0.05366563, 0, 0.10733126), (0.06359987, 0, 0.1017598), (0.072, 0, 0.096), (0.07902055, 0, 0.0903092), (-0.078673206, 0.0112390295, 0.089912236), (-0.071642675, 0.011940447, 0.09552357), (-0.06324555, 0.0126491105, 0.101192884), (-0.053333335, 0.013333334, 0.10666667), (-0.04184915, 0.013949716, 0.11159773), (-0.028892605, 0.014446302, 0.11557042), (-0.014770979, 0.014770979, 0.11816783), (0, 0.014884168, 0.119073346), (0.014770979, 0.014770979, 0.11816783), (0.028892605, 0.014446302, 0.11557042), (0.04184915, 0.013949716, 0.11159773), (0.053333335, 0.013333334, 0.10666667), (0.06324555, 0.0126491105, 0.101192884), (0.071642675, 0.011940447, 0.09552357), (0.078673206, 0.0112390295, 0.089912236), (-0.07765803, 0.022188008, 0.08875203), (-0.070601806, 0.023533937, 0.09413575), (-0.0622171, 0.024886841, 0.099547364), (-0.052372295, 0.026186148, 0.10474459), (-0.041025806, 0.027350537, 0.10940215), (-0.02828427, 0.02828427, 0.11313708), (-0.014446302, 0.028892605, 0.11557042), (0, 0.029104276, 0.1164171), (0.014446302, 0.028892605, 0.11557042), (0.02828427, 0.02828427, 0.11313708), (0.041025806, 0.027350537, 0.10940215), (0.052372295, 0.026186148, 0.10474459), (0.0622171, 0.024886841, 0.099547364), (0.070601806, 0.023533937, 0.09413575), (0.07765803, 0.022188008, 0.08875203), (-0.07605003, 0.03259287, 0.086914316), (-0.06896349, 0.034481745, 0.091951326), (-0.060609154, 0.03636549, 0.09697464), (-0.0508799, 0.038159925, 0.1017598), (-0.039755348, 0.039755348, 0.10601427), (-0.027350537, 0.041025806, 0.10940215), (-0.013949716, 0.04184915, 0.11159773), (0, 0.042134814, 0.1123595), (0.013949716, 0.04184915, 0.11159773), (0.027350537, 0.041025806, 0.10940215), (0.039755348, 0.039755348, 0.10601427), (0.0508799, 0.038159925, 0.1017598), (0.060609154, 0.03636549, 0.09697464), (0.06896349, 0.034481745, 0.091951326), (0.07605003, 0.03259287, 0.086914316), (-0.073957875, 0.042261645, 0.08452329), (-0.06685032, 0.04456688, 0.08913376), (-0.058554005, 0.046843205, 0.09368641), (-0.048989795, 0.048989795, 0.09797959), (-0.038159925, 0.0508799, 0.1017598), (-0.026186148, 0.052372295, 0.10474459), (-0.013333334, 0.053333335, 0.10666667), (0, 0.05366563, 0.10733126), (0.013333334, 0.053333335, 0.10666667), (0.026186148, 0.052372295, 0.10474459), (0.038159925, 0.0508799, 0.1017598), (0.048989795, 0.048989795, 0.09797959), (0.058554005, 0.046843205, 0.09368641), (0.06685032, 0.04456688, 0.08913376), (0.073957875, 0.042261645, 0.08452329), (-0.07150555, 0.05107539, 0.08172063), (-0.06439876, 0.05366563, 0.08586501), (-0.056195147, 0.056195147, 0.089912236), (-0.046843205, 0.058554005, 0.09368641), (-0.03636549, 0.060609154, 0.09697464), (-0.024886841, 0.0622171, 0.099547364), (-0.0126491105, 0.06324555, 0.101192884), (0, 0.06359987, 0.1017598), (0.0126491105, 0.06324555, 0.101192884), (0.024886841, 0.0622171, 0.099547364), (0.03636549, 0.060609154, 0.09697464), (0.046843205, 0.058554005, 0.09368641), (0.056195147, 0.056195147, 0.089912236), (0.06439876, 0.05366563, 0.08586501), (0.07150555, 0.05107539, 0.08172063), (-0.068815485, 0.058984697, 0.078646265), (-0.06173949, 0.06173949, 0.08231932), (-0.05366563, 0.06439876, 0.08586501), (-0.04456688, 0.06685032, 0.08913376), (-0.034481745, 0.06896349, 0.091951326), (-0.023533937, 0.070601806, 0.09413575), (-0.011940447, 0.071642675, 0.09552357), (0, 0.072, 0.096), (0.011940447, 0.071642675, 0.09552357), (0.023533937, 0.070601806, 0.09413575), (0.034481745, 0.06896349, 0.091951326), (0.04456688, 0.06685032, 0.08913376), (0.05366563, 0.06439876, 0.08586501), (0.06173949, 0.06173949, 0.08231932), (0.068815485, 0.058984697, 0.078646265), (-0.06599663, 0.06599663, 0.07542472), (-0.058984697, 0.068815485, 0.078646265), (-0.05107539, 0.07150555, 0.08172063), (-0.042261645, 0.073957875, 0.08452329), (-0.03259287, 0.07605003, 0.086914316), (-0.022188008, 0.07765803, 0.08875203), (-0.0112390295, 0.078673206, 0.089912236), (0, 0.07902055, 0.0903092), (0.0112390295, 0.078673206, 0.089912236), (0.022188008, 0.07765803, 0.08875203), (0.03259287, 0.07605003, 0.086914316), (0.042261645, 0.073957875, 0.08452329), (0.05107539, 0.07150555, 0.08172063), (0.058984697, 0.068815485, 0.078646265), (0.06599663, 0.06599663, 0.07542472)] (
            interpolation = "vertex"
        )
        texCoord2f[] primvars:st = [(0.0013888889, 0.0013888889), (0.023611112, 0.0013888889), (0.023611112, 0.023611112), (0.0013888889, 0.023611112), (0.02638889, 0.0013888889), (0.048611112, 0.0013888889), (0.048611112, 0.023611112), (0.02638889, 0.023611112), (0.05138889, 0.0013888889), (0.07361111, 0.0013888889), (0.07361111, 0.023611112), (0.05138889, 0.023611112), (0.07638889, 0.0013888889), (0.09861111, 0.0013888889), (0.09861111, 0.023611112), (0.07638889, 0.023611112), (0.10138889, 0.0013888889), (0.12361111, 0.0013888889), (0.12361111, 0.023611112), (0.10138889, 0.023611112), (0.12638889, 0.0013888889), (0.14861111, 0.0013888889), (0.14861111, 0.023611112), (0.12638889, 0.023611112), (0.15138888, 0.0013888889), (0.1736111, 0.0013888889), (0.1736111, 0.023611112), (0.15138888, 0.023611112), (0.17638889, 0.0013888889), (0.19861111, 0.0013888889), (0.19861111, 0.023611112), (0.17638889, 0.023611112), (0.2013889, 0.0013888889), (0.22361112, 0.0013888889), (0.22361112, 0.023611112), (0.2013889, 0.023611112), (0.22638889, 0.0013888889), (0.24861111, 0.0013888889), (0.24861111, 0.023611112), (0.22638889, 0.023611112), (0.25138888, 0.0013888889), (0.2736111, 0.0013888889), (0.2736111, 0.023611112), (0.25138888, 0.023611112), (0.27638888, 0.0013888889), (0.2986111, 0.0013888889), (0.2986111, 0.023611112), (0.27638888, 0.023611112), (0.3013889, 0.0013888889), (0.3236111, 0.0013888889), (0.3236111, 0.023611112), (0.3013889, 0.023611112), (0.3263889, 0.0013888889), (0.34861112, 0.0013888889), (0.34861112, 0.023611112), (0.3263889, 0.023611112), (0.3513889, 0.0013888889), (0.37361112, 0.0013888889), (0.37361112, 0.023611112), (0.3513889, 0.023611112), (0.37638888, 0.0013888889), (0.3986111, 0.0013888889), (0.3986111, 0.023611112), (0.37638888, 0.023611112), (0.40138888, 0.0013888889), (0.4236111, 0.0013888889), (0.4236111, 0.023611112), (0.40138888, 0.023611112), (0.4263889, 0.0013888889), (0.4486111, 0.0013888889), (0.4486111, 0.023611112), (0.4263889, 0.023611112), (0.4513889, 0.0013888889), (0.47361112, 0.0013888889), (0.47361112, 0.023611112), (0.4513889, 0.023611112), (0.4763889, 0.0013888889), (0.49861112, 0.0013888889), (0.49861112, 0.023611112), (0.4763889, 0.023611112), (0.5013889, 0.0013888889), (0.5236111, 0.0013888889), (0.5236111, 0.023611112), (0.5013889, 0.023611112), (0.5263889, 0.0013888889), (0.5486111, 0.0013888889), (0.5486111, 0.023611112), (0.5263889, 0.023611112), (0.55138886, 0.0013888889), (0.57361114, 0.0013888889), (0.57361114, 0.023611112), (0.55138886, 0.023611112), (0.5763889, 0.0013888889), (0.5986111, 0.0013888889), (0.5986111, 0.023611112), (0.5763889, 0.023611112), (0.6013889, 0.0013888889), (0.6236111, 0.0013888889), (0.6236111, 0.023611112), (0.6013889, 0.023611112), (0.6263889, 0.0013888889), (0.6486111, 0.0013888889), (0.6486111, 0.023611112), (0.6263889, 0.023611112), (0.6513889, 0.0013888889), (0.6736111, 0.0013888889), (0.6736111, 0.023611112), (0.6513889, 0.023611112), (0.67638886, 0.0013888889), (0.69861114, 0.0013888889), (0.69861114, 0.023611112), (0.67638886, 0.023611112), (0.7013889, 0.0013888889), (0.7236111, 0.0013888889), (0.7236111, 0.023611112), (0.7013889, 0.023611112), (0.7263889, 0.0013888889), (0.7486111, 0.0013888889), (0.7486111, 0.023611112), (0.7263889, 0.023611112), (0.7513889, 0.0013888889), (0.7736111, 0.0013888889), (0.7736111, 0.023611112), (0.7513889, 0.023611112), (0.7763889, 0.0013888889), (0.7986111, 0.0013888889), (0.7986111, 0.023611112), (0.7763889, 0.023611112), (0.80138886, 0.0013888889), (0.82361114, 0.0013888889), (0.82361114, 0.023611112), (0.80138886, 0.023611112), (0.8263889, 0.0013888889), (0.8486111, 0.0013888889), (0.8486111, 0.023611112), (0.8263889, 0.023611112), (0.8513889, 0.0013888889), (0.8736111, 0.0013888889), (0.8736111, 0.023611112), (0.8513889, 0.023611112), (0.8763889, 0.0013888889), (0.8986111, 0.0013888889), (0.8986111, 0.023611112), (0.8763889, 0.023611112), (0.9013889, 0.0013888889), (0.9236111, 0.0013888889), (0.9236111, 0.023611112), (0.9013889, 0.023611112), (0.92638886, 0.0013888889), (0.94861114, 0.0013888889), (0.94861114, 0.023611112), (0.92638886, 0.023611112), (0.9513889, 0.0013888889), (0.9736111, 0.0013888889), (0.9736111, 0.023611112), (0.9513889, 0.023611112), (0.9763889, 0.0013888889), (0.9986111, 0.0013888889), (0.9986111, 0.023611112), (0.9763889, 0.023611112), (0.0013888889, 0.02638889), (0.023611112, 0.02638889), (0.023611112, 0.048611112), (0.0013888889, 0.048611112), (0.02638889, 0.02638889), (0.048611112, 0.02638889), (0.048611112, 0.048611112), (0.02638889, 0.048611112), (0.05138889, 0.02638889), (0.07361111, 0.02638889), (0.07361111, 0.048611112), (0.05138889, 0.048611112), (0.07638889, 0.02638889), (0.09861111, 0.02638889), (0.09861111, 0.048611112), (0.07638889, 0.048611112), (0.10138889, 0.02638889), (0.12361111, 0.02638889), (0.12361111, 0.048611112), (0.10138889, 0.048611112), (0.12638889, 0.02638889), (0.14861111, 0.02638889), (0.14861111, 0.048611112), (0.12638889, 0.048611112), (0.15138888, 0.02638889), (0.1736111, 0.02638889), (0.1736111, 0.048611112), (0.15138888, 0.048611112), (0.17638889, 0.02638889), (0.19861111, 0.02638889), (0.19861111, 0.048611112), (0.17638889, 0.048611112), (0.2013889, 0.02638889), (0.22361112, 0.02638889), (0.22361112, 0.048611112), (0.2013889, 0.048611112), (0.22638889, 0.02638889), (0.24861111, 0.02638889), (0.24861111, 0.048611112), (0.22638889, 0.048611112), (0.25138888, 0.02638889), (0.2736111, 0.02638889), (0.2736111, 0.048611112), (0.25138888, 0.048611112), (0.27638888, 0.02638889), (0.2986111, 0.02638889), (0.2986111, 0.048611112), (0.27638888, 0.048611112), (0.3013889, 0.02638889), (0.3236111, 0.02638889), (0.3236111, 0.048611112), (0.3013889, 0.048611112), (0.3263889, 0.02638889), (0.34861112, 0.02638889), (0.34861112, 0.048611112), (0.3263889, 0.048611112), (0.3513889, 0.02638889), (0.37361112, 0.02638889), (0.37361112, 0.048611112), (0.3513889, 0.048611112), (0.37638888, 0.02638889), (0.3986111, 0.02638889), (0.3986111, 0.048611112), (0.37638888, 0.048611112), (0.40138888, 0.02638889), (0.4236111, 0.02638889), (0.4236111, 0.048611112), (0.40138888, 0.048611112), (0.4263889, 0.02638889), (0.4486111, 0.02638889), (0.4486111, 0.048611112), (0.4263889, 0.048611112), (0.4513889, 0.02638889), (0.47361112, 0.02638889), (0.47361112, 0.048611112), (0.4513889, 0.048611112), (0.4763889, 0.02638889), (0.49861112, 0.02638889), (0.49861112, 0.048611112), (0.4763889, 0.048611112), (0.5013889, 0.02638889), (0.5236111, 0.02638889), (0.5236111, 0.048611112), (0.5013889, 0.048611112), (0.5263889, 0.02638889), (0.5486111, 0.02638889), (0.5486111, 0.048611112), (0.5263889, 0.048611112), (0.55138886, 0.02638889), (0.57361114, 0.02638889), (0.57361114, 0.048611112), (0.55138886, 0.048611112), (0.5763889, 0.02638889), (0.5986111, 0.02638889), (0.5986111, 0.048611112), (0.5763889, 0.048611112), (0.6013889, 0.02638889), (0.6236111, 0.02638889), (0.6236111, 0.048611112), (0.6013889, 0.048611112), (0.6263889, 0.02638889), (0.6486111, 0.02638889), (0.6486111, 0.048611112), (0.6263889, 0.048611112), (0.6513889, 0.02638889), (0.6736111, 0.02638889), (0.6736111, 0.048611112), (0.6513889, 0.048611112), (0.67638886, 0.02638889), (0.69861114, 0.02638889), (0.69861114, 0.048611112), (0.67638886, 0.048611112), (0.7013889, 0.02638889), (0.7236111, 0.02638889), (0.7236111, 0.048611112), (0.7013889, 0.048611112), (0.7263889, 0.02638889), (0.7486111, 0.02638889), (0.7486111, 0.048611112), (0.7263889, 0.048611112), (0.7513889, 0.02638889), (0.7736111, 0.02638889), (0.7736111, 0.048611112), (0.7513889, 0.048611112), (0.7763889, 0.02638889), (0.7986111, 0.02638889), (0.7986111, 0.048611112), (0.7763889, 0.048611112), (0.80138886, 0.02638889), (0.82361114, 0.02638889), (0.82361114, 0.048611112), (0.80138886, 0.048611112), (0.8263889, 0.02638889), (0.8486111, 0.02638889), (0.8486111, 0.048611112), (0.8263889, 0.048611112), (0.8513889, 0.02638889), (0.8736111, 0.02638889), (0.8736111, 0.048611112), (0.8513889, 0.048611112), (0.8763889, 0.02638889), (0.8986111, 0.02638889), (0.8986111, 0.048611112), (0.8763889, 0.048611112), (0.9013889, 0.02638889), (0.9236111, 0.02638889), (0.9236111, 0.048611112), (0.9013889, 0.048611112), (0.92638886, 0.02638889), (0.94861114, 0.02638889), (0.94861114, 0.048611112), (0.92638886, 0.048611112), (0.9513889, 0.02638889), (0.9736111, 0.02638889), (0.9736111, 0.048611112), (0.9513889, 0.048611112), (0.9763889, 0.02638889), (0.9986111, 0.02638889), (0.9986111, 0.048611112), (0.9763889, 0.048611112), (0.0013888889, 0.05138889), (0.023611112, 0.05138889), (0.023611112, 0.07361111), (0.0013888889, 0.07361111), (0.02638889, 0.05138889), (0.048611112, 0.05138889), (0.048611112, 0.07361111), (0.02638889, 0.07361111), (0.05138889, 0.05138889), (0.07361111, 0.05138889), (0.07361111, 0.07361111), (0.05138889, 0.07361111), (0.07638889, 0.05138889), (0.09861111, 0.05138889), (0.09861111, 0.07361111), (0.07638889, 0.07361111), (0.10138889, 0.05138889), (0.12361111, 0.05138889), (0.12361111, 0.07361111), (0.10138889, 0.07361111), (0.12638889, 0.05138889), (0.14861111, 0.05138889), (0.14861111, 0.07361111), (0.12638889, 0.07361111), (0.15138888, 0.05138889), (0.1736111, 0.05138889), (0.1736111, 0.07361111), (0.15138888, 0.07361111), (0.17638889, 0.05138889), (0.19861111, 0.05138889), (0.19861111, 0.07361111), (0.17638889, 0.07361111), (0.2013889, 0.05138889), (0.22361112, 0.05138889), (0.22361112, 0.07361111), (0.2013889, 0.07361111), (0.22638889, 0.05138889), (0.24861111, 0.05138889), (0.24861111, 0.07361111), (0.22638889, 0.07361111), (0.25138888, 0.05138889), (0.2736111, 0.05138889), (0.2736111, 0.07361111), (0.25138888, 0.07361111), (0.27638888, 0.05138889), (0.2986111, 0.05138889), (0.2986111, 0.07361111), (0.27638888, 0.07361111), (0.3013889, 0.05138889), (0.3236111, 0.05138889), (0.3236111, 0.07361111), (0.3013889, 0.07361111), (0.3263889, 0.05138889), (0.34861112, 0.05138889), (0.34861112, 0.07361111), (0.3263889, 0.07361111), (0.3513889, 0.05138889), (0.37361112, 0.05138889), (0.37361112, 0.07361111), (0.3513889, 0.07361111), (0.37638888, 0.05138889), (0.3986111, 0.05138889), (0.3986111, 0.07361111), (0.37638888, 0.07361111), (0.40138888, 0.05138889), (0.4236111, 0.05138889), (0.4236111, 0.07361111), (0.40138888, 0.07361111), (0.4263889, 0.05138889), (0.4486111, 0.05138889), (0.4486111, 0.07361111), (0.4263889, 0.07361111), (0.4513889, 0.05138889), (0.47361112, 0.05138889), (0.47361112, 0.07361111), (0.4513889, 0.07361111), (0.4763889, 0.05138889), (0.49861112, 0.05138889), (0.49861112, 0.07361111), (0.4763889, 0.07361111), (0.5013889, 0.05138889), (0.5236111, 0.05138889), (0.5236111, 0.07361111), (0.5013889, 0.07361111), (0.5263889, 0.05138889), (0.5486111, 0.05138889), (0.5486111, 0.07361111), (0.5263889, 0.07361111), (0.55138886, 0.05138889), (0.57361114, 0.05138889), (0.57361114, 0.07361111), (0.55138886, 0.07361111), (0.5763889, 0.05138889), (0.5986111, 0.05138889), (0.5986111, 0.07361111), (0.5763889, 0.07361111), (0.6013889, 0.05138889), (0.6236111, 0.05138889), (0.6236111, 0.07361111), (0.6013889, 0.07361111), (0.6263889, 0.05138889), (0.6486111, 0.05138889), (0.6486111, 0.07361111), (0.6263889, 0.07361111), (0.6513889, 0.05138889), (0.6736111, 0.05138889), (0.6736111, 0.07361111), (0.6513889, 0.07361111), (0.67638886, 0.05138889), (0.69861114, 0.05138889), (0.69861114, 0.07361111), (0.67638886, 0.07361111), (0.7013889, 0.05138889), (0.7236111, 0.05138889), (0.7236111, 0.07361111), (0.7013889, 0.07361111), (0.7263889, 0.05138889), (0.7486111, 0.05138889), (0.7486111, 0.07361111), (0.7263889, 0.07361111), (0.7513889, 0.05138889), (0.7736111, 0.05138889), (0.7736111, 0.07361111), (0.7513889, 0.07361111), (0.7763889, 0.05138889), (0.7986111, 0.05138889), (0.7986111, 0.07361111), (0.7763889, 0.07361111), (0.80138886, 0.05138889), (0.82361114, 0.05138889), (0.82361114, 0.07361111), (0.80138886, 0.07361111), (0.8263889, 0.05138889), (0.8486111, 0.05138889), (0.8486111, 0.07361111), (0.8263889, 0.07361111), (0.8513889, 0.05138889), (0.8736111, 0.05138889), (0.8736111, 0.07361111), (0.8513889, 0.07361111), (0.8763889, 0.05138889), (0.8986111, 0.05138889), (0.8986111, 0.07361111), (0.8763889, 0.07361111), (0.9013889, 0.05138889), (0.9236111, 0.05138889), (0.9236111, 0.07361111), (0.9013889, 0.07361111), (0.92638886, 0.05138889), (0.94861114, 0.05138889), (0.94861114, 0.07361111), (0.92638886, 0.07361111), (0.9513889, 0.05138889), (0.9736111, 0.05138889), (0.9736111, 0.07361111), (0.9513889, 0.07361111), (0.9763889, 0.05138889), (0.9986111, 0.05138889), (0.9986111, 0.07361111), (0.9763889, 0.07361111), (0.0013888889, 0.07638889), (0.023611112, 0.07638889), (0.023611112, 0.09861111), (0.0013888889, 0.09861111), (0.02638889, 0.07638889), (0.048611112, 0.07638889), (0.048611112, 0.09861111), (0.02638889, 0.09861111), (0.05138889, 0.07638889), (0.07361111, 0.07638889), (0.07361111, 0.09861111), (0.05138889, 0.09861111), (0.07638889, 0.07638889), (0.09861111, 0.07638889), (0.09861111, 0.09861111), (0.07638889, 0.09861111), (0.10138889, 0.07638889), (0.12361111, 0.07638889), (0.12361111, 0.09861111), (0.10138889, 0.09861111), (0.12638889, 0.07638889), (0.14861111, 0.07638889), (0.14861111, 0.09861111), (0.12638889, 0.09861111), (0.15138888, 0.07638889), (0.1736111, 0.07638889), (0.1736111, 0.09861111), (0.15138888, 0.09861111), (0.17638889, 0.07638889), (0.19861111, 0.07638889), (0.19861111, 0.09861111), (0.17638889, 0.09861111), (0.2013889, 0.07638889), (0.22361112, 0.07638889), (0.22361112, 0.09861111), (0.2013889, 0.09861111), (0.22638889, 0.07638889), (0.24861111, 0.07638889), (0.24861111, 0.09861111), (0.22638889, 0.09861111), (0.25138888, 0.07638889), (0.2736111, 0.07638889), (0.2736111, 0.09861111), (0.25138888, 0.09861111), (0.27638888, 0.07638889), (0.2986111, 0.07638889), (0.2986111, 0.09861111), (0.27638888, 0.09861111), (0.3013889, 0.07638889), (0.3236111, 0.07638889), (0.3236111, 0.09861111), (0.3013889, 0.09861111), (0.3263889, 0.07638889), (0.34861112, 0.07638889), (0.34861112, 0.09861111), (0.3263889, 0.09861111), (0.3513889, 0.07638889), (0.37361112, 0.07638889), (0.37361112, 0.09861111), (0.3513889, 0.09861111), (0.37638888, 0.07638889), (0.3986111, 0.07638889), (0.3986111, 0.09861111), (0.37638888, 0.09861111), (0.40138888, 0.07638889), (0.4236111, 0.07638889), (0.4236111, 0.09861111), (0.40138888, 0.09861111), (0.4263889, 0.07638889), (0.4486111, 0.07638889), (0.4486111, 0.09861111), (0.4263889, 0.09861111), (0.4513889, 0.07638889), (0.47361112, 0.07638889), (0.47361112, 0.09861111), (0.4513889, 0.09861111), (0.4763889, 0.07638889), (0.49861112, 0.07638889), (0.49861112, 0.09861111), (0.4763889, 0.09861111), (0.5013889, 0.07638889), (0.5236111, 0.07638889), (0.5236111, 0.09861111), (0.5013889, 0.09861111), (0.5263889, 0.07638889), (0.5486111, 0.07638889), (0.5486111, 0.09861111), (0.5263889, 0.09861111), (0.55138886, 0.07638889), (0.57361114, 0.07638889), (0.57361114, 0.09861111), (0.55138886, 0.09861111), (0.5763889, 0.07638889), (0.5986111, 0.07638889), (0.5986111, 0.09861111), (0.5763889, 0.09861111), (0.6013889, 0.07638889), (0.6236111, 0.07638889), (0.6236111, 0.09861111), (0.6013889, 0.09861111), (0.6263889, 0.07638889), (0.6486111, 0.07638889), (0.6486111, 0.09861111), (0.6263889, 0.09861111), (0.6513889, 0.07638889), (0.6736111, 0.07638889), (0.6736111, 0.09861111), (0.6513889, 0.09861111), (0.67638886, 0.07638889), (0.69861114, 0.07638889), (0.69861114, 0.09861111), (0.67638886, 0.09861111), (0.7013889, 0.07638889), (0.7236111, 0.07638889), (0.7236111, 0.09861111), (0.7013889, 0.09861111), (0.7263889, 0.07638889), (0.7486111, 0.07638889), (0.7486111, 0.09861111), (0.7263889, 0.09861111), (0.7513889, 0.07638889), (0.7736111, 0.07638889), (0.7736111, 0.09861111), (0.7513889, 0.09861111), (0.7763889, 0.07638889), (0.7986111, 0.07638889), (0.7986111, 0.09861111), (0.7763889, 0.09861111), (0.80138886, 0.07638889), (0.82361114, 0.07638889), (0.82361114, 0.09861111), (0.80138886, 0.09861111), (0.8263889, 0.07638889), (0.8486111, 0.07638889), (0.8486111, 0.09861111), (0.8263889, 0.09861111), (0.8513889, 0.07638889), (0.8736111, 0.07638889), (0.8736111, 0.09861111), (0.8513889, 0.09861111), (0.8763889, 0.07638889), (0.8986111, 0.07638889), (0.8986111, 0.09861111), (0.8763889, 0.09861111), (0.9013889, 0.07638889), (0.9236111, 0.07638889), (0.9236111, 0.09861111), (0.9013889, 0.09861111), (0.92638886, 0.07638889), (0.94861114, 0.07638889), (0.94861114, 0.09861111), (0.92638886, 0.09861111), (0.9513889, 0.07638889), (0.9736111, 0.07638889), (0.9736111, 0.09861111), (0.9513889, 0.09861111), (0.9763889, 0.07638889), (0.9986111, 0.07638889), (0.9986111, 0.09861111), (0.9763889, 0.09861111), (0.0013888889, 0.10138889), (0.023611112, 0.10138889), (0.023611112, 0.12361111), (0.0013888889, 0.12361111), (0.02638889, 0.10138889), (0.048611112, 0.10138889), (0.048611112, 0.12361111), (0.02638889, 0.12361111), (0.05138889, 0.10138889), (0.07361111, 0.10138889), (0.07361111, 0.12361111), (0.05138889, 0.12361111), (0.07638889, 0.10138889), (0.09861111, 0.10138889), (0.09861111, 0.12361111), (0.07638889, 0.12361111), (0.10138889, 0.10138889), (0.12361111, 0.10138889), (0.12361111, 0.12361111), (0.10138889, 0.12361111), (0.12638889, 0.10138889), (0.14861111, 0.10138889), (0.14861111, 0.12361111), (0.12638889, 0.12361111), (0.15138888, 0.10138889), (0.1736111, 0.10138889), (0.1736111, 0.12361111), (0.15138888, 0.12361111), (0.17638889, 0.10138889), (0.19861111, 0.10138889), (0.19861111, 0.12361111), (0.17638889, 0.12361111), (0.2013889, 0.10138889), (0.22361112, 0.10138889), (0.22361112, 0.12361111), (0.2013889, 0.12361111), (0.22638889, 0.10138889), (0.24861111, 0.10138889), (0.24861111, 0.12361111), (0.22638889, 0.12361111), (0.25138888, 0.10138889), (0.2736111, 0.10138889), (0.2736111, 0.12361111), (0.25138888, 0.12361111), (0.27638888, 0.10138889), (0.2986111, 0.10138889), (0.2986111, 0.12361111), (0.27638888, 0.12361111), (0.3013889, 0.10138889), (0.3236111, 0.10138889), (0.3236111, 0.12361111), (0.3013889, 0.12361111), (0.3263889, 0.10138889), (0.34861112, 0.10138889), (0.34861112, 0.12361111), (0.3263889, 0.12361111), (0.3513889, 0.10138889), (0.37361112, 0.10138889), (0.37361112, 0.12361111), (0.3513889, 0.12361111), (0.37638888, 0.10138889), (0.3986111, 0.10138889), (0.3986111, 0.12361111), (0.37638888, 0.12361111), (0.40138888, 0.10138889), (0.4236111, 0.10138889), (0.4236111, 0.12361111), (0.40138888, 0.12361111), (0.4263889, 0.10138889), (0.4486111, 0.10138889), (0.4486111, 0.12361111), (0.4263889, 0.12361111), (0.4513889, 0.10138889), (0.47361112, 0.10138889), (0.47361112, 0.12361111), (0.4513889, 0.12361111), (0.4763889, 0.10138889), (0.49861112, 0.10138889), (0.49861112, 0.12361111), (0.4763889, 0.12361111), (0.5013889, 0.10138889), (0.5236111, 0.10138889), (0.5236111, 0.12361111), (0.5013889, 0.12361111), (0.5263889, 0.10138889), (0.5486111, 0.10138889), (0.5486111, 0.12361111), (0.5263889, 0.12361111), (0.55138886, 0.10138889), (0.57361114, 0.10138889), (0.57361114, 0.12361111), (0.55138886, 0.12361111), (0.5763889, 0.10138889), (0.5986111, 0.10138889), (0.5986111, 0.12361111), (0.5763889, 0.12361111), (0.6013889, 0.10138889), (0.6236111, 0.10138889), (0.6236111, 0.12361111), (0.6013889, 0.12361111), (0.6263889, 0.10138889), (0.6486111, 0.10138889), (0.6486111, 0.12361111), (0.6263889, 0.12361111), (0.6513889, 0.10138889), (0.6736111, 0.10138889), (0.6736111, 0.12361111), (0.6513889, 0.12361111), (0.67638886, 0.10138889), (0.69861114, 0.10138889), (0.69861114, 0.12361111), (0.67638886, 0.12361111), (0.7013889, 0.10138889), (0.7236111, 0.10138889), (0.7236111, 0.12361111), (0.7013889, 0.12361111), (0.7263889, 0.10138889), (0.7486111, 0.10138889), (0.7486111, 0.12361111), (0.7263889, 0.12361111), (0.7513889, 0.10138889), (0.7736111, 0.10138889), (0.7736111, 0.12361111), (0.7513889, 0.12361111), (0.7763889, 0.10138889), (0.7986111, 0.10138889), (0.7986111, 0.12361111), (0.7763889, 0.12361111), (0.80138886, 0.10138889), (0.82361114, 0.10138889), (0.82361114, 0.12361111), (0.80138886, 0.12361111), (0.8263889, 0.10138889), (0.8486111, 0.10138889), (0.8486111, 0.12361111), (0.8263889, 0.12361111), (0.8513889, 0.10138889), (0.8736111, 0.10138889), (0.8736111, 0.12361111), (0.8513889, 0.12361111), (0.8763889, 0.10138889), (0.8986111, 0.10138889), (0.8986111, 0.12361111), (0.8763889, 0.12361111), (0.9013889, 0.10138889), (0.9236111, 0.10138889), (0.9236111, 0.12361111), (0.9013889, 0.12361111), (0.92638886, 0.10138889), (0.94861114, 0.10138889), (0.94861114, 0.12361111), (0.92638886, 0.12361111), (0.9513889, 0.10138889), (0.9736111, 0.10138889), (0.9736111, 0.12361111), (0.9513889, 0.12361111), (0.9763889, 0.10138889), (0.9986111, 0.10138889), (0.9986111, 0.12361111), (0.9763889, 0.12361111), (0.0013888889, 0.12638889), (0.023611112, 0.12638889), (0.023611112, 0.14861111), (0.0013888889, 0.14861111), (0.02638889, 0.12638889), (0.048611112, 0.12638889), (0.048611112, 0.14861111), (0.02638889, 0.14861111), (0.05138889, 0.12638889), (0.07361111, 0.12638889), (0.07361111, 0.14861111), (0.05138889, 0.14861111), (0.07638889, 0.12638889), (0.09861111, 0.12638889), (0.09861111, 0.14861111), (0.07638889, 0.14861111), (0.10138889, 0.12638889), (0.12361111, 0.12638889), (0.12361111, 0.14861111), (0.10138889, 0.14861111), (0.12638889, 0.12638889), (0.14861111, 0.12638889), (0.14861111, 0.14861111), (0.12638889, 0.14861111), (0.15138888, 0.12638889), (0.1736111, 0.12638889), (0.1736111, 0.14861111), (0.15138888, 0.14861111), (0.17638889, 0.12638889), (0.19861111, 0.12638889), (0.19861111, 0.14861111), (0.17638889, 0.14861111), (0.2013889, 0.12638889), (0.22361112, 0.12638889), (0.22361112, 0.14861111), (0.2013889, 0.14861111), (0.22638889, 0.12638889), (0.24861111, 0.12638889), (0.24861111, 0.14861111), (0.22638889, 0.14861111), (0.25138888, 0.12638889), (0.2736111, 0.12638889), (0.2736111, 0.14861111), (0.25138888, 0.14861111), (0.27638888, 0.12638889), (0.2986111, 0.12638889), (0.2986111, 0.14861111), (0.27638888, 0.14861111), (0.3013889, 0.12638889), (0.3236111, 0.12638889), (0.3236111, 0.14861111), (0.3013889, 0.14861111), (0.3263889, 0.12638889), (0.34861112, 0.12638889), (0.34861112, 0.14861111), (0.3263889, 0.14861111), (0.3513889, 0.12638889), (0.37361112, 0.12638889), (0.37361112, 0.14861111), (0.3513889, 0.14861111), (0.37638888, 0.12638889), (0.3986111, 0.12638889), (0.3986111, 0.14861111), (0.37638888, 0.14861111), (0.40138888, 0.12638889), (0.4236111, 0.12638889), (0.4236111, 0.14861111), (0.40138888, 0.14861111), (0.4263889, 0.12638889), (0.4486111, 0.12638889), (0.4486111, 0.14861111), (0.4263889, 0.14861111), (0.4513889, 0.12638889), (0.47361112, 0.12638889), (0.47361112, 0.14861111), (0.4513889, 0.14861111), (0.4763889, 0.12638889), (0.49861112, 0.12638889), (0.49861112, 0.14861111), (0.4763889, 0.14861111), (0.5013889, 0.12638889), (0.5236111, 0.12638889), (0.5236111, 0.14861111), (0.5013889, 0.14861111), (0.5263889, 0.12638889), (0.5486111, 0.12638889), (0.5486111, 0.14861111), (0.5263889, 0.14861111), (0.55138886, 0.12638889), (0.57361114, 0.12638889), (0.57361114, 0.14861111), (0.55138886, 0.14861111), (0.5763889, 0.12638889), (0.5986111, 0.12638889), (0.5986111, 0.14861111), (0.5763889, 0.14861111), (0.6013889, 0.12638889), (0.6236111, 0.12638889), (0.6236111, 0.14861111), (0.6013889, 0.14861111), (0.6263889, 0.12638889), (0.6486111, 0.12638889), (0.6486111, 0.14861111), (0.6263889, 0.14861111), (0.6513889, 0.12638889), (0.6736111, 0.12638889), (0.6736111, 0.14861111), (0.6513889, 0.14861111), (0.67638886, 0.12638889), (0.69861114, 0.12638889), (0.69861114, 0.14861111), (0.67638886, 0.14861111), (0.7013889, 0.12638889), (0.7236111, 0.12638889), (0.7236111, 0.14861111), (0.7013889, 0.14861111), (0.7263889, 0.12638889), (0.7486111, 0.12638889), (0.7486111, 0.14861111), (0.7263889, 0.14861111), (0.7513889, 0.12638889), (0.7736111, 0.12638889), (0.7736111, 0.14861111), (0.7513889, 0.14861111), (0.7763889, 0.12638889), (0.7986111, 0.12638889), (0.7986111, 0.14861111), (0.7763889, 0.14861111), (0.80138886, 0.12638889), (0.82361114, 0.12638889), (0.82361114, 0.14861111), (0.80138886, 0.14861111), (0.8263889, 0.12638889), (0.8486111, 0.12638889), (0.8486111, 0.14861111), (0.8263889, 0.14861111), (0.8513889, 0.12638889), (0.8736111, 0.12638889), (0.8736111, 0.14861111), (0.8513889, 0.14861111), (0.8763889, 0.12638889), (0.8986111, 0.12638889), (0.8986111, 0.14861111), (0.8763889, 0.14861111), (0.9013889, 0.12638889), (0.9236111, 0.12638889), (0.9236111, 0.14861111), (0.9013889, 0.14861111), (0.92638886, 0.12638889), (0.94861114, 0.12638889), (0.94861114, 0.14861111), (0.92638886, 0.14861111), (0.9513889, 0.12638889), (0.9736111, 0.12638889), (0.9736111, 0.14861111), (0.9513889, 0.14861111), (0.9763889, 0.12638889), (0.9986111, 0.12638889), (0.9986111, 0.14861111), (0.9763889, 0.14861111), (0.0013888889, 0.15138888), (0.023611112, 0.15138888), (0.023611112, 0.1736111), (0.0013888889, 0.1736111), (0.02638889, 0.15138888), (0.048611112, 0.15138888), (0.048611112, 0.1736111), (0.02638889, 0.1736111), (0.05138889, 0.15138888), (0.07361111, 0.15138888), (0.07361111, 0.1736111), (0.05138889, 0.1736111), (0.07638889, 0.15138888), (0.09861111, 0.15138888), (0.09861111, 0.1736111), (0.07638889, 0.1736111), (0.10138889, 0.15138888), (0.12361111, 0.15138888), (0.12361111, 0.1736111), (0.10138889, 0.1736111), (0.12638889, 0.15138888), (0.14861111, 0.15138888), (0.14861111, 0.1736111), (0.12638889, 0.1736111), (0.15138888, 0.15138888), (0.1736111, 0.15138888), (0.1736111, 0.1736111), (0.15138888, 0.1736111), (0.17638889, 0.15138888), (0.19861111, 0.15138888), (0.19861111, 0.1736111), (0.17638889, 0.1736111), (0.2013889, 0.15138888), (0.22361112, 0.15138888), (0.22361112, 0.1736111), (0.2013889, 0.1736111), (0.22638889, 0.15138888), (0.24861111, 0.15138888), (0.24861111, 0.1736111), (0.22638889, 0.1736111), (0.25138888, 0.15138888), (0.2736111, 0.15138888), (0.2736111, 0.1736111), (0.25138888, 0.1736111), (0.27638888, 0.15138888), (0.2986111, 0.15138888), (0.2986111, 0.1736111), (0.27638888, 0.1736111), (0.3013889, 0.15138888), (0.3236111, 0.15138888), (0.3236111, 0.1736111), (0.3013889, 0.1736111), (0.3263889, 0.15138888), (0.34861112, 0.15138888), (0.34861112, 0.1736111), (0.3263889, 0.1736111), (0.3513889, 0.15138888), (0.37361112, 0.15138888), (0.37361112, 0.1736111), (0.3513889, 0.1736111), (0.37638888, 0.15138888), (0.3986111, 0.15138888), (0.3986111, 0.1736111), (0.37638888, 0.1736111), (0.40138888, 0.15138888), (0.4236111, 0.15138888), (0.4236111, 0.1736111), (0.40138888, 0.1736111), (0.4263889, 0.15138888), (0.4486111, 0.15138888), (0.4486111, 0.1736111), (0.4263889, 0.1736111), (0.4513889, 0.15138888), (0.47361112, 0.15138888), (0.47361112, 0.1736111), (0.4513889, 0.1736111), (0.4763889, 0.15138888), (0.49861112, 0.15138888), (0.49861112, 0.1736111), (0.4763889, 0.1736111), (0.5013889, 0.15138888), (0.5236111, 0.15138888), (0.5236111, 0.1736111), (0.5013889, 0.1736111), (0.5263889, 0.15138888), (0.5486111, 0.15138888), (0.5486111, 0.1736111), (0.5263889, 0.1736111), (0.55138886, 0.15138888), (0.57361114, 0.15138888), (0.57361114, 0.1736111), (0.55138886, 0.1736111), (0.5763889, 0.15138888), (0.5986111, 0.15138888), (0.5986111, 0.1736111), (0.5763889, 0.1736111), (0.6013889, 0.15138888), (0.6236111, 0.15138888), (0.6236111, 0.1736111), (0.6013889, 0.1736111), (0.6263889, 0.15138888), (0.6486111, 0.15138888), (0.6486111, 0.1736111), (0.6263889, 0.1736111), (0.6513889, 0.15138888), (0.6736111, 0.15138888), (0.6736111, 0.1736111), (0.6513889, 0.1736111), (0.67638886, 0.15138888), (0.69861114, 0.15138888), (0.69861114, 0.1736111), (0.67638886, 0.1736111), (0.7013889, 0.15138888), (0.7236111, 0.15138888), (0.7236111, 0.1736111), (0.7013889, 0.1736111), (0.7263889, 0.15138888), (0.7486111, 0.15138888), (0.7486111, 0.1736111), (0.7263889, 0.1736111), (0.7513889, 0.15138888), (0.7736111, 0.15138888), (0.7736111, 0.1736111), (0.7513889, 0.1736111), (0.7763889, 0.15138888), (0.7986111, 0.15138888), (0.7986111, 0.1736111), (0.7763889, 0.1736111), (0.80138886, 0.15138888), (0.82361114, 0.15138888), (0.82361114, 0.1736111), (0.80138886, 0.1736111), (0.8263889, 0.15138888), (0.8486111, 0.15138888), (0.8486111, 0.1736111), (0.8263889, 0.1736111), (0.8513889, 0.15138888), (0.8736111, 0.15138888), (0.8736111, 0.1736111), (0.8513889, 0.1736111), (0.8763889, 0.15138888), (0.8986111, 0.15138888), (0.8986111, 0.1736111), (0.8763889, 0.1736111), (0.9013889, 0.15138888), (0.9236111, 0.15138888), (0.9236111, 0.1736111), (0.9013889, 0.1736111), (0.92638886, 0.15138888), (0.94861114, 0.15138888), (0.94861114, 0.1736111), (0.92638886, 0.1736111), (0.9513889, 0.15138888), (0.9736111, 0.15138888), (0.9736111, 0.1736111), (0.9513889, 0.1736111), (0.9763889, 0.15138888), (0.9986111, 0.15138888), (0.9986111, 0.1736111), (0.9763889, 0.1736111), (0.0013888889, 0.17638889), (0.023611112, 0.17638889), (0.023611112, 0.19861111), (0.0013888889, 0.19861111), (0.02638889, 0.17638889), (0.048611112, 0.17638889), (0.048611112, 0.19861111), (0.02638889, 0.19861111), (0.05138889, 0.17638889), (0.07361111, 0.17638889), (0.07361111, 0.19861111), (0.05138889, 0.19861111), (0.07638889, 0.17638889), (0.09861111, 0.17638889), (0.09861111, 0.19861111), (0.07638889, 0.19861111), (0.10138889, 0.17638889), (0.12361111, 0.17638889), (0.12361111, 0.19861111), (0.10138889, 0.19861111), (0.12638889, 0.17638889), (0.14861111, 0.17638889), (0.14861111, 0.19861111), (0.12638889, 0.19861111), (0.15138888, 0.17638889), (0.1736111, 0.17638889), (0.1736111, 0.19861111), (0.15138888, 0.19861111), (0.17638889, 0.17638889), (0.19861111, 0.17638889), (0.19861111, 0.19861111), (0.17638889, 0.19861111), (0.2013889, 0.17638889), (0.22361112, 0.17638889), (0.22361112, 0.19861111), (0.2013889, 0.19861111), (0.22638889, 0.17638889), (0.24861111, 0.17638889), (0.24861111, 0.19861111), (0.22638889, 0.19861111), (0.25138888, 0.17638889), (0.2736111, 0.17638889), (0.2736111, 0.19861111), (0.25138888, 0.19861111), (0.27638888, 0.17638889), (0.2986111, 0.17638889), (0.2986111, 0.19861111), (0.27638888, 0.19861111), (0.3013889, 0.17638889), (0.3236111, 0.17638889), (0.3236111, 0.19861111), (0.3013889, 0.19861111), (0.3263889, 0.17638889), (0.34861112, 0.17638889), (0.34861112, 0.19861111), (0.3263889, 0.19861111), (0.3513889, 0.17638889), (0.37361112, 0.17638889), (0.37361112, 0.19861111), (0.3513889, 0.19861111), (0.37638888, 0.17638889), (0.3986111, 0.17638889), (0.3986111, 0.19861111), (0.37638888, 0.19861111), (0.40138888, 0.17638889), (0.4236111, 0.17638889), (0.4236111, 0.19861111), (0.40138888, 0.19861111), (0.4263889, 0.17638889), (0.4486111, 0.17638889), (0.4486111, 0.19861111), (0.4263889, 0.19861111), (0.4513889, 0.17638889), (0.47361112, 0.17638889), (0.47361112, 0.19861111), (0.4513889, 0.19861111), (0.4763889, 0.17638889), (0.49861112, 0.17638889), (0.49861112, 0.19861111), (0.4763889, 0.19861111), (0.5013889, 0.17638889), (0.5236111, 0.17638889), (0.5236111, 0.19861111), (0.5013889, 0.19861111), (0.5263889, 0.17638889), (0.5486111, 0.17638889), (0.5486111, 0.19861111), (0.5263889, 0.19861111), (0.55138886, 0.17638889), (0.57361114, 0.17638889), (0.57361114, 0.19861111), (0.55138886, 0.19861111), (0.5763889, 0.17638889), (0.5986111, 0.17638889), (0.5986111, 0.19861111), (0.5763889, 0.19861111), (0.6013889, 0.17638889), (0.6236111, 0.17638889), (0.6236111, 0.19861111), (0.6013889, 0.19861111), (0.6263889, 0.17638889), (0.6486111, 0.17638889), (0.6486111, 0.19861111), (0.6263889, 0.19861111), (0.6513889, 0.17638889), (0.6736111, 0.17638889), (0.6736111, 0.19861111), (0.6513889, 0.19861111), (0.67638886, 0.17638889), (0.69861114, 0.17638889), (0.69861114, 0.19861111), (0.67638886, 0.19861111), (0.7013889, 0.17638889), (0.7236111, 0.17638889), (0.7236111, 0.19861111), (0.7013889, 0.19861111), (0.7263889, 0.17638889), (0.7486111, 0.17638889), (0.7486111, 0.19861111), (0.7263889, 0.19861111), (0.7513889, 0.17638889), (0.7736111, 0.17638889), (0.7736111, 0.19861111), (0.7513889, 0.19861111), (0.7763889, 0.17638889), (0.7986111, 0.17638889), (0.7986111, 0.19861111), (0.7763889, 0.19861111), (0.80138886, 0.17638889), (0.82361114, 0.17638889), (0.82361114, 0.19861111), (0.80138886, 0.19861111), (0.8263889, 0.17638889), (0.8486111, 0.17638889), (0.8486111, 0.19861111), (0.8263889, 0.19861111), (0.8513889, 0.17638889), (0.8736111, 0.17638889), (0.8736111, 0.19861111), (0.8513889, 0.19861111), (0.8763889, 0.17638889), (0.8986111, 0.17638889), (0.8986111, 0.19861111), (0.8763889, 0.19861111), (0.9013889, 0.17638889), (0.9236111, 0.17638889), (0.9236111, 0.19861111), (0.9013889, 0.19861111), (0.92638886, 0.17638889), (0.94861114, 0.17638889), (0.94861114, 0.19861111), (0.92638886, 0.19861111), (0.9513889, 0.17638889), (0.9736111, 0.17638889), (0.9736111, 0.19861111), (0.9513889, 0.19861111), (0.9763889, 0.17638889), (0.9986111, 0.17638889), (0.9986111, 0.19861111), (0.9763889, 0.19861111), (0.0013888889, 0.2013889), (0.023611112, 0.2013889), (0.023611112, 0.22361112), (0.0013888889, 0.22361112), (0.02638889, 0.2013889), (0.048611112, 0.2013889), (0.048611112, 0.22361112), (0.02638889, 0.22361112), (0.05138889, 0.2013889), (0.07361111, 0.2013889), (0.07361111, 0.22361112), (0.05138889, 0.22361112), (0.07638889, 0.2013889), (0.09861111, 0.2013889), (0.09861111, 0.22361112), (0.07638889, 0.22361112), (0.10138889, 0.2013889), (0.12361111, 0.2013889), (0.12361111, 0.22361112), (0.10138889, 0.22361112), (0.12638889, 0.2013889), (0.14861111, 0.2013889), (0.14861111, 0.22361112), (0.12638889, 0.22361112), (0.15138888, 0.2013889), (0.1736111, 0.2013889), (0.1736111, 0.22361112), (0.15138888, 0.22361112), (0.17638889, 0.2013889), (0.19861111, 0.2013889), (0.19861111, 0.22361112), (0.17638889, 0.22361112), (0.2013889, 0.2013889), (0.22361112, 0.2013889), (0.22361112, 0.22361112), (0.2013889, 0.22361112), (0.22638889, 0.2013889), (0.24861111, 0.2013889), (0.24861111, 0.22361112), (0.22638889, 0.22361112), (0.25138888, 0.2013889), (0.2736111, 0.2013889), (0.2736111, 0.22361112), (0.25138888, 0.22361112), (0.27638888, 0.2013889), (0.2986111, 0.2013889), (0.2986111, 0.22361112), (0.27638888, 0.22361112), (0.3013889, 0.2013889), (0.3236111, 0.2013889), (0.3236111, 0.22361112), (0.3013889, 0.22361112), (0.3263889, 0.2013889), (0.34861112, 0.2013889), (0.34861112, 0.22361112), (0.3263889, 0.22361112), (0.3513889, 0.2013889), (0.37361112, 0.2013889), (0.37361112, 0.22361112), (0.3513889, 0.22361112), (0.37638888, 0.2013889), (0.3986111, 0.2013889), (0.3986111, 0.22361112), (0.37638888, 0.22361112), (0.40138888, 0.2013889), (0.4236111, 0.2013889), (0.4236111, 0.22361112), (0.40138888, 0.22361112), (0.4263889, 0.2013889), (0.4486111, 0.2013889), (0.4486111, 0.22361112), (0.4263889, 0.22361112), (0.4513889, 0.2013889), (0.47361112, 0.2013889), (0.47361112, 0.22361112), (0.4513889, 0.22361112), (0.4763889, 0.2013889), (0.49861112, 0.2013889), (0.49861112, 0.22361112), (0.4763889, 0.22361112), (0.5013889, 0.2013889), (0.5236111, 0.2013889), (0.5236111, 0.22361112), (0.5013889, 0.22361112), (0.5263889, 0.2013889), (0.5486111, 0.2013889), (0.5486111, 0.22361112), (0.5263889, 0.22361112), (0.55138886, 0.2013889), (0.57361114, 0.2013889), (0.57361114, 0.22361112), (0.55138886, 0.22361112), (0.5763889, 0.2013889), (0.5986111, 0.2013889), (0.5986111, 0.22361112), (0.5763889, 0.22361112), (0.6013889, 0.2013889), (0.6236111, 0.2013889), (0.6236111, 0.22361112), (0.6013889, 0.22361112), (0.6263889, 0.2013889), (0.6486111, 0.2013889), (0.6486111, 0.22361112), (0.6263889, 0.22361112), (0.6513889, 0.2013889), (0.6736111, 0.2013889), (0.6736111, 0.22361112), (0.6513889, 0.22361112), (0.67638886, 0.2013889), (0.69861114, 0.2013889), (0.69861114, 0.22361112), (0.67638886, 0.22361112), (0.7013889, 0.2013889), (0.7236111, 0.2013889), (0.7236111, 0.22361112), (0.7013889, 0.22361112), (0.7263889, 0.2013889), (0.7486111, 0.2013889), (0.7486111, 0.22361112), (0.7263889, 0.22361112), (0.7513889, 0.2013889), (0.7736111, 0.2013889), (0.7736111, 0.22361112), (0.7513889, 0.22361112), (0.7763889, 0.2013889), (0.7986111, 0.2013889), (0.7986111, 0.22361112), (0.7763889, 0.22361112), (0.80138886, 0.2013889), (0.82361114, 0.2013889), (0.82361114, 0.22361112), (0.80138886, 0.22361112), (0.8263889, 0.2013889), (0.8486111, 0.2013889), (0.8486111, 0.22361112), (0.8263889, 0.22361112), (0.8513889, 0.2013889), (0.8736111, 0.2013889), (0.8736111, 0.22361112), (0.8513889, 0.22361112), (0.8763889, 0.2013889), (0.8986111, 0.2013889), (0.8986111, 0.22361112), (0.8763889, 0.22361112), (0.9013889, 0.2013889), (0.9236111, 0.2013889), (0.9236111, 0.22361112), (0.9013889, 0.22361112), (0.92638886, 0.2013889), (0.94861114, 0.2013889), (0.94861114, 0.22361112), (0.92638886, 0.22361112), (0.9513889, 0.2013889), (0.9736111, 0.2013889), (0.9736111, 0.22361112), (0.9513889, 0.22361112), (0.9763889, 0.2013889), (0.9986111, 0.2013889), (0.9986111, 0.22361112), (0.9763889, 0.22361112), (0.0013888889, 0.22638889), (0.023611112, 0.22638889), (0.023611112, 0.24861111), (0.0013888889, 0.24861111), (0.02638889, 0.22638889), (0.048611112, 0.22638889), (0.048611112, 0.24861111), (0.02638889, 0.24861111), (0.05138889, 0.22638889), (0.07361111, 0.22638889), (0.07361111, 0.24861111), (0.05138889, 0.24861111), (0.07638889, 0.22638889), (0.09861111, 0.22638889), (0.09861111, 0.24861111), (0.07638889, 0.24861111), (0.10138889, 0.22638889), (0.12361111, 0.22638889), (0.12361111, 0.24861111), (0.10138889, 0.24861111), (0.12638889, 0.22638889), (0.14861111, 0.22638889), (0.14861111, 0.24861111), (0.12638889, 0.24861111), (0.15138888, 0.22638889), (0.1736111, 0.22638889), (0.1736111, 0.24861111), (0.15138888, 0.24861111), (0.17638889, 0.22638889), (0.19861111, 0.22638889), (0.19861111, 0.24861111), (0.17638889, 0.24861111), (0.2013889, 0.22638889), (0.22361112, 0.22638889), (0.22361112, 0.24861111), (0.2013889, 0.24861111), (0.22638889, 0.22638889), (0.24861111, 0.22638889), (0.24861111, 0.24861111), (0.22638889, 0.24861111), (0.25138888, 0.22638889), (0.2736111, 0.22638889), (0.2736111, 0.24861111), (0.25138888, 0.24861111), (0.27638888, 0.22638889), (0.2986111, 0.22638889), (0.2986111, 0.24861111), (0.27638888, 0.24861111), (0.3013889, 0.22638889), (0.3236111, 0.22638889), (0.3236111, 0.24861111), (0.3013889, 0.24861111), (0.3263889, 0.22638889), (0.34861112, 0.22638889), (0.34861112, 0.24861111), (0.3263889, 0.24861111), (0.3513889, 0.22638889), (0.37361112, 0.22638889), (0.37361112, 0.24861111), (0.3513889, 0.24861111), (0.37638888, 0.22638889), (0.3986111, 0.22638889), (0.3986111, 0.24861111), (0.37638888, 0.24861111), (0.40138888, 0.22638889), (0.4236111, 0.22638889), (0.4236111, 0.24861111), (0.40138888, 0.24861111), (0.4263889, 0.22638889), (0.4486111, 0.22638889), (0.4486111, 0.24861111), (0.4263889, 0.24861111), (0.4513889, 0.22638889), (0.47361112, 0.22638889), (0.47361112, 0.24861111), (0.4513889, 0.24861111), (0.4763889, 0.22638889), (0.49861112, 0.22638889), (0.49861112, 0.24861111), (0.4763889, 0.24861111), (0.5013889, 0.22638889), (0.5236111, 0.22638889), (0.5236111, 0.24861111), (0.5013889, 0.24861111), (0.5263889, 0.22638889), (0.5486111, 0.22638889), (0.5486111, 0.24861111), (0.5263889, 0.24861111), (0.55138886, 0.22638889), (0.57361114, 0.22638889), (0.57361114, 0.24861111), (0.55138886, 0.24861111), (0.5763889, 0.22638889), (0.5986111, 0.22638889), (0.5986111, 0.24861111), (0.5763889, 0.24861111), (0.6013889, 0.22638889), (0.6236111, 0.22638889), (0.6236111, 0.24861111), (0.6013889, 0.24861111), (0.6263889, 0.22638889), (0.6486111, 0.22638889), (0.6486111, 0.24861111), (0.6263889, 0.24861111), (0.6513889, 0.22638889), (0.6736111, 0.22638889), (0.6736111, 0.24861111), (0.6513889, 0.24861111), (0.67638886, 0.22638889), (0.69861114, 0.22638889), (0.69861114, 0.24861111), (0.67638886, 0.24861111), (0.7013889, 0.22638889), (0.7236111, 0.22638889), (0.7236111, 0.24861111), (0.7013889, 0.24861111), (0.7263889, 0.22638889), (0.7486111, 0.22638889), (0.7486111, 0.24861111), (0.7263889, 0.24861111), (0.7513889, 0.22638889), (0.7736111, 0.22638889), (0.7736111, 0.24861111), (0.7513889, 0.24861111), (0.7763889, 0.22638889), (0.7986111, 0.22638889), (0.7986111, 0.24861111), (0.7763889, 0.24861111), (0.80138886, 0.22638889), (0.82361114, 0.22638889), (0.82361114, 0.24861111), (0.80138886, 0.24861111), (0.8263889, 0.22638889), (0.8486111, 0.22638889), (0.8486111, 0.24861111), (0.8263889, 0.24861111), (0.8513889, 0.22638889), (0.8736111, 0.22638889), (0.8736111, 0.24861111), (0.8513889, 0.24861111), (0.8763889, 0.22638889), (0.8986111, 0.22638889), (0.8986111, 0.24861111), (0.8763889, 0.24861111), (0.9013889, 0.22638889), (0.9236111, 0.22638889), (0.9236111, 0.24861111), (0.9013889, 0.24861111), (0.92638886, 0.22638889), (0.94861114, 0.22638889), (0.94861114, 0.24861111), (0.92638886, 0.24861111), (0.9513889, 0.22638889), (0.9736111, 0.22638889), (0.9736111, 0.24861111), (0.9513889, 0.24861111), (0.9763889, 0.22638889), (0.9986111, 0.22638889), (0.9986111, 0.24861111), (0.9763889, 0.24861111), (0.0013888889, 0.25138888), (0.023611112, 0.25138888), (0.023611112, 0.2736111), (0.0013888889, 0.2736111), (0.02638889, 0.25138888), (0.048611112, 0.25138888), (0.048611112, 0.2736111), (0.02638889, 0.2736111), (0.05138889, 0.25138888), (0.07361111, 0.25138888), (0.07361111, 0.2736111), (0.05138889, 0.2736111), (0.07638889, 0.25138888), (0.09861111, 0.25138888), (0.09861111, 0.2736111), (0.07638889, 0.2736111), (0.10138889, 0.25138888), (0.12361111, 0.25138888), (0.12361111, 0.2736111), (0.10138889, 0.2736111), (0.12638889, 0.25138888), (0.14861111, 0.25138888), (0.14861111, 0.2736111), (0.12638889, 0.2736111), (0.15138888, 0.25138888), (0.1736111, 0.25138888), (0.1736111, 0.2736111), (0.15138888, 0.2736111), (0.17638889, 0.25138888), (0.19861111, 0.25138888), (0.19861111, 0.2736111), (0.17638889, 0.2736111), (0.2013889, 0.25138888), (0.22361112, 0.25138888), (0.22361112, 0.2736111), (0.2013889, 0.2736111), (0.22638889, 0.25138888), (0.24861111, 0.25138888), (0.24861111, 0.2736111), (0.22638889, 0.2736111), (0.25138888, 0.25138888), (0.2736111, 0.25138888), (0.2736111, 0.2736111), (0.25138888, 0.2736111), (0.27638888, 0.25138888), (0.2986111, 0.25138888), (0.2986111, 0.2736111), (0.27638888, 0.2736111), (0.3013889, 0.25138888), (0.3236111, 0.25138888), (0.3236111, 0.2736111), (0.3013889, 0.2736111), (0.3263889, 0.25138888), (0.34861112, 0.25138888), (0.34861112, 0.2736111), (0.3263889, 0.2736111), (0.3513889, 0.25138888), (0.37361112, 0.25138888), (0.37361112, 0.2736111), (0.3513889, 0.2736111), (0.37638888, 0.25138888), (0.3986111, 0.25138888), (0.3986111, 0.2736111), (0.37638888, 0.2736111), (0.40138888, 0.25138888), (0.4236111, 0.25138888), (0.4236111, 0.2736111), (0.40138888, 0.2736111), (0.4263889, 0.25138888), (0.4486111, 0.25138888), (0.4486111, 0.2736111), (0.4263889, 0.2736111), (0.4513889, 0.25138888), (0.47361112, 0.25138888), (0.47361112, 0.2736111), (0.4513889, 0.2736111), (0.4763889, 0.25138888), (0.49861112, 0.25138888), (0.49861112, 0.2736111), (0.4763889, 0.2736111), (0.5013889, 0.25138888), (0.5236111, 0.25138888), (0.5236111, 0.2736111), (0.5013889, 0.2736111), (0.5263889, 0.25138888), (0.5486111, 0.25138888), (0.5486111, 0.2736111), (0.5263889, 0.2736111), (0.55138886, 0.25138888), (0.57361114, 0.25138888), (0.57361114, 0.2736111), (0.55138886, 0.2736111), (0.5763889, 0.25138888), (0.5986111, 0.25138888), (0.5986111, 0.2736111), (0.5763889, 0.2736111), (0.6013889, 0.25138888), (0.6236111, 0.25138888), (0.6236111, 0.2736111), (0.6013889, 0.2736111), (0.6263889, 0.25138888), (0.6486111, 0.25138888), (0.6486111, 0.2736111), (0.6263889, 0.2736111), (0.6513889, 0.25138888), (0.6736111, 0.25138888), (0.6736111, 0.2736111), (0.6513889, 0.2736111), (0.67638886, 0.25138888), (0.69861114, 0.25138888), (0.69861114, 0.2736111), (0.67638886, 0.2736111), (0.7013889, 0.25138888), (0.7236111, 0.25138888), (0.7236111, 0.2736111), (0.7013889, 0.2736111), (0.7263889, 0.25138888), (0.7486111, 0.25138888), (0.7486111, 0.2736111), (0.7263889, 0.2736111), (0.7513889, 0.25138888), (0.7736111, 0.25138888), (0.7736111, 0.2736111), (0.7513889, 0.2736111), (0.7763889, 0.25138888), (0.7986111, 0.25138888), (0.7986111, 0.2736111), (0.7763889, 0.2736111), (0.80138886, 0.25138888), (0.82361114, 0.25138888), (0.82361114, 0.2736111), (0.80138886, 0.2736111), (0.8263889, 0.25138888), (0.8486111, 0.25138888), (0.8486111, 0.2736111), (0.8263889, 0.2736111), (0.8513889, 0.25138888), (0.8736111, 0.25138888), (0.8736111, 0.2736111), (0.8513889, 0.2736111), (0.8763889, 0.25138888), (0.8986111, 0.25138888), (0.8986111, 0.2736111), (0.8763889, 0.2736111), (0.9013889, 0.25138888), (0.9236111, 0.25138888), (0.9236111, 0.2736111), (0.9013889, 0.2736111), (0.92638886, 0.25138888), (0.94861114, 0.25138888), (0.94861114, 0.2736111), (0.92638886, 0.2736111), (0.9513889, 0.25138888), (0.9736111, 0.25138888), (0.9736111, 0.2736111), (0.9513889, 0.2736111), (0.9763889, 0.25138888), (0.9986111, 0.25138888), (0.9986111, 0.2736111), (0.9763889, 0.2736111), (0.0013888889, 0.27638888), (0.023611112, 0.27638888), (0.023611112, 0.2986111), (0.0013888889, 0.2986111), (0.02638889, 0.27638888), (0.048611112, 0.27638888), (0.048611112, 0.2986111), (0.02638889, 0.2986111), (0.05138889, 0.27638888), (0.07361111, 0.27638888), (0.07361111, 0.2986111), (0.05138889, 0.2986111), (0.07638889, 0.27638888), (0.09861111, 0.27638888), (0.09861111, 0.2986111), (0.07638889, 0.2986111), (0.10138889, 0.27638888), (0.12361111, 0.27638888), (0.12361111, 0.2986111), (0.10138889, 0.2986111), (0.12638889, 0.27638888), (0.14861111, 0.27638888), (0.14861111, 0.2986111), (0.12638889, 0.2986111), (0.15138888, 0.27638888), (0.1736111, 0.27638888), (0.1736111, 0.2986111), (0.15138888, 0.2986111), (0.17638889, 0.27638888), (0.19861111, 0.27638888), (0.19861111, 0.2986111), (0.17638889, 0.2986111), (0.2013889, 0.27638888), (0.22361112, 0.27638888), (0.22361112, 0.2986111), (0.2013889, 0.2986111), (0.22638889, 0.27638888), (0.24861111, 0.27638888), (0.24861111, 0.2986111), (0.22638889, 0.2986111), (0.25138888, 0.27638888), (0.2736111, 0.27638888), (0.2736111, 0.2986111), (0.25138888, 0.2986111), (0.27638888, 0.27638888), (0.2986111, 0.27638888), (0.2986111, 0.2986111), (0.27638888, 0.2986111), (0.3013889, 0.27638888), (0.3236111, 0.27638888), (0.3236111, 0.2986111), (0.3013889, 0.2986111), (0.3263889, 0.27638888), (0.34861112, 0.27638888), (0.34861112, 0.2986111), (0.3263889, 0.2986111), (0.3513889, 0.27638888), (0.37361112, 0.27638888), (0.37361112, 0.2986111), (0.3513889, 0.2986111), (0.37638888, 0.27638888), (0.3986111, 0.27638888), (0.3986111, 0.2986111), (0.37638888, 0.2986111), (0.40138888, 0.27638888), (0.4236111, 0.27638888), (0.4236111, 0.2986111), (0.40138888, 0.2986111), (0.4263889, 0.27638888), (0.4486111, 0.27638888), (0.4486111, 0.2986111), (0.4263889, 0.2986111), (0.4513889, 0.27638888), (0.47361112, 0.27638888), (0.47361112, 0.2986111), (0.4513889, 0.2986111), (0.4763889, 0.27638888), (0.49861112, 0.27638888), (0.49861112, 0.2986111), (0.4763889, 0.2986111), (0.5013889, 0.27638888), (0.5236111, 0.27638888), (0.5236111, 0.2986111), (0.5013889, 0.2986111), (0.5263889, 0.27638888), (0.5486111, 0.27638888), (0.5486111, 0.2986111), (0.5263889, 0.2986111), (0.55138886, 0.27638888), (0.57361114, 0.27638888), (0.57361114, 0.2986111), (0.55138886, 0.2986111), (0.5763889, 0.27638888), (0.5986111, 0.27638888), (0.5986111, 0.2986111), (0.5763889, 0.2986111), (0.6013889, 0.27638888), (0.6236111, 0.27638888), (0.6236111, 0.2986111), (0.6013889, 0.2986111), (0.6263889, 0.27638888), (0.6486111, 0.27638888), (0.6486111, 0.2986111), (0.6263889, 0.2986111), (0.6513889, 0.27638888), (0.6736111, 0.27638888), (0.6736111, 0.2986111), (0.6513889, 0.2986111), (0.67638886, 0.27638888), (0.69861114, 0.27638888), (0.69861114, 0.2986111), (0.67638886, 0.2986111), (0.7013889, 0.27638888), (0.7236111, 0.27638888), (0.7236111, 0.2986111), (0.7013889, 0.2986111), (0.7263889, 0.27638888), (0.7486111, 0.27638888), (0.7486111, 0.2986111), (0.7263889, 0.2986111), (0.7513889, 0.27638888), (0.7736111, 0.27638888), (0.7736111, 0.2986111), (0.7513889, 0.2986111), (0.7763889, 0.27638888), (0.7986111, 0.27638888), (0.7986111, 0.2986111), (0.7763889, 0.2986111), (0.80138886, 0.27638888), (0.82361114, 0.27638888), (0.82361114, 0.2986111), (0.80138886, 0.2986111), (0.8263889, 0.27638888), (0.8486111, 0.27638888), (0.8486111, 0.2986111), (0.8263889, 0.2986111), (0.8513889, 0.27638888), (0.8736111, 0.27638888), (0.8736111, 0.2986111), (0.8513889, 0.2986111), (0.8763889, 0.27638888), (0.8986111, 0.27638888), (0.8986111, 0.2986111), (0.8763889, 0.2986111), (0.9013889, 0.27638888), (0.9236111, 0.27638888), (0.9236111, 0.2986111), (0.9013889, 0.2986111), (0.92638886, 0.27638888), (0.94861114, 0.27638888), (0.94861114, 0.2986111), (0.92638886, 0.2986111), (0.9513889, 0.27638888), (0.9736111, 0.27638888), (0.9736111, 0.2986111), (0.9513889, 0.2986111), (0.9763889, 0.27638888), (0.9986111, 0.27638888), (0.9986111, 0.2986111), (0.9763889, 0.2986111), (0.0013888889, 0.3013889), (0.023611112, 0.3013889), (0.023611112, 0.3236111), (0.0013888889, 0.3236111), (0.02638889, 0.3013889), (0.048611112, 0.3013889), (0.048611112, 0.3236111), (0.02638889, 0.3236111), (0.05138889, 0.3013889), (0.07361111, 0.3013889), (0.07361111, 0.3236111), (0.05138889, 0.3236111), (0.07638889, 0.3013889), (0.09861111, 0.3013889), (0.09861111, 0.3236111), (0.07638889, 0.3236111), (0.10138889, 0.3013889), (0.12361111, 0.3013889), (0.12361111, 0.3236111), (0.10138889, 0.3236111), (0.12638889, 0.3013889), (0.14861111, 0.3013889), (0.14861111, 0.3236111), (0.12638889, 0.3236111), (0.15138888, 0.3013889), (0.1736111, 0.3013889), (0.1736111, 0.3236111), (0.15138888, 0.3236111), (0.17638889, 0.3013889), (0.19861111, 0.3013889), (0.19861111, 0.3236111), (0.17638889, 0.3236111), (0.2013889, 0.3013889), (0.22361112, 0.3013889), (0.22361112, 0.3236111), (0.2013889, 0.3236111), (0.22638889, 0.3013889), (0.24861111, 0.3013889), (0.24861111, 0.3236111), (0.22638889, 0.3236111), (0.25138888, 0.3013889), (0.2736111, 0.3013889), (0.2736111, 0.3236111), (0.25138888, 0.3236111), (0.27638888, 0.3013889), (0.2986111, 0.3013889), (0.2986111, 0.3236111), (0.27638888, 0.3236111), (0.3013889, 0.3013889), (0.3236111, 0.3013889), (0.3236111, 0.3236111), (0.3013889, 0.3236111), (0.3263889, 0.3013889), (0.34861112, 0.3013889), (0.34861112, 0.3236111), (0.3263889, 0.3236111), (0.3513889, 0.3013889), (0.37361112, 0.3013889), (0.37361112, 0.3236111), (0.3513889, 0.3236111), (0.37638888, 0.3013889), (0.3986111, 0.3013889), (0.3986111, 0.3236111), (0.37638888, 0.3236111), (0.40138888, 0.3013889), (0.4236111, 0.3013889), (0.4236111, 0.3236111), (0.40138888, 0.3236111), (0.4263889, 0.3013889), (0.4486111, 0.3013889), (0.4486111, 0.3236111), (0.4263889, 0.3236111), (0.4513889, 0.3013889), (0.47361112, 0.3013889), (0.47361112, 0.3236111), (0.4513889, 0.3236111), (0.4763889, 0.3013889), (0.49861112, 0.3013889), (0.49861112, 0.3236111), (0.4763889, 0.3236111), (0.5013889, 0.3013889), (0.5236111, 0.3013889), (0.5236111, 0.3236111), (0.5013889, 0.3236111), (0.5263889, 0.3013889), (0.5486111, 0.3013889), (0.5486111, 0.3236111), (0.5263889, 0.3236111), (0.55138886, 0.3013889), (0.57361114, 0.3013889), (0.57361114, 0.3236111), (0.55138886, 0.3236111), (0.5763889, 0.3013889), (0.5986111, 0.3013889), (0.5986111, 0.3236111), (0.5763889, 0.3236111), (0.6013889, 0.3013889), (0.6236111, 0.3013889), (0.6236111, 0.3236111), (0.6013889, 0.3236111), (0.6263889, 0.3013889), (0.6486111, 0.3013889), (0.6486111, 0.3236111), (0.6263889, 0.3236111), (0.6513889, 0.3013889), (0.6736111, 0.3013889), (0.6736111, 0.3236111), (0.6513889, 0.3236111), (0.67638886, 0.3013889), (0.69861114, 0.3013889), (0.69861114, 0.3236111), (0.67638886, 0.3236111), (0.7013889, 0.3013889), (0.7236111, 0.3013889), (0.7236111, 0.3236111), (0.7013889, 0.3236111), (0.7263889, 0.3013889), (0.7486111, 0.3013889), (0.7486111, 0.3236111), (0.7263889, 0.3236111), (0.7513889, 0.3013889), (0.7736111, 0.3013889), (0.7736111, 0.3236111), (0.7513889, 0.3236111), (0.7763889, 0.3013889), (0.7986111, 0.3013889), (0.7986111, 0.3236111), (0.7763889, 0.3236111), (0.80138886, 0.3013889), (0.82361114, 0.3013889), (0.82361114, 0.3236111), (0.80138886, 0.3236111), (0.8263889, 0.3013889), (0.8486111, 0.3013889), (0.8486111, 0.3236111), (0.8263889, 0.3236111), (0.8513889, 0.3013889), (0.8736111, 0.3013889), (0.8736111, 0.3236111), (0.8513889, 0.3236111), (0.8763889, 0.3013889), (0.8986111, 0.3013889), (0.8986111, 0.3236111), (0.8763889, 0.3236111), (0.9013889, 0.3013889), (0.9236111, 0.3013889), (0.9236111, 0.3236111), (0.9013889, 0.3236111), (0.92638886, 0.3013889), (0.94861114, 0.3013889), (0.94861114, 0.3236111), (0.92638886, 0.3236111), (0.9513889, 0.3013889), (0.9736111, 0.3013889), (0.9736111, 0.3236111), (0.9513889, 0.3236111), (0.9763889, 0.3013889), (0.9986111, 0.3013889), (0.9986111, 0.3236111), (0.9763889, 0.3236111), (0.0013888889, 0.3263889), (0.023611112, 0.3263889), (0.023611112, 0.34861112), (0.0013888889, 0.34861112), (0.02638889, 0.3263889), (0.048611112, 0.3263889), (0.048611112, 0.34861112), (0.02638889, 0.34861112), (0.05138889, 0.3263889), (0.07361111, 0.3263889), (0.07361111, 0.34861112), (0.05138889, 0.34861112), (0.07638889, 0.3263889), (0.09861111, 0.3263889), (0.09861111, 0.34861112), (0.07638889, 0.34861112), (0.10138889, 0.3263889), (0.12361111, 0.3263889), (0.12361111, 0.34861112), (0.10138889, 0.34861112), (0.12638889, 0.3263889), (0.14861111, 0.3263889), (0.14861111, 0.34861112), (0.12638889, 0.34861112), (0.15138888, 0.3263889), (0.1736111, 0.3263889), (0.1736111, 0.34861112), (0.15138888, 0.34861112), (0.17638889, 0.3263889), (0.19861111, 0.3263889), (0.19861111, 0.34861112), (0.17638889, 0.34861112), (0.2013889, 0.3263889), (0.22361112, 0.3263889), (0.22361112, 0.34861112), (0.2013889, 0.34861112), (0.22638889, 0.3263889), (0.24861111, 0.3263889), (0.24861111, 0.34861112), (0.22638889, 0.34861112), (0.25138888, 0.3263889), (0.2736111, 0.3263889), (0.2736111, 0.34861112), (0.25138888, 0.34861112), (0.27638888, 0.3263889), (0.2986111, 0.3263889), (0.2986111, 0.34861112), (0.27638888, 0.34861112), (0.3013889, 0.3263889), (0.3236111, 0.3263889), (0.3236111, 0.34861112), (0.3013889, 0.34861112), (0.3263889, 0.3263889), (0.34861112, 0.3263889), (0.34861112, 0.34861112), (0.3263889, 0.34861112), (0.3513889, 0.3263889), (0.37361112, 0.3263889), (0.37361112, 0.34861112), (0.3513889, 0.34861112), (0.37638888, 0.3263889), (0.3986111, 0.3263889), (0.3986111, 0.34861112), (0.37638888, 0.34861112), (0.40138888, 0.3263889), (0.4236111, 0.3263889), (0.4236111, 0.34861112), (0.40138888, 0.34861112), (0.4263889, 0.3263889), (0.4486111, 0.3263889), (0.4486111, 0.34861112), (0.4263889, 0.34861112), (0.4513889, 0.3263889), (0.47361112, 0.3263889), (0.47361112, 0.34861112), (0.4513889, 0.34861112), (0.4763889, 0.3263889), (0.49861112, 0.3263889), (0.49861112, 0.34861112), (0.4763889, 0.34861112), (0.5013889, 0.3263889), (0.5236111, 0.3263889), (0.5236111, 0.34861112), (0.5013889, 0.34861112), (0.5263889, 0.3263889), (0.5486111, 0.3263889), (0.5486111, 0.34861112), (0.5263889, 0.34861112), (0.55138886, 0.3263889), (0.57361114, 0.3263889), (0.57361114, 0.34861112), (0.55138886, 0.34861112), (0.5763889, 0.3263889), (0.5986111, 0.3263889), (0.5986111, 0.34861112), (0.5763889, 0.34861112), (0.6013889, 0.3263889), (0.6236111, 0.3263889), (0.6236111, 0.34861112), (0.6013889, 0.34861112), (0.6263889, 0.3263889), (0.6486111, 0.3263889), (0.6486111, 0.34861112), (0.6263889, 0.34861112), (0.6513889, 0.3263889), (0.6736111, 0.3263889), (0.6736111, 0.34861112), (0.6513889, 0.34861112), (0.67638886, 0.3263889), (0.69861114, 0.3263889), (0.69861114, 0.34861112), (0.67638886, 0.34861112), (0.7013889, 0.3263889), (0.7236111, 0.3263889), (0.7236111, 0.34861112), (0.7013889, 0.34861112), (0.7263889, 0.3263889), (0.7486111, 0.3263889), (0.7486111, 0.34861112), (0.7263889, 0.34861112), (0.7513889, 0.3263889), (0.7736111, 0.3263889), (0.7736111, 0.34861112), (0.7513889, 0.34861112), (0.7763889, 0.3263889), (0.7986111, 0.3263889), (0.7986111, 0.34861112), (0.7763889, 0.34861112), (0.80138886, 0.3263889), (0.82361114, 0.3263889), (0.82361114, 0.34861112), (0.80138886, 0.34861112), (0.8263889, 0.3263889), (0.8486111, 0.3263889), (0.8486111, 0.34861112), (0.8263889, 0.34861112), (0.8513889, 0.3263889), (0.8736111, 0.3263889), (0.8736111, 0.34861112), (0.8513889, 0.34861112), (0.8763889, 0.3263889), (0.8986111, 0.3263889), (0.8986111, 0.34861112), (0.8763889, 0.34861112), (0.9013889, 0.3263889), (0.9236111, 0.3263889), (0.9236111, 0.34861112), (0.9013889, 0.34861112), (0.92638886, 0.3263889), (0.94861114, 0.3263889), (0.94861114, 0.34861112), (0.92638886, 0.34861112), (0.9513889, 0.3263889), (0.9736111, 0.3263889), (0.9736111, 0.34861112), (0.9513889, 0.34861112), (0.9763889, 0.3263889), (0.9986111, 0.3263889), (0.9986111, 0.34861112), (0.9763889, 0.34861112), (0.0013888889, 0.3513889), (0.023611112, 0.3513889), (0.023611112, 0.37361112), (0.0013888889, 0.37361112), (0.02638889, 0.3513889), (0.048611112, 0.3513889), (0.048611112, 0.37361112), (0.02638889, 0.37361112), (0.05138889, 0.3513889), (0.07361111, 0.3513889), (0.07361111, 0.37361112), (0.05138889, 0.37361112), (0.07638889, 0.3513889), (0.09861111, 0.3513889), (0.09861111, 0.37361112), (0.07638889, 0.37361112), (0.10138889, 0.3513889), (0.12361111, 0.3513889), (0.12361111, 0.37361112), (0.10138889, 0.37361112), (0.12638889, 0.3513889), (0.14861111, 0.3513889), (0.14861111, 0.37361112), (0.12638889, 0.37361112), (0.15138888, 0.3513889), (0.1736111, 0.3513889), (0.1736111, 0.37361112), (0.15138888, 0.37361112), (0.17638889, 0.3513889), (0.19861111, 0.3513889), (0.19861111, 0.37361112), (0.17638889, 0.37361112), (0.2013889, 0.3513889), (0.22361112, 0.3513889), (0.22361112, 0.37361112), (0.2013889, 0.37361112), (0.22638889, 0.3513889), (0.24861111, 0.3513889), (0.24861111, 0.37361112), (0.22638889, 0.37361112), (0.25138888, 0.3513889), (0.2736111, 0.3513889), (0.2736111, 0.37361112), (0.25138888, 0.37361112), (0.27638888, 0.3513889), (0.2986111, 0.3513889), (0.2986111, 0.37361112), (0.27638888, 0.37361112), (0.3013889, 0.3513889), (0.3236111, 0.3513889), (0.3236111, 0.37361112), (0.3013889, 0.37361112), (0.3263889, 0.3513889), (0.34861112, 0.3513889), (0.34861112, 0.37361112), (0.3263889, 0.37361112), (0.3513889, 0.3513889), (0.37361112, 0.3513889), (0.37361112, 0.37361112), (0.3513889, 0.37361112), (0.37638888, 0.3513889), (0.3986111, 0.3513889), (0.3986111, 0.37361112), (0.37638888, 0.37361112), (0.40138888, 0.3513889), (0.4236111, 0.3513889), (0.4236111, 0.37361112), (0.40138888, 0.37361112), (0.4263889, 0.3513889), (0.4486111, 0.3513889), (0.4486111, 0.37361112), (0.4263889, 0.37361112), (0.4513889, 0.3513889), (0.47361112, 0.3513889), (0.47361112, 0.37361112), (0.4513889, 0.37361112), (0.4763889, 0.3513889), (0.49861112, 0.3513889), (0.49861112, 0.37361112), (0.4763889, 0.37361112), (0.5013889, 0.3513889), (0.5236111, 0.3513889), (0.5236111, 0.37361112), (0.5013889, 0.37361112), (0.5263889, 0.3513889), (0.5486111, 0.3513889), (0.5486111, 0.37361112), (0.5263889, 0.37361112), (0.55138886, 0.3513889), (0.57361114, 0.3513889), (0.57361114, 0.37361112), (0.55138886, 0.37361112), (0.5763889, 0.3513889), (0.5986111, 0.3513889), (0.5986111, 0.37361112), (0.5763889, 0.37361112), (0.6013889, 0.3513889), (0.6236111, 0.3513889), (0.6236111, 0.37361112), (0.6013889, 0.37361112), (0.6263889, 0.3513889), (0.6486111, 0.3513889), (0.6486111, 0.37361112), (0.6263889, 0.37361112), (0.6513889, 0.3513889), (0.6736111, 0.3513889), (0.6736111, 0.37361112), (0.6513889, 0.37361112), (0.67638886, 0.3513889), (0.69861114, 0.3513889), (0.69861114, 0.37361112), (0.67638886, 0.37361112), (0.7013889, 0.3513889), (0.7236111, 0.3513889), (0.7236111, 0.37361112), (0.7013889, 0.37361112), (0.7263889, 0.3513889), (0.7486111, 0.3513889), (0.7486111, 0.37361112), (0.7263889, 0.37361112), (0.7513889, 0.3513889), (0.7736111, 0.3513889), (0.7736111, 0.37361112), (0.7513889, 0.37361112), (0.7763889, 0.3513889), (0.7986111, 0.3513889), (0.7986111, 0.37361112), (0.7763889, 0.37361112), (0.80138886, 0.3513889), (0.82361114, 0.3513889), (0.82361114, 0.37361112), (0.80138886, 0.37361112), (0.8263889, 0.3513889), (0.8486111, 0.3513889), (0.8486111, 0.37361112), (0.8263889, 0.37361112), (0.8513889, 0.3513889), (0.8736111, 0.3513889), (0.8736111, 0.37361112), (0.8513889, 0.37361112), (0.8763889, 0.3513889), (0.8986111, 0.3513889), (0.8986111, 0.37361112), (0.8763889, 0.37361112), (0.9013889, 0.3513889), (0.9236111, 0.3513889), (0.9236111, 0.37361112), (0.9013889, 0.37361112), (0.92638886, 0.3513889), (0.94861114, 0.3513889), (0.94861114, 0.37361112), (0.92638886, 0.37361112), (0.9513889, 0.3513889), (0.9736111, 0.3513889), (0.9736111, 0.37361112), (0.9513889, 0.37361112), (0.9763889, 0.3513889), (0.9986111, 0.3513889), (0.9986111, 0.37361112), (0.9763889, 0.37361112), (0.0013888889, 0.37638888), (0.023611112, 0.37638888), (0.023611112, 0.3986111), (0.0013888889, 0.3986111), (0.02638889, 0.37638888), (0.048611112, 0.37638888), (0.048611112, 0.3986111), (0.02638889, 0.3986111), (0.05138889, 0.37638888), (0.07361111, 0.37638888), (0.07361111, 0.3986111), (0.05138889, 0.3986111), (0.07638889, 0.37638888), (0.09861111, 0.37638888), (0.09861111, 0.3986111), (0.07638889, 0.3986111), (0.10138889, 0.37638888), (0.12361111, 0.37638888), (0.12361111, 0.3986111), (0.10138889, 0.3986111), (0.12638889, 0.37638888), (0.14861111, 0.37638888), (0.14861111, 0.3986111), (0.12638889, 0.3986111), (0.15138888, 0.37638888), (0.1736111, 0.37638888), (0.1736111, 0.3986111), (0.15138888, 0.3986111), (0.17638889, 0.37638888), (0.19861111, 0.37638888), (0.19861111, 0.3986111), (0.17638889, 0.3986111), (0.2013889, 0.37638888), (0.22361112, 0.37638888), (0.22361112, 0.3986111), (0.2013889, 0.3986111), (0.22638889, 0.37638888), (0.24861111, 0.37638888), (0.24861111, 0.3986111), (0.22638889, 0.3986111), (0.25138888, 0.37638888), (0.2736111, 0.37638888), (0.2736111, 0.3986111), (0.25138888, 0.3986111), (0.27638888, 0.37638888), (0.2986111, 0.37638888), (0.2986111, 0.3986111), (0.27638888, 0.3986111), (0.3013889, 0.37638888), (0.3236111, 0.37638888), (0.3236111, 0.3986111), (0.3013889, 0.3986111), (0.3263889, 0.37638888), (0.34861112, 0.37638888), (0.34861112, 0.3986111), (0.3263889, 0.3986111), (0.3513889, 0.37638888), (0.37361112, 0.37638888), (0.37361112, 0.3986111), (0.3513889, 0.3986111), (0.37638888, 0.37638888), (0.3986111, 0.37638888), (0.3986111, 0.3986111), (0.37638888, 0.3986111), (0.40138888, 0.37638888), (0.4236111, 0.37638888), (0.4236111, 0.3986111), (0.40138888, 0.3986111), (0.4263889, 0.37638888), (0.4486111, 0.37638888), (0.4486111, 0.3986111), (0.4263889, 0.3986111), (0.4513889, 0.37638888), (0.47361112, 0.37638888), (0.47361112, 0.3986111), (0.4513889, 0.3986111), (0.4763889, 0.37638888), (0.49861112, 0.37638888), (0.49861112, 0.3986111), (0.4763889, 0.3986111), (0.5013889, 0.37638888), (0.5236111, 0.37638888), (0.5236111, 0.3986111), (0.5013889, 0.3986111), (0.5263889, 0.37638888), (0.5486111, 0.37638888), (0.5486111, 0.3986111), (0.5263889, 0.3986111), (0.55138886, 0.37638888), (0.57361114, 0.37638888), (0.57361114, 0.3986111), (0.55138886, 0.3986111), (0.5763889, 0.37638888), (0.5986111, 0.37638888), (0.5986111, 0.3986111), (0.5763889, 0.3986111), (0.6013889, 0.37638888), (0.6236111, 0.37638888), (0.6236111, 0.3986111), (0.6013889, 0.3986111), (0.6263889, 0.37638888), (0.6486111, 0.37638888), (0.6486111, 0.3986111), (0.6263889, 0.3986111), (0.6513889, 0.37638888), (0.6736111, 0.37638888), (0.6736111, 0.3986111), (0.6513889, 0.3986111), (0.67638886, 0.37638888), (0.69861114, 0.37638888), (0.69861114, 0.3986111), (0.67638886, 0.3986111), (0.7013889, 0.37638888), (0.7236111, 0.37638888), (0.7236111, 0.3986111), (0.7013889, 0.3986111), (0.7263889, 0.37638888), (0.7486111, 0.37638888), (0.7486111, 0.3986111), (0.7263889, 0.3986111), (0.7513889, 0.37638888), (0.7736111, 0.37638888), (0.7736111, 0.3986111), (0.7513889, 0.3986111), (0.7763889, 0.37638888), (0.7986111, 0.37638888), (0.7986111, 0.3986111), (0.7763889, 0.3986111), (0.80138886, 0.37638888), (0.82361114, 0.37638888), (0.82361114, 0.3986111), (0.80138886, 0.3986111), (0.8263889, 0.37638888), (0.8486111, 0.37638888), (0.8486111, 0.3986111), (0.8263889, 0.3986111), (0.8513889, 0.37638888), (0.8736111, 0.37638888), (0.8736111, 0.3986111), (0.8513889, 0.3986111), (0.8763889, 0.37638888), (0.8986111, 0.37638888), (0.8986111, 0.3986111), (0.8763889, 0.3986111), (0.9013889, 0.37638888), (0.9236111, 0.37638888), (0.9236111, 0.3986111), (0.9013889, 0.3986111), (0.92638886, 0.37638888), (0.94861114, 0.37638888), (0.94861114, 0.3986111), (0.92638886, 0.3986111), (0.9513889, 0.37638888), (0.9736111, 0.37638888), (0.9736111, 0.3986111), (0.9513889, 0.3986111), (0.9763889, 0.37638888), (0.9986111, 0.37638888), (0.9986111, 0.3986111), (0.9763889, 0.3986111), (0.0013888889, 0.40138888), (0.023611112, 0.40138888), (0.023611112, 0.4236111), (0.0013888889, 0.4236111), (0.02638889, 0.40138888), (0.048611112, 0.40138888), (0.048611112, 0.4236111), (0.02638889, 0.4236111), (0.05138889, 0.40138888), (0.07361111, 0.40138888), (0.07361111, 0.4236111), (0.05138889, 0.4236111), (0.07638889, 0.40138888), (0.09861111, 0.40138888), (0.09861111, 0.4236111), (0.07638889, 0.4236111), (0.10138889, 0.40138888), (0.12361111, 0.40138888), (0.12361111, 0.4236111), (0.10138889, 0.4236111), (0.12638889, 0.40138888), (0.14861111, 0.40138888), (0.14861111, 0.4236111), (0.12638889, 0.4236111), (0.15138888, 0.40138888), (0.1736111, 0.40138888), (0.1736111, 0.4236111), (0.15138888, 0.4236111), (0.17638889, 0.40138888), (0.19861111, 0.40138888), (0.19861111, 0.4236111), (0.17638889, 0.4236111), (0.2013889, 0.40138888), (0.22361112, 0.40138888), (0.22361112, 0.4236111), (0.2013889, 0.4236111), (0.22638889, 0.40138888), (0.24861111, 0.40138888), (0.24861111, 0.4236111), (0.22638889, 0.4236111), (0.25138888, 0.40138888), (0.2736111, 0.40138888), (0.2736111, 0.4236111), (0.25138888, 0.4236111), (0.27638888, 0.40138888), (0.2986111, 0.40138888), (0.2986111, 0.4236111), (0.27638888, 0.4236111), (0.3013889, 0.40138888), (0.3236111, 0.40138888), (0.3236111, 0.4236111), (0.3013889, 0.4236111), (0.3263889, 0.40138888), (0.34861112, 0.40138888), (0.34861112, 0.4236111), (0.3263889, 0.4236111), (0.3513889, 0.40138888), (0.37361112, 0.40138888), (0.37361112, 0.4236111), (0.3513889, 0.4236111), (0.37638888, 0.40138888), (0.3986111, 0.40138888), (0.3986111, 0.4236111), (0.37638888, 0.4236111), (0.40138888, 0.40138888), (0.4236111, 0.40138888), (0.4236111, 0.4236111), (0.40138888, 0.4236111), (0.4263889, 0.40138888), (0.4486111, 0.40138888), (0.4486111, 0.4236111), (0.4263889, 0.4236111), (0.4513889, 0.40138888), (0.47361112, 0.40138888), (0.47361112, 0.4236111), (0.4513889, 0.4236111), (0.4763889, 0.40138888), (0.49861112, 0.40138888), (0.49861112, 0.4236111), (0.4763889, 0.4236111), (0.5013889, 0.40138888), (0.5236111, 0.40138888), (0.5236111, 0.4236111), (0.5013889, 0.4236111), (0.5263889, 0.40138888), (0.5486111, 0.40138888), (0.5486111, 0.4236111), (0.5263889, 0.4236111), (0.55138886, 0.40138888), (0.57361114, 0.40138888), (0.57361114, 0.4236111), (0.55138886, 0.4236111), (0.5763889, 0.40138888), (0.5986111, 0.40138888), (0.5986111, 0.4236111), (0.5763889, 0.4236111), (0.6013889, 0.40138888), (0.6236111, 0.40138888), (0.6236111, 0.4236111), (0.6013889, 0.4236111), (0.6263889, 0.40138888), (0.6486111, 0.40138888), (0.6486111, 0.4236111), (0.6263889, 0.4236111), (0.6513889, 0.40138888), (0.6736111, 0.40138888), (0.6736111, 0.4236111), (0.6513889, 0.4236111), (0.67638886, 0.40138888), (0.69861114, 0.40138888), (0.69861114, 0.4236111), (0.67638886, 0.4236111), (0.7013889, 0.40138888), (0.7236111, 0.40138888), (0.7236111, 0.4236111), (0.7013889, 0.4236111), (0.7263889, 0.40138888), (0.7486111, 0.40138888), (0.7486111, 0.4236111), (0.7263889, 0.4236111), (0.7513889, 0.40138888), (0.7736111, 0.40138888), (0.7736111, 0.4236111), (0.7513889, 0.4236111), (0.7763889, 0.40138888), (0.7986111, 0.40138888), (0.7986111, 0.4236111), (0.7763889, 0.4236111), (0.80138886, 0.40138888), (0.82361114, 0.40138888), (0.82361114, 0.4236111), (0.80138886, 0.4236111), (0.8263889, 0.40138888), (0.8486111, 0.40138888), (0.8486111, 0.4236111), (0.8263889, 0.4236111), (0.8513889, 0.40138888), (0.8736111, 0.40138888), (0.8736111, 0.4236111), (0.8513889, 0.4236111), (0.8763889, 0.40138888), (0.8986111, 0.40138888), (0.8986111, 0.4236111), (0.8763889, 0.4236111), (0.9013889, 0.40138888), (0.9236111, 0.40138888), (0.9236111, 0.4236111), (0.9013889, 0.4236111), (0.92638886, 0.40138888), (0.94861114, 0.40138888), (0.94861114, 0.4236111), (0.92638886, 0.4236111), (0.9513889, 0.40138888), (0.9736111, 0.40138888), (0.9736111, 0.4236111), (0.9513889, 0.4236111), (0.9763889, 0.40138888), (0.9986111, 0.40138888), (0.9986111, 0.4236111), (0.9763889, 0.4236111), (0.0013888889, 0.4263889), (0.023611112, 0.4263889), (0.023611112, 0.4486111), (0.0013888889, 0.4486111), (0.02638889, 0.4263889), (0.048611112, 0.4263889), (0.048611112, 0.4486111), (0.02638889, 0.4486111), (0.05138889, 0.4263889), (0.07361111, 0.4263889), (0.07361111, 0.4486111), (0.05138889, 0.4486111), (0.07638889, 0.4263889), (0.09861111, 0.4263889), (0.09861111, 0.4486111), (0.07638889, 0.4486111), (0.10138889, 0.4263889), (0.12361111, 0.4263889), (0.12361111, 0.4486111), (0.10138889, 0.4486111), (0.12638889, 0.4263889), (0.14861111, 0.4263889), (0.14861111, 0.4486111), (0.12638889, 0.4486111), (0.15138888, 0.4263889), (0.1736111, 0.4263889), (0.1736111, 0.4486111), (0.15138888, 0.4486111), (0.17638889, 0.4263889), (0.19861111, 0.4263889), (0.19861111, 0.4486111), (0.17638889, 0.4486111), (0.2013889, 0.4263889), (0.22361112, 0.4263889), (0.22361112, 0.4486111), (0.2013889, 0.4486111), (0.22638889, 0.4263889), (0.24861111, 0.4263889), (0.24861111, 0.4486111), (0.22638889, 0.4486111), (0.25138888, 0.4263889), (0.2736111, 0.4263889), (0.2736111, 0.4486111), (0.25138888, 0.4486111), (0.27638888, 0.4263889), (0.2986111, 0.4263889), (0.2986111, 0.4486111), (0.27638888, 0.4486111), (0.3013889, 0.4263889), (0.3236111, 0.4263889), (0.3236111, 0.4486111), (0.3013889, 0.4486111), (0.3263889, 0.4263889), (0.34861112, 0.4263889), (0.34861112, 0.4486111), (0.3263889, 0.4486111), (0.3513889, 0.4263889), (0.37361112, 0.4263889), (0.37361112, 0.4486111), (0.3513889, 0.4486111), (0.37638888, 0.4263889), (0.3986111, 0.4263889), (0.3986111, 0.4486111), (0.37638888, 0.4486111), (0.40138888, 0.4263889), (0.4236111, 0.4263889), (0.4236111, 0.4486111), (0.40138888, 0.4486111), (0.4263889, 0.4263889), (0.4486111, 0.4263889), (0.4486111, 0.4486111), (0.4263889, 0.4486111), (0.4513889, 0.4263889), (0.47361112, 0.4263889), (0.47361112, 0.4486111), (0.4513889, 0.4486111), (0.4763889, 0.4263889), (0.49861112, 0.4263889), (0.49861112, 0.4486111), (0.4763889, 0.4486111), (0.5013889, 0.4263889), (0.5236111, 0.4263889), (0.5236111, 0.4486111), (0.5013889, 0.4486111), (0.5263889, 0.4263889), (0.5486111, 0.4263889), (0.5486111, 0.4486111), (0.5263889, 0.4486111), (0.55138886, 0.4263889), (0.57361114, 0.4263889), (0.57361114, 0.4486111), (0.55138886, 0.4486111), (0.5763889, 0.4263889), (0.5986111, 0.4263889), (0.5986111, 0.4486111), (0.5763889, 0.4486111), (0.6013889, 0.4263889), (0.6236111, 0.4263889), (0.6236111, 0.4486111), (0.6013889, 0.4486111), (0.6263889, 0.4263889), (0.6486111, 0.4263889), (0.6486111, 0.4486111), (0.6263889, 0.4486111), (0.6513889, 0.4263889), (0.6736111, 0.4263889), (0.6736111, 0.4486111), (0.6513889, 0.4486111), (0.67638886, 0.4263889), (0.69861114, 0.4263889), (0.69861114, 0.4486111), (0.67638886, 0.4486111), (0.7013889, 0.4263889), (0.7236111, 0.4263889), (0.7236111, 0.4486111), (0.7013889, 0.4486111), (0.7263889, 0.4263889), (0.7486111, 0.4263889), (0.7486111, 0.4486111), (0.7263889, 0.4486111), (0.7513889, 0.4263889), (0.7736111, 0.4263889), (0.7736111, 0.4486111), (0.7513889, 0.4486111), (0.7763889, 0.4263889), (0.7986111, 0.4263889), (0.7986111, 0.4486111), (0.7763889, 0.4486111), (0.80138886, 0.4263889), (0.82361114, 0.4263889), (0.82361114, 0.4486111), (0.80138886, 0.4486111), (0.8263889, 0.4263889), (0.8486111, 0.4263889), (0.8486111, 0.4486111), (0.8263889, 0.4486111), (0.8513889, 0.4263889), (0.8736111, 0.4263889), (0.8736111, 0.4486111), (0.8513889, 0.4486111), (0.8763889, 0.4263889), (0.8986111, 0.4263889), (0.8986111, 0.4486111), (0.8763889, 0.4486111), (0.9013889, 0.4263889), (0.9236111, 0.4263889), (0.9236111, 0.4486111), (0.9013889, 0.4486111), (0.92638886, 0.4263889), (0.94861114, 0.4263889), (0.94861114, 0.4486111), (0.92638886, 0.4486111), (0.9513889, 0.4263889), (0.9736111, 0.4263889), (0.9736111, 0.4486111), (0.9513889, 0.4486111), (0.9763889, 0.4263889), (0.9986111, 0.4263889), (0.9986111, 0.4486111), (0.9763889, 0.4486111), (0.0013888889, 0.4513889), (0.023611112, 0.4513889), (0.023611112, 0.47361112), (0.0013888889, 0.47361112), (0.02638889, 0.4513889), (0.048611112, 0.4513889), (0.048611112, 0.47361112), (0.02638889, 0.47361112), (0.05138889, 0.4513889), (0.07361111, 0.4513889), (0.07361111, 0.47361112), (0.05138889, 0.47361112), (0.07638889, 0.4513889), (0.09861111, 0.4513889), (0.09861111, 0.47361112), (0.07638889, 0.47361112), (0.10138889, 0.4513889), (0.12361111, 0.4513889), (0.12361111, 0.47361112), (0.10138889, 0.47361112), (0.12638889, 0.4513889), (0.14861111, 0.4513889), (0.14861111, 0.47361112), (0.12638889, 0.47361112), (0.15138888, 0.4513889), (0.1736111, 0.4513889), (0.1736111, 0.47361112), (0.15138888, 0.47361112), (0.17638889, 0.4513889), (0.19861111, 0.4513889), (0.19861111, 0.47361112), (0.17638889, 0.47361112), (0.2013889, 0.4513889), (0.22361112, 0.4513889), (0.22361112, 0.47361112), (0.2013889, 0.47361112), (0.22638889, 0.4513889), (0.24861111, 0.4513889), (0.24861111, 0.47361112), (0.22638889, 0.47361112), (0.25138888, 0.4513889), (0.2736111, 0.4513889), (0.2736111, 0.47361112), (0.25138888, 0.47361112), (0.27638888, 0.4513889), (0.2986111, 0.4513889), (0.2986111, 0.47361112), (0.27638888, 0.47361112), (0.3013889, 0.4513889), (0.3236111, 0.4513889), (0.3236111, 0.47361112), (0.3013889, 0.47361112), (0.3263889, 0.4513889), (0.34861112, 0.4513889), (0.34861112, 0.47361112), (0.3263889, 0.47361112), (0.3513889, 0.4513889), (0.37361112, 0.4513889), (0.37361112, 0.47361112), (0.3513889, 0.47361112), (0.37638888, 0.4513889), (0.3986111, 0.4513889), (0.3986111, 0.47361112), (0.37638888, 0.47361112), (0.40138888, 0.4513889), (0.4236111, 0.4513889), (0.4236111, 0.47361112), (0.40138888, 0.47361112), (0.4263889, 0.4513889), (0.4486111, 0.4513889), (0.4486111, 0.47361112), (0.4263889, 0.47361112), (0.4513889, 0.4513889), (0.47361112, 0.4513889), (0.47361112, 0.47361112), (0.4513889, 0.47361112), (0.4763889, 0.4513889), (0.49861112, 0.4513889), (0.49861112, 0.47361112), (0.4763889, 0.47361112), (0.5013889, 0.4513889), (0.5236111, 0.4513889), (0.5236111, 0.47361112), (0.5013889, 0.47361112), (0.5263889, 0.4513889), (0.5486111, 0.4513889), (0.5486111, 0.47361112), (0.5263889, 0.47361112), (0.55138886, 0.4513889), (0.57361114, 0.4513889), (0.57361114, 0.47361112), (0.55138886, 0.47361112), (0.5763889, 0.4513889), (0.5986111, 0.4513889), (0.5986111, 0.47361112), (0.5763889, 0.47361112), (0.6013889, 0.4513889), (0.6236111, 0.4513889), (0.6236111, 0.47361112), (0.6013889, 0.47361112), (0.6263889, 0.4513889), (0.6486111, 0.4513889), (0.6486111, 0.47361112), (0.6263889, 0.47361112), (0.6513889, 0.4513889), (0.6736111, 0.4513889), (0.6736111, 0.47361112), (0.6513889, 0.47361112), (0.67638886, 0.4513889), (0.69861114, 0.4513889), (0.69861114, 0.47361112), (0.67638886, 0.47361112), (0.7013889, 0.4513889), (0.7236111, 0.4513889), (0.7236111, 0.47361112), (0.7013889, 0.47361112), (0.7263889, 0.4513889), (0.7486111, 0.4513889), (0.7486111, 0.47361112), (0.7263889, 0.47361112), (0.7513889, 0.4513889), (0.7736111, 0.4513889), (0.7736111, 0.47361112), (0.7513889, 0.47361112), (0.7763889, 0.4513889), (0.7986111, 0.4513889), (0.7986111, 0.47361112), (0.7763889, 0.47361112), (0.80138886, 0.4513889), (0.82361114, 0.4513889), (0.82361114, 0.47361112), (0.80138886, 0.47361112), (0.8263889, 0.4513889), (0.8486111, 0.4513889), (0.8486111, 0.47361112), (0.8263889, 0.47361112), (0.8513889, 0.4513889), (0.8736111, 0.4513889), (0.8736111, 0.47361112), (0.8513889, 0.47361112), (0.8763889, 0.4513889), (0.8986111, 0.4513889), (0.8986111, 0.47361112), (0.8763889, 0.47361112), (0.9013889, 0.4513889), (0.9236111, 0.4513889), (0.9236111, 0.47361112), (0.9013889, 0.47361112), (0.92638886, 0.4513889), (0.94861114, 0.4513889), (0.94861114, 0.47361112), (0.92638886, 0.47361112), (0.9513889, 0.4513889), (0.9736111, 0.4513889), (0.9736111, 0.47361112), (0.9513889, 0.47361112), (0.9763889, 0.4513889), (0.9986111, 0.4513889), (0.9986111, 0.47361112), (0.9763889, 0.47361112), (0.0013888889, 0.4763889), (0.023611112, 0.4763889), (0.023611112, 0.49861112), (0.0013888889, 0.49861112), (0.02638889, 0.4763889), (0.048611112, 0.4763889), (0.048611112, 0.49861112), (0.02638889, 0.49861112), (0.05138889, 0.4763889), (0.07361111, 0.4763889), (0.07361111, 0.49861112), (0.05138889, 0.49861112), (0.07638889, 0.4763889), (0.09861111, 0.4763889), (0.09861111, 0.49861112), (0.07638889, 0.49861112), (0.10138889, 0.4763889), (0.12361111, 0.4763889), (0.12361111, 0.49861112), (0.10138889, 0.49861112), (0.12638889, 0.4763889), (0.14861111, 0.4763889), (0.14861111, 0.49861112), (0.12638889, 0.49861112), (0.15138888, 0.4763889), (0.1736111, 0.4763889), (0.1736111, 0.49861112), (0.15138888, 0.49861112), (0.17638889, 0.4763889), (0.19861111, 0.4763889), (0.19861111, 0.49861112), (0.17638889, 0.49861112), (0.2013889, 0.4763889), (0.22361112, 0.4763889), (0.22361112, 0.49861112), (0.2013889, 0.49861112), (0.22638889, 0.4763889), (0.24861111, 0.4763889), (0.24861111, 0.49861112), (0.22638889, 0.49861112), (0.25138888, 0.4763889), (0.2736111, 0.4763889), (0.2736111, 0.49861112), (0.25138888, 0.49861112), (0.27638888, 0.4763889), (0.2986111, 0.4763889), (0.2986111, 0.49861112), (0.27638888, 0.49861112), (0.3013889, 0.4763889), (0.3236111, 0.4763889), (0.3236111, 0.49861112), (0.3013889, 0.49861112), (0.3263889, 0.4763889), (0.34861112, 0.4763889), (0.34861112, 0.49861112), (0.3263889, 0.49861112), (0.3513889, 0.4763889), (0.37361112, 0.4763889), (0.37361112, 0.49861112), (0.3513889, 0.49861112), (0.37638888, 0.4763889), (0.3986111, 0.4763889), (0.3986111, 0.49861112), (0.37638888, 0.49861112), (0.40138888, 0.4763889), (0.4236111, 0.4763889), (0.4236111, 0.49861112), (0.40138888, 0.49861112), (0.4263889, 0.4763889), (0.4486111, 0.4763889), (0.4486111, 0.49861112), (0.4263889, 0.49861112), (0.4513889, 0.4763889), (0.47361112, 0.4763889), (0.47361112, 0.49861112), (0.4513889, 0.49861112), (0.4763889, 0.4763889), (0.49861112, 0.4763889), (0.49861112, 0.49861112), (0.4763889, 0.49861112), (0.5013889, 0.4763889), (0.5236111, 0.4763889), (0.5236111, 0.49861112), (0.5013889, 0.49861112), (0.5263889, 0.4763889), (0.5486111, 0.4763889), (0.5486111, 0.49861112), (0.5263889, 0.49861112), (0.55138886, 0.4763889), (0.57361114, 0.4763889), (0.57361114, 0.49861112), (0.55138886, 0.49861112), (0.5763889, 0.4763889), (0.5986111, 0.4763889), (0.5986111, 0.49861112), (0.5763889, 0.49861112), (0.6013889, 0.4763889), (0.6236111, 0.4763889), (0.6236111, 0.49861112), (0.6013889, 0.49861112), (0.6263889, 0.4763889), (0.6486111, 0.4763889), (0.6486111, 0.49861112), (0.6263889, 0.49861112), (0.6513889, 0.4763889), (0.6736111, 0.4763889), (0.6736111, 0.49861112), (0.6513889, 0.49861112), (0.67638886, 0.4763889), (0.69861114, 0.4763889), (0.69861114, 0.49861112), (0.67638886, 0.49861112), (0.7013889, 0.4763889), (0.7236111, 0.4763889), (0.7236111, 0.49861112), (0.7013889, 0.49861112), (0.7263889, 0.4763889), (0.7486111, 0.4763889), (0.7486111, 0.49861112), (0.7263889, 0.49861112), (0.7513889, 0.4763889), (0.7736111, 0.4763889), (0.7736111, 0.49861112), (0.7513889, 0.49861112), (0.7763889, 0.4763889), (0.7986111, 0.4763889), (0.7986111, 0.49861112), (0.7763889, 0.49861112), (0.80138886, 0.4763889), (0.82361114, 0.4763889), (0.82361114, 0.49861112), (0.80138886, 0.49861112), (0.8263889, 0.4763889), (0.8486111, 0.4763889), (0.8486111, 0.49861112), (0.8263889, 0.49861112), (0.8513889, 0.4763889), (0.8736111, 0.4763889), (0.8736111, 0.49861112), (0.8513889, 0.49861112), (0.8763889, 0.4763889), (0.8986111, 0.4763889), (0.8986111, 0.49861112), (0.8763889, 0.49861112), (0.9013889, 0.4763889), (0.9236111, 0.4763889), (0.9236111, 0.49861112), (0.9013889, 0.49861112), (0.92638886, 0.4763889), (0.94861114, 0.4763889), (0.94861114, 0.49861112), (0.92638886, 0.49861112), (0.9513889, 0.4763889), (0.9736111, 0.4763889), (0.9736111, 0.49861112), (0.9513889, 0.49861112), (0.9763889, 0.4763889), (0.9986111, 0.4763889), (0.9986111, 0.49861112), (0.9763889, 0.49861112), (0.0013888889, 0.5013889), (0.023611112, 0.5013889), (0.023611112, 0.5236111), (0.0013888889, 0.5236111), (0.02638889, 0.5013889), (0.048611112, 0.5013889), (0.048611112, 0.5236111), (0.02638889, 0.5236111), (0.05138889, 0.5013889), (0.07361111, 0.5013889), (0.07361111, 0.5236111), (0.05138889, 0.5236111), (0.07638889, 0.5013889), (0.09861111, 0.5013889), (0.09861111, 0.5236111), (0.07638889, 0.5236111), (0.10138889, 0.5013889), (0.12361111, 0.5013889), (0.12361111, 0.5236111), (0.10138889, 0.5236111), (0.12638889, 0.5013889), (0.14861111, 0.5013889), (0.14861111, 0.5236111), (0.12638889, 0.5236111), (0.15138888, 0.5013889), (0.1736111, 0.5013889), (0.1736111, 0.5236111), (0.15138888, 0.5236111), (0.17638889, 0.5013889), (0.19861111, 0.5013889), (0.19861111, 0.5236111), (0.17638889, 0.5236111), (0.2013889, 0.5013889), (0.22361112, 0.5013889), (0.22361112, 0.5236111), (0.2013889, 0.5236111), (0.22638889, 0.5013889), (0.24861111, 0.5013889), (0.24861111, 0.5236111), (0.22638889, 0.5236111), (0.25138888, 0.5013889), (0.2736111, 0.5013889), (0.2736111, 0.5236111), (0.25138888, 0.5236111), (0.27638888, 0.5013889), (0.2986111, 0.5013889), (0.2986111, 0.5236111), (0.27638888, 0.5236111), (0.3013889, 0.5013889), (0.3236111, 0.5013889), (0.3236111, 0.5236111), (0.3013889, 0.5236111), (0.3263889, 0.5013889), (0.34861112, 0.5013889), (0.34861112, 0.5236111), (0.3263889, 0.5236111), (0.3513889, 0.5013889), (0.37361112, 0.5013889), (0.37361112, 0.5236111), (0.3513889, 0.5236111), (0.37638888, 0.5013889), (0.3986111, 0.5013889), (0.3986111, 0.5236111), (0.37638888, 0.5236111), (0.40138888, 0.5013889), (0.4236111, 0.5013889), (0.4236111, 0.5236111), (0.40138888, 0.5236111), (0.4263889, 0.5013889), (0.4486111, 0.5013889), (0.4486111, 0.5236111), (0.4263889, 0.5236111), (0.4513889, 0.5013889), (0.47361112, 0.5013889), (0.47361112, 0.5236111), (0.4513889, 0.5236111), (0.4763889, 0.5013889), (0.49861112, 0.5013889), (0.49861112, 0.5236111), (0.4763889, 0.5236111), (0.5013889, 0.5013889), (0.5236111, 0.5013889), (0.5236111, 0.5236111), (0.5013889, 0.5236111), (0.5263889, 0.5013889), (0.5486111, 0.5013889), (0.5486111, 0.5236111), (0.5263889, 0.5236111), (0.55138886, 0.5013889), (0.57361114, 0.5013889), (0.57361114, 0.5236111), (0.55138886, 0.5236111), (0.5763889, 0.5013889), (0.5986111, 0.5013889), (0.5986111, 0.5236111), (0.5763889, 0.5236111), (0.6013889, 0.5013889), (0.6236111, 0.5013889), (0.6236111, 0.5236111), (0.6013889, 0.5236111), (0.6263889, 0.5013889), (0.6486111, 0.5013889), (0.6486111, 0.5236111), (0.6263889, 0.5236111), (0.6513889, 0.5013889), (0.6736111, 0.5013889), (0.6736111, 0.5236111), (0.6513889, 0.5236111), (0.67638886, 0.5013889), (0.69861114, 0.5013889), (0.69861114, 0.5236111), (0.67638886, 0.5236111), (0.7013889, 0.5013889), (0.7236111, 0.5013889), (0.7236111, 0.5236111), (0.7013889, 0.5236111), (0.7263889, 0.5013889), (0.7486111, 0.5013889), (0.7486111, 0.5236111), (0.7263889, 0.5236111), (0.7513889, 0.5013889), (0.7736111, 0.5013889), (0.7736111, 0.5236111), (0.7513889, 0.5236111), (0.7763889, 0.5013889), (0.7986111, 0.5013889), (0.7986111, 0.5236111), (0.7763889, 0.5236111), (0.80138886, 0.5013889), (0.82361114, 0.5013889), (0.82361114, 0.5236111), (0.80138886, 0.5236111), (0.8263889, 0.5013889), (0.8486111, 0.5013889), (0.8486111, 0.5236111), (0.8263889, 0.5236111), (0.8513889, 0.5013889), (0.8736111, 0.5013889), (0.8736111, 0.5236111), (0.8513889, 0.5236111), (0.8763889, 0.5013889), (0.8986111, 0.5013889), (0.8986111, 0.5236111), (0.8763889, 0.5236111), (0.9013889, 0.5013889), (0.9236111, 0.5013889), (0.9236111, 0.5236111), (0.9013889, 0.5236111), (0.92638886, 0.5013889), (0.94861114, 0.5013889), (0.94861114, 0.5236111), (0.92638886, 0.5236111), (0.9513889, 0.5013889), (0.9736111, 0.5013889), (0.9736111, 0.5236111), (0.9513889, 0.5236111), (0.9763889, 0.5013889), (0.9986111, 0.5013889), (0.9986111, 0.5236111), (0.9763889, 0.5236111), (0.0013888889, 0.5263889), (0.023611112, 0.5263889), (0.023611112, 0.5486111), (0.0013888889, 0.5486111), (0.02638889, 0.5263889), (0.048611112, 0.5263889), (0.048611112, 0.5486111), (0.02638889, 0.5486111), (0.05138889, 0.5263889), (0.07361111, 0.5263889), (0.07361111, 0.5486111), (0.05138889, 0.5486111), (0.07638889, 0.5263889), (0.09861111, 0.5263889), (0.09861111, 0.5486111), (0.07638889, 0.5486111), (0.10138889, 0.5263889), (0.12361111, 0.5263889), (0.12361111, 0.5486111), (0.10138889, 0.5486111), (0.12638889, 0.5263889), (0.14861111, 0.5263889), (0.14861111, 0.5486111), (0.12638889, 0.5486111), (0.15138888, 0.5263889), (0.1736111, 0.5263889), (0.1736111, 0.5486111), (0.15138888, 0.5486111), (0.17638889, 0.5263889), (0.19861111, 0.5263889), (0.19861111, 0.5486111), (0.17638889, 0.5486111), (0.2013889, 0.5263889), (0.22361112, 0.5263889), (0.22361112, 0.5486111), (0.2013889, 0.5486111), (0.22638889, 0.5263889), (0.24861111, 0.5263889), (0.24861111, 0.5486111), (0.22638889, 0.5486111), (0.25138888, 0.5263889), (0.2736111, 0.5263889), (0.2736111, 0.5486111), (0.25138888, 0.5486111), (0.27638888, 0.5263889), (0.2986111, 0.5263889), (0.2986111, 0.5486111), (0.27638888, 0.5486111), (0.3013889, 0.5263889), (0.3236111, 0.5263889), (0.3236111, 0.5486111), (0.3013889, 0.5486111), (0.3263889, 0.5263889), (0.34861112, 0.5263889), (0.34861112, 0.5486111), (0.3263889, 0.5486111), (0.3513889, 0.5263889), (0.37361112, 0.5263889), (0.37361112, 0.5486111), (0.3513889, 0.5486111), (0.37638888, 0.5263889), (0.3986111, 0.5263889), (0.3986111, 0.5486111), (0.37638888, 0.5486111), (0.40138888, 0.5263889), (0.4236111, 0.5263889), (0.4236111, 0.5486111), (0.40138888, 0.5486111), (0.4263889, 0.5263889), (0.4486111, 0.5263889), (0.4486111, 0.5486111), (0.4263889, 0.5486111), (0.4513889, 0.5263889), (0.47361112, 0.5263889), (0.47361112, 0.5486111), (0.4513889, 0.5486111), (0.4763889, 0.5263889), (0.49861112, 0.5263889), (0.49861112, 0.5486111), (0.4763889, 0.5486111), (0.5013889, 0.5263889), (0.5236111, 0.5263889), (0.5236111, 0.5486111), (0.5013889, 0.5486111), (0.5263889, 0.5263889), (0.5486111, 0.5263889), (0.5486111, 0.5486111), (0.5263889, 0.5486111), (0.55138886, 0.5263889), (0.57361114, 0.5263889), (0.57361114, 0.5486111), (0.55138886, 0.5486111), (0.5763889, 0.5263889), (0.5986111, 0.5263889), (0.5986111, 0.5486111), (0.5763889, 0.5486111), (0.6013889, 0.5263889), (0.6236111, 0.5263889), (0.6236111, 0.5486111), (0.6013889, 0.5486111), (0.6263889, 0.5263889), (0.6486111, 0.5263889), (0.6486111, 0.5486111), (0.6263889, 0.5486111), (0.6513889, 0.5263889), (0.6736111, 0.5263889), (0.6736111, 0.5486111), (0.6513889, 0.5486111), (0.67638886, 0.5263889), (0.69861114, 0.5263889), (0.69861114, 0.5486111), (0.67638886, 0.5486111), (0.7013889, 0.5263889), (0.7236111, 0.5263889), (0.7236111, 0.5486111), (0.7013889, 0.5486111), (0.7263889, 0.5263889), (0.7486111, 0.5263889), (0.7486111, 0.5486111), (0.7263889, 0.5486111), (0.7513889, 0.5263889), (0.7736111, 0.5263889), (0.7736111, 0.5486111), (0.7513889, 0.5486111), (0.7763889, 0.5263889), (0.7986111, 0.5263889), (0.7986111, 0.5486111), (0.7763889, 0.5486111), (0.80138886, 0.5263889), (0.82361114, 0.5263889), (0.82361114, 0.5486111), (0.80138886, 0.5486111), (0.8263889, 0.5263889), (0.8486111, 0.5263889), (0.8486111, 0.5486111), (0.8263889, 0.5486111), (0.8513889, 0.5263889), (0.8736111, 0.5263889), (0.8736111, 0.5486111), (0.8513889, 0.5486111), (0.8763889, 0.5263889), (0.8986111, 0.5263889), (0.8986111, 0.5486111), (0.8763889, 0.5486111), (0.9013889, 0.5263889), (0.9236111, 0.5263889), (0.9236111, 0.5486111), (0.9013889, 0.5486111), (0.92638886, 0.5263889), (0.94861114, 0.5263889), (0.94861114, 0.5486111), (0.92638886, 0.5486111), (0.9513889, 0.5263889), (0.9736111, 0.5263889), (0.9736111, 0.5486111), (0.9513889, 0.5486111), (0.9763889, 0.5263889), (0.9986111, 0.5263889), (0.9986111, 0.5486111), (0.9763889, 0.5486111), (0.0013888889, 0.55138886), (0.023611112, 0.55138886), (0.023611112, 0.57361114), (0.0013888889, 0.57361114), (0.02638889, 0.55138886), (0.048611112, 0.55138886), (0.048611112, 0.57361114), (0.02638889, 0.57361114), (0.05138889, 0.55138886), (0.07361111, 0.55138886), (0.07361111, 0.57361114), (0.05138889, 0.57361114), (0.07638889, 0.55138886), (0.09861111, 0.55138886), (0.09861111, 0.57361114), (0.07638889, 0.57361114), (0.10138889, 0.55138886), (0.12361111, 0.55138886), (0.12361111, 0.57361114), (0.10138889, 0.57361114), (0.12638889, 0.55138886), (0.14861111, 0.55138886), (0.14861111, 0.57361114), (0.12638889, 0.57361114), (0.15138888, 0.55138886), (0.1736111, 0.55138886), (0.1736111, 0.57361114), (0.15138888, 0.57361114), (0.17638889, 0.55138886), (0.19861111, 0.55138886), (0.19861111, 0.57361114), (0.17638889, 0.57361114), (0.2013889, 0.55138886), (0.22361112, 0.55138886), (0.22361112, 0.57361114), (0.2013889, 0.57361114), (0.22638889, 0.55138886), (0.24861111, 0.55138886), (0.24861111, 0.57361114), (0.22638889, 0.57361114), (0.25138888, 0.55138886), (0.2736111, 0.55138886), (0.2736111, 0.57361114), (0.25138888, 0.57361114), (0.27638888, 0.55138886), (0.2986111, 0.55138886), (0.2986111, 0.57361114), (0.27638888, 0.57361114), (0.3013889, 0.55138886), (0.3236111, 0.55138886), (0.3236111, 0.57361114), (0.3013889, 0.57361114), (0.3263889, 0.55138886), (0.34861112, 0.55138886), (0.34861112, 0.57361114), (0.3263889, 0.57361114), (0.3513889, 0.55138886), (0.37361112, 0.55138886), (0.37361112, 0.57361114), (0.3513889, 0.57361114), (0.37638888, 0.55138886), (0.3986111, 0.55138886), (0.3986111, 0.57361114), (0.37638888, 0.57361114), (0.40138888, 0.55138886), (0.4236111, 0.55138886), (0.4236111, 0.57361114), (0.40138888, 0.57361114), (0.4263889, 0.55138886), (0.4486111, 0.55138886), (0.4486111, 0.57361114), (0.4263889, 0.57361114), (0.4513889, 0.55138886), (0.47361112, 0.55138886), (0.47361112, 0.57361114), (0.4513889, 0.57361114), (0.4763889, 0.55138886), (0.49861112, 0.55138886), (0.49861112, 0.57361114), (0.4763889, 0.57361114), (0.5013889, 0.55138886), (0.5236111, 0.55138886), (0.5236111, 0.57361114), (0.5013889, 0.57361114), (0.5263889, 0.55138886), (0.5486111, 0.55138886), (0.5486111, 0.57361114), (0.5263889, 0.57361114), (0.55138886, 0.55138886), (0.57361114, 0.55138886), (0.57361114, 0.57361114), (0.55138886, 0.57361114), (0.5763889, 0.55138886), (0.5986111, 0.55138886), (0.5986111, 0.57361114), (0.5763889, 0.57361114), (0.6013889, 0.55138886), (0.6236111, 0.55138886), (0.6236111, 0.57361114), (0.6013889, 0.57361114), (0.6263889, 0.55138886), (0.6486111, 0.55138886), (0.6486111, 0.57361114), (0.6263889, 0.57361114), (0.6513889, 0.55138886), (0.6736111, 0.55138886), (0.6736111, 0.57361114), (0.6513889, 0.57361114), (0.67638886, 0.55138886), (0.69861114, 0.55138886), (0.69861114, 0.57361114), (0.67638886, 0.57361114), (0.7013889, 0.55138886), (0.7236111, 0.55138886), (0.7236111, 0.57361114), (0.7013889, 0.57361114), (0.7263889, 0.55138886), (0.7486111, 0.55138886), (0.7486111, 0.57361114), (0.7263889, 0.57361114), (0.7513889, 0.55138886), (0.7736111, 0.55138886), (0.7736111, 0.57361114), (0.7513889, 0.57361114), (0.7763889, 0.55138886), (0.7986111, 0.55138886), (0.7986111, 0.57361114), (0.7763889, 0.57361114), (0.80138886, 0.55138886), (0.82361114, 0.55138886), (0.82361114, 0.57361114), (0.80138886, 0.57361114), (0.8263889, 0.55138886), (0.8486111, 0.55138886), (0.8486111, 0.57361114), (0.8263889, 0.57361114), (0.8513889, 0.55138886), (0.8736111, 0.55138886), (0.8736111, 0.57361114), (0.8513889, 0.57361114), (0.8763889, 0.55138886), (0.8986111, 0.55138886), (0.8986111, 0.57361114), (0.8763889, 0.57361114), (0.9013889, 0.55138886), (0.9236111, 0.55138886), (0.9236111, 0.57361114), (0.9013889, 0.57361114), (0.92638886, 0.55138886), (0.94861114, 0.55138886), (0.94861114, 0.57361114), (0.92638886, 0.57361114), (0.9513889, 0.55138886), (0.9736111, 0.55138886), (0.9736111, 0.57361114), (0.9513889, 0.57361114), (0.9763889, 0.55138886), (0.9986111, 0.55138886), (0.9986111, 0.57361114), (0.9763889, 0.57361114), (0.0013888889, 0.5763889), (0.023611112, 0.5763889), (0.023611112, 0.5986111), (0.0013888889, 0.5986111), (0.02638889, 0.5763889), (0.048611112, 0.5763889), (0.048611112, 0.5986111), (0.02638889, 0.5986111), (0.05138889, 0.5763889), (0.07361111, 0.5763889), (0.07361111, 0.5986111), (0.05138889, 0.5986111), (0.07638889, 0.5763889), (0.09861111, 0.5763889), (0.09861111, 0.5986111), (0.07638889, 0.5986111), (0.10138889, 0.5763889), (0.12361111, 0.5763889), (0.12361111, 0.5986111), (0.10138889, 0.5986111), (0.12638889, 0.5763889), (0.14861111, 0.5763889), (0.14861111, 0.5986111), (0.12638889, 0.5986111), (0.15138888, 0.5763889), (0.1736111, 0.5763889), (0.1736111, 0.5986111), (0.15138888, 0.5986111), (0.17638889, 0.5763889), (0.19861111, 0.5763889), (0.19861111, 0.5986111), (0.17638889, 0.5986111), (0.2013889, 0.5763889), (0.22361112, 0.5763889), (0.22361112, 0.5986111), (0.2013889, 0.5986111), (0.22638889, 0.5763889), (0.24861111, 0.5763889), (0.24861111, 0.5986111), (0.22638889, 0.5986111), (0.25138888, 0.5763889), (0.2736111, 0.5763889), (0.2736111, 0.5986111), (0.25138888, 0.5986111), (0.27638888, 0.5763889), (0.2986111, 0.5763889), (0.2986111, 0.5986111), (0.27638888, 0.5986111), (0.3013889, 0.5763889), (0.3236111, 0.5763889), (0.3236111, 0.5986111), (0.3013889, 0.5986111), (0.3263889, 0.5763889), (0.34861112, 0.5763889), (0.34861112, 0.5986111), (0.3263889, 0.5986111), (0.3513889, 0.5763889), (0.37361112, 0.5763889), (0.37361112, 0.5986111), (0.3513889, 0.5986111), (0.37638888, 0.5763889), (0.3986111, 0.5763889), (0.3986111, 0.5986111), (0.37638888, 0.5986111), (0.40138888, 0.5763889), (0.4236111, 0.5763889), (0.4236111, 0.5986111), (0.40138888, 0.5986111), (0.4263889, 0.5763889), (0.4486111, 0.5763889), (0.4486111, 0.5986111), (0.4263889, 0.5986111), (0.4513889, 0.5763889), (0.47361112, 0.5763889), (0.47361112, 0.5986111), (0.4513889, 0.5986111), (0.4763889, 0.5763889), (0.49861112, 0.5763889), (0.49861112, 0.5986111), (0.4763889, 0.5986111), (0.5013889, 0.5763889), (0.5236111, 0.5763889), (0.5236111, 0.5986111), (0.5013889, 0.5986111), (0.5263889, 0.5763889), (0.5486111, 0.5763889), (0.5486111, 0.5986111), (0.5263889, 0.5986111), (0.55138886, 0.5763889), (0.57361114, 0.5763889), (0.57361114, 0.5986111), (0.55138886, 0.5986111), (0.5763889, 0.5763889), (0.5986111, 0.5763889), (0.5986111, 0.5986111), (0.5763889, 0.5986111), (0.6013889, 0.5763889), (0.6236111, 0.5763889), (0.6236111, 0.5986111), (0.6013889, 0.5986111), (0.6263889, 0.5763889), (0.6486111, 0.5763889), (0.6486111, 0.5986111), (0.6263889, 0.5986111), (0.6513889, 0.5763889), (0.6736111, 0.5763889), (0.6736111, 0.5986111), (0.6513889, 0.5986111), (0.67638886, 0.5763889), (0.69861114, 0.5763889), (0.69861114, 0.5986111), (0.67638886, 0.5986111), (0.7013889, 0.5763889), (0.7236111, 0.5763889), (0.7236111, 0.5986111), (0.7013889, 0.5986111), (0.7263889, 0.5763889), (0.7486111, 0.5763889), (0.7486111, 0.5986111), (0.7263889, 0.5986111), (0.7513889, 0.5763889), (0.7736111, 0.5763889), (0.7736111, 0.5986111), (0.7513889, 0.5986111), (0.7763889, 0.5763889), (0.7986111, 0.5763889), (0.7986111, 0.5986111), (0.7763889, 0.5986111), (0.80138886, 0.5763889), (0.82361114, 0.5763889), (0.82361114, 0.5986111), (0.80138886, 0.5986111), (0.8263889, 0.5763889), (0.8486111, 0.5763889), (0.8486111, 0.5986111), (0.8263889, 0.5986111), (0.8513889, 0.5763889), (0.8736111, 0.5763889), (0.8736111, 0.5986111), (0.8513889, 0.5986111), (0.8763889, 0.5763889), (0.8986111, 0.5763889), (0.8986111, 0.5986111), (0.8763889, 0.5986111), (0.9013889, 0.5763889), (0.9236111, 0.5763889), (0.9236111, 0.5986111), (0.9013889, 0.5986111), (0.92638886, 0.5763889), (0.94861114, 0.5763889), (0.94861114, 0.5986111), (0.92638886, 0.5986111), (0.9513889, 0.5763889), (0.9736111, 0.5763889), (0.9736111, 0.5986111), (0.9513889, 0.5986111), (0.9763889, 0.5763889), (0.9986111, 0.5763889), (0.9986111, 0.5986111), (0.9763889, 0.5986111), (0.0013888889, 0.6013889), (0.023611112, 0.6013889), (0.023611112, 0.6236111), (0.0013888889, 0.6236111), (0.02638889, 0.6013889), (0.048611112, 0.6013889), (0.048611112, 0.6236111), (0.02638889, 0.6236111), (0.05138889, 0.6013889), (0.07361111, 0.6013889), (0.07361111, 0.6236111), (0.05138889, 0.6236111), (0.07638889, 0.6013889), (0.09861111, 0.6013889), (0.09861111, 0.6236111), (0.07638889, 0.6236111), (0.10138889, 0.6013889), (0.12361111, 0.6013889), (0.12361111, 0.6236111), (0.10138889, 0.6236111), (0.12638889, 0.6013889), (0.14861111, 0.6013889), (0.14861111, 0.6236111), (0.12638889, 0.6236111), (0.15138888, 0.6013889), (0.1736111, 0.6013889), (0.1736111, 0.6236111), (0.15138888, 0.6236111), (0.17638889, 0.6013889), (0.19861111, 0.6013889), (0.19861111, 0.6236111), (0.17638889, 0.6236111), (0.2013889, 0.6013889), (0.22361112, 0.6013889), (0.22361112, 0.6236111), (0.2013889, 0.6236111), (0.22638889, 0.6013889), (0.24861111, 0.6013889), (0.24861111, 0.6236111), (0.22638889, 0.6236111), (0.25138888, 0.6013889), (0.2736111, 0.6013889), (0.2736111, 0.6236111), (0.25138888, 0.6236111), (0.27638888, 0.6013889), (0.2986111, 0.6013889), (0.2986111, 0.6236111), (0.27638888, 0.6236111), (0.3013889, 0.6013889), (0.3236111, 0.6013889), (0.3236111, 0.6236111), (0.3013889, 0.6236111), (0.3263889, 0.6013889), (0.34861112, 0.6013889), (0.34861112, 0.6236111), (0.3263889, 0.6236111), (0.3513889, 0.6013889), (0.37361112, 0.6013889), (0.37361112, 0.6236111), (0.3513889, 0.6236111), (0.37638888, 0.6013889), (0.3986111, 0.6013889), (0.3986111, 0.6236111), (0.37638888, 0.6236111), (0.40138888, 0.6013889), (0.4236111, 0.6013889), (0.4236111, 0.6236111), (0.40138888, 0.6236111), (0.4263889, 0.6013889), (0.4486111, 0.6013889), (0.4486111, 0.6236111), (0.4263889, 0.6236111), (0.4513889, 0.6013889), (0.47361112, 0.6013889), (0.47361112, 0.6236111), (0.4513889, 0.6236111), (0.4763889, 0.6013889), (0.49861112, 0.6013889), (0.49861112, 0.6236111), (0.4763889, 0.6236111), (0.5013889, 0.6013889), (0.5236111, 0.6013889), (0.5236111, 0.6236111), (0.5013889, 0.6236111), (0.5263889, 0.6013889), (0.5486111, 0.6013889), (0.5486111, 0.6236111), (0.5263889, 0.6236111), (0.55138886, 0.6013889), (0.57361114, 0.6013889), (0.57361114, 0.6236111), (0.55138886, 0.6236111), (0.5763889, 0.6013889), (0.5986111, 0.6013889), (0.5986111, 0.6236111), (0.5763889, 0.6236111), (0.6013889, 0.6013889), (0.6236111, 0.6013889), (0.6236111, 0.6236111), (0.6013889, 0.6236111), (0.6263889, 0.6013889), (0.6486111, 0.6013889), (0.6486111, 0.6236111), (0.6263889, 0.6236111), (0.6513889, 0.6013889), (0.6736111, 0.6013889), (0.6736111, 0.6236111), (0.6513889, 0.6236111), (0.67638886, 0.6013889), (0.69861114, 0.6013889), (0.69861114, 0.6236111), (0.67638886, 0.6236111), (0.7013889, 0.6013889), (0.7236111, 0.6013889), (0.7236111, 0.6236111), (0.7013889, 0.6236111), (0.7263889, 0.6013889), (0.7486111, 0.6013889), (0.7486111, 0.6236111), (0.7263889, 0.6236111), (0.7513889, 0.6013889), (0.7736111, 0.6013889), (0.7736111, 0.6236111), (0.7513889, 0.6236111), (0.7763889, 0.6013889), (0.7986111, 0.6013889), (0.7986111, 0.6236111), (0.7763889, 0.6236111), (0.80138886, 0.6013889), (0.82361114, 0.6013889), (0.82361114, 0.6236111), (0.80138886, 0.6236111), (0.8263889, 0.6013889), (0.8486111, 0.6013889), (0.8486111, 0.6236111), (0.8263889, 0.6236111), (0.8513889, 0.6013889), (0.8736111, 0.6013889), (0.8736111, 0.6236111), (0.8513889, 0.6236111), (0.8763889, 0.6013889), (0.8986111, 0.6013889), (0.8986111, 0.6236111), (0.8763889, 0.6236111), (0.9013889, 0.6013889), (0.9236111, 0.6013889), (0.9236111, 0.6236111), (0.9013889, 0.6236111), (0.92638886, 0.6013889), (0.94861114, 0.6013889), (0.94861114, 0.6236111), (0.92638886, 0.6236111), (0.9513889, 0.6013889), (0.9736111, 0.6013889), (0.9736111, 0.6236111), (0.9513889, 0.6236111), (0.9763889, 0.6013889), (0.9986111, 0.6013889), (0.9986111, 0.6236111), (0.9763889, 0.6236111), (0.0013888889, 0.6263889), (0.023611112, 0.6263889), (0.023611112, 0.6486111), (0.0013888889, 0.6486111), (0.02638889, 0.6263889), (0.048611112, 0.6263889), (0.048611112, 0.6486111), (0.02638889, 0.6486111), (0.05138889, 0.6263889), (0.07361111, 0.6263889), (0.07361111, 0.6486111), (0.05138889, 0.6486111), (0.07638889, 0.6263889), (0.09861111, 0.6263889), (0.09861111, 0.6486111), (0.07638889, 0.6486111), (0.10138889, 0.6263889), (0.12361111, 0.6263889), (0.12361111, 0.6486111), (0.10138889, 0.6486111), (0.12638889, 0.6263889), (0.14861111, 0.6263889), (0.14861111, 0.6486111), (0.12638889, 0.6486111), (0.15138888, 0.6263889), (0.1736111, 0.6263889), (0.1736111, 0.6486111), (0.15138888, 0.6486111), (0.17638889, 0.6263889), (0.19861111, 0.6263889), (0.19861111, 0.6486111), (0.17638889, 0.6486111), (0.2013889, 0.6263889), (0.22361112, 0.6263889), (0.22361112, 0.6486111), (0.2013889, 0.6486111), (0.22638889, 0.6263889), (0.24861111, 0.6263889), (0.24861111, 0.6486111), (0.22638889, 0.6486111), (0.25138888, 0.6263889), (0.2736111, 0.6263889), (0.2736111, 0.6486111), (0.25138888, 0.6486111), (0.27638888, 0.6263889), (0.2986111, 0.6263889), (0.2986111, 0.6486111), (0.27638888, 0.6486111), (0.3013889, 0.6263889), (0.3236111, 0.6263889), (0.3236111, 0.6486111), (0.3013889, 0.6486111), (0.3263889, 0.6263889), (0.34861112, 0.6263889), (0.34861112, 0.6486111), (0.3263889, 0.6486111), (0.3513889, 0.6263889), (0.37361112, 0.6263889), (0.37361112, 0.6486111), (0.3513889, 0.6486111), (0.37638888, 0.6263889), (0.3986111, 0.6263889), (0.3986111, 0.6486111), (0.37638888, 0.6486111), (0.40138888, 0.6263889), (0.4236111, 0.6263889), (0.4236111, 0.6486111), (0.40138888, 0.6486111), (0.4263889, 0.6263889), (0.4486111, 0.6263889), (0.4486111, 0.6486111), (0.4263889, 0.6486111), (0.4513889, 0.6263889), (0.47361112, 0.6263889), (0.47361112, 0.6486111), (0.4513889, 0.6486111), (0.4763889, 0.6263889), (0.49861112, 0.6263889), (0.49861112, 0.6486111), (0.4763889, 0.6486111), (0.5013889, 0.6263889), (0.5236111, 0.6263889), (0.5236111, 0.6486111), (0.5013889, 0.6486111), (0.5263889, 0.6263889), (0.5486111, 0.6263889), (0.5486111, 0.6486111), (0.5263889, 0.6486111), (0.55138886, 0.6263889), (0.57361114, 0.6263889), (0.57361114, 0.6486111), (0.55138886, 0.6486111), (0.5763889, 0.6263889), (0.5986111, 0.6263889), (0.5986111, 0.6486111), (0.5763889, 0.6486111), (0.6013889, 0.6263889), (0.6236111, 0.6263889), (0.6236111, 0.6486111), (0.6013889, 0.6486111), (0.6263889, 0.6263889), (0.6486111, 0.6263889), (0.6486111, 0.6486111), (0.6263889, 0.6486111), (0.6513889, 0.6263889), (0.6736111, 0.6263889), (0.6736111, 0.6486111), (0.6513889, 0.6486111), (0.67638886, 0.6263889), (0.69861114, 0.6263889), (0.69861114, 0.6486111), (0.67638886, 0.6486111), (0.7013889, 0.6263889), (0.7236111, 0.6263889), (0.7236111, 0.6486111), (0.7013889, 0.6486111), (0.7263889, 0.6263889), (0.7486111, 0.6263889), (0.7486111, 0.6486111), (0.7263889, 0.6486111), (0.7513889, 0.6263889), (0.7736111, 0.6263889), (0.7736111, 0.6486111), (0.7513889, 0.6486111), (0.7763889, 0.6263889), (0.7986111, 0.6263889), (0.7986111, 0.6486111), (0.7763889, 0.6486111), (0.80138886, 0.6263889), (0.82361114, 0.6263889), (0.82361114, 0.6486111), (0.80138886, 0.6486111), (0.8263889, 0.6263889), (0.8486111, 0.6263889), (0.8486111, 0.6486111), (0.8263889, 0.6486111), (0.8513889, 0.6263889), (0.8736111, 0.6263889), (0.8736111, 0.6486111), (0.8513889, 0.6486111), (0.8763889, 0.6263889), (0.8986111, 0.6263889), (0.8986111, 0.6486111), (0.8763889, 0.6486111), (0.9013889, 0.6263889), (0.9236111, 0.6263889), (0.9236111, 0.6486111), (0.9013889, 0.6486111), (0.92638886, 0.6263889), (0.94861114, 0.6263889), (0.94861114, 0.6486111), (0.92638886, 0.6486111), (0.9513889, 0.6263889), (0.9736111, 0.6263889), (0.9736111, 0.6486111), (0.9513889, 0.6486111), (0.9763889, 0.6263889), (0.9986111, 0.6263889), (0.9986111, 0.6486111), (0.9763889, 0.6486111), (0.0013888889, 0.6513889), (0.023611112, 0.6513889), (0.023611112, 0.6736111), (0.0013888889, 0.6736111), (0.02638889, 0.6513889), (0.048611112, 0.6513889), (0.048611112, 0.6736111), (0.02638889, 0.6736111), (0.05138889, 0.6513889), (0.07361111, 0.6513889), (0.07361111, 0.6736111), (0.05138889, 0.6736111), (0.07638889, 0.6513889), (0.09861111, 0.6513889), (0.09861111, 0.6736111), (0.07638889, 0.6736111), (0.10138889, 0.6513889), (0.12361111, 0.6513889), (0.12361111, 0.6736111), (0.10138889, 0.6736111), (0.12638889, 0.6513889), (0.14861111, 0.6513889), (0.14861111, 0.6736111), (0.12638889, 0.6736111), (0.15138888, 0.6513889), (0.1736111, 0.6513889), (0.1736111, 0.6736111), (0.15138888, 0.6736111), (0.17638889, 0.6513889), (0.19861111, 0.6513889), (0.19861111, 0.6736111), (0.17638889, 0.6736111), (0.2013889, 0.6513889), (0.22361112, 0.6513889), (0.22361112, 0.6736111), (0.2013889, 0.6736111), (0.22638889, 0.6513889), (0.24861111, 0.6513889), (0.24861111, 0.6736111), (0.22638889, 0.6736111), (0.25138888, 0.6513889), (0.2736111, 0.6513889), (0.2736111, 0.6736111), (0.25138888, 0.6736111), (0.27638888, 0.6513889), (0.2986111, 0.6513889), (0.2986111, 0.6736111), (0.27638888, 0.6736111), (0.3013889, 0.6513889), (0.3236111, 0.6513889), (0.3236111, 0.6736111), (0.3013889, 0.6736111), (0.3263889, 0.6513889), (0.34861112, 0.6513889), (0.34861112, 0.6736111), (0.3263889, 0.6736111), (0.3513889, 0.6513889), (0.37361112, 0.6513889), (0.37361112, 0.6736111), (0.3513889, 0.6736111), (0.37638888, 0.6513889), (0.3986111, 0.6513889), (0.3986111, 0.6736111), (0.37638888, 0.6736111), (0.40138888, 0.6513889), (0.4236111, 0.6513889), (0.4236111, 0.6736111), (0.40138888, 0.6736111), (0.4263889, 0.6513889), (0.4486111, 0.6513889), (0.4486111, 0.6736111), (0.4263889, 0.6736111), (0.4513889, 0.6513889), (0.47361112, 0.6513889), (0.47361112, 0.6736111), (0.4513889, 0.6736111), (0.4763889, 0.6513889), (0.49861112, 0.6513889), (0.49861112, 0.6736111), (0.4763889, 0.6736111), (0.5013889, 0.6513889), (0.5236111, 0.6513889), (0.5236111, 0.6736111), (0.5013889, 0.6736111), (0.5263889, 0.6513889), (0.5486111, 0.6513889), (0.5486111, 0.6736111), (0.5263889, 0.6736111), (0.55138886, 0.6513889), (0.57361114, 0.6513889), (0.57361114, 0.6736111), (0.55138886, 0.6736111), (0.5763889, 0.6513889), (0.5986111, 0.6513889), (0.5986111, 0.6736111), (0.5763889, 0.6736111), (0.6013889, 0.6513889), (0.6236111, 0.6513889), (0.6236111, 0.6736111), (0.6013889, 0.6736111), (0.6263889, 0.6513889), (0.6486111, 0.6513889), (0.6486111, 0.6736111), (0.6263889, 0.6736111), (0.6513889, 0.6513889), (0.6736111, 0.6513889), (0.6736111, 0.6736111), (0.6513889, 0.6736111), (0.67638886, 0.6513889), (0.69861114, 0.6513889), (0.69861114, 0.6736111), (0.67638886, 0.6736111), (0.7013889, 0.6513889), (0.7236111, 0.6513889), (0.7236111, 0.6736111), (0.7013889, 0.6736111), (0.7263889, 0.6513889), (0.7486111, 0.6513889), (0.7486111, 0.6736111), (0.7263889, 0.6736111), (0.7513889, 0.6513889), (0.7736111, 0.6513889), (0.7736111, 0.6736111), (0.7513889, 0.6736111), (0.7763889, 0.6513889), (0.7986111, 0.6513889), (0.7986111, 0.6736111), (0.7763889, 0.6736111), (0.80138886, 0.6513889), (0.82361114, 0.6513889), (0.82361114, 0.6736111), (0.80138886, 0.6736111), (0.8263889, 0.6513889), (0.8486111, 0.6513889), (0.8486111, 0.6736111), (0.8263889, 0.6736111), (0.8513889, 0.6513889), (0.8736111, 0.6513889), (0.8736111, 0.6736111), (0.8513889, 0.6736111), (0.8763889, 0.6513889), (0.8986111, 0.6513889), (0.8986111, 0.6736111), (0.8763889, 0.6736111), (0.9013889, 0.6513889), (0.9236111, 0.6513889), (0.9236111, 0.6736111), (0.9013889, 0.6736111), (0.92638886, 0.6513889), (0.94861114, 0.6513889), (0.94861114, 0.6736111), (0.92638886, 0.6736111), (0.9513889, 0.6513889), (0.9736111, 0.6513889), (0.9736111, 0.6736111), (0.9513889, 0.6736111), (0.9763889, 0.6513889), (0.9986111, 0.6513889), (0.9986111, 0.6736111), (0.9763889, 0.6736111), (0.0013888889, 0.67638886), (0.023611112, 0.67638886), (0.023611112, 0.69861114), (0.0013888889, 0.69861114), (0.02638889, 0.67638886), (0.048611112, 0.67638886), (0.048611112, 0.69861114), (0.02638889, 0.69861114), (0.05138889, 0.67638886), (0.07361111, 0.67638886), (0.07361111, 0.69861114), (0.05138889, 0.69861114), (0.07638889, 0.67638886), (0.09861111, 0.67638886), (0.09861111, 0.69861114), (0.07638889, 0.69861114), (0.10138889, 0.67638886), (0.12361111, 0.67638886), (0.12361111, 0.69861114), (0.10138889, 0.69861114), (0.12638889, 0.67638886), (0.14861111, 0.67638886), (0.14861111, 0.69861114), (0.12638889, 0.69861114), (0.15138888, 0.67638886), (0.1736111, 0.67638886), (0.1736111, 0.69861114), (0.15138888, 0.69861114), (0.17638889, 0.67638886), (0.19861111, 0.67638886), (0.19861111, 0.69861114), (0.17638889, 0.69861114), (0.2013889, 0.67638886), (0.22361112, 0.67638886), (0.22361112, 0.69861114), (0.2013889, 0.69861114), (0.22638889, 0.67638886), (0.24861111, 0.67638886), (0.24861111, 0.69861114), (0.22638889, 0.69861114), (0.25138888, 0.67638886), (0.2736111, 0.67638886), (0.2736111, 0.69861114), (0.25138888, 0.69861114), (0.27638888, 0.67638886), (0.2986111, 0.67638886), (0.2986111, 0.69861114), (0.27638888, 0.69861114), (0.3013889, 0.67638886), (0.3236111, 0.67638886), (0.3236111, 0.69861114), (0.3013889, 0.69861114), (0.3263889, 0.67638886), (0.34861112, 0.67638886), (0.34861112, 0.69861114), (0.3263889, 0.69861114), (0.3513889, 0.67638886), (0.37361112, 0.67638886), (0.37361112, 0.69861114), (0.3513889, 0.69861114), (0.37638888, 0.67638886), (0.3986111, 0.67638886), (0.3986111, 0.69861114), (0.37638888, 0.69861114), (0.40138888, 0.67638886), (0.4236111, 0.67638886), (0.4236111, 0.69861114), (0.40138888, 0.69861114), (0.4263889, 0.67638886), (0.4486111, 0.67638886), (0.4486111, 0.69861114), (0.4263889, 0.69861114), (0.4513889, 0.67638886), (0.47361112, 0.67638886), (0.47361112, 0.69861114), (0.4513889, 0.69861114), (0.4763889, 0.67638886), (0.49861112, 0.67638886), (0.49861112, 0.69861114), (0.4763889, 0.69861114), (0.5013889, 0.67638886), (0.5236111, 0.67638886), (0.5236111, 0.69861114), (0.5013889, 0.69861114), (0.5263889, 0.67638886), (0.5486111, 0.67638886), (0.5486111, 0.69861114), (0.5263889, 0.69861114), (0.55138886, 0.67638886), (0.57361114, 0.67638886), (0.57361114, 0.69861114), (0.55138886, 0.69861114), (0.5763889, 0.67638886), (0.5986111, 0.67638886), (0.5986111, 0.69861114), (0.5763889, 0.69861114), (0.6013889, 0.67638886), (0.6236111, 0.67638886), (0.6236111, 0.69861114), (0.6013889, 0.69861114), (0.6263889, 0.67638886), (0.6486111, 0.67638886), (0.6486111, 0.69861114), (0.6263889, 0.69861114), (0.6513889, 0.67638886), (0.6736111, 0.67638886), (0.6736111, 0.69861114), (0.6513889, 0.69861114), (0.67638886, 0.67638886), (0.69861114, 0.67638886), (0.69861114, 0.69861114), (0.67638886, 0.69861114), (0.7013889, 0.67638886), (0.7236111, 0.67638886), (0.7236111, 0.69861114), (0.7013889, 0.69861114), (0.7263889, 0.67638886), (0.7486111, 0.67638886), (0.7486111, 0.69861114), (0.7263889, 0.69861114), (0.7513889, 0.67638886), (0.7736111, 0.67638886), (0.7736111, 0.69861114), (0.7513889, 0.69861114), (0.7763889, 0.67638886), (0.7986111, 0.67638886), (0.7986111, 0.69861114), (0.7763889, 0.69861114), (0.80138886, 0.67638886), (0.82361114, 0.67638886), (0.82361114, 0.69861114), (0.80138886, 0.69861114), (0.8263889, 0.67638886), (0.8486111, 0.67638886), (0.8486111, 0.69861114), (0.8263889, 0.69861114), (0.8513889, 0.67638886), (0.8736111, 0.67638886), (0.8736111, 0.69861114), (0.8513889, 0.69861114), (0.8763889, 0.67638886), (0.8986111, 0.67638886), (0.8986111, 0.69861114), (0.8763889, 0.69861114), (0.9013889, 0.67638886), (0.9236111, 0.67638886), (0.9236111, 0.69861114), (0.9013889, 0.69861114), (0.92638886, 0.67638886), (0.94861114, 0.67638886), (0.94861114, 0.69861114), (0.92638886, 0.69861114), (0.9513889, 0.67638886), (0.9736111, 0.67638886), (0.9736111, 0.69861114), (0.9513889, 0.69861114), (0.9763889, 0.67638886), (0.9986111, 0.67638886), (0.9986111, 0.69861114), (0.9763889, 0.69861114), (0.0013888889, 0.7013889), (0.023611112, 0.7013889), (0.023611112, 0.7236111), (0.0013888889, 0.7236111), (0.02638889, 0.7013889), (0.048611112, 0.7013889), (0.048611112, 0.7236111), (0.02638889, 0.7236111), (0.05138889, 0.7013889), (0.07361111, 0.7013889), (0.07361111, 0.7236111), (0.05138889, 0.7236111), (0.07638889, 0.7013889), (0.09861111, 0.7013889), (0.09861111, 0.7236111), (0.07638889, 0.7236111), (0.10138889, 0.7013889), (0.12361111, 0.7013889), (0.12361111, 0.7236111), (0.10138889, 0.7236111), (0.12638889, 0.7013889), (0.14861111, 0.7013889), (0.14861111, 0.7236111), (0.12638889, 0.7236111), (0.15138888, 0.7013889), (0.1736111, 0.7013889), (0.1736111, 0.7236111), (0.15138888, 0.7236111), (0.17638889, 0.7013889), (0.19861111, 0.7013889), (0.19861111, 0.7236111), (0.17638889, 0.7236111), (0.2013889, 0.7013889), (0.22361112, 0.7013889), (0.22361112, 0.7236111), (0.2013889, 0.7236111), (0.22638889, 0.7013889), (0.24861111, 0.7013889), (0.24861111, 0.7236111), (0.22638889, 0.7236111), (0.25138888, 0.7013889), (0.2736111, 0.7013889), (0.2736111, 0.7236111), (0.25138888, 0.7236111), (0.27638888, 0.7013889), (0.2986111, 0.7013889), (0.2986111, 0.7236111), (0.27638888, 0.7236111), (0.3013889, 0.7013889), (0.3236111, 0.7013889), (0.3236111, 0.7236111), (0.3013889, 0.7236111), (0.3263889, 0.7013889), (0.34861112, 0.7013889), (0.34861112, 0.7236111), (0.3263889, 0.7236111), (0.3513889, 0.7013889), (0.37361112, 0.7013889), (0.37361112, 0.7236111), (0.3513889, 0.7236111), (0.37638888, 0.7013889), (0.3986111, 0.7013889), (0.3986111, 0.7236111), (0.37638888, 0.7236111), (0.40138888, 0.7013889), (0.4236111, 0.7013889), (0.4236111, 0.7236111), (0.40138888, 0.7236111), (0.4263889, 0.7013889), (0.4486111, 0.7013889), (0.4486111, 0.7236111), (0.4263889, 0.7236111), (0.4513889, 0.7013889), (0.47361112, 0.7013889), (0.47361112, 0.7236111), (0.4513889, 0.7236111), (0.4763889, 0.7013889), (0.49861112, 0.7013889), (0.49861112, 0.7236111), (0.4763889, 0.7236111), (0.5013889, 0.7013889), (0.5236111, 0.7013889), (0.5236111, 0.7236111), (0.5013889, 0.7236111), (0.5263889, 0.7013889), (0.5486111, 0.7013889), (0.5486111, 0.7236111), (0.5263889, 0.7236111), (0.55138886, 0.7013889), (0.57361114, 0.7013889), (0.57361114, 0.7236111), (0.55138886, 0.7236111), (0.5763889, 0.7013889), (0.5986111, 0.7013889), (0.5986111, 0.7236111), (0.5763889, 0.7236111), (0.6013889, 0.7013889), (0.6236111, 0.7013889), (0.6236111, 0.7236111), (0.6013889, 0.7236111), (0.6263889, 0.7013889), (0.6486111, 0.7013889), (0.6486111, 0.7236111), (0.6263889, 0.7236111), (0.6513889, 0.7013889), (0.6736111, 0.7013889), (0.6736111, 0.7236111), (0.6513889, 0.7236111), (0.67638886, 0.7013889), (0.69861114, 0.7013889), (0.69861114, 0.7236111), (0.67638886, 0.7236111), (0.7013889, 0.7013889), (0.7236111, 0.7013889), (0.7236111, 0.7236111), (0.7013889, 0.7236111), (0.7263889, 0.7013889), (0.7486111, 0.7013889), (0.7486111, 0.7236111), (0.7263889, 0.7236111), (0.7513889, 0.7013889), (0.7736111, 0.7013889), (0.7736111, 0.7236111), (0.7513889, 0.7236111), (0.7763889, 0.7013889), (0.7986111, 0.7013889), (0.7986111, 0.7236111), (0.7763889, 0.7236111), (0.80138886, 0.7013889), (0.82361114, 0.7013889), (0.82361114, 0.7236111), (0.80138886, 0.7236111), (0.8263889, 0.7013889), (0.8486111, 0.7013889), (0.8486111, 0.7236111), (0.8263889, 0.7236111), (0.8513889, 0.7013889), (0.8736111, 0.7013889), (0.8736111, 0.7236111), (0.8513889, 0.7236111), (0.8763889, 0.7013889), (0.8986111, 0.7013889), (0.8986111, 0.7236111), (0.8763889, 0.7236111), (0.9013889, 0.7013889), (0.9236111, 0.7013889), (0.9236111, 0.7236111), (0.9013889, 0.7236111), (0.92638886, 0.7013889), (0.94861114, 0.7013889), (0.94861114, 0.7236111), (0.92638886, 0.7236111), (0.9513889, 0.7013889), (0.9736111, 0.7013889), (0.9736111, 0.7236111), (0.9513889, 0.7236111), (0.9763889, 0.7013889), (0.9986111, 0.7013889), (0.9986111, 0.7236111), (0.9763889, 0.7236111), (0.0013888889, 0.7263889), (0.023611112, 0.7263889), (0.023611112, 0.7486111), (0.0013888889, 0.7486111), (0.02638889, 0.7263889), (0.048611112, 0.7263889), (0.048611112, 0.7486111), (0.02638889, 0.7486111), (0.05138889, 0.7263889), (0.07361111, 0.7263889), (0.07361111, 0.7486111), (0.05138889, 0.7486111), (0.07638889, 0.7263889), (0.09861111, 0.7263889), (0.09861111, 0.7486111), (0.07638889, 0.7486111), (0.10138889, 0.7263889), (0.12361111, 0.7263889), (0.12361111, 0.7486111), (0.10138889, 0.7486111), (0.12638889, 0.7263889), (0.14861111, 0.7263889), (0.14861111, 0.7486111), (0.12638889, 0.7486111), (0.15138888, 0.7263889), (0.1736111, 0.7263889), (0.1736111, 0.7486111), (0.15138888, 0.7486111), (0.17638889, 0.7263889), (0.19861111, 0.7263889), (0.19861111, 0.7486111), (0.17638889, 0.7486111), (0.2013889, 0.7263889), (0.22361112, 0.7263889), (0.22361112, 0.7486111), (0.2013889, 0.7486111), (0.22638889, 0.7263889), (0.24861111, 0.7263889), (0.24861111, 0.7486111), (0.22638889, 0.7486111), (0.25138888, 0.7263889), (0.2736111, 0.7263889), (0.2736111, 0.7486111), (0.25138888, 0.7486111), (0.27638888, 0.7263889), (0.2986111, 0.7263889), (0.2986111, 0.7486111), (0.27638888, 0.7486111), (0.3013889, 0.7263889), (0.3236111, 0.7263889), (0.3236111, 0.7486111), (0.3013889, 0.7486111), (0.3263889, 0.7263889), (0.34861112, 0.7263889), (0.34861112, 0.7486111), (0.3263889, 0.7486111), (0.3513889, 0.7263889), (0.37361112, 0.7263889), (0.37361112, 0.7486111), (0.3513889, 0.7486111), (0.37638888, 0.7263889), (0.3986111, 0.7263889), (0.3986111, 0.7486111), (0.37638888, 0.7486111), (0.40138888, 0.7263889), (0.4236111, 0.7263889), (0.4236111, 0.7486111), (0.40138888, 0.7486111), (0.4263889, 0.7263889), (0.4486111, 0.7263889), (0.4486111, 0.7486111), (0.4263889, 0.7486111), (0.4513889, 0.7263889), (0.47361112, 0.7263889), (0.47361112, 0.7486111), (0.4513889, 0.7486111), (0.4763889, 0.7263889), (0.49861112, 0.7263889), (0.49861112, 0.7486111), (0.4763889, 0.7486111), (0.5013889, 0.7263889), (0.5236111, 0.7263889), (0.5236111, 0.7486111), (0.5013889, 0.7486111), (0.5263889, 0.7263889), (0.5486111, 0.7263889), (0.5486111, 0.7486111), (0.5263889, 0.7486111), (0.55138886, 0.7263889), (0.57361114, 0.7263889), (0.57361114, 0.7486111), (0.55138886, 0.7486111), (0.5763889, 0.7263889), (0.5986111, 0.7263889), (0.5986111, 0.7486111), (0.5763889, 0.7486111), (0.6013889, 0.7263889), (0.6236111, 0.7263889), (0.6236111, 0.7486111), (0.6013889, 0.7486111), (0.6263889, 0.7263889), (0.6486111, 0.7263889), (0.6486111, 0.7486111), (0.6263889, 0.7486111), (0.6513889, 0.7263889), (0.6736111, 0.7263889), (0.6736111, 0.7486111), (0.6513889, 0.7486111), (0.67638886, 0.7263889), (0.69861114, 0.7263889), (0.69861114, 0.7486111), (0.67638886, 0.7486111), (0.7013889, 0.7263889), (0.7236111, 0.7263889), (0.7236111, 0.7486111), (0.7013889, 0.7486111), (0.7263889, 0.7263889), (0.7486111, 0.7263889), (0.7486111, 0.7486111), (0.7263889, 0.7486111), (0.7513889, 0.7263889), (0.7736111, 0.7263889), (0.7736111, 0.7486111), (0.7513889, 0.7486111), (0.7763889, 0.7263889), (0.7986111, 0.7263889), (0.7986111, 0.7486111), (0.7763889, 0.7486111), (0.80138886, 0.7263889), (0.82361114, 0.7263889), (0.82361114, 0.7486111), (0.80138886, 0.7486111), (0.8263889, 0.7263889), (0.8486111, 0.7263889), (0.8486111, 0.7486111), (0.8263889, 0.7486111), (0.8513889, 0.7263889), (0.8736111, 0.7263889), (0.8736111, 0.7486111), (0.8513889, 0.7486111), (0.8763889, 0.7263889), (0.8986111, 0.7263889), (0.8986111, 0.7486111), (0.8763889, 0.7486111), (0.9013889, 0.7263889), (0.9236111, 0.7263889), (0.9236111, 0.7486111), (0.9013889, 0.7486111), (0.92638886, 0.7263889), (0.94861114, 0.7263889), (0.94861114, 0.7486111), (0.92638886, 0.7486111), (0.9513889, 0.7263889), (0.9736111, 0.7263889), (0.9736111, 0.7486111), (0.9513889, 0.7486111), (0.9763889, 0.7263889), (0.9986111, 0.7263889), (0.9986111, 0.7486111), (0.9763889, 0.7486111), (0.0013888889, 0.7513889), (0.023611112, 0.7513889), (0.023611112, 0.7736111), (0.0013888889, 0.7736111), (0.02638889, 0.7513889), (0.048611112, 0.7513889), (0.048611112, 0.7736111), (0.02638889, 0.7736111), (0.05138889, 0.7513889), (0.07361111, 0.7513889), (0.07361111, 0.7736111), (0.05138889, 0.7736111), (0.07638889, 0.7513889), (0.09861111, 0.7513889), (0.09861111, 0.7736111), (0.07638889, 0.7736111), (0.10138889, 0.7513889), (0.12361111, 0.7513889), (0.12361111, 0.7736111), (0.10138889, 0.7736111), (0.12638889, 0.7513889), (0.14861111, 0.7513889), (0.14861111, 0.7736111), (0.12638889, 0.7736111), (0.15138888, 0.7513889), (0.1736111, 0.7513889), (0.1736111, 0.7736111), (0.15138888, 0.7736111), (0.17638889, 0.7513889), (0.19861111, 0.7513889), (0.19861111, 0.7736111), (0.17638889, 0.7736111), (0.2013889, 0.7513889), (0.22361112, 0.7513889), (0.22361112, 0.7736111), (0.2013889, 0.7736111), (0.22638889, 0.7513889), (0.24861111, 0.7513889), (0.24861111, 0.7736111), (0.22638889, 0.7736111), (0.25138888, 0.7513889), (0.2736111, 0.7513889), (0.2736111, 0.7736111), (0.25138888, 0.7736111), (0.27638888, 0.7513889), (0.2986111, 0.7513889), (0.2986111, 0.7736111), (0.27638888, 0.7736111), (0.3013889, 0.7513889), (0.3236111, 0.7513889), (0.3236111, 0.7736111), (0.3013889, 0.7736111), (0.3263889, 0.7513889), (0.34861112, 0.7513889), (0.34861112, 0.7736111), (0.3263889, 0.7736111), (0.3513889, 0.7513889), (0.37361112, 0.7513889), (0.37361112, 0.7736111), (0.3513889, 0.7736111), (0.37638888, 0.7513889), (0.3986111, 0.7513889), (0.3986111, 0.7736111), (0.37638888, 0.7736111), (0.40138888, 0.7513889), (0.4236111, 0.7513889), (0.4236111, 0.7736111), (0.40138888, 0.7736111), (0.4263889, 0.7513889), (0.4486111, 0.7513889), (0.4486111, 0.7736111), (0.4263889, 0.7736111), (0.4513889, 0.7513889), (0.47361112, 0.7513889), (0.47361112, 0.7736111), (0.4513889, 0.7736111), (0.4763889, 0.7513889), (0.49861112, 0.7513889), (0.49861112, 0.7736111), (0.4763889, 0.7736111), (0.5013889, 0.7513889), (0.5236111, 0.7513889), (0.5236111, 0.7736111), (0.5013889, 0.7736111), (0.5263889, 0.7513889), (0.5486111, 0.7513889), (0.5486111, 0.7736111), (0.5263889, 0.7736111), (0.55138886, 0.7513889), (0.57361114, 0.7513889), (0.57361114, 0.7736111), (0.55138886, 0.7736111), (0.5763889, 0.7513889), (0.5986111, 0.7513889), (0.5986111, 0.7736111), (0.5763889, 0.7736111), (0.6013889, 0.7513889), (0.6236111, 0.7513889), (0.6236111, 0.7736111), (0.6013889, 0.7736111), (0.6263889, 0.7513889), (0.6486111, 0.7513889), (0.6486111, 0.7736111), (0.6263889, 0.7736111), (0.6513889, 0.7513889), (0.6736111, 0.7513889), (0.6736111, 0.7736111), (0.6513889, 0.7736111), (0.67638886, 0.7513889), (0.69861114, 0.7513889), (0.69861114, 0.7736111), (0.67638886, 0.7736111), (0.7013889, 0.7513889), (0.7236111, 0.7513889), (0.7236111, 0.7736111), (0.7013889, 0.7736111), (0.7263889, 0.7513889), (0.7486111, 0.7513889), (0.7486111, 0.7736111), (0.7263889, 0.7736111), (0.7513889, 0.7513889), (0.7736111, 0.7513889), (0.7736111, 0.7736111), (0.7513889, 0.7736111), (0.7763889, 0.7513889), (0.7986111, 0.7513889), (0.7986111, 0.7736111), (0.7763889, 0.7736111), (0.80138886, 0.7513889), (0.82361114, 0.7513889), (0.82361114, 0.7736111), (0.80138886, 0.7736111), (0.8263889, 0.7513889), (0.8486111, 0.7513889), (0.8486111, 0.7736111), (0.8263889, 0.7736111), (0.8513889, 0.7513889), (0.8736111, 0.7513889), (0.8736111, 0.7736111), (0.8513889, 0.7736111), (0.8763889, 0.7513889), (0.8986111, 0.7513889), (0.8986111, 0.7736111), (0.8763889, 0.7736111), (0.9013889, 0.7513889), (0.9236111, 0.7513889), (0.9236111, 0.7736111), (0.9013889, 0.7736111), (0.92638886, 0.7513889), (0.94861114, 0.7513889), (0.94861114, 0.7736111), (0.92638886, 0.7736111), (0.9513889, 0.7513889), (0.9736111, 0.7513889), (0.9736111, 0.7736111), (0.9513889, 0.7736111), (0.9763889, 0.7513889), (0.9986111, 0.7513889), (0.9986111, 0.7736111), (0.9763889, 0.7736111), (0.0013888889, 0.7763889), (0.023611112, 0.7763889), (0.023611112, 0.7986111), (0.0013888889, 0.7986111), (0.02638889, 0.7763889), (0.048611112, 0.7763889), (0.048611112, 0.7986111), (0.02638889, 0.7986111), (0.05138889, 0.7763889), (0.07361111, 0.7763889), (0.07361111, 0.7986111), (0.05138889, 0.7986111), (0.07638889, 0.7763889), (0.09861111, 0.7763889), (0.09861111, 0.7986111), (0.07638889, 0.7986111), (0.10138889, 0.7763889), (0.12361111, 0.7763889), (0.12361111, 0.7986111), (0.10138889, 0.7986111), (0.12638889, 0.7763889), (0.14861111, 0.7763889), (0.14861111, 0.7986111), (0.12638889, 0.7986111), (0.15138888, 0.7763889), (0.1736111, 0.7763889), (0.1736111, 0.7986111), (0.15138888, 0.7986111), (0.17638889, 0.7763889), (0.19861111, 0.7763889), (0.19861111, 0.7986111), (0.17638889, 0.7986111), (0.2013889, 0.7763889), (0.22361112, 0.7763889), (0.22361112, 0.7986111), (0.2013889, 0.7986111), (0.22638889, 0.7763889), (0.24861111, 0.7763889), (0.24861111, 0.7986111), (0.22638889, 0.7986111), (0.25138888, 0.7763889), (0.2736111, 0.7763889), (0.2736111, 0.7986111), (0.25138888, 0.7986111), (0.27638888, 0.7763889), (0.2986111, 0.7763889), (0.2986111, 0.7986111), (0.27638888, 0.7986111), (0.3013889, 0.7763889), (0.3236111, 0.7763889), (0.3236111, 0.7986111), (0.3013889, 0.7986111), (0.3263889, 0.7763889), (0.34861112, 0.7763889), (0.34861112, 0.7986111), (0.3263889, 0.7986111), (0.3513889, 0.7763889), (0.37361112, 0.7763889), (0.37361112, 0.7986111), (0.3513889, 0.7986111), (0.37638888, 0.7763889), (0.3986111, 0.7763889), (0.3986111, 0.7986111), (0.37638888, 0.7986111), (0.40138888, 0.7763889), (0.4236111, 0.7763889), (0.4236111, 0.7986111), (0.40138888, 0.7986111), (0.4263889, 0.7763889), (0.4486111, 0.7763889), (0.4486111, 0.7986111), (0.4263889, 0.7986111), (0.4513889, 0.7763889), (0.47361112, 0.7763889), (0.47361112, 0.7986111), (0.4513889, 0.7986111), (0.4763889, 0.7763889), (0.49861112, 0.7763889), (0.49861112, 0.7986111), (0.4763889, 0.7986111), (0.5013889, 0.7763889), (0.5236111, 0.7763889), (0.5236111, 0.7986111), (0.5013889, 0.7986111), (0.5263889, 0.7763889), (0.5486111, 0.7763889), (0.5486111, 0.7986111), (0.5263889, 0.7986111), (0.55138886, 0.7763889), (0.57361114, 0.7763889), (0.57361114, 0.7986111), (0.55138886, 0.7986111), (0.5763889, 0.7763889), (0.5986111, 0.7763889), (0.5986111, 0.7986111), (0.5763889, 0.7986111), (0.6013889, 0.7763889), (0.6236111, 0.7763889), (0.6236111, 0.7986111), (0.6013889, 0.7986111), (0.6263889, 0.7763889), (0.6486111, 0.7763889), (0.6486111, 0.7986111), (0.6263889, 0.7986111), (0.6513889, 0.7763889), (0.6736111, 0.7763889), (0.6736111, 0.7986111), (0.6513889, 0.7986111), (0.67638886, 0.7763889), (0.69861114, 0.7763889), (0.69861114, 0.7986111), (0.67638886, 0.7986111), (0.7013889, 0.7763889), (0.7236111, 0.7763889), (0.7236111, 0.7986111), (0.7013889, 0.7986111), (0.7263889, 0.7763889), (0.7486111, 0.7763889), (0.7486111, 0.7986111), (0.7263889, 0.7986111), (0.7513889, 0.7763889), (0.7736111, 0.7763889), (0.7736111, 0.7986111), (0.7513889, 0.7986111), (0.7763889, 0.7763889), (0.7986111, 0.7763889), (0.7986111, 0.7986111), (0.7763889, 0.7986111), (0.80138886, 0.7763889), (0.82361114, 0.7763889), (0.82361114, 0.7986111), (0.80138886, 0.7986111), (0.8263889, 0.7763889), (0.8486111, 0.7763889), (0.8486111, 0.7986111), (0.8263889, 0.7986111), (0.8513889, 0.7763889), (0.8736111, 0.7763889), (0.8736111, 0.7986111), (0.8513889, 0.7986111), (0.8763889, 0.7763889), (0.8986111, 0.7763889), (0.8986111, 0.7986111), (0.8763889, 0.7986111), (0.9013889, 0.7763889), (0.9236111, 0.7763889), (0.9236111, 0.7986111), (0.9013889, 0.7986111), (0.92638886, 0.7763889), (0.94861114, 0.7763889), (0.94861114, 0.7986111), (0.92638886, 0.7986111), (0.9513889, 0.7763889), (0.9736111, 0.7763889), (0.9736111, 0.7986111), (0.9513889, 0.7986111), (0.9763889, 0.7763889), (0.9986111, 0.7763889), (0.9986111, 0.7986111), (0.9763889, 0.7986111), (0.0013888889, 0.80138886), (0.023611112, 0.80138886), (0.023611112, 0.82361114), (0.0013888889, 0.82361114), (0.02638889, 0.80138886), (0.048611112, 0.80138886), (0.048611112, 0.82361114), (0.02638889, 0.82361114), (0.05138889, 0.80138886), (0.07361111, 0.80138886), (0.07361111, 0.82361114), (0.05138889, 0.82361114), (0.07638889, 0.80138886), (0.09861111, 0.80138886), (0.09861111, 0.82361114), (0.07638889, 0.82361114), (0.10138889, 0.80138886), (0.12361111, 0.80138886), (0.12361111, 0.82361114), (0.10138889, 0.82361114), (0.12638889, 0.80138886), (0.14861111, 0.80138886), (0.14861111, 0.82361114), (0.12638889, 0.82361114), (0.15138888, 0.80138886), (0.1736111, 0.80138886), (0.1736111, 0.82361114), (0.15138888, 0.82361114), (0.17638889, 0.80138886), (0.19861111, 0.80138886), (0.19861111, 0.82361114), (0.17638889, 0.82361114), (0.2013889, 0.80138886), (0.22361112, 0.80138886), (0.22361112, 0.82361114), (0.2013889, 0.82361114), (0.22638889, 0.80138886), (0.24861111, 0.80138886), (0.24861111, 0.82361114), (0.22638889, 0.82361114), (0.25138888, 0.80138886), (0.2736111, 0.80138886), (0.2736111, 0.82361114), (0.25138888, 0.82361114), (0.27638888, 0.80138886), (0.2986111, 0.80138886), (0.2986111, 0.82361114), (0.27638888, 0.82361114), (0.3013889, 0.80138886), (0.3236111, 0.80138886), (0.3236111, 0.82361114), (0.3013889, 0.82361114), (0.3263889, 0.80138886), (0.34861112, 0.80138886), (0.34861112, 0.82361114), (0.3263889, 0.82361114), (0.3513889, 0.80138886), (0.37361112, 0.80138886), (0.37361112, 0.82361114), (0.3513889, 0.82361114), (0.37638888, 0.80138886), (0.3986111, 0.80138886), (0.3986111, 0.82361114), (0.37638888, 0.82361114), (0.40138888, 0.80138886), (0.4236111, 0.80138886), (0.4236111, 0.82361114), (0.40138888, 0.82361114), (0.4263889, 0.80138886), (0.4486111, 0.80138886), (0.4486111, 0.82361114), (0.4263889, 0.82361114), (0.4513889, 0.80138886), (0.47361112, 0.80138886), (0.47361112, 0.82361114), (0.4513889, 0.82361114), (0.4763889, 0.80138886), (0.49861112, 0.80138886), (0.49861112, 0.82361114), (0.4763889, 0.82361114), (0.5013889, 0.80138886), (0.5236111, 0.80138886), (0.5236111, 0.82361114), (0.5013889, 0.82361114), (0.5263889, 0.80138886), (0.5486111, 0.80138886), (0.5486111, 0.82361114), (0.5263889, 0.82361114), (0.55138886, 0.80138886), (0.57361114, 0.80138886), (0.57361114, 0.82361114), (0.55138886, 0.82361114), (0.5763889, 0.80138886), (0.5986111, 0.80138886), (0.5986111, 0.82361114), (0.5763889, 0.82361114), (0.6013889, 0.80138886), (0.6236111, 0.80138886), (0.6236111, 0.82361114), (0.6013889, 0.82361114), (0.6263889, 0.80138886), (0.6486111, 0.80138886), (0.6486111, 0.82361114), (0.6263889, 0.82361114), (0.6513889, 0.80138886), (0.6736111, 0.80138886), (0.6736111, 0.82361114), (0.6513889, 0.82361114), (0.67638886, 0.80138886), (0.69861114, 0.80138886), (0.69861114, 0.82361114), (0.67638886, 0.82361114), (0.7013889, 0.80138886), (0.7236111, 0.80138886), (0.7236111, 0.82361114), (0.7013889, 0.82361114), (0.7263889, 0.80138886), (0.7486111, 0.80138886), (0.7486111, 0.82361114), (0.7263889, 0.82361114), (0.7513889, 0.80138886), (0.7736111, 0.80138886), (0.7736111, 0.82361114), (0.7513889, 0.82361114), (0.7763889, 0.80138886), (0.7986111, 0.80138886), (0.7986111, 0.82361114), (0.7763889, 0.82361114), (0.80138886, 0.80138886), (0.82361114, 0.80138886), (0.82361114, 0.82361114), (0.80138886, 0.82361114), (0.8263889, 0.80138886), (0.8486111, 0.80138886), (0.8486111, 0.82361114), (0.8263889, 0.82361114), (0.8513889, 0.80138886), (0.8736111, 0.80138886), (0.8736111, 0.82361114), (0.8513889, 0.82361114), (0.8763889, 0.80138886), (0.8986111, 0.80138886), (0.8986111, 0.82361114), (0.8763889, 0.82361114), (0.9013889, 0.80138886), (0.9236111, 0.80138886), (0.9236111, 0.82361114), (0.9013889, 0.82361114), (0.92638886, 0.80138886), (0.94861114, 0.80138886), (0.94861114, 0.82361114), (0.92638886, 0.82361114), (0.9513889, 0.80138886), (0.9736111, 0.80138886), (0.9736111, 0.82361114), (0.9513889, 0.82361114), (0.9763889, 0.80138886), (0.9986111, 0.80138886), (0.9986111, 0.82361114), (0.9763889, 0.82361114), (0.0013888889, 0.8263889), (0.023611112, 0.8263889), (0.023611112, 0.8486111), (0.0013888889, 0.8486111), (0.02638889, 0.8263889), (0.048611112, 0.8263889), (0.048611112, 0.8486111), (0.02638889, 0.8486111), (0.05138889, 0.8263889), (0.07361111, 0.8263889), (0.07361111, 0.8486111), (0.05138889, 0.8486111), (0.07638889, 0.8263889), (0.09861111, 0.8263889), (0.09861111, 0.8486111), (0.07638889, 0.8486111), (0.10138889, 0.8263889), (0.12361111, 0.8263889), (0.12361111, 0.8486111), (0.10138889, 0.8486111), (0.12638889, 0.8263889), (0.14861111, 0.8263889), (0.14861111, 0.8486111), (0.12638889, 0.8486111), (0.15138888, 0.8263889), (0.1736111, 0.8263889), (0.1736111, 0.8486111), (0.15138888, 0.8486111), (0.17638889, 0.8263889), (0.19861111, 0.8263889), (0.19861111, 0.8486111), (0.17638889, 0.8486111), (0.2013889, 0.8263889), (0.22361112, 0.8263889), (0.22361112, 0.8486111), (0.2013889, 0.8486111), (0.22638889, 0.8263889), (0.24861111, 0.8263889), (0.24861111, 0.8486111), (0.22638889, 0.8486111), (0.25138888, 0.8263889), (0.2736111, 0.8263889), (0.2736111, 0.8486111), (0.25138888, 0.8486111), (0.27638888, 0.8263889), (0.2986111, 0.8263889), (0.2986111, 0.8486111), (0.27638888, 0.8486111), (0.3013889, 0.8263889), (0.3236111, 0.8263889), (0.3236111, 0.8486111), (0.3013889, 0.8486111), (0.3263889, 0.8263889), (0.34861112, 0.8263889), (0.34861112, 0.8486111), (0.3263889, 0.8486111), (0.3513889, 0.8263889), (0.37361112, 0.8263889), (0.37361112, 0.8486111), (0.3513889, 0.8486111), (0.37638888, 0.8263889), (0.3986111, 0.8263889), (0.3986111, 0.8486111), (0.37638888, 0.8486111), (0.40138888, 0.8263889), (0.4236111, 0.8263889), (0.4236111, 0.8486111), (0.40138888, 0.8486111), (0.4263889, 0.8263889), (0.4486111, 0.8263889), (0.4486111, 0.8486111), (0.4263889, 0.8486111), (0.4513889, 0.8263889), (0.47361112, 0.8263889), (0.47361112, 0.8486111), (0.4513889, 0.8486111), (0.4763889, 0.8263889), (0.49861112, 0.8263889), (0.49861112, 0.8486111), (0.4763889, 0.8486111), (0.5013889, 0.8263889), (0.5236111, 0.8263889), (0.5236111, 0.8486111), (0.5013889, 0.8486111), (0.5263889, 0.8263889), (0.5486111, 0.8263889), (0.5486111, 0.8486111), (0.5263889, 0.8486111), (0.55138886, 0.8263889), (0.57361114, 0.8263889), (0.57361114, 0.8486111), (0.55138886, 0.8486111), (0.5763889, 0.8263889), (0.5986111, 0.8263889), (0.5986111, 0.8486111), (0.5763889, 0.8486111), (0.6013889, 0.8263889), (0.6236111, 0.8263889), (0.6236111, 0.8486111), (0.6013889, 0.8486111), (0.6263889, 0.8263889), (0.6486111, 0.8263889), (0.6486111, 0.8486111), (0.6263889, 0.8486111), (0.6513889, 0.8263889), (0.6736111, 0.8263889), (0.6736111, 0.8486111), (0.6513889, 0.8486111), (0.67638886, 0.8263889), (0.69861114, 0.8263889), (0.69861114, 0.8486111), (0.67638886, 0.8486111), (0.7013889, 0.8263889), (0.7236111, 0.8263889), (0.7236111, 0.8486111), (0.7013889, 0.8486111), (0.7263889, 0.8263889), (0.7486111, 0.8263889), (0.7486111, 0.8486111), (0.7263889, 0.8486111), (0.7513889, 0.8263889), (0.7736111, 0.8263889), (0.7736111, 0.8486111), (0.7513889, 0.8486111), (0.7763889, 0.8263889), (0.7986111, 0.8263889), (0.7986111, 0.8486111), (0.7763889, 0.8486111), (0.80138886, 0.8263889), (0.82361114, 0.8263889), (0.82361114, 0.8486111), (0.80138886, 0.8486111), (0.8263889, 0.8263889), (0.8486111, 0.8263889), (0.8486111, 0.8486111), (0.8263889, 0.8486111), (0.8513889, 0.8263889), (0.8736111, 0.8263889), (0.8736111, 0.8486111), (0.8513889, 0.8486111), (0.8763889, 0.8263889), (0.8986111, 0.8263889), (0.8986111, 0.8486111), (0.8763889, 0.8486111), (0.9013889, 0.8263889), (0.9236111, 0.8263889), (0.9236111, 0.8486111), (0.9013889, 0.8486111), (0.92638886, 0.8263889), (0.94861114, 0.8263889), (0.94861114, 0.8486111), (0.92638886, 0.8486111), (0.9513889, 0.8263889), (0.9736111, 0.8263889), (0.9736111, 0.8486111), (0.9513889, 0.8486111), (0.9763889, 0.8263889), (0.9986111, 0.8263889), (0.9986111, 0.8486111), (0.9763889, 0.8486111), (0.0013888889, 0.8513889), (0.023611112, 0.8513889), (0.023611112, 0.8736111), (0.0013888889, 0.8736111), (0.02638889, 0.8513889), (0.048611112, 0.8513889), (0.048611112, 0.8736111), (0.02638889, 0.8736111), (0.05138889, 0.8513889), (0.07361111, 0.8513889), (0.07361111, 0.8736111), (0.05138889, 0.8736111), (0.07638889, 0.8513889), (0.09861111, 0.8513889), (0.09861111, 0.8736111), (0.07638889, 0.8736111), (0.10138889, 0.8513889), (0.12361111, 0.8513889), (0.12361111, 0.8736111), (0.10138889, 0.8736111), (0.12638889, 0.8513889), (0.14861111, 0.8513889), (0.14861111, 0.8736111), (0.12638889, 0.8736111), (0.15138888, 0.8513889), (0.1736111, 0.8513889), (0.1736111, 0.8736111), (0.15138888, 0.8736111), (0.17638889, 0.8513889), (0.19861111, 0.8513889), (0.19861111, 0.8736111), (0.17638889, 0.8736111), (0.2013889, 0.8513889), (0.22361112, 0.8513889), (0.22361112, 0.8736111), (0.2013889, 0.8736111), (0.22638889, 0.8513889), (0.24861111, 0.8513889), (0.24861111, 0.8736111), (0.22638889, 0.8736111), (0.25138888, 0.8513889), (0.2736111, 0.8513889), (0.2736111, 0.8736111), (0.25138888, 0.8736111), (0.27638888, 0.8513889), (0.2986111, 0.8513889), (0.2986111, 0.8736111), (0.27638888, 0.8736111), (0.3013889, 0.8513889), (0.3236111, 0.8513889), (0.3236111, 0.8736111), (0.3013889, 0.8736111), (0.3263889, 0.8513889), (0.34861112, 0.8513889), (0.34861112, 0.8736111), (0.3263889, 0.8736111), (0.3513889, 0.8513889), (0.37361112, 0.8513889), (0.37361112, 0.8736111), (0.3513889, 0.8736111), (0.37638888, 0.8513889), (0.3986111, 0.8513889), (0.3986111, 0.8736111), (0.37638888, 0.8736111), (0.40138888, 0.8513889), (0.4236111, 0.8513889), (0.4236111, 0.8736111), (0.40138888, 0.8736111), (0.4263889, 0.8513889), (0.4486111, 0.8513889), (0.4486111, 0.8736111), (0.4263889, 0.8736111), (0.4513889, 0.8513889), (0.47361112, 0.8513889), (0.47361112, 0.8736111), (0.4513889, 0.8736111), (0.4763889, 0.8513889), (0.49861112, 0.8513889), (0.49861112, 0.8736111), (0.4763889, 0.8736111), (0.5013889, 0.8513889), (0.5236111, 0.8513889), (0.5236111, 0.8736111), (0.5013889, 0.8736111), (0.5263889, 0.8513889), (0.5486111, 0.8513889), (0.5486111, 0.8736111), (0.5263889, 0.8736111), (0.55138886, 0.8513889), (0.57361114, 0.8513889), (0.57361114, 0.8736111), (0.55138886, 0.8736111), (0.5763889, 0.8513889), (0.5986111, 0.8513889), (0.5986111, 0.8736111), (0.5763889, 0.8736111), (0.6013889, 0.8513889), (0.6236111, 0.8513889), (0.6236111, 0.8736111), (0.6013889, 0.8736111), (0.6263889, 0.8513889), (0.6486111, 0.8513889), (0.6486111, 0.8736111), (0.6263889, 0.8736111), (0.6513889, 0.8513889), (0.6736111, 0.8513889), (0.6736111, 0.8736111), (0.6513889, 0.8736111), (0.67638886, 0.8513889), (0.69861114, 0.8513889), (0.69861114, 0.8736111), (0.67638886, 0.8736111), (0.7013889, 0.8513889), (0.7236111, 0.8513889), (0.7236111, 0.8736111), (0.7013889, 0.8736111), (0.7263889, 0.8513889), (0.7486111, 0.8513889), (0.7486111, 0.8736111), (0.7263889, 0.8736111), (0.7513889, 0.8513889), (0.7736111, 0.8513889), (0.7736111, 0.8736111), (0.7513889, 0.8736111), (0.7763889, 0.8513889), (0.7986111, 0.8513889), (0.7986111, 0.8736111), (0.7763889, 0.8736111), (0.80138886, 0.8513889), (0.82361114, 0.8513889), (0.82361114, 0.8736111), (0.80138886, 0.8736111), (0.8263889, 0.8513889), (0.8486111, 0.8513889), (0.8486111, 0.8736111), (0.8263889, 0.8736111), (0.8513889, 0.8513889), (0.8736111, 0.8513889), (0.8736111, 0.8736111), (0.8513889, 0.8736111), (0.8763889, 0.8513889), (0.8986111, 0.8513889), (0.8986111, 0.8736111), (0.8763889, 0.8736111), (0.9013889, 0.8513889), (0.9236111, 0.8513889), (0.9236111, 0.8736111), (0.9013889, 0.8736111), (0.92638886, 0.8513889), (0.94861114, 0.8513889), (0.94861114, 0.8736111), (0.92638886, 0.8736111), (0.9513889, 0.8513889), (0.9736111, 0.8513889), (0.9736111, 0.8736111), (0.9513889, 0.8736111), (0.9763889, 0.8513889), (0.9986111, 0.8513889), (0.9986111, 0.8736111), (0.9763889, 0.8736111), (0.0013888889, 0.8763889), (0.023611112, 0.8763889), (0.023611112, 0.8986111), (0.0013888889, 0.8986111), (0.02638889, 0.8763889), (0.048611112, 0.8763889), (0.048611112, 0.8986111), (0.02638889, 0.8986111), (0.05138889, 0.8763889), (0.07361111, 0.8763889), (0.07361111, 0.8986111), (0.05138889, 0.8986111), (0.07638889, 0.8763889), (0.09861111, 0.8763889), (0.09861111, 0.8986111), (0.07638889, 0.8986111), (0.10138889, 0.8763889), (0.12361111, 0.8763889), (0.12361111, 0.8986111), (0.10138889, 0.8986111), (0.12638889, 0.8763889), (0.14861111, 0.8763889), (0.14861111, 0.8986111), (0.12638889, 0.8986111), (0.15138888, 0.8763889), (0.1736111, 0.8763889), (0.1736111, 0.8986111), (0.15138888, 0.8986111), (0.17638889, 0.8763889), (0.19861111, 0.8763889), (0.19861111, 0.8986111), (0.17638889, 0.8986111), (0.2013889, 0.8763889), (0.22361112, 0.8763889), (0.22361112, 0.8986111), (0.2013889, 0.8986111), (0.22638889, 0.8763889), (0.24861111, 0.8763889), (0.24861111, 0.8986111), (0.22638889, 0.8986111), (0.25138888, 0.8763889), (0.2736111, 0.8763889), (0.2736111, 0.8986111), (0.25138888, 0.8986111), (0.27638888, 0.8763889), (0.2986111, 0.8763889), (0.2986111, 0.8986111), (0.27638888, 0.8986111), (0.3013889, 0.8763889), (0.3236111, 0.8763889), (0.3236111, 0.8986111), (0.3013889, 0.8986111), (0.3263889, 0.8763889), (0.34861112, 0.8763889), (0.34861112, 0.8986111), (0.3263889, 0.8986111), (0.3513889, 0.8763889), (0.37361112, 0.8763889), (0.37361112, 0.8986111), (0.3513889, 0.8986111), (0.37638888, 0.8763889), (0.3986111, 0.8763889), (0.3986111, 0.8986111), (0.37638888, 0.8986111), (0.40138888, 0.8763889), (0.4236111, 0.8763889), (0.4236111, 0.8986111), (0.40138888, 0.8986111), (0.4263889, 0.8763889), (0.4486111, 0.8763889), (0.4486111, 0.8986111), (0.4263889, 0.8986111), (0.4513889, 0.8763889), (0.47361112, 0.8763889), (0.47361112, 0.8986111), (0.4513889, 0.8986111), (0.4763889, 0.8763889), (0.49861112, 0.8763889), (0.49861112, 0.8986111), (0.4763889, 0.8986111), (0.5013889, 0.8763889), (0.5236111, 0.8763889), (0.5236111, 0.8986111), (0.5013889, 0.8986111), (0.5263889, 0.8763889), (0.5486111, 0.8763889), (0.5486111, 0.8986111), (0.5263889, 0.8986111), (0.55138886, 0.8763889), (0.57361114, 0.8763889), (0.57361114, 0.8986111), (0.55138886, 0.8986111), (0.5763889, 0.8763889), (0.5986111, 0.8763889), (0.5986111, 0.8986111), (0.5763889, 0.8986111), (0.6013889, 0.8763889), (0.6236111, 0.8763889), (0.6236111, 0.8986111), (0.6013889, 0.8986111), (0.6263889, 0.8763889), (0.6486111, 0.8763889), (0.6486111, 0.8986111), (0.6263889, 0.8986111), (0.6513889, 0.8763889), (0.6736111, 0.8763889), (0.6736111, 0.8986111), (0.6513889, 0.8986111), (0.67638886, 0.8763889), (0.69861114, 0.8763889), (0.69861114, 0.8986111), (0.67638886, 0.8986111), (0.7013889, 0.8763889), (0.7236111, 0.8763889), (0.7236111, 0.8986111), (0.7013889, 0.8986111), (0.7263889, 0.8763889), (0.7486111, 0.8763889), (0.7486111, 0.8986111), (0.7263889, 0.8986111), (0.7513889, 0.8763889), (0.7736111, 0.8763889), (0.7736111, 0.8986111), (0.7513889, 0.8986111), (0.7763889, 0.8763889), (0.7986111, 0.8763889), (0.7986111, 0.8986111), (0.7763889, 0.8986111), (0.80138886, 0.8763889), (0.82361114, 0.8763889), (0.82361114, 0.8986111), (0.80138886, 0.8986111), (0.8263889, 0.8763889), (0.8486111, 0.8763889), (0.8486111, 0.8986111), (0.8263889, 0.8986111), (0.8513889, 0.8763889), (0.8736111, 0.8763889), (0.8736111, 0.8986111), (0.8513889, 0.8986111), (0.8763889, 0.8763889), (0.8986111, 0.8763889), (0.8986111, 0.8986111), (0.8763889, 0.8986111), (0.9013889, 0.8763889), (0.9236111, 0.8763889), (0.9236111, 0.8986111), (0.9013889, 0.8986111), (0.92638886, 0.8763889), (0.94861114, 0.8763889), (0.94861114, 0.8986111), (0.92638886, 0.8986111), (0.9513889, 0.8763889), (0.9736111, 0.8763889), (0.9736111, 0.8986111), (0.9513889, 0.8986111), (0.9763889, 0.8763889), (0.9986111, 0.8763889), (0.9986111, 0.8986111), (0.9763889, 0.8986111), (0.0013888889, 0.9013889), (0.023611112, 0.9013889), (0.023611112, 0.9236111), (0.0013888889, 0.9236111), (0.02638889, 0.9013889), (0.048611112, 0.9013889), (0.048611112, 0.9236111), (0.02638889, 0.9236111), (0.05138889, 0.9013889), (0.07361111, 0.9013889), (0.07361111, 0.9236111), (0.05138889, 0.9236111), (0.07638889, 0.9013889), (0.09861111, 0.9013889), (0.09861111, 0.9236111), (0.07638889, 0.9236111), (0.10138889, 0.9013889), (0.12361111, 0.9013889), (0.12361111, 0.9236111), (0.10138889, 0.9236111), (0.12638889, 0.9013889), (0.14861111, 0.9013889), (0.14861111, 0.9236111), (0.12638889, 0.9236111), (0.15138888, 0.9013889), (0.1736111, 0.9013889), (0.1736111, 0.9236111), (0.15138888, 0.9236111), (0.17638889, 0.9013889), (0.19861111, 0.9013889), (0.19861111, 0.9236111), (0.17638889, 0.9236111), (0.2013889, 0.9013889), (0.22361112, 0.9013889), (0.22361112, 0.9236111), (0.2013889, 0.9236111), (0.22638889, 0.9013889), (0.24861111, 0.9013889), (0.24861111, 0.9236111), (0.22638889, 0.9236111), (0.25138888, 0.9013889), (0.2736111, 0.9013889), (0.2736111, 0.9236111), (0.25138888, 0.9236111), (0.27638888, 0.9013889), (0.2986111, 0.9013889), (0.2986111, 0.9236111), (0.27638888, 0.9236111), (0.3013889, 0.9013889), (0.3236111, 0.9013889), (0.3236111, 0.9236111), (0.3013889, 0.9236111), (0.3263889, 0.9013889), (0.34861112, 0.9013889), (0.34861112, 0.9236111), (0.3263889, 0.9236111), (0.3513889, 0.9013889), (0.37361112, 0.9013889), (0.37361112, 0.9236111), (0.3513889, 0.9236111), (0.37638888, 0.9013889), (0.3986111, 0.9013889), (0.3986111, 0.9236111), (0.37638888, 0.9236111), (0.40138888, 0.9013889), (0.4236111, 0.9013889), (0.4236111, 0.9236111), (0.40138888, 0.9236111), (0.4263889, 0.9013889), (0.4486111, 0.9013889), (0.4486111, 0.9236111), (0.4263889, 0.9236111), (0.4513889, 0.9013889), (0.47361112, 0.9013889), (0.47361112, 0.9236111), (0.4513889, 0.9236111), (0.4763889, 0.9013889), (0.49861112, 0.9013889), (0.49861112, 0.9236111), (0.4763889, 0.9236111), (0.5013889, 0.9013889), (0.5236111, 0.9013889), (0.5236111, 0.9236111), (0.5013889, 0.9236111), (0.5263889, 0.9013889), (0.5486111, 0.9013889), (0.5486111, 0.9236111), (0.5263889, 0.9236111), (0.55138886, 0.9013889), (0.57361114, 0.9013889), (0.57361114, 0.9236111), (0.55138886, 0.9236111), (0.5763889, 0.9013889), (0.5986111, 0.9013889), (0.5986111, 0.9236111), (0.5763889, 0.9236111), (0.6013889, 0.9013889), (0.6236111, 0.9013889), (0.6236111, 0.9236111), (0.6013889, 0.9236111), (0.6263889, 0.9013889), (0.6486111, 0.9013889), (0.6486111, 0.9236111), (0.6263889, 0.9236111), (0.6513889, 0.9013889), (0.6736111, 0.9013889), (0.6736111, 0.9236111), (0.6513889, 0.9236111), (0.67638886, 0.9013889), (0.69861114, 0.9013889), (0.69861114, 0.9236111), (0.67638886, 0.9236111), (0.7013889, 0.9013889), (0.7236111, 0.9013889), (0.7236111, 0.9236111), (0.7013889, 0.9236111), (0.7263889, 0.9013889), (0.7486111, 0.9013889), (0.7486111, 0.9236111), (0.7263889, 0.9236111), (0.7513889, 0.9013889), (0.7736111, 0.9013889), (0.7736111, 0.9236111), (0.7513889, 0.9236111), (0.7763889, 0.9013889), (0.7986111, 0.9013889), (0.7986111, 0.9236111), (0.7763889, 0.9236111), (0.80138886, 0.9013889), (0.82361114, 0.9013889), (0.82361114, 0.9236111), (0.80138886, 0.9236111), (0.8263889, 0.9013889), (0.8486111, 0.9013889), (0.8486111, 0.9236111), (0.8263889, 0.9236111), (0.8513889, 0.9013889), (0.8736111, 0.9013889), (0.8736111, 0.9236111), (0.8513889, 0.9236111), (0.8763889, 0.9013889), (0.8986111, 0.9013889), (0.8986111, 0.9236111), (0.8763889, 0.9236111), (0.9013889, 0.9013889), (0.9236111, 0.9013889), (0.9236111, 0.9236111), (0.9013889, 0.9236111), (0.92638886, 0.9013889), (0.94861114, 0.9013889), (0.94861114, 0.9236111), (0.92638886, 0.9236111), (0.9513889, 0.9013889), (0.9736111, 0.9013889), (0.9736111, 0.9236111), (0.9513889, 0.9236111), (0.9763889, 0.9013889), (0.9986111, 0.9013889), (0.9986111, 0.9236111), (0.9763889, 0.9236111), (0.0013888889, 0.92638886), (0.023611112, 0.92638886), (0.023611112, 0.94861114), (0.0013888889, 0.94861114), (0.02638889, 0.92638886), (0.048611112, 0.92638886), (0.048611112, 0.94861114), (0.02638889, 0.94861114), (0.05138889, 0.92638886), (0.07361111, 0.92638886), (0.07361111, 0.94861114), (0.05138889, 0.94861114), (0.07638889, 0.92638886), (0.09861111, 0.92638886), (0.09861111, 0.94861114), (0.07638889, 0.94861114), (0.10138889, 0.92638886), (0.12361111, 0.92638886), (0.12361111, 0.94861114), (0.10138889, 0.94861114), (0.12638889, 0.92638886), (0.14861111, 0.92638886), (0.14861111, 0.94861114), (0.12638889, 0.94861114), (0.15138888, 0.92638886), (0.1736111, 0.92638886), (0.1736111, 0.94861114), (0.15138888, 0.94861114), (0.17638889, 0.92638886), (0.19861111, 0.92638886), (0.19861111, 0.94861114), (0.17638889, 0.94861114), (0.2013889, 0.92638886), (0.22361112, 0.92638886), (0.22361112, 0.94861114), (0.2013889, 0.94861114), (0.22638889, 0.92638886), (0.24861111, 0.92638886), (0.24861111, 0.94861114), (0.22638889, 0.94861114), (0.25138888, 0.92638886), (0.2736111, 0.92638886), (0.2736111, 0.94861114), (0.25138888, 0.94861114), (0.27638888, 0.92638886), (0.2986111, 0.92638886), (0.2986111, 0.94861114), (0.27638888, 0.94861114), (0.3013889, 0.92638886), (0.3236111, 0.92638886), (0.3236111, 0.94861114), (0.3013889, 0.94861114), (0.3263889, 0.92638886), (0.34861112, 0.92638886), (0.34861112, 0.94861114), (0.3263889, 0.94861114), (0.3513889, 0.92638886), (0.37361112, 0.92638886), (0.37361112, 0.94861114), (0.3513889, 0.94861114), (0.37638888, 0.92638886), (0.3986111, 0.92638886), (0.3986111, 0.94861114), (0.37638888, 0.94861114), (0.40138888, 0.92638886), (0.4236111, 0.92638886), (0.4236111, 0.94861114), (0.40138888, 0.94861114), (0.4263889, 0.92638886), (0.4486111, 0.92638886), (0.4486111, 0.94861114), (0.4263889, 0.94861114), (0.4513889, 0.92638886), (0.47361112, 0.92638886), (0.47361112, 0.94861114), (0.4513889, 0.94861114), (0.4763889, 0.92638886), (0.49861112, 0.92638886), (0.49861112, 0.94861114), (0.4763889, 0.94861114), (0.5013889, 0.92638886), (0.5236111, 0.92638886), (0.5236111, 0.94861114), (0.5013889, 0.94861114), (0.5263889, 0.92638886), (0.5486111, 0.92638886), (0.5486111, 0.94861114), (0.5263889, 0.94861114), (0.55138886, 0.92638886), (0.57361114, 0.92638886), (0.57361114, 0.94861114), (0.55138886, 0.94861114), (0.5763889, 0.92638886), (0.5986111, 0.92638886), (0.5986111, 0.94861114), (0.5763889, 0.94861114), (0.6013889, 0.92638886), (0.6236111, 0.92638886), (0.6236111, 0.94861114), (0.6013889, 0.94861114), (0.6263889, 0.92638886), (0.6486111, 0.92638886), (0.6486111, 0.94861114), (0.6263889, 0.94861114), (0.6513889, 0.92638886), (0.6736111, 0.92638886), (0.6736111, 0.94861114), (0.6513889, 0.94861114), (0.67638886, 0.92638886), (0.69861114, 0.92638886), (0.69861114, 0.94861114), (0.67638886, 0.94861114), (0.7013889, 0.92638886), (0.7236111, 0.92638886), (0.7236111, 0.94861114), (0.7013889, 0.94861114), (0.7263889, 0.92638886), (0.7486111, 0.92638886), (0.7486111, 0.94861114), (0.7263889, 0.94861114), (0.7513889, 0.92638886), (0.7736111, 0.92638886), (0.7736111, 0.94861114), (0.7513889, 0.94861114), (0.7763889, 0.92638886), (0.7986111, 0.92638886), (0.7986111, 0.94861114), (0.7763889, 0.94861114), (0.80138886, 0.92638886), (0.82361114, 0.92638886), (0.82361114, 0.94861114), (0.80138886, 0.94861114), (0.8263889, 0.92638886), (0.8486111, 0.92638886), (0.8486111, 0.94861114), (0.8263889, 0.94861114), (0.8513889, 0.92638886), (0.8736111, 0.92638886), (0.8736111, 0.94861114), (0.8513889, 0.94861114), (0.8763889, 0.92638886), (0.8986111, 0.92638886), (0.8986111, 0.94861114), (0.8763889, 0.94861114), (0.9013889, 0.92638886), (0.9236111, 0.92638886), (0.9236111, 0.94861114), (0.9013889, 0.94861114), (0.92638886, 0.92638886), (0.94861114, 0.92638886), (0.94861114, 0.94861114), (0.92638886, 0.94861114), (0.9513889, 0.92638886), (0.9736111, 0.92638886), (0.9736111, 0.94861114), (0.9513889, 0.94861114), (0.9763889, 0.92638886), (0.9986111, 0.92638886), (0.9986111, 0.94861114), (0.9763889, 0.94861114), (0.0013888889, 0.9513889), (0.023611112, 0.9513889), (0.023611112, 0.9736111), (0.0013888889, 0.9736111), (0.02638889, 0.9513889), (0.048611112, 0.9513889), (0.048611112, 0.9736111), (0.02638889, 0.9736111), (0.05138889, 0.9513889), (0.07361111, 0.9513889), (0.07361111, 0.9736111), (0.05138889, 0.9736111), (0.07638889, 0.9513889), (0.09861111, 0.9513889), (0.09861111, 0.9736111), (0.07638889, 0.9736111), (0.10138889, 0.9513889), (0.12361111, 0.9513889), (0.12361111, 0.9736111), (0.10138889, 0.9736111), (0.12638889, 0.9513889), (0.14861111, 0.9513889), (0.14861111, 0.9736111), (0.12638889, 0.9736111), (0.15138888, 0.9513889), (0.1736111, 0.9513889), (0.1736111, 0.9736111), (0.15138888, 0.9736111), (0.17638889, 0.9513889), (0.19861111, 0.9513889), (0.19861111, 0.9736111), (0.17638889, 0.9736111), (0.2013889, 0.9513889), (0.22361112, 0.9513889), (0.22361112, 0.9736111), (0.2013889, 0.9736111), (0.22638889, 0.9513889), (0.24861111, 0.9513889), (0.24861111, 0.9736111), (0.22638889, 0.9736111), (0.25138888, 0.9513889), (0.2736111, 0.9513889), (0.2736111, 0.9736111), (0.25138888, 0.9736111), (0.27638888, 0.9513889), (0.2986111, 0.9513889), (0.2986111, 0.9736111), (0.27638888, 0.9736111), (0.3013889, 0.9513889), (0.3236111, 0.9513889), (0.3236111, 0.9736111), (0.3013889, 0.9736111), (0.3263889, 0.9513889), (0.34861112, 0.9513889), (0.34861112, 0.9736111), (0.3263889, 0.9736111), (0.3513889, 0.9513889), (0.37361112, 0.9513889), (0.37361112, 0.9736111), (0.3513889, 0.9736111), (0.37638888, 0.9513889), (0.3986111, 0.9513889), (0.3986111, 0.9736111), (0.37638888, 0.9736111)] (
            interpolation = "faceVarying"
        )
        uniform token subdivisionScheme = "catmullClark"
        token triangleSubdivisionRule = "catmullClark"
    }

    def Mesh "Emitter" (
        prepend apiSchemas = ["UsdGenRestAPI"]
    )
    {
        int[] cornerIndices = []
        float[] cornerSharpnesses = []
        int[] creaseIndices = []
        int[] creaseLengths = []
        float[] creaseSharpnesses = []
        token faceVaryingLinearInterpolation = "all"
        int[] faceVertexCounts = [4, 4, 4, 4, 4, 4, 4, 4, 4, 4, 4, 4, 4, 4, 4, 4, 4, 4, 4, 4, 4, 4, 4, 4, 4, 4, 4, 4, 4, 4, 4, 4, 4, 4, 4, 4, 4, 4, 4, 4, 4, 4, 4, 4, 4, 4, 4, 4, 4, 4, 4, 4, 4, 4, 4, 4, 4, 4, 4, 4, 4, 4, 4, 4, 4, 4, 4, 4, 4, 4, 4, 4, 4, 4, 4, 4, 4, 4, 4, 4, 4, 4, 4, 4, 4, 4, 4, 4, 4, 4, 4, 4, 4, 4, 4, 4, 4, 4, 4, 4, 4, 4, 4, 4, 4, 4, 4, 4, 4, 4, 4, 4, 4, 4, 4, 4, 4, 4, 4, 4, 4, 4, 4, 4, 4, 4, 4, 4, 4, 4, 4, 4, 4, 4, 4, 4, 4, 4, 4, 4, 4, 4, 4, 4, 4, 4, 4, 4, 4, 4, 4, 4, 4, 4, 4, 4, 4, 4, 4, 4, 4, 4, 4, 4, 4, 4, 4, 4, 4, 4, 4, 4, 4, 4, 4, 4, 4, 4, 4, 4, 4, 4, 4, 4, 4, 4, 4, 4, 4, 4, 4, 4, 4, 4, 4, 4, 4, 4, 4, 4, 4, 4, 4, 4, 4, 4, 4, 4, 4, 4, 4, 4, 4, 4, 4, 4, 4, 4, 4, 4, 4, 4, 4, 4, 4, 4, 4, 4, 4, 4, 4, 4, 4, 4, 4, 4, 4, 4, 4, 4, 4, 4, 4, 4, 4, 4, 4, 4, 4, 4, 4, 4, 4, 4, 4, 4, 4, 4, 4, 4, 4, 4, 4, 4, 4, 4, 4, 4, 4, 4, 4, 4, 4, 4, 4, 4, 4, 4, 4, 4, 4, 4, 4, 4, 4, 4, 4, 4, 4, 4, 4, 4, 4, 4, 4, 4, 4, 4, 4, 4, 4, 4, 4, 4, 4, 4, 4, 4, 4, 4, 4, 4, 4, 4, 4, 4, 4, 4, 4, 4, 4, 4, 4, 4, 4, 4, 4, 4, 4, 4, 4, 4, 4, 4, 4, 4, 4, 4, 4, 4, 4, 4, 4, 4, 4, 4, 4, 4, 4, 4, 4, 4, 4, 4, 4, 4, 4, 4, 4, 4, 4, 4, 4, 4, 4, 4, 4, 4, 4, 4, 4, 4, 4, 4, 4, 4, 4, 4, 4, 4, 4, 4, 4, 4, 4, 4, 4, 4, 4, 4, 4, 4, 4, 4, 4, 4, 4, 4, 4, 4, 4, 4, 4, 4, 4, 4, 4, 4, 4, 4, 4, 4, 4, 4, 4, 4, 4, 4, 4, 4, 4, 4, 4, 4, 4, 4, 4, 4, 4, 4, 4, 4, 4, 4, 4, 4, 4, 4, 4, 4, 4, 4, 4, 4, 4, 4, 4, 4, 4, 4, 4, 4, 4, 4, 4, 4, 4, 4, 4, 4, 4, 4, 4, 4, 4, 4, 4, 4, 4, 4, 4, 4, 4, 4, 4, 4, 4, 4, 4, 4, 4, 4, 4, 4, 4, 4, 4, 4, 4, 4, 4, 4, 4, 4, 4, 4, 4, 4, 4, 4, 4, 4, 4, 4, 4, 4, 4, 4, 4, 4, 4, 4, 4, 4, 4, 4, 4, 4, 4, 4, 4, 4, 4, 4, 4, 4, 4, 4, 4, 4, 4, 4, 4, 4, 4, 4, 4, 4, 4, 4, 4, 4, 4, 4, 4, 4, 4, 4, 4, 4, 4, 4, 4, 4, 4, 4, 4, 4, 4, 4, 4, 4, 4, 4, 4, 4, 4, 4, 4, 4, 4, 4, 4, 4, 4, 4, 4, 4, 4, 4, 4, 4, 4, 4, 4, 4, 4, 4, 4, 4, 4, 4, 4, 4, 4, 4, 4, 4, 4, 4, 4, 4, 4, 4, 4, 4, 4, 4, 4, 4, 4, 4, 4, 4, 4, 4, 4, 4, 4, 4, 4, 4, 4, 4, 4, 4, 4, 4, 4, 4, 4, 4, 4, 4, 4, 4, 4, 4, 4, 4, 4, 4, 4, 4, 4, 4, 4, 4, 4, 4, 4, 4, 4, 4, 4, 4, 4, 4, 4, 4, 4, 4, 4, 4, 4, 4, 4, 4, 4, 4, 4, 4, 4, 4, 4, 4, 4, 4, 4, 4, 4, 4, 4, 4, 4, 4, 4, 4, 4, 4, 4, 4, 4, 4, 4, 4, 4, 4, 4, 4, 4, 4, 4, 4, 4, 4, 4, 4, 4, 4, 4, 4, 4, 4, 4, 4, 4, 4, 4, 4, 4, 4, 4, 4, 4, 4, 4, 4, 4, 4, 4, 4, 4, 4, 4, 4, 4, 4, 4, 4, 4, 4, 4, 4, 4, 4, 4, 4, 4, 4, 4, 4, 4, 4, 4, 4, 4, 4, 4, 4, 4, 4, 4, 4, 4, 4, 4, 4, 4, 4, 4, 4, 4, 4, 4, 4, 4, 4, 4, 4, 4, 4, 4, 4, 4, 4, 4, 4, 4, 4, 4, 4, 4, 4, 4, 4, 4, 4, 4, 4, 4, 4, 4, 4, 4, 4, 4, 4, 4, 4, 4, 4, 4, 4, 4, 4, 4, 4, 4, 4, 4, 4, 4, 4, 4, 4, 4, 4, 4, 4, 4, 4, 4, 4, 4, 4, 4, 4, 4, 4, 4, 4, 4, 4, 4, 4, 4, 4, 4, 4, 4, 4, 4, 4, 4, 4, 4, 4, 4, 4, 4, 4, 4, 4, 4, 4, 4, 4, 4, 4, 4, 4, 4, 4, 4, 4, 4, 4, 4, 4, 4, 4, 4, 4, 4, 4, 4, 4, 4, 4, 4, 4, 4, 4, 4, 4, 4, 4, 4, 4, 4, 4, 4, 4, 4, 4, 4, 4, 4, 4, 4, 4, 4, 4, 4, 4, 4, 4, 4, 4, 4, 4, 4, 4, 4, 4, 4, 4, 4, 4, 4, 4, 4, 4, 4, 4, 4, 4, 4, 4, 4, 4, 4, 4, 4, 4, 4, 4, 4, 4, 4, 4, 4, 4, 4, 4, 4, 4, 4, 4, 4, 4, 4, 4, 4, 4, 4, 4, 4, 4, 4, 4, 4, 4, 4, 4, 4, 4, 4, 4, 4, 4, 4, 4, 4, 4, 4, 4, 4, 4, 4, 4, 4, 4, 4, 4, 4, 4, 4, 4, 4, 4, 4, 4, 4, 4, 4, 4, 4, 4, 4, 4, 4, 4, 4, 4, 4, 4, 4, 4, 4, 4, 4, 4, 4, 4, 4, 4, 4, 4, 4, 4, 4, 4, 4, 4, 4, 4, 4, 4, 4, 4, 4, 4, 4, 4, 4, 4, 4, 4, 4, 4, 4, 4, 4, 4, 4, 4, 4, 4, 4, 4, 4, 4, 4, 4, 4, 4, 4, 4, 4, 4, 4, 4, 4, 4, 4, 4, 4, 4, 4, 4, 4, 4, 4, 4, 4, 4, 4, 4, 4, 4, 4, 4, 4, 4, 4, 4, 4, 4, 4, 4, 4, 4, 4, 4, 4, 4, 4, 4, 4, 4, 4, 4, 4, 4, 4, 4, 4, 4, 4, 4, 4, 4, 4, 4, 4, 4, 4, 4, 4, 4, 4, 4, 4, 4, 4, 4, 4, 4, 4, 4, 4, 4, 4, 4, 4, 4, 4, 4, 4, 4, 4, 4, 4, 4, 4, 4, 4, 4, 4, 4, 4, 4, 4, 4, 4, 4, 4, 4, 4, 4, 4, 4, 4, 4, 4, 4, 4, 4, 4, 4, 4, 4, 4, 4, 4, 4, 4, 4, 4, 4, 4, 4, 4, 4, 4, 4, 4, 4, 4, 4, 4, 4, 4, 4, 4, 4, 4, 4, 4, 4, 4, 4, 4, 4, 4, 4, 4, 4, 4, 4, 4, 4, 4, 4, 4, 4, 4, 4, 4, 4, 4, 4, 4, 4, 4, 4, 4, 4, 4, 4, 4, 4, 4, 4, 4, 4, 4, 4, 4, 4, 4, 4, 4, 4, 4, 4, 4, 4, 4, 4, 4, 4, 4, 4, 4, 4, 4, 4, 4, 4, 4, 4, 4, 4, 4, 4, 4, 4, 4, 4, 4, 4, 4, 4, 4, 4, 4, 4, 4, 4, 4, 4, 4, 4, 4, 4, 4, 4, 4, 4, 4, 4, 4, 4, 4, 4, 4, 4, 4, 4, 4, 4, 4, 4, 4, 4, 4, 4, 4, 4, 4, 4, 4, 4, 4, 4, 4, 4, 4, 4, 4, 4, 4, 4, 4, 4, 4, 4, 4, 4, 4, 4, 4, 4, 4, 4, 4, 4, 4, 4, 4, 4, 4, 4, 4, 4, 4, 4, 4, 4, 4, 4, 4, 4, 4, 4, 4, 4, 4, 4, 4, 4, 4, 4, 4, 4, 4, 4, 4, 4, 4, 4, 4, 4, 4, 4, 4, 4, 4, 4, 4, 4, 4, 4, 4, 4, 4, 4, 4, 4, 4, 4, 4, 4, 4, 4, 4, 4, 4, 4, 4, 4, 4, 4, 4, 4, 4, 4, 4, 4, 4, 4, 4, 4, 4, 4, 4, 4, 4, 4, 4, 4, 4, 4, 4, 4, 4, 4, 4, 4, 4, 4, 4, 4, 4, 4, 4, 4, 4, 4, 4, 4, 4, 4, 4, 4, 4, 4, 4, 4, 4, 4, 4, 4, 4, 4, 4, 4, 4, 4, 4, 4, 4, 4, 4, 4, 4, 4, 4, 4, 4, 4, 4, 4, 4, 4, 4, 4, 4, 4, 4, 4, 4, 4, 4, 4, 4, 4, 4, 4, 4, 4, 4, 4, 4, 4, 4, 4, 4, 4, 4, 4, 4, 4, 4, 4, 4, 4, 4, 4, 4, 4, 4, 4, 4, 4, 4, 4, 4, 4, 4, 4, 4, 4]
        int[] faceVertexIndices = [3, 2, 1, 0, 2, 5, 4, 1, 5, 7, 6, 4, 7, 9, 8, 6, 9, 11, 10, 8, 11, 13, 12, 10, 13, 15, 14, 12, 15, 17, 16, 14, 17, 19, 18, 16, 19, 21, 20, 18, 21, 23, 22, 20, 23, 25, 24, 22, 25, 27, 26, 24, 27, 29, 28, 26, 29, 31, 30, 28, 31, 33, 32, 30, 35, 34, 2, 3, 34, 36, 5, 2, 36, 37, 7, 5, 37, 38, 9, 7, 38, 39, 11, 9, 39, 40, 13, 11, 40, 41, 15, 13, 41, 42, 17, 15, 42, 43, 19, 17, 43, 44, 21, 19, 44, 45, 23, 21, 45, 46, 25, 23, 46, 47, 27, 25, 47, 48, 29, 27, 48, 49, 31, 29, 49, 50, 33, 31, 52, 51, 34, 35, 51, 53, 36, 34, 53, 54, 37, 36, 54, 55, 38, 37, 55, 56, 39, 38, 56, 57, 40, 39, 57, 58, 41, 40, 58, 59, 42, 41, 59, 60, 43, 42, 60, 61, 44, 43, 61, 62, 45, 44, 62, 63, 46, 45, 63, 64, 47, 46, 64, 65, 48, 47, 65, 66, 49, 48, 66, 67, 50, 49, 69, 68, 51, 52, 68, 70, 53, 51, 70, 71, 54, 53, 71, 72, 55, 54, 72, 73, 56, 55, 73, 74, 57, 56, 74, 75, 58, 57, 75, 76, 59, 58, 76, 77, 60, 59, 77, 78, 61, 60, 78, 79, 62, 61, 79, 80, 63, 62, 80, 81, 64, 63, 81, 82, 65, 64, 82, 83, 66, 65, 83, 84, 67, 66, 86, 85, 68, 69, 85, 87, 70, 68, 87, 88, 71, 70, 88, 89, 72, 71, 89, 90, 73, 72, 90, 91, 74, 73, 91, 92, 75, 74, 92, 93, 76, 75, 93, 94, 77, 76, 94, 95, 78, 77, 95, 96, 79, 78, 96, 97, 80, 79, 97, 98, 81, 80, 98, 99, 82, 81, 99, 100, 83, 82, 100, 101, 84, 83, 103, 102, 85, 86, 102, 104, 87, 85, 104, 105, 88, 87, 105, 106, 89, 88, 106, 107, 90, 89, 107, 108, 91, 90, 108, 109, 92, 91, 109, 110, 93, 92, 110, 111, 94, 93, 111, 112, 95, 94, 112, 113, 96, 95, 113, 114, 97, 96, 114, 115, 98, 97, 115, 116, 99, 98, 116, 117, 100, 99, 117, 118, 101, 100, 120, 119, 102, 103, 119, 121, 104, 102, 121, 122, 105, 104, 122, 123, 106, 105, 123, 124, 107, 106, 124, 125, 108, 107, 125, 126, 109, 108, 126, 127, 110, 109, 127, 128, 111, 110, 128, 129, 112, 111, 129, 130, 113, 112, 130, 131, 114, 113, 131, 132, 115, 114, 132, 133, 116, 115, 133, 134, 117, 116, 134, 135, 118, 117, 137, 136, 119, 120, 136, 138, 121, 119, 138, 139, 122, 121, 139, 140, 123, 122, 140, 141, 124, 123, 141, 142, 125, 124, 142, 143, 126, 125, 143, 144, 127, 126, 144, 145, 128, 127, 145, 146, 129, 128, 146, 147, 130, 129, 147, 148, 131, 130, 148, 149, 132, 131, 149, 150, 133, 132, 150, 151, 134, 133, 151, 152, 135, 134, 154, 153, 136, 137, 153, 155, 138, 136, 155, 156, 139, 138, 156, 157, 140, 139, 157, 158, 141, 140, 158, 159, 142, 141, 159, 160, 143, 142, 160, 161, 144, 143, 161, 162, 145, 144, 162, 163, 146, 145, 163, 164, 147, 146, 164, 165, 148, 147, 165, 166, 149, 148, 166, 167, 150, 149, 167, 168, 151, 150, 168, 169, 152, 151, 171, 170, 153, 154, 170, 172, 155, 153, 172, 173, 156, 155, 173, 174, 157, 156, 174, 175, 158, 157, 175, 176, 159, 158, 176, 177, 160, 159, 177, 178, 161, 160, 178, 179, 162, 161, 179, 180, 163, 162, 180, 181, 164, 163, 181, 182, 165, 164, 182, 183, 166, 165, 183, 184, 167, 166, 184, 185, 168, 167, 185, 186, 169, 168, 188, 187, 170, 171, 187, 189, 172, 170, 189, 190, 173, 172, 190, 191, 174, 173, 191, 192, 175, 174, 192, 193, 176, 175, 193, 194, 177, 176, 194, 195, 178, 177, 195, 196, 179, 178, 196, 197, 180, 179, 197, 198, 181, 180, 198, 199, 182, 181, 199, 200, 183, 182, 200, 201, 184, 183, 201, 202, 185, 184, 202, 203, 186, 185, 205, 204, 187, 188, 204, 206, 189, 187, 206, 207, 190, 189, 207, 208, 191, 190, 208, 209, 192, 191, 209, 210, 193, 192, 210, 211, 194, 193, 211, 212, 195, 194, 212, 213, 196, 195, 213, 214, 197, 196, 214, 215, 198, 197, 215, 216, 199, 198, 216, 217, 200, 199, 217, 218, 201, 200, 218, 219, 202, 201, 219, 220, 203, 202, 222, 221, 204, 205, 221, 223, 206, 204, 223, 224, 207, 206, 224, 225, 208, 207, 225, 226, 209, 208, 226, 227, 210, 209, 227, 228, 211, 210, 228, 229, 212, 211, 229, 230, 213, 212, 230, 231, 214, 213, 231, 232, 215, 214, 232, 233, 216, 215, 233, 234, 217, 216, 234, 235, 218, 217, 235, 236, 219, 218, 236, 237, 220, 219, 239, 238, 221, 222, 238, 240, 223, 221, 240, 241, 224, 223, 241, 242, 225, 224, 242, 243, 226, 225, 243, 244, 227, 226, 244, 245, 228, 227, 245, 246, 229, 228, 246, 247, 230, 229, 247, 248, 231, 230, 248, 249, 232, 231, 249, 250, 233, 232, 250, 251, 234, 233, 251, 252, 235, 234, 252, 253, 236, 235, 253, 254, 237, 236, 256, 255, 238, 239, 255, 257, 240, 238, 257, 258, 241, 240, 258, 259, 242, 241, 259, 260, 243, 242, 260, 261, 244, 243, 261, 262, 245, 244, 262, 263, 246, 245, 263, 264, 247, 246, 264, 265, 248, 247, 265, 266, 249, 248, 266, 267, 250, 249, 267, 268, 251, 250, 268, 269, 252, 251, 269, 270, 253, 252, 270, 271, 254, 253, 273, 272, 255, 256, 272, 274, 257, 255, 274, 275, 258, 257, 275, 276, 259, 258, 276, 277, 260, 259, 277, 278, 261, 260, 278, 279, 262, 261, 279, 280, 263, 262, 280, 281, 264, 263, 281, 282, 265, 264, 282, 283, 266, 265, 283, 284, 267, 266, 284, 285, 268, 267, 285, 286, 269, 268, 286, 287, 270, 269, 287, 288, 271, 270, 289, 290, 291, 292, 290, 293, 294, 291, 293, 295, 296, 294, 295, 297, 298, 296, 297, 299, 300, 298, 299, 301, 302, 300, 301, 303, 304, 302, 303, 305, 306, 304, 305, 307, 308, 306, 307, 309, 310, 308, 309, 311, 312, 310, 311, 313, 314, 312, 313, 315, 316, 314, 315, 317, 318, 316, 317, 319, 320, 318, 319, 321, 322, 320, 292, 291, 323, 324, 291, 294, 325, 323, 294, 296, 326, 325, 296, 298, 327, 326, 298, 300, 328, 327, 300, 302, 329, 328, 302, 304, 330, 329, 304, 306, 331, 330, 306, 308, 332, 331, 308, 310, 333, 332, 310, 312, 334, 333, 312, 314, 335, 334, 314, 316, 336, 335, 316, 318, 337, 336, 318, 320, 338, 337, 320, 322, 339, 338, 324, 323, 340, 341, 323, 325, 342, 340, 325, 326, 343, 342, 326, 327, 344, 343, 327, 328, 345, 344, 328, 329, 346, 345, 329, 330, 347, 346, 330, 331, 348, 347, 331, 332, 349, 348, 332, 333, 350, 349, 333, 334, 351, 350, 334, 335, 352, 351, 335, 336, 353, 352, 336, 337, 354, 353, 337, 338, 355, 354, 338, 339, 356, 355, 341, 340, 357, 358, 340, 342, 359, 357, 342, 343, 360, 359, 343, 344, 361, 360, 344, 345, 362, 361, 345, 346, 363, 362, 346, 347, 364, 363, 347, 348, 365, 364, 348, 349, 366, 365, 349, 350, 367, 366, 350, 351, 368, 367, 351, 352, 369, 368, 352, 353, 370, 369, 353, 354, 371, 370, 354, 355, 372, 371, 355, 356, 373, 372, 358, 357, 374, 375, 357, 359, 376, 374, 359, 360, 377, 376, 360, 361, 378, 377, 361, 362, 379, 378, 362, 363, 380, 379, 363, 364, 381, 380, 364, 365, 382, 381, 365, 366, 383, 382, 366, 367, 384, 383, 367, 368, 385, 384, 368, 369, 386, 385, 369, 370, 387, 386, 370, 371, 388, 387, 371, 372, 389, 388, 372, 373, 390, 389, 375, 374, 391, 392, 374, 376, 393, 391, 376, 377, 394, 393, 377, 378, 395, 394, 378, 379, 396, 395, 379, 380, 397, 396, 380, 381, 398, 397, 381, 382, 399, 398, 382, 383, 400, 399, 383, 384, 401, 400, 384, 385, 402, 401, 385, 386, 403, 402, 386, 387, 404, 403, 387, 388, 405, 404, 388, 389, 406, 405, 389, 390, 407, 406, 392, 391, 408, 409, 391, 393, 410, 408, 393, 394, 411, 410, 394, 395, 412, 411, 395, 396, 413, 412, 396, 397, 414, 413, 397, 398, 415, 414, 398, 399, 416, 415, 399, 400, 417, 416, 400, 401, 418, 417, 401, 402, 419, 418, 402, 403, 420, 419, 403, 404, 421, 420, 404, 405, 422, 421, 405, 406, 423, 422, 406, 407, 424, 423, 409, 408, 425, 426, 408, 410, 427, 425, 410, 411, 428, 427, 411, 412, 429, 428, 412, 413, 430, 429, 413, 414, 431, 430, 414, 415, 432, 431, 415, 416, 433, 432, 416, 417, 434, 433, 417, 418, 435, 434, 418, 419, 436, 435, 419, 420, 437, 436, 420, 421, 438, 437, 421, 422, 439, 438, 422, 423, 440, 439, 423, 424, 441, 440, 426, 425, 442, 443, 425, 427, 444, 442, 427, 428, 445, 444, 428, 429, 446, 445, 429, 430, 447, 446, 430, 431, 448, 447, 431, 432, 449, 448, 432, 433, 450, 449, 433, 434, 451, 450, 434, 435, 452, 451, 435, 436, 453, 452, 436, 437, 454, 453, 437, 438, 455, 454, 438, 439, 456, 455, 439, 440, 457, 456, 440, 441, 458, 457, 443, 442, 459, 460, 442, 444, 461, 459, 444, 445, 462, 461, 445, 446, 463, 462, 446, 447, 464, 463, 447, 448, 465, 464, 448, 449, 466, 465, 449, 450, 467, 466, 450, 451, 468, 467, 451, 452, 469, 468, 452, 453, 470, 469, 453, 454, 471, 470, 454, 455, 472, 471, 455, 456, 473, 472, 456, 457, 474, 473, 457, 458, 475, 474, 460, 459, 476, 477, 459, 461, 478, 476, 461, 462, 479, 478, 462, 463, 480, 479, 463, 464, 481, 480, 464, 465, 482, 481, 465, 466, 483, 482, 466, 467, 484, 483, 467, 468, 485, 484, 468, 469, 486, 485, 469, 470, 487, 486, 470, 471, 488, 487, 471, 472, 489, 488, 472, 473, 490, 489, 473, 474, 491, 490, 474, 475, 492, 491, 477, 476, 493, 494, 476, 478, 495, 493, 478, 479, 496, 495, 479, 480, 497, 496, 480, 481, 498, 497, 481, 482, 499, 498, 482, 483, 500, 499, 483, 484, 501, 500, 484, 485, 502, 501, 485, 486, 503, 502, 486, 487, 504, 503, 487, 488, 505, 504, 488, 489, 506, 505, 489, 490, 507, 506, 490, 491, 508, 507, 491, 492, 509, 508, 494, 493, 510, 511, 493, 495, 512, 510, 495, 496, 513, 512, 496, 497, 514, 513, 497, 498, 515, 514, 498, 499, 516, 515, 499, 500, 517, 516, 500, 501, 518, 517, 501, 502, 519, 518, 502, 503, 520, 519, 503, 504, 521, 520, 504, 505, 522, 521, 505, 506, 523, 522, 506, 507, 524, 523, 507, 508, 525, 524, 508, 509, 526, 525, 511, 510, 527, 528, 510, 512, 529, 527, 512, 513, 530, 529, 513, 514, 531, 530, 514, 515, 532, 531, 515, 516, 533, 532, 516, 517, 534, 533, 517, 518, 535, 534, 518, 519, 536, 535, 519, 520, 537, 536, 520, 521, 538, 537, 521, 522, 539, 538, 522, 523, 540, 539, 523, 524, 541, 540, 524, 525, 542, 541, 525, 526, 543, 542, 528, 527, 544, 545, 527, 529, 546, 544, 529, 530, 547, 546, 530, 531, 548, 547, 531, 532, 549, 548, 532, 533, 550, 549, 533, 534, 551, 550, 534, 535, 552, 551, 535, 536, 553, 552, 536, 537, 554, 553, 537, 538, 555, 554, 538, 539, 556, 555, 539, 540, 557, 556, 540, 541, 558, 557, 541, 542, 559, 558, 542, 543, 560, 559, 545, 544, 561, 562, 544, 546, 563, 561, 546, 547, 564, 563, 547, 548, 565, 564, 548, 549, 566, 565, 549, 550, 567, 566, 550, 551, 568, 567, 551, 552, 569, 568, 552, 553, 570, 569, 553, 554, 571, 570, 554, 555, 572, 571, 555, 556, 573, 572, 556, 557, 574, 573, 557, 558, 575, 574, 558, 559, 576, 575, 559, 560, 577, 576, 0, 578, 579, 3, 578, 580, 581, 579, 580, 582, 583, 581, 582, 584, 585, 583, 584, 586, 587, 585, 586, 588, 589, 587, 588, 590, 591, 589, 590, 592, 593, 591, 592, 594, 595, 593, 594, 596, 597, 595, 596, 598, 599, 597, 598, 600, 601, 599, 600, 602, 603, 601, 602, 604, 605, 603, 604, 606, 607, 605, 606, 289, 292, 607, 3, 579, 608, 35, 579, 581, 609, 608, 581, 583, 610, 609, 583, 585, 611, 610, 585, 587, 612, 611, 587, 589, 613, 612, 589, 591, 614, 613, 591, 593, 615, 614, 593, 595, 616, 615, 595, 597, 617, 616, 597, 599, 618, 617, 599, 601, 619, 618, 601, 603, 620, 619, 603, 605, 621, 620, 605, 607, 622, 621, 607, 292, 324, 622, 35, 608, 623, 52, 608, 609, 624, 623, 609, 610, 625, 624, 610, 611, 626, 625, 611, 612, 627, 626, 612, 613, 628, 627, 613, 614, 629, 628, 614, 615, 630, 629, 615, 616, 631, 630, 616, 617, 632, 631, 617, 618, 633, 632, 618, 619, 634, 633, 619, 620, 635, 634, 620, 621, 636, 635, 621, 622, 637, 636, 622, 324, 341, 637, 52, 623, 638, 69, 623, 624, 639, 638, 624, 625, 640, 639, 625, 626, 641, 640, 626, 627, 642, 641, 627, 628, 643, 642, 628, 629, 644, 643, 629, 630, 645, 644, 630, 631, 646, 645, 631, 632, 647, 646, 632, 633, 648, 647, 633, 634, 649, 648, 634, 635, 650, 649, 635, 636, 651, 650, 636, 637, 652, 651, 637, 341, 358, 652, 69, 638, 653, 86, 638, 639, 654, 653, 639, 640, 655, 654, 640, 641, 656, 655, 641, 642, 657, 656, 642, 643, 658, 657, 643, 644, 659, 658, 644, 645, 660, 659, 645, 646, 661, 660, 646, 647, 662, 661, 647, 648, 663, 662, 648, 649, 664, 663, 649, 650, 665, 664, 650, 651, 666, 665, 651, 652, 667, 666, 652, 358, 375, 667, 86, 653, 668, 103, 653, 654, 669, 668, 654, 655, 670, 669, 655, 656, 671, 670, 656, 657, 672, 671, 657, 658, 673, 672, 658, 659, 674, 673, 659, 660, 675, 674, 660, 661, 676, 675, 661, 662, 677, 676, 662, 663, 678, 677, 663, 664, 679, 678, 664, 665, 680, 679, 665, 666, 681, 680, 666, 667, 682, 681, 667, 375, 392, 682, 103, 668, 683, 120, 668, 669, 684, 683, 669, 670, 685, 684, 670, 671, 686, 685, 671, 672, 687, 686, 672, 673, 688, 687, 673, 674, 689, 688, 674, 675, 690, 689, 675, 676, 691, 690, 676, 677, 692, 691, 677, 678, 693, 692, 678, 679, 694, 693, 679, 680, 695, 694, 680, 681, 696, 695, 681, 682, 697, 696, 682, 392, 409, 697, 120, 683, 698, 137, 683, 684, 699, 698, 684, 685, 700, 699, 685, 686, 701, 700, 686, 687, 702, 701, 687, 688, 703, 702, 688, 689, 704, 703, 689, 690, 705, 704, 690, 691, 706, 705, 691, 692, 707, 706, 692, 693, 708, 707, 693, 694, 709, 708, 694, 695, 710, 709, 695, 696, 711, 710, 696, 697, 712, 711, 697, 409, 426, 712, 137, 698, 713, 154, 698, 699, 714, 713, 699, 700, 715, 714, 700, 701, 716, 715, 701, 702, 717, 716, 702, 703, 718, 717, 703, 704, 719, 718, 704, 705, 720, 719, 705, 706, 721, 720, 706, 707, 722, 721, 707, 708, 723, 722, 708, 709, 724, 723, 709, 710, 725, 724, 710, 711, 726, 725, 711, 712, 727, 726, 712, 426, 443, 727, 154, 713, 728, 171, 713, 714, 729, 728, 714, 715, 730, 729, 715, 716, 731, 730, 716, 717, 732, 731, 717, 718, 733, 732, 718, 719, 734, 733, 719, 720, 735, 734, 720, 721, 736, 735, 721, 722, 737, 736, 722, 723, 738, 737, 723, 724, 739, 738, 724, 725, 740, 739, 725, 726, 741, 740, 726, 727, 742, 741, 727, 443, 460, 742, 171, 728, 743, 188, 728, 729, 744, 743, 729, 730, 745, 744, 730, 731, 746, 745, 731, 732, 747, 746, 732, 733, 748, 747, 733, 734, 749, 748, 734, 735, 750, 749, 735, 736, 751, 750, 736, 737, 752, 751, 737, 738, 753, 752, 738, 739, 754, 753, 739, 740, 755, 754, 740, 741, 756, 755, 741, 742, 757, 756, 742, 460, 477, 757, 188, 743, 758, 205, 743, 744, 759, 758, 744, 745, 760, 759, 745, 746, 761, 760, 746, 747, 762, 761, 747, 748, 763, 762, 748, 749, 764, 763, 749, 750, 765, 764, 750, 751, 766, 765, 751, 752, 767, 766, 752, 753, 768, 767, 753, 754, 769, 768, 754, 755, 770, 769, 755, 756, 771, 770, 756, 757, 772, 771, 757, 477, 494, 772, 205, 758, 773, 222, 758, 759, 774, 773, 759, 760, 775, 774, 760, 761, 776, 775, 761, 762, 777, 776, 762, 763, 778, 777, 763, 764, 779, 778, 764, 765, 780, 779, 765, 766, 781, 780, 766, 767, 782, 781, 767, 768, 783, 782, 768, 769, 784, 783, 769, 770, 785, 784, 770, 771, 786, 785, 771, 772, 787, 786, 772, 494, 511, 787, 222, 773, 788, 239, 773, 774, 789, 788, 774, 775, 790, 789, 775, 776, 791, 790, 776, 777, 792, 791, 777, 778, 793, 792, 778, 779, 794, 793, 779, 780, 795, 794, 780, 781, 796, 795, 781, 782, 797, 796, 782, 783, 798, 797, 783, 784, 799, 798, 784, 785, 800, 799, 785, 786, 801, 800, 786, 787, 802, 801, 787, 511, 528, 802, 239, 788, 803, 256, 788, 789, 804, 803, 789, 790, 805, 804, 790, 791, 806, 805, 791, 792, 807, 806, 792, 793, 808, 807, 793, 794, 809, 808, 794, 795, 810, 809, 795, 796, 811, 810, 796, 797, 812, 811, 797, 798, 813, 812, 798, 799, 814, 813, 799, 800, 815, 814, 800, 801, 816, 815, 801, 802, 817, 816, 802, 528, 545, 817, 256, 803, 818, 273, 803, 804, 819, 818, 804, 805, 820, 819, 805, 806, 821, 820, 806, 807, 822, 821, 807, 808, 823, 822, 808, 809, 824, 823, 809, 810, 825, 824, 810, 811, 826, 825, 811, 812, 827, 826, 812, 813, 828, 827, 813, 814, 829, 828, 814, 815, 830, 829, 815, 816, 831, 830, 816, 817, 832, 831, 817, 545, 562, 832, 33, 834, 833, 32, 834, 836, 835, 833, 836, 838, 837, 835, 838, 840, 839, 837, 840, 842, 841, 839, 842, 844, 843, 841, 844, 846, 845, 843, 846, 848, 847, 845, 848, 850, 849, 847, 850, 852, 851, 849, 852, 854, 853, 851, 854, 856, 855, 853, 856, 858, 857, 855, 858, 860, 859, 857, 860, 862, 861, 859, 862, 322, 321, 861, 50, 863, 834, 33, 863, 864, 836, 834, 864, 865, 838, 836, 865, 866, 840, 838, 866, 867, 842, 840, 867, 868, 844, 842, 868, 869, 846, 844, 869, 870, 848, 846, 870, 871, 850, 848, 871, 872, 852, 850, 872, 873, 854, 852, 873, 874, 856, 854, 874, 875, 858, 856, 875, 876, 860, 858, 876, 877, 862, 860, 877, 339, 322, 862, 67, 878, 863, 50, 878, 879, 864, 863, 879, 880, 865, 864, 880, 881, 866, 865, 881, 882, 867, 866, 882, 883, 868, 867, 883, 884, 869, 868, 884, 885, 870, 869, 885, 886, 871, 870, 886, 887, 872, 871, 887, 888, 873, 872, 888, 889, 874, 873, 889, 890, 875, 874, 890, 891, 876, 875, 891, 892, 877, 876, 892, 356, 339, 877, 84, 893, 878, 67, 893, 894, 879, 878, 894, 895, 880, 879, 895, 896, 881, 880, 896, 897, 882, 881, 897, 898, 883, 882, 898, 899, 884, 883, 899, 900, 885, 884, 900, 901, 886, 885, 901, 902, 887, 886, 902, 903, 888, 887, 903, 904, 889, 888, 904, 905, 890, 889, 905, 906, 891, 890, 906, 907, 892, 891, 907, 373, 356, 892, 101, 908, 893, 84, 908, 909, 894, 893, 909, 910, 895, 894, 910, 911, 896, 895, 911, 912, 897, 896, 912, 913, 898, 897, 913, 914, 899, 898, 914, 915, 900, 899, 915, 916, 901, 900, 916, 917, 902, 901, 917, 918, 903, 902, 918, 919, 904, 903, 919, 920, 905, 904, 920, 921, 906, 905, 921, 922, 907, 906, 922, 390, 373, 907, 118, 923, 908, 101, 923, 924, 909, 908, 924, 925, 910, 909, 925, 926, 911, 910, 926, 927, 912, 911, 927, 928, 913, 912, 928, 929, 914, 913, 929, 930, 915, 914, 930, 931, 916, 915, 931, 932, 917, 916, 932, 933, 918, 917, 933, 934, 919, 918, 934, 935, 920, 919, 935, 936, 921, 920, 936, 937, 922, 921, 937, 407, 390, 922, 135, 938, 923, 118, 938, 939, 924, 923, 939, 940, 925, 924, 940, 941, 926, 925, 941, 942, 927, 926, 942, 943, 928, 927, 943, 944, 929, 928, 944, 945, 930, 929, 945, 946, 931, 930, 946, 947, 932, 931, 947, 948, 933, 932, 948, 949, 934, 933, 949, 950, 935, 934, 950, 951, 936, 935, 951, 952, 937, 936, 952, 424, 407, 937, 152, 953, 938, 135, 953, 954, 939, 938, 954, 955, 940, 939, 955, 956, 941, 940, 956, 957, 942, 941, 957, 958, 943, 942, 958, 959, 944, 943, 959, 960, 945, 944, 960, 961, 946, 945, 961, 962, 947, 946, 962, 963, 948, 947, 963, 964, 949, 948, 964, 965, 950, 949, 965, 966, 951, 950, 966, 967, 952, 951, 967, 441, 424, 952, 169, 968, 953, 152, 968, 969, 954, 953, 969, 970, 955, 954, 970, 971, 956, 955, 971, 972, 957, 956, 972, 973, 958, 957, 973, 974, 959, 958, 974, 975, 960, 959, 975, 976, 961, 960, 976, 977, 962, 961, 977, 978, 963, 962, 978, 979, 964, 963, 979, 980, 965, 964, 980, 981, 966, 965, 981, 982, 967, 966, 982, 458, 441, 967, 186, 983, 968, 169, 983, 984, 969, 968, 984, 985, 970, 969, 985, 986, 971, 970, 986, 987, 972, 971, 987, 988, 973, 972, 988, 989, 974, 973, 989, 990, 975, 974, 990, 991, 976, 975, 991, 992, 977, 976, 992, 993, 978, 977, 993, 994, 979, 978, 994, 995, 980, 979, 995, 996, 981, 980, 996, 997, 982, 981, 997, 475, 458, 982, 203, 998, 983, 186, 998, 999, 984, 983, 999, 1000, 985, 984, 1000, 1001, 986, 985, 1001, 1002, 987, 986, 1002, 1003, 988, 987, 1003, 1004, 989, 988, 1004, 1005, 990, 989, 1005, 1006, 991, 990, 1006, 1007, 992, 991, 1007, 1008, 993, 992, 1008, 1009, 994, 993, 1009, 1010, 995, 994, 1010, 1011, 996, 995, 1011, 1012, 997, 996, 1012, 492, 475, 997, 220, 1013, 998, 203, 1013, 1014, 999, 998, 1014, 1015, 1000, 999, 1015, 1016, 1001, 1000, 1016, 1017, 1002, 1001, 1017, 1018, 1003, 1002, 1018, 1019, 1004, 1003, 1019, 1020, 1005, 1004, 1020, 1021, 1006, 1005, 1021, 1022, 1007, 1006, 1022, 1023, 1008, 1007, 1023, 1024, 1009, 1008, 1024, 1025, 1010, 1009, 1025, 1026, 1011, 1010, 1026, 1027, 1012, 1011, 1027, 509, 492, 1012, 237, 1028, 1013, 220, 1028, 1029, 1014, 1013, 1029, 1030, 1015, 1014, 1030, 1031, 1016, 1015, 1031, 1032, 1017, 1016, 1032, 1033, 1018, 1017, 1033, 1034, 1019, 1018, 1034, 1035, 1020, 1019, 1035, 1036, 1021, 1020, 1036, 1037, 1022, 1021, 1037, 1038, 1023, 1022, 1038, 1039, 1024, 1023, 1039, 1040, 1025, 1024, 1040, 1041, 1026, 1025, 1041, 1042, 1027, 1026, 1042, 526, 509, 1027, 254, 1043, 1028, 237, 1043, 1044, 1029, 1028, 1044, 1045, 1030, 1029, 1045, 1046, 1031, 1030, 1046, 1047, 1032, 1031, 1047, 1048, 1033, 1032, 1048, 1049, 1034, 1033, 1049, 1050, 1035, 1034, 1050, 1051, 1036, 1035, 1051, 1052, 1037, 1036, 1052, 1053, 1038, 1037, 1053, 1054, 1039, 1038, 1054, 1055, 1040, 1039, 1055, 1056, 1041, 1040, 1056, 1057, 1042, 1041, 1057, 543, 526, 1042, 271, 1058, 1043, 254, 1058, 1059, 1044, 1043, 1059, 1060, 1045, 1044, 1060, 1061, 1046, 1045, 1061, 1062, 1047, 1046, 1062, 1063, 1048, 1047, 1063, 1064, 1049, 1048, 1064, 1065, 1050, 1049, 1065, 1066, 1051, 1050, 1066, 1067, 1052, 1051, 1067, 1068, 1053, 1052, 1068, 1069, 1054, 1053, 1069, 1070, 1055, 1054, 1070, 1071, 1056, 1055, 1071, 1072, 1057, 1056, 1072, 560, 543, 1057, 288, 1073, 1058, 271, 1073, 1074, 1059, 1058, 1074, 1075, 1060, 1059, 1075, 1076, 1061, 1060, 1076, 1077, 1062, 1061, 1077, 1078, 1063, 1062, 1078, 1079, 1064, 1063, 1079, 1080, 1065, 1064, 1080, 1081, 1066, 1065, 1081, 1082, 1067, 1066, 1082, 1083, 1068, 1067, 1083, 1084, 1069, 1068, 1084, 1085, 1070, 1069, 1085, 1086, 1071, 1070, 1086, 1087, 1072, 1071, 1087, 577, 560, 1072, 1, 1088, 578, 0, 1088, 1089, 580, 578, 1089, 1090, 582, 580, 1090, 1091, 584, 582, 1091, 1092, 586, 584, 1092, 1093, 588, 586, 1093, 1094, 590, 588, 1094, 1095, 592, 590, 1095, 1096, 594, 592, 1096, 1097, 596, 594, 1097, 1098, 598, 596, 1098, 1099, 600, 598, 1099, 1100, 602, 600, 1100, 1101, 604, 602, 1101, 1102, 606, 604, 1102, 290, 289, 606, 4, 1103, 1088, 1, 1103, 1104, 1089, 1088, 1104, 1105, 1090, 1089, 1105, 1106, 1091, 1090, 1106, 1107, 1092, 1091, 1107, 1108, 1093, 1092, 1108, 1109, 1094, 1093, 1109, 1110, 1095, 1094, 1110, 1111, 1096, 1095, 1111, 1112, 1097, 1096, 1112, 1113, 1098, 1097, 1113, 1114, 1099, 1098, 1114, 1115, 1100, 1099, 1115, 1116, 1101, 1100, 1116, 1117, 1102, 1101, 1117, 293, 290, 1102, 6, 1118, 1103, 4, 1118, 1119, 1104, 1103, 1119, 1120, 1105, 1104, 1120, 1121, 1106, 1105, 1121, 1122, 1107, 1106, 1122, 1123, 1108, 1107, 1123, 1124, 1109, 1108, 1124, 1125, 1110, 1109, 1125, 1126, 1111, 1110, 1126, 1127, 1112, 1111, 1127, 1128, 1113, 1112, 1128, 1129, 1114, 1113, 1129, 1130, 1115, 1114, 1130, 1131, 1116, 1115, 1131, 1132, 1117, 1116, 1132, 295, 293, 1117, 8, 1133, 1118, 6, 1133, 1134, 1119, 1118, 1134, 1135, 1120, 1119, 1135, 1136, 1121, 1120, 1136, 1137, 1122, 1121, 1137, 1138, 1123, 1122, 1138, 1139, 1124, 1123, 1139, 1140, 1125, 1124, 1140, 1141, 1126, 1125, 1141, 1142, 1127, 1126, 1142, 1143, 1128, 1127, 1143, 1144, 1129, 1128, 1144, 1145, 1130, 1129, 1145, 1146, 1131, 1130, 1146, 1147, 1132, 1131, 1147, 297, 295, 1132, 10, 1148, 1133, 8, 1148, 1149, 1134, 1133, 1149, 1150, 1135, 1134, 1150, 1151, 1136, 1135, 1151, 1152, 1137, 1136, 1152, 1153, 1138, 1137, 1153, 1154, 1139, 1138, 1154, 1155, 1140, 1139, 1155, 1156, 1141, 1140, 1156, 1157, 1142, 1141, 1157, 1158, 1143, 1142, 1158, 1159, 1144, 1143, 1159, 1160, 1145, 1144, 1160, 1161, 1146, 1145, 1161, 1162, 1147, 1146, 1162, 299, 297, 1147, 12, 1163, 1148, 10, 1163, 1164, 1149, 1148, 1164, 1165, 1150, 1149, 1165, 1166, 1151, 1150, 1166, 1167, 1152, 1151, 1167, 1168, 1153, 1152, 1168, 1169, 1154, 1153, 1169, 1170, 1155, 1154, 1170, 1171, 1156, 1155, 1171, 1172, 1157, 1156, 1172, 1173, 1158, 1157, 1173, 1174, 1159, 1158, 1174, 1175, 1160, 1159, 1175, 1176, 1161, 1160, 1176, 1177, 1162, 1161, 1177, 301, 299, 1162, 14, 1178, 1163, 12, 1178, 1179, 1164, 1163, 1179, 1180, 1165, 1164, 1180, 1181, 1166, 1165, 1181, 1182, 1167, 1166, 1182, 1183, 1168, 1167, 1183, 1184, 1169, 1168, 1184, 1185, 1170, 1169, 1185, 1186, 1171, 1170, 1186, 1187, 1172, 1171, 1187, 1188, 1173, 1172, 1188, 1189, 1174, 1173, 1189, 1190, 1175, 1174, 1190, 1191, 1176, 1175, 1191, 1192, 1177, 1176, 1192, 303, 301, 1177, 16, 1193, 1178, 14, 1193, 1194, 1179, 1178, 1194, 1195, 1180, 1179, 1195, 1196, 1181, 1180, 1196, 1197, 1182, 1181, 1197, 1198, 1183, 1182, 1198, 1199, 1184, 1183, 1199, 1200, 1185, 1184, 1200, 1201, 1186, 1185, 1201, 1202, 1187, 1186, 1202, 1203, 1188, 1187, 1203, 1204, 1189, 1188, 1204, 1205, 1190, 1189, 1205, 1206, 1191, 1190, 1206, 1207, 1192, 1191, 1207, 305, 303, 1192, 18, 1208, 1193, 16, 1208, 1209, 1194, 1193, 1209, 1210, 1195, 1194, 1210, 1211, 1196, 1195, 1211, 1212, 1197, 1196, 1212, 1213, 1198, 1197, 1213, 1214, 1199, 1198, 1214, 1215, 1200, 1199, 1215, 1216, 1201, 1200, 1216, 1217, 1202, 1201, 1217, 1218, 1203, 1202, 1218, 1219, 1204, 1203, 1219, 1220, 1205, 1204, 1220, 1221, 1206, 1205, 1221, 1222, 1207, 1206, 1222, 307, 305, 1207, 20, 1223, 1208, 18, 1223, 1224, 1209, 1208, 1224, 1225, 1210, 1209, 1225, 1226, 1211, 1210, 1226, 1227, 1212, 1211, 1227, 1228, 1213, 1212, 1228, 1229, 1214, 1213, 1229, 1230, 1215, 1214, 1230, 1231, 1216, 1215, 1231, 1232, 1217, 1216, 1232, 1233, 1218, 1217, 1233, 1234, 1219, 1218, 1234, 1235, 1220, 1219, 1235, 1236, 1221, 1220, 1236, 1237, 1222, 1221, 1237, 309, 307, 1222, 22, 1238, 1223, 20, 1238, 1239, 1224, 1223, 1239, 1240, 1225, 1224, 1240, 1241, 1226, 1225, 1241, 1242, 1227, 1226, 1242, 1243, 1228, 1227, 1243, 1244, 1229, 1228, 1244, 1245, 1230, 1229, 1245, 1246, 1231, 1230, 1246, 1247, 1232, 1231, 1247, 1248, 1233, 1232, 1248, 1249, 1234, 1233, 1249, 1250, 1235, 1234, 1250, 1251, 1236, 1235, 1251, 1252, 1237, 1236, 1252, 311, 309, 1237, 24, 1253, 1238, 22, 1253, 1254, 1239, 1238, 1254, 1255, 1240, 1239, 1255, 1256, 1241, 1240, 1256, 1257, 1242, 1241, 1257, 1258, 1243, 1242, 1258, 1259, 1244, 1243, 1259, 1260, 1245, 1244, 1260, 1261, 1246, 1245, 1261, 1262, 1247, 1246, 1262, 1263, 1248, 1247, 1263, 1264, 1249, 1248, 1264, 1265, 1250, 1249, 1265, 1266, 1251, 1250, 1266, 1267, 1252, 1251, 1267, 313, 311, 1252, 26, 1268, 1253, 24, 1268, 1269, 1254, 1253, 1269, 1270, 1255, 1254, 1270, 1271, 1256, 1255, 1271, 1272, 1257, 1256, 1272, 1273, 1258, 1257, 1273, 1274, 1259, 1258, 1274, 1275, 1260, 1259, 1275, 1276, 1261, 1260, 1276, 1277, 1262, 1261, 1277, 1278, 1263, 1262, 1278, 1279, 1264, 1263, 1279, 1280, 1265, 1264, 1280, 1281, 1266, 1265, 1281, 1282, 1267, 1266, 1282, 315, 313, 1267, 28, 1283, 1268, 26, 1283, 1284, 1269, 1268, 1284, 1285, 1270, 1269, 1285, 1286, 1271, 1270, 1286, 1287, 1272, 1271, 1287, 1288, 1273, 1272, 1288, 1289, 1274, 1273, 1289, 1290, 1275, 1274, 1290, 1291, 1276, 1275, 1291, 1292, 1277, 1276, 1292, 1293, 1278, 1277, 1293, 1294, 1279, 1278, 1294, 1295, 1280, 1279, 1295, 1296, 1281, 1280, 1296, 1297, 1282, 1281, 1297, 317, 315, 1282, 30, 1298, 1283, 28, 1298, 1299, 1284, 1283, 1299, 1300, 1285, 1284, 1300, 1301, 1286, 1285, 1301, 1302, 1287, 1286, 1302, 1303, 1288, 1287, 1303, 1304, 1289, 1288, 1304, 1305, 1290, 1289, 1305, 1306, 1291, 1290, 1306, 1307, 1292, 1291, 1307, 1308, 1293, 1292, 1308, 1309, 1294, 1293, 1309, 1310, 1295, 1294, 1310, 1311, 1296, 1295, 1311, 1312, 1297, 1296, 1312, 319, 317, 1297, 32, 833, 1298, 30, 833, 835, 1299, 1298, 835, 837, 1300, 1299, 837, 839, 1301, 1300, 839, 841, 1302, 1301, 841, 843, 1303, 1302, 843, 845, 1304, 1303, 845, 847, 1305, 1304, 847, 849, 1306, 1305, 849, 851, 1307, 1306, 851, 853, 1308, 1307, 853, 855, 1309, 1308, 855, 857, 1310, 1309, 857, 859, 1311, 1310, 859, 861, 1312, 1311, 861, 321, 319, 1312, 273, 818, 1313, 272, 818, 819, 1314, 1313, 819, 820, 1315, 1314, 820, 821, 1316, 1315, 821, 822, 1317, 1316, 822, 823, 1318, 1317, 823, 824, 1319, 1318, 824, 825, 1320, 1319, 825, 826, 1321, 1320, 826, 827, 1322, 1321, 827, 828, 1323, 1322, 828, 829, 1324, 1323, 829, 830, 1325, 1324, 830, 831, 1326, 1325, 831, 832, 1327, 1326, 832, 562, 561, 1327, 272, 1313, 1328, 274, 1313, 1314, 1329, 1328, 1314, 1315, 1330, 1329, 1315, 1316, 1331, 1330, 1316, 1317, 1332, 1331, 1317, 1318, 1333, 1332, 1318, 1319, 1334, 1333, 1319, 1320, 1335, 1334, 1320, 1321, 1336, 1335, 1321, 1322, 1337, 1336, 1322, 1323, 1338, 1337, 1323, 1324, 1339, 1338, 1324, 1325, 1340, 1339, 1325, 1326, 1341, 1340, 1326, 1327, 1342, 1341, 1327, 561, 563, 1342, 274, 1328, 1343, 275, 1328, 1329, 1344, 1343, 1329, 1330, 1345, 1344, 1330, 1331, 1346, 1345, 1331, 1332, 1347, 1346, 1332, 1333, 1348, 1347, 1333, 1334, 1349, 1348, 1334, 1335, 1350, 1349, 1335, 1336, 1351, 1350, 1336, 1337, 1352, 1351, 1337, 1338, 1353, 1352, 1338, 1339, 1354, 1353, 1339, 1340, 1355, 1354, 1340, 1341, 1356, 1355, 1341, 1342, 1357, 1356, 1342, 563, 564, 1357, 275, 1343, 1358, 276, 1343, 1344, 1359, 1358, 1344, 1345, 1360, 1359, 1345, 1346, 1361, 1360, 1346, 1347, 1362, 1361, 1347, 1348, 1363, 1362, 1348, 1349, 1364, 1363, 1349, 1350, 1365, 1364, 1350, 1351, 1366, 1365, 1351, 1352, 1367, 1366, 1352, 1353, 1368, 1367, 1353, 1354, 1369, 1368, 1354, 1355, 1370, 1369, 1355, 1356, 1371, 1370, 1356, 1357, 1372, 1371, 1357, 564, 565, 1372, 276, 1358, 1373, 277, 1358, 1359, 1374, 1373, 1359, 1360, 1375, 1374, 1360, 1361, 1376, 1375, 1361, 1362, 1377, 1376, 1362, 1363, 1378, 1377, 1363, 1364, 1379, 1378, 1364, 1365, 1380, 1379, 1365, 1366, 1381, 1380, 1366, 1367, 1382, 1381, 1367, 1368, 1383, 1382, 1368, 1369, 1384, 1383, 1369, 1370, 1385, 1384, 1370, 1371, 1386, 1385, 1371, 1372, 1387, 1386, 1372, 565, 566, 1387, 277, 1373, 1388, 278, 1373, 1374, 1389, 1388, 1374, 1375, 1390, 1389, 1375, 1376, 1391, 1390, 1376, 1377, 1392, 1391, 1377, 1378, 1393, 1392, 1378, 1379, 1394, 1393, 1379, 1380, 1395, 1394, 1380, 1381, 1396, 1395, 1381, 1382, 1397, 1396, 1382, 1383, 1398, 1397, 1383, 1384, 1399, 1398, 1384, 1385, 1400, 1399, 1385, 1386, 1401, 1400, 1386, 1387, 1402, 1401, 1387, 566, 567, 1402, 278, 1388, 1403, 279, 1388, 1389, 1404, 1403, 1389, 1390, 1405, 1404, 1390, 1391, 1406, 1405, 1391, 1392, 1407, 1406, 1392, 1393, 1408, 1407, 1393, 1394, 1409, 1408, 1394, 1395, 1410, 1409, 1395, 1396, 1411, 1410, 1396, 1397, 1412, 1411, 1397, 1398, 1413, 1412, 1398, 1399, 1414, 1413, 1399, 1400, 1415, 1414, 1400, 1401, 1416, 1415, 1401, 1402, 1417, 1416, 1402, 567, 568, 1417, 279, 1403, 1418, 280, 1403, 1404, 1419, 1418, 1404, 1405, 1420, 1419, 1405, 1406, 1421, 1420, 1406, 1407, 1422, 1421, 1407, 1408, 1423, 1422, 1408, 1409, 1424, 1423, 1409, 1410, 1425, 1424, 1410, 1411, 1426, 1425, 1411, 1412, 1427, 1426, 1412, 1413, 1428, 1427, 1413, 1414, 1429, 1428, 1414, 1415, 1430, 1429, 1415, 1416, 1431, 1430, 1416, 1417, 1432, 1431, 1417, 568, 569, 1432, 280, 1418, 1433, 281, 1418, 1419, 1434, 1433, 1419, 1420, 1435, 1434, 1420, 1421, 1436, 1435, 1421, 1422, 1437, 1436, 1422, 1423, 1438, 1437, 1423, 1424, 1439, 1438, 1424, 1425, 1440, 1439, 1425, 1426, 1441, 1440, 1426, 1427, 1442, 1441, 1427, 1428, 1443, 1442, 1428, 1429, 1444, 1443, 1429, 1430, 1445, 1444, 1430, 1431, 1446, 1445, 1431, 1432, 1447, 1446, 1432, 569, 570, 1447, 281, 1433, 1448, 282, 1433, 1434, 1449, 1448, 1434, 1435, 1450, 1449, 1435, 1436, 1451, 1450, 1436, 1437, 1452, 1451, 1437, 1438, 1453, 1452, 1438, 1439, 1454, 1453, 1439, 1440, 1455, 1454, 1440, 1441, 1456, 1455, 1441, 1442, 1457, 1456, 1442, 1443, 1458, 1457, 1443, 1444, 1459, 1458, 1444, 1445, 1460, 1459, 1445, 1446, 1461, 1460, 1446, 1447, 1462, 1461, 1447, 570, 571, 1462, 282, 1448, 1463, 283, 1448, 1449, 1464, 1463, 1449, 1450, 1465, 1464, 1450, 1451, 1466, 1465, 1451, 1452, 1467, 1466, 1452, 1453, 1468, 1467, 1453, 1454, 1469, 1468, 1454, 1455, 1470, 1469, 1455, 1456, 1471, 1470, 1456, 1457, 1472, 1471, 1457, 1458, 1473, 1472, 1458, 1459, 1474, 1473, 1459, 1460, 1475, 1474, 1460, 1461, 1476, 1475, 1461, 1462, 1477, 1476, 1462, 571, 572, 1477, 283, 1463, 1478, 284, 1463, 1464, 1479, 1478, 1464, 1465, 1480, 1479, 1465, 1466, 1481, 1480, 1466, 1467, 1482, 1481, 1467, 1468, 1483, 1482, 1468, 1469, 1484, 1483, 1469, 1470, 1485, 1484, 1470, 1471, 1486, 1485, 1471, 1472, 1487, 1486, 1472, 1473, 1488, 1487, 1473, 1474, 1489, 1488, 1474, 1475, 1490, 1489, 1475, 1476, 1491, 1490, 1476, 1477, 1492, 1491, 1477, 572, 573, 1492, 284, 1478, 1493, 285, 1478, 1479, 1494, 1493, 1479, 1480, 1495, 1494, 1480, 1481, 1496, 1495, 1481, 1482, 1497, 1496, 1482, 1483, 1498, 1497, 1483, 1484, 1499, 1498, 1484, 1485, 1500, 1499, 1485, 1486, 1501, 1500, 1486, 1487, 1502, 1501, 1487, 1488, 1503, 1502, 1488, 1489, 1504, 1503, 1489, 1490, 1505, 1504, 1490, 1491, 1506, 1505, 1491, 1492, 1507, 1506, 1492, 573, 574, 1507, 285, 1493, 1508, 286, 1493, 1494, 1509, 1508, 1494, 1495, 1510, 1509, 1495, 1496, 1511, 1510, 1496, 1497, 1512, 1511, 1497, 1498, 1513, 1512, 1498, 1499, 1514, 1513, 1499, 1500, 1515, 1514, 1500, 1501, 1516, 1515, 1501, 1502, 1517, 1516, 1502, 1503, 1518, 1517, 1503, 1504, 1519, 1518, 1504, 1505, 1520, 1519, 1505, 1506, 1521, 1520, 1506, 1507, 1522, 1521, 1507, 574, 575, 1522, 286, 1508, 1523, 287, 1508, 1509, 1524, 1523, 1509, 1510, 1525, 1524, 1510, 1511, 1526, 1525, 1511, 1512, 1527, 1526, 1512, 1513, 1528, 1527, 1513, 1514, 1529, 1528, 1514, 1515, 1530, 1529, 1515, 1516, 1531, 1530, 1516, 1517, 1532, 1531, 1517, 1518, 1533, 1532, 1518, 1519, 1534, 1533, 1519, 1520, 1535, 1534, 1520, 1521, 1536, 1535, 1521, 1522, 1537, 1536, 1522, 575, 576, 1537, 287, 1523, 1073, 288, 1523, 1524, 1074, 1073, 1524, 1525, 1075, 1074, 1525, 1526, 1076, 1075, 1526, 1527, 1077, 1076, 1527, 1528, 1078, 1077, 1528, 1529, 1079, 1078, 1529, 1530, 1080, 1079, 1530, 1531, 1081, 1080, 1531, 1532, 1082, 1081, 1532, 1533, 1083, 1082, 1533, 1534, 1084, 1083, 1534, 1535, 1085, 1084, 1535, 1536, 1086, 1085, 1536, 1537, 1087, 1086, 1537, 576, 577, 1087]
        int[] holeIndices = []
        token interpolateBoundary = "edgeAndCorner"
        uniform token orientation = "rightHanded"
        point3f[] points = [(-0.06928203, -0.06928203, -0.06928203), (-0.072158016, -0.06313827, -0.072158016), (-0.07542472, -0.06599663, -0.06599663), (-0.072158016, -0.072158016, -0.06313827), (-0.074963406, -0.056222554, -0.074963406), (-0.078646265, -0.058984697, -0.068815485), (-0.0776114, -0.048507124, -0.0776114), (-0.08172063, -0.05107539, -0.07150555), (-0.08, -0.04, -0.08), (-0.08452329, -0.042261645, -0.073957875), (-0.08201834, -0.030756876, -0.08201834), (-0.086914316, -0.03259287, -0.07605003), (-0.08355728, -0.02088932, -0.08355728), (-0.08875203, -0.022188008, -0.07765803), (-0.08452329, -0.010565411, -0.08452329), (-0.089912236, -0.0112390295, -0.078673206), (-0.084852815, 0, -0.084852815), (-0.0903092, 0, -0.07902055), (-0.08452329, 0.010565411, -0.08452329), (-0.089912236, 0.0112390295, -0.078673206), (-0.08355728, 0.02088932, -0.08355728), (-0.08875203, 0.022188008, -0.07765803), (-0.08201834, 0.030756876, -0.08201834), (-0.086914316, 0.03259287, -0.07605003), (-0.08, 0.04, -0.08), (-0.08452329, 0.042261645, -0.073957875), (-0.0776114, 0.048507124, -0.0776114), (-0.08172063, 0.05107539, -0.07150555), (-0.074963406, 0.056222554, -0.074963406), (-0.078646265, 0.058984697, -0.068815485), (-0.072158016, 0.06313827, -0.072158016), (-0.07542472, 0.06599663, -0.06599663), (-0.06928203, 0.06928203, -0.06928203), (-0.072158016, 0.072158016, -0.06313827), (-0.078646265, -0.068815485, -0.058984697), (-0.074963406, -0.074963406, -0.056222554), (-0.08231932, -0.06173949, -0.06173949), (-0.08586501, -0.05366563, -0.06439876), (-0.08913376, -0.04456688, -0.06685032), (-0.091951326, -0.034481745, -0.06896349), (-0.09413575, -0.023533937, -0.070601806), (-0.09552357, -0.011940447, -0.071642675), (-0.096, 0, -0.072), (-0.09552357, 0.011940447, -0.071642675), (-0.09413575, 0.023533937, -0.070601806), (-0.091951326, 0.034481745, -0.06896349), (-0.08913376, 0.04456688, -0.06685032), (-0.08586501, 0.05366563, -0.06439876), (-0.08231932, 0.06173949, -0.06173949), (-0.078646265, 0.068815485, -0.058984697), (-0.074963406, 0.074963406, -0.056222554), (-0.08172063, -0.07150555, -0.05107539), (-0.0776114, -0.0776114, -0.048507124), (-0.08586501, -0.06439876, -0.05366563), (-0.089912236, -0.056195147, -0.056195147), (-0.09368641, -0.046843205, -0.058554005), (-0.09697464, -0.03636549, -0.060609154), (-0.099547364, -0.024886841, -0.0622171), (-0.101192884, -0.0126491105, -0.06324555), (-0.1017598, 0, -0.06359987), (-0.101192884, 0.0126491105, -0.06324555), (-0.099547364, 0.024886841, -0.0622171), (-0.09697464, 0.03636549, -0.060609154), (-0.09368641, 0.046843205, -0.058554005), (-0.089912236, 0.056195147, -0.056195147), (-0.08586501, 0.06439876, -0.05366563), (-0.08172063, 0.07150555, -0.05107539), (-0.0776114, 0.0776114, -0.048507124), (-0.08452329, -0.073957875, -0.042261645), (-0.08, -0.08, -0.04), (-0.08913376, -0.06685032, -0.04456688), (-0.09368641, -0.058554005, -0.046843205), (-0.09797959, -0.048989795, -0.048989795), (-0.1017598, -0.038159925, -0.0508799), (-0.10474459, -0.026186148, -0.052372295), (-0.10666667, -0.013333334, -0.053333335), (-0.10733126, 0, -0.05366563), (-0.10666667, 0.013333334, -0.053333335), (-0.10474459, 0.026186148, -0.052372295), (-0.1017598, 0.038159925, -0.0508799), (-0.09797959, 0.048989795, -0.048989795), (-0.09368641, 0.058554005, -0.046843205), (-0.08913376, 0.06685032, -0.04456688), (-0.08452329, 0.073957875, -0.042261645), (-0.08, 0.08, -0.04), (-0.086914316, -0.07605003, -0.03259287), (-0.08201834, -0.08201834, -0.030756876), (-0.091951326, -0.06896349, -0.034481745), (-0.09697464, -0.060609154, -0.03636549), (-0.1017598, -0.0508799, -0.038159925), (-0.10601427, -0.039755348, -0.039755348), (-0.10940215, -0.027350537, -0.041025806), (-0.11159773, -0.013949716, -0.04184915), (-0.1123595, 0, -0.042134814), (-0.11159773, 0.013949716, -0.04184915), (-0.10940215, 0.027350537, -0.041025806), (-0.10601427, 0.039755348, -0.039755348), (-0.1017598, 0.0508799, -0.038159925), (-0.09697464, 0.060609154, -0.03636549), (-0.091951326, 0.06896349, -0.034481745), (-0.086914316, 0.07605003, -0.03259287), (-0.08201834, 0.08201834, -0.030756876), (-0.08875203, -0.07765803, -0.022188008), (-0.08355728, -0.08355728, -0.02088932), (-0.09413575, -0.070601806, -0.023533937), (-0.099547364, -0.0622171, -0.024886841), (-0.10474459, -0.052372295, -0.026186148), (-0.10940215, -0.041025806, -0.027350537), (-0.11313708, -0.02828427, -0.02828427), (-0.11557042, -0.014446302, -0.028892605), (-0.1164171, 0, -0.029104276), (-0.11557042, 0.014446302, -0.028892605), (-0.11313708, 0.02828427, -0.02828427), (-0.10940215, 0.041025806, -0.027350537), (-0.10474459, 0.052372295, -0.026186148), (-0.099547364, 0.0622171, -0.024886841), (-0.09413575, 0.070601806, -0.023533937), (-0.08875203, 0.07765803, -0.022188008), (-0.08355728, 0.08355728, -0.02088932), (-0.089912236, -0.078673206, -0.0112390295), (-0.08452329, -0.08452329, -0.010565411), (-0.09552357, -0.071642675, -0.011940447), (-0.101192884, -0.06324555, -0.0126491105), (-0.10666667, -0.053333335, -0.013333334), (-0.11159773, -0.04184915, -0.013949716), (-0.11557042, -0.028892605, -0.014446302), (-0.11816783, -0.014770979, -0.014770979), (-0.119073346, 0, -0.014884168), (-0.11816783, 0.014770979, -0.014770979), (-0.11557042, 0.028892605, -0.014446302), (-0.11159773, 0.04184915, -0.013949716), (-0.10666667, 0.053333335, -0.013333334), (-0.101192884, 0.06324555, -0.0126491105), (-0.09552357, 0.071642675, -0.011940447), (-0.089912236, 0.078673206, -0.0112390295), (-0.08452329, 0.08452329, -0.010565411), (-0.0903092, -0.07902055, 0), (-0.084852815, -0.084852815, 0), (-0.096, -0.072, 0), (-0.1017598, -0.06359987, 0), (-0.10733126, -0.05366563, 0), (-0.1123595, -0.042134814, 0), (-0.1164171, -0.029104276, 0), (-0.119073346, -0.014884168, 0), (-0.12, 0, 0), (-0.119073346, 0.014884168, 0), (-0.1164171, 0.029104276, 0), (-0.1123595, 0.042134814, 0), (-0.10733126, 0.05366563, 0), (-0.1017598, 0.06359987, 0), (-0.096, 0.072, 0), (-0.0903092, 0.07902055, 0), (-0.084852815, 0.084852815, 0), (-0.089912236, -0.078673206, 0.0112390295), (-0.08452329, -0.08452329, 0.010565411), (-0.09552357, -0.071642675, 0.011940447), (-0.101192884, -0.06324555, 0.0126491105), (-0.10666667, -0.053333335, 0.013333334), (-0.11159773, -0.04184915, 0.013949716), (-0.11557042, -0.028892605, 0.014446302), (-0.11816783, -0.014770979, 0.014770979), (-0.119073346, 0, 0.014884168), (-0.11816783, 0.014770979, 0.014770979), (-0.11557042, 0.028892605, 0.014446302), (-0.11159773, 0.04184915, 0.013949716), (-0.10666667, 0.053333335, 0.013333334), (-0.101192884, 0.06324555, 0.0126491105), (-0.09552357, 0.071642675, 0.011940447), (-0.089912236, 0.078673206, 0.0112390295), (-0.08452329, 0.08452329, 0.010565411), (-0.08875203, -0.07765803, 0.022188008), (-0.08355728, -0.08355728, 0.02088932), (-0.09413575, -0.070601806, 0.023533937), (-0.099547364, -0.0622171, 0.024886841), (-0.10474459, -0.052372295, 0.026186148), (-0.10940215, -0.041025806, 0.027350537), (-0.11313708, -0.02828427, 0.02828427), (-0.11557042, -0.014446302, 0.028892605), (-0.1164171, 0, 0.029104276), (-0.11557042, 0.014446302, 0.028892605), (-0.11313708, 0.02828427, 0.02828427), (-0.10940215, 0.041025806, 0.027350537), (-0.10474459, 0.052372295, 0.026186148), (-0.099547364, 0.0622171, 0.024886841), (-0.09413575, 0.070601806, 0.023533937), (-0.08875203, 0.07765803, 0.022188008), (-0.08355728, 0.08355728, 0.02088932), (-0.086914316, -0.07605003, 0.03259287), (-0.08201834, -0.08201834, 0.030756876), (-0.091951326, -0.06896349, 0.034481745), (-0.09697464, -0.060609154, 0.03636549), (-0.1017598, -0.0508799, 0.038159925), (-0.10601427, -0.039755348, 0.039755348), (-0.10940215, -0.027350537, 0.041025806), (-0.11159773, -0.013949716, 0.04184915), (-0.1123595, 0, 0.042134814), (-0.11159773, 0.013949716, 0.04184915), (-0.10940215, 0.027350537, 0.041025806), (-0.10601427, 0.039755348, 0.039755348), (-0.1017598, 0.0508799, 0.038159925), (-0.09697464, 0.060609154, 0.03636549), (-0.091951326, 0.06896349, 0.034481745), (-0.086914316, 0.07605003, 0.03259287), (-0.08201834, 0.08201834, 0.030756876), (-0.08452329, -0.073957875, 0.042261645), (-0.08, -0.08, 0.04), (-0.08913376, -0.06685032, 0.04456688), (-0.09368641, -0.058554005, 0.046843205), (-0.09797959, -0.048989795, 0.048989795), (-0.1017598, -0.038159925, 0.0508799), (-0.10474459, -0.026186148, 0.052372295), (-0.10666667, -0.013333334, 0.053333335), (-0.10733126, 0, 0.05366563), (-0.10666667, 0.013333334, 0.053333335), (-0.10474459, 0.026186148, 0.052372295), (-0.1017598, 0.038159925, 0.0508799), (-0.09797959, 0.048989795, 0.048989795), (-0.09368641, 0.058554005, 0.046843205), (-0.08913376, 0.06685032, 0.04456688), (-0.08452329, 0.073957875, 0.042261645), (-0.08, 0.08, 0.04), (-0.08172063, -0.07150555, 0.05107539), (-0.0776114, -0.0776114, 0.048507124), (-0.08586501, -0.06439876, 0.05366563), (-0.089912236, -0.056195147, 0.056195147), (-0.09368641, -0.046843205, 0.058554005), (-0.09697464, -0.03636549, 0.060609154), (-0.099547364, -0.024886841, 0.0622171), (-0.101192884, -0.0126491105, 0.06324555), (-0.1017598, 0, 0.06359987), (-0.101192884, 0.0126491105, 0.06324555), (-0.099547364, 0.024886841, 0.0622171), (-0.09697464, 0.03636549, 0.060609154), (-0.09368641, 0.046843205, 0.058554005), (-0.089912236, 0.056195147, 0.056195147), (-0.08586501, 0.06439876, 0.05366563), (-0.08172063, 0.07150555, 0.05107539), (-0.0776114, 0.0776114, 0.048507124), (-0.078646265, -0.068815485, 0.058984697), (-0.074963406, -0.074963406, 0.056222554), (-0.08231932, -0.06173949, 0.06173949), (-0.08586501, -0.05366563, 0.06439876), (-0.08913376, -0.04456688, 0.06685032), (-0.091951326, -0.034481745, 0.06896349), (-0.09413575, -0.023533937, 0.070601806), (-0.09552357, -0.011940447, 0.071642675), (-0.096, 0, 0.072), (-0.09552357, 0.011940447, 0.071642675), (-0.09413575, 0.023533937, 0.070601806), (-0.091951326, 0.034481745, 0.06896349), (-0.08913376, 0.04456688, 0.06685032), (-0.08586501, 0.05366563, 0.06439876), (-0.08231932, 0.06173949, 0.06173949), (-0.078646265, 0.068815485, 0.058984697), (-0.074963406, 0.074963406, 0.056222554), (-0.07542472, -0.06599663, 0.06599663), (-0.072158016, -0.072158016, 0.06313827), (-0.078646265, -0.058984697, 0.068815485), (-0.08172063, -0.05107539, 0.07150555), (-0.08452329, -0.042261645, 0.073957875), (-0.086914316, -0.03259287, 0.07605003), (-0.08875203, -0.022188008, 0.07765803), (-0.089912236, -0.0112390295, 0.078673206), (-0.0903092, 0, 0.07902055), (-0.089912236, 0.0112390295, 0.078673206), (-0.08875203, 0.022188008, 0.07765803), (-0.086914316, 0.03259287, 0.07605003), (-0.08452329, 0.042261645, 0.073957875), (-0.08172063, 0.05107539, 0.07150555), (-0.078646265, 0.058984697, 0.068815485), (-0.07542472, 0.06599663, 0.06599663), (-0.072158016, 0.072158016, 0.06313827), (-0.072158016, -0.06313827, 0.072158016), (-0.06928203, -0.06928203, 0.06928203), (-0.074963406, -0.056222554, 0.074963406), (-0.0776114, -0.048507124, 0.0776114), (-0.08, -0.04, 0.08), (-0.08201834, -0.030756876, 0.08201834), (-0.08355728, -0.02088932, 0.08355728), (-0.08452329, -0.010565411, 0.08452329), (-0.084852815, 0, 0.084852815), (-0.08452329, 0.010565411, 0.08452329), (-0.08355728, 0.02088932, 0.08355728), (-0.08201834, 0.030756876, 0.08201834), (-0.08, 0.04, 0.08), (-0.0776114, 0.048507124, 0.0776114), (-0.074963406, 0.056222554, 0.074963406), (-0.072158016, 0.06313827, 0.072158016), (-0.06928203, 0.06928203, 0.06928203), (0.06928203, -0.06928203, -0.06928203), (0.072158016, -0.06313827, -0.072158016), (0.07542472, -0.06599663, -0.06599663), (0.072158016, -0.072158016, -0.06313827), (0.074963406, -0.056222554, -0.074963406), (0.078646265, -0.058984697, -0.068815485), (0.0776114, -0.048507124, -0.0776114), (0.08172063, -0.05107539, -0.07150555), (0.08, -0.04, -0.08), (0.08452329, -0.042261645, -0.073957875), (0.08201834, -0.030756876, -0.08201834), (0.086914316, -0.03259287, -0.07605003), (0.08355728, -0.02088932, -0.08355728), (0.08875203, -0.022188008, -0.07765803), (0.08452329, -0.010565411, -0.08452329), (0.089912236, -0.0112390295, -0.078673206), (0.084852815, 0, -0.084852815), (0.0903092, 0, -0.07902055), (0.08452329, 0.010565411, -0.08452329), (0.089912236, 0.0112390295, -0.078673206), (0.08355728, 0.02088932, -0.08355728), (0.08875203, 0.022188008, -0.07765803), (0.08201834, 0.030756876, -0.08201834), (0.086914316, 0.03259287, -0.07605003), (0.08, 0.04, -0.08), (0.08452329, 0.042261645, -0.073957875), (0.0776114, 0.048507124, -0.0776114), (0.08172063, 0.05107539, -0.07150555), (0.074963406, 0.056222554, -0.074963406), (0.078646265, 0.058984697, -0.068815485), (0.072158016, 0.06313827, -0.072158016), (0.07542472, 0.06599663, -0.06599663), (0.06928203, 0.06928203, -0.06928203), (0.072158016, 0.072158016, -0.06313827), (0.078646265, -0.068815485, -0.058984697), (0.074963406, -0.074963406, -0.056222554), (0.08231932, -0.06173949, -0.06173949), (0.08586501, -0.05366563, -0.06439876), (0.08913376, -0.04456688, -0.06685032), (0.091951326, -0.034481745, -0.06896349), (0.09413575, -0.023533937, -0.070601806), (0.09552357, -0.011940447, -0.071642675), (0.096, 0, -0.072), (0.09552357, 0.011940447, -0.071642675), (0.09413575, 0.023533937, -0.070601806), (0.091951326, 0.034481745, -0.06896349), (0.08913376, 0.04456688, -0.06685032), (0.08586501, 0.05366563, -0.06439876), (0.08231932, 0.06173949, -0.06173949), (0.078646265, 0.068815485, -0.058984697), (0.074963406, 0.074963406, -0.056222554), (0.08172063, -0.07150555, -0.05107539), (0.0776114, -0.0776114, -0.048507124), (0.08586501, -0.06439876, -0.05366563), (0.089912236, -0.056195147, -0.056195147), (0.09368641, -0.046843205, -0.058554005), (0.09697464, -0.03636549, -0.060609154), (0.099547364, -0.024886841, -0.0622171), (0.101192884, -0.0126491105, -0.06324555), (0.1017598, 0, -0.06359987), (0.101192884, 0.0126491105, -0.06324555), (0.099547364, 0.024886841, -0.0622171), (0.09697464, 0.03636549, -0.060609154), (0.09368641, 0.046843205, -0.058554005), (0.089912236, 0.056195147, -0.056195147), (0.08586501, 0.06439876, -0.05366563), (0.08172063, 0.07150555, -0.05107539), (0.0776114, 0.0776114, -0.048507124), (0.08452329, -0.073957875, -0.042261645), (0.08, -0.08, -0.04), (0.08913376, -0.06685032, -0.04456688), (0.09368641, -0.058554005, -0.046843205), (0.09797959, -0.048989795, -0.048989795), (0.1017598, -0.038159925, -0.0508799), (0.10474459, -0.026186148, -0.052372295), (0.10666667, -0.013333334, -0.053333335), (0.10733126, 0, -0.05366563), (0.10666667, 0.013333334, -0.053333335), (0.10474459, 0.026186148, -0.052372295), (0.1017598, 0.038159925, -0.0508799), (0.09797959, 0.048989795, -0.048989795), (0.09368641, 0.058554005, -0.046843205), (0.08913376, 0.06685032, -0.04456688), (0.08452329, 0.073957875, -0.042261645), (0.08, 0.08, -0.04), (0.086914316, -0.07605003, -0.03259287), (0.08201834, -0.08201834, -0.030756876), (0.091951326, -0.06896349, -0.034481745), (0.09697464, -0.060609154, -0.03636549), (0.1017598, -0.0508799, -0.038159925), (0.10601427, -0.039755348, -0.039755348), (0.10940215, -0.027350537, -0.041025806), (0.11159773, -0.013949716, -0.04184915), (0.1123595, 0, -0.042134814), (0.11159773, 0.013949716, -0.04184915), (0.10940215, 0.027350537, -0.041025806), (0.10601427, 0.039755348, -0.039755348), (0.1017598, 0.0508799, -0.038159925), (0.09697464, 0.060609154, -0.03636549), (0.091951326, 0.06896349, -0.034481745), (0.086914316, 0.07605003, -0.03259287), (0.08201834, 0.08201834, -0.030756876), (0.08875203, -0.07765803, -0.022188008), (0.08355728, -0.08355728, -0.02088932), (0.09413575, -0.070601806, -0.023533937), (0.099547364, -0.0622171, -0.024886841), (0.10474459, -0.052372295, -0.026186148), (0.10940215, -0.041025806, -0.027350537), (0.11313708, -0.02828427, -0.02828427), (0.11557042, -0.014446302, -0.028892605), (0.1164171, 0, -0.029104276), (0.11557042, 0.014446302, -0.028892605), (0.11313708, 0.02828427, -0.02828427), (0.10940215, 0.041025806, -0.027350537), (0.10474459, 0.052372295, -0.026186148), (0.099547364, 0.0622171, -0.024886841), (0.09413575, 0.070601806, -0.023533937), (0.08875203, 0.07765803, -0.022188008), (0.08355728, 0.08355728, -0.02088932), (0.089912236, -0.078673206, -0.0112390295), (0.08452329, -0.08452329, -0.010565411), (0.09552357, -0.071642675, -0.011940447), (0.101192884, -0.06324555, -0.0126491105), (0.10666667, -0.053333335, -0.013333334), (0.11159773, -0.04184915, -0.013949716), (0.11557042, -0.028892605, -0.014446302), (0.11816783, -0.014770979, -0.014770979), (0.119073346, 0, -0.014884168), (0.11816783, 0.014770979, -0.014770979), (0.11557042, 0.028892605, -0.014446302), (0.11159773, 0.04184915, -0.013949716), (0.10666667, 0.053333335, -0.013333334), (0.101192884, 0.06324555, -0.0126491105), (0.09552357, 0.071642675, -0.011940447), (0.089912236, 0.078673206, -0.0112390295), (0.08452329, 0.08452329, -0.010565411), (0.0903092, -0.07902055, 0), (0.084852815, -0.084852815, 0), (0.096, -0.072, 0), (0.1017598, -0.06359987, 0), (0.10733126, -0.05366563, 0), (0.1123595, -0.042134814, 0), (0.1164171, -0.029104276, 0), (0.119073346, -0.014884168, 0), (0.12, 0, 0), (0.119073346, 0.014884168, 0), (0.1164171, 0.029104276, 0), (0.1123595, 0.042134814, 0), (0.10733126, 0.05366563, 0), (0.1017598, 0.06359987, 0), (0.096, 0.072, 0), (0.0903092, 0.07902055, 0), (0.084852815, 0.084852815, 0), (0.089912236, -0.078673206, 0.0112390295), (0.08452329, -0.08452329, 0.010565411), (0.09552357, -0.071642675, 0.011940447), (0.101192884, -0.06324555, 0.0126491105), (0.10666667, -0.053333335, 0.013333334), (0.11159773, -0.04184915, 0.013949716), (0.11557042, -0.028892605, 0.014446302), (0.11816783, -0.014770979, 0.014770979), (0.119073346, 0, 0.014884168), (0.11816783, 0.014770979, 0.014770979), (0.11557042, 0.028892605, 0.014446302), (0.11159773, 0.04184915, 0.013949716), (0.10666667, 0.053333335, 0.013333334), (0.101192884, 0.06324555, 0.0126491105), (0.09552357, 0.071642675, 0.011940447), (0.089912236, 0.078673206, 0.0112390295), (0.08452329, 0.08452329, 0.010565411), (0.08875203, -0.07765803, 0.022188008), (0.08355728, -0.08355728, 0.02088932), (0.09413575, -0.070601806, 0.023533937), (0.099547364, -0.0622171, 0.024886841), (0.10474459, -0.052372295, 0.026186148), (0.10940215, -0.041025806, 0.027350537), (0.11313708, -0.02828427, 0.02828427), (0.11557042, -0.014446302, 0.028892605), (0.1164171, 0, 0.029104276), (0.11557042, 0.014446302, 0.028892605), (0.11313708, 0.02828427, 0.02828427), (0.10940215, 0.041025806, 0.027350537), (0.10474459, 0.052372295, 0.026186148), (0.099547364, 0.0622171, 0.024886841), (0.09413575, 0.070601806, 0.023533937), (0.08875203, 0.07765803, 0.022188008), (0.08355728, 0.08355728, 0.02088932), (0.086914316, -0.07605003, 0.03259287), (0.08201834, -0.08201834, 0.030756876), (0.091951326, -0.06896349, 0.034481745), (0.09697464, -0.060609154, 0.03636549), (0.1017598, -0.0508799, 0.038159925), (0.10601427, -0.039755348, 0.039755348), (0.10940215, -0.027350537, 0.041025806), (0.11159773, -0.013949716, 0.04184915), (0.1123595, 0, 0.042134814), (0.11159773, 0.013949716, 0.04184915), (0.10940215, 0.027350537, 0.041025806), (0.10601427, 0.039755348, 0.039755348), (0.1017598, 0.0508799, 0.038159925), (0.09697464, 0.060609154, 0.03636549), (0.091951326, 0.06896349, 0.034481745), (0.086914316, 0.07605003, 0.03259287), (0.08201834, 0.08201834, 0.030756876), (0.08452329, -0.073957875, 0.042261645), (0.08, -0.08, 0.04), (0.08913376, -0.06685032, 0.04456688), (0.09368641, -0.058554005, 0.046843205), (0.09797959, -0.048989795, 0.048989795), (0.1017598, -0.038159925, 0.0508799), (0.10474459, -0.026186148, 0.052372295), (0.10666667, -0.013333334, 0.053333335), (0.10733126, 0, 0.05366563), (0.10666667, 0.013333334, 0.053333335), (0.10474459, 0.026186148, 0.052372295), (0.1017598, 0.038159925, 0.0508799), (0.09797959, 0.048989795, 0.048989795), (0.09368641, 0.058554005, 0.046843205), (0.08913376, 0.06685032, 0.04456688), (0.08452329, 0.073957875, 0.042261645), (0.08, 0.08, 0.04), (0.08172063, -0.07150555, 0.05107539), (0.0776114, -0.0776114, 0.048507124), (0.08586501, -0.06439876, 0.05366563), (0.089912236, -0.056195147, 0.056195147), (0.09368641, -0.046843205, 0.058554005), (0.09697464, -0.03636549, 0.060609154), (0.099547364, -0.024886841, 0.0622171), (0.101192884, -0.0126491105, 0.06324555), (0.1017598, 0, 0.06359987), (0.101192884, 0.0126491105, 0.06324555), (0.099547364, 0.024886841, 0.0622171), (0.09697464, 0.03636549, 0.060609154), (0.09368641, 0.046843205, 0.058554005), (0.089912236, 0.056195147, 0.056195147), (0.08586501, 0.06439876, 0.05366563), (0.08172063, 0.07150555, 0.05107539), (0.0776114, 0.0776114, 0.048507124), (0.078646265, -0.068815485, 0.058984697), (0.074963406, -0.074963406, 0.056222554), (0.08231932, -0.06173949, 0.06173949), (0.08586501, -0.05366563, 0.06439876), (0.08913376, -0.04456688, 0.06685032), (0.091951326, -0.034481745, 0.06896349), (0.09413575, -0.023533937, 0.070601806), (0.09552357, -0.011940447, 0.071642675), (0.096, 0, 0.072), (0.09552357, 0.011940447, 0.071642675), (0.09413575, 0.023533937, 0.070601806), (0.091951326, 0.034481745, 0.06896349), (0.08913376, 0.04456688, 0.06685032), (0.08586501, 0.05366563, 0.06439876), (0.08231932, 0.06173949, 0.06173949), (0.078646265, 0.068815485, 0.058984697), (0.074963406, 0.074963406, 0.056222554), (0.07542472, -0.06599663, 0.06599663), (0.072158016, -0.072158016, 0.06313827), (0.078646265, -0.058984697, 0.068815485), (0.08172063, -0.05107539, 0.07150555), (0.08452329, -0.042261645, 0.073957875), (0.086914316, -0.03259287, 0.07605003), (0.08875203, -0.022188008, 0.07765803), (0.089912236, -0.0112390295, 0.078673206), (0.0903092, 0, 0.07902055), (0.089912236, 0.0112390295, 0.078673206), (0.08875203, 0.022188008, 0.07765803), (0.086914316, 0.03259287, 0.07605003), (0.08452329, 0.042261645, 0.073957875), (0.08172063, 0.05107539, 0.07150555), (0.078646265, 0.058984697, 0.068815485), (0.07542472, 0.06599663, 0.06599663), (0.072158016, 0.072158016, 0.06313827), (0.072158016, -0.06313827, 0.072158016), (0.06928203, -0.06928203, 0.06928203), (0.074963406, -0.056222554, 0.074963406), (0.0776114, -0.048507124, 0.0776114), (0.08, -0.04, 0.08), (0.08201834, -0.030756876, 0.08201834), (0.08355728, -0.02088932, 0.08355728), (0.08452329, -0.010565411, 0.08452329), (0.084852815, 0, 0.084852815), (0.08452329, 0.010565411, 0.08452329), (0.08355728, 0.02088932, 0.08355728), (0.08201834, 0.030756876, 0.08201834), (0.08, 0.04, 0.08), (0.0776114, 0.048507124, 0.0776114), (0.074963406, 0.056222554, 0.074963406), (0.072158016, 0.06313827, 0.072158016), (0.06928203, 0.06928203, 0.06928203), (-0.06313827, -0.072158016, -0.072158016), (-0.06599663, -0.07542472, -0.06599663), (-0.056222554, -0.074963406, -0.074963406), (-0.058984697, -0.078646265, -0.068815485), (-0.048507124, -0.0776114, -0.0776114), (-0.05107539, -0.08172063, -0.07150555), (-0.04, -0.08, -0.08), (-0.042261645, -0.08452329, -0.073957875), (-0.030756876, -0.08201834, -0.08201834), (-0.03259287, -0.086914316, -0.07605003), (-0.02088932, -0.08355728, -0.08355728), (-0.022188008, -0.08875203, -0.07765803), (-0.010565411, -0.08452329, -0.08452329), (-0.0112390295, -0.089912236, -0.078673206), (0, -0.084852815, -0.084852815), (0, -0.0903092, -0.07902055), (0.010565411, -0.08452329, -0.08452329), (0.0112390295, -0.089912236, -0.078673206), (0.02088932, -0.08355728, -0.08355728), (0.022188008, -0.08875203, -0.07765803), (0.030756876, -0.08201834, -0.08201834), (0.03259287, -0.086914316, -0.07605003), (0.04, -0.08, -0.08), (0.042261645, -0.08452329, -0.073957875), (0.048507124, -0.0776114, -0.0776114), (0.05107539, -0.08172063, -0.07150555), (0.056222554, -0.074963406, -0.074963406), (0.058984697, -0.078646265, -0.068815485), (0.06313827, -0.072158016, -0.072158016), (0.06599663, -0.07542472, -0.06599663), (-0.068815485, -0.078646265, -0.058984697), (-0.06173949, -0.08231932, -0.06173949), (-0.05366563, -0.08586501, -0.06439876), (-0.04456688, -0.08913376, -0.06685032), (-0.034481745, -0.091951326, -0.06896349), (-0.023533937, -0.09413575, -0.070601806), (-0.011940447, -0.09552357, -0.071642675), (0, -0.096, -0.072), (0.011940447, -0.09552357, -0.071642675), (0.023533937, -0.09413575, -0.070601806), (0.034481745, -0.091951326, -0.06896349), (0.04456688, -0.08913376, -0.06685032), (0.05366563, -0.08586501, -0.06439876), (0.06173949, -0.08231932, -0.06173949), (0.068815485, -0.078646265, -0.058984697), (-0.07150555, -0.08172063, -0.05107539), (-0.06439876, -0.08586501, -0.05366563), (-0.056195147, -0.089912236, -0.056195147), (-0.046843205, -0.09368641, -0.058554005), (-0.03636549, -0.09697464, -0.060609154), (-0.024886841, -0.099547364, -0.0622171), (-0.0126491105, -0.101192884, -0.06324555), (0, -0.1017598, -0.06359987), (0.0126491105, -0.101192884, -0.06324555), (0.024886841, -0.099547364, -0.0622171), (0.03636549, -0.09697464, -0.060609154), (0.046843205, -0.09368641, -0.058554005), (0.056195147, -0.089912236, -0.056195147), (0.06439876, -0.08586501, -0.05366563), (0.07150555, -0.08172063, -0.05107539), (-0.073957875, -0.08452329, -0.042261645), (-0.06685032, -0.08913376, -0.04456688), (-0.058554005, -0.09368641, -0.046843205), (-0.048989795, -0.09797959, -0.048989795), (-0.038159925, -0.1017598, -0.0508799), (-0.026186148, -0.10474459, -0.052372295), (-0.013333334, -0.10666667, -0.053333335), (0, -0.10733126, -0.05366563), (0.013333334, -0.10666667, -0.053333335), (0.026186148, -0.10474459, -0.052372295), (0.038159925, -0.1017598, -0.0508799), (0.048989795, -0.09797959, -0.048989795), (0.058554005, -0.09368641, -0.046843205), (0.06685032, -0.08913376, -0.04456688), (0.073957875, -0.08452329, -0.042261645), (-0.07605003, -0.086914316, -0.03259287), (-0.06896349, -0.091951326, -0.034481745), (-0.060609154, -0.09697464, -0.03636549), (-0.0508799, -0.1017598, -0.038159925), (-0.039755348, -0.10601427, -0.039755348), (-0.027350537, -0.10940215, -0.041025806), (-0.013949716, -0.11159773, -0.04184915), (0, -0.1123595, -0.042134814), (0.013949716, -0.11159773, -0.04184915), (0.027350537, -0.10940215, -0.041025806), (0.039755348, -0.10601427, -0.039755348), (0.0508799, -0.1017598, -0.038159925), (0.060609154, -0.09697464, -0.03636549), (0.06896349, -0.091951326, -0.034481745), (0.07605003, -0.086914316, -0.03259287), (-0.07765803, -0.08875203, -0.022188008), (-0.070601806, -0.09413575, -0.023533937), (-0.0622171, -0.099547364, -0.024886841), (-0.052372295, -0.10474459, -0.026186148), (-0.041025806, -0.10940215, -0.027350537), (-0.02828427, -0.11313708, -0.02828427), (-0.014446302, -0.11557042, -0.028892605), (0, -0.1164171, -0.029104276), (0.014446302, -0.11557042, -0.028892605), (0.02828427, -0.11313708, -0.02828427), (0.041025806, -0.10940215, -0.027350537), (0.052372295, -0.10474459, -0.026186148), (0.0622171, -0.099547364, -0.024886841), (0.070601806, -0.09413575, -0.023533937), (0.07765803, -0.08875203, -0.022188008), (-0.078673206, -0.089912236, -0.0112390295), (-0.071642675, -0.09552357, -0.011940447), (-0.06324555, -0.101192884, -0.0126491105), (-0.053333335, -0.10666667, -0.013333334), (-0.04184915, -0.11159773, -0.013949716), (-0.028892605, -0.11557042, -0.014446302), (-0.014770979, -0.11816783, -0.014770979), (0, -0.119073346, -0.014884168), (0.014770979, -0.11816783, -0.014770979), (0.028892605, -0.11557042, -0.014446302), (0.04184915, -0.11159773, -0.013949716), (0.053333335, -0.10666667, -0.013333334), (0.06324555, -0.101192884, -0.0126491105), (0.071642675, -0.09552357, -0.011940447), (0.078673206, -0.089912236, -0.0112390295), (-0.07902055, -0.0903092, 0), (-0.072, -0.096, 0), (-0.06359987, -0.1017598, 0), (-0.05366563, -0.10733126, 0), (-0.042134814, -0.1123595, 0), (-0.029104276, -0.1164171, 0), (-0.014884168, -0.119073346, 0), (0, -0.12, 0), (0.014884168, -0.119073346, 0), (0.029104276, -0.1164171, 0), (0.042134814, -0.1123595, 0), (0.05366563, -0.10733126, 0), (0.06359987, -0.1017598, 0), (0.072, -0.096, 0), (0.07902055, -0.0903092, 0), (-0.078673206, -0.089912236, 0.0112390295), (-0.071642675, -0.09552357, 0.011940447), (-0.06324555, -0.101192884, 0.0126491105), (-0.053333335, -0.10666667, 0.013333334), (-0.04184915, -0.11159773, 0.013949716), (-0.028892605, -0.11557042, 0.014446302), (-0.014770979, -0.11816783, 0.014770979), (0, -0.119073346, 0.014884168), (0.014770979, -0.11816783, 0.014770979), (0.028892605, -0.11557042, 0.014446302), (0.04184915, -0.11159773, 0.013949716), (0.053333335, -0.10666667, 0.013333334), (0.06324555, -0.101192884, 0.0126491105), (0.071642675, -0.09552357, 0.011940447), (0.078673206, -0.089912236, 0.0112390295), (-0.07765803, -0.08875203, 0.022188008), (-0.070601806, -0.09413575, 0.023533937), (-0.0622171, -0.099547364, 0.024886841), (-0.052372295, -0.10474459, 0.026186148), (-0.041025806, -0.10940215, 0.027350537), (-0.02828427, -0.11313708, 0.02828427), (-0.014446302, -0.11557042, 0.028892605), (0, -0.1164171, 0.029104276), (0.014446302, -0.11557042, 0.028892605), (0.02828427, -0.11313708, 0.02828427), (0.041025806, -0.10940215, 0.027350537), (0.052372295, -0.10474459, 0.026186148), (0.0622171, -0.099547364, 0.024886841), (0.070601806, -0.09413575, 0.023533937), (0.07765803, -0.08875203, 0.022188008), (-0.07605003, -0.086914316, 0.03259287), (-0.06896349, -0.091951326, 0.034481745), (-0.060609154, -0.09697464, 0.03636549), (-0.0508799, -0.1017598, 0.038159925), (-0.039755348, -0.10601427, 0.039755348), (-0.027350537, -0.10940215, 0.041025806), (-0.013949716, -0.11159773, 0.04184915), (0, -0.1123595, 0.042134814), (0.013949716, -0.11159773, 0.04184915), (0.027350537, -0.10940215, 0.041025806), (0.039755348, -0.10601427, 0.039755348), (0.0508799, -0.1017598, 0.038159925), (0.060609154, -0.09697464, 0.03636549), (0.06896349, -0.091951326, 0.034481745), (0.07605003, -0.086914316, 0.03259287), (-0.073957875, -0.08452329, 0.042261645), (-0.06685032, -0.08913376, 0.04456688), (-0.058554005, -0.09368641, 0.046843205), (-0.048989795, -0.09797959, 0.048989795), (-0.038159925, -0.1017598, 0.0508799), (-0.026186148, -0.10474459, 0.052372295), (-0.013333334, -0.10666667, 0.053333335), (0, -0.10733126, 0.05366563), (0.013333334, -0.10666667, 0.053333335), (0.026186148, -0.10474459, 0.052372295), (0.038159925, -0.1017598, 0.0508799), (0.048989795, -0.09797959, 0.048989795), (0.058554005, -0.09368641, 0.046843205), (0.06685032, -0.08913376, 0.04456688), (0.073957875, -0.08452329, 0.042261645), (-0.07150555, -0.08172063, 0.05107539), (-0.06439876, -0.08586501, 0.05366563), (-0.056195147, -0.089912236, 0.056195147), (-0.046843205, -0.09368641, 0.058554005), (-0.03636549, -0.09697464, 0.060609154), (-0.024886841, -0.099547364, 0.0622171), (-0.0126491105, -0.101192884, 0.06324555), (0, -0.1017598, 0.06359987), (0.0126491105, -0.101192884, 0.06324555), (0.024886841, -0.099547364, 0.0622171), (0.03636549, -0.09697464, 0.060609154), (0.046843205, -0.09368641, 0.058554005), (0.056195147, -0.089912236, 0.056195147), (0.06439876, -0.08586501, 0.05366563), (0.07150555, -0.08172063, 0.05107539), (-0.068815485, -0.078646265, 0.058984697), (-0.06173949, -0.08231932, 0.06173949), (-0.05366563, -0.08586501, 0.06439876), (-0.04456688, -0.08913376, 0.06685032), (-0.034481745, -0.091951326, 0.06896349), (-0.023533937, -0.09413575, 0.070601806), (-0.011940447, -0.09552357, 0.071642675), (0, -0.096, 0.072), (0.011940447, -0.09552357, 0.071642675), (0.023533937, -0.09413575, 0.070601806), (0.034481745, -0.091951326, 0.06896349), (0.04456688, -0.08913376, 0.06685032), (0.05366563, -0.08586501, 0.06439876), (0.06173949, -0.08231932, 0.06173949), (0.068815485, -0.078646265, 0.058984697), (-0.06599663, -0.07542472, 0.06599663), (-0.058984697, -0.078646265, 0.068815485), (-0.05107539, -0.08172063, 0.07150555), (-0.042261645, -0.08452329, 0.073957875), (-0.03259287, -0.086914316, 0.07605003), (-0.022188008, -0.08875203, 0.07765803), (-0.0112390295, -0.089912236, 0.078673206), (0, -0.0903092, 0.07902055), (0.0112390295, -0.089912236, 0.078673206), (0.022188008, -0.08875203, 0.07765803), (0.03259287, -0.086914316, 0.07605003), (0.042261645, -0.08452329, 0.073957875), (0.05107539, -0.08172063, 0.07150555), (0.058984697, -0.078646265, 0.068815485), (0.06599663, -0.07542472, 0.06599663), (-0.06313827, -0.072158016, 0.072158016), (-0.056222554, -0.074963406, 0.074963406), (-0.048507124, -0.0776114, 0.0776114), (-0.04, -0.08, 0.08), (-0.030756876, -0.08201834, 0.08201834), (-0.02088932, -0.08355728, 0.08355728), (-0.010565411, -0.08452329, 0.08452329), (0, -0.084852815, 0.084852815), (0.010565411, -0.08452329, 0.08452329), (0.02088932, -0.08355728, 0.08355728), (0.030756876, -0.08201834, 0.08201834), (0.04, -0.08, 0.08), (0.048507124, -0.0776114, 0.0776114), (0.056222554, -0.074963406, 0.074963406), (0.06313827, -0.072158016, 0.072158016), (-0.06313827, 0.072158016, -0.072158016), (-0.06599663, 0.07542472, -0.06599663), (-0.056222554, 0.074963406, -0.074963406), (-0.058984697, 0.078646265, -0.068815485), (-0.048507124, 0.0776114, -0.0776114), (-0.05107539, 0.08172063, -0.07150555), (-0.04, 0.08, -0.08), (-0.042261645, 0.08452329, -0.073957875), (-0.030756876, 0.08201834, -0.08201834), (-0.03259287, 0.086914316, -0.07605003), (-0.02088932, 0.08355728, -0.08355728), (-0.022188008, 0.08875203, -0.07765803), (-0.010565411, 0.08452329, -0.08452329), (-0.0112390295, 0.089912236, -0.078673206), (0, 0.084852815, -0.084852815), (0, 0.0903092, -0.07902055), (0.010565411, 0.08452329, -0.08452329), (0.0112390295, 0.089912236, -0.078673206), (0.02088932, 0.08355728, -0.08355728), (0.022188008, 0.08875203, -0.07765803), (0.030756876, 0.08201834, -0.08201834), (0.03259287, 0.086914316, -0.07605003), (0.04, 0.08, -0.08), (0.042261645, 0.08452329, -0.073957875), (0.048507124, 0.0776114, -0.0776114), (0.05107539, 0.08172063, -0.07150555), (0.056222554, 0.074963406, -0.074963406), (0.058984697, 0.078646265, -0.068815485), (0.06313827, 0.072158016, -0.072158016), (0.06599663, 0.07542472, -0.06599663), (-0.068815485, 0.078646265, -0.058984697), (-0.06173949, 0.08231932, -0.06173949), (-0.05366563, 0.08586501, -0.06439876), (-0.04456688, 0.08913376, -0.06685032), (-0.034481745, 0.091951326, -0.06896349), (-0.023533937, 0.09413575, -0.070601806), (-0.011940447, 0.09552357, -0.071642675), (0, 0.096, -0.072), (0.011940447, 0.09552357, -0.071642675), (0.023533937, 0.09413575, -0.070601806), (0.034481745, 0.091951326, -0.06896349), (0.04456688, 0.08913376, -0.06685032), (0.05366563, 0.08586501, -0.06439876), (0.06173949, 0.08231932, -0.06173949), (0.068815485, 0.078646265, -0.058984697), (-0.07150555, 0.08172063, -0.05107539), (-0.06439876, 0.08586501, -0.05366563), (-0.056195147, 0.089912236, -0.056195147), (-0.046843205, 0.09368641, -0.058554005), (-0.03636549, 0.09697464, -0.060609154), (-0.024886841, 0.099547364, -0.0622171), (-0.0126491105, 0.101192884, -0.06324555), (0, 0.1017598, -0.06359987), (0.0126491105, 0.101192884, -0.06324555), (0.024886841, 0.099547364, -0.0622171), (0.03636549, 0.09697464, -0.060609154), (0.046843205, 0.09368641, -0.058554005), (0.056195147, 0.089912236, -0.056195147), (0.06439876, 0.08586501, -0.05366563), (0.07150555, 0.08172063, -0.05107539), (-0.073957875, 0.08452329, -0.042261645), (-0.06685032, 0.08913376, -0.04456688), (-0.058554005, 0.09368641, -0.046843205), (-0.048989795, 0.09797959, -0.048989795), (-0.038159925, 0.1017598, -0.0508799), (-0.026186148, 0.10474459, -0.052372295), (-0.013333334, 0.10666667, -0.053333335), (0, 0.10733126, -0.05366563), (0.013333334, 0.10666667, -0.053333335), (0.026186148, 0.10474459, -0.052372295), (0.038159925, 0.1017598, -0.0508799), (0.048989795, 0.09797959, -0.048989795), (0.058554005, 0.09368641, -0.046843205), (0.06685032, 0.08913376, -0.04456688), (0.073957875, 0.08452329, -0.042261645), (-0.07605003, 0.086914316, -0.03259287), (-0.06896349, 0.091951326, -0.034481745), (-0.060609154, 0.09697464, -0.03636549), (-0.0508799, 0.1017598, -0.038159925), (-0.039755348, 0.10601427, -0.039755348), (-0.027350537, 0.10940215, -0.041025806), (-0.013949716, 0.11159773, -0.04184915), (0, 0.1123595, -0.042134814), (0.013949716, 0.11159773, -0.04184915), (0.027350537, 0.10940215, -0.041025806), (0.039755348, 0.10601427, -0.039755348), (0.0508799, 0.1017598, -0.038159925), (0.060609154, 0.09697464, -0.03636549), (0.06896349, 0.091951326, -0.034481745), (0.07605003, 0.086914316, -0.03259287), (-0.07765803, 0.08875203, -0.022188008), (-0.070601806, 0.09413575, -0.023533937), (-0.0622171, 0.099547364, -0.024886841), (-0.052372295, 0.10474459, -0.026186148), (-0.041025806, 0.10940215, -0.027350537), (-0.02828427, 0.11313708, -0.02828427), (-0.014446302, 0.11557042, -0.028892605), (0, 0.1164171, -0.029104276), (0.014446302, 0.11557042, -0.028892605), (0.02828427, 0.11313708, -0.02828427), (0.041025806, 0.10940215, -0.027350537), (0.052372295, 0.10474459, -0.026186148), (0.0622171, 0.099547364, -0.024886841), (0.070601806, 0.09413575, -0.023533937), (0.07765803, 0.08875203, -0.022188008), (-0.078673206, 0.089912236, -0.0112390295), (-0.071642675, 0.09552357, -0.011940447), (-0.06324555, 0.101192884, -0.0126491105), (-0.053333335, 0.10666667, -0.013333334), (-0.04184915, 0.11159773, -0.013949716), (-0.028892605, 0.11557042, -0.014446302), (-0.014770979, 0.11816783, -0.014770979), (0, 0.119073346, -0.014884168), (0.014770979, 0.11816783, -0.014770979), (0.028892605, 0.11557042, -0.014446302), (0.04184915, 0.11159773, -0.013949716), (0.053333335, 0.10666667, -0.013333334), (0.06324555, 0.101192884, -0.0126491105), (0.071642675, 0.09552357, -0.011940447), (0.078673206, 0.089912236, -0.0112390295), (-0.07902055, 0.0903092, 0), (-0.072, 0.096, 0), (-0.06359987, 0.1017598, 0), (-0.05366563, 0.10733126, 0), (-0.042134814, 0.1123595, 0), (-0.029104276, 0.1164171, 0), (-0.014884168, 0.119073346, 0), (0, 0.12, 0), (0.014884168, 0.119073346, 0), (0.029104276, 0.1164171, 0), (0.042134814, 0.1123595, 0), (0.05366563, 0.10733126, 0), (0.06359987, 0.1017598, 0), (0.072, 0.096, 0), (0.07902055, 0.0903092, 0), (-0.078673206, 0.089912236, 0.0112390295), (-0.071642675, 0.09552357, 0.011940447), (-0.06324555, 0.101192884, 0.0126491105), (-0.053333335, 0.10666667, 0.013333334), (-0.04184915, 0.11159773, 0.013949716), (-0.028892605, 0.11557042, 0.014446302), (-0.014770979, 0.11816783, 0.014770979), (0, 0.119073346, 0.014884168), (0.014770979, 0.11816783, 0.014770979), (0.028892605, 0.11557042, 0.014446302), (0.04184915, 0.11159773, 0.013949716), (0.053333335, 0.10666667, 0.013333334), (0.06324555, 0.101192884, 0.0126491105), (0.071642675, 0.09552357, 0.011940447), (0.078673206, 0.089912236, 0.0112390295), (-0.07765803, 0.08875203, 0.022188008), (-0.070601806, 0.09413575, 0.023533937), (-0.0622171, 0.099547364, 0.024886841), (-0.052372295, 0.10474459, 0.026186148), (-0.041025806, 0.10940215, 0.027350537), (-0.02828427, 0.11313708, 0.02828427), (-0.014446302, 0.11557042, 0.028892605), (0, 0.1164171, 0.029104276), (0.014446302, 0.11557042, 0.028892605), (0.02828427, 0.11313708, 0.02828427), (0.041025806, 0.10940215, 0.027350537), (0.052372295, 0.10474459, 0.026186148), (0.0622171, 0.099547364, 0.024886841), (0.070601806, 0.09413575, 0.023533937), (0.07765803, 0.08875203, 0.022188008), (-0.07605003, 0.086914316, 0.03259287), (-0.06896349, 0.091951326, 0.034481745), (-0.060609154, 0.09697464, 0.03636549), (-0.0508799, 0.1017598, 0.038159925), (-0.039755348, 0.10601427, 0.039755348), (-0.027350537, 0.10940215, 0.041025806), (-0.013949716, 0.11159773, 0.04184915), (0, 0.1123595, 0.042134814), (0.013949716, 0.11159773, 0.04184915), (0.027350537, 0.10940215, 0.041025806), (0.039755348, 0.10601427, 0.039755348), (0.0508799, 0.1017598, 0.038159925), (0.060609154, 0.09697464, 0.03636549), (0.06896349, 0.091951326, 0.034481745), (0.07605003, 0.086914316, 0.03259287), (-0.073957875, 0.08452329, 0.042261645), (-0.06685032, 0.08913376, 0.04456688), (-0.058554005, 0.09368641, 0.046843205), (-0.048989795, 0.09797959, 0.048989795), (-0.038159925, 0.1017598, 0.0508799), (-0.026186148, 0.10474459, 0.052372295), (-0.013333334, 0.10666667, 0.053333335), (0, 0.10733126, 0.05366563), (0.013333334, 0.10666667, 0.053333335), (0.026186148, 0.10474459, 0.052372295), (0.038159925, 0.1017598, 0.0508799), (0.048989795, 0.09797959, 0.048989795), (0.058554005, 0.09368641, 0.046843205), (0.06685032, 0.08913376, 0.04456688), (0.073957875, 0.08452329, 0.042261645), (-0.07150555, 0.08172063, 0.05107539), (-0.06439876, 0.08586501, 0.05366563), (-0.056195147, 0.089912236, 0.056195147), (-0.046843205, 0.09368641, 0.058554005), (-0.03636549, 0.09697464, 0.060609154), (-0.024886841, 0.099547364, 0.0622171), (-0.0126491105, 0.101192884, 0.06324555), (0, 0.1017598, 0.06359987), (0.0126491105, 0.101192884, 0.06324555), (0.024886841, 0.099547364, 0.0622171), (0.03636549, 0.09697464, 0.060609154), (0.046843205, 0.09368641, 0.058554005), (0.056195147, 0.089912236, 0.056195147), (0.06439876, 0.08586501, 0.05366563), (0.07150555, 0.08172063, 0.05107539), (-0.068815485, 0.078646265, 0.058984697), (-0.06173949, 0.08231932, 0.06173949), (-0.05366563, 0.08586501, 0.06439876), (-0.04456688, 0.08913376, 0.06685032), (-0.034481745, 0.091951326, 0.06896349), (-0.023533937, 0.09413575, 0.070601806), (-0.011940447, 0.09552357, 0.071642675), (0, 0.096, 0.072), (0.011940447, 0.09552357, 0.071642675), (0.023533937, 0.09413575, 0.070601806), (0.034481745, 0.091951326, 0.06896349), (0.04456688, 0.08913376, 0.06685032), (0.05366563, 0.08586501, 0.06439876), (0.06173949, 0.08231932, 0.06173949), (0.068815485, 0.078646265, 0.058984697), (-0.06599663, 0.07542472, 0.06599663), (-0.058984697, 0.078646265, 0.068815485), (-0.05107539, 0.08172063, 0.07150555), (-0.042261645, 0.08452329, 0.073957875), (-0.03259287, 0.086914316, 0.07605003), (-0.022188008, 0.08875203, 0.07765803), (-0.0112390295, 0.089912236, 0.078673206), (0, 0.0903092, 0.07902055), (0.0112390295, 0.089912236, 0.078673206), (0.022188008, 0.08875203, 0.07765803), (0.03259287, 0.086914316, 0.07605003), (0.042261645, 0.08452329, 0.073957875), (0.05107539, 0.08172063, 0.07150555), (0.058984697, 0.078646265, 0.068815485), (0.06599663, 0.07542472, 0.06599663), (-0.06313827, 0.072158016, 0.072158016), (-0.056222554, 0.074963406, 0.074963406), (-0.048507124, 0.0776114, 0.0776114), (-0.04, 0.08, 0.08), (-0.030756876, 0.08201834, 0.08201834), (-0.02088932, 0.08355728, 0.08355728), (-0.010565411, 0.08452329, 0.08452329), (0, 0.084852815, 0.084852815), (0.010565411, 0.08452329, 0.08452329), (0.02088932, 0.08355728, 0.08355728), (0.030756876, 0.08201834, 0.08201834), (0.04, 0.08, 0.08), (0.048507124, 0.0776114, 0.0776114), (0.056222554, 0.074963406, 0.074963406), (0.06313827, 0.072158016, 0.072158016), (-0.06599663, -0.06599663, -0.07542472), (-0.058984697, -0.068815485, -0.078646265), (-0.05107539, -0.07150555, -0.08172063), (-0.042261645, -0.073957875, -0.08452329), (-0.03259287, -0.07605003, -0.086914316), (-0.022188008, -0.07765803, -0.08875203), (-0.0112390295, -0.078673206, -0.089912236), (0, -0.07902055, -0.0903092), (0.0112390295, -0.078673206, -0.089912236), (0.022188008, -0.07765803, -0.08875203), (0.03259287, -0.07605003, -0.086914316), (0.042261645, -0.073957875, -0.08452329), (0.05107539, -0.07150555, -0.08172063), (0.058984697, -0.068815485, -0.078646265), (0.06599663, -0.06599663, -0.07542472), (-0.068815485, -0.058984697, -0.078646265), (-0.06173949, -0.06173949, -0.08231932), (-0.05366563, -0.06439876, -0.08586501), (-0.04456688, -0.06685032, -0.08913376), (-0.034481745, -0.06896349, -0.091951326), (-0.023533937, -0.070601806, -0.09413575), (-0.011940447, -0.071642675, -0.09552357), (0, -0.072, -0.096), (0.011940447, -0.071642675, -0.09552357), (0.023533937, -0.070601806, -0.09413575), (0.034481745, -0.06896349, -0.091951326), (0.04456688, -0.06685032, -0.08913376), (0.05366563, -0.06439876, -0.08586501), (0.06173949, -0.06173949, -0.08231932), (0.068815485, -0.058984697, -0.078646265), (-0.07150555, -0.05107539, -0.08172063), (-0.06439876, -0.05366563, -0.08586501), (-0.056195147, -0.056195147, -0.089912236), (-0.046843205, -0.058554005, -0.09368641), (-0.03636549, -0.060609154, -0.09697464), (-0.024886841, -0.0622171, -0.099547364), (-0.0126491105, -0.06324555, -0.101192884), (0, -0.06359987, -0.1017598), (0.0126491105, -0.06324555, -0.101192884), (0.024886841, -0.0622171, -0.099547364), (0.03636549, -0.060609154, -0.09697464), (0.046843205, -0.058554005, -0.09368641), (0.056195147, -0.056195147, -0.089912236), (0.06439876, -0.05366563, -0.08586501), (0.07150555, -0.05107539, -0.08172063), (-0.073957875, -0.042261645, -0.08452329), (-0.06685032, -0.04456688, -0.08913376), (-0.058554005, -0.046843205, -0.09368641), (-0.048989795, -0.048989795, -0.09797959), (-0.038159925, -0.0508799, -0.1017598), (-0.026186148, -0.052372295, -0.10474459), (-0.013333334, -0.053333335, -0.10666667), (0, -0.05366563, -0.10733126), (0.013333334, -0.053333335, -0.10666667), (0.026186148, -0.052372295, -0.10474459), (0.038159925, -0.0508799, -0.1017598), (0.048989795, -0.048989795, -0.09797959), (0.058554005, -0.046843205, -0.09368641), (0.06685032, -0.04456688, -0.08913376), (0.073957875, -0.042261645, -0.08452329), (-0.07605003, -0.03259287, -0.086914316), (-0.06896349, -0.034481745, -0.091951326), (-0.060609154, -0.03636549, -0.09697464), (-0.0508799, -0.038159925, -0.1017598), (-0.039755348, -0.039755348, -0.10601427), (-0.027350537, -0.041025806, -0.10940215), (-0.013949716, -0.04184915, -0.11159773), (0, -0.042134814, -0.1123595), (0.013949716, -0.04184915, -0.11159773), (0.027350537, -0.041025806, -0.10940215), (0.039755348, -0.039755348, -0.10601427), (0.0508799, -0.038159925, -0.1017598), (0.060609154, -0.03636549, -0.09697464), (0.06896349, -0.034481745, -0.091951326), (0.07605003, -0.03259287, -0.086914316), (-0.07765803, -0.022188008, -0.08875203), (-0.070601806, -0.023533937, -0.09413575), (-0.0622171, -0.024886841, -0.099547364), (-0.052372295, -0.026186148, -0.10474459), (-0.041025806, -0.027350537, -0.10940215), (-0.02828427, -0.02828427, -0.11313708), (-0.014446302, -0.028892605, -0.11557042), (0, -0.029104276, -0.1164171), (0.014446302, -0.028892605, -0.11557042), (0.02828427, -0.02828427, -0.11313708), (0.041025806, -0.027350537, -0.10940215), (0.052372295, -0.026186148, -0.10474459), (0.0622171, -0.024886841, -0.099547364), (0.070601806, -0.023533937, -0.09413575), (0.07765803, -0.022188008, -0.08875203), (-0.078673206, -0.0112390295, -0.089912236), (-0.071642675, -0.011940447, -0.09552357), (-0.06324555, -0.0126491105, -0.101192884), (-0.053333335, -0.013333334, -0.10666667), (-0.04184915, -0.013949716, -0.11159773), (-0.028892605, -0.014446302, -0.11557042), (-0.014770979, -0.014770979, -0.11816783), (0, -0.014884168, -0.119073346), (0.014770979, -0.014770979, -0.11816783), (0.028892605, -0.014446302, -0.11557042), (0.04184915, -0.013949716, -0.11159773), (0.053333335, -0.013333334, -0.10666667), (0.06324555, -0.0126491105, -0.101192884), (0.071642675, -0.011940447, -0.09552357), (0.078673206, -0.0112390295, -0.089912236), (-0.07902055, 0, -0.0903092), (-0.072, 0, -0.096), (-0.06359987, 0, -0.1017598), (-0.05366563, 0, -0.10733126), (-0.042134814, 0, -0.1123595), (-0.029104276, 0, -0.1164171), (-0.014884168, 0, -0.119073346), (0, 0, -0.12), (0.014884168, 0, -0.119073346), (0.029104276, 0, -0.1164171), (0.042134814, 0, -0.1123595), (0.05366563, 0, -0.10733126), (0.06359987, 0, -0.1017598), (0.072, 0, -0.096), (0.07902055, 0, -0.0903092), (-0.078673206, 0.0112390295, -0.089912236), (-0.071642675, 0.011940447, -0.09552357), (-0.06324555, 0.0126491105, -0.101192884), (-0.053333335, 0.013333334, -0.10666667), (-0.04184915, 0.013949716, -0.11159773), (-0.028892605, 0.014446302, -0.11557042), (-0.014770979, 0.014770979, -0.11816783), (0, 0.014884168, -0.119073346), (0.014770979, 0.014770979, -0.11816783), (0.028892605, 0.014446302, -0.11557042), (0.04184915, 0.013949716, -0.11159773), (0.053333335, 0.013333334, -0.10666667), (0.06324555, 0.0126491105, -0.101192884), (0.071642675, 0.011940447, -0.09552357), (0.078673206, 0.0112390295, -0.089912236), (-0.07765803, 0.022188008, -0.08875203), (-0.070601806, 0.023533937, -0.09413575), (-0.0622171, 0.024886841, -0.099547364), (-0.052372295, 0.026186148, -0.10474459), (-0.041025806, 0.027350537, -0.10940215), (-0.02828427, 0.02828427, -0.11313708), (-0.014446302, 0.028892605, -0.11557042), (0, 0.029104276, -0.1164171), (0.014446302, 0.028892605, -0.11557042), (0.02828427, 0.02828427, -0.11313708), (0.041025806, 0.027350537, -0.10940215), (0.052372295, 0.026186148, -0.10474459), (0.0622171, 0.024886841, -0.099547364), (0.070601806, 0.023533937, -0.09413575), (0.07765803, 0.022188008, -0.08875203), (-0.07605003, 0.03259287, -0.086914316), (-0.06896349, 0.034481745, -0.091951326), (-0.060609154, 0.03636549, -0.09697464), (-0.0508799, 0.038159925, -0.1017598), (-0.039755348, 0.039755348, -0.10601427), (-0.027350537, 0.041025806, -0.10940215), (-0.013949716, 0.04184915, -0.11159773), (0, 0.042134814, -0.1123595), (0.013949716, 0.04184915, -0.11159773), (0.027350537, 0.041025806, -0.10940215), (0.039755348, 0.039755348, -0.10601427), (0.0508799, 0.038159925, -0.1017598), (0.060609154, 0.03636549, -0.09697464), (0.06896349, 0.034481745, -0.091951326), (0.07605003, 0.03259287, -0.086914316), (-0.073957875, 0.042261645, -0.08452329), (-0.06685032, 0.04456688, -0.08913376), (-0.058554005, 0.046843205, -0.09368641), (-0.048989795, 0.048989795, -0.09797959), (-0.038159925, 0.0508799, -0.1017598), (-0.026186148, 0.052372295, -0.10474459), (-0.013333334, 0.053333335, -0.10666667), (0, 0.05366563, -0.10733126), (0.013333334, 0.053333335, -0.10666667), (0.026186148, 0.052372295, -0.10474459), (0.038159925, 0.0508799, -0.1017598), (0.048989795, 0.048989795, -0.09797959), (0.058554005, 0.046843205, -0.09368641), (0.06685032, 0.04456688, -0.08913376), (0.073957875, 0.042261645, -0.08452329), (-0.07150555, 0.05107539, -0.08172063), (-0.06439876, 0.05366563, -0.08586501), (-0.056195147, 0.056195147, -0.089912236), (-0.046843205, 0.058554005, -0.09368641), (-0.03636549, 0.060609154, -0.09697464), (-0.024886841, 0.0622171, -0.099547364), (-0.0126491105, 0.06324555, -0.101192884), (0, 0.06359987, -0.1017598), (0.0126491105, 0.06324555, -0.101192884), (0.024886841, 0.0622171, -0.099547364), (0.03636549, 0.060609154, -0.09697464), (0.046843205, 0.058554005, -0.09368641), (0.056195147, 0.056195147, -0.089912236), (0.06439876, 0.05366563, -0.08586501), (0.07150555, 0.05107539, -0.08172063), (-0.068815485, 0.058984697, -0.078646265), (-0.06173949, 0.06173949, -0.08231932), (-0.05366563, 0.06439876, -0.08586501), (-0.04456688, 0.06685032, -0.08913376), (-0.034481745, 0.06896349, -0.091951326), (-0.023533937, 0.070601806, -0.09413575), (-0.011940447, 0.071642675, -0.09552357), (0, 0.072, -0.096), (0.011940447, 0.071642675, -0.09552357), (0.023533937, 0.070601806, -0.09413575), (0.034481745, 0.06896349, -0.091951326), (0.04456688, 0.06685032, -0.08913376), (0.05366563, 0.06439876, -0.08586501), (0.06173949, 0.06173949, -0.08231932), (0.068815485, 0.058984697, -0.078646265), (-0.06599663, 0.06599663, -0.07542472), (-0.058984697, 0.068815485, -0.078646265), (-0.05107539, 0.07150555, -0.08172063), (-0.042261645, 0.073957875, -0.08452329), (-0.03259287, 0.07605003, -0.086914316), (-0.022188008, 0.07765803, -0.08875203), (-0.0112390295, 0.078673206, -0.089912236), (0, 0.07902055, -0.0903092), (0.0112390295, 0.078673206, -0.089912236), (0.022188008, 0.07765803, -0.08875203), (0.03259287, 0.07605003, -0.086914316), (0.042261645, 0.073957875, -0.08452329), (0.05107539, 0.07150555, -0.08172063), (0.058984697, 0.068815485, -0.078646265), (0.06599663, 0.06599663, -0.07542472), (-0.06599663, -0.06599663, 0.07542472), (-0.058984697, -0.068815485, 0.078646265), (-0.05107539, -0.07150555, 0.08172063), (-0.042261645, -0.073957875, 0.08452329), (-0.03259287, -0.07605003, 0.086914316), (-0.022188008, -0.07765803, 0.08875203), (-0.0112390295, -0.078673206, 0.089912236), (0, -0.07902055, 0.0903092), (0.0112390295, -0.078673206, 0.089912236), (0.022188008, -0.07765803, 0.08875203), (0.03259287, -0.07605003, 0.086914316), (0.042261645, -0.073957875, 0.08452329), (0.05107539, -0.07150555, 0.08172063), (0.058984697, -0.068815485, 0.078646265), (0.06599663, -0.06599663, 0.07542472), (-0.068815485, -0.058984697, 0.078646265), (-0.06173949, -0.06173949, 0.08231932), (-0.05366563, -0.06439876, 0.08586501), (-0.04456688, -0.06685032, 0.08913376), (-0.034481745, -0.06896349, 0.091951326), (-0.023533937, -0.070601806, 0.09413575), (-0.011940447, -0.071642675, 0.09552357), (0, -0.072, 0.096), (0.011940447, -0.071642675, 0.09552357), (0.023533937, -0.070601806, 0.09413575), (0.034481745, -0.06896349, 0.091951326), (0.04456688, -0.06685032, 0.08913376), (0.05366563, -0.06439876, 0.08586501), (0.06173949, -0.06173949, 0.08231932), (0.068815485, -0.058984697, 0.078646265), (-0.07150555, -0.05107539, 0.08172063), (-0.06439876, -0.05366563, 0.08586501), (-0.056195147, -0.056195147, 0.089912236), (-0.046843205, -0.058554005, 0.09368641), (-0.03636549, -0.060609154, 0.09697464), (-0.024886841, -0.0622171, 0.099547364), (-0.0126491105, -0.06324555, 0.101192884), (0, -0.06359987, 0.1017598), (0.0126491105, -0.06324555, 0.101192884), (0.024886841, -0.0622171, 0.099547364), (0.03636549, -0.060609154, 0.09697464), (0.046843205, -0.058554005, 0.09368641), (0.056195147, -0.056195147, 0.089912236), (0.06439876, -0.05366563, 0.08586501), (0.07150555, -0.05107539, 0.08172063), (-0.073957875, -0.042261645, 0.08452329), (-0.06685032, -0.04456688, 0.08913376), (-0.058554005, -0.046843205, 0.09368641), (-0.048989795, -0.048989795, 0.09797959), (-0.038159925, -0.0508799, 0.1017598), (-0.026186148, -0.052372295, 0.10474459), (-0.013333334, -0.053333335, 0.10666667), (0, -0.05366563, 0.10733126), (0.013333334, -0.053333335, 0.10666667), (0.026186148, -0.052372295, 0.10474459), (0.038159925, -0.0508799, 0.1017598), (0.048989795, -0.048989795, 0.09797959), (0.058554005, -0.046843205, 0.09368641), (0.06685032, -0.04456688, 0.08913376), (0.073957875, -0.042261645, 0.08452329), (-0.07605003, -0.03259287, 0.086914316), (-0.06896349, -0.034481745, 0.091951326), (-0.060609154, -0.03636549, 0.09697464), (-0.0508799, -0.038159925, 0.1017598), (-0.039755348, -0.039755348, 0.10601427), (-0.027350537, -0.041025806, 0.10940215), (-0.013949716, -0.04184915, 0.11159773), (0, -0.042134814, 0.1123595), (0.013949716, -0.04184915, 0.11159773), (0.027350537, -0.041025806, 0.10940215), (0.039755348, -0.039755348, 0.10601427), (0.0508799, -0.038159925, 0.1017598), (0.060609154, -0.03636549, 0.09697464), (0.06896349, -0.034481745, 0.091951326), (0.07605003, -0.03259287, 0.086914316), (-0.07765803, -0.022188008, 0.08875203), (-0.070601806, -0.023533937, 0.09413575), (-0.0622171, -0.024886841, 0.099547364), (-0.052372295, -0.026186148, 0.10474459), (-0.041025806, -0.027350537, 0.10940215), (-0.02828427, -0.02828427, 0.11313708), (-0.014446302, -0.028892605, 0.11557042), (0, -0.029104276, 0.1164171), (0.014446302, -0.028892605, 0.11557042), (0.02828427, -0.02828427, 0.11313708), (0.041025806, -0.027350537, 0.10940215), (0.052372295, -0.026186148, 0.10474459), (0.0622171, -0.024886841, 0.099547364), (0.070601806, -0.023533937, 0.09413575), (0.07765803, -0.022188008, 0.08875203), (-0.078673206, -0.0112390295, 0.089912236), (-0.071642675, -0.011940447, 0.09552357), (-0.06324555, -0.0126491105, 0.101192884), (-0.053333335, -0.013333334, 0.10666667), (-0.04184915, -0.013949716, 0.11159773), (-0.028892605, -0.014446302, 0.11557042), (-0.014770979, -0.014770979, 0.11816783), (0, -0.014884168, 0.119073346), (0.014770979, -0.014770979, 0.11816783), (0.028892605, -0.014446302, 0.11557042), (0.04184915, -0.013949716, 0.11159773), (0.053333335, -0.013333334, 0.10666667), (0.06324555, -0.0126491105, 0.101192884), (0.071642675, -0.011940447, 0.09552357), (0.078673206, -0.0112390295, 0.089912236), (-0.07902055, 0, 0.0903092), (-0.072, 0, 0.096), (-0.06359987, 0, 0.1017598), (-0.05366563, 0, 0.10733126), (-0.042134814, 0, 0.1123595), (-0.029104276, 0, 0.1164171), (-0.014884168, 0, 0.119073346), (0, 0, 0.12), (0.014884168, 0, 0.119073346), (0.029104276, 0, 0.1164171), (0.042134814, 0, 0.1123595), (0.05366563, 0, 0.10733126), (0.06359987, 0, 0.1017598), (0.072, 0, 0.096), (0.07902055, 0, 0.0903092), (-0.078673206, 0.0112390295, 0.089912236), (-0.071642675, 0.011940447, 0.09552357), (-0.06324555, 0.0126491105, 0.101192884), (-0.053333335, 0.013333334, 0.10666667), (-0.04184915, 0.013949716, 0.11159773), (-0.028892605, 0.014446302, 0.11557042), (-0.014770979, 0.014770979, 0.11816783), (0, 0.014884168, 0.119073346), (0.014770979, 0.014770979, 0.11816783), (0.028892605, 0.014446302, 0.11557042), (0.04184915, 0.013949716, 0.11159773), (0.053333335, 0.013333334, 0.10666667), (0.06324555, 0.0126491105, 0.101192884), (0.071642675, 0.011940447, 0.09552357), (0.078673206, 0.0112390295, 0.089912236), (-0.07765803, 0.022188008, 0.08875203), (-0.070601806, 0.023533937, 0.09413575), (-0.0622171, 0.024886841, 0.099547364), (-0.052372295, 0.026186148, 0.10474459), (-0.041025806, 0.027350537, 0.10940215), (-0.02828427, 0.02828427, 0.11313708), (-0.014446302, 0.028892605, 0.11557042), (0, 0.029104276, 0.1164171), (0.014446302, 0.028892605, 0.11557042), (0.02828427, 0.02828427, 0.11313708), (0.041025806, 0.027350537, 0.10940215), (0.052372295, 0.026186148, 0.10474459), (0.0622171, 0.024886841, 0.099547364), (0.070601806, 0.023533937, 0.09413575), (0.07765803, 0.022188008, 0.08875203), (-0.07605003, 0.03259287, 0.086914316), (-0.06896349, 0.034481745, 0.091951326), (-0.060609154, 0.03636549, 0.09697464), (-0.0508799, 0.038159925, 0.1017598), (-0.039755348, 0.039755348, 0.10601427), (-0.027350537, 0.041025806, 0.10940215), (-0.013949716, 0.04184915, 0.11159773), (0, 0.042134814, 0.1123595), (0.013949716, 0.04184915, 0.11159773), (0.027350537, 0.041025806, 0.10940215), (0.039755348, 0.039755348, 0.10601427), (0.0508799, 0.038159925, 0.1017598), (0.060609154, 0.03636549, 0.09697464), (0.06896349, 0.034481745, 0.091951326), (0.07605003, 0.03259287, 0.086914316), (-0.073957875, 0.042261645, 0.08452329), (-0.06685032, 0.04456688, 0.08913376), (-0.058554005, 0.046843205, 0.09368641), (-0.048989795, 0.048989795, 0.09797959), (-0.038159925, 0.0508799, 0.1017598), (-0.026186148, 0.052372295, 0.10474459), (-0.013333334, 0.053333335, 0.10666667), (0, 0.05366563, 0.10733126), (0.013333334, 0.053333335, 0.10666667), (0.026186148, 0.052372295, 0.10474459), (0.038159925, 0.0508799, 0.1017598), (0.048989795, 0.048989795, 0.09797959), (0.058554005, 0.046843205, 0.09368641), (0.06685032, 0.04456688, 0.08913376), (0.073957875, 0.042261645, 0.08452329), (-0.07150555, 0.05107539, 0.08172063), (-0.06439876, 0.05366563, 0.08586501), (-0.056195147, 0.056195147, 0.089912236), (-0.046843205, 0.058554005, 0.09368641), (-0.03636549, 0.060609154, 0.09697464), (-0.024886841, 0.0622171, 0.099547364), (-0.0126491105, 0.06324555, 0.101192884), (0, 0.06359987, 0.1017598), (0.0126491105, 0.06324555, 0.101192884), (0.024886841, 0.0622171, 0.099547364), (0.03636549, 0.060609154, 0.09697464), (0.046843205, 0.058554005, 0.09368641), (0.056195147, 0.056195147, 0.089912236), (0.06439876, 0.05366563, 0.08586501), (0.07150555, 0.05107539, 0.08172063), (-0.068815485, 0.058984697, 0.078646265), (-0.06173949, 0.06173949, 0.08231932), (-0.05366563, 0.06439876, 0.08586501), (-0.04456688, 0.06685032, 0.08913376), (-0.034481745, 0.06896349, 0.091951326), (-0.023533937, 0.070601806, 0.09413575), (-0.011940447, 0.071642675, 0.09552357), (0, 0.072, 0.096), (0.011940447, 0.071642675, 0.09552357), (0.023533937, 0.070601806, 0.09413575), (0.034481745, 0.06896349, 0.091951326), (0.04456688, 0.06685032, 0.08913376), (0.05366563, 0.06439876, 0.08586501), (0.06173949, 0.06173949, 0.08231932), (0.068815485, 0.058984697, 0.078646265), (-0.06599663, 0.06599663, 0.07542472), (-0.058984697, 0.068815485, 0.078646265), (-0.05107539, 0.07150555, 0.08172063), (-0.042261645, 0.073957875, 0.08452329), (-0.03259287, 0.07605003, 0.086914316), (-0.022188008, 0.07765803, 0.08875203), (-0.0112390295, 0.078673206, 0.089912236), (0, 0.07902055, 0.0903092), (0.0112390295, 0.078673206, 0.089912236), (0.022188008, 0.07765803, 0.08875203), (0.03259287, 0.07605003, 0.086914316), (0.042261645, 0.073957875, 0.08452329), (0.05107539, 0.07150555, 0.08172063), (0.058984697, 0.068815485, 0.078646265), (0.06599663, 0.06599663, 0.07542472)]
        point3f[] primvars:rest = [(-0.06928203, -0.06928203, -0.06928203), (-0.072158016, -0.06313827, -0.072158016), (-0.07542472, -0.06599663, -0.06599663), (-0.072158016, -0.072158016, -0.06313827), (-0.074963406, -0.056222554, -0.074963406), (-0.078646265, -0.058984697, -0.068815485), (-0.0776114, -0.048507124, -0.0776114), (-0.08172063, -0.05107539, -0.07150555), (-0.08, -0.04, -0.08), (-0.08452329, -0.042261645, -0.073957875), (-0.08201834, -0.030756876, -0.08201834), (-0.086914316, -0.03259287, -0.07605003), (-0.08355728, -0.02088932, -0.08355728), (-0.08875203, -0.022188008, -0.07765803), (-0.08452329, -0.010565411, -0.08452329), (-0.089912236, -0.0112390295, -0.078673206), (-0.084852815, 0, -0.084852815), (-0.0903092, 0, -0.07902055), (-0.08452329, 0.010565411, -0.08452329), (-0.089912236, 0.0112390295, -0.078673206), (-0.08355728, 0.02088932, -0.08355728), (-0.08875203, 0.022188008, -0.07765803), (-0.08201834, 0.030756876, -0.08201834), (-0.086914316, 0.03259287, -0.07605003), (-0.08, 0.04, -0.08), (-0.08452329, 0.042261645, -0.073957875), (-0.0776114, 0.048507124, -0.0776114), (-0.08172063, 0.05107539, -0.07150555), (-0.074963406, 0.056222554, -0.074963406), (-0.078646265, 0.058984697, -0.068815485), (-0.072158016, 0.06313827, -0.072158016), (-0.07542472, 0.06599663, -0.06599663), (-0.06928203, 0.06928203, -0.06928203), (-0.072158016, 0.072158016, -0.06313827), (-0.078646265, -0.068815485, -0.058984697), (-0.074963406, -0.074963406, -0.056222554), (-0.08231932, -0.06173949, -0.06173949), (-0.08586501, -0.05366563, -0.06439876), (-0.08913376, -0.04456688, -0.06685032), (-0.091951326, -0.034481745, -0.06896349), (-0.09413575, -0.023533937, -0.070601806), (-0.09552357, -0.011940447, -0.071642675), (-0.096, 0, -0.072), (-0.09552357, 0.011940447, -0.071642675), (-0.09413575, 0.023533937, -0.070601806), (-0.091951326, 0.034481745, -0.06896349), (-0.08913376, 0.04456688, -0.06685032), (-0.08586501, 0.05366563, -0.06439876), (-0.08231932, 0.06173949, -0.06173949), (-0.078646265, 0.068815485, -0.058984697), (-0.074963406, 0.074963406, -0.056222554), (-0.08172063, -0.07150555, -0.05107539), (-0.0776114, -0.0776114, -0.048507124), (-0.08586501, -0.06439876, -0.05366563), (-0.089912236, -0.056195147, -0.056195147), (-0.09368641, -0.046843205, -0.058554005), (-0.09697464, -0.03636549, -0.060609154), (-0.099547364, -0.024886841, -0.0622171), (-0.101192884, -0.0126491105, -0.06324555), (-0.1017598, 0, -0.06359987), (-0.101192884, 0.0126491105, -0.06324555), (-0.099547364, 0.024886841, -0.0622171), (-0.09697464, 0.03636549, -0.060609154), (-0.09368641, 0.046843205, -0.058554005), (-0.089912236, 0.056195147, -0.056195147), (-0.08586501, 0.06439876, -0.05366563), (-0.08172063, 0.07150555, -0.05107539), (-0.0776114, 0.0776114, -0.048507124), (-0.08452329, -0.073957875, -0.042261645), (-0.08, -0.08, -0.04), (-0.08913376, -0.06685032, -0.04456688), (-0.09368641, -0.058554005, -0.046843205), (-0.09797959, -0.048989795, -0.048989795), (-0.1017598, -0.038159925, -0.0508799), (-0.10474459, -0.026186148, -0.052372295), (-0.10666667, -0.013333334, -0.053333335), (-0.10733126, 0, -0.05366563), (-0.10666667, 0.013333334, -0.053333335), (-0.10474459, 0.026186148, -0.052372295), (-0.1017598, 0.038159925, -0.0508799), (-0.09797959, 0.048989795, -0.048989795), (-0.09368641, 0.058554005, -0.046843205), (-0.08913376, 0.06685032, -0.04456688), (-0.08452329, 0.073957875, -0.042261645), (-0.08, 0.08, -0.04), (-0.086914316, -0.07605003, -0.03259287), (-0.08201834, -0.08201834, -0.030756876), (-0.091951326, -0.06896349, -0.034481745), (-0.09697464, -0.060609154, -0.03636549), (-0.1017598, -0.0508799, -0.038159925), (-0.10601427, -0.039755348, -0.039755348), (-0.10940215, -0.027350537, -0.041025806), (-0.11159773, -0.013949716, -0.04184915), (-0.1123595, 0, -0.042134814), (-0.11159773, 0.013949716, -0.04184915), (-0.10940215, 0.027350537, -0.041025806), (-0.10601427, 0.039755348, -0.039755348), (-0.1017598, 0.0508799, -0.038159925), (-0.09697464, 0.060609154, -0.03636549), (-0.091951326, 0.06896349, -0.034481745), (-0.086914316, 0.07605003, -0.03259287), (-0.08201834, 0.08201834, -0.030756876), (-0.08875203, -0.07765803, -0.022188008), (-0.08355728, -0.08355728, -0.02088932), (-0.09413575, -0.070601806, -0.023533937), (-0.099547364, -0.0622171, -0.024886841), (-0.10474459, -0.052372295, -0.026186148), (-0.10940215, -0.041025806, -0.027350537), (-0.11313708, -0.02828427, -0.02828427), (-0.11557042, -0.014446302, -0.028892605), (-0.1164171, 0, -0.029104276), (-0.11557042, 0.014446302, -0.028892605), (-0.11313708, 0.02828427, -0.02828427), (-0.10940215, 0.041025806, -0.027350537), (-0.10474459, 0.052372295, -0.026186148), (-0.099547364, 0.0622171, -0.024886841), (-0.09413575, 0.070601806, -0.023533937), (-0.08875203, 0.07765803, -0.022188008), (-0.08355728, 0.08355728, -0.02088932), (-0.089912236, -0.078673206, -0.0112390295), (-0.08452329, -0.08452329, -0.010565411), (-0.09552357, -0.071642675, -0.011940447), (-0.101192884, -0.06324555, -0.0126491105), (-0.10666667, -0.053333335, -0.013333334), (-0.11159773, -0.04184915, -0.013949716), (-0.11557042, -0.028892605, -0.014446302), (-0.11816783, -0.014770979, -0.014770979), (-0.119073346, 0, -0.014884168), (-0.11816783, 0.014770979, -0.014770979), (-0.11557042, 0.028892605, -0.014446302), (-0.11159773, 0.04184915, -0.013949716), (-0.10666667, 0.053333335, -0.013333334), (-0.101192884, 0.06324555, -0.0126491105), (-0.09552357, 0.071642675, -0.011940447), (-0.089912236, 0.078673206, -0.0112390295), (-0.08452329, 0.08452329, -0.010565411), (-0.0903092, -0.07902055, 0), (-0.084852815, -0.084852815, 0), (-0.096, -0.072, 0), (-0.1017598, -0.06359987, 0), (-0.10733126, -0.05366563, 0), (-0.1123595, -0.042134814, 0), (-0.1164171, -0.029104276, 0), (-0.119073346, -0.014884168, 0), (-0.12, 0, 0), (-0.119073346, 0.014884168, 0), (-0.1164171, 0.029104276, 0), (-0.1123595, 0.042134814, 0), (-0.10733126, 0.05366563, 0), (-0.1017598, 0.06359987, 0), (-0.096, 0.072, 0), (-0.0903092, 0.07902055, 0), (-0.084852815, 0.084852815, 0), (-0.089912236, -0.078673206, 0.0112390295), (-0.08452329, -0.08452329, 0.010565411), (-0.09552357, -0.071642675, 0.011940447), (-0.101192884, -0.06324555, 0.0126491105), (-0.10666667, -0.053333335, 0.013333334), (-0.11159773, -0.04184915, 0.013949716), (-0.11557042, -0.028892605, 0.014446302), (-0.11816783, -0.014770979, 0.014770979), (-0.119073346, 0, 0.014884168), (-0.11816783, 0.014770979, 0.014770979), (-0.11557042, 0.028892605, 0.014446302), (-0.11159773, 0.04184915, 0.013949716), (-0.10666667, 0.053333335, 0.013333334), (-0.101192884, 0.06324555, 0.0126491105), (-0.09552357, 0.071642675, 0.011940447), (-0.089912236, 0.078673206, 0.0112390295), (-0.08452329, 0.08452329, 0.010565411), (-0.08875203, -0.07765803, 0.022188008), (-0.08355728, -0.08355728, 0.02088932), (-0.09413575, -0.070601806, 0.023533937), (-0.099547364, -0.0622171, 0.024886841), (-0.10474459, -0.052372295, 0.026186148), (-0.10940215, -0.041025806, 0.027350537), (-0.11313708, -0.02828427, 0.02828427), (-0.11557042, -0.014446302, 0.028892605), (-0.1164171, 0, 0.029104276), (-0.11557042, 0.014446302, 0.028892605), (-0.11313708, 0.02828427, 0.02828427), (-0.10940215, 0.041025806, 0.027350537), (-0.10474459, 0.052372295, 0.026186148), (-0.099547364, 0.0622171, 0.024886841), (-0.09413575, 0.070601806, 0.023533937), (-0.08875203, 0.07765803, 0.022188008), (-0.08355728, 0.08355728, 0.02088932), (-0.086914316, -0.07605003, 0.03259287), (-0.08201834, -0.08201834, 0.030756876), (-0.091951326, -0.06896349, 0.034481745), (-0.09697464, -0.060609154, 0.03636549), (-0.1017598, -0.0508799, 0.038159925), (-0.10601427, -0.039755348, 0.039755348), (-0.10940215, -0.027350537, 0.041025806), (-0.11159773, -0.013949716, 0.04184915), (-0.1123595, 0, 0.042134814), (-0.11159773, 0.013949716, 0.04184915), (-0.10940215, 0.027350537, 0.041025806), (-0.10601427, 0.039755348, 0.039755348), (-0.1017598, 0.0508799, 0.038159925), (-0.09697464, 0.060609154, 0.03636549), (-0.091951326, 0.06896349, 0.034481745), (-0.086914316, 0.07605003, 0.03259287), (-0.08201834, 0.08201834, 0.030756876), (-0.08452329, -0.073957875, 0.042261645), (-0.08, -0.08, 0.04), (-0.08913376, -0.06685032, 0.04456688), (-0.09368641, -0.058554005, 0.046843205), (-0.09797959, -0.048989795, 0.048989795), (-0.1017598, -0.038159925, 0.0508799), (-0.10474459, -0.026186148, 0.052372295), (-0.10666667, -0.013333334, 0.053333335), (-0.10733126, 0, 0.05366563), (-0.10666667, 0.013333334, 0.053333335), (-0.10474459, 0.026186148, 0.052372295), (-0.1017598, 0.038159925, 0.0508799), (-0.09797959, 0.048989795, 0.048989795), (-0.09368641, 0.058554005, 0.046843205), (-0.08913376, 0.06685032, 0.04456688), (-0.08452329, 0.073957875, 0.042261645), (-0.08, 0.08, 0.04), (-0.08172063, -0.07150555, 0.05107539), (-0.0776114, -0.0776114, 0.048507124), (-0.08586501, -0.06439876, 0.05366563), (-0.089912236, -0.056195147, 0.056195147), (-0.09368641, -0.046843205, 0.058554005), (-0.09697464, -0.03636549, 0.060609154), (-0.099547364, -0.024886841, 0.0622171), (-0.101192884, -0.0126491105, 0.06324555), (-0.1017598, 0, 0.06359987), (-0.101192884, 0.0126491105, 0.06324555), (-0.099547364, 0.024886841, 0.0622171), (-0.09697464, 0.03636549, 0.060609154), (-0.09368641, 0.046843205, 0.058554005), (-0.089912236, 0.056195147, 0.056195147), (-0.08586501, 0.06439876, 0.05366563), (-0.08172063, 0.07150555, 0.05107539), (-0.0776114, 0.0776114, 0.048507124), (-0.078646265, -0.068815485, 0.058984697), (-0.074963406, -0.074963406, 0.056222554), (-0.08231932, -0.06173949, 0.06173949), (-0.08586501, -0.05366563, 0.06439876), (-0.08913376, -0.04456688, 0.06685032), (-0.091951326, -0.034481745, 0.06896349), (-0.09413575, -0.023533937, 0.070601806), (-0.09552357, -0.011940447, 0.071642675), (-0.096, 0, 0.072), (-0.09552357, 0.011940447, 0.071642675), (-0.09413575, 0.023533937, 0.070601806), (-0.091951326, 0.034481745, 0.06896349), (-0.08913376, 0.04456688, 0.06685032), (-0.08586501, 0.05366563, 0.06439876), (-0.08231932, 0.06173949, 0.06173949), (-0.078646265, 0.068815485, 0.058984697), (-0.074963406, 0.074963406, 0.056222554), (-0.07542472, -0.06599663, 0.06599663), (-0.072158016, -0.072158016, 0.06313827), (-0.078646265, -0.058984697, 0.068815485), (-0.08172063, -0.05107539, 0.07150555), (-0.08452329, -0.042261645, 0.073957875), (-0.086914316, -0.03259287, 0.07605003), (-0.08875203, -0.022188008, 0.07765803), (-0.089912236, -0.0112390295, 0.078673206), (-0.0903092, 0, 0.07902055), (-0.089912236, 0.0112390295, 0.078673206), (-0.08875203, 0.022188008, 0.07765803), (-0.086914316, 0.03259287, 0.07605003), (-0.08452329, 0.042261645, 0.073957875), (-0.08172063, 0.05107539, 0.07150555), (-0.078646265, 0.058984697, 0.068815485), (-0.07542472, 0.06599663, 0.06599663), (-0.072158016, 0.072158016, 0.06313827), (-0.072158016, -0.06313827, 0.072158016), (-0.06928203, -0.06928203, 0.06928203), (-0.074963406, -0.056222554, 0.074963406), (-0.0776114, -0.048507124, 0.0776114), (-0.08, -0.04, 0.08), (-0.08201834, -0.030756876, 0.08201834), (-0.08355728, -0.02088932, 0.08355728), (-0.08452329, -0.010565411, 0.08452329), (-0.084852815, 0, 0.084852815), (-0.08452329, 0.010565411, 0.08452329), (-0.08355728, 0.02088932, 0.08355728), (-0.08201834, 0.030756876, 0.08201834), (-0.08, 0.04, 0.08), (-0.0776114, 0.048507124, 0.0776114), (-0.074963406, 0.056222554, 0.074963406), (-0.072158016, 0.06313827, 0.072158016), (-0.06928203, 0.06928203, 0.06928203), (0.06928203, -0.06928203, -0.06928203), (0.072158016, -0.06313827, -0.072158016), (0.07542472, -0.06599663, -0.06599663), (0.072158016, -0.072158016, -0.06313827), (0.074963406, -0.056222554, -0.074963406), (0.078646265, -0.058984697, -0.068815485), (0.0776114, -0.048507124, -0.0776114), (0.08172063, -0.05107539, -0.07150555), (0.08, -0.04, -0.08), (0.08452329, -0.042261645, -0.073957875), (0.08201834, -0.030756876, -0.08201834), (0.086914316, -0.03259287, -0.07605003), (0.08355728, -0.02088932, -0.08355728), (0.08875203, -0.022188008, -0.07765803), (0.08452329, -0.010565411, -0.08452329), (0.089912236, -0.0112390295, -0.078673206), (0.084852815, 0, -0.084852815), (0.0903092, 0, -0.07902055), (0.08452329, 0.010565411, -0.08452329), (0.089912236, 0.0112390295, -0.078673206), (0.08355728, 0.02088932, -0.08355728), (0.08875203, 0.022188008, -0.07765803), (0.08201834, 0.030756876, -0.08201834), (0.086914316, 0.03259287, -0.07605003), (0.08, 0.04, -0.08), (0.08452329, 0.042261645, -0.073957875), (0.0776114, 0.048507124, -0.0776114), (0.08172063, 0.05107539, -0.07150555), (0.074963406, 0.056222554, -0.074963406), (0.078646265, 0.058984697, -0.068815485), (0.072158016, 0.06313827, -0.072158016), (0.07542472, 0.06599663, -0.06599663), (0.06928203, 0.06928203, -0.06928203), (0.072158016, 0.072158016, -0.06313827), (0.078646265, -0.068815485, -0.058984697), (0.074963406, -0.074963406, -0.056222554), (0.08231932, -0.06173949, -0.06173949), (0.08586501, -0.05366563, -0.06439876), (0.08913376, -0.04456688, -0.06685032), (0.091951326, -0.034481745, -0.06896349), (0.09413575, -0.023533937, -0.070601806), (0.09552357, -0.011940447, -0.071642675), (0.096, 0, -0.072), (0.09552357, 0.011940447, -0.071642675), (0.09413575, 0.023533937, -0.070601806), (0.091951326, 0.034481745, -0.06896349), (0.08913376, 0.04456688, -0.06685032), (0.08586501, 0.05366563, -0.06439876), (0.08231932, 0.06173949, -0.06173949), (0.078646265, 0.068815485, -0.058984697), (0.074963406, 0.074963406, -0.056222554), (0.08172063, -0.07150555, -0.05107539), (0.0776114, -0.0776114, -0.048507124), (0.08586501, -0.06439876, -0.05366563), (0.089912236, -0.056195147, -0.056195147), (0.09368641, -0.046843205, -0.058554005), (0.09697464, -0.03636549, -0.060609154), (0.099547364, -0.024886841, -0.0622171), (0.101192884, -0.0126491105, -0.06324555), (0.1017598, 0, -0.06359987), (0.101192884, 0.0126491105, -0.06324555), (0.099547364, 0.024886841, -0.0622171), (0.09697464, 0.03636549, -0.060609154), (0.09368641, 0.046843205, -0.058554005), (0.089912236, 0.056195147, -0.056195147), (0.08586501, 0.06439876, -0.05366563), (0.08172063, 0.07150555, -0.05107539), (0.0776114, 0.0776114, -0.048507124), (0.08452329, -0.073957875, -0.042261645), (0.08, -0.08, -0.04), (0.08913376, -0.06685032, -0.04456688), (0.09368641, -0.058554005, -0.046843205), (0.09797959, -0.048989795, -0.048989795), (0.1017598, -0.038159925, -0.0508799), (0.10474459, -0.026186148, -0.052372295), (0.10666667, -0.013333334, -0.053333335), (0.10733126, 0, -0.05366563), (0.10666667, 0.013333334, -0.053333335), (0.10474459, 0.026186148, -0.052372295), (0.1017598, 0.038159925, -0.0508799), (0.09797959, 0.048989795, -0.048989795), (0.09368641, 0.058554005, -0.046843205), (0.08913376, 0.06685032, -0.04456688), (0.08452329, 0.073957875, -0.042261645), (0.08, 0.08, -0.04), (0.086914316, -0.07605003, -0.03259287), (0.08201834, -0.08201834, -0.030756876), (0.091951326, -0.06896349, -0.034481745), (0.09697464, -0.060609154, -0.03636549), (0.1017598, -0.0508799, -0.038159925), (0.10601427, -0.039755348, -0.039755348), (0.10940215, -0.027350537, -0.041025806), (0.11159773, -0.013949716, -0.04184915), (0.1123595, 0, -0.042134814), (0.11159773, 0.013949716, -0.04184915), (0.10940215, 0.027350537, -0.041025806), (0.10601427, 0.039755348, -0.039755348), (0.1017598, 0.0508799, -0.038159925), (0.09697464, 0.060609154, -0.03636549), (0.091951326, 0.06896349, -0.034481745), (0.086914316, 0.07605003, -0.03259287), (0.08201834, 0.08201834, -0.030756876), (0.08875203, -0.07765803, -0.022188008), (0.08355728, -0.08355728, -0.02088932), (0.09413575, -0.070601806, -0.023533937), (0.099547364, -0.0622171, -0.024886841), (0.10474459, -0.052372295, -0.026186148), (0.10940215, -0.041025806, -0.027350537), (0.11313708, -0.02828427, -0.02828427), (0.11557042, -0.014446302, -0.028892605), (0.1164171, 0, -0.029104276), (0.11557042, 0.014446302, -0.028892605), (0.11313708, 0.02828427, -0.02828427), (0.10940215, 0.041025806, -0.027350537), (0.10474459, 0.052372295, -0.026186148), (0.099547364, 0.0622171, -0.024886841), (0.09413575, 0.070601806, -0.023533937), (0.08875203, 0.07765803, -0.022188008), (0.08355728, 0.08355728, -0.02088932), (0.089912236, -0.078673206, -0.0112390295), (0.08452329, -0.08452329, -0.010565411), (0.09552357, -0.071642675, -0.011940447), (0.101192884, -0.06324555, -0.0126491105), (0.10666667, -0.053333335, -0.013333334), (0.11159773, -0.04184915, -0.013949716), (0.11557042, -0.028892605, -0.014446302), (0.11816783, -0.014770979, -0.014770979), (0.119073346, 0, -0.014884168), (0.11816783, 0.014770979, -0.014770979), (0.11557042, 0.028892605, -0.014446302), (0.11159773, 0.04184915, -0.013949716), (0.10666667, 0.053333335, -0.013333334), (0.101192884, 0.06324555, -0.0126491105), (0.09552357, 0.071642675, -0.011940447), (0.089912236, 0.078673206, -0.0112390295), (0.08452329, 0.08452329, -0.010565411), (0.0903092, -0.07902055, 0), (0.084852815, -0.084852815, 0), (0.096, -0.072, 0), (0.1017598, -0.06359987, 0), (0.10733126, -0.05366563, 0), (0.1123595, -0.042134814, 0), (0.1164171, -0.029104276, 0), (0.119073346, -0.014884168, 0), (0.12, 0, 0), (0.119073346, 0.014884168, 0), (0.1164171, 0.029104276, 0), (0.1123595, 0.042134814, 0), (0.10733126, 0.05366563, 0), (0.1017598, 0.06359987, 0), (0.096, 0.072, 0), (0.0903092, 0.07902055, 0), (0.084852815, 0.084852815, 0), (0.089912236, -0.078673206, 0.0112390295), (0.08452329, -0.08452329, 0.010565411), (0.09552357, -0.071642675, 0.011940447), (0.101192884, -0.06324555, 0.0126491105), (0.10666667, -0.053333335, 0.013333334), (0.11159773, -0.04184915, 0.013949716), (0.11557042, -0.028892605, 0.014446302), (0.11816783, -0.014770979, 0.014770979), (0.119073346, 0, 0.014884168), (0.11816783, 0.014770979, 0.014770979), (0.11557042, 0.028892605, 0.014446302), (0.11159773, 0.04184915, 0.013949716), (0.10666667, 0.053333335, 0.013333334), (0.101192884, 0.06324555, 0.0126491105), (0.09552357, 0.071642675, 0.011940447), (0.089912236, 0.078673206, 0.0112390295), (0.08452329, 0.08452329, 0.010565411), (0.08875203, -0.07765803, 0.022188008), (0.08355728, -0.08355728, 0.02088932), (0.09413575, -0.070601806, 0.023533937), (0.099547364, -0.0622171, 0.024886841), (0.10474459, -0.052372295, 0.026186148), (0.10940215, -0.041025806, 0.027350537), (0.11313708, -0.02828427, 0.02828427), (0.11557042, -0.014446302, 0.028892605), (0.1164171, 0, 0.029104276), (0.11557042, 0.014446302, 0.028892605), (0.11313708, 0.02828427, 0.02828427), (0.10940215, 0.041025806, 0.027350537), (0.10474459, 0.052372295, 0.026186148), (0.099547364, 0.0622171, 0.024886841), (0.09413575, 0.070601806, 0.023533937), (0.08875203, 0.07765803, 0.022188008), (0.08355728, 0.08355728, 0.02088932), (0.086914316, -0.07605003, 0.03259287), (0.08201834, -0.08201834, 0.030756876), (0.091951326, -0.06896349, 0.034481745), (0.09697464, -0.060609154, 0.03636549), (0.1017598, -0.0508799, 0.038159925), (0.10601427, -0.039755348, 0.039755348), (0.10940215, -0.027350537, 0.041025806), (0.11159773, -0.013949716, 0.04184915), (0.1123595, 0, 0.042134814), (0.11159773, 0.013949716, 0.04184915), (0.10940215, 0.027350537, 0.041025806), (0.10601427, 0.039755348, 0.039755348), (0.1017598, 0.0508799, 0.038159925), (0.09697464, 0.060609154, 0.03636549), (0.091951326, 0.06896349, 0.034481745), (0.086914316, 0.07605003, 0.03259287), (0.08201834, 0.08201834, 0.030756876), (0.08452329, -0.073957875, 0.042261645), (0.08, -0.08, 0.04), (0.08913376, -0.06685032, 0.04456688), (0.09368641, -0.058554005, 0.046843205), (0.09797959, -0.048989795, 0.048989795), (0.1017598, -0.038159925, 0.0508799), (0.10474459, -0.026186148, 0.052372295), (0.10666667, -0.013333334, 0.053333335), (0.10733126, 0, 0.05366563), (0.10666667, 0.013333334, 0.053333335), (0.10474459, 0.026186148, 0.052372295), (0.1017598, 0.038159925, 0.0508799), (0.09797959, 0.048989795, 0.048989795), (0.09368641, 0.058554005, 0.046843205), (0.08913376, 0.06685032, 0.04456688), (0.08452329, 0.073957875, 0.042261645), (0.08, 0.08, 0.04), (0.08172063, -0.07150555, 0.05107539), (0.0776114, -0.0776114, 0.048507124), (0.08586501, -0.06439876, 0.05366563), (0.089912236, -0.056195147, 0.056195147), (0.09368641, -0.046843205, 0.058554005), (0.09697464, -0.03636549, 0.060609154), (0.099547364, -0.024886841, 0.0622171), (0.101192884, -0.0126491105, 0.06324555), (0.1017598, 0, 0.06359987), (0.101192884, 0.0126491105, 0.06324555), (0.099547364, 0.024886841, 0.0622171), (0.09697464, 0.03636549, 0.060609154), (0.09368641, 0.046843205, 0.058554005), (0.089912236, 0.056195147, 0.056195147), (0.08586501, 0.06439876, 0.05366563), (0.08172063, 0.07150555, 0.05107539), (0.0776114, 0.0776114, 0.048507124), (0.078646265, -0.068815485, 0.058984697), (0.074963406, -0.074963406, 0.056222554), (0.08231932, -0.06173949, 0.06173949), (0.08586501, -0.05366563, 0.06439876), (0.08913376, -0.04456688, 0.06685032), (0.091951326, -0.034481745, 0.06896349), (0.09413575, -0.023533937, 0.070601806), (0.09552357, -0.011940447, 0.071642675), (0.096, 0, 0.072), (0.09552357, 0.011940447, 0.071642675), (0.09413575, 0.023533937, 0.070601806), (0.091951326, 0.034481745, 0.06896349), (0.08913376, 0.04456688, 0.06685032), (0.08586501, 0.05366563, 0.06439876), (0.08231932, 0.06173949, 0.06173949), (0.078646265, 0.068815485, 0.058984697), (0.074963406, 0.074963406, 0.056222554), (0.07542472, -0.06599663, 0.06599663), (0.072158016, -0.072158016, 0.06313827), (0.078646265, -0.058984697, 0.068815485), (0.08172063, -0.05107539, 0.07150555), (0.08452329, -0.042261645, 0.073957875), (0.086914316, -0.03259287, 0.07605003), (0.08875203, -0.022188008, 0.07765803), (0.089912236, -0.0112390295, 0.078673206), (0.0903092, 0, 0.07902055), (0.089912236, 0.0112390295, 0.078673206), (0.08875203, 0.022188008, 0.07765803), (0.086914316, 0.03259287, 0.07605003), (0.08452329, 0.042261645, 0.073957875), (0.08172063, 0.05107539, 0.07150555), (0.078646265, 0.058984697, 0.068815485), (0.07542472, 0.06599663, 0.06599663), (0.072158016, 0.072158016, 0.06313827), (0.072158016, -0.06313827, 0.072158016), (0.06928203, -0.06928203, 0.06928203), (0.074963406, -0.056222554, 0.074963406), (0.0776114, -0.048507124, 0.0776114), (0.08, -0.04, 0.08), (0.08201834, -0.030756876, 0.08201834), (0.08355728, -0.02088932, 0.08355728), (0.08452329, -0.010565411, 0.08452329), (0.084852815, 0, 0.084852815), (0.08452329, 0.010565411, 0.08452329), (0.08355728, 0.02088932, 0.08355728), (0.08201834, 0.030756876, 0.08201834), (0.08, 0.04, 0.08), (0.0776114, 0.048507124, 0.0776114), (0.074963406, 0.056222554, 0.074963406), (0.072158016, 0.06313827, 0.072158016), (0.06928203, 0.06928203, 0.06928203), (-0.06313827, -0.072158016, -0.072158016), (-0.06599663, -0.07542472, -0.06599663), (-0.056222554, -0.074963406, -0.074963406), (-0.058984697, -0.078646265, -0.068815485), (-0.048507124, -0.0776114, -0.0776114), (-0.05107539, -0.08172063, -0.07150555), (-0.04, -0.08, -0.08), (-0.042261645, -0.08452329, -0.073957875), (-0.030756876, -0.08201834, -0.08201834), (-0.03259287, -0.086914316, -0.07605003), (-0.02088932, -0.08355728, -0.08355728), (-0.022188008, -0.08875203, -0.07765803), (-0.010565411, -0.08452329, -0.08452329), (-0.0112390295, -0.089912236, -0.078673206), (0, -0.084852815, -0.084852815), (0, -0.0903092, -0.07902055), (0.010565411, -0.08452329, -0.08452329), (0.0112390295, -0.089912236, -0.078673206), (0.02088932, -0.08355728, -0.08355728), (0.022188008, -0.08875203, -0.07765803), (0.030756876, -0.08201834, -0.08201834), (0.03259287, -0.086914316, -0.07605003), (0.04, -0.08, -0.08), (0.042261645, -0.08452329, -0.073957875), (0.048507124, -0.0776114, -0.0776114), (0.05107539, -0.08172063, -0.07150555), (0.056222554, -0.074963406, -0.074963406), (0.058984697, -0.078646265, -0.068815485), (0.06313827, -0.072158016, -0.072158016), (0.06599663, -0.07542472, -0.06599663), (-0.068815485, -0.078646265, -0.058984697), (-0.06173949, -0.08231932, -0.06173949), (-0.05366563, -0.08586501, -0.06439876), (-0.04456688, -0.08913376, -0.06685032), (-0.034481745, -0.091951326, -0.06896349), (-0.023533937, -0.09413575, -0.070601806), (-0.011940447, -0.09552357, -0.071642675), (0, -0.096, -0.072), (0.011940447, -0.09552357, -0.071642675), (0.023533937, -0.09413575, -0.070601806), (0.034481745, -0.091951326, -0.06896349), (0.04456688, -0.08913376, -0.06685032), (0.05366563, -0.08586501, -0.06439876), (0.06173949, -0.08231932, -0.06173949), (0.068815485, -0.078646265, -0.058984697), (-0.07150555, -0.08172063, -0.05107539), (-0.06439876, -0.08586501, -0.05366563), (-0.056195147, -0.089912236, -0.056195147), (-0.046843205, -0.09368641, -0.058554005), (-0.03636549, -0.09697464, -0.060609154), (-0.024886841, -0.099547364, -0.0622171), (-0.0126491105, -0.101192884, -0.06324555), (0, -0.1017598, -0.06359987), (0.0126491105, -0.101192884, -0.06324555), (0.024886841, -0.099547364, -0.0622171), (0.03636549, -0.09697464, -0.060609154), (0.046843205, -0.09368641, -0.058554005), (0.056195147, -0.089912236, -0.056195147), (0.06439876, -0.08586501, -0.05366563), (0.07150555, -0.08172063, -0.05107539), (-0.073957875, -0.08452329, -0.042261645), (-0.06685032, -0.08913376, -0.04456688), (-0.058554005, -0.09368641, -0.046843205), (-0.048989795, -0.09797959, -0.048989795), (-0.038159925, -0.1017598, -0.0508799), (-0.026186148, -0.10474459, -0.052372295), (-0.013333334, -0.10666667, -0.053333335), (0, -0.10733126, -0.05366563), (0.013333334, -0.10666667, -0.053333335), (0.026186148, -0.10474459, -0.052372295), (0.038159925, -0.1017598, -0.0508799), (0.048989795, -0.09797959, -0.048989795), (0.058554005, -0.09368641, -0.046843205), (0.06685032, -0.08913376, -0.04456688), (0.073957875, -0.08452329, -0.042261645), (-0.07605003, -0.086914316, -0.03259287), (-0.06896349, -0.091951326, -0.034481745), (-0.060609154, -0.09697464, -0.03636549), (-0.0508799, -0.1017598, -0.038159925), (-0.039755348, -0.10601427, -0.039755348), (-0.027350537, -0.10940215, -0.041025806), (-0.013949716, -0.11159773, -0.04184915), (0, -0.1123595, -0.042134814), (0.013949716, -0.11159773, -0.04184915), (0.027350537, -0.10940215, -0.041025806), (0.039755348, -0.10601427, -0.039755348), (0.0508799, -0.1017598, -0.038159925), (0.060609154, -0.09697464, -0.03636549), (0.06896349, -0.091951326, -0.034481745), (0.07605003, -0.086914316, -0.03259287), (-0.07765803, -0.08875203, -0.022188008), (-0.070601806, -0.09413575, -0.023533937), (-0.0622171, -0.099547364, -0.024886841), (-0.052372295, -0.10474459, -0.026186148), (-0.041025806, -0.10940215, -0.027350537), (-0.02828427, -0.11313708, -0.02828427), (-0.014446302, -0.11557042, -0.028892605), (0, -0.1164171, -0.029104276), (0.014446302, -0.11557042, -0.028892605), (0.02828427, -0.11313708, -0.02828427), (0.041025806, -0.10940215, -0.027350537), (0.052372295, -0.10474459, -0.026186148), (0.0622171, -0.099547364, -0.024886841), (0.070601806, -0.09413575, -0.023533937), (0.07765803, -0.08875203, -0.022188008), (-0.078673206, -0.089912236, -0.0112390295), (-0.071642675, -0.09552357, -0.011940447), (-0.06324555, -0.101192884, -0.0126491105), (-0.053333335, -0.10666667, -0.013333334), (-0.04184915, -0.11159773, -0.013949716), (-0.028892605, -0.11557042, -0.014446302), (-0.014770979, -0.11816783, -0.014770979), (0, -0.119073346, -0.014884168), (0.014770979, -0.11816783, -0.014770979), (0.028892605, -0.11557042, -0.014446302), (0.04184915, -0.11159773, -0.013949716), (0.053333335, -0.10666667, -0.013333334), (0.06324555, -0.101192884, -0.0126491105), (0.071642675, -0.09552357, -0.011940447), (0.078673206, -0.089912236, -0.0112390295), (-0.07902055, -0.0903092, 0), (-0.072, -0.096, 0), (-0.06359987, -0.1017598, 0), (-0.05366563, -0.10733126, 0), (-0.042134814, -0.1123595, 0), (-0.029104276, -0.1164171, 0), (-0.014884168, -0.119073346, 0), (0, -0.12, 0), (0.014884168, -0.119073346, 0), (0.029104276, -0.1164171, 0), (0.042134814, -0.1123595, 0), (0.05366563, -0.10733126, 0), (0.06359987, -0.1017598, 0), (0.072, -0.096, 0), (0.07902055, -0.0903092, 0), (-0.078673206, -0.089912236, 0.0112390295), (-0.071642675, -0.09552357, 0.011940447), (-0.06324555, -0.101192884, 0.0126491105), (-0.053333335, -0.10666667, 0.013333334), (-0.04184915, -0.11159773, 0.013949716), (-0.028892605, -0.11557042, 0.014446302), (-0.014770979, -0.11816783, 0.014770979), (0, -0.119073346, 0.014884168), (0.014770979, -0.11816783, 0.014770979), (0.028892605, -0.11557042, 0.014446302), (0.04184915, -0.11159773, 0.013949716), (0.053333335, -0.10666667, 0.013333334), (0.06324555, -0.101192884, 0.0126491105), (0.071642675, -0.09552357, 0.011940447), (0.078673206, -0.089912236, 0.0112390295), (-0.07765803, -0.08875203, 0.022188008), (-0.070601806, -0.09413575, 0.023533937), (-0.0622171, -0.099547364, 0.024886841), (-0.052372295, -0.10474459, 0.026186148), (-0.041025806, -0.10940215, 0.027350537), (-0.02828427, -0.11313708, 0.02828427), (-0.014446302, -0.11557042, 0.028892605), (0, -0.1164171, 0.029104276), (0.014446302, -0.11557042, 0.028892605), (0.02828427, -0.11313708, 0.02828427), (0.041025806, -0.10940215, 0.027350537), (0.052372295, -0.10474459, 0.026186148), (0.0622171, -0.099547364, 0.024886841), (0.070601806, -0.09413575, 0.023533937), (0.07765803, -0.08875203, 0.022188008), (-0.07605003, -0.086914316, 0.03259287), (-0.06896349, -0.091951326, 0.034481745), (-0.060609154, -0.09697464, 0.03636549), (-0.0508799, -0.1017598, 0.038159925), (-0.039755348, -0.10601427, 0.039755348), (-0.027350537, -0.10940215, 0.041025806), (-0.013949716, -0.11159773, 0.04184915), (0, -0.1123595, 0.042134814), (0.013949716, -0.11159773, 0.04184915), (0.027350537, -0.10940215, 0.041025806), (0.039755348, -0.10601427, 0.039755348), (0.0508799, -0.1017598, 0.038159925), (0.060609154, -0.09697464, 0.03636549), (0.06896349, -0.091951326, 0.034481745), (0.07605003, -0.086914316, 0.03259287), (-0.073957875, -0.08452329, 0.042261645), (-0.06685032, -0.08913376, 0.04456688), (-0.058554005, -0.09368641, 0.046843205), (-0.048989795, -0.09797959, 0.048989795), (-0.038159925, -0.1017598, 0.0508799), (-0.026186148, -0.10474459, 0.052372295), (-0.013333334, -0.10666667, 0.053333335), (0, -0.10733126, 0.05366563), (0.013333334, -0.10666667, 0.053333335), (0.026186148, -0.10474459, 0.052372295), (0.038159925, -0.1017598, 0.0508799), (0.048989795, -0.09797959, 0.048989795), (0.058554005, -0.09368641, 0.046843205), (0.06685032, -0.08913376, 0.04456688), (0.073957875, -0.08452329, 0.042261645), (-0.07150555, -0.08172063, 0.05107539), (-0.06439876, -0.08586501, 0.05366563), (-0.056195147, -0.089912236, 0.056195147), (-0.046843205, -0.09368641, 0.058554005), (-0.03636549, -0.09697464, 0.060609154), (-0.024886841, -0.099547364, 0.0622171), (-0.0126491105, -0.101192884, 0.06324555), (0, -0.1017598, 0.06359987), (0.0126491105, -0.101192884, 0.06324555), (0.024886841, -0.099547364, 0.0622171), (0.03636549, -0.09697464, 0.060609154), (0.046843205, -0.09368641, 0.058554005), (0.056195147, -0.089912236, 0.056195147), (0.06439876, -0.08586501, 0.05366563), (0.07150555, -0.08172063, 0.05107539), (-0.068815485, -0.078646265, 0.058984697), (-0.06173949, -0.08231932, 0.06173949), (-0.05366563, -0.08586501, 0.06439876), (-0.04456688, -0.08913376, 0.06685032), (-0.034481745, -0.091951326, 0.06896349), (-0.023533937, -0.09413575, 0.070601806), (-0.011940447, -0.09552357, 0.071642675), (0, -0.096, 0.072), (0.011940447, -0.09552357, 0.071642675), (0.023533937, -0.09413575, 0.070601806), (0.034481745, -0.091951326, 0.06896349), (0.04456688, -0.08913376, 0.06685032), (0.05366563, -0.08586501, 0.06439876), (0.06173949, -0.08231932, 0.06173949), (0.068815485, -0.078646265, 0.058984697), (-0.06599663, -0.07542472, 0.06599663), (-0.058984697, -0.078646265, 0.068815485), (-0.05107539, -0.08172063, 0.07150555), (-0.042261645, -0.08452329, 0.073957875), (-0.03259287, -0.086914316, 0.07605003), (-0.022188008, -0.08875203, 0.07765803), (-0.0112390295, -0.089912236, 0.078673206), (0, -0.0903092, 0.07902055), (0.0112390295, -0.089912236, 0.078673206), (0.022188008, -0.08875203, 0.07765803), (0.03259287, -0.086914316, 0.07605003), (0.042261645, -0.08452329, 0.073957875), (0.05107539, -0.08172063, 0.07150555), (0.058984697, -0.078646265, 0.068815485), (0.06599663, -0.07542472, 0.06599663), (-0.06313827, -0.072158016, 0.072158016), (-0.056222554, -0.074963406, 0.074963406), (-0.048507124, -0.0776114, 0.0776114), (-0.04, -0.08, 0.08), (-0.030756876, -0.08201834, 0.08201834), (-0.02088932, -0.08355728, 0.08355728), (-0.010565411, -0.08452329, 0.08452329), (0, -0.084852815, 0.084852815), (0.010565411, -0.08452329, 0.08452329), (0.02088932, -0.08355728, 0.08355728), (0.030756876, -0.08201834, 0.08201834), (0.04, -0.08, 0.08), (0.048507124, -0.0776114, 0.0776114), (0.056222554, -0.074963406, 0.074963406), (0.06313827, -0.072158016, 0.072158016), (-0.06313827, 0.072158016, -0.072158016), (-0.06599663, 0.07542472, -0.06599663), (-0.056222554, 0.074963406, -0.074963406), (-0.058984697, 0.078646265, -0.068815485), (-0.048507124, 0.0776114, -0.0776114), (-0.05107539, 0.08172063, -0.07150555), (-0.04, 0.08, -0.08), (-0.042261645, 0.08452329, -0.073957875), (-0.030756876, 0.08201834, -0.08201834), (-0.03259287, 0.086914316, -0.07605003), (-0.02088932, 0.08355728, -0.08355728), (-0.022188008, 0.08875203, -0.07765803), (-0.010565411, 0.08452329, -0.08452329), (-0.0112390295, 0.089912236, -0.078673206), (0, 0.084852815, -0.084852815), (0, 0.0903092, -0.07902055), (0.010565411, 0.08452329, -0.08452329), (0.0112390295, 0.089912236, -0.078673206), (0.02088932, 0.08355728, -0.08355728), (0.022188008, 0.08875203, -0.07765803), (0.030756876, 0.08201834, -0.08201834), (0.03259287, 0.086914316, -0.07605003), (0.04, 0.08, -0.08), (0.042261645, 0.08452329, -0.073957875), (0.048507124, 0.0776114, -0.0776114), (0.05107539, 0.08172063, -0.07150555), (0.056222554, 0.074963406, -0.074963406), (0.058984697, 0.078646265, -0.068815485), (0.06313827, 0.072158016, -0.072158016), (0.06599663, 0.07542472, -0.06599663), (-0.068815485, 0.078646265, -0.058984697), (-0.06173949, 0.08231932, -0.06173949), (-0.05366563, 0.08586501, -0.06439876), (-0.04456688, 0.08913376, -0.06685032), (-0.034481745, 0.091951326, -0.06896349), (-0.023533937, 0.09413575, -0.070601806), (-0.011940447, 0.09552357, -0.071642675), (0, 0.096, -0.072), (0.011940447, 0.09552357, -0.071642675), (0.023533937, 0.09413575, -0.070601806), (0.034481745, 0.091951326, -0.06896349), (0.04456688, 0.08913376, -0.06685032), (0.05366563, 0.08586501, -0.06439876), (0.06173949, 0.08231932, -0.06173949), (0.068815485, 0.078646265, -0.058984697), (-0.07150555, 0.08172063, -0.05107539), (-0.06439876, 0.08586501, -0.05366563), (-0.056195147, 0.089912236, -0.056195147), (-0.046843205, 0.09368641, -0.058554005), (-0.03636549, 0.09697464, -0.060609154), (-0.024886841, 0.099547364, -0.0622171), (-0.0126491105, 0.101192884, -0.06324555), (0, 0.1017598, -0.06359987), (0.0126491105, 0.101192884, -0.06324555), (0.024886841, 0.099547364, -0.0622171), (0.03636549, 0.09697464, -0.060609154), (0.046843205, 0.09368641, -0.058554005), (0.056195147, 0.089912236, -0.056195147), (0.06439876, 0.08586501, -0.05366563), (0.07150555, 0.08172063, -0.05107539), (-0.073957875, 0.08452329, -0.042261645), (-0.06685032, 0.08913376, -0.04456688), (-0.058554005, 0.09368641, -0.046843205), (-0.048989795, 0.09797959, -0.048989795), (-0.038159925, 0.1017598, -0.0508799), (-0.026186148, 0.10474459, -0.052372295), (-0.013333334, 0.10666667, -0.053333335), (0, 0.10733126, -0.05366563), (0.013333334, 0.10666667, -0.053333335), (0.026186148, 0.10474459, -0.052372295), (0.038159925, 0.1017598, -0.0508799), (0.048989795, 0.09797959, -0.048989795), (0.058554005, 0.09368641, -0.046843205), (0.06685032, 0.08913376, -0.04456688), (0.073957875, 0.08452329, -0.042261645), (-0.07605003, 0.086914316, -0.03259287), (-0.06896349, 0.091951326, -0.034481745), (-0.060609154, 0.09697464, -0.03636549), (-0.0508799, 0.1017598, -0.038159925), (-0.039755348, 0.10601427, -0.039755348), (-0.027350537, 0.10940215, -0.041025806), (-0.013949716, 0.11159773, -0.04184915), (0, 0.1123595, -0.042134814), (0.013949716, 0.11159773, -0.04184915), (0.027350537, 0.10940215, -0.041025806), (0.039755348, 0.10601427, -0.039755348), (0.0508799, 0.1017598, -0.038159925), (0.060609154, 0.09697464, -0.03636549), (0.06896349, 0.091951326, -0.034481745), (0.07605003, 0.086914316, -0.03259287), (-0.07765803, 0.08875203, -0.022188008), (-0.070601806, 0.09413575, -0.023533937), (-0.0622171, 0.099547364, -0.024886841), (-0.052372295, 0.10474459, -0.026186148), (-0.041025806, 0.10940215, -0.027350537), (-0.02828427, 0.11313708, -0.02828427), (-0.014446302, 0.11557042, -0.028892605), (0, 0.1164171, -0.029104276), (0.014446302, 0.11557042, -0.028892605), (0.02828427, 0.11313708, -0.02828427), (0.041025806, 0.10940215, -0.027350537), (0.052372295, 0.10474459, -0.026186148), (0.0622171, 0.099547364, -0.024886841), (0.070601806, 0.09413575, -0.023533937), (0.07765803, 0.08875203, -0.022188008), (-0.078673206, 0.089912236, -0.0112390295), (-0.071642675, 0.09552357, -0.011940447), (-0.06324555, 0.101192884, -0.0126491105), (-0.053333335, 0.10666667, -0.013333334), (-0.04184915, 0.11159773, -0.013949716), (-0.028892605, 0.11557042, -0.014446302), (-0.014770979, 0.11816783, -0.014770979), (0, 0.119073346, -0.014884168), (0.014770979, 0.11816783, -0.014770979), (0.028892605, 0.11557042, -0.014446302), (0.04184915, 0.11159773, -0.013949716), (0.053333335, 0.10666667, -0.013333334), (0.06324555, 0.101192884, -0.0126491105), (0.071642675, 0.09552357, -0.011940447), (0.078673206, 0.089912236, -0.0112390295), (-0.07902055, 0.0903092, 0), (-0.072, 0.096, 0), (-0.06359987, 0.1017598, 0), (-0.05366563, 0.10733126, 0), (-0.042134814, 0.1123595, 0), (-0.029104276, 0.1164171, 0), (-0.014884168, 0.119073346, 0), (0, 0.12, 0), (0.014884168, 0.119073346, 0), (0.029104276, 0.1164171, 0), (0.042134814, 0.1123595, 0), (0.05366563, 0.10733126, 0), (0.06359987, 0.1017598, 0), (0.072, 0.096, 0), (0.07902055, 0.0903092, 0), (-0.078673206, 0.089912236, 0.0112390295), (-0.071642675, 0.09552357, 0.011940447), (-0.06324555, 0.101192884, 0.0126491105), (-0.053333335, 0.10666667, 0.013333334), (-0.04184915, 0.11159773, 0.013949716), (-0.028892605, 0.11557042, 0.014446302), (-0.014770979, 0.11816783, 0.014770979), (0, 0.119073346, 0.014884168), (0.014770979, 0.11816783, 0.014770979), (0.028892605, 0.11557042, 0.014446302), (0.04184915, 0.11159773, 0.013949716), (0.053333335, 0.10666667, 0.013333334), (0.06324555, 0.101192884, 0.0126491105), (0.071642675, 0.09552357, 0.011940447), (0.078673206, 0.089912236, 0.0112390295), (-0.07765803, 0.08875203, 0.022188008), (-0.070601806, 0.09413575, 0.023533937), (-0.0622171, 0.099547364, 0.024886841), (-0.052372295, 0.10474459, 0.026186148), (-0.041025806, 0.10940215, 0.027350537), (-0.02828427, 0.11313708, 0.02828427), (-0.014446302, 0.11557042, 0.028892605), (0, 0.1164171, 0.029104276), (0.014446302, 0.11557042, 0.028892605), (0.02828427, 0.11313708, 0.02828427), (0.041025806, 0.10940215, 0.027350537), (0.052372295, 0.10474459, 0.026186148), (0.0622171, 0.099547364, 0.024886841), (0.070601806, 0.09413575, 0.023533937), (0.07765803, 0.08875203, 0.022188008), (-0.07605003, 0.086914316, 0.03259287), (-0.06896349, 0.091951326, 0.034481745), (-0.060609154, 0.09697464, 0.03636549), (-0.0508799, 0.1017598, 0.038159925), (-0.039755348, 0.10601427, 0.039755348), (-0.027350537, 0.10940215, 0.041025806), (-0.013949716, 0.11159773, 0.04184915), (0, 0.1123595, 0.042134814), (0.013949716, 0.11159773, 0.04184915), (0.027350537, 0.10940215, 0.041025806), (0.039755348, 0.10601427, 0.039755348), (0.0508799, 0.1017598, 0.038159925), (0.060609154, 0.09697464, 0.03636549), (0.06896349, 0.091951326, 0.034481745), (0.07605003, 0.086914316, 0.03259287), (-0.073957875, 0.08452329, 0.042261645), (-0.06685032, 0.08913376, 0.04456688), (-0.058554005, 0.09368641, 0.046843205), (-0.048989795, 0.09797959, 0.048989795), (-0.038159925, 0.1017598, 0.0508799), (-0.026186148, 0.10474459, 0.052372295), (-0.013333334, 0.10666667, 0.053333335), (0, 0.10733126, 0.05366563), (0.013333334, 0.10666667, 0.053333335), (0.026186148, 0.10474459, 0.052372295), (0.038159925, 0.1017598, 0.0508799), (0.048989795, 0.09797959, 0.048989795), (0.058554005, 0.09368641, 0.046843205), (0.06685032, 0.08913376, 0.04456688), (0.073957875, 0.08452329, 0.042261645), (-0.07150555, 0.08172063, 0.05107539), (-0.06439876, 0.08586501, 0.05366563), (-0.056195147, 0.089912236, 0.056195147), (-0.046843205, 0.09368641, 0.058554005), (-0.03636549, 0.09697464, 0.060609154), (-0.024886841, 0.099547364, 0.0622171), (-0.0126491105, 0.101192884, 0.06324555), (0, 0.1017598, 0.06359987), (0.0126491105, 0.101192884, 0.06324555), (0.024886841, 0.099547364, 0.0622171), (0.03636549, 0.09697464, 0.060609154), (0.046843205, 0.09368641, 0.058554005), (0.056195147, 0.089912236, 0.056195147), (0.06439876, 0.08586501, 0.05366563), (0.07150555, 0.08172063, 0.05107539), (-0.068815485, 0.078646265, 0.058984697), (-0.06173949, 0.08231932, 0.06173949), (-0.05366563, 0.08586501, 0.06439876), (-0.04456688, 0.08913376, 0.06685032), (-0.034481745, 0.091951326, 0.06896349), (-0.023533937, 0.09413575, 0.070601806), (-0.011940447, 0.09552357, 0.071642675), (0, 0.096, 0.072), (0.011940447, 0.09552357, 0.071642675), (0.023533937, 0.09413575, 0.070601806), (0.034481745, 0.091951326, 0.06896349), (0.04456688, 0.08913376, 0.06685032), (0.05366563, 0.08586501, 0.06439876), (0.06173949, 0.08231932, 0.06173949), (0.068815485, 0.078646265, 0.058984697), (-0.06599663, 0.07542472, 0.06599663), (-0.058984697, 0.078646265, 0.068815485), (-0.05107539, 0.08172063, 0.07150555), (-0.042261645, 0.08452329, 0.073957875), (-0.03259287, 0.086914316, 0.07605003), (-0.022188008, 0.08875203, 0.07765803), (-0.0112390295, 0.089912236, 0.078673206), (0, 0.0903092, 0.07902055), (0.0112390295, 0.089912236, 0.078673206), (0.022188008, 0.08875203, 0.07765803), (0.03259287, 0.086914316, 0.07605003), (0.042261645, 0.08452329, 0.073957875), (0.05107539, 0.08172063, 0.07150555), (0.058984697, 0.078646265, 0.068815485), (0.06599663, 0.07542472, 0.06599663), (-0.06313827, 0.072158016, 0.072158016), (-0.056222554, 0.074963406, 0.074963406), (-0.048507124, 0.0776114, 0.0776114), (-0.04, 0.08, 0.08), (-0.030756876, 0.08201834, 0.08201834), (-0.02088932, 0.08355728, 0.08355728), (-0.010565411, 0.08452329, 0.08452329), (0, 0.084852815, 0.084852815), (0.010565411, 0.08452329, 0.08452329), (0.02088932, 0.08355728, 0.08355728), (0.030756876, 0.08201834, 0.08201834), (0.04, 0.08, 0.08), (0.048507124, 0.0776114, 0.0776114), (0.056222554, 0.074963406, 0.074963406), (0.06313827, 0.072158016, 0.072158016), (-0.06599663, -0.06599663, -0.07542472), (-0.058984697, -0.068815485, -0.078646265), (-0.05107539, -0.07150555, -0.08172063), (-0.042261645, -0.073957875, -0.08452329), (-0.03259287, -0.07605003, -0.086914316), (-0.022188008, -0.07765803, -0.08875203), (-0.0112390295, -0.078673206, -0.089912236), (0, -0.07902055, -0.0903092), (0.0112390295, -0.078673206, -0.089912236), (0.022188008, -0.07765803, -0.08875203), (0.03259287, -0.07605003, -0.086914316), (0.042261645, -0.073957875, -0.08452329), (0.05107539, -0.07150555, -0.08172063), (0.058984697, -0.068815485, -0.078646265), (0.06599663, -0.06599663, -0.07542472), (-0.068815485, -0.058984697, -0.078646265), (-0.06173949, -0.06173949, -0.08231932), (-0.05366563, -0.06439876, -0.08586501), (-0.04456688, -0.06685032, -0.08913376), (-0.034481745, -0.06896349, -0.091951326), (-0.023533937, -0.070601806, -0.09413575), (-0.011940447, -0.071642675, -0.09552357), (0, -0.072, -0.096), (0.011940447, -0.071642675, -0.09552357), (0.023533937, -0.070601806, -0.09413575), (0.034481745, -0.06896349, -0.091951326), (0.04456688, -0.06685032, -0.08913376), (0.05366563, -0.06439876, -0.08586501), (0.06173949, -0.06173949, -0.08231932), (0.068815485, -0.058984697, -0.078646265), (-0.07150555, -0.05107539, -0.08172063), (-0.06439876, -0.05366563, -0.08586501), (-0.056195147, -0.056195147, -0.089912236), (-0.046843205, -0.058554005, -0.09368641), (-0.03636549, -0.060609154, -0.09697464), (-0.024886841, -0.0622171, -0.099547364), (-0.0126491105, -0.06324555, -0.101192884), (0, -0.06359987, -0.1017598), (0.0126491105, -0.06324555, -0.101192884), (0.024886841, -0.0622171, -0.099547364), (0.03636549, -0.060609154, -0.09697464), (0.046843205, -0.058554005, -0.09368641), (0.056195147, -0.056195147, -0.089912236), (0.06439876, -0.05366563, -0.08586501), (0.07150555, -0.05107539, -0.08172063), (-0.073957875, -0.042261645, -0.08452329), (-0.06685032, -0.04456688, -0.08913376), (-0.058554005, -0.046843205, -0.09368641), (-0.048989795, -0.048989795, -0.09797959), (-0.038159925, -0.0508799, -0.1017598), (-0.026186148, -0.052372295, -0.10474459), (-0.013333334, -0.053333335, -0.10666667), (0, -0.05366563, -0.10733126), (0.013333334, -0.053333335, -0.10666667), (0.026186148, -0.052372295, -0.10474459), (0.038159925, -0.0508799, -0.1017598), (0.048989795, -0.048989795, -0.09797959), (0.058554005, -0.046843205, -0.09368641), (0.06685032, -0.04456688, -0.08913376), (0.073957875, -0.042261645, -0.08452329), (-0.07605003, -0.03259287, -0.086914316), (-0.06896349, -0.034481745, -0.091951326), (-0.060609154, -0.03636549, -0.09697464), (-0.0508799, -0.038159925, -0.1017598), (-0.039755348, -0.039755348, -0.10601427), (-0.027350537, -0.041025806, -0.10940215), (-0.013949716, -0.04184915, -0.11159773), (0, -0.042134814, -0.1123595), (0.013949716, -0.04184915, -0.11159773), (0.027350537, -0.041025806, -0.10940215), (0.039755348, -0.039755348, -0.10601427), (0.0508799, -0.038159925, -0.1017598), (0.060609154, -0.03636549, -0.09697464), (0.06896349, -0.034481745, -0.091951326), (0.07605003, -0.03259287, -0.086914316), (-0.07765803, -0.022188008, -0.08875203), (-0.070601806, -0.023533937, -0.09413575), (-0.0622171, -0.024886841, -0.099547364), (-0.052372295, -0.026186148, -0.10474459), (-0.041025806, -0.027350537, -0.10940215), (-0.02828427, -0.02828427, -0.11313708), (-0.014446302, -0.028892605, -0.11557042), (0, -0.029104276, -0.1164171), (0.014446302, -0.028892605, -0.11557042), (0.02828427, -0.02828427, -0.11313708), (0.041025806, -0.027350537, -0.10940215), (0.052372295, -0.026186148, -0.10474459), (0.0622171, -0.024886841, -0.099547364), (0.070601806, -0.023533937, -0.09413575), (0.07765803, -0.022188008, -0.08875203), (-0.078673206, -0.0112390295, -0.089912236), (-0.071642675, -0.011940447, -0.09552357), (-0.06324555, -0.0126491105, -0.101192884), (-0.053333335, -0.013333334, -0.10666667), (-0.04184915, -0.013949716, -0.11159773), (-0.028892605, -0.014446302, -0.11557042), (-0.014770979, -0.014770979, -0.11816783), (0, -0.014884168, -0.119073346), (0.014770979, -0.014770979, -0.11816783), (0.028892605, -0.014446302, -0.11557042), (0.04184915, -0.013949716, -0.11159773), (0.053333335, -0.013333334, -0.10666667), (0.06324555, -0.0126491105, -0.101192884), (0.071642675, -0.011940447, -0.09552357), (0.078673206, -0.0112390295, -0.089912236), (-0.07902055, 0, -0.0903092), (-0.072, 0, -0.096), (-0.06359987, 0, -0.1017598), (-0.05366563, 0, -0.10733126), (-0.042134814, 0, -0.1123595), (-0.029104276, 0, -0.1164171), (-0.014884168, 0, -0.119073346), (0, 0, -0.12), (0.014884168, 0, -0.119073346), (0.029104276, 0, -0.1164171), (0.042134814, 0, -0.1123595), (0.05366563, 0, -0.10733126), (0.06359987, 0, -0.1017598), (0.072, 0, -0.096), (0.07902055, 0, -0.0903092), (-0.078673206, 0.0112390295, -0.089912236), (-0.071642675, 0.011940447, -0.09552357), (-0.06324555, 0.0126491105, -0.101192884), (-0.053333335, 0.013333334, -0.10666667), (-0.04184915, 0.013949716, -0.11159773), (-0.028892605, 0.014446302, -0.11557042), (-0.014770979, 0.014770979, -0.11816783), (0, 0.014884168, -0.119073346), (0.014770979, 0.014770979, -0.11816783), (0.028892605, 0.014446302, -0.11557042), (0.04184915, 0.013949716, -0.11159773), (0.053333335, 0.013333334, -0.10666667), (0.06324555, 0.0126491105, -0.101192884), (0.071642675, 0.011940447, -0.09552357), (0.078673206, 0.0112390295, -0.089912236), (-0.07765803, 0.022188008, -0.08875203), (-0.070601806, 0.023533937, -0.09413575), (-0.0622171, 0.024886841, -0.099547364), (-0.052372295, 0.026186148, -0.10474459), (-0.041025806, 0.027350537, -0.10940215), (-0.02828427, 0.02828427, -0.11313708), (-0.014446302, 0.028892605, -0.11557042), (0, 0.029104276, -0.1164171), (0.014446302, 0.028892605, -0.11557042), (0.02828427, 0.02828427, -0.11313708), (0.041025806, 0.027350537, -0.10940215), (0.052372295, 0.026186148, -0.10474459), (0.0622171, 0.024886841, -0.099547364), (0.070601806, 0.023533937, -0.09413575), (0.07765803, 0.022188008, -0.08875203), (-0.07605003, 0.03259287, -0.086914316), (-0.06896349, 0.034481745, -0.091951326), (-0.060609154, 0.03636549, -0.09697464), (-0.0508799, 0.038159925, -0.1017598), (-0.039755348, 0.039755348, -0.10601427), (-0.027350537, 0.041025806, -0.10940215), (-0.013949716, 0.04184915, -0.11159773), (0, 0.042134814, -0.1123595), (0.013949716, 0.04184915, -0.11159773), (0.027350537, 0.041025806, -0.10940215), (0.039755348, 0.039755348, -0.10601427), (0.0508799, 0.038159925, -0.1017598), (0.060609154, 0.03636549, -0.09697464), (0.06896349, 0.034481745, -0.091951326), (0.07605003, 0.03259287, -0.086914316), (-0.073957875, 0.042261645, -0.08452329), (-0.06685032, 0.04456688, -0.08913376), (-0.058554005, 0.046843205, -0.09368641), (-0.048989795, 0.048989795, -0.09797959), (-0.038159925, 0.0508799, -0.1017598), (-0.026186148, 0.052372295, -0.10474459), (-0.013333334, 0.053333335, -0.10666667), (0, 0.05366563, -0.10733126), (0.013333334, 0.053333335, -0.10666667), (0.026186148, 0.052372295, -0.10474459), (0.038159925, 0.0508799, -0.1017598), (0.048989795, 0.048989795, -0.09797959), (0.058554005, 0.046843205, -0.09368641), (0.06685032, 0.04456688, -0.08913376), (0.073957875, 0.042261645, -0.08452329), (-0.07150555, 0.05107539, -0.08172063), (-0.06439876, 0.05366563, -0.08586501), (-0.056195147, 0.056195147, -0.089912236), (-0.046843205, 0.058554005, -0.09368641), (-0.03636549, 0.060609154, -0.09697464), (-0.024886841, 0.0622171, -0.099547364), (-0.0126491105, 0.06324555, -0.101192884), (0, 0.06359987, -0.1017598), (0.0126491105, 0.06324555, -0.101192884), (0.024886841, 0.0622171, -0.099547364), (0.03636549, 0.060609154, -0.09697464), (0.046843205, 0.058554005, -0.09368641), (0.056195147, 0.056195147, -0.089912236), (0.06439876, 0.05366563, -0.08586501), (0.07150555, 0.05107539, -0.08172063), (-0.068815485, 0.058984697, -0.078646265), (-0.06173949, 0.06173949, -0.08231932), (-0.05366563, 0.06439876, -0.08586501), (-0.04456688, 0.06685032, -0.08913376), (-0.034481745, 0.06896349, -0.091951326), (-0.023533937, 0.070601806, -0.09413575), (-0.011940447, 0.071642675, -0.09552357), (0, 0.072, -0.096), (0.011940447, 0.071642675, -0.09552357), (0.023533937, 0.070601806, -0.09413575), (0.034481745, 0.06896349, -0.091951326), (0.04456688, 0.06685032, -0.08913376), (0.05366563, 0.06439876, -0.08586501), (0.06173949, 0.06173949, -0.08231932), (0.068815485, 0.058984697, -0.078646265), (-0.06599663, 0.06599663, -0.07542472), (-0.058984697, 0.068815485, -0.078646265), (-0.05107539, 0.07150555, -0.08172063), (-0.042261645, 0.073957875, -0.08452329), (-0.03259287, 0.07605003, -0.086914316), (-0.022188008, 0.07765803, -0.08875203), (-0.0112390295, 0.078673206, -0.089912236), (0, 0.07902055, -0.0903092), (0.0112390295, 0.078673206, -0.089912236), (0.022188008, 0.07765803, -0.08875203), (0.03259287, 0.07605003, -0.086914316), (0.042261645, 0.073957875, -0.08452329), (0.05107539, 0.07150555, -0.08172063), (0.058984697, 0.068815485, -0.078646265), (0.06599663, 0.06599663, -0.07542472), (-0.06599663, -0.06599663, 0.07542472), (-0.058984697, -0.068815485, 0.078646265), (-0.05107539, -0.07150555, 0.08172063), (-0.042261645, -0.073957875, 0.08452329), (-0.03259287, -0.07605003, 0.086914316), (-0.022188008, -0.07765803, 0.08875203), (-0.0112390295, -0.078673206, 0.089912236), (0, -0.07902055, 0.0903092), (0.0112390295, -0.078673206, 0.089912236), (0.022188008, -0.07765803, 0.08875203), (0.03259287, -0.07605003, 0.086914316), (0.042261645, -0.073957875, 0.08452329), (0.05107539, -0.07150555, 0.08172063), (0.058984697, -0.068815485, 0.078646265), (0.06599663, -0.06599663, 0.07542472), (-0.068815485, -0.058984697, 0.078646265), (-0.06173949, -0.06173949, 0.08231932), (-0.05366563, -0.06439876, 0.08586501), (-0.04456688, -0.06685032, 0.08913376), (-0.034481745, -0.06896349, 0.091951326), (-0.023533937, -0.070601806, 0.09413575), (-0.011940447, -0.071642675, 0.09552357), (0, -0.072, 0.096), (0.011940447, -0.071642675, 0.09552357), (0.023533937, -0.070601806, 0.09413575), (0.034481745, -0.06896349, 0.091951326), (0.04456688, -0.06685032, 0.08913376), (0.05366563, -0.06439876, 0.08586501), (0.06173949, -0.06173949, 0.08231932), (0.068815485, -0.058984697, 0.078646265), (-0.07150555, -0.05107539, 0.08172063), (-0.06439876, -0.05366563, 0.08586501), (-0.056195147, -0.056195147, 0.089912236), (-0.046843205, -0.058554005, 0.09368641), (-0.03636549, -0.060609154, 0.09697464), (-0.024886841, -0.0622171, 0.099547364), (-0.0126491105, -0.06324555, 0.101192884), (0, -0.06359987, 0.1017598), (0.0126491105, -0.06324555, 0.101192884), (0.024886841, -0.0622171, 0.099547364), (0.03636549, -0.060609154, 0.09697464), (0.046843205, -0.058554005, 0.09368641), (0.056195147, -0.056195147, 0.089912236), (0.06439876, -0.05366563, 0.08586501), (0.07150555, -0.05107539, 0.08172063), (-0.073957875, -0.042261645, 0.08452329), (-0.06685032, -0.04456688, 0.08913376), (-0.058554005, -0.046843205, 0.09368641), (-0.048989795, -0.048989795, 0.09797959), (-0.038159925, -0.0508799, 0.1017598), (-0.026186148, -0.052372295, 0.10474459), (-0.013333334, -0.053333335, 0.10666667), (0, -0.05366563, 0.10733126), (0.013333334, -0.053333335, 0.10666667), (0.026186148, -0.052372295, 0.10474459), (0.038159925, -0.0508799, 0.1017598), (0.048989795, -0.048989795, 0.09797959), (0.058554005, -0.046843205, 0.09368641), (0.06685032, -0.04456688, 0.08913376), (0.073957875, -0.042261645, 0.08452329), (-0.07605003, -0.03259287, 0.086914316), (-0.06896349, -0.034481745, 0.091951326), (-0.060609154, -0.03636549, 0.09697464), (-0.0508799, -0.038159925, 0.1017598), (-0.039755348, -0.039755348, 0.10601427), (-0.027350537, -0.041025806, 0.10940215), (-0.013949716, -0.04184915, 0.11159773), (0, -0.042134814, 0.1123595), (0.013949716, -0.04184915, 0.11159773), (0.027350537, -0.041025806, 0.10940215), (0.039755348, -0.039755348, 0.10601427), (0.0508799, -0.038159925, 0.1017598), (0.060609154, -0.03636549, 0.09697464), (0.06896349, -0.034481745, 0.091951326), (0.07605003, -0.03259287, 0.086914316), (-0.07765803, -0.022188008, 0.08875203), (-0.070601806, -0.023533937, 0.09413575), (-0.0622171, -0.024886841, 0.099547364), (-0.052372295, -0.026186148, 0.10474459), (-0.041025806, -0.027350537, 0.10940215), (-0.02828427, -0.02828427, 0.11313708), (-0.014446302, -0.028892605, 0.11557042), (0, -0.029104276, 0.1164171), (0.014446302, -0.028892605, 0.11557042), (0.02828427, -0.02828427, 0.11313708), (0.041025806, -0.027350537, 0.10940215), (0.052372295, -0.026186148, 0.10474459), (0.0622171, -0.024886841, 0.099547364), (0.070601806, -0.023533937, 0.09413575), (0.07765803, -0.022188008, 0.08875203), (-0.078673206, -0.0112390295, 0.089912236), (-0.071642675, -0.011940447, 0.09552357), (-0.06324555, -0.0126491105, 0.101192884), (-0.053333335, -0.013333334, 0.10666667), (-0.04184915, -0.013949716, 0.11159773), (-0.028892605, -0.014446302, 0.11557042), (-0.014770979, -0.014770979, 0.11816783), (0, -0.014884168, 0.119073346), (0.014770979, -0.014770979, 0.11816783), (0.028892605, -0.014446302, 0.11557042), (0.04184915, -0.013949716, 0.11159773), (0.053333335, -0.013333334, 0.10666667), (0.06324555, -0.0126491105, 0.101192884), (0.071642675, -0.011940447, 0.09552357), (0.078673206, -0.0112390295, 0.089912236), (-0.07902055, 0, 0.0903092), (-0.072, 0, 0.096), (-0.06359987, 0, 0.1017598), (-0.05366563, 0, 0.10733126), (-0.042134814, 0, 0.1123595), (-0.029104276, 0, 0.1164171), (-0.014884168, 0, 0.119073346), (0, 0, 0.12), (0.014884168, 0, 0.119073346), (0.029104276, 0, 0.1164171), (0.042134814, 0, 0.1123595), (0.05366563, 0, 0.10733126), (0.06359987, 0, 0.1017598), (0.072, 0, 0.096), (0.07902055, 0, 0.0903092), (-0.078673206, 0.0112390295, 0.089912236), (-0.071642675, 0.011940447, 0.09552357), (-0.06324555, 0.0126491105, 0.101192884), (-0.053333335, 0.013333334, 0.10666667), (-0.04184915, 0.013949716, 0.11159773), (-0.028892605, 0.014446302, 0.11557042), (-0.014770979, 0.014770979, 0.11816783), (0, 0.014884168, 0.119073346), (0.014770979, 0.014770979, 0.11816783), (0.028892605, 0.014446302, 0.11557042), (0.04184915, 0.013949716, 0.11159773), (0.053333335, 0.013333334, 0.10666667), (0.06324555, 0.0126491105, 0.101192884), (0.071642675, 0.011940447, 0.09552357), (0.078673206, 0.0112390295, 0.089912236), (-0.07765803, 0.022188008, 0.08875203), (-0.070601806, 0.023533937, 0.09413575), (-0.0622171, 0.024886841, 0.099547364), (-0.052372295, 0.026186148, 0.10474459), (-0.041025806, 0.027350537, 0.10940215), (-0.02828427, 0.02828427, 0.11313708), (-0.014446302, 0.028892605, 0.11557042), (0, 0.029104276, 0.1164171), (0.014446302, 0.028892605, 0.11557042), (0.02828427, 0.02828427, 0.11313708), (0.041025806, 0.027350537, 0.10940215), (0.052372295, 0.026186148, 0.10474459), (0.0622171, 0.024886841, 0.099547364), (0.070601806, 0.023533937, 0.09413575), (0.07765803, 0.022188008, 0.08875203), (-0.07605003, 0.03259287, 0.086914316), (-0.06896349, 0.034481745, 0.091951326), (-0.060609154, 0.03636549, 0.09697464), (-0.0508799, 0.038159925, 0.1017598), (-0.039755348, 0.039755348, 0.10601427), (-0.027350537, 0.041025806, 0.10940215), (-0.013949716, 0.04184915, 0.11159773), (0, 0.042134814, 0.1123595), (0.013949716, 0.04184915, 0.11159773), (0.027350537, 0.041025806, 0.10940215), (0.039755348, 0.039755348, 0.10601427), (0.0508799, 0.038159925, 0.1017598), (0.060609154, 0.03636549, 0.09697464), (0.06896349, 0.034481745, 0.091951326), (0.07605003, 0.03259287, 0.086914316), (-0.073957875, 0.042261645, 0.08452329), (-0.06685032, 0.04456688, 0.08913376), (-0.058554005, 0.046843205, 0.09368641), (-0.048989795, 0.048989795, 0.09797959), (-0.038159925, 0.0508799, 0.1017598), (-0.026186148, 0.052372295, 0.10474459), (-0.013333334, 0.053333335, 0.10666667), (0, 0.05366563, 0.10733126), (0.013333334, 0.053333335, 0.10666667), (0.026186148, 0.052372295, 0.10474459), (0.038159925, 0.0508799, 0.1017598), (0.048989795, 0.048989795, 0.09797959), (0.058554005, 0.046843205, 0.09368641), (0.06685032, 0.04456688, 0.08913376), (0.073957875, 0.042261645, 0.08452329), (-0.07150555, 0.05107539, 0.08172063), (-0.06439876, 0.05366563, 0.08586501), (-0.056195147, 0.056195147, 0.089912236), (-0.046843205, 0.058554005, 0.09368641), (-0.03636549, 0.060609154, 0.09697464), (-0.024886841, 0.0622171, 0.099547364), (-0.0126491105, 0.06324555, 0.101192884), (0, 0.06359987, 0.1017598), (0.0126491105, 0.06324555, 0.101192884), (0.024886841, 0.0622171, 0.099547364), (0.03636549, 0.060609154, 0.09697464), (0.046843205, 0.058554005, 0.09368641), (0.056195147, 0.056195147, 0.089912236), (0.06439876, 0.05366563, 0.08586501), (0.07150555, 0.05107539, 0.08172063), (-0.068815485, 0.058984697, 0.078646265), (-0.06173949, 0.06173949, 0.08231932), (-0.05366563, 0.06439876, 0.08586501), (-0.04456688, 0.06685032, 0.08913376), (-0.034481745, 0.06896349, 0.091951326), (-0.023533937, 0.070601806, 0.09413575), (-0.011940447, 0.071642675, 0.09552357), (0, 0.072, 0.096), (0.011940447, 0.071642675, 0.09552357), (0.023533937, 0.070601806, 0.09413575), (0.034481745, 0.06896349, 0.091951326), (0.04456688, 0.06685032, 0.08913376), (0.05366563, 0.06439876, 0.08586501), (0.06173949, 0.06173949, 0.08231932), (0.068815485, 0.058984697, 0.078646265), (-0.06599663, 0.06599663, 0.07542472), (-0.058984697, 0.068815485, 0.078646265), (-0.05107539, 0.07150555, 0.08172063), (-0.042261645, 0.073957875, 0.08452329), (-0.03259287, 0.07605003, 0.086914316), (-0.022188008, 0.07765803, 0.08875203), (-0.0112390295, 0.078673206, 0.089912236), (0, 0.07902055, 0.0903092), (0.0112390295, 0.078673206, 0.089912236), (0.022188008, 0.07765803, 0.08875203), (0.03259287, 0.07605003, 0.086914316), (0.042261645, 0.073957875, 0.08452329), (0.05107539, 0.07150555, 0.08172063), (0.058984697, 0.068815485, 0.078646265), (0.06599663, 0.06599663, 0.07542472)] (
            interpolation = "vertex"
        )
        float[] primvars:usdGen:paint:density = [1, 1, 1, 1, 1, 1, 1, 1, 1, 1, 1, 1, 1, 1, 1, 1, 1, 1, 1, 1, 1, 1, 1, 1, 1, 1, 1, 1, 1, 1, 1, 1, 1, 1, 1, 1, 1, 1, 1, 1, 1, 1, 1, 1, 1, 1, 1, 1, 1, 1, 1, 1, 1, 1, 1, 1, 1, 1, 1, 1, 1, 1, 1, 1, 1, 1, 1, 1, 1, 1, 1, 1, 1, 1, 1, 1, 1, 1, 1, 1, 1, 1, 1, 1, 1, 1, 1, 1, 1, 1, 1, 1, 1, 1, 1, 1, 1, 1, 1, 1, 1, 1, 1, 1, 1, 1, 1, 1, 1, 1, 1, 1, 1, 1, 1, 1, 1, 1, 1, 1, 1, 1, 1, 1, 1, 1, 1, 1, 1, 1, 1, 1, 1, 1, 1, 1, 1, 1, 1, 1, 1, 1, 1, 1, 1, 1, 1, 1, 1, 1, 1, 1, 1, 1, 1, 1, 1, 1, 1, 1, 1, 1, 1, 1, 1, 1, 1, 1, 1, 1, 1, 1, 1, 1, 1, 1, 1, 1, 1, 1, 1, 1, 1, 1, 1, 1, 1, 1, 1, 1, 1, 1, 1, 1, 1, 1, 1, 1, 1, 1, 1, 1, 1, 1, 1, 1, 1, 1, 1, 1, 1, 1, 1, 1, 1, 1, 1, 1, 1, 1, 1, 1, 1, 1, 1, 1, 1, 1, 1, 1, 1, 1, 1, 1, 1, 1, 1, 1, 1, 1, 1, 1, 1, 1, 1, 1, 1, 1, 1, 1, 1, 1, 1, 1, 1, 1, 1, 1, 1, 1, 1, 1, 1, 1, 1, 1, 1, 1, 1, 1, 1, 1, 1, 1, 1, 1, 1, 1, 1, 1, 1, 1, 1, 1, 1, 1, 1, 1, 1, 1, 1, 1, 1, 1, 1, 1, 1, 1, 1, 1, 1, 1, 1, 1, 1, 1, 1, 1, 1, 1, 1, 1, 1, 1, 1, 1, 1, 1, 1, 1, 1, 1, 1, 1, 1, 1, 1, 1, 1, 1, 1, 1, 1, 1, 1, 1, 1, 1, 1, 1, 1, 1, 1, 1, 1, 1, 1, 1, 1, 1, 1, 1, 1, 1, 1, 1, 1, 1, 1, 1, 1, 1, 1, 1, 1, 1, 1, 1, 1, 1, 1, 1, 1, 1, 1, 1, 1, 1, 1, 1, 1, 1, 1, 1, 1, 1, 1, 1, 1, 1, 1, 1, 1, 1, 1, 1, 1, 1, 1, 1, 1, 1, 1, 1, 1, 1, 1, 1, 1, 1, 1, 1, 1, 1, 1, 1, 1, 1, 1, 1, 1, 1, 1, 1, 1, 1, 1, 1, 1, 1, 1, 1, 1, 1, 1, 1, 1, 1, 1, 1, 1, 1, 1, 1, 1, 1, 1, 1, 1, 1, 1, 1, 1, 1, 1, 1, 1, 1, 1, 1, 1, 1, 1, 1, 1, 1, 1, 1, 1, 1, 1, 1, 1, 1, 1, 1, 1, 1, 1, 1, 1, 1, 1, 1, 1, 1, 1, 1, 1, 1, 1, 1, 1, 1, 1, 1, 1, 1, 1, 1, 1, 1, 1, 1, 1, 1, 1, 1, 1, 1, 1, 1, 1, 1, 1, 1, 1, 1, 1, 1, 1, 1, 1, 1, 1, 1, 1, 1, 1, 1, 1, 1, 1, 1, 1, 1, 1, 1, 1, 1, 1, 1, 1, 1, 1, 1, 1, 1, 1, 1, 1, 1, 1, 1, 1, 1, 1, 1, 1, 1, 1, 1, 1, 1, 1, 1, 1, 1, 1, 1, 1, 1, 1, 1, 1, 1, 1, 1, 1, 1, 1, 1, 1, 1, 1, 1, 1, 1, 1, 1, 1, 1, 1, 1, 1, 1, 1, 1, 1, 1, 1, 1, 1, 1, 1, 1, 1, 1, 1, 1, 1, 1, 1, 1, 1, 1, 1, 1, 1, 1, 1, 1, 1, 1, 1, 1, 1, 1, 1, 1, 1, 1, 1, 1, 1, 1, 1, 1, 1, 1, 1, 1, 1, 1, 1, 1, 1, 1, 1, 1, 1, 1, 1, 1, 1, 1, 1, 1, 1, 1, 1, 1, 1, 1, 1, 1, 1, 1, 1, 1, 1, 1, 1, 1, 1, 1, 1, 1, 1, 1, 1, 1, 1, 1, 1, 1, 1, 1, 1, 1, 1, 1, 1, 1, 1, 1, 1, 1, 1, 1, 1, 1, 1, 1, 1, 1, 1, 1, 1, 1, 1, 1, 1, 1, 1, 1, 1, 1, 1, 1, 1, 1, 1, 1, 1, 1, 1, 1, 1, 1, 1, 1, 1, 1, 1, 1, 1, 1, 1, 1, 1, 1, 1, 1, 1, 1, 1, 1, 1, 1, 1, 1, 1, 1, 1, 1, 1, 1, 1, 1, 1, 1, 1, 1, 1, 1, 1, 1, 1, 1, 1, 1, 1, 1, 1, 1, 1, 1, 1, 1, 1, 1, 1, 1, 1, 1, 1, 1, 1, 1, 1, 1, 1, 1, 1, 1, 1, 1, 1, 1, 1, 1, 1, 1, 1, 1, 1, 1, 1, 1, 1, 1, 1, 1, 1, 1, 1, 1, 1, 1, 1, 1, 1, 1, 1, 1, 1, 1, 1, 1, 1, 1, 1, 1, 1, 1, 1, 1, 1, 1, 1, 1, 1, 1, 1, 1, 1, 1, 1, 1, 1, 1, 1, 1, 1, 1, 1, 1, 1, 1, 1, 1, 1, 1, 1, 1, 1, 1, 1, 1, 1, 1, 1, 1, 1, 1, 1, 1, 1, 1, 1, 1, 1, 1, 1, 1, 1, 1, 1, 1, 1, 1, 1, 1, 1, 1, 1, 1, 1, 1, 1, 1, 1, 1, 1, 1, 1, 1, 1, 1, 1, 1, 1, 1, 1, 1, 1, 1, 1, 1, 1, 1, 1, 1, 1, 1, 1, 1, 1, 1, 1, 1, 1, 1, 1, 1, 1, 1, 1, 1, 1, 1, 1, 1, 1, 1, 1, 1, 1, 1, 1, 1, 1, 1, 1, 1, 1, 1, 1, 1, 1, 1, 1, 1, 1, 1, 1, 1, 1, 1, 1, 1, 1, 1, 1, 1, 1, 1, 1, 1, 1, 1, 1, 1, 1, 1, 1, 1, 1, 1, 1, 1, 1, 1, 1, 1, 1, 1, 1, 1, 1, 1, 1, 1, 1, 1, 1, 1, 1, 1, 1, 1, 1, 1, 1, 1, 1, 1, 1, 1, 1, 1, 1, 1, 1, 1, 1, 1, 1, 1, 1, 1, 1, 1, 1, 1, 1, 1, 1, 1, 1, 1, 1, 1, 1, 1, 1, 1, 1, 1, 1, 1, 1, 1, 1, 1, 1, 1, 1, 1, 1, 1, 1, 1, 1, 1, 1, 1, 1, 1, 1, 1, 1, 1, 1, 1, 1, 1, 1, 1, 1, 1, 1, 1, 1, 1, 1, 1, 1, 1, 1, 1, 1, 1, 1, 1, 1, 1, 1, 1, 1, 1, 1, 1, 1, 1, 1, 1, 1, 1, 1, 1, 1, 1, 1, 1, 1, 1, 1, 1, 1, 1, 1, 1, 1, 1, 1, 1, 1, 1, 1, 1, 1, 1, 1, 1, 1, 1, 1, 1, 1, 1, 1, 1, 1, 1, 1, 1, 1, 1, 1, 1, 1, 1, 1, 1, 1, 1, 1, 1, 1, 1, 1, 1, 1, 1, 1, 1, 1, 1, 1, 1, 1, 1, 1, 1, 1, 1, 1, 1, 1, 1, 1, 1, 1, 1, 1, 1, 1, 1, 1, 1, 1, 1, 1, 1, 1, 1, 1, 1, 1, 1, 1, 1, 1, 1, 1, 1, 1, 1, 1, 1, 1, 1, 1, 1, 1, 1, 1, 1, 1, 1, 1, 1, 1, 1, 1, 1, 1, 1, 1, 1, 1, 1, 1, 1, 1, 1, 1, 1, 1, 1, 1, 1, 1, 1, 1, 1, 1, 1, 1, 1, 1, 1, 1, 1, 1, 1, 1, 1, 1, 1, 1, 1, 1, 1, 1, 1, 1, 1, 1, 1, 1, 1, 1, 1, 1, 1, 1, 1, 1, 1, 1, 1, 1, 1, 1, 1, 1, 1, 1, 1, 1, 1, 1, 1, 1, 1, 1, 1, 1, 1, 1, 1, 1, 1, 1, 1, 1, 1, 1, 1, 1, 1, 1, 1, 1, 1, 1, 1, 1, 1, 1, 1, 1, 1, 1, 1, 1, 1, 1, 1, 1, 1, 1, 1, 1, 1, 1, 1, 1, 1, 1, 1, 1, 1, 1, 1, 1, 1, 1, 1, 1, 1, 1, 1, 1, 1, 1, 1, 1, 1, 1, 1, 1, 1, 1, 1, 1, 1, 1, 1, 1, 1, 1, 1, 1, 1, 1, 1, 1, 1, 1, 1, 1, 1, 1, 1, 1, 1, 1, 1, 1, 1, 1, 1, 1, 1, 1, 1, 1, 1, 1, 1, 1, 1, 1, 1, 1, 1, 1, 1, 1, 1, 1, 1, 1, 1, 1, 1, 1, 1, 1, 1, 1, 1, 1, 1, 1, 1, 1, 1, 1, 1, 1, 1, 1, 1, 1, 1, 1, 1, 1, 1, 1, 1, 1, 1, 1, 1, 1, 1, 1, 1, 1, 1, 1, 1, 1, 1, 1, 1, 1, 1, 1, 1, 1, 1, 1, 1, 1, 1, 1, 1, 1, 1, 1, 1, 1, 1, 1, 1, 1, 1, 1, 1, 1, 1, 1, 1, 1, 1, 1, 1, 1, 1, 1, 1, 1, 1, 1, 1, 1, 1, 1, 1, 1, 1, 1, 1, 1, 1, 1, 1, 1, 1, 1, 1, 1, 1, 1, 1, 1, 1, 1, 1, 1, 1, 1, 1, 1, 1, 1, 1, 1, 1, 1, 1, 1, 1, 1, 1, 1, 1, 1, 1, 1, 1, 1, 1, 1, 1, 1, 1, 1, 1, 1, 1, 1, 1, 1, 1, 1, 1, 1, 1, 1, 1, 1, 1, 1, 1, 1, 1, 1, 1, 1, 1, 1, 1, 1, 1, 1, 1, 1, 1, 1, 1, 1, 1, 1, 1, 1, 1, 1, 1, 1, 1, 1, 1, 1, 1, 1, 1, 1, 1, 1, 1, 1, 1, 1, 1, 1, 1, 1, 1, 1, 1, 1, 1, 1, 1, 1, 1, 1, 1, 1, 1, 1, 1, 1, 1, 1, 1, 1, 1, 1, 1, 1, 1, 1, 1, 1, 1, 1, 1, 1, 1, 1, 1, 1, 1, 1, 1, 1, 1, 1, 1, 1, 1, 1, 1, 1, 1, 1, 1, 1, 1, 1, 1, 1, 1, 1, 1, 1, 1, 1, 1, 1, 1, 1, 1, 1, 1, 1, 1, 1, 1, 1, 1, 1, 1, 1, 1, 1, 1, 1, 1, 1, 1, 1, 1, 1, 1, 1, 1, 1, 1, 1, 1, 1, 1, 1, 1, 1, 1, 1, 1, 1, 1, 1, 1, 1, 1, 1, 1, 1, 1, 1, 1, 1, 1, 1, 1, 1, 1, 1, 1, 1, 1, 1, 1, 1, 1, 1, 1, 1, 1, 1, 1, 1, 1, 1, 1, 1, 1, 1, 1, 1, 1, 1, 1, 1, 1, 1, 1, 1, 1, 1, 1, 1, 1, 1, 1, 1, 1, 1, 1, 1, 1, 1, 1, 1, 1, 1, 1, 1, 1, 1, 1, 1, 1, 1, 1, 1, 1, 1, 1, 1, 1, 1, 1, 1, 1, 1, 1, 1, 1, 1, 1, 1, 1, 1, 1, 1, 1, 1, 1, 1, 1, 1, 1, 1, 1, 1, 1, 1, 1, 1, 1, 1, 1, 1, 1, 1, 1, 1, 1, 1, 1, 1, 1, 1, 1, 1, 1, 1, 1, 1, 1, 1, 1, 1, 1, 1, 1, 1, 1, 1, 1, 1, 1, 1, 1, 1, 1, 1, 1, 1, 1, 1, 1, 1, 1, 1, 1, 1, 1, 1, 1, 1, 1, 1, 1, 1, 1, 1, 1, 1, 1, 1, 1, 1, 1, 1, 1, 1, 1, 1, 1, 1, 1, 1, 1, 1, 1, 1, 1, 1, 1, 1, 1, 1, 1, 1, 1, 1, 1, 1, 1, 1, 1, 1, 1, 1, 1, 1, 1, 1, 1, 1, 1, 1, 1, 1, 1, 1, 1, 1, 1, 1, 1, 1, 1, 1, 1, 1, 1, 1, 1, 1, 1, 1, 1, 1, 1, 1, 1, 1, 1, 1, 1, 1, 1, 1, 1, 1, 1, 1, 1, 1, 1, 1, 1, 1, 1, 1, 1, 1, 1, 1, 1, 1, 1, 1, 1, 1, 1, 1, 1, 1, 1, 1, 1, 1, 1, 1, 1, 1, 1, 1, 1, 1, 1, 1, 1, 1, 1, 1, 1, 1, 1, 1, 1, 1, 1, 1, 1, 1, 1, 1, 1, 1, 1, 1, 1, 1, 1, 1, 1, 1, 1, 1, 1, 1, 1, 1, 1, 1, 1, 1, 1, 1, 1, 1, 1, 1, 1, 1, 1, 1, 1, 1, 1, 1, 1, 1, 1, 1, 1, 1, 1, 1, 1, 1, 1, 1, 1, 1, 1, 1, 1, 1, 1, 1, 1, 1, 1, 1, 1, 1, 1, 1, 1, 1, 1, 1, 1, 1, 1, 1, 1, 1, 1, 1, 1, 1, 1, 1, 1, 1, 1, 1, 1, 1, 1, 1, 1, 1, 1, 1, 1, 1, 1, 1, 1, 1, 1, 1, 1, 1, 1, 1, 1, 1, 1, 1, 1, 1, 1, 1, 1, 1, 1, 1, 1, 1, 1, 1, 1, 1, 1, 1, 1, 1, 1, 1, 1, 1, 1, 1, 1, 1, 1, 1, 1, 1, 1, 1, 1, 1, 1, 1, 1, 1, 1, 1, 1, 1, 1, 1, 1, 1, 1, 1, 1, 1, 1, 1, 1, 1, 1, 1, 1, 1, 1, 1, 1, 1, 1, 1, 1, 1, 1, 1, 1, 1, 1, 1, 1, 1, 1, 1, 1, 1, 1, 1, 1, 1, 1, 1, 1, 1, 1, 1, 1, 1, 1, 1, 1, 1, 1, 1, 1, 1, 1, 1, 1, 1, 1, 1, 1, 1, 1, 1, 1, 1, 1, 1, 1, 1, 1, 1, 1, 1, 1, 1, 1, 1, 1, 1, 1, 1, 1, 1, 1, 1, 1, 1, 1, 1, 1, 1, 1, 1, 1, 1, 1, 1, 1, 1, 1, 1, 1, 1, 1, 1, 1, 1, 1, 1, 1, 1, 1, 1, 1, 1, 1, 1, 1, 1, 1, 1, 1, 1, 1, 1, 1, 1, 1, 1, 1, 1, 1, 1, 1, 1, 1, 1, 1, 1, 1, 1, 1, 1, 1, 1, 1, 1, 1, 1, 1, 1, 1, 1, 1, 1, 1, 1, 1, 1, 1, 1, 1, 1, 1, 1, 1, 1, 1, 1, 1, 1, 1, 1, 1, 1, 1, 1, 1, 1, 1, 1, 1, 1, 1, 1, 1, 1, 1, 1, 1, 1, 1, 1, 1, 1, 1, 1, 1, 1, 1, 1, 1, 1, 1, 1, 1, 1, 1, 1, 1, 1, 1, 1, 1, 1, 1, 1, 1, 1, 1, 1, 1, 1, 1, 1, 1, 1, 1, 1, 1, 1, 1, 1, 1, 1, 1, 1, 1, 1, 1, 1, 1, 1, 1, 1, 1, 1, 1, 1, 1, 1, 1, 1, 1, 1, 1, 1, 1, 1, 1, 1, 1, 1, 1, 1, 1, 1, 1, 1, 1, 1, 1, 1, 1, 1, 1, 1, 1, 1, 1, 1, 1, 1, 1, 1, 1, 1, 1, 1, 1, 1, 1, 1, 1, 1, 1, 1, 1, 1, 1, 1, 1, 1, 1, 1, 1, 1, 1, 1, 1, 1, 1, 1, 1, 1, 1, 1, 1, 1, 1, 1, 1, 1, 1, 1, 1, 1, 1, 1, 1, 1, 1, 1, 1, 1, 1, 1, 1, 1, 1, 1, 1, 1, 1, 1, 1, 1, 1, 1, 1, 1, 1, 1, 1, 1, 1, 1, 1, 1, 1, 1, 1, 1, 1, 1, 1, 1, 1, 1, 1, 1, 1, 1, 1, 1, 1, 1, 1, 1, 1, 1, 1, 1, 1, 1, 1, 1, 1, 1, 1, 1, 1, 1, 1, 1, 1, 1, 1, 1, 1, 1, 1, 1, 1, 1, 1, 1, 1, 1, 1, 1, 1, 1, 1, 1, 1, 1, 1, 1, 1, 1, 1, 1, 1, 1, 1, 1, 1, 1, 1, 1, 1, 1, 1, 1, 1, 1, 1, 1, 1, 1, 1, 1, 1, 1, 1, 1, 1, 1, 1, 1, 1, 1, 1, 1, 1, 1, 1, 1, 1, 1, 1, 1, 1, 1, 1, 1, 1, 1, 1, 1, 1, 1, 1, 1, 1, 1, 1, 1, 1, 1, 1, 1, 1, 1, 1, 1, 1, 1, 1, 1, 1, 1, 1, 1, 1, 1, 1, 1, 1, 1, 1, 1, 1, 1, 1, 1, 1, 1, 1, 1, 1, 1, 1, 1, 1, 1, 1, 1, 1, 1, 1, 1, 1, 1, 1, 1, 1, 1, 1, 1, 1, 1, 1, 1, 1, 1, 1, 1, 1, 1, 1, 1, 1, 1, 1, 1, 1, 1, 1, 1, 1, 1, 1, 1, 1, 1, 1, 1, 1, 1, 1, 1, 1, 1, 1, 1, 1, 1, 1, 1, 1, 1, 1, 1, 1, 1, 1, 1, 1, 1, 1, 1, 1, 1, 1, 1, 1, 1, 1, 1, 1, 1, 1, 1, 1, 1, 1, 1, 1, 1, 1, 1, 1, 1, 1, 1, 1, 1, 1, 1, 1, 1, 1, 1, 1, 1, 1, 1, 1, 1, 1, 1, 1, 1, 1, 1, 1, 1, 1, 1, 1, 1, 1, 1, 1, 1, 1, 1, 1, 1, 1, 1, 1, 1, 1, 1, 1, 1, 1, 1, 1, 1, 1, 1, 1, 1, 1, 1, 1, 1, 1, 1, 1, 1, 1, 1, 1, 1, 1, 1, 1, 1, 1, 1, 1, 1, 1, 1, 1, 1, 1, 1, 1, 1, 1, 1, 1, 1, 1, 1, 1, 1, 1, 1, 1, 1, 1, 1, 1, 1, 1, 1, 1, 1, 1, 1, 1, 1, 1, 1, 1, 1, 1, 1, 1, 1, 1, 1, 1, 1, 1, 1, 1, 1, 1, 1, 1, 1, 1, 1, 1, 1, 1, 1, 1, 1, 1, 1, 1, 1, 1, 1, 1, 1, 1, 1, 1, 1, 1, 1, 1, 1, 1, 1, 1, 1, 1, 1, 1, 1, 1, 1, 1, 1, 1, 1, 1, 1, 1, 1, 1, 1, 1, 1, 1, 1, 1, 1, 1, 1, 1, 1, 1, 1, 1, 1, 1, 1, 1, 1, 1, 1, 1, 1, 1, 1, 1, 1, 1, 1, 1, 1, 1, 1, 1, 1, 1, 1, 1, 1, 1, 1, 1, 1, 1, 1, 1, 1, 1, 1, 1, 1, 1, 1, 1, 1, 1, 1, 1, 1, 1, 1, 1, 1, 1, 1, 1, 1, 1, 1, 1, 1, 1, 1, 1, 1, 1, 1, 1, 1, 1, 1, 1, 1, 1, 1, 1, 1, 1, 1, 1, 1, 1, 1, 1, 1, 1, 1, 1, 1, 1, 1, 1, 1, 1, 1, 1, 1, 1, 1, 1, 1, 1, 1, 1, 1, 1, 1, 1, 1, 1, 1, 1, 1, 1, 1, 1, 1, 1, 1, 1, 1, 1, 1, 1, 1, 1, 1, 1, 1, 1, 1, 1, 1, 1, 1, 1, 1, 1, 1, 1, 1, 1, 1, 1, 1, 1, 1, 1, 1, 1, 1, 1, 1, 1, 1, 1, 1, 1, 1, 1, 1, 1, 1, 1, 1, 1, 1, 1, 1, 1, 1, 1, 1, 1, 1, 1, 1, 1, 1, 1, 1, 1, 1, 1, 1, 1, 1, 1, 1, 1, 1, 1, 1, 1, 1, 1, 1, 1, 1, 1, 1, 1, 1, 1, 1, 1, 1, 1, 1, 1, 1, 1, 1, 1, 1, 1, 1, 1, 1, 1, 1, 1, 1, 1, 1, 1, 1, 1, 1, 1, 1, 1, 1, 1, 1, 1, 1, 1, 1, 1, 1, 1, 1, 1, 1, 1, 1, 1, 1, 1, 1, 1, 1, 1, 1, 1, 1, 1, 1, 1, 1, 1, 1, 1, 1, 1, 1, 1, 1, 1, 1, 1, 1, 1, 1, 1, 1, 1, 1, 1, 1, 1, 1, 1, 1, 1, 1, 1, 1, 1, 1, 1, 1, 1, 1, 1, 1, 1, 1, 1, 1, 1, 1, 1, 1, 1, 1, 1, 1, 1, 1, 1, 1, 1, 1, 1, 1, 1, 1, 1, 1, 1, 1, 1, 1, 1, 1, 1, 1, 1, 1, 1, 1, 1, 1, 1, 1, 1, 1, 1, 1, 1, 1, 1, 1, 1, 1, 1, 1, 1, 1, 1, 1, 1, 1, 1, 1, 1, 1, 1, 1, 1, 1, 1, 1, 1, 1, 1, 1, 1, 1, 1, 1, 1, 1, 1, 1, 1, 1, 1, 1, 1, 1, 1, 1, 1, 1, 1, 1, 1, 1, 1, 1, 1, 1, 1, 1, 1, 1, 1, 1, 1, 1, 1, 1, 1, 1, 1, 1, 1, 1, 1, 1, 1, 1, 1, 1, 1, 1, 1, 1, 1, 1, 1, 1, 1, 1, 1, 1, 1, 1, 1, 1, 1, 1, 1, 1, 1, 1, 1, 1, 1, 1, 1, 1, 1, 1, 1, 1, 1, 1, 1, 1, 1, 1, 1, 1, 1, 1, 1, 1, 1, 1, 1, 1, 1, 1, 1, 1, 1, 1, 1, 1, 1, 1, 1, 1, 1, 1, 1, 1, 1, 1, 1, 1, 1, 1, 1, 1, 1, 1, 1, 1, 1, 1, 1, 1, 1, 1, 1, 1, 1, 1, 1, 1, 1, 1, 1, 1, 1, 1, 1, 1, 1, 1, 1, 1, 1, 1, 1, 1, 1, 1, 1, 1, 1, 1, 1, 1, 1, 1, 1, 1, 1, 1, 1, 1, 1, 1, 1, 1, 1, 1, 1, 1, 1, 1, 1, 1, 1, 1, 1, 1, 1, 1, 1, 1, 1, 1, 1, 1, 1, 1, 1, 1, 1, 1, 1, 1, 1, 1, 1, 1, 1, 1, 1, 1, 1, 1, 1, 1, 1, 1, 1, 1, 1, 1, 1, 1, 1, 1, 1, 1, 1, 1, 1, 1, 1, 1, 1, 1, 1, 1, 1, 1, 1, 1, 1, 1, 1, 1, 1, 1, 1, 1, 1, 1, 1, 1, 1, 1, 1, 1, 1, 1, 1, 1, 1, 1, 1, 1, 1, 1, 1, 1, 1, 1, 1, 1, 1, 1, 1, 1, 1, 1, 1, 1, 1, 1, 1, 1, 1, 1, 1, 1, 1, 1, 1, 1, 1, 1, 1, 1, 1, 1, 1, 1, 1, 1, 1, 1, 1, 1, 1, 1, 1, 1, 1, 1, 1, 1, 1, 1, 1, 1, 1, 1, 1, 1, 1, 1, 1, 1, 1, 1, 1, 1, 1, 1, 1, 1, 1, 1, 1, 1, 1, 1, 1, 1, 1, 1, 1, 1, 1, 1, 1, 1, 1, 1, 1, 1, 1, 1, 1, 1, 1, 1, 1, 1, 1, 1, 1, 1, 1, 1, 1, 1, 1, 1, 1, 1, 1, 1, 1, 1, 1, 1, 1, 1, 1, 1, 1, 1, 1, 1, 1, 1, 1, 1, 1, 1, 1, 1, 1, 1, 1, 1, 1, 1, 1, 1, 1, 1, 1, 1, 1, 1, 1, 1, 1, 1, 1, 1, 1, 1, 1, 1, 1, 1, 1, 1, 1, 1, 1, 1, 1, 1, 1, 1, 1, 1, 1, 1, 1, 1, 1, 1, 1, 1, 1, 1, 1, 1, 1, 1, 1, 1, 1, 1, 1, 1, 1, 1, 1, 1, 1, 1, 1, 1, 1, 1, 1, 1, 1, 1, 1, 1, 1, 1, 1, 1, 1, 1, 1, 1, 1, 1, 1, 1, 1, 1, 1, 1, 1, 1, 1, 1, 1, 1, 1, 1, 1, 1, 1, 1, 1, 1, 1, 1, 1, 1, 1, 1, 1, 1, 1, 1, 1, 1, 1, 1, 1, 1, 1, 1, 1, 1, 1, 1, 1, 1, 1, 1, 1, 1, 1, 1, 1, 1, 1, 1, 1, 1, 1, 1, 1, 1, 1, 1, 1, 1, 1, 1, 1, 1, 1, 1, 1, 1, 1, 1, 1, 1, 1, 1, 1, 1, 1, 1, 1, 1, 1, 1, 1, 1, 1, 1, 1, 1, 1, 1, 1, 1, 1, 1, 1, 1, 1, 1, 1, 1, 1, 1, 1, 1, 1, 1, 1, 1, 1, 1, 1, 1, 1, 1, 1, 1, 1, 1, 1, 1, 1, 1, 1, 1, 1, 1, 1, 1, 1, 1, 1, 1, 1, 1, 1, 1, 1, 1, 1, 1, 1, 1, 1, 1, 1, 1, 1, 1, 1, 1, 1, 1, 1, 1, 1, 1, 1, 1, 1, 1, 1, 1, 1, 1, 1, 1, 1, 1, 1, 1, 1, 1, 1, 1, 1, 1, 1, 1, 1, 1, 1, 1, 1, 1, 1, 1, 1, 1, 1, 1, 1, 1, 1, 1, 1, 1, 1, 1, 1, 1, 1, 1, 1, 1, 1, 1, 1, 1, 1, 1, 1, 1, 1, 1, 1, 1, 1, 1, 1, 1, 1, 1, 1, 1, 1, 1, 1, 1, 1, 1, 1, 1, 1, 1, 1, 1, 1, 1, 1, 1, 1, 1, 1, 1, 1, 1, 1, 1, 1, 1, 1, 1, 1, 1, 1, 1, 1, 1, 1, 1, 1, 1, 1, 1, 1, 1, 1, 1, 1, 1, 1, 1, 1, 1, 1, 1, 1, 1, 1, 1, 1, 1, 1, 1, 1, 1, 1, 1, 1, 1, 1, 1, 1, 1, 1, 1, 1, 1, 1, 1, 1, 1, 1, 1, 1, 1, 1, 1, 1, 1, 1, 1, 1, 1, 1, 1, 1, 1, 1, 1, 1, 1, 1, 1, 1, 1, 1, 1, 1, 1, 1, 1, 1, 1, 1, 1, 1, 1, 1, 1, 1, 1, 1, 1, 1, 1, 1, 1, 1, 1, 1, 1, 1, 1, 1, 1, 1, 1, 1, 1, 1, 1, 1, 1, 1, 1, 1, 1, 1, 1, 1, 1, 1, 1, 1, 1, 1, 1, 1, 1, 1, 1, 1, 1, 1, 1, 1, 1, 1, 1, 1, 1, 1, 1, 1, 1, 1, 1, 1, 1, 1, 1, 1, 1, 1, 1, 1, 1, 1, 1, 1, 1, 1, 1, 1, 1, 1, 1, 1, 1, 1, 1, 1, 1, 1, 1, 1, 1, 1, 1, 1, 1, 1, 1, 1, 1, 1, 1, 1, 1, 1, 1, 1, 1, 1, 1, 1, 1, 1, 1, 1, 1, 1, 1, 1, 1, 1, 1, 1, 1, 1, 1, 1, 1, 1, 1, 1, 1, 1, 1, 1, 1, 1, 1, 1, 1, 1, 1, 1, 1, 1, 1, 1, 1, 1, 1, 1, 1, 1, 1, 1, 1, 1, 1, 1, 1, 1, 1, 1, 1, 1, 1, 1, 1, 1, 1, 1, 1, 1, 1, 1, 1, 1, 1, 1, 1, 1, 1, 1, 1, 1, 1, 1, 1, 1, 1, 1, 1, 1, 1, 1, 1, 1, 1, 1, 1, 1, 1, 1, 1, 1, 1, 1, 1, 1, 1, 1, 1, 1, 1, 1, 1, 1, 1, 1, 1, 1, 1, 1, 1, 1, 1, 1, 1, 1, 1, 1, 1, 1, 1, 1, 1, 1, 1, 1, 1, 1, 1, 1, 1, 1, 1, 1, 1, 1, 1, 1, 1, 1, 1, 1, 1, 1, 1, 1, 1, 1, 1, 1, 1, 1, 1, 1, 1, 1, 1, 1, 1, 1, 1, 1, 1, 1, 1, 1, 1, 1, 1, 1, 1, 1, 1, 1, 1, 1, 1, 1, 1, 1, 1, 1, 1, 1, 1, 1, 1, 1, 1, 1, 1, 1, 1, 1, 1, 1, 1, 1, 1, 1, 1, 1, 1, 1, 1, 1, 1, 1, 1, 1, 1, 1, 1, 1, 1, 1, 1, 1, 1, 1, 1, 1, 1, 1, 1, 1, 1, 1, 1, 1, 1, 1, 1, 1, 1, 1, 1, 1, 1, 1, 1, 1, 1, 1, 1, 1, 1, 1, 1, 1, 1, 1, 1, 1, 1, 1, 1, 1, 1, 1, 1, 1, 1, 1, 1, 1, 1, 1, 1, 1, 1, 1, 1, 1, 1, 1, 1, 1, 1, 1, 1, 1, 1, 1, 1, 1, 1, 1, 1, 1, 1, 1, 1, 1, 1, 1, 1, 1, 1, 1, 1, 1, 1, 1, 1, 1, 1, 1, 1, 1, 1, 1, 1, 1, 1, 1, 1, 1, 1, 1, 1, 1, 1, 1, 1, 1, 1, 1, 1, 1, 1, 1, 1, 1, 1, 1, 1, 1, 1, 1, 1, 1, 1, 1, 1, 1, 1, 1, 1, 1, 1, 1, 1, 1, 1, 1, 1, 1, 1, 1, 1, 1, 1, 1, 1, 1, 1, 1, 1, 1, 1, 1, 1, 1, 1, 1, 1, 1, 1, 1, 1, 1, 1, 1, 1, 1, 1, 1, 1, 1, 1, 1, 1, 1, 1, 1, 1, 1, 1, 1, 1, 1, 1, 1, 1, 1, 1, 1, 1, 1, 1, 1, 1, 1, 1, 1, 1, 1, 1, 1, 1, 1, 1, 1, 1, 1, 1, 1, 1, 1, 1, 1, 1, 1, 1, 1, 1, 1, 1, 1, 1, 1, 1, 1, 1, 1, 1, 1, 1, 1, 1, 1, 1, 1, 1, 1, 1, 1, 1, 1, 1, 1, 1, 1, 1, 1, 1, 1, 1, 1, 1, 1, 1, 1, 1, 1, 1, 1, 1, 1, 1, 1, 1, 1, 1, 1, 1, 1, 1, 1, 1, 1, 1, 1, 1, 1, 1, 1, 1, 1, 1, 1, 1, 1, 1, 1, 1, 1, 1, 1, 1, 1, 1, 1, 1, 1, 1, 1, 1, 1, 1, 1, 1, 1, 1, 1, 1, 1, 1, 1, 1, 1, 1, 1, 1, 1, 1, 1, 1, 1, 1, 1, 1, 1, 1, 1, 1, 1, 1, 1, 1, 1, 1, 1, 1, 1, 1, 1, 1, 1, 1, 1, 1, 1, 1, 1, 1, 1, 1, 1, 1, 1, 1, 1, 1, 1, 1, 1, 1, 1, 1, 1, 1, 1, 1, 1, 1, 1, 1, 1, 1, 1, 1, 1, 1, 1, 1, 1, 1, 1, 1, 1, 1, 1, 1, 1, 1, 1, 1, 1, 1, 1, 1, 1, 1, 1, 1, 1, 1, 1, 1, 1, 1, 1, 1, 1, 1, 1, 1, 1, 1, 1, 1, 1, 1, 1, 1, 1, 1, 1, 1, 1, 1, 1, 1, 1, 1, 1, 1, 1, 1, 1, 1, 1, 1, 1, 1, 1, 1, 1, 1, 1, 1, 1, 1, 1, 1, 1, 1, 1, 1, 1, 1, 1, 1, 1, 1, 1, 1, 1, 1, 1, 1, 1, 1, 1, 1, 1, 1, 1, 1, 1, 1, 1, 1, 1, 1, 1, 1, 1, 1, 1, 1, 1, 1, 1, 1, 1, 1, 1, 1, 1, 1, 1, 1, 1, 1, 1, 1, 1, 1, 1, 1, 1, 1, 1, 1, 1, 1, 1, 1, 1, 1, 1, 1, 1, 1, 1, 1, 1, 1, 1, 1, 1, 1, 1, 1, 1, 1, 1, 1, 1, 1, 1, 1, 1, 1, 1, 1, 1, 1, 1, 1, 1, 1, 1, 1, 1, 1, 1, 1, 1, 1, 1, 1, 1, 1, 1, 1, 1, 1, 1, 1, 1, 1, 1, 1, 1, 1, 1, 1, 1, 1, 1, 1, 1, 1, 1, 1, 1, 1, 1, 1, 1, 1, 1, 1, 1, 1, 1, 1, 1, 1, 1, 1, 1, 1, 1, 1, 1, 1, 1, 1, 1, 1, 1, 1, 1, 1, 1, 1, 1, 1, 1, 1, 1, 1, 1, 1, 1, 1, 1, 1, 1, 1, 1, 1, 1, 1, 1, 1, 1, 1, 1, 1, 1, 1, 1, 1, 1, 1, 1, 1, 1, 1, 1, 1, 1, 1, 1, 1, 1, 1, 1, 1, 1, 1, 1, 1, 1, 1, 1, 1, 1, 1, 1, 1, 1, 1, 1, 1, 1, 1, 1, 1, 1, 1, 1, 1, 1, 1, 1, 1, 1, 1, 1, 1, 1, 1, 1, 1, 1, 1, 1, 1, 1, 1, 1, 1, 1, 1, 1, 1, 1, 1, 1, 1, 1, 1, 1, 1, 1, 1, 1, 1, 1, 1, 1, 1, 1, 1, 1, 1, 1, 1, 1, 1, 1, 1, 1, 1, 1, 1, 1, 1, 1, 1, 1, 1, 1, 1, 1, 1, 1, 1, 1, 1, 1, 1, 1, 1, 1, 1, 1, 1, 1, 1, 1, 1, 1, 1, 1, 1, 1, 1, 1, 1, 1, 1, 1, 1, 1, 1, 1, 1, 1, 1, 1, 1, 1, 1, 1, 1, 1, 1, 1, 1, 1, 1, 1, 1, 1, 1, 1, 1, 1, 1, 1, 1, 1, 1, 1, 1, 1, 1, 1, 1, 1, 1, 1, 1, 1, 1, 1, 1, 1, 1, 1, 1, 1, 1, 1, 1, 1, 1, 1, 1, 1, 1, 1, 1, 1, 1, 1, 1, 1, 1, 1, 1, 1, 1, 1, 1, 1, 1, 1, 1, 1, 1, 1, 1, 1, 1, 1, 1, 1, 1, 1, 1, 1, 1, 1, 1, 1, 1, 1, 1, 1, 1, 1, 1, 1, 1, 1, 1, 1, 1, 1, 1, 1, 1, 1, 1, 1, 1, 1, 1, 1, 1, 1, 1, 1, 1, 1, 1, 1, 1, 1, 1, 1, 1, 1, 1, 1, 1, 1, 1, 1, 1, 1, 1, 1, 1, 1, 1, 1, 1, 1, 1, 1, 1, 1, 1, 1, 1, 1, 1, 1, 1, 1, 1, 1, 1, 1, 1, 1, 1, 1, 1, 1, 1, 1, 1, 1, 1, 1, 1, 1, 1, 1, 1, 1, 1, 1, 1, 1, 1, 1, 1, 1, 1, 1, 1, 1, 1, 1, 1, 1, 1, 1, 1, 1, 1, 1, 1, 1, 1, 1, 1, 1, 1, 1, 1, 1, 1, 1, 1, 1, 1, 1, 1, 1, 1, 1, 1, 1, 1, 1, 1, 1, 1, 1, 1, 1, 1, 1, 1, 1, 1, 1, 1, 1, 1, 1, 1, 1, 1, 1, 1, 1, 1, 1, 1, 1, 1, 1, 1, 1, 1, 1, 1, 1, 1, 1, 1, 1, 1, 1, 1, 1, 1, 1, 1, 1, 1, 1, 1, 1, 1, 1, 1, 1, 1, 1, 1, 1, 1, 1, 1, 1, 1, 1, 1, 1, 1, 1, 1, 1, 1, 1, 1, 1, 1, 1, 1, 1, 1, 1, 1, 1, 1, 1, 1, 1, 1, 1, 1, 1, 1, 1, 1, 1, 1, 1, 1, 1, 1, 1, 1, 1, 1, 1, 1, 1, 1, 1, 1, 1, 1, 1, 1, 1, 1, 1, 1, 1, 1, 1, 1, 1, 1, 1, 1, 1, 1, 1, 1, 1, 1, 1, 1, 1, 1, 1, 1, 1, 1, 1, 1, 1, 1, 1, 1, 1, 1, 1, 1, 1, 1, 1, 1, 1, 1, 1, 1, 1, 1, 1, 1, 1, 1, 1, 1, 1, 1, 1, 1, 1, 1, 1, 1, 1, 1, 1, 1, 1, 1, 1, 1, 1, 1, 1, 1, 1, 1, 1, 1, 1, 1, 1, 1, 1, 1, 1, 1, 1, 1, 1, 1, 1, 1, 1, 1, 1, 1, 1, 1, 1, 1, 1, 1, 1, 1, 1, 1, 1, 1, 1, 1, 1, 1, 1, 1, 1, 1, 1, 1, 1, 1, 1, 1, 1, 1, 1, 1, 1, 1, 1, 1, 1, 1, 1, 1, 1, 1, 1, 1, 1, 1, 1, 1, 1, 1, 1, 1, 1, 1, 1, 1, 1, 1, 1, 1, 1, 1, 1, 1, 1, 1, 1, 1, 1, 1, 1, 1, 1, 1, 1, 1, 1, 1, 1, 1, 1, 1, 1, 1, 1, 1, 1, 1, 1, 1, 1, 1, 1, 1, 1, 1, 1, 1, 1, 1, 1, 1, 1, 1, 1, 1, 1, 1, 1, 1, 1, 1, 1, 1, 1, 1, 1, 1, 1, 1, 1, 1, 1, 1, 1, 1, 1, 1, 1, 1, 1, 1, 1, 1, 1, 1, 1, 1, 1, 1, 1, 1, 1, 1, 1, 1, 1, 1, 1, 1, 1, 1, 1, 1, 1, 1, 1, 1, 1, 1, 1, 1, 1, 1, 1, 1, 1, 1, 1, 1, 1, 1, 1, 1, 1, 1, 1, 1, 1, 1, 1, 1, 1, 1, 1, 1, 1, 1, 1, 1, 1, 1, 1, 1, 1, 1, 1, 1, 1, 1, 1, 1, 1, 1, 1, 1, 1, 1, 1, 1, 1, 1, 1, 1, 1, 1, 1, 1, 1, 1, 1, 1, 1, 1, 1, 1, 1, 1, 1, 1, 1, 1, 1, 1, 1, 1, 1, 1, 1, 1, 1, 1, 1, 1, 1, 1, 1, 1, 1, 1, 1, 1, 1, 1, 1, 1, 1, 1, 1, 1, 1, 1, 1, 1, 1, 1, 1, 1, 1, 1, 1, 1, 1, 1, 1, 1, 1, 1, 1, 1, 1, 1, 1, 1, 1, 1, 1, 1, 1, 1, 1, 1, 1, 1, 1, 1, 1, 1, 1, 1, 1, 1, 1, 1, 1, 1, 1, 1, 1, 1, 1, 1, 1, 1, 1, 1, 1, 1, 1, 1, 1, 1, 1, 1, 1, 1, 1, 1, 1, 1, 1, 1, 1, 1, 1, 1, 1, 1, 1, 1, 1, 1, 1, 1, 1, 1, 1, 1, 1, 1, 1, 1, 1, 1, 1, 1, 1, 1, 1, 1, 1, 1, 1, 1, 1, 1, 1, 1, 1, 1, 1, 1, 1, 1, 1, 1, 1, 1, 1, 1, 1, 1, 1, 1, 1, 1, 1, 1, 1, 1, 1, 1, 1, 1, 1, 1, 1, 1, 1, 1, 1, 1, 1, 1, 1, 1, 1, 1, 1, 1, 1, 1, 1, 1, 1, 1, 1, 1, 1, 1, 1, 1, 1, 1, 1, 1, 1, 1, 1, 1, 1, 1, 1, 1, 1, 1, 1, 1, 1, 1, 1, 1, 1, 1, 1, 1, 1, 1, 1, 1, 1, 1, 1, 1, 1, 1, 1, 1, 1, 1, 1, 1, 1, 1, 1, 1, 1] (
            interpolation = "faceVarying"
        )
        uniform token subdivisionScheme = "catmullClark"
        token triangleSubdivisionRule = "catmullClark"
        token visibility = "invisible"
    }
}

def Camera "Camera"
{
    float2 clippingRange = (0.001, 100)
    float focalLength = 70
    float horizontalAperture = 36
    float verticalAperture = 36
    matrix4d xformOp:transform = ( (0.9514445185544115, 0.30782028541466255, 0, 0), (-0.08295265035767511, 0.25639910110554126, 0.9630048591522828, -0), (0.2964324305999626, -0.9162456945817026, 0.26948402781814784, 0), (0.22, -0.68, 0.20000000000000004, 1) )
    uniform token[] xformOpOrder = ["xformOp:transform"]
}

def DistantLight "Key"
{
    float inputs:angle = 18
    float inputs:intensity = 1
    bool inputs:normalize = 1
    matrix4d xformOp:transform = ( (0.894427190999916, -0.447213595499958, 0, 0), (0.3585685828003181, 0.7171371656006362, 0.5976143046671968, 0), (-0.26726124191242434, -0.5345224838248487, 0.8017837257372731, 0), (-0.9999999999999999, -1.9999999999999998, 2.9999999999999996, 0.9999999999999999) )
    uniform token[] xformOpOrder = ["xformOp:transform"]
}

def DomeLight "Fill"
{
    float inputs:intensity = 0.6
    asset inputs:texture:file = @textures/studio.exr@
}

