#usda 1.0
(
    defaultPrim = "World"
    metersPerUnit = 1
    upAxis = "Y"
    doc = "Head-hair close-up: a dense, dark, combed groom on a head-sized ellipsoid, fading to bare skin at a scalp-cap boundary -- a render-comparison scene for a character groom (renders/hair-parity)."
)

# Numbers are centimetres by convention (as in styled-fur-plane.usda: hair
# widths of 0.004-0.012, lengths of 0.25-0.4 there read as a small swatch;
# here the head itself is ~17 x 20 x 18 cm and strands are 3-6cm).
#
# FADE MECHANISM
#   Scatter roots the whole Head ellipsoid uniformly (usdGen:density is one
#   groom-wide scalar; binding usdGen:surface to a scalp GeomSubset would
#   restrict the roots, but with a hard edge, and a fade is graded:
#   see the Head mesh comment below). An expression
#   (Expressions/scalpFade, elevation -> [0, 1], elevation being the mesh's
#   own "v" -- 1 at the crown, 0 at the far pole) shrinks each strand toward
#   zero as its root drops from 0.66 to 0.3 elevation, connected to BOTH the
#   Length value and the Width base so short hairs thin out too. Length's
#   usdGen:cullThreshold then zero-lengthens (hides) whatever the fade has
#   shrunk past a visible length, so most of the head reads as bare skin even
#   though every strand was scattered.
#
# Two cameras: TempleCam frames the crown/fade transition like the
# reference photo, HeadCam is a medium shot of the whole head.
#
# View it:   .\bin\launch_usdview.ps1 examples\head-hair-closeup.usda
# Record it: .\bin\render_hair_parity.ps1 -Label current

def Xform "World"
{
    def Camera "TempleCam"
    {
        uniform token[] xformOpOrder = ["xformOp:transform"]
        matrix4d xformOp:transform = ( (0.578017, 0, 0.816024, 0), (0.37075, 0.89083, -0.262615, 0), (-0.726939, 0.454337, 0.514915, 0), (-19, 4, 9.5, 1) )
        float2 clippingRange = (0.05, 500)
        float focalLength = 42
        float horizontalAperture = 24
        float verticalAperture = 18
    }

    def Camera "HeadCam"
    {
        uniform token[] xformOpOrder = ["xformOp:transform"]
        matrix4d xformOp:transform = ( (0.780869, 0, -0.624695, 0), (-0.157358, 0.967754, -0.196698, 0), (0.604551, 0.251896, 0.755689, 0), (24, 9, 30, 1) )
        float2 clippingRange = (0.05, 500)
        float focalLength = 40
        float horizontalAperture = 24
        float verticalAperture = 18
    }

    def DistantLight "Key"
    {
        uniform token[] xformOpOrder = ["xformOp:transform"]
        matrix4d xformOp:transform = ( (-0.489554, 0, 0.871973, 0), (0.657574, 0.656734, 0.369183, 0), (-0.572655, 0.754122, -0.321507, 0), (-12, 14, 16, 1) )
        float inputs:intensity = 8.246
        bool inputs:normalize = 1
        color3f inputs:color = (1, 0.98, 0.94)
    }

    def DistantLight "Rim"
    {
        uniform token[] xformOpOrder = ["xformOp:transform"]
        matrix4d xformOp:transform = ( (-0.0477485, 0, -0.998859, 0), (0.0067171, 0.999977, -0.000321098, 0), (0.998837, -0.00672477, -0.0477475, 0), (4, 10, -14, 1) )
        float inputs:intensity = 2.604
        bool inputs:normalize = 1
        color3f inputs:color = (0.85, 0.9, 1)
    }

    # A DomeLight with no inputs:texture:file compiles Storm's whole indirect-
    # lighting block out, so the fill needs a real HDRI, not just a colour --
    # this one ships with the OpenUSD prefix itself (Hdx's own test asset).
    # Intensity is well under Key's (~1:3) so it reads as soft ambient fill.
    def DomeLight "Sky"
    {
        asset inputs:texture:file = @./maps/StinsonBeach.hdr@
        float inputs:intensity = 2.17
        color3f inputs:color = (1, 1, 1)
    }

    def Scope "Looks"
    {
        def Material "Skin"
        {
            token outputs:surface.connect = </World/Looks/Skin/Surface.outputs:surface>

            def Shader "Surface"
            {
                uniform token info:id = "UsdPreviewSurface"
                color3f inputs:diffuseColor = (0.80, 0.62, 0.52)
                float inputs:roughness = 0.5
                token outputs:surface
            }
        }
    }

    def Mesh "Head" (
        prepend apiSchemas = ["UsdGenRestAPI", "MaterialBindingAPI"]
    )
    {
        uniform token subdivisionScheme = "none"
        float3[] extent = [
            (-8.5, -10, -9), (8.5, 10, 9)
        ]
        int[] faceVertexCounts = [
            3, 3, 3, 3, 3, 3, 3, 3, 3, 3, 3, 3, 3, 3, 3, 3,
            3, 3, 3, 3, 3, 3, 3, 3, 3, 3, 3, 3, 3, 3, 3, 3,
            3, 3, 3, 3, 3, 3, 3, 3, 3, 3, 3, 3, 3, 3, 3, 3,
            3, 3, 3, 3, 3, 3, 3, 3, 3, 3, 3, 3, 3, 3, 3, 3,
            3, 3, 3, 3, 3, 3, 3, 3, 3, 3, 3, 3, 3, 3, 3, 3,
            4, 4, 4, 4, 4, 4, 4, 4, 4, 4, 4, 4, 4, 4, 4, 4,
            4, 4, 4, 4, 4, 4, 4, 4, 4, 4, 4, 4, 4, 4, 4, 4,
            4, 4, 4, 4, 4, 4, 4, 4, 4, 4, 4, 4, 4, 4, 4, 4,
            4, 4, 4, 4, 4, 4, 4, 4, 4, 4, 4, 4, 4, 4, 4, 4,
            4, 4, 4, 4, 4, 4, 4, 4, 4, 4, 4, 4, 4, 4, 4, 4,
            4, 4, 4, 4, 4, 4, 4, 4, 4, 4, 4, 4, 4, 4, 4, 4,
            4, 4, 4, 4, 4, 4, 4, 4, 4, 4, 4, 4, 4, 4, 4, 4,
            4, 4, 4, 4, 4, 4, 4, 4, 4, 4, 4, 4, 4, 4, 4, 4,
            4, 4, 4, 4, 4, 4, 4, 4, 4, 4, 4, 4, 4, 4, 4, 4,
            4, 4, 4, 4, 4, 4, 4, 4, 4, 4, 4, 4, 4, 4, 4, 4,
            4, 4, 4, 4, 4, 4, 4, 4, 4, 4, 4, 4, 4, 4, 4, 4,
            4, 4, 4, 4, 4, 4, 4, 4, 4, 4, 4, 4, 4, 4, 4, 4,
            4, 4, 4, 4, 4, 4, 4, 4, 4, 4, 4, 4, 4, 4, 4, 4,
            4, 4, 4, 4, 4, 4, 4, 4, 4, 4, 4, 4, 4, 4, 4, 4,
            4, 4, 4, 4, 4, 4, 4, 4, 4, 4, 4, 4, 4, 4, 4, 4,
            4, 4, 4, 4, 4, 4, 4, 4, 4, 4, 4, 4, 4, 4, 4, 4,
            4, 4, 4, 4, 4, 4, 4, 4, 4, 4, 4, 4, 4, 4, 4, 4,
            4, 4, 4, 4, 4, 4, 4, 4, 4, 4, 4, 4, 4, 4, 4, 4,
            4, 4, 4, 4, 4, 4, 4, 4, 4, 4, 4, 4, 4, 4, 4, 4,
            4, 4, 4, 4, 4, 4, 4, 4, 4, 4, 4, 4, 4, 4, 4, 4,
            4, 4, 4, 4, 4, 4, 4, 4, 4, 4, 4, 4, 4, 4, 4, 4,
            4, 4, 4, 4, 4, 4, 4, 4, 4, 4, 4, 4, 4, 4, 4, 4,
            4, 4, 4, 4, 4, 4, 4, 4, 4, 4, 4, 4, 4, 4, 4, 4,
            4, 4, 4, 4, 4, 4, 4, 4, 4, 4, 4, 4, 4, 4, 4, 4,
            4, 4, 4, 4, 4, 4, 4, 4, 4, 4, 4, 4, 4, 4, 4, 4,
            4, 4, 4, 4, 4, 4, 4, 4, 4, 4, 4, 4, 4, 4, 4, 4,
            4, 4, 4, 4, 4, 4, 4, 4, 4, 4, 4, 4, 4, 4, 4, 4,
            4, 4, 4, 4, 4, 4, 4, 4, 4, 4, 4, 4, 4, 4, 4, 4,
            4, 4, 4, 4, 4, 4, 4, 4, 4, 4, 4, 4, 4, 4, 4, 4,
            4, 4, 4, 4, 4, 4, 4, 4, 4, 4, 4, 4, 4, 4, 4, 4,
            4, 4, 4, 4, 4, 4, 4, 4, 4, 4, 4, 4, 4, 4, 4, 4,
            4, 4, 4, 4, 4, 4, 4, 4, 4, 4, 4, 4, 4, 4, 4, 4,
            4, 4, 4, 4, 4, 4, 4, 4, 4, 4, 4, 4, 4, 4, 4, 4,
            4, 4, 4, 4, 4, 4, 4, 4, 4, 4, 4, 4, 4, 4, 4, 4,
            4, 4, 4, 4, 4, 4, 4, 4, 4, 4, 4, 4, 4, 4, 4, 4,
            4, 4, 4, 4, 4, 4, 4, 4, 4, 4, 4, 4, 4, 4, 4, 4,
            4, 4, 4, 4, 4, 4, 4, 4, 4, 4, 4, 4, 4, 4, 4, 4,
            4, 4, 4, 4, 4, 4, 4, 4, 4, 4, 4, 4, 4, 4, 4, 4,
            4, 4, 4, 4, 4, 4, 4, 4, 4, 4, 4, 4, 4, 4, 4, 4,
            4, 4, 4, 4, 4, 4, 4, 4, 4, 4, 4, 4, 4, 4, 4, 4,
            4, 4, 4, 4, 4, 4, 4, 4, 4, 4, 4, 4, 4, 4, 4, 4,
            4, 4, 4, 4, 4, 4, 4, 4, 4, 4, 4, 4, 4, 4, 4, 4,
            4, 4, 4, 4, 4, 4, 4, 4, 4, 4, 4, 4, 4, 4, 4, 4,
            4, 4, 4, 4, 4, 4, 4, 4, 4, 4, 4, 4, 4, 4, 4, 4,
            4, 4, 4, 4, 4, 4, 4, 4, 4, 4, 4, 4, 4, 4, 4, 4,
            4, 4, 4, 4, 4, 4, 4, 4, 4, 4, 4, 4, 4, 4, 4, 4,
            4, 4, 4, 4, 4, 4, 4, 4, 4, 4, 4, 4, 4, 4, 4, 4,
            4, 4, 4, 4, 4, 4, 4, 4, 4, 4, 4, 4, 4, 4, 4, 4,
            4, 4, 4, 4, 4, 4, 4, 4, 4, 4, 4, 4, 4, 4, 4, 4,
            4, 4, 4, 4, 4, 4, 4, 4, 4, 4, 4, 4, 4, 4, 4, 4,
            4, 4, 4, 4, 4, 4, 4, 4, 4, 4, 4, 4, 4, 4, 4, 4,
            4, 4, 4, 4, 4, 4, 4, 4, 4, 4, 4, 4, 4, 4, 4, 4,
            4, 4, 4, 4, 4, 4, 4, 4, 4, 4, 4, 4, 4, 4, 4, 4,
            4, 4, 4, 4, 4, 4, 4, 4, 4, 4, 4, 4, 4, 4, 4, 4,
            4, 4, 4, 4, 4, 4, 4, 4, 4, 4, 4, 4, 4, 4, 4, 4,
            4, 4, 4, 4, 4, 4, 4, 4, 4, 4, 4, 4, 4, 4, 4, 4,
            4, 4, 4, 4, 4, 4, 4, 4, 4, 4, 4, 4, 4, 4, 4, 4,
            4, 4, 4, 4, 4, 4, 4, 4, 4, 4, 4, 4, 4, 4, 4, 4,
            4, 4, 4, 4, 4, 4, 4, 4, 4, 4, 4, 4, 4, 4, 4, 4,
            4, 4, 4, 4, 4, 4, 4, 4, 4, 4, 4, 4, 4, 4, 4, 4,
            4, 4, 4, 4, 4, 4, 4, 4, 4, 4, 4, 4, 4, 4, 4, 4,
            4, 4, 4, 4, 4, 4, 4, 4, 4, 4, 4, 4, 4, 4, 4, 4,
            4, 4, 4, 4, 4, 4, 4, 4, 4, 4, 4, 4, 4, 4, 4, 4,
            4, 4, 4, 4, 4, 4, 4, 4, 4, 4, 4, 4, 4, 4, 4, 4,
            4, 4, 4, 4, 4, 4, 4, 4, 4, 4, 4, 4, 4, 4, 4, 4,
            4, 4, 4, 4, 4, 4, 4, 4, 4, 4, 4, 4, 4, 4, 4, 4,
            4, 4, 4, 4, 4, 4, 4, 4, 4, 4, 4, 4, 4, 4, 4, 4,
            4, 4, 4, 4, 4, 4, 4, 4, 4, 4, 4, 4, 4, 4, 4, 4,
            4, 4, 4, 4, 4, 4, 4, 4, 4, 4, 4, 4, 4, 4, 4, 4,
            4, 4, 4, 4, 4, 4, 4, 4, 4, 4, 4, 4, 4, 4, 4, 4,
            4, 4, 4, 4, 4, 4, 4, 4, 4, 4, 4, 4, 4, 4, 4, 4,
            4, 4, 4, 4, 4, 4, 4, 4, 4, 4, 4, 4, 4, 4, 4, 4,
            4, 4, 4, 4, 4, 4, 4, 4, 4, 4, 4, 4, 4, 4, 4, 4,
            4, 4, 4, 4, 4, 4, 4, 4, 4, 4, 4, 4, 4, 4, 4, 4,
            4, 4, 4, 4, 4, 4, 4, 4, 4, 4, 4, 4, 4, 4, 4, 4,
            4, 4, 4, 4, 4, 4, 4, 4, 4, 4, 4, 4, 4, 4, 4, 4,
            4, 4, 4, 4, 4, 4, 4, 4, 4, 4, 4, 4, 4, 4, 4, 4,
            4, 4, 4, 4, 4, 4, 4, 4, 4, 4, 4, 4, 4, 4, 4, 4,
            4, 4, 4, 4, 4, 4, 4, 4, 4, 4, 4, 4, 4, 4, 4, 4,
            4, 4, 4, 4, 4, 4, 4, 4, 4, 4, 4, 4, 4, 4, 4, 4,
            4, 4, 4, 4, 4, 4, 4, 4, 4, 4, 4, 4, 4, 4, 4, 4,
            4, 4, 4, 4, 4, 4, 4, 4, 4, 4, 4, 4, 4, 4, 4, 4,
            4, 4, 4, 4, 4, 4, 4, 4, 4, 4, 4, 4, 4, 4, 4, 4,
            4, 4, 4, 4, 4, 4, 4, 4, 4, 4, 4, 4, 4, 4, 4, 4,
            4, 4, 4, 4, 4, 4, 4, 4, 4, 4, 4, 4, 4, 4, 4, 4,
            4, 4, 4, 4, 4, 4, 4, 4, 4, 4, 4, 4, 4, 4, 4, 4,
            4, 4, 4, 4, 4, 4, 4, 4, 4, 4, 4, 4, 4, 4, 4, 4,
            4, 4, 4, 4, 4, 4, 4, 4, 4, 4, 4, 4, 4, 4, 4, 4,
            4, 4, 4, 4, 4, 4, 4, 4, 4, 4, 4, 4, 4, 4, 4, 4,
            4, 4, 4, 4, 4, 4, 4, 4, 4, 4, 4, 4, 4, 4, 4, 4,
            4, 4, 4, 4, 4, 4, 4, 4, 4, 4, 4, 4, 4, 4, 4, 4,
            4, 4, 4, 4, 4, 4, 4, 4, 4, 4, 4, 4, 4, 4, 4, 4,
            4, 4, 4, 4, 4, 4, 4, 4, 4, 4, 4, 4, 4, 4, 4, 4,
            4, 4, 4, 4, 4, 4, 4, 4, 4, 4, 4, 4, 4, 4, 4, 4,
            4, 4, 4, 4, 4, 4, 4, 4, 4, 4, 4, 4, 4, 4, 4, 4,
            4, 4, 4, 4, 4, 4, 4, 4, 4, 4, 4, 4, 4, 4, 4, 4,
            4, 4, 4, 4, 4, 4, 4, 4, 4, 4, 4, 4, 4, 4, 4, 4,
            4, 4, 4, 4, 4, 4, 4, 4, 4, 4, 4, 4, 4, 4, 4, 4,
            4, 4, 4, 4, 4, 4, 4, 4, 4, 4, 4, 4, 4, 4, 4, 4,
            4, 4, 4, 4, 4, 4, 4, 4, 4, 4, 4, 4, 4, 4, 4, 4,
            4, 4, 4, 4, 4, 4, 4, 4, 4, 4, 4, 4, 4, 4, 4, 4,
            4, 4, 4, 4, 4, 4, 4, 4, 4, 4, 4, 4, 4, 4, 4, 4,
            4, 4, 4, 4, 4, 4, 4, 4, 4, 4, 4, 4, 4, 4, 4, 4,
            4, 4, 4, 4, 4, 4, 4, 4, 4, 4, 4, 4, 4, 4, 4, 4,
            4, 4, 4, 4, 4, 4, 4, 4, 4, 4, 4, 4, 4, 4, 4, 4,
            4, 4, 4, 4, 4, 4, 4, 4, 4, 4, 4, 4, 4, 4, 4, 4,
            4, 4, 4, 4, 4, 4, 4, 4, 4, 4, 4, 4, 4, 4, 4, 4,
            4, 4, 4, 4, 4, 4, 4, 4, 4, 4, 4, 4, 4, 4, 4, 4,
            4, 4, 4, 4, 4, 4, 4, 4, 4, 4, 4, 4, 4, 4, 4, 4,
            4, 4, 4, 4, 4, 4, 4, 4, 4, 4, 4, 4, 4, 4, 4, 4,
            4, 4, 4, 4, 4, 4, 4, 4, 4, 4, 4, 4, 4, 4, 4, 4,
            4, 4, 4, 4, 4, 4, 4, 4, 4, 4, 4, 4, 4, 4, 4, 4,
            4, 4, 4, 4, 4, 4, 4, 4, 4, 4, 4, 4, 4, 4, 4, 4,
            4, 4, 4, 4, 4, 4, 4, 4, 4, 4, 4, 4, 4, 4, 4, 4,
            4, 4, 4, 4, 4, 4, 4, 4, 4, 4, 4, 4, 4, 4, 4, 4,
            4, 4, 4, 4, 4, 4, 4, 4, 4, 4, 4, 4, 4, 4, 4, 4,
            4, 4, 4, 4, 4, 4, 4, 4, 4, 4, 4, 4, 4, 4, 4, 4,
            4, 4, 4, 4, 4, 4, 4, 4, 4, 4, 4, 4, 4, 4, 4, 4,
            4, 4, 4, 4, 4, 4, 4, 4, 4, 4, 4, 4, 4, 4, 4, 4,
            4, 4, 4, 4, 4, 4, 4, 4, 4, 4, 4, 4, 4, 4, 4, 4,
            4, 4, 4, 4, 4, 4, 4, 4, 4, 4, 4, 4, 4, 4, 4, 4,
            4, 4, 4, 4, 4, 4, 4, 4, 4, 4, 4, 4, 4, 4, 4, 4,
            4, 4, 4, 4, 4, 4, 4, 4, 4, 4, 4, 4, 4, 4, 4, 4,
            4, 4, 4, 4, 4, 4, 4, 4, 4, 4, 4, 4, 4, 4, 4, 4,
            4, 4, 4, 4, 4, 4, 4, 4, 4, 4, 4, 4, 4, 4, 4, 4,
            4, 4, 4, 4, 4, 4, 4, 4, 4, 4, 4, 4, 4, 4, 4, 4,
            4, 4, 4, 4, 4, 4, 4, 4, 4, 4, 4, 4, 4, 4, 4, 4,
            4, 4, 4, 4, 4, 4, 4, 4, 4, 4, 4, 4, 4, 4, 4, 4,
            4, 4, 4, 4, 4, 4, 4, 4, 4, 4, 4, 4, 4, 4, 4, 4,
            4, 4, 4, 4, 4, 4, 4, 4, 4, 4, 4, 4, 4, 4, 4, 4,
            4, 4, 4, 4, 4, 4, 4, 4, 4, 4, 4, 4, 4, 4, 4, 4,
            4, 4, 4, 4, 4, 4, 4, 4, 4, 4, 4, 4, 4, 4, 4, 4,
            4, 4, 4, 4, 4, 4, 4, 4, 4, 4, 4, 4, 4, 4, 4, 4,
            4, 4, 4, 4, 4, 4, 4, 4, 4, 4, 4, 4, 4, 4, 4, 4,
            4, 4, 4, 4, 4, 4, 4, 4, 4, 4, 4, 4, 4, 4, 4, 4,
            4, 4, 4, 4, 4, 4, 4, 4, 4, 4, 4, 4, 4, 4, 4, 4,
            4, 4, 4, 4, 4, 4, 4, 4, 4, 4, 4, 4, 4, 4, 4, 4,
            4, 4, 4, 4, 4, 4, 4, 4, 4, 4, 4, 4, 4, 4, 4, 4,
            4, 4, 4, 4, 4, 4, 4, 4, 4, 4, 4, 4, 4, 4, 4, 4,
            4, 4, 4, 4, 4, 4, 4, 4, 4, 4, 4, 4, 4, 4, 4, 4,
            4, 4, 4, 4, 4, 4, 4, 4, 4, 4, 4, 4, 4, 4, 4, 4,
            4, 4, 4, 4, 4, 4, 4, 4, 4, 4, 4, 4, 4, 4, 4, 4,
            4, 4, 4, 4, 4, 4, 4, 4, 4, 4, 4, 4, 4, 4, 4, 4,
            4, 4, 4, 4, 4, 4, 4, 4, 4, 4, 4, 4, 4, 4, 4, 4,
            4, 4, 4, 4, 4, 4, 4, 4, 4, 4, 4, 4, 4, 4, 4, 4,
            4, 4, 4, 4, 4, 4, 4, 4, 4, 4, 4, 4, 4, 4, 4, 4,
            4, 4, 4, 4, 4, 4, 4, 4, 4, 4, 4, 4, 4, 4, 4, 4,
            4, 4, 4, 4, 4, 4, 4, 4, 4, 4, 4, 4, 4, 4, 4, 4,
            4, 4, 4, 4, 4, 4, 4, 4, 4, 4, 4, 4, 4, 4, 4, 4,
            4, 4, 4, 4, 4, 4, 4, 4, 4, 4, 4, 4, 4, 4, 4, 4,
            4, 4, 4, 4, 4, 4, 4, 4, 4, 4, 4, 4, 4, 4, 4, 4,
            4, 4, 4, 4, 4, 4, 4, 4, 4, 4, 4, 4, 4, 4, 4, 4,
            4, 4, 4, 4, 4, 4, 4, 4, 4, 4, 4, 4, 4, 4, 4, 4,
            4, 4, 4, 4, 4, 4, 4, 4, 4, 4, 4, 4, 4, 4, 4, 4,
            4, 4, 4, 4, 4, 4, 4, 4, 4, 4, 4, 4, 4, 4, 4, 4,
            4, 4, 4, 4, 4, 4, 4, 4, 4, 4, 4, 4, 4, 4, 4, 4,
            4, 4, 4, 4, 4, 4, 4, 4, 4, 4, 4, 4, 4, 4, 4, 4,
            4, 4, 4, 4, 4, 4, 4, 4, 4, 4, 4, 4, 4, 4, 4, 4,
            4, 4, 4, 4, 4, 4, 4, 4, 4, 4, 4, 4, 4, 4, 4, 4,
            4, 4, 4, 4, 4, 4, 4, 4, 4, 4, 4, 4, 4, 4, 4, 4,
            4, 4, 4, 4, 4, 4, 4, 4, 4, 4, 4, 4, 4, 4, 4, 4,
            4, 4, 4, 4, 4, 4, 4, 4, 4, 4, 4, 4, 4, 4, 4, 4,
            4, 4, 4, 4, 4, 4, 4, 4, 4, 4, 4, 4, 4, 4, 4, 4,
            4, 4, 4, 4, 4, 4, 4, 4, 4, 4, 4, 4, 4, 4, 4, 4,
            4, 4, 4, 4, 4, 4, 4, 4, 4, 4, 4, 4, 4, 4, 4, 4,
            4, 4, 4, 4, 4, 4, 4, 4, 4, 4, 4, 4, 4, 4, 4, 4,
            4, 4, 4, 4, 4, 4, 4, 4, 4, 4, 4, 4, 4, 4, 4, 4,
            4, 4, 4, 4, 4, 4, 4, 4, 4, 4, 4, 4, 4, 4, 4, 4,
            4, 4, 4, 4, 4, 4, 4, 4, 4, 4, 4, 4, 4, 4, 4, 4,
            4, 4, 4, 4, 4, 4, 4, 4, 4, 4, 4, 4, 4, 4, 4, 4,
            4, 4, 4, 4, 4, 4, 4, 4, 4, 4, 4, 4, 4, 4, 4, 4,
            4, 4, 4, 4, 4, 4, 4, 4, 4, 4, 4, 4, 4, 4, 4, 4,
            4, 4, 4, 4, 4, 4, 4, 4, 4, 4, 4, 4, 4, 4, 4, 4,
            4, 4, 4, 4, 4, 4, 4, 4, 4, 4, 4, 4, 4, 4, 4, 4,
            4, 4, 4, 4, 4, 4, 4, 4, 4, 4, 4, 4, 4, 4, 4, 4,
            4, 4, 4, 4, 4, 4, 4, 4, 4, 4, 4, 4, 4, 4, 4, 4,
            4, 4, 4, 4, 4, 4, 4, 4, 4, 4, 4, 4, 4, 4, 4, 4,
            4, 4, 4, 4, 4, 4, 4, 4, 4, 4, 4, 4, 4, 4, 4, 4,
            4, 4, 4, 4, 4, 4, 4, 4, 4, 4, 4, 4, 4, 4, 4, 4,
            4, 4, 4, 4, 4, 4, 4, 4, 4, 4, 4, 4, 4, 4, 4, 4,
            4, 4, 4, 4, 4, 4, 4, 4, 4, 4, 4, 4, 4, 4, 4, 4,
            4, 4, 4, 4, 4, 4, 4, 4, 4, 4, 4, 4, 4, 4, 4, 4,
            4, 4, 4, 4, 4, 4, 4, 4, 4, 4, 4, 4, 4, 4, 4, 4,
            4, 4, 4, 4, 4, 4, 4, 4, 4, 4, 4, 4, 4, 4, 4, 4,
            4, 4, 4, 4, 4, 4, 4, 4, 4, 4, 4, 4, 4, 4, 4, 4,
            4, 4, 4, 4, 4, 4, 4, 4, 4, 4, 4, 4, 4, 4, 4, 4,
            4, 4, 4, 4, 4, 4, 4, 4, 4, 4, 4, 4, 4, 4, 4, 4,
            4, 4, 4, 4, 4, 4, 4, 4, 4, 4, 4, 4, 4, 4, 4, 4,
            4, 4, 4, 4, 4, 4, 4, 4, 4, 4, 4, 4, 4, 4, 4, 4,
            4, 4, 4, 4, 4, 4, 4, 4, 4, 4, 4, 4, 4, 4, 4, 4,
            4, 4, 4, 4, 4, 4, 4, 4, 4, 4, 4, 4, 4, 4, 4, 4,
            4, 4, 4, 4, 4, 4, 4, 4, 4, 4, 4, 4, 4, 4, 4, 4,
            4, 4, 4, 4, 4, 4, 4, 4, 4, 4, 4, 4, 4, 4, 4, 4,
            4, 4, 4, 4, 4, 4, 4, 4, 4, 4, 4, 4, 4, 4, 4, 4,
            4, 4, 4, 4, 4, 4, 4, 4, 4, 4, 4, 4, 4, 4, 4, 4,
            4, 4, 4, 4, 4, 4, 4, 4, 4, 4, 4, 4, 4, 4, 4, 4,
            4, 4, 4, 4, 4, 4, 4, 4, 4, 4, 4, 4, 4, 4, 4, 4,
            4, 4, 4, 4, 4, 4, 4, 4, 4, 4, 4, 4, 4, 4, 4, 4,
            4, 4, 4, 4, 4, 4, 4, 4, 4, 4, 4, 4, 4, 4, 4, 4,
            4, 4, 4, 4, 4, 4, 4, 4, 4, 4, 4, 4, 4, 4, 4, 4,
            4, 4, 4, 4, 4, 4, 4, 4, 4, 4, 4, 4, 4, 4, 4, 4,
            4, 4, 4, 4, 4, 4, 4, 4, 4, 4, 4, 4, 4, 4, 4, 4,
            4, 4, 4, 4, 4, 4, 4, 4, 4, 4, 4, 4, 4, 4, 4, 4,
            4, 4, 4, 4, 4, 4, 4, 4, 4, 4, 4, 4, 4, 4, 4, 4,
            4, 4, 4, 4, 4, 4, 4, 4, 4, 4, 4, 4, 4, 4, 4, 4,
            4, 4, 4, 4, 4, 4, 4, 4, 4, 4, 4, 4, 4, 4, 4, 4,
            4, 4, 4, 4, 4, 4, 4, 4, 4, 4, 4, 4, 4, 4, 4, 4,
            4, 4, 4, 4, 4, 4, 4, 4, 4, 4, 4, 4, 4, 4, 4, 4,
            4, 4, 4, 4, 4, 4, 4, 4, 4, 4, 4, 4, 4, 4, 4, 4,
            4, 4, 4, 4, 4, 4, 4, 4, 4, 4, 4, 4, 4, 4, 4, 4,
            4, 4, 4, 4, 4, 4, 4, 4, 4, 4, 4, 4, 4, 4, 4, 4,
            4, 4, 4, 4, 4, 4, 4, 4, 4, 4, 4, 4, 4, 4, 4, 4,
            4, 4, 4, 4, 4, 4, 4, 4, 4, 4, 4, 4, 4, 4, 4, 4,
            4, 4, 4, 4, 4, 4, 4, 4, 4, 4, 4, 4, 4, 4, 4, 4,
            4, 4, 4, 4, 4, 4, 4, 4, 4, 4, 4, 4, 4, 4, 4, 4,
            4, 4, 4, 4, 4, 4, 4, 4, 4, 4, 4, 4, 4, 4, 4, 4,
            4, 4, 4, 4, 4, 4, 4, 4, 4, 4, 4, 4, 4, 4, 4, 4,
            4, 4, 4, 4, 4, 4, 4, 4, 4, 4, 4, 4, 4, 4, 4, 4,
            4, 4, 4, 4, 4, 4, 4, 4, 4, 4, 4, 4, 4, 4, 4, 4,
            4, 4, 4, 4, 4, 4, 4, 4, 4, 4, 4, 4, 4, 4, 4, 4,
            4, 4, 4, 4, 4, 4, 4, 4, 4, 4, 4, 4, 4, 4, 4, 4,
            4, 4, 4, 4, 4, 4, 4, 4, 4, 4, 4, 4, 4, 4, 4, 4,
            4, 4, 4, 4, 4, 4, 4, 4, 4, 4, 4, 4, 4, 4, 4, 4,
            4, 4, 4, 4, 4, 4, 4, 4, 4, 4, 4, 4, 4, 4, 4, 4,
            4, 4, 4, 4, 4, 4, 4, 4, 4, 4, 4, 4, 4, 4, 4, 4,
            4, 4, 4, 4, 4, 4, 4, 4, 4, 4, 4, 4, 4, 4, 4, 4,
            4, 4, 4, 4, 4, 4, 4, 4, 4, 4, 4, 4, 4, 4, 4, 4,
            4, 4, 4, 4, 4, 4, 4, 4, 4, 4, 4, 4, 4, 4, 4, 4,
            4, 4, 4, 4, 4, 4, 4, 4, 4, 4, 4, 4, 4, 4, 4, 4,
            4, 4, 4, 4, 4, 4, 4, 4, 4, 4, 4, 4, 4, 4, 4, 4,
            4, 4, 4, 4, 4, 4, 4, 4, 4, 4, 4, 4, 4, 4, 4, 4,
            4, 4, 4, 4, 4, 4, 4, 4, 4, 4, 4, 4, 4, 4, 4, 4,
            4, 4, 4, 4, 4, 4, 4, 4, 4, 4, 4, 4, 4, 4, 4, 4,
            4, 4, 4, 4, 4, 4, 4, 4, 4, 4, 4, 4, 4, 4, 4, 4,
            4, 4, 4, 4, 4, 4, 4, 4, 4, 4, 4, 4, 4, 4, 4, 4,
            4, 4, 4, 4, 4, 4, 4, 4, 4, 4, 4, 4, 4, 4, 4, 4,
            4, 4, 4, 4, 4, 4, 4, 4, 4, 4, 4, 4, 4, 4, 4, 4,
            4, 4, 4, 4, 4, 4, 4, 4, 4, 4, 4, 4, 4, 4, 4, 4,
            4, 4, 4, 4, 4, 4, 4, 4, 4, 4, 4, 4, 4, 4, 4, 4,
            4, 4, 4, 4, 4, 4, 4, 4, 4, 4, 4, 4, 4, 4, 4, 4,
            4, 4, 4, 4, 4, 4, 4, 4, 4, 4, 4, 4, 4, 4, 4, 4,
            4, 4, 4, 4, 4, 4, 4, 4, 4, 4, 4, 4, 4, 4, 4, 4,
            4, 4, 4, 4, 4, 4, 4, 4, 4, 4, 4, 4, 4, 4, 4, 4,
            4, 4, 4, 4, 4, 4, 4, 4, 4, 4, 4, 4, 4, 4, 4, 4,
            4, 4, 4, 4, 4, 4, 4, 4, 4, 4, 4, 4, 4, 4, 4, 4,
            4, 4, 4, 4, 4, 4, 4, 4, 4, 4, 4, 4, 4, 4, 4, 4,
            4, 4, 4, 4, 4, 4, 4, 4, 4, 4, 4, 4, 4, 4, 4, 4,
            4, 4, 4, 4, 4, 4, 4, 4, 4, 4, 4, 4, 4, 4, 4, 4,
            4, 4, 4, 4, 4, 4, 4, 4, 4, 4, 4, 4, 4, 4, 4, 4,
            4, 4, 4, 4, 4, 4, 4, 4, 4, 4, 4, 4, 4, 4, 4, 4,
            4, 4, 4, 4, 4, 4, 4, 4, 4, 4, 4, 4, 4, 4, 4, 4,
            4, 4, 4, 4, 4, 4, 4, 4, 4, 4, 4, 4, 4, 4, 4, 4,
            4, 4, 4, 4, 4, 4, 4, 4, 4, 4, 4, 4, 4, 4, 4, 4,
            4, 4, 4, 4, 4, 4, 4, 4, 4, 4, 4, 4, 4, 4, 4, 4,
            4, 4, 4, 4, 4, 4, 4, 4, 4, 4, 4, 4, 4, 4, 4, 4,
            4, 4, 4, 4, 4, 4, 4, 4, 4, 4, 4, 4, 4, 4, 4, 4,
            4, 4, 4, 4, 4, 4, 4, 4, 4, 4, 4, 4, 4, 4, 4, 4,
            4, 4, 4, 4, 4, 4, 4, 4, 4, 4, 4, 4, 4, 4, 4, 4,
            4, 4, 4, 4, 4, 4, 4, 4, 4, 4, 4, 4, 4, 4, 4, 4,
            4, 4, 4, 4, 4, 4, 4, 4, 4, 4, 4, 4, 4, 4, 4, 4,
            4, 4, 4, 4, 4, 4, 4, 4, 4, 4, 4, 4, 4, 4, 4, 4,
            4, 4, 4, 4, 4, 4, 4, 4, 4, 4, 4, 4, 4, 4, 4, 4,
            4, 4, 4, 4, 4, 4, 4, 4, 4, 4, 4, 4, 4, 4, 4, 4,
            4, 4, 4, 4, 4, 4, 4, 4, 4, 4, 4, 4, 4, 4, 4, 4,
            4, 4, 4, 4, 4, 4, 4, 4, 4, 4, 4, 4, 4, 4, 4, 4,
            4, 4, 4, 4, 4, 4, 4, 4, 4, 4, 4, 4, 4, 4, 4, 4,
            4, 4, 4, 4, 4, 4, 4, 4, 4, 4, 4, 4, 4, 4, 4, 4,
            4, 4, 4, 4, 4, 4, 4, 4, 4, 4, 4, 4, 4, 4, 4, 4,
            4, 4, 4, 4, 4, 4, 4, 4, 4, 4, 4, 4, 4, 4, 4, 4,
            4, 4, 4, 4, 4, 4, 4, 4, 4, 4, 4, 4, 4, 4, 4, 4,
            3, 3, 3, 3, 3, 3, 3, 3, 3, 3, 3, 3, 3, 3, 3, 3,
            3, 3, 3, 3, 3, 3, 3, 3, 3, 3, 3, 3, 3, 3, 3, 3,
            3, 3, 3, 3, 3, 3, 3, 3, 3, 3, 3, 3, 3, 3, 3, 3,
            3, 3, 3, 3, 3, 3, 3, 3, 3, 3, 3, 3, 3, 3, 3, 3,
            3, 3, 3, 3, 3, 3, 3, 3, 3, 3, 3, 3, 3, 3, 3, 3
        ]
        int[] faceVertexIndices = [
            0, 2, 1, 0, 3, 2, 0, 4, 3, 0, 5, 4, 0, 6, 5, 0,
            7, 6, 0, 8, 7, 0, 9, 8, 0, 10, 9, 0, 11, 10, 0, 12,
            11, 0, 13, 12, 0, 14, 13, 0, 15, 14, 0, 16, 15, 0, 17, 16,
            0, 18, 17, 0, 19, 18, 0, 20, 19, 0, 21, 20, 0, 22, 21, 0,
            23, 22, 0, 24, 23, 0, 25, 24, 0, 26, 25, 0, 27, 26, 0, 28,
            27, 0, 29, 28, 0, 30, 29, 0, 31, 30, 0, 32, 31, 0, 33, 32,
            0, 34, 33, 0, 35, 34, 0, 36, 35, 0, 37, 36, 0, 38, 37, 0,
            39, 38, 0, 40, 39, 0, 41, 40, 0, 42, 41, 0, 43, 42, 0, 44,
            43, 0, 45, 44, 0, 46, 45, 0, 47, 46, 0, 48, 47, 0, 49, 48,
            0, 50, 49, 0, 51, 50, 0, 52, 51, 0, 53, 52, 0, 54, 53, 0,
            55, 54, 0, 56, 55, 0, 57, 56, 0, 58, 57, 0, 59, 58, 0, 60,
            59, 0, 61, 60, 0, 62, 61, 0, 63, 62, 0, 64, 63, 0, 65, 64,
            0, 66, 65, 0, 67, 66, 0, 68, 67, 0, 69, 68, 0, 70, 69, 0,
            71, 70, 0, 72, 71, 0, 73, 72, 0, 74, 73, 0, 75, 74, 0, 76,
            75, 0, 77, 76, 0, 78, 77, 0, 79, 78, 0, 80, 79, 0, 1, 80,
            1, 2, 82, 81, 2, 3, 83, 82, 3, 4, 84, 83, 4, 5, 85, 84,
            5, 6, 86, 85, 6, 7, 87, 86, 7, 8, 88, 87, 8, 9, 89, 88,
            9, 10, 90, 89, 10, 11, 91, 90, 11, 12, 92, 91, 12, 13, 93, 92,
            13, 14, 94, 93, 14, 15, 95, 94, 15, 16, 96, 95, 16, 17, 97, 96,
            17, 18, 98, 97, 18, 19, 99, 98, 19, 20, 100, 99, 20, 21, 101, 100,
            21, 22, 102, 101, 22, 23, 103, 102, 23, 24, 104, 103, 24, 25, 105, 104,
            25, 26, 106, 105, 26, 27, 107, 106, 27, 28, 108, 107, 28, 29, 109, 108,
            29, 30, 110, 109, 30, 31, 111, 110, 31, 32, 112, 111, 32, 33, 113, 112,
            33, 34, 114, 113, 34, 35, 115, 114, 35, 36, 116, 115, 36, 37, 117, 116,
            37, 38, 118, 117, 38, 39, 119, 118, 39, 40, 120, 119, 40, 41, 121, 120,
            41, 42, 122, 121, 42, 43, 123, 122, 43, 44, 124, 123, 44, 45, 125, 124,
            45, 46, 126, 125, 46, 47, 127, 126, 47, 48, 128, 127, 48, 49, 129, 128,
            49, 50, 130, 129, 50, 51, 131, 130, 51, 52, 132, 131, 52, 53, 133, 132,
            53, 54, 134, 133, 54, 55, 135, 134, 55, 56, 136, 135, 56, 57, 137, 136,
            57, 58, 138, 137, 58, 59, 139, 138, 59, 60, 140, 139, 60, 61, 141, 140,
            61, 62, 142, 141, 62, 63, 143, 142, 63, 64, 144, 143, 64, 65, 145, 144,
            65, 66, 146, 145, 66, 67, 147, 146, 67, 68, 148, 147, 68, 69, 149, 148,
            69, 70, 150, 149, 70, 71, 151, 150, 71, 72, 152, 151, 72, 73, 153, 152,
            73, 74, 154, 153, 74, 75, 155, 154, 75, 76, 156, 155, 76, 77, 157, 156,
            77, 78, 158, 157, 78, 79, 159, 158, 79, 80, 160, 159, 80, 1, 81, 160,
            81, 82, 162, 161, 82, 83, 163, 162, 83, 84, 164, 163, 84, 85, 165, 164,
            85, 86, 166, 165, 86, 87, 167, 166, 87, 88, 168, 167, 88, 89, 169, 168,
            89, 90, 170, 169, 90, 91, 171, 170, 91, 92, 172, 171, 92, 93, 173, 172,
            93, 94, 174, 173, 94, 95, 175, 174, 95, 96, 176, 175, 96, 97, 177, 176,
            97, 98, 178, 177, 98, 99, 179, 178, 99, 100, 180, 179, 100, 101, 181, 180,
            101, 102, 182, 181, 102, 103, 183, 182, 103, 104, 184, 183, 104, 105, 185, 184,
            105, 106, 186, 185, 106, 107, 187, 186, 107, 108, 188, 187, 108, 109, 189, 188,
            109, 110, 190, 189, 110, 111, 191, 190, 111, 112, 192, 191, 112, 113, 193, 192,
            113, 114, 194, 193, 114, 115, 195, 194, 115, 116, 196, 195, 116, 117, 197, 196,
            117, 118, 198, 197, 118, 119, 199, 198, 119, 120, 200, 199, 120, 121, 201, 200,
            121, 122, 202, 201, 122, 123, 203, 202, 123, 124, 204, 203, 124, 125, 205, 204,
            125, 126, 206, 205, 126, 127, 207, 206, 127, 128, 208, 207, 128, 129, 209, 208,
            129, 130, 210, 209, 130, 131, 211, 210, 131, 132, 212, 211, 132, 133, 213, 212,
            133, 134, 214, 213, 134, 135, 215, 214, 135, 136, 216, 215, 136, 137, 217, 216,
            137, 138, 218, 217, 138, 139, 219, 218, 139, 140, 220, 219, 140, 141, 221, 220,
            141, 142, 222, 221, 142, 143, 223, 222, 143, 144, 224, 223, 144, 145, 225, 224,
            145, 146, 226, 225, 146, 147, 227, 226, 147, 148, 228, 227, 148, 149, 229, 228,
            149, 150, 230, 229, 150, 151, 231, 230, 151, 152, 232, 231, 152, 153, 233, 232,
            153, 154, 234, 233, 154, 155, 235, 234, 155, 156, 236, 235, 156, 157, 237, 236,
            157, 158, 238, 237, 158, 159, 239, 238, 159, 160, 240, 239, 160, 81, 161, 240,
            161, 162, 242, 241, 162, 163, 243, 242, 163, 164, 244, 243, 164, 165, 245, 244,
            165, 166, 246, 245, 166, 167, 247, 246, 167, 168, 248, 247, 168, 169, 249, 248,
            169, 170, 250, 249, 170, 171, 251, 250, 171, 172, 252, 251, 172, 173, 253, 252,
            173, 174, 254, 253, 174, 175, 255, 254, 175, 176, 256, 255, 176, 177, 257, 256,
            177, 178, 258, 257, 178, 179, 259, 258, 179, 180, 260, 259, 180, 181, 261, 260,
            181, 182, 262, 261, 182, 183, 263, 262, 183, 184, 264, 263, 184, 185, 265, 264,
            185, 186, 266, 265, 186, 187, 267, 266, 187, 188, 268, 267, 188, 189, 269, 268,
            189, 190, 270, 269, 190, 191, 271, 270, 191, 192, 272, 271, 192, 193, 273, 272,
            193, 194, 274, 273, 194, 195, 275, 274, 195, 196, 276, 275, 196, 197, 277, 276,
            197, 198, 278, 277, 198, 199, 279, 278, 199, 200, 280, 279, 200, 201, 281, 280,
            201, 202, 282, 281, 202, 203, 283, 282, 203, 204, 284, 283, 204, 205, 285, 284,
            205, 206, 286, 285, 206, 207, 287, 286, 207, 208, 288, 287, 208, 209, 289, 288,
            209, 210, 290, 289, 210, 211, 291, 290, 211, 212, 292, 291, 212, 213, 293, 292,
            213, 214, 294, 293, 214, 215, 295, 294, 215, 216, 296, 295, 216, 217, 297, 296,
            217, 218, 298, 297, 218, 219, 299, 298, 219, 220, 300, 299, 220, 221, 301, 300,
            221, 222, 302, 301, 222, 223, 303, 302, 223, 224, 304, 303, 224, 225, 305, 304,
            225, 226, 306, 305, 226, 227, 307, 306, 227, 228, 308, 307, 228, 229, 309, 308,
            229, 230, 310, 309, 230, 231, 311, 310, 231, 232, 312, 311, 232, 233, 313, 312,
            233, 234, 314, 313, 234, 235, 315, 314, 235, 236, 316, 315, 236, 237, 317, 316,
            237, 238, 318, 317, 238, 239, 319, 318, 239, 240, 320, 319, 240, 161, 241, 320,
            241, 242, 322, 321, 242, 243, 323, 322, 243, 244, 324, 323, 244, 245, 325, 324,
            245, 246, 326, 325, 246, 247, 327, 326, 247, 248, 328, 327, 248, 249, 329, 328,
            249, 250, 330, 329, 250, 251, 331, 330, 251, 252, 332, 331, 252, 253, 333, 332,
            253, 254, 334, 333, 254, 255, 335, 334, 255, 256, 336, 335, 256, 257, 337, 336,
            257, 258, 338, 337, 258, 259, 339, 338, 259, 260, 340, 339, 260, 261, 341, 340,
            261, 262, 342, 341, 262, 263, 343, 342, 263, 264, 344, 343, 264, 265, 345, 344,
            265, 266, 346, 345, 266, 267, 347, 346, 267, 268, 348, 347, 268, 269, 349, 348,
            269, 270, 350, 349, 270, 271, 351, 350, 271, 272, 352, 351, 272, 273, 353, 352,
            273, 274, 354, 353, 274, 275, 355, 354, 275, 276, 356, 355, 276, 277, 357, 356,
            277, 278, 358, 357, 278, 279, 359, 358, 279, 280, 360, 359, 280, 281, 361, 360,
            281, 282, 362, 361, 282, 283, 363, 362, 283, 284, 364, 363, 284, 285, 365, 364,
            285, 286, 366, 365, 286, 287, 367, 366, 287, 288, 368, 367, 288, 289, 369, 368,
            289, 290, 370, 369, 290, 291, 371, 370, 291, 292, 372, 371, 292, 293, 373, 372,
            293, 294, 374, 373, 294, 295, 375, 374, 295, 296, 376, 375, 296, 297, 377, 376,
            297, 298, 378, 377, 298, 299, 379, 378, 299, 300, 380, 379, 300, 301, 381, 380,
            301, 302, 382, 381, 302, 303, 383, 382, 303, 304, 384, 383, 304, 305, 385, 384,
            305, 306, 386, 385, 306, 307, 387, 386, 307, 308, 388, 387, 308, 309, 389, 388,
            309, 310, 390, 389, 310, 311, 391, 390, 311, 312, 392, 391, 312, 313, 393, 392,
            313, 314, 394, 393, 314, 315, 395, 394, 315, 316, 396, 395, 316, 317, 397, 396,
            317, 318, 398, 397, 318, 319, 399, 398, 319, 320, 400, 399, 320, 241, 321, 400,
            321, 322, 402, 401, 322, 323, 403, 402, 323, 324, 404, 403, 324, 325, 405, 404,
            325, 326, 406, 405, 326, 327, 407, 406, 327, 328, 408, 407, 328, 329, 409, 408,
            329, 330, 410, 409, 330, 331, 411, 410, 331, 332, 412, 411, 332, 333, 413, 412,
            333, 334, 414, 413, 334, 335, 415, 414, 335, 336, 416, 415, 336, 337, 417, 416,
            337, 338, 418, 417, 338, 339, 419, 418, 339, 340, 420, 419, 340, 341, 421, 420,
            341, 342, 422, 421, 342, 343, 423, 422, 343, 344, 424, 423, 344, 345, 425, 424,
            345, 346, 426, 425, 346, 347, 427, 426, 347, 348, 428, 427, 348, 349, 429, 428,
            349, 350, 430, 429, 350, 351, 431, 430, 351, 352, 432, 431, 352, 353, 433, 432,
            353, 354, 434, 433, 354, 355, 435, 434, 355, 356, 436, 435, 356, 357, 437, 436,
            357, 358, 438, 437, 358, 359, 439, 438, 359, 360, 440, 439, 360, 361, 441, 440,
            361, 362, 442, 441, 362, 363, 443, 442, 363, 364, 444, 443, 364, 365, 445, 444,
            365, 366, 446, 445, 366, 367, 447, 446, 367, 368, 448, 447, 368, 369, 449, 448,
            369, 370, 450, 449, 370, 371, 451, 450, 371, 372, 452, 451, 372, 373, 453, 452,
            373, 374, 454, 453, 374, 375, 455, 454, 375, 376, 456, 455, 376, 377, 457, 456,
            377, 378, 458, 457, 378, 379, 459, 458, 379, 380, 460, 459, 380, 381, 461, 460,
            381, 382, 462, 461, 382, 383, 463, 462, 383, 384, 464, 463, 384, 385, 465, 464,
            385, 386, 466, 465, 386, 387, 467, 466, 387, 388, 468, 467, 388, 389, 469, 468,
            389, 390, 470, 469, 390, 391, 471, 470, 391, 392, 472, 471, 392, 393, 473, 472,
            393, 394, 474, 473, 394, 395, 475, 474, 395, 396, 476, 475, 396, 397, 477, 476,
            397, 398, 478, 477, 398, 399, 479, 478, 399, 400, 480, 479, 400, 321, 401, 480,
            401, 402, 482, 481, 402, 403, 483, 482, 403, 404, 484, 483, 404, 405, 485, 484,
            405, 406, 486, 485, 406, 407, 487, 486, 407, 408, 488, 487, 408, 409, 489, 488,
            409, 410, 490, 489, 410, 411, 491, 490, 411, 412, 492, 491, 412, 413, 493, 492,
            413, 414, 494, 493, 414, 415, 495, 494, 415, 416, 496, 495, 416, 417, 497, 496,
            417, 418, 498, 497, 418, 419, 499, 498, 419, 420, 500, 499, 420, 421, 501, 500,
            421, 422, 502, 501, 422, 423, 503, 502, 423, 424, 504, 503, 424, 425, 505, 504,
            425, 426, 506, 505, 426, 427, 507, 506, 427, 428, 508, 507, 428, 429, 509, 508,
            429, 430, 510, 509, 430, 431, 511, 510, 431, 432, 512, 511, 432, 433, 513, 512,
            433, 434, 514, 513, 434, 435, 515, 514, 435, 436, 516, 515, 436, 437, 517, 516,
            437, 438, 518, 517, 438, 439, 519, 518, 439, 440, 520, 519, 440, 441, 521, 520,
            441, 442, 522, 521, 442, 443, 523, 522, 443, 444, 524, 523, 444, 445, 525, 524,
            445, 446, 526, 525, 446, 447, 527, 526, 447, 448, 528, 527, 448, 449, 529, 528,
            449, 450, 530, 529, 450, 451, 531, 530, 451, 452, 532, 531, 452, 453, 533, 532,
            453, 454, 534, 533, 454, 455, 535, 534, 455, 456, 536, 535, 456, 457, 537, 536,
            457, 458, 538, 537, 458, 459, 539, 538, 459, 460, 540, 539, 460, 461, 541, 540,
            461, 462, 542, 541, 462, 463, 543, 542, 463, 464, 544, 543, 464, 465, 545, 544,
            465, 466, 546, 545, 466, 467, 547, 546, 467, 468, 548, 547, 468, 469, 549, 548,
            469, 470, 550, 549, 470, 471, 551, 550, 471, 472, 552, 551, 472, 473, 553, 552,
            473, 474, 554, 553, 474, 475, 555, 554, 475, 476, 556, 555, 476, 477, 557, 556,
            477, 478, 558, 557, 478, 479, 559, 558, 479, 480, 560, 559, 480, 401, 481, 560,
            481, 482, 562, 561, 482, 483, 563, 562, 483, 484, 564, 563, 484, 485, 565, 564,
            485, 486, 566, 565, 486, 487, 567, 566, 487, 488, 568, 567, 488, 489, 569, 568,
            489, 490, 570, 569, 490, 491, 571, 570, 491, 492, 572, 571, 492, 493, 573, 572,
            493, 494, 574, 573, 494, 495, 575, 574, 495, 496, 576, 575, 496, 497, 577, 576,
            497, 498, 578, 577, 498, 499, 579, 578, 499, 500, 580, 579, 500, 501, 581, 580,
            501, 502, 582, 581, 502, 503, 583, 582, 503, 504, 584, 583, 504, 505, 585, 584,
            505, 506, 586, 585, 506, 507, 587, 586, 507, 508, 588, 587, 508, 509, 589, 588,
            509, 510, 590, 589, 510, 511, 591, 590, 511, 512, 592, 591, 512, 513, 593, 592,
            513, 514, 594, 593, 514, 515, 595, 594, 515, 516, 596, 595, 516, 517, 597, 596,
            517, 518, 598, 597, 518, 519, 599, 598, 519, 520, 600, 599, 520, 521, 601, 600,
            521, 522, 602, 601, 522, 523, 603, 602, 523, 524, 604, 603, 524, 525, 605, 604,
            525, 526, 606, 605, 526, 527, 607, 606, 527, 528, 608, 607, 528, 529, 609, 608,
            529, 530, 610, 609, 530, 531, 611, 610, 531, 532, 612, 611, 532, 533, 613, 612,
            533, 534, 614, 613, 534, 535, 615, 614, 535, 536, 616, 615, 536, 537, 617, 616,
            537, 538, 618, 617, 538, 539, 619, 618, 539, 540, 620, 619, 540, 541, 621, 620,
            541, 542, 622, 621, 542, 543, 623, 622, 543, 544, 624, 623, 544, 545, 625, 624,
            545, 546, 626, 625, 546, 547, 627, 626, 547, 548, 628, 627, 548, 549, 629, 628,
            549, 550, 630, 629, 550, 551, 631, 630, 551, 552, 632, 631, 552, 553, 633, 632,
            553, 554, 634, 633, 554, 555, 635, 634, 555, 556, 636, 635, 556, 557, 637, 636,
            557, 558, 638, 637, 558, 559, 639, 638, 559, 560, 640, 639, 560, 481, 561, 640,
            561, 562, 642, 641, 562, 563, 643, 642, 563, 564, 644, 643, 564, 565, 645, 644,
            565, 566, 646, 645, 566, 567, 647, 646, 567, 568, 648, 647, 568, 569, 649, 648,
            569, 570, 650, 649, 570, 571, 651, 650, 571, 572, 652, 651, 572, 573, 653, 652,
            573, 574, 654, 653, 574, 575, 655, 654, 575, 576, 656, 655, 576, 577, 657, 656,
            577, 578, 658, 657, 578, 579, 659, 658, 579, 580, 660, 659, 580, 581, 661, 660,
            581, 582, 662, 661, 582, 583, 663, 662, 583, 584, 664, 663, 584, 585, 665, 664,
            585, 586, 666, 665, 586, 587, 667, 666, 587, 588, 668, 667, 588, 589, 669, 668,
            589, 590, 670, 669, 590, 591, 671, 670, 591, 592, 672, 671, 592, 593, 673, 672,
            593, 594, 674, 673, 594, 595, 675, 674, 595, 596, 676, 675, 596, 597, 677, 676,
            597, 598, 678, 677, 598, 599, 679, 678, 599, 600, 680, 679, 600, 601, 681, 680,
            601, 602, 682, 681, 602, 603, 683, 682, 603, 604, 684, 683, 604, 605, 685, 684,
            605, 606, 686, 685, 606, 607, 687, 686, 607, 608, 688, 687, 608, 609, 689, 688,
            609, 610, 690, 689, 610, 611, 691, 690, 611, 612, 692, 691, 612, 613, 693, 692,
            613, 614, 694, 693, 614, 615, 695, 694, 615, 616, 696, 695, 616, 617, 697, 696,
            617, 618, 698, 697, 618, 619, 699, 698, 619, 620, 700, 699, 620, 621, 701, 700,
            621, 622, 702, 701, 622, 623, 703, 702, 623, 624, 704, 703, 624, 625, 705, 704,
            625, 626, 706, 705, 626, 627, 707, 706, 627, 628, 708, 707, 628, 629, 709, 708,
            629, 630, 710, 709, 630, 631, 711, 710, 631, 632, 712, 711, 632, 633, 713, 712,
            633, 634, 714, 713, 634, 635, 715, 714, 635, 636, 716, 715, 636, 637, 717, 716,
            637, 638, 718, 717, 638, 639, 719, 718, 639, 640, 720, 719, 640, 561, 641, 720,
            641, 642, 722, 721, 642, 643, 723, 722, 643, 644, 724, 723, 644, 645, 725, 724,
            645, 646, 726, 725, 646, 647, 727, 726, 647, 648, 728, 727, 648, 649, 729, 728,
            649, 650, 730, 729, 650, 651, 731, 730, 651, 652, 732, 731, 652, 653, 733, 732,
            653, 654, 734, 733, 654, 655, 735, 734, 655, 656, 736, 735, 656, 657, 737, 736,
            657, 658, 738, 737, 658, 659, 739, 738, 659, 660, 740, 739, 660, 661, 741, 740,
            661, 662, 742, 741, 662, 663, 743, 742, 663, 664, 744, 743, 664, 665, 745, 744,
            665, 666, 746, 745, 666, 667, 747, 746, 667, 668, 748, 747, 668, 669, 749, 748,
            669, 670, 750, 749, 670, 671, 751, 750, 671, 672, 752, 751, 672, 673, 753, 752,
            673, 674, 754, 753, 674, 675, 755, 754, 675, 676, 756, 755, 676, 677, 757, 756,
            677, 678, 758, 757, 678, 679, 759, 758, 679, 680, 760, 759, 680, 681, 761, 760,
            681, 682, 762, 761, 682, 683, 763, 762, 683, 684, 764, 763, 684, 685, 765, 764,
            685, 686, 766, 765, 686, 687, 767, 766, 687, 688, 768, 767, 688, 689, 769, 768,
            689, 690, 770, 769, 690, 691, 771, 770, 691, 692, 772, 771, 692, 693, 773, 772,
            693, 694, 774, 773, 694, 695, 775, 774, 695, 696, 776, 775, 696, 697, 777, 776,
            697, 698, 778, 777, 698, 699, 779, 778, 699, 700, 780, 779, 700, 701, 781, 780,
            701, 702, 782, 781, 702, 703, 783, 782, 703, 704, 784, 783, 704, 705, 785, 784,
            705, 706, 786, 785, 706, 707, 787, 786, 707, 708, 788, 787, 708, 709, 789, 788,
            709, 710, 790, 789, 710, 711, 791, 790, 711, 712, 792, 791, 712, 713, 793, 792,
            713, 714, 794, 793, 714, 715, 795, 794, 715, 716, 796, 795, 716, 717, 797, 796,
            717, 718, 798, 797, 718, 719, 799, 798, 719, 720, 800, 799, 720, 641, 721, 800,
            721, 722, 802, 801, 722, 723, 803, 802, 723, 724, 804, 803, 724, 725, 805, 804,
            725, 726, 806, 805, 726, 727, 807, 806, 727, 728, 808, 807, 728, 729, 809, 808,
            729, 730, 810, 809, 730, 731, 811, 810, 731, 732, 812, 811, 732, 733, 813, 812,
            733, 734, 814, 813, 734, 735, 815, 814, 735, 736, 816, 815, 736, 737, 817, 816,
            737, 738, 818, 817, 738, 739, 819, 818, 739, 740, 820, 819, 740, 741, 821, 820,
            741, 742, 822, 821, 742, 743, 823, 822, 743, 744, 824, 823, 744, 745, 825, 824,
            745, 746, 826, 825, 746, 747, 827, 826, 747, 748, 828, 827, 748, 749, 829, 828,
            749, 750, 830, 829, 750, 751, 831, 830, 751, 752, 832, 831, 752, 753, 833, 832,
            753, 754, 834, 833, 754, 755, 835, 834, 755, 756, 836, 835, 756, 757, 837, 836,
            757, 758, 838, 837, 758, 759, 839, 838, 759, 760, 840, 839, 760, 761, 841, 840,
            761, 762, 842, 841, 762, 763, 843, 842, 763, 764, 844, 843, 764, 765, 845, 844,
            765, 766, 846, 845, 766, 767, 847, 846, 767, 768, 848, 847, 768, 769, 849, 848,
            769, 770, 850, 849, 770, 771, 851, 850, 771, 772, 852, 851, 772, 773, 853, 852,
            773, 774, 854, 853, 774, 775, 855, 854, 775, 776, 856, 855, 776, 777, 857, 856,
            777, 778, 858, 857, 778, 779, 859, 858, 779, 780, 860, 859, 780, 781, 861, 860,
            781, 782, 862, 861, 782, 783, 863, 862, 783, 784, 864, 863, 784, 785, 865, 864,
            785, 786, 866, 865, 786, 787, 867, 866, 787, 788, 868, 867, 788, 789, 869, 868,
            789, 790, 870, 869, 790, 791, 871, 870, 791, 792, 872, 871, 792, 793, 873, 872,
            793, 794, 874, 873, 794, 795, 875, 874, 795, 796, 876, 875, 796, 797, 877, 876,
            797, 798, 878, 877, 798, 799, 879, 878, 799, 800, 880, 879, 800, 721, 801, 880,
            801, 802, 882, 881, 802, 803, 883, 882, 803, 804, 884, 883, 804, 805, 885, 884,
            805, 806, 886, 885, 806, 807, 887, 886, 807, 808, 888, 887, 808, 809, 889, 888,
            809, 810, 890, 889, 810, 811, 891, 890, 811, 812, 892, 891, 812, 813, 893, 892,
            813, 814, 894, 893, 814, 815, 895, 894, 815, 816, 896, 895, 816, 817, 897, 896,
            817, 818, 898, 897, 818, 819, 899, 898, 819, 820, 900, 899, 820, 821, 901, 900,
            821, 822, 902, 901, 822, 823, 903, 902, 823, 824, 904, 903, 824, 825, 905, 904,
            825, 826, 906, 905, 826, 827, 907, 906, 827, 828, 908, 907, 828, 829, 909, 908,
            829, 830, 910, 909, 830, 831, 911, 910, 831, 832, 912, 911, 832, 833, 913, 912,
            833, 834, 914, 913, 834, 835, 915, 914, 835, 836, 916, 915, 836, 837, 917, 916,
            837, 838, 918, 917, 838, 839, 919, 918, 839, 840, 920, 919, 840, 841, 921, 920,
            841, 842, 922, 921, 842, 843, 923, 922, 843, 844, 924, 923, 844, 845, 925, 924,
            845, 846, 926, 925, 846, 847, 927, 926, 847, 848, 928, 927, 848, 849, 929, 928,
            849, 850, 930, 929, 850, 851, 931, 930, 851, 852, 932, 931, 852, 853, 933, 932,
            853, 854, 934, 933, 854, 855, 935, 934, 855, 856, 936, 935, 856, 857, 937, 936,
            857, 858, 938, 937, 858, 859, 939, 938, 859, 860, 940, 939, 860, 861, 941, 940,
            861, 862, 942, 941, 862, 863, 943, 942, 863, 864, 944, 943, 864, 865, 945, 944,
            865, 866, 946, 945, 866, 867, 947, 946, 867, 868, 948, 947, 868, 869, 949, 948,
            869, 870, 950, 949, 870, 871, 951, 950, 871, 872, 952, 951, 872, 873, 953, 952,
            873, 874, 954, 953, 874, 875, 955, 954, 875, 876, 956, 955, 876, 877, 957, 956,
            877, 878, 958, 957, 878, 879, 959, 958, 879, 880, 960, 959, 880, 801, 881, 960,
            881, 882, 962, 961, 882, 883, 963, 962, 883, 884, 964, 963, 884, 885, 965, 964,
            885, 886, 966, 965, 886, 887, 967, 966, 887, 888, 968, 967, 888, 889, 969, 968,
            889, 890, 970, 969, 890, 891, 971, 970, 891, 892, 972, 971, 892, 893, 973, 972,
            893, 894, 974, 973, 894, 895, 975, 974, 895, 896, 976, 975, 896, 897, 977, 976,
            897, 898, 978, 977, 898, 899, 979, 978, 899, 900, 980, 979, 900, 901, 981, 980,
            901, 902, 982, 981, 902, 903, 983, 982, 903, 904, 984, 983, 904, 905, 985, 984,
            905, 906, 986, 985, 906, 907, 987, 986, 907, 908, 988, 987, 908, 909, 989, 988,
            909, 910, 990, 989, 910, 911, 991, 990, 911, 912, 992, 991, 912, 913, 993, 992,
            913, 914, 994, 993, 914, 915, 995, 994, 915, 916, 996, 995, 916, 917, 997, 996,
            917, 918, 998, 997, 918, 919, 999, 998, 919, 920, 1000, 999, 920, 921, 1001, 1000,
            921, 922, 1002, 1001, 922, 923, 1003, 1002, 923, 924, 1004, 1003, 924, 925, 1005, 1004,
            925, 926, 1006, 1005, 926, 927, 1007, 1006, 927, 928, 1008, 1007, 928, 929, 1009, 1008,
            929, 930, 1010, 1009, 930, 931, 1011, 1010, 931, 932, 1012, 1011, 932, 933, 1013, 1012,
            933, 934, 1014, 1013, 934, 935, 1015, 1014, 935, 936, 1016, 1015, 936, 937, 1017, 1016,
            937, 938, 1018, 1017, 938, 939, 1019, 1018, 939, 940, 1020, 1019, 940, 941, 1021, 1020,
            941, 942, 1022, 1021, 942, 943, 1023, 1022, 943, 944, 1024, 1023, 944, 945, 1025, 1024,
            945, 946, 1026, 1025, 946, 947, 1027, 1026, 947, 948, 1028, 1027, 948, 949, 1029, 1028,
            949, 950, 1030, 1029, 950, 951, 1031, 1030, 951, 952, 1032, 1031, 952, 953, 1033, 1032,
            953, 954, 1034, 1033, 954, 955, 1035, 1034, 955, 956, 1036, 1035, 956, 957, 1037, 1036,
            957, 958, 1038, 1037, 958, 959, 1039, 1038, 959, 960, 1040, 1039, 960, 881, 961, 1040,
            961, 962, 1042, 1041, 962, 963, 1043, 1042, 963, 964, 1044, 1043, 964, 965, 1045, 1044,
            965, 966, 1046, 1045, 966, 967, 1047, 1046, 967, 968, 1048, 1047, 968, 969, 1049, 1048,
            969, 970, 1050, 1049, 970, 971, 1051, 1050, 971, 972, 1052, 1051, 972, 973, 1053, 1052,
            973, 974, 1054, 1053, 974, 975, 1055, 1054, 975, 976, 1056, 1055, 976, 977, 1057, 1056,
            977, 978, 1058, 1057, 978, 979, 1059, 1058, 979, 980, 1060, 1059, 980, 981, 1061, 1060,
            981, 982, 1062, 1061, 982, 983, 1063, 1062, 983, 984, 1064, 1063, 984, 985, 1065, 1064,
            985, 986, 1066, 1065, 986, 987, 1067, 1066, 987, 988, 1068, 1067, 988, 989, 1069, 1068,
            989, 990, 1070, 1069, 990, 991, 1071, 1070, 991, 992, 1072, 1071, 992, 993, 1073, 1072,
            993, 994, 1074, 1073, 994, 995, 1075, 1074, 995, 996, 1076, 1075, 996, 997, 1077, 1076,
            997, 998, 1078, 1077, 998, 999, 1079, 1078, 999, 1000, 1080, 1079, 1000, 1001, 1081, 1080,
            1001, 1002, 1082, 1081, 1002, 1003, 1083, 1082, 1003, 1004, 1084, 1083, 1004, 1005, 1085, 1084,
            1005, 1006, 1086, 1085, 1006, 1007, 1087, 1086, 1007, 1008, 1088, 1087, 1008, 1009, 1089, 1088,
            1009, 1010, 1090, 1089, 1010, 1011, 1091, 1090, 1011, 1012, 1092, 1091, 1012, 1013, 1093, 1092,
            1013, 1014, 1094, 1093, 1014, 1015, 1095, 1094, 1015, 1016, 1096, 1095, 1016, 1017, 1097, 1096,
            1017, 1018, 1098, 1097, 1018, 1019, 1099, 1098, 1019, 1020, 1100, 1099, 1020, 1021, 1101, 1100,
            1021, 1022, 1102, 1101, 1022, 1023, 1103, 1102, 1023, 1024, 1104, 1103, 1024, 1025, 1105, 1104,
            1025, 1026, 1106, 1105, 1026, 1027, 1107, 1106, 1027, 1028, 1108, 1107, 1028, 1029, 1109, 1108,
            1029, 1030, 1110, 1109, 1030, 1031, 1111, 1110, 1031, 1032, 1112, 1111, 1032, 1033, 1113, 1112,
            1033, 1034, 1114, 1113, 1034, 1035, 1115, 1114, 1035, 1036, 1116, 1115, 1036, 1037, 1117, 1116,
            1037, 1038, 1118, 1117, 1038, 1039, 1119, 1118, 1039, 1040, 1120, 1119, 1040, 961, 1041, 1120,
            1041, 1042, 1122, 1121, 1042, 1043, 1123, 1122, 1043, 1044, 1124, 1123, 1044, 1045, 1125, 1124,
            1045, 1046, 1126, 1125, 1046, 1047, 1127, 1126, 1047, 1048, 1128, 1127, 1048, 1049, 1129, 1128,
            1049, 1050, 1130, 1129, 1050, 1051, 1131, 1130, 1051, 1052, 1132, 1131, 1052, 1053, 1133, 1132,
            1053, 1054, 1134, 1133, 1054, 1055, 1135, 1134, 1055, 1056, 1136, 1135, 1056, 1057, 1137, 1136,
            1057, 1058, 1138, 1137, 1058, 1059, 1139, 1138, 1059, 1060, 1140, 1139, 1060, 1061, 1141, 1140,
            1061, 1062, 1142, 1141, 1062, 1063, 1143, 1142, 1063, 1064, 1144, 1143, 1064, 1065, 1145, 1144,
            1065, 1066, 1146, 1145, 1066, 1067, 1147, 1146, 1067, 1068, 1148, 1147, 1068, 1069, 1149, 1148,
            1069, 1070, 1150, 1149, 1070, 1071, 1151, 1150, 1071, 1072, 1152, 1151, 1072, 1073, 1153, 1152,
            1073, 1074, 1154, 1153, 1074, 1075, 1155, 1154, 1075, 1076, 1156, 1155, 1076, 1077, 1157, 1156,
            1077, 1078, 1158, 1157, 1078, 1079, 1159, 1158, 1079, 1080, 1160, 1159, 1080, 1081, 1161, 1160,
            1081, 1082, 1162, 1161, 1082, 1083, 1163, 1162, 1083, 1084, 1164, 1163, 1084, 1085, 1165, 1164,
            1085, 1086, 1166, 1165, 1086, 1087, 1167, 1166, 1087, 1088, 1168, 1167, 1088, 1089, 1169, 1168,
            1089, 1090, 1170, 1169, 1090, 1091, 1171, 1170, 1091, 1092, 1172, 1171, 1092, 1093, 1173, 1172,
            1093, 1094, 1174, 1173, 1094, 1095, 1175, 1174, 1095, 1096, 1176, 1175, 1096, 1097, 1177, 1176,
            1097, 1098, 1178, 1177, 1098, 1099, 1179, 1178, 1099, 1100, 1180, 1179, 1100, 1101, 1181, 1180,
            1101, 1102, 1182, 1181, 1102, 1103, 1183, 1182, 1103, 1104, 1184, 1183, 1104, 1105, 1185, 1184,
            1105, 1106, 1186, 1185, 1106, 1107, 1187, 1186, 1107, 1108, 1188, 1187, 1108, 1109, 1189, 1188,
            1109, 1110, 1190, 1189, 1110, 1111, 1191, 1190, 1111, 1112, 1192, 1191, 1112, 1113, 1193, 1192,
            1113, 1114, 1194, 1193, 1114, 1115, 1195, 1194, 1115, 1116, 1196, 1195, 1116, 1117, 1197, 1196,
            1117, 1118, 1198, 1197, 1118, 1119, 1199, 1198, 1119, 1120, 1200, 1199, 1120, 1041, 1121, 1200,
            1121, 1122, 1202, 1201, 1122, 1123, 1203, 1202, 1123, 1124, 1204, 1203, 1124, 1125, 1205, 1204,
            1125, 1126, 1206, 1205, 1126, 1127, 1207, 1206, 1127, 1128, 1208, 1207, 1128, 1129, 1209, 1208,
            1129, 1130, 1210, 1209, 1130, 1131, 1211, 1210, 1131, 1132, 1212, 1211, 1132, 1133, 1213, 1212,
            1133, 1134, 1214, 1213, 1134, 1135, 1215, 1214, 1135, 1136, 1216, 1215, 1136, 1137, 1217, 1216,
            1137, 1138, 1218, 1217, 1138, 1139, 1219, 1218, 1139, 1140, 1220, 1219, 1140, 1141, 1221, 1220,
            1141, 1142, 1222, 1221, 1142, 1143, 1223, 1222, 1143, 1144, 1224, 1223, 1144, 1145, 1225, 1224,
            1145, 1146, 1226, 1225, 1146, 1147, 1227, 1226, 1147, 1148, 1228, 1227, 1148, 1149, 1229, 1228,
            1149, 1150, 1230, 1229, 1150, 1151, 1231, 1230, 1151, 1152, 1232, 1231, 1152, 1153, 1233, 1232,
            1153, 1154, 1234, 1233, 1154, 1155, 1235, 1234, 1155, 1156, 1236, 1235, 1156, 1157, 1237, 1236,
            1157, 1158, 1238, 1237, 1158, 1159, 1239, 1238, 1159, 1160, 1240, 1239, 1160, 1161, 1241, 1240,
            1161, 1162, 1242, 1241, 1162, 1163, 1243, 1242, 1163, 1164, 1244, 1243, 1164, 1165, 1245, 1244,
            1165, 1166, 1246, 1245, 1166, 1167, 1247, 1246, 1167, 1168, 1248, 1247, 1168, 1169, 1249, 1248,
            1169, 1170, 1250, 1249, 1170, 1171, 1251, 1250, 1171, 1172, 1252, 1251, 1172, 1173, 1253, 1252,
            1173, 1174, 1254, 1253, 1174, 1175, 1255, 1254, 1175, 1176, 1256, 1255, 1176, 1177, 1257, 1256,
            1177, 1178, 1258, 1257, 1178, 1179, 1259, 1258, 1179, 1180, 1260, 1259, 1180, 1181, 1261, 1260,
            1181, 1182, 1262, 1261, 1182, 1183, 1263, 1262, 1183, 1184, 1264, 1263, 1184, 1185, 1265, 1264,
            1185, 1186, 1266, 1265, 1186, 1187, 1267, 1266, 1187, 1188, 1268, 1267, 1188, 1189, 1269, 1268,
            1189, 1190, 1270, 1269, 1190, 1191, 1271, 1270, 1191, 1192, 1272, 1271, 1192, 1193, 1273, 1272,
            1193, 1194, 1274, 1273, 1194, 1195, 1275, 1274, 1195, 1196, 1276, 1275, 1196, 1197, 1277, 1276,
            1197, 1198, 1278, 1277, 1198, 1199, 1279, 1278, 1199, 1200, 1280, 1279, 1200, 1121, 1201, 1280,
            1201, 1202, 1282, 1281, 1202, 1203, 1283, 1282, 1203, 1204, 1284, 1283, 1204, 1205, 1285, 1284,
            1205, 1206, 1286, 1285, 1206, 1207, 1287, 1286, 1207, 1208, 1288, 1287, 1208, 1209, 1289, 1288,
            1209, 1210, 1290, 1289, 1210, 1211, 1291, 1290, 1211, 1212, 1292, 1291, 1212, 1213, 1293, 1292,
            1213, 1214, 1294, 1293, 1214, 1215, 1295, 1294, 1215, 1216, 1296, 1295, 1216, 1217, 1297, 1296,
            1217, 1218, 1298, 1297, 1218, 1219, 1299, 1298, 1219, 1220, 1300, 1299, 1220, 1221, 1301, 1300,
            1221, 1222, 1302, 1301, 1222, 1223, 1303, 1302, 1223, 1224, 1304, 1303, 1224, 1225, 1305, 1304,
            1225, 1226, 1306, 1305, 1226, 1227, 1307, 1306, 1227, 1228, 1308, 1307, 1228, 1229, 1309, 1308,
            1229, 1230, 1310, 1309, 1230, 1231, 1311, 1310, 1231, 1232, 1312, 1311, 1232, 1233, 1313, 1312,
            1233, 1234, 1314, 1313, 1234, 1235, 1315, 1314, 1235, 1236, 1316, 1315, 1236, 1237, 1317, 1316,
            1237, 1238, 1318, 1317, 1238, 1239, 1319, 1318, 1239, 1240, 1320, 1319, 1240, 1241, 1321, 1320,
            1241, 1242, 1322, 1321, 1242, 1243, 1323, 1322, 1243, 1244, 1324, 1323, 1244, 1245, 1325, 1324,
            1245, 1246, 1326, 1325, 1246, 1247, 1327, 1326, 1247, 1248, 1328, 1327, 1248, 1249, 1329, 1328,
            1249, 1250, 1330, 1329, 1250, 1251, 1331, 1330, 1251, 1252, 1332, 1331, 1252, 1253, 1333, 1332,
            1253, 1254, 1334, 1333, 1254, 1255, 1335, 1334, 1255, 1256, 1336, 1335, 1256, 1257, 1337, 1336,
            1257, 1258, 1338, 1337, 1258, 1259, 1339, 1338, 1259, 1260, 1340, 1339, 1260, 1261, 1341, 1340,
            1261, 1262, 1342, 1341, 1262, 1263, 1343, 1342, 1263, 1264, 1344, 1343, 1264, 1265, 1345, 1344,
            1265, 1266, 1346, 1345, 1266, 1267, 1347, 1346, 1267, 1268, 1348, 1347, 1268, 1269, 1349, 1348,
            1269, 1270, 1350, 1349, 1270, 1271, 1351, 1350, 1271, 1272, 1352, 1351, 1272, 1273, 1353, 1352,
            1273, 1274, 1354, 1353, 1274, 1275, 1355, 1354, 1275, 1276, 1356, 1355, 1276, 1277, 1357, 1356,
            1277, 1278, 1358, 1357, 1278, 1279, 1359, 1358, 1279, 1280, 1360, 1359, 1280, 1201, 1281, 1360,
            1281, 1282, 1362, 1361, 1282, 1283, 1363, 1362, 1283, 1284, 1364, 1363, 1284, 1285, 1365, 1364,
            1285, 1286, 1366, 1365, 1286, 1287, 1367, 1366, 1287, 1288, 1368, 1367, 1288, 1289, 1369, 1368,
            1289, 1290, 1370, 1369, 1290, 1291, 1371, 1370, 1291, 1292, 1372, 1371, 1292, 1293, 1373, 1372,
            1293, 1294, 1374, 1373, 1294, 1295, 1375, 1374, 1295, 1296, 1376, 1375, 1296, 1297, 1377, 1376,
            1297, 1298, 1378, 1377, 1298, 1299, 1379, 1378, 1299, 1300, 1380, 1379, 1300, 1301, 1381, 1380,
            1301, 1302, 1382, 1381, 1302, 1303, 1383, 1382, 1303, 1304, 1384, 1383, 1304, 1305, 1385, 1384,
            1305, 1306, 1386, 1385, 1306, 1307, 1387, 1386, 1307, 1308, 1388, 1387, 1308, 1309, 1389, 1388,
            1309, 1310, 1390, 1389, 1310, 1311, 1391, 1390, 1311, 1312, 1392, 1391, 1312, 1313, 1393, 1392,
            1313, 1314, 1394, 1393, 1314, 1315, 1395, 1394, 1315, 1316, 1396, 1395, 1316, 1317, 1397, 1396,
            1317, 1318, 1398, 1397, 1318, 1319, 1399, 1398, 1319, 1320, 1400, 1399, 1320, 1321, 1401, 1400,
            1321, 1322, 1402, 1401, 1322, 1323, 1403, 1402, 1323, 1324, 1404, 1403, 1324, 1325, 1405, 1404,
            1325, 1326, 1406, 1405, 1326, 1327, 1407, 1406, 1327, 1328, 1408, 1407, 1328, 1329, 1409, 1408,
            1329, 1330, 1410, 1409, 1330, 1331, 1411, 1410, 1331, 1332, 1412, 1411, 1332, 1333, 1413, 1412,
            1333, 1334, 1414, 1413, 1334, 1335, 1415, 1414, 1335, 1336, 1416, 1415, 1336, 1337, 1417, 1416,
            1337, 1338, 1418, 1417, 1338, 1339, 1419, 1418, 1339, 1340, 1420, 1419, 1340, 1341, 1421, 1420,
            1341, 1342, 1422, 1421, 1342, 1343, 1423, 1422, 1343, 1344, 1424, 1423, 1344, 1345, 1425, 1424,
            1345, 1346, 1426, 1425, 1346, 1347, 1427, 1426, 1347, 1348, 1428, 1427, 1348, 1349, 1429, 1428,
            1349, 1350, 1430, 1429, 1350, 1351, 1431, 1430, 1351, 1352, 1432, 1431, 1352, 1353, 1433, 1432,
            1353, 1354, 1434, 1433, 1354, 1355, 1435, 1434, 1355, 1356, 1436, 1435, 1356, 1357, 1437, 1436,
            1357, 1358, 1438, 1437, 1358, 1359, 1439, 1438, 1359, 1360, 1440, 1439, 1360, 1281, 1361, 1440,
            1361, 1362, 1442, 1441, 1362, 1363, 1443, 1442, 1363, 1364, 1444, 1443, 1364, 1365, 1445, 1444,
            1365, 1366, 1446, 1445, 1366, 1367, 1447, 1446, 1367, 1368, 1448, 1447, 1368, 1369, 1449, 1448,
            1369, 1370, 1450, 1449, 1370, 1371, 1451, 1450, 1371, 1372, 1452, 1451, 1372, 1373, 1453, 1452,
            1373, 1374, 1454, 1453, 1374, 1375, 1455, 1454, 1375, 1376, 1456, 1455, 1376, 1377, 1457, 1456,
            1377, 1378, 1458, 1457, 1378, 1379, 1459, 1458, 1379, 1380, 1460, 1459, 1380, 1381, 1461, 1460,
            1381, 1382, 1462, 1461, 1382, 1383, 1463, 1462, 1383, 1384, 1464, 1463, 1384, 1385, 1465, 1464,
            1385, 1386, 1466, 1465, 1386, 1387, 1467, 1466, 1387, 1388, 1468, 1467, 1388, 1389, 1469, 1468,
            1389, 1390, 1470, 1469, 1390, 1391, 1471, 1470, 1391, 1392, 1472, 1471, 1392, 1393, 1473, 1472,
            1393, 1394, 1474, 1473, 1394, 1395, 1475, 1474, 1395, 1396, 1476, 1475, 1396, 1397, 1477, 1476,
            1397, 1398, 1478, 1477, 1398, 1399, 1479, 1478, 1399, 1400, 1480, 1479, 1400, 1401, 1481, 1480,
            1401, 1402, 1482, 1481, 1402, 1403, 1483, 1482, 1403, 1404, 1484, 1483, 1404, 1405, 1485, 1484,
            1405, 1406, 1486, 1485, 1406, 1407, 1487, 1486, 1407, 1408, 1488, 1487, 1408, 1409, 1489, 1488,
            1409, 1410, 1490, 1489, 1410, 1411, 1491, 1490, 1411, 1412, 1492, 1491, 1412, 1413, 1493, 1492,
            1413, 1414, 1494, 1493, 1414, 1415, 1495, 1494, 1415, 1416, 1496, 1495, 1416, 1417, 1497, 1496,
            1417, 1418, 1498, 1497, 1418, 1419, 1499, 1498, 1419, 1420, 1500, 1499, 1420, 1421, 1501, 1500,
            1421, 1422, 1502, 1501, 1422, 1423, 1503, 1502, 1423, 1424, 1504, 1503, 1424, 1425, 1505, 1504,
            1425, 1426, 1506, 1505, 1426, 1427, 1507, 1506, 1427, 1428, 1508, 1507, 1428, 1429, 1509, 1508,
            1429, 1430, 1510, 1509, 1430, 1431, 1511, 1510, 1431, 1432, 1512, 1511, 1432, 1433, 1513, 1512,
            1433, 1434, 1514, 1513, 1434, 1435, 1515, 1514, 1435, 1436, 1516, 1515, 1436, 1437, 1517, 1516,
            1437, 1438, 1518, 1517, 1438, 1439, 1519, 1518, 1439, 1440, 1520, 1519, 1440, 1361, 1441, 1520,
            1441, 1442, 1522, 1521, 1442, 1443, 1523, 1522, 1443, 1444, 1524, 1523, 1444, 1445, 1525, 1524,
            1445, 1446, 1526, 1525, 1446, 1447, 1527, 1526, 1447, 1448, 1528, 1527, 1448, 1449, 1529, 1528,
            1449, 1450, 1530, 1529, 1450, 1451, 1531, 1530, 1451, 1452, 1532, 1531, 1452, 1453, 1533, 1532,
            1453, 1454, 1534, 1533, 1454, 1455, 1535, 1534, 1455, 1456, 1536, 1535, 1456, 1457, 1537, 1536,
            1457, 1458, 1538, 1537, 1458, 1459, 1539, 1538, 1459, 1460, 1540, 1539, 1460, 1461, 1541, 1540,
            1461, 1462, 1542, 1541, 1462, 1463, 1543, 1542, 1463, 1464, 1544, 1543, 1464, 1465, 1545, 1544,
            1465, 1466, 1546, 1545, 1466, 1467, 1547, 1546, 1467, 1468, 1548, 1547, 1468, 1469, 1549, 1548,
            1469, 1470, 1550, 1549, 1470, 1471, 1551, 1550, 1471, 1472, 1552, 1551, 1472, 1473, 1553, 1552,
            1473, 1474, 1554, 1553, 1474, 1475, 1555, 1554, 1475, 1476, 1556, 1555, 1476, 1477, 1557, 1556,
            1477, 1478, 1558, 1557, 1478, 1479, 1559, 1558, 1479, 1480, 1560, 1559, 1480, 1481, 1561, 1560,
            1481, 1482, 1562, 1561, 1482, 1483, 1563, 1562, 1483, 1484, 1564, 1563, 1484, 1485, 1565, 1564,
            1485, 1486, 1566, 1565, 1486, 1487, 1567, 1566, 1487, 1488, 1568, 1567, 1488, 1489, 1569, 1568,
            1489, 1490, 1570, 1569, 1490, 1491, 1571, 1570, 1491, 1492, 1572, 1571, 1492, 1493, 1573, 1572,
            1493, 1494, 1574, 1573, 1494, 1495, 1575, 1574, 1495, 1496, 1576, 1575, 1496, 1497, 1577, 1576,
            1497, 1498, 1578, 1577, 1498, 1499, 1579, 1578, 1499, 1500, 1580, 1579, 1500, 1501, 1581, 1580,
            1501, 1502, 1582, 1581, 1502, 1503, 1583, 1582, 1503, 1504, 1584, 1583, 1504, 1505, 1585, 1584,
            1505, 1506, 1586, 1585, 1506, 1507, 1587, 1586, 1507, 1508, 1588, 1587, 1508, 1509, 1589, 1588,
            1509, 1510, 1590, 1589, 1510, 1511, 1591, 1590, 1511, 1512, 1592, 1591, 1512, 1513, 1593, 1592,
            1513, 1514, 1594, 1593, 1514, 1515, 1595, 1594, 1515, 1516, 1596, 1595, 1516, 1517, 1597, 1596,
            1517, 1518, 1598, 1597, 1518, 1519, 1599, 1598, 1519, 1520, 1600, 1599, 1520, 1441, 1521, 1600,
            1521, 1522, 1602, 1601, 1522, 1523, 1603, 1602, 1523, 1524, 1604, 1603, 1524, 1525, 1605, 1604,
            1525, 1526, 1606, 1605, 1526, 1527, 1607, 1606, 1527, 1528, 1608, 1607, 1528, 1529, 1609, 1608,
            1529, 1530, 1610, 1609, 1530, 1531, 1611, 1610, 1531, 1532, 1612, 1611, 1532, 1533, 1613, 1612,
            1533, 1534, 1614, 1613, 1534, 1535, 1615, 1614, 1535, 1536, 1616, 1615, 1536, 1537, 1617, 1616,
            1537, 1538, 1618, 1617, 1538, 1539, 1619, 1618, 1539, 1540, 1620, 1619, 1540, 1541, 1621, 1620,
            1541, 1542, 1622, 1621, 1542, 1543, 1623, 1622, 1543, 1544, 1624, 1623, 1544, 1545, 1625, 1624,
            1545, 1546, 1626, 1625, 1546, 1547, 1627, 1626, 1547, 1548, 1628, 1627, 1548, 1549, 1629, 1628,
            1549, 1550, 1630, 1629, 1550, 1551, 1631, 1630, 1551, 1552, 1632, 1631, 1552, 1553, 1633, 1632,
            1553, 1554, 1634, 1633, 1554, 1555, 1635, 1634, 1555, 1556, 1636, 1635, 1556, 1557, 1637, 1636,
            1557, 1558, 1638, 1637, 1558, 1559, 1639, 1638, 1559, 1560, 1640, 1639, 1560, 1561, 1641, 1640,
            1561, 1562, 1642, 1641, 1562, 1563, 1643, 1642, 1563, 1564, 1644, 1643, 1564, 1565, 1645, 1644,
            1565, 1566, 1646, 1645, 1566, 1567, 1647, 1646, 1567, 1568, 1648, 1647, 1568, 1569, 1649, 1648,
            1569, 1570, 1650, 1649, 1570, 1571, 1651, 1650, 1571, 1572, 1652, 1651, 1572, 1573, 1653, 1652,
            1573, 1574, 1654, 1653, 1574, 1575, 1655, 1654, 1575, 1576, 1656, 1655, 1576, 1577, 1657, 1656,
            1577, 1578, 1658, 1657, 1578, 1579, 1659, 1658, 1579, 1580, 1660, 1659, 1580, 1581, 1661, 1660,
            1581, 1582, 1662, 1661, 1582, 1583, 1663, 1662, 1583, 1584, 1664, 1663, 1584, 1585, 1665, 1664,
            1585, 1586, 1666, 1665, 1586, 1587, 1667, 1666, 1587, 1588, 1668, 1667, 1588, 1589, 1669, 1668,
            1589, 1590, 1670, 1669, 1590, 1591, 1671, 1670, 1591, 1592, 1672, 1671, 1592, 1593, 1673, 1672,
            1593, 1594, 1674, 1673, 1594, 1595, 1675, 1674, 1595, 1596, 1676, 1675, 1596, 1597, 1677, 1676,
            1597, 1598, 1678, 1677, 1598, 1599, 1679, 1678, 1599, 1600, 1680, 1679, 1600, 1521, 1601, 1680,
            1601, 1602, 1682, 1681, 1602, 1603, 1683, 1682, 1603, 1604, 1684, 1683, 1604, 1605, 1685, 1684,
            1605, 1606, 1686, 1685, 1606, 1607, 1687, 1686, 1607, 1608, 1688, 1687, 1608, 1609, 1689, 1688,
            1609, 1610, 1690, 1689, 1610, 1611, 1691, 1690, 1611, 1612, 1692, 1691, 1612, 1613, 1693, 1692,
            1613, 1614, 1694, 1693, 1614, 1615, 1695, 1694, 1615, 1616, 1696, 1695, 1616, 1617, 1697, 1696,
            1617, 1618, 1698, 1697, 1618, 1619, 1699, 1698, 1619, 1620, 1700, 1699, 1620, 1621, 1701, 1700,
            1621, 1622, 1702, 1701, 1622, 1623, 1703, 1702, 1623, 1624, 1704, 1703, 1624, 1625, 1705, 1704,
            1625, 1626, 1706, 1705, 1626, 1627, 1707, 1706, 1627, 1628, 1708, 1707, 1628, 1629, 1709, 1708,
            1629, 1630, 1710, 1709, 1630, 1631, 1711, 1710, 1631, 1632, 1712, 1711, 1632, 1633, 1713, 1712,
            1633, 1634, 1714, 1713, 1634, 1635, 1715, 1714, 1635, 1636, 1716, 1715, 1636, 1637, 1717, 1716,
            1637, 1638, 1718, 1717, 1638, 1639, 1719, 1718, 1639, 1640, 1720, 1719, 1640, 1641, 1721, 1720,
            1641, 1642, 1722, 1721, 1642, 1643, 1723, 1722, 1643, 1644, 1724, 1723, 1644, 1645, 1725, 1724,
            1645, 1646, 1726, 1725, 1646, 1647, 1727, 1726, 1647, 1648, 1728, 1727, 1648, 1649, 1729, 1728,
            1649, 1650, 1730, 1729, 1650, 1651, 1731, 1730, 1651, 1652, 1732, 1731, 1652, 1653, 1733, 1732,
            1653, 1654, 1734, 1733, 1654, 1655, 1735, 1734, 1655, 1656, 1736, 1735, 1656, 1657, 1737, 1736,
            1657, 1658, 1738, 1737, 1658, 1659, 1739, 1738, 1659, 1660, 1740, 1739, 1660, 1661, 1741, 1740,
            1661, 1662, 1742, 1741, 1662, 1663, 1743, 1742, 1663, 1664, 1744, 1743, 1664, 1665, 1745, 1744,
            1665, 1666, 1746, 1745, 1666, 1667, 1747, 1746, 1667, 1668, 1748, 1747, 1668, 1669, 1749, 1748,
            1669, 1670, 1750, 1749, 1670, 1671, 1751, 1750, 1671, 1672, 1752, 1751, 1672, 1673, 1753, 1752,
            1673, 1674, 1754, 1753, 1674, 1675, 1755, 1754, 1675, 1676, 1756, 1755, 1676, 1677, 1757, 1756,
            1677, 1678, 1758, 1757, 1678, 1679, 1759, 1758, 1679, 1680, 1760, 1759, 1680, 1601, 1681, 1760,
            1681, 1682, 1762, 1761, 1682, 1683, 1763, 1762, 1683, 1684, 1764, 1763, 1684, 1685, 1765, 1764,
            1685, 1686, 1766, 1765, 1686, 1687, 1767, 1766, 1687, 1688, 1768, 1767, 1688, 1689, 1769, 1768,
            1689, 1690, 1770, 1769, 1690, 1691, 1771, 1770, 1691, 1692, 1772, 1771, 1692, 1693, 1773, 1772,
            1693, 1694, 1774, 1773, 1694, 1695, 1775, 1774, 1695, 1696, 1776, 1775, 1696, 1697, 1777, 1776,
            1697, 1698, 1778, 1777, 1698, 1699, 1779, 1778, 1699, 1700, 1780, 1779, 1700, 1701, 1781, 1780,
            1701, 1702, 1782, 1781, 1702, 1703, 1783, 1782, 1703, 1704, 1784, 1783, 1704, 1705, 1785, 1784,
            1705, 1706, 1786, 1785, 1706, 1707, 1787, 1786, 1707, 1708, 1788, 1787, 1708, 1709, 1789, 1788,
            1709, 1710, 1790, 1789, 1710, 1711, 1791, 1790, 1711, 1712, 1792, 1791, 1712, 1713, 1793, 1792,
            1713, 1714, 1794, 1793, 1714, 1715, 1795, 1794, 1715, 1716, 1796, 1795, 1716, 1717, 1797, 1796,
            1717, 1718, 1798, 1797, 1718, 1719, 1799, 1798, 1719, 1720, 1800, 1799, 1720, 1721, 1801, 1800,
            1721, 1722, 1802, 1801, 1722, 1723, 1803, 1802, 1723, 1724, 1804, 1803, 1724, 1725, 1805, 1804,
            1725, 1726, 1806, 1805, 1726, 1727, 1807, 1806, 1727, 1728, 1808, 1807, 1728, 1729, 1809, 1808,
            1729, 1730, 1810, 1809, 1730, 1731, 1811, 1810, 1731, 1732, 1812, 1811, 1732, 1733, 1813, 1812,
            1733, 1734, 1814, 1813, 1734, 1735, 1815, 1814, 1735, 1736, 1816, 1815, 1736, 1737, 1817, 1816,
            1737, 1738, 1818, 1817, 1738, 1739, 1819, 1818, 1739, 1740, 1820, 1819, 1740, 1741, 1821, 1820,
            1741, 1742, 1822, 1821, 1742, 1743, 1823, 1822, 1743, 1744, 1824, 1823, 1744, 1745, 1825, 1824,
            1745, 1746, 1826, 1825, 1746, 1747, 1827, 1826, 1747, 1748, 1828, 1827, 1748, 1749, 1829, 1828,
            1749, 1750, 1830, 1829, 1750, 1751, 1831, 1830, 1751, 1752, 1832, 1831, 1752, 1753, 1833, 1832,
            1753, 1754, 1834, 1833, 1754, 1755, 1835, 1834, 1755, 1756, 1836, 1835, 1756, 1757, 1837, 1836,
            1757, 1758, 1838, 1837, 1758, 1759, 1839, 1838, 1759, 1760, 1840, 1839, 1760, 1681, 1761, 1840,
            1761, 1762, 1842, 1841, 1762, 1763, 1843, 1842, 1763, 1764, 1844, 1843, 1764, 1765, 1845, 1844,
            1765, 1766, 1846, 1845, 1766, 1767, 1847, 1846, 1767, 1768, 1848, 1847, 1768, 1769, 1849, 1848,
            1769, 1770, 1850, 1849, 1770, 1771, 1851, 1850, 1771, 1772, 1852, 1851, 1772, 1773, 1853, 1852,
            1773, 1774, 1854, 1853, 1774, 1775, 1855, 1854, 1775, 1776, 1856, 1855, 1776, 1777, 1857, 1856,
            1777, 1778, 1858, 1857, 1778, 1779, 1859, 1858, 1779, 1780, 1860, 1859, 1780, 1781, 1861, 1860,
            1781, 1782, 1862, 1861, 1782, 1783, 1863, 1862, 1783, 1784, 1864, 1863, 1784, 1785, 1865, 1864,
            1785, 1786, 1866, 1865, 1786, 1787, 1867, 1866, 1787, 1788, 1868, 1867, 1788, 1789, 1869, 1868,
            1789, 1790, 1870, 1869, 1790, 1791, 1871, 1870, 1791, 1792, 1872, 1871, 1792, 1793, 1873, 1872,
            1793, 1794, 1874, 1873, 1794, 1795, 1875, 1874, 1795, 1796, 1876, 1875, 1796, 1797, 1877, 1876,
            1797, 1798, 1878, 1877, 1798, 1799, 1879, 1878, 1799, 1800, 1880, 1879, 1800, 1801, 1881, 1880,
            1801, 1802, 1882, 1881, 1802, 1803, 1883, 1882, 1803, 1804, 1884, 1883, 1804, 1805, 1885, 1884,
            1805, 1806, 1886, 1885, 1806, 1807, 1887, 1886, 1807, 1808, 1888, 1887, 1808, 1809, 1889, 1888,
            1809, 1810, 1890, 1889, 1810, 1811, 1891, 1890, 1811, 1812, 1892, 1891, 1812, 1813, 1893, 1892,
            1813, 1814, 1894, 1893, 1814, 1815, 1895, 1894, 1815, 1816, 1896, 1895, 1816, 1817, 1897, 1896,
            1817, 1818, 1898, 1897, 1818, 1819, 1899, 1898, 1819, 1820, 1900, 1899, 1820, 1821, 1901, 1900,
            1821, 1822, 1902, 1901, 1822, 1823, 1903, 1902, 1823, 1824, 1904, 1903, 1824, 1825, 1905, 1904,
            1825, 1826, 1906, 1905, 1826, 1827, 1907, 1906, 1827, 1828, 1908, 1907, 1828, 1829, 1909, 1908,
            1829, 1830, 1910, 1909, 1830, 1831, 1911, 1910, 1831, 1832, 1912, 1911, 1832, 1833, 1913, 1912,
            1833, 1834, 1914, 1913, 1834, 1835, 1915, 1914, 1835, 1836, 1916, 1915, 1836, 1837, 1917, 1916,
            1837, 1838, 1918, 1917, 1838, 1839, 1919, 1918, 1839, 1840, 1920, 1919, 1840, 1761, 1841, 1920,
            1841, 1842, 1922, 1921, 1842, 1843, 1923, 1922, 1843, 1844, 1924, 1923, 1844, 1845, 1925, 1924,
            1845, 1846, 1926, 1925, 1846, 1847, 1927, 1926, 1847, 1848, 1928, 1927, 1848, 1849, 1929, 1928,
            1849, 1850, 1930, 1929, 1850, 1851, 1931, 1930, 1851, 1852, 1932, 1931, 1852, 1853, 1933, 1932,
            1853, 1854, 1934, 1933, 1854, 1855, 1935, 1934, 1855, 1856, 1936, 1935, 1856, 1857, 1937, 1936,
            1857, 1858, 1938, 1937, 1858, 1859, 1939, 1938, 1859, 1860, 1940, 1939, 1860, 1861, 1941, 1940,
            1861, 1862, 1942, 1941, 1862, 1863, 1943, 1942, 1863, 1864, 1944, 1943, 1864, 1865, 1945, 1944,
            1865, 1866, 1946, 1945, 1866, 1867, 1947, 1946, 1867, 1868, 1948, 1947, 1868, 1869, 1949, 1948,
            1869, 1870, 1950, 1949, 1870, 1871, 1951, 1950, 1871, 1872, 1952, 1951, 1872, 1873, 1953, 1952,
            1873, 1874, 1954, 1953, 1874, 1875, 1955, 1954, 1875, 1876, 1956, 1955, 1876, 1877, 1957, 1956,
            1877, 1878, 1958, 1957, 1878, 1879, 1959, 1958, 1879, 1880, 1960, 1959, 1880, 1881, 1961, 1960,
            1881, 1882, 1962, 1961, 1882, 1883, 1963, 1962, 1883, 1884, 1964, 1963, 1884, 1885, 1965, 1964,
            1885, 1886, 1966, 1965, 1886, 1887, 1967, 1966, 1887, 1888, 1968, 1967, 1888, 1889, 1969, 1968,
            1889, 1890, 1970, 1969, 1890, 1891, 1971, 1970, 1891, 1892, 1972, 1971, 1892, 1893, 1973, 1972,
            1893, 1894, 1974, 1973, 1894, 1895, 1975, 1974, 1895, 1896, 1976, 1975, 1896, 1897, 1977, 1976,
            1897, 1898, 1978, 1977, 1898, 1899, 1979, 1978, 1899, 1900, 1980, 1979, 1900, 1901, 1981, 1980,
            1901, 1902, 1982, 1981, 1902, 1903, 1983, 1982, 1903, 1904, 1984, 1983, 1904, 1905, 1985, 1984,
            1905, 1906, 1986, 1985, 1906, 1907, 1987, 1986, 1907, 1908, 1988, 1987, 1908, 1909, 1989, 1988,
            1909, 1910, 1990, 1989, 1910, 1911, 1991, 1990, 1911, 1912, 1992, 1991, 1912, 1913, 1993, 1992,
            1913, 1914, 1994, 1993, 1914, 1915, 1995, 1994, 1915, 1916, 1996, 1995, 1916, 1917, 1997, 1996,
            1917, 1918, 1998, 1997, 1918, 1919, 1999, 1998, 1919, 1920, 2000, 1999, 1920, 1841, 1921, 2000,
            1921, 1922, 2002, 2001, 1922, 1923, 2003, 2002, 1923, 1924, 2004, 2003, 1924, 1925, 2005, 2004,
            1925, 1926, 2006, 2005, 1926, 1927, 2007, 2006, 1927, 1928, 2008, 2007, 1928, 1929, 2009, 2008,
            1929, 1930, 2010, 2009, 1930, 1931, 2011, 2010, 1931, 1932, 2012, 2011, 1932, 1933, 2013, 2012,
            1933, 1934, 2014, 2013, 1934, 1935, 2015, 2014, 1935, 1936, 2016, 2015, 1936, 1937, 2017, 2016,
            1937, 1938, 2018, 2017, 1938, 1939, 2019, 2018, 1939, 1940, 2020, 2019, 1940, 1941, 2021, 2020,
            1941, 1942, 2022, 2021, 1942, 1943, 2023, 2022, 1943, 1944, 2024, 2023, 1944, 1945, 2025, 2024,
            1945, 1946, 2026, 2025, 1946, 1947, 2027, 2026, 1947, 1948, 2028, 2027, 1948, 1949, 2029, 2028,
            1949, 1950, 2030, 2029, 1950, 1951, 2031, 2030, 1951, 1952, 2032, 2031, 1952, 1953, 2033, 2032,
            1953, 1954, 2034, 2033, 1954, 1955, 2035, 2034, 1955, 1956, 2036, 2035, 1956, 1957, 2037, 2036,
            1957, 1958, 2038, 2037, 1958, 1959, 2039, 2038, 1959, 1960, 2040, 2039, 1960, 1961, 2041, 2040,
            1961, 1962, 2042, 2041, 1962, 1963, 2043, 2042, 1963, 1964, 2044, 2043, 1964, 1965, 2045, 2044,
            1965, 1966, 2046, 2045, 1966, 1967, 2047, 2046, 1967, 1968, 2048, 2047, 1968, 1969, 2049, 2048,
            1969, 1970, 2050, 2049, 1970, 1971, 2051, 2050, 1971, 1972, 2052, 2051, 1972, 1973, 2053, 2052,
            1973, 1974, 2054, 2053, 1974, 1975, 2055, 2054, 1975, 1976, 2056, 2055, 1976, 1977, 2057, 2056,
            1977, 1978, 2058, 2057, 1978, 1979, 2059, 2058, 1979, 1980, 2060, 2059, 1980, 1981, 2061, 2060,
            1981, 1982, 2062, 2061, 1982, 1983, 2063, 2062, 1983, 1984, 2064, 2063, 1984, 1985, 2065, 2064,
            1985, 1986, 2066, 2065, 1986, 1987, 2067, 2066, 1987, 1988, 2068, 2067, 1988, 1989, 2069, 2068,
            1989, 1990, 2070, 2069, 1990, 1991, 2071, 2070, 1991, 1992, 2072, 2071, 1992, 1993, 2073, 2072,
            1993, 1994, 2074, 2073, 1994, 1995, 2075, 2074, 1995, 1996, 2076, 2075, 1996, 1997, 2077, 2076,
            1997, 1998, 2078, 2077, 1998, 1999, 2079, 2078, 1999, 2000, 2080, 2079, 2000, 1921, 2001, 2080,
            2001, 2002, 2082, 2081, 2002, 2003, 2083, 2082, 2003, 2004, 2084, 2083, 2004, 2005, 2085, 2084,
            2005, 2006, 2086, 2085, 2006, 2007, 2087, 2086, 2007, 2008, 2088, 2087, 2008, 2009, 2089, 2088,
            2009, 2010, 2090, 2089, 2010, 2011, 2091, 2090, 2011, 2012, 2092, 2091, 2012, 2013, 2093, 2092,
            2013, 2014, 2094, 2093, 2014, 2015, 2095, 2094, 2015, 2016, 2096, 2095, 2016, 2017, 2097, 2096,
            2017, 2018, 2098, 2097, 2018, 2019, 2099, 2098, 2019, 2020, 2100, 2099, 2020, 2021, 2101, 2100,
            2021, 2022, 2102, 2101, 2022, 2023, 2103, 2102, 2023, 2024, 2104, 2103, 2024, 2025, 2105, 2104,
            2025, 2026, 2106, 2105, 2026, 2027, 2107, 2106, 2027, 2028, 2108, 2107, 2028, 2029, 2109, 2108,
            2029, 2030, 2110, 2109, 2030, 2031, 2111, 2110, 2031, 2032, 2112, 2111, 2032, 2033, 2113, 2112,
            2033, 2034, 2114, 2113, 2034, 2035, 2115, 2114, 2035, 2036, 2116, 2115, 2036, 2037, 2117, 2116,
            2037, 2038, 2118, 2117, 2038, 2039, 2119, 2118, 2039, 2040, 2120, 2119, 2040, 2041, 2121, 2120,
            2041, 2042, 2122, 2121, 2042, 2043, 2123, 2122, 2043, 2044, 2124, 2123, 2044, 2045, 2125, 2124,
            2045, 2046, 2126, 2125, 2046, 2047, 2127, 2126, 2047, 2048, 2128, 2127, 2048, 2049, 2129, 2128,
            2049, 2050, 2130, 2129, 2050, 2051, 2131, 2130, 2051, 2052, 2132, 2131, 2052, 2053, 2133, 2132,
            2053, 2054, 2134, 2133, 2054, 2055, 2135, 2134, 2055, 2056, 2136, 2135, 2056, 2057, 2137, 2136,
            2057, 2058, 2138, 2137, 2058, 2059, 2139, 2138, 2059, 2060, 2140, 2139, 2060, 2061, 2141, 2140,
            2061, 2062, 2142, 2141, 2062, 2063, 2143, 2142, 2063, 2064, 2144, 2143, 2064, 2065, 2145, 2144,
            2065, 2066, 2146, 2145, 2066, 2067, 2147, 2146, 2067, 2068, 2148, 2147, 2068, 2069, 2149, 2148,
            2069, 2070, 2150, 2149, 2070, 2071, 2151, 2150, 2071, 2072, 2152, 2151, 2072, 2073, 2153, 2152,
            2073, 2074, 2154, 2153, 2074, 2075, 2155, 2154, 2075, 2076, 2156, 2155, 2076, 2077, 2157, 2156,
            2077, 2078, 2158, 2157, 2078, 2079, 2159, 2158, 2079, 2080, 2160, 2159, 2080, 2001, 2081, 2160,
            2081, 2082, 2162, 2161, 2082, 2083, 2163, 2162, 2083, 2084, 2164, 2163, 2084, 2085, 2165, 2164,
            2085, 2086, 2166, 2165, 2086, 2087, 2167, 2166, 2087, 2088, 2168, 2167, 2088, 2089, 2169, 2168,
            2089, 2090, 2170, 2169, 2090, 2091, 2171, 2170, 2091, 2092, 2172, 2171, 2092, 2093, 2173, 2172,
            2093, 2094, 2174, 2173, 2094, 2095, 2175, 2174, 2095, 2096, 2176, 2175, 2096, 2097, 2177, 2176,
            2097, 2098, 2178, 2177, 2098, 2099, 2179, 2178, 2099, 2100, 2180, 2179, 2100, 2101, 2181, 2180,
            2101, 2102, 2182, 2181, 2102, 2103, 2183, 2182, 2103, 2104, 2184, 2183, 2104, 2105, 2185, 2184,
            2105, 2106, 2186, 2185, 2106, 2107, 2187, 2186, 2107, 2108, 2188, 2187, 2108, 2109, 2189, 2188,
            2109, 2110, 2190, 2189, 2110, 2111, 2191, 2190, 2111, 2112, 2192, 2191, 2112, 2113, 2193, 2192,
            2113, 2114, 2194, 2193, 2114, 2115, 2195, 2194, 2115, 2116, 2196, 2195, 2116, 2117, 2197, 2196,
            2117, 2118, 2198, 2197, 2118, 2119, 2199, 2198, 2119, 2120, 2200, 2199, 2120, 2121, 2201, 2200,
            2121, 2122, 2202, 2201, 2122, 2123, 2203, 2202, 2123, 2124, 2204, 2203, 2124, 2125, 2205, 2204,
            2125, 2126, 2206, 2205, 2126, 2127, 2207, 2206, 2127, 2128, 2208, 2207, 2128, 2129, 2209, 2208,
            2129, 2130, 2210, 2209, 2130, 2131, 2211, 2210, 2131, 2132, 2212, 2211, 2132, 2133, 2213, 2212,
            2133, 2134, 2214, 2213, 2134, 2135, 2215, 2214, 2135, 2136, 2216, 2215, 2136, 2137, 2217, 2216,
            2137, 2138, 2218, 2217, 2138, 2139, 2219, 2218, 2139, 2140, 2220, 2219, 2140, 2141, 2221, 2220,
            2141, 2142, 2222, 2221, 2142, 2143, 2223, 2222, 2143, 2144, 2224, 2223, 2144, 2145, 2225, 2224,
            2145, 2146, 2226, 2225, 2146, 2147, 2227, 2226, 2147, 2148, 2228, 2227, 2148, 2149, 2229, 2228,
            2149, 2150, 2230, 2229, 2150, 2151, 2231, 2230, 2151, 2152, 2232, 2231, 2152, 2153, 2233, 2232,
            2153, 2154, 2234, 2233, 2154, 2155, 2235, 2234, 2155, 2156, 2236, 2235, 2156, 2157, 2237, 2236,
            2157, 2158, 2238, 2237, 2158, 2159, 2239, 2238, 2159, 2160, 2240, 2239, 2160, 2081, 2161, 2240,
            2161, 2162, 2242, 2241, 2162, 2163, 2243, 2242, 2163, 2164, 2244, 2243, 2164, 2165, 2245, 2244,
            2165, 2166, 2246, 2245, 2166, 2167, 2247, 2246, 2167, 2168, 2248, 2247, 2168, 2169, 2249, 2248,
            2169, 2170, 2250, 2249, 2170, 2171, 2251, 2250, 2171, 2172, 2252, 2251, 2172, 2173, 2253, 2252,
            2173, 2174, 2254, 2253, 2174, 2175, 2255, 2254, 2175, 2176, 2256, 2255, 2176, 2177, 2257, 2256,
            2177, 2178, 2258, 2257, 2178, 2179, 2259, 2258, 2179, 2180, 2260, 2259, 2180, 2181, 2261, 2260,
            2181, 2182, 2262, 2261, 2182, 2183, 2263, 2262, 2183, 2184, 2264, 2263, 2184, 2185, 2265, 2264,
            2185, 2186, 2266, 2265, 2186, 2187, 2267, 2266, 2187, 2188, 2268, 2267, 2188, 2189, 2269, 2268,
            2189, 2190, 2270, 2269, 2190, 2191, 2271, 2270, 2191, 2192, 2272, 2271, 2192, 2193, 2273, 2272,
            2193, 2194, 2274, 2273, 2194, 2195, 2275, 2274, 2195, 2196, 2276, 2275, 2196, 2197, 2277, 2276,
            2197, 2198, 2278, 2277, 2198, 2199, 2279, 2278, 2199, 2200, 2280, 2279, 2200, 2201, 2281, 2280,
            2201, 2202, 2282, 2281, 2202, 2203, 2283, 2282, 2203, 2204, 2284, 2283, 2204, 2205, 2285, 2284,
            2205, 2206, 2286, 2285, 2206, 2207, 2287, 2286, 2207, 2208, 2288, 2287, 2208, 2209, 2289, 2288,
            2209, 2210, 2290, 2289, 2210, 2211, 2291, 2290, 2211, 2212, 2292, 2291, 2212, 2213, 2293, 2292,
            2213, 2214, 2294, 2293, 2214, 2215, 2295, 2294, 2215, 2216, 2296, 2295, 2216, 2217, 2297, 2296,
            2217, 2218, 2298, 2297, 2218, 2219, 2299, 2298, 2219, 2220, 2300, 2299, 2220, 2221, 2301, 2300,
            2221, 2222, 2302, 2301, 2222, 2223, 2303, 2302, 2223, 2224, 2304, 2303, 2224, 2225, 2305, 2304,
            2225, 2226, 2306, 2305, 2226, 2227, 2307, 2306, 2227, 2228, 2308, 2307, 2228, 2229, 2309, 2308,
            2229, 2230, 2310, 2309, 2230, 2231, 2311, 2310, 2231, 2232, 2312, 2311, 2232, 2233, 2313, 2312,
            2233, 2234, 2314, 2313, 2234, 2235, 2315, 2314, 2235, 2236, 2316, 2315, 2236, 2237, 2317, 2316,
            2237, 2238, 2318, 2317, 2238, 2239, 2319, 2318, 2239, 2240, 2320, 2319, 2240, 2161, 2241, 2320,
            2241, 2242, 2322, 2321, 2242, 2243, 2323, 2322, 2243, 2244, 2324, 2323, 2244, 2245, 2325, 2324,
            2245, 2246, 2326, 2325, 2246, 2247, 2327, 2326, 2247, 2248, 2328, 2327, 2248, 2249, 2329, 2328,
            2249, 2250, 2330, 2329, 2250, 2251, 2331, 2330, 2251, 2252, 2332, 2331, 2252, 2253, 2333, 2332,
            2253, 2254, 2334, 2333, 2254, 2255, 2335, 2334, 2255, 2256, 2336, 2335, 2256, 2257, 2337, 2336,
            2257, 2258, 2338, 2337, 2258, 2259, 2339, 2338, 2259, 2260, 2340, 2339, 2260, 2261, 2341, 2340,
            2261, 2262, 2342, 2341, 2262, 2263, 2343, 2342, 2263, 2264, 2344, 2343, 2264, 2265, 2345, 2344,
            2265, 2266, 2346, 2345, 2266, 2267, 2347, 2346, 2267, 2268, 2348, 2347, 2268, 2269, 2349, 2348,
            2269, 2270, 2350, 2349, 2270, 2271, 2351, 2350, 2271, 2272, 2352, 2351, 2272, 2273, 2353, 2352,
            2273, 2274, 2354, 2353, 2274, 2275, 2355, 2354, 2275, 2276, 2356, 2355, 2276, 2277, 2357, 2356,
            2277, 2278, 2358, 2357, 2278, 2279, 2359, 2358, 2279, 2280, 2360, 2359, 2280, 2281, 2361, 2360,
            2281, 2282, 2362, 2361, 2282, 2283, 2363, 2362, 2283, 2284, 2364, 2363, 2284, 2285, 2365, 2364,
            2285, 2286, 2366, 2365, 2286, 2287, 2367, 2366, 2287, 2288, 2368, 2367, 2288, 2289, 2369, 2368,
            2289, 2290, 2370, 2369, 2290, 2291, 2371, 2370, 2291, 2292, 2372, 2371, 2292, 2293, 2373, 2372,
            2293, 2294, 2374, 2373, 2294, 2295, 2375, 2374, 2295, 2296, 2376, 2375, 2296, 2297, 2377, 2376,
            2297, 2298, 2378, 2377, 2298, 2299, 2379, 2378, 2299, 2300, 2380, 2379, 2300, 2301, 2381, 2380,
            2301, 2302, 2382, 2381, 2302, 2303, 2383, 2382, 2303, 2304, 2384, 2383, 2304, 2305, 2385, 2384,
            2305, 2306, 2386, 2385, 2306, 2307, 2387, 2386, 2307, 2308, 2388, 2387, 2308, 2309, 2389, 2388,
            2309, 2310, 2390, 2389, 2310, 2311, 2391, 2390, 2311, 2312, 2392, 2391, 2312, 2313, 2393, 2392,
            2313, 2314, 2394, 2393, 2314, 2315, 2395, 2394, 2315, 2316, 2396, 2395, 2316, 2317, 2397, 2396,
            2317, 2318, 2398, 2397, 2318, 2319, 2399, 2398, 2319, 2320, 2400, 2399, 2320, 2241, 2321, 2400,
            2321, 2322, 2402, 2401, 2322, 2323, 2403, 2402, 2323, 2324, 2404, 2403, 2324, 2325, 2405, 2404,
            2325, 2326, 2406, 2405, 2326, 2327, 2407, 2406, 2327, 2328, 2408, 2407, 2328, 2329, 2409, 2408,
            2329, 2330, 2410, 2409, 2330, 2331, 2411, 2410, 2331, 2332, 2412, 2411, 2332, 2333, 2413, 2412,
            2333, 2334, 2414, 2413, 2334, 2335, 2415, 2414, 2335, 2336, 2416, 2415, 2336, 2337, 2417, 2416,
            2337, 2338, 2418, 2417, 2338, 2339, 2419, 2418, 2339, 2340, 2420, 2419, 2340, 2341, 2421, 2420,
            2341, 2342, 2422, 2421, 2342, 2343, 2423, 2422, 2343, 2344, 2424, 2423, 2344, 2345, 2425, 2424,
            2345, 2346, 2426, 2425, 2346, 2347, 2427, 2426, 2347, 2348, 2428, 2427, 2348, 2349, 2429, 2428,
            2349, 2350, 2430, 2429, 2350, 2351, 2431, 2430, 2351, 2352, 2432, 2431, 2352, 2353, 2433, 2432,
            2353, 2354, 2434, 2433, 2354, 2355, 2435, 2434, 2355, 2356, 2436, 2435, 2356, 2357, 2437, 2436,
            2357, 2358, 2438, 2437, 2358, 2359, 2439, 2438, 2359, 2360, 2440, 2439, 2360, 2361, 2441, 2440,
            2361, 2362, 2442, 2441, 2362, 2363, 2443, 2442, 2363, 2364, 2444, 2443, 2364, 2365, 2445, 2444,
            2365, 2366, 2446, 2445, 2366, 2367, 2447, 2446, 2367, 2368, 2448, 2447, 2368, 2369, 2449, 2448,
            2369, 2370, 2450, 2449, 2370, 2371, 2451, 2450, 2371, 2372, 2452, 2451, 2372, 2373, 2453, 2452,
            2373, 2374, 2454, 2453, 2374, 2375, 2455, 2454, 2375, 2376, 2456, 2455, 2376, 2377, 2457, 2456,
            2377, 2378, 2458, 2457, 2378, 2379, 2459, 2458, 2379, 2380, 2460, 2459, 2380, 2381, 2461, 2460,
            2381, 2382, 2462, 2461, 2382, 2383, 2463, 2462, 2383, 2384, 2464, 2463, 2384, 2385, 2465, 2464,
            2385, 2386, 2466, 2465, 2386, 2387, 2467, 2466, 2387, 2388, 2468, 2467, 2388, 2389, 2469, 2468,
            2389, 2390, 2470, 2469, 2390, 2391, 2471, 2470, 2391, 2392, 2472, 2471, 2392, 2393, 2473, 2472,
            2393, 2394, 2474, 2473, 2394, 2395, 2475, 2474, 2395, 2396, 2476, 2475, 2396, 2397, 2477, 2476,
            2397, 2398, 2478, 2477, 2398, 2399, 2479, 2478, 2399, 2400, 2480, 2479, 2400, 2321, 2401, 2480,
            2401, 2402, 2482, 2481, 2402, 2403, 2483, 2482, 2403, 2404, 2484, 2483, 2404, 2405, 2485, 2484,
            2405, 2406, 2486, 2485, 2406, 2407, 2487, 2486, 2407, 2408, 2488, 2487, 2408, 2409, 2489, 2488,
            2409, 2410, 2490, 2489, 2410, 2411, 2491, 2490, 2411, 2412, 2492, 2491, 2412, 2413, 2493, 2492,
            2413, 2414, 2494, 2493, 2414, 2415, 2495, 2494, 2415, 2416, 2496, 2495, 2416, 2417, 2497, 2496,
            2417, 2418, 2498, 2497, 2418, 2419, 2499, 2498, 2419, 2420, 2500, 2499, 2420, 2421, 2501, 2500,
            2421, 2422, 2502, 2501, 2422, 2423, 2503, 2502, 2423, 2424, 2504, 2503, 2424, 2425, 2505, 2504,
            2425, 2426, 2506, 2505, 2426, 2427, 2507, 2506, 2427, 2428, 2508, 2507, 2428, 2429, 2509, 2508,
            2429, 2430, 2510, 2509, 2430, 2431, 2511, 2510, 2431, 2432, 2512, 2511, 2432, 2433, 2513, 2512,
            2433, 2434, 2514, 2513, 2434, 2435, 2515, 2514, 2435, 2436, 2516, 2515, 2436, 2437, 2517, 2516,
            2437, 2438, 2518, 2517, 2438, 2439, 2519, 2518, 2439, 2440, 2520, 2519, 2440, 2441, 2521, 2520,
            2441, 2442, 2522, 2521, 2442, 2443, 2523, 2522, 2443, 2444, 2524, 2523, 2444, 2445, 2525, 2524,
            2445, 2446, 2526, 2525, 2446, 2447, 2527, 2526, 2447, 2448, 2528, 2527, 2448, 2449, 2529, 2528,
            2449, 2450, 2530, 2529, 2450, 2451, 2531, 2530, 2451, 2452, 2532, 2531, 2452, 2453, 2533, 2532,
            2453, 2454, 2534, 2533, 2454, 2455, 2535, 2534, 2455, 2456, 2536, 2535, 2456, 2457, 2537, 2536,
            2457, 2458, 2538, 2537, 2458, 2459, 2539, 2538, 2459, 2460, 2540, 2539, 2460, 2461, 2541, 2540,
            2461, 2462, 2542, 2541, 2462, 2463, 2543, 2542, 2463, 2464, 2544, 2543, 2464, 2465, 2545, 2544,
            2465, 2466, 2546, 2545, 2466, 2467, 2547, 2546, 2467, 2468, 2548, 2547, 2468, 2469, 2549, 2548,
            2469, 2470, 2550, 2549, 2470, 2471, 2551, 2550, 2471, 2472, 2552, 2551, 2472, 2473, 2553, 2552,
            2473, 2474, 2554, 2553, 2474, 2475, 2555, 2554, 2475, 2476, 2556, 2555, 2476, 2477, 2557, 2556,
            2477, 2478, 2558, 2557, 2478, 2479, 2559, 2558, 2479, 2480, 2560, 2559, 2480, 2401, 2481, 2560,
            2481, 2482, 2562, 2561, 2482, 2483, 2563, 2562, 2483, 2484, 2564, 2563, 2484, 2485, 2565, 2564,
            2485, 2486, 2566, 2565, 2486, 2487, 2567, 2566, 2487, 2488, 2568, 2567, 2488, 2489, 2569, 2568,
            2489, 2490, 2570, 2569, 2490, 2491, 2571, 2570, 2491, 2492, 2572, 2571, 2492, 2493, 2573, 2572,
            2493, 2494, 2574, 2573, 2494, 2495, 2575, 2574, 2495, 2496, 2576, 2575, 2496, 2497, 2577, 2576,
            2497, 2498, 2578, 2577, 2498, 2499, 2579, 2578, 2499, 2500, 2580, 2579, 2500, 2501, 2581, 2580,
            2501, 2502, 2582, 2581, 2502, 2503, 2583, 2582, 2503, 2504, 2584, 2583, 2504, 2505, 2585, 2584,
            2505, 2506, 2586, 2585, 2506, 2507, 2587, 2586, 2507, 2508, 2588, 2587, 2508, 2509, 2589, 2588,
            2509, 2510, 2590, 2589, 2510, 2511, 2591, 2590, 2511, 2512, 2592, 2591, 2512, 2513, 2593, 2592,
            2513, 2514, 2594, 2593, 2514, 2515, 2595, 2594, 2515, 2516, 2596, 2595, 2516, 2517, 2597, 2596,
            2517, 2518, 2598, 2597, 2518, 2519, 2599, 2598, 2519, 2520, 2600, 2599, 2520, 2521, 2601, 2600,
            2521, 2522, 2602, 2601, 2522, 2523, 2603, 2602, 2523, 2524, 2604, 2603, 2524, 2525, 2605, 2604,
            2525, 2526, 2606, 2605, 2526, 2527, 2607, 2606, 2527, 2528, 2608, 2607, 2528, 2529, 2609, 2608,
            2529, 2530, 2610, 2609, 2530, 2531, 2611, 2610, 2531, 2532, 2612, 2611, 2532, 2533, 2613, 2612,
            2533, 2534, 2614, 2613, 2534, 2535, 2615, 2614, 2535, 2536, 2616, 2615, 2536, 2537, 2617, 2616,
            2537, 2538, 2618, 2617, 2538, 2539, 2619, 2618, 2539, 2540, 2620, 2619, 2540, 2541, 2621, 2620,
            2541, 2542, 2622, 2621, 2542, 2543, 2623, 2622, 2543, 2544, 2624, 2623, 2544, 2545, 2625, 2624,
            2545, 2546, 2626, 2625, 2546, 2547, 2627, 2626, 2547, 2548, 2628, 2627, 2548, 2549, 2629, 2628,
            2549, 2550, 2630, 2629, 2550, 2551, 2631, 2630, 2551, 2552, 2632, 2631, 2552, 2553, 2633, 2632,
            2553, 2554, 2634, 2633, 2554, 2555, 2635, 2634, 2555, 2556, 2636, 2635, 2556, 2557, 2637, 2636,
            2557, 2558, 2638, 2637, 2558, 2559, 2639, 2638, 2559, 2560, 2640, 2639, 2560, 2481, 2561, 2640,
            2561, 2562, 2642, 2641, 2562, 2563, 2643, 2642, 2563, 2564, 2644, 2643, 2564, 2565, 2645, 2644,
            2565, 2566, 2646, 2645, 2566, 2567, 2647, 2646, 2567, 2568, 2648, 2647, 2568, 2569, 2649, 2648,
            2569, 2570, 2650, 2649, 2570, 2571, 2651, 2650, 2571, 2572, 2652, 2651, 2572, 2573, 2653, 2652,
            2573, 2574, 2654, 2653, 2574, 2575, 2655, 2654, 2575, 2576, 2656, 2655, 2576, 2577, 2657, 2656,
            2577, 2578, 2658, 2657, 2578, 2579, 2659, 2658, 2579, 2580, 2660, 2659, 2580, 2581, 2661, 2660,
            2581, 2582, 2662, 2661, 2582, 2583, 2663, 2662, 2583, 2584, 2664, 2663, 2584, 2585, 2665, 2664,
            2585, 2586, 2666, 2665, 2586, 2587, 2667, 2666, 2587, 2588, 2668, 2667, 2588, 2589, 2669, 2668,
            2589, 2590, 2670, 2669, 2590, 2591, 2671, 2670, 2591, 2592, 2672, 2671, 2592, 2593, 2673, 2672,
            2593, 2594, 2674, 2673, 2594, 2595, 2675, 2674, 2595, 2596, 2676, 2675, 2596, 2597, 2677, 2676,
            2597, 2598, 2678, 2677, 2598, 2599, 2679, 2678, 2599, 2600, 2680, 2679, 2600, 2601, 2681, 2680,
            2601, 2602, 2682, 2681, 2602, 2603, 2683, 2682, 2603, 2604, 2684, 2683, 2604, 2605, 2685, 2684,
            2605, 2606, 2686, 2685, 2606, 2607, 2687, 2686, 2607, 2608, 2688, 2687, 2608, 2609, 2689, 2688,
            2609, 2610, 2690, 2689, 2610, 2611, 2691, 2690, 2611, 2612, 2692, 2691, 2612, 2613, 2693, 2692,
            2613, 2614, 2694, 2693, 2614, 2615, 2695, 2694, 2615, 2616, 2696, 2695, 2616, 2617, 2697, 2696,
            2617, 2618, 2698, 2697, 2618, 2619, 2699, 2698, 2619, 2620, 2700, 2699, 2620, 2621, 2701, 2700,
            2621, 2622, 2702, 2701, 2622, 2623, 2703, 2702, 2623, 2624, 2704, 2703, 2624, 2625, 2705, 2704,
            2625, 2626, 2706, 2705, 2626, 2627, 2707, 2706, 2627, 2628, 2708, 2707, 2628, 2629, 2709, 2708,
            2629, 2630, 2710, 2709, 2630, 2631, 2711, 2710, 2631, 2632, 2712, 2711, 2632, 2633, 2713, 2712,
            2633, 2634, 2714, 2713, 2634, 2635, 2715, 2714, 2635, 2636, 2716, 2715, 2636, 2637, 2717, 2716,
            2637, 2638, 2718, 2717, 2638, 2639, 2719, 2718, 2639, 2640, 2720, 2719, 2640, 2561, 2641, 2720,
            2641, 2642, 2722, 2721, 2642, 2643, 2723, 2722, 2643, 2644, 2724, 2723, 2644, 2645, 2725, 2724,
            2645, 2646, 2726, 2725, 2646, 2647, 2727, 2726, 2647, 2648, 2728, 2727, 2648, 2649, 2729, 2728,
            2649, 2650, 2730, 2729, 2650, 2651, 2731, 2730, 2651, 2652, 2732, 2731, 2652, 2653, 2733, 2732,
            2653, 2654, 2734, 2733, 2654, 2655, 2735, 2734, 2655, 2656, 2736, 2735, 2656, 2657, 2737, 2736,
            2657, 2658, 2738, 2737, 2658, 2659, 2739, 2738, 2659, 2660, 2740, 2739, 2660, 2661, 2741, 2740,
            2661, 2662, 2742, 2741, 2662, 2663, 2743, 2742, 2663, 2664, 2744, 2743, 2664, 2665, 2745, 2744,
            2665, 2666, 2746, 2745, 2666, 2667, 2747, 2746, 2667, 2668, 2748, 2747, 2668, 2669, 2749, 2748,
            2669, 2670, 2750, 2749, 2670, 2671, 2751, 2750, 2671, 2672, 2752, 2751, 2672, 2673, 2753, 2752,
            2673, 2674, 2754, 2753, 2674, 2675, 2755, 2754, 2675, 2676, 2756, 2755, 2676, 2677, 2757, 2756,
            2677, 2678, 2758, 2757, 2678, 2679, 2759, 2758, 2679, 2680, 2760, 2759, 2680, 2681, 2761, 2760,
            2681, 2682, 2762, 2761, 2682, 2683, 2763, 2762, 2683, 2684, 2764, 2763, 2684, 2685, 2765, 2764,
            2685, 2686, 2766, 2765, 2686, 2687, 2767, 2766, 2687, 2688, 2768, 2767, 2688, 2689, 2769, 2768,
            2689, 2690, 2770, 2769, 2690, 2691, 2771, 2770, 2691, 2692, 2772, 2771, 2692, 2693, 2773, 2772,
            2693, 2694, 2774, 2773, 2694, 2695, 2775, 2774, 2695, 2696, 2776, 2775, 2696, 2697, 2777, 2776,
            2697, 2698, 2778, 2777, 2698, 2699, 2779, 2778, 2699, 2700, 2780, 2779, 2700, 2701, 2781, 2780,
            2701, 2702, 2782, 2781, 2702, 2703, 2783, 2782, 2703, 2704, 2784, 2783, 2704, 2705, 2785, 2784,
            2705, 2706, 2786, 2785, 2706, 2707, 2787, 2786, 2707, 2708, 2788, 2787, 2708, 2709, 2789, 2788,
            2709, 2710, 2790, 2789, 2710, 2711, 2791, 2790, 2711, 2712, 2792, 2791, 2712, 2713, 2793, 2792,
            2713, 2714, 2794, 2793, 2714, 2715, 2795, 2794, 2715, 2716, 2796, 2795, 2716, 2717, 2797, 2796,
            2717, 2718, 2798, 2797, 2718, 2719, 2799, 2798, 2719, 2720, 2800, 2799, 2720, 2641, 2721, 2800,
            2721, 2722, 2802, 2801, 2722, 2723, 2803, 2802, 2723, 2724, 2804, 2803, 2724, 2725, 2805, 2804,
            2725, 2726, 2806, 2805, 2726, 2727, 2807, 2806, 2727, 2728, 2808, 2807, 2728, 2729, 2809, 2808,
            2729, 2730, 2810, 2809, 2730, 2731, 2811, 2810, 2731, 2732, 2812, 2811, 2732, 2733, 2813, 2812,
            2733, 2734, 2814, 2813, 2734, 2735, 2815, 2814, 2735, 2736, 2816, 2815, 2736, 2737, 2817, 2816,
            2737, 2738, 2818, 2817, 2738, 2739, 2819, 2818, 2739, 2740, 2820, 2819, 2740, 2741, 2821, 2820,
            2741, 2742, 2822, 2821, 2742, 2743, 2823, 2822, 2743, 2744, 2824, 2823, 2744, 2745, 2825, 2824,
            2745, 2746, 2826, 2825, 2746, 2747, 2827, 2826, 2747, 2748, 2828, 2827, 2748, 2749, 2829, 2828,
            2749, 2750, 2830, 2829, 2750, 2751, 2831, 2830, 2751, 2752, 2832, 2831, 2752, 2753, 2833, 2832,
            2753, 2754, 2834, 2833, 2754, 2755, 2835, 2834, 2755, 2756, 2836, 2835, 2756, 2757, 2837, 2836,
            2757, 2758, 2838, 2837, 2758, 2759, 2839, 2838, 2759, 2760, 2840, 2839, 2760, 2761, 2841, 2840,
            2761, 2762, 2842, 2841, 2762, 2763, 2843, 2842, 2763, 2764, 2844, 2843, 2764, 2765, 2845, 2844,
            2765, 2766, 2846, 2845, 2766, 2767, 2847, 2846, 2767, 2768, 2848, 2847, 2768, 2769, 2849, 2848,
            2769, 2770, 2850, 2849, 2770, 2771, 2851, 2850, 2771, 2772, 2852, 2851, 2772, 2773, 2853, 2852,
            2773, 2774, 2854, 2853, 2774, 2775, 2855, 2854, 2775, 2776, 2856, 2855, 2776, 2777, 2857, 2856,
            2777, 2778, 2858, 2857, 2778, 2779, 2859, 2858, 2779, 2780, 2860, 2859, 2780, 2781, 2861, 2860,
            2781, 2782, 2862, 2861, 2782, 2783, 2863, 2862, 2783, 2784, 2864, 2863, 2784, 2785, 2865, 2864,
            2785, 2786, 2866, 2865, 2786, 2787, 2867, 2866, 2787, 2788, 2868, 2867, 2788, 2789, 2869, 2868,
            2789, 2790, 2870, 2869, 2790, 2791, 2871, 2870, 2791, 2792, 2872, 2871, 2792, 2793, 2873, 2872,
            2793, 2794, 2874, 2873, 2794, 2795, 2875, 2874, 2795, 2796, 2876, 2875, 2796, 2797, 2877, 2876,
            2797, 2798, 2878, 2877, 2798, 2799, 2879, 2878, 2799, 2800, 2880, 2879, 2800, 2721, 2801, 2880,
            2801, 2802, 2882, 2881, 2802, 2803, 2883, 2882, 2803, 2804, 2884, 2883, 2804, 2805, 2885, 2884,
            2805, 2806, 2886, 2885, 2806, 2807, 2887, 2886, 2807, 2808, 2888, 2887, 2808, 2809, 2889, 2888,
            2809, 2810, 2890, 2889, 2810, 2811, 2891, 2890, 2811, 2812, 2892, 2891, 2812, 2813, 2893, 2892,
            2813, 2814, 2894, 2893, 2814, 2815, 2895, 2894, 2815, 2816, 2896, 2895, 2816, 2817, 2897, 2896,
            2817, 2818, 2898, 2897, 2818, 2819, 2899, 2898, 2819, 2820, 2900, 2899, 2820, 2821, 2901, 2900,
            2821, 2822, 2902, 2901, 2822, 2823, 2903, 2902, 2823, 2824, 2904, 2903, 2824, 2825, 2905, 2904,
            2825, 2826, 2906, 2905, 2826, 2827, 2907, 2906, 2827, 2828, 2908, 2907, 2828, 2829, 2909, 2908,
            2829, 2830, 2910, 2909, 2830, 2831, 2911, 2910, 2831, 2832, 2912, 2911, 2832, 2833, 2913, 2912,
            2833, 2834, 2914, 2913, 2834, 2835, 2915, 2914, 2835, 2836, 2916, 2915, 2836, 2837, 2917, 2916,
            2837, 2838, 2918, 2917, 2838, 2839, 2919, 2918, 2839, 2840, 2920, 2919, 2840, 2841, 2921, 2920,
            2841, 2842, 2922, 2921, 2842, 2843, 2923, 2922, 2843, 2844, 2924, 2923, 2844, 2845, 2925, 2924,
            2845, 2846, 2926, 2925, 2846, 2847, 2927, 2926, 2847, 2848, 2928, 2927, 2848, 2849, 2929, 2928,
            2849, 2850, 2930, 2929, 2850, 2851, 2931, 2930, 2851, 2852, 2932, 2931, 2852, 2853, 2933, 2932,
            2853, 2854, 2934, 2933, 2854, 2855, 2935, 2934, 2855, 2856, 2936, 2935, 2856, 2857, 2937, 2936,
            2857, 2858, 2938, 2937, 2858, 2859, 2939, 2938, 2859, 2860, 2940, 2939, 2860, 2861, 2941, 2940,
            2861, 2862, 2942, 2941, 2862, 2863, 2943, 2942, 2863, 2864, 2944, 2943, 2864, 2865, 2945, 2944,
            2865, 2866, 2946, 2945, 2866, 2867, 2947, 2946, 2867, 2868, 2948, 2947, 2868, 2869, 2949, 2948,
            2869, 2870, 2950, 2949, 2870, 2871, 2951, 2950, 2871, 2872, 2952, 2951, 2872, 2873, 2953, 2952,
            2873, 2874, 2954, 2953, 2874, 2875, 2955, 2954, 2875, 2876, 2956, 2955, 2876, 2877, 2957, 2956,
            2877, 2878, 2958, 2957, 2878, 2879, 2959, 2958, 2879, 2880, 2960, 2959, 2880, 2801, 2881, 2960,
            2881, 2882, 2962, 2961, 2882, 2883, 2963, 2962, 2883, 2884, 2964, 2963, 2884, 2885, 2965, 2964,
            2885, 2886, 2966, 2965, 2886, 2887, 2967, 2966, 2887, 2888, 2968, 2967, 2888, 2889, 2969, 2968,
            2889, 2890, 2970, 2969, 2890, 2891, 2971, 2970, 2891, 2892, 2972, 2971, 2892, 2893, 2973, 2972,
            2893, 2894, 2974, 2973, 2894, 2895, 2975, 2974, 2895, 2896, 2976, 2975, 2896, 2897, 2977, 2976,
            2897, 2898, 2978, 2977, 2898, 2899, 2979, 2978, 2899, 2900, 2980, 2979, 2900, 2901, 2981, 2980,
            2901, 2902, 2982, 2981, 2902, 2903, 2983, 2982, 2903, 2904, 2984, 2983, 2904, 2905, 2985, 2984,
            2905, 2906, 2986, 2985, 2906, 2907, 2987, 2986, 2907, 2908, 2988, 2987, 2908, 2909, 2989, 2988,
            2909, 2910, 2990, 2989, 2910, 2911, 2991, 2990, 2911, 2912, 2992, 2991, 2912, 2913, 2993, 2992,
            2913, 2914, 2994, 2993, 2914, 2915, 2995, 2994, 2915, 2916, 2996, 2995, 2916, 2917, 2997, 2996,
            2917, 2918, 2998, 2997, 2918, 2919, 2999, 2998, 2919, 2920, 3000, 2999, 2920, 2921, 3001, 3000,
            2921, 2922, 3002, 3001, 2922, 2923, 3003, 3002, 2923, 2924, 3004, 3003, 2924, 2925, 3005, 3004,
            2925, 2926, 3006, 3005, 2926, 2927, 3007, 3006, 2927, 2928, 3008, 3007, 2928, 2929, 3009, 3008,
            2929, 2930, 3010, 3009, 2930, 2931, 3011, 3010, 2931, 2932, 3012, 3011, 2932, 2933, 3013, 3012,
            2933, 2934, 3014, 3013, 2934, 2935, 3015, 3014, 2935, 2936, 3016, 3015, 2936, 2937, 3017, 3016,
            2937, 2938, 3018, 3017, 2938, 2939, 3019, 3018, 2939, 2940, 3020, 3019, 2940, 2941, 3021, 3020,
            2941, 2942, 3022, 3021, 2942, 2943, 3023, 3022, 2943, 2944, 3024, 3023, 2944, 2945, 3025, 3024,
            2945, 2946, 3026, 3025, 2946, 2947, 3027, 3026, 2947, 2948, 3028, 3027, 2948, 2949, 3029, 3028,
            2949, 2950, 3030, 3029, 2950, 2951, 3031, 3030, 2951, 2952, 3032, 3031, 2952, 2953, 3033, 3032,
            2953, 2954, 3034, 3033, 2954, 2955, 3035, 3034, 2955, 2956, 3036, 3035, 2956, 2957, 3037, 3036,
            2957, 2958, 3038, 3037, 2958, 2959, 3039, 3038, 2959, 2960, 3040, 3039, 2960, 2881, 2961, 3040,
            2961, 2962, 3042, 3041, 2962, 2963, 3043, 3042, 2963, 2964, 3044, 3043, 2964, 2965, 3045, 3044,
            2965, 2966, 3046, 3045, 2966, 2967, 3047, 3046, 2967, 2968, 3048, 3047, 2968, 2969, 3049, 3048,
            2969, 2970, 3050, 3049, 2970, 2971, 3051, 3050, 2971, 2972, 3052, 3051, 2972, 2973, 3053, 3052,
            2973, 2974, 3054, 3053, 2974, 2975, 3055, 3054, 2975, 2976, 3056, 3055, 2976, 2977, 3057, 3056,
            2977, 2978, 3058, 3057, 2978, 2979, 3059, 3058, 2979, 2980, 3060, 3059, 2980, 2981, 3061, 3060,
            2981, 2982, 3062, 3061, 2982, 2983, 3063, 3062, 2983, 2984, 3064, 3063, 2984, 2985, 3065, 3064,
            2985, 2986, 3066, 3065, 2986, 2987, 3067, 3066, 2987, 2988, 3068, 3067, 2988, 2989, 3069, 3068,
            2989, 2990, 3070, 3069, 2990, 2991, 3071, 3070, 2991, 2992, 3072, 3071, 2992, 2993, 3073, 3072,
            2993, 2994, 3074, 3073, 2994, 2995, 3075, 3074, 2995, 2996, 3076, 3075, 2996, 2997, 3077, 3076,
            2997, 2998, 3078, 3077, 2998, 2999, 3079, 3078, 2999, 3000, 3080, 3079, 3000, 3001, 3081, 3080,
            3001, 3002, 3082, 3081, 3002, 3003, 3083, 3082, 3003, 3004, 3084, 3083, 3004, 3005, 3085, 3084,
            3005, 3006, 3086, 3085, 3006, 3007, 3087, 3086, 3007, 3008, 3088, 3087, 3008, 3009, 3089, 3088,
            3009, 3010, 3090, 3089, 3010, 3011, 3091, 3090, 3011, 3012, 3092, 3091, 3012, 3013, 3093, 3092,
            3013, 3014, 3094, 3093, 3014, 3015, 3095, 3094, 3015, 3016, 3096, 3095, 3016, 3017, 3097, 3096,
            3017, 3018, 3098, 3097, 3018, 3019, 3099, 3098, 3019, 3020, 3100, 3099, 3020, 3021, 3101, 3100,
            3021, 3022, 3102, 3101, 3022, 3023, 3103, 3102, 3023, 3024, 3104, 3103, 3024, 3025, 3105, 3104,
            3025, 3026, 3106, 3105, 3026, 3027, 3107, 3106, 3027, 3028, 3108, 3107, 3028, 3029, 3109, 3108,
            3029, 3030, 3110, 3109, 3030, 3031, 3111, 3110, 3031, 3032, 3112, 3111, 3032, 3033, 3113, 3112,
            3033, 3034, 3114, 3113, 3034, 3035, 3115, 3114, 3035, 3036, 3116, 3115, 3036, 3037, 3117, 3116,
            3037, 3038, 3118, 3117, 3038, 3039, 3119, 3118, 3039, 3040, 3120, 3119, 3040, 2961, 3041, 3120,
            3041, 3042, 3122, 3121, 3042, 3043, 3123, 3122, 3043, 3044, 3124, 3123, 3044, 3045, 3125, 3124,
            3045, 3046, 3126, 3125, 3046, 3047, 3127, 3126, 3047, 3048, 3128, 3127, 3048, 3049, 3129, 3128,
            3049, 3050, 3130, 3129, 3050, 3051, 3131, 3130, 3051, 3052, 3132, 3131, 3052, 3053, 3133, 3132,
            3053, 3054, 3134, 3133, 3054, 3055, 3135, 3134, 3055, 3056, 3136, 3135, 3056, 3057, 3137, 3136,
            3057, 3058, 3138, 3137, 3058, 3059, 3139, 3138, 3059, 3060, 3140, 3139, 3060, 3061, 3141, 3140,
            3061, 3062, 3142, 3141, 3062, 3063, 3143, 3142, 3063, 3064, 3144, 3143, 3064, 3065, 3145, 3144,
            3065, 3066, 3146, 3145, 3066, 3067, 3147, 3146, 3067, 3068, 3148, 3147, 3068, 3069, 3149, 3148,
            3069, 3070, 3150, 3149, 3070, 3071, 3151, 3150, 3071, 3072, 3152, 3151, 3072, 3073, 3153, 3152,
            3073, 3074, 3154, 3153, 3074, 3075, 3155, 3154, 3075, 3076, 3156, 3155, 3076, 3077, 3157, 3156,
            3077, 3078, 3158, 3157, 3078, 3079, 3159, 3158, 3079, 3080, 3160, 3159, 3080, 3081, 3161, 3160,
            3081, 3082, 3162, 3161, 3082, 3083, 3163, 3162, 3083, 3084, 3164, 3163, 3084, 3085, 3165, 3164,
            3085, 3086, 3166, 3165, 3086, 3087, 3167, 3166, 3087, 3088, 3168, 3167, 3088, 3089, 3169, 3168,
            3089, 3090, 3170, 3169, 3090, 3091, 3171, 3170, 3091, 3092, 3172, 3171, 3092, 3093, 3173, 3172,
            3093, 3094, 3174, 3173, 3094, 3095, 3175, 3174, 3095, 3096, 3176, 3175, 3096, 3097, 3177, 3176,
            3097, 3098, 3178, 3177, 3098, 3099, 3179, 3178, 3099, 3100, 3180, 3179, 3100, 3101, 3181, 3180,
            3101, 3102, 3182, 3181, 3102, 3103, 3183, 3182, 3103, 3104, 3184, 3183, 3104, 3105, 3185, 3184,
            3105, 3106, 3186, 3185, 3106, 3107, 3187, 3186, 3107, 3108, 3188, 3187, 3108, 3109, 3189, 3188,
            3109, 3110, 3190, 3189, 3110, 3111, 3191, 3190, 3111, 3112, 3192, 3191, 3112, 3113, 3193, 3192,
            3113, 3114, 3194, 3193, 3114, 3115, 3195, 3194, 3115, 3116, 3196, 3195, 3116, 3117, 3197, 3196,
            3117, 3118, 3198, 3197, 3118, 3119, 3199, 3198, 3119, 3120, 3200, 3199, 3120, 3041, 3121, 3200,
            3121, 3122, 3202, 3201, 3122, 3123, 3203, 3202, 3123, 3124, 3204, 3203, 3124, 3125, 3205, 3204,
            3125, 3126, 3206, 3205, 3126, 3127, 3207, 3206, 3127, 3128, 3208, 3207, 3128, 3129, 3209, 3208,
            3129, 3130, 3210, 3209, 3130, 3131, 3211, 3210, 3131, 3132, 3212, 3211, 3132, 3133, 3213, 3212,
            3133, 3134, 3214, 3213, 3134, 3135, 3215, 3214, 3135, 3136, 3216, 3215, 3136, 3137, 3217, 3216,
            3137, 3138, 3218, 3217, 3138, 3139, 3219, 3218, 3139, 3140, 3220, 3219, 3140, 3141, 3221, 3220,
            3141, 3142, 3222, 3221, 3142, 3143, 3223, 3222, 3143, 3144, 3224, 3223, 3144, 3145, 3225, 3224,
            3145, 3146, 3226, 3225, 3146, 3147, 3227, 3226, 3147, 3148, 3228, 3227, 3148, 3149, 3229, 3228,
            3149, 3150, 3230, 3229, 3150, 3151, 3231, 3230, 3151, 3152, 3232, 3231, 3152, 3153, 3233, 3232,
            3153, 3154, 3234, 3233, 3154, 3155, 3235, 3234, 3155, 3156, 3236, 3235, 3156, 3157, 3237, 3236,
            3157, 3158, 3238, 3237, 3158, 3159, 3239, 3238, 3159, 3160, 3240, 3239, 3160, 3161, 3241, 3240,
            3161, 3162, 3242, 3241, 3162, 3163, 3243, 3242, 3163, 3164, 3244, 3243, 3164, 3165, 3245, 3244,
            3165, 3166, 3246, 3245, 3166, 3167, 3247, 3246, 3167, 3168, 3248, 3247, 3168, 3169, 3249, 3248,
            3169, 3170, 3250, 3249, 3170, 3171, 3251, 3250, 3171, 3172, 3252, 3251, 3172, 3173, 3253, 3252,
            3173, 3174, 3254, 3253, 3174, 3175, 3255, 3254, 3175, 3176, 3256, 3255, 3176, 3177, 3257, 3256,
            3177, 3178, 3258, 3257, 3178, 3179, 3259, 3258, 3179, 3180, 3260, 3259, 3180, 3181, 3261, 3260,
            3181, 3182, 3262, 3261, 3182, 3183, 3263, 3262, 3183, 3184, 3264, 3263, 3184, 3185, 3265, 3264,
            3185, 3186, 3266, 3265, 3186, 3187, 3267, 3266, 3187, 3188, 3268, 3267, 3188, 3189, 3269, 3268,
            3189, 3190, 3270, 3269, 3190, 3191, 3271, 3270, 3191, 3192, 3272, 3271, 3192, 3193, 3273, 3272,
            3193, 3194, 3274, 3273, 3194, 3195, 3275, 3274, 3195, 3196, 3276, 3275, 3196, 3197, 3277, 3276,
            3197, 3198, 3278, 3277, 3198, 3199, 3279, 3278, 3199, 3200, 3280, 3279, 3200, 3121, 3201, 3280,
            3201, 3202, 3282, 3281, 3202, 3203, 3283, 3282, 3203, 3204, 3284, 3283, 3204, 3205, 3285, 3284,
            3205, 3206, 3286, 3285, 3206, 3207, 3287, 3286, 3207, 3208, 3288, 3287, 3208, 3209, 3289, 3288,
            3209, 3210, 3290, 3289, 3210, 3211, 3291, 3290, 3211, 3212, 3292, 3291, 3212, 3213, 3293, 3292,
            3213, 3214, 3294, 3293, 3214, 3215, 3295, 3294, 3215, 3216, 3296, 3295, 3216, 3217, 3297, 3296,
            3217, 3218, 3298, 3297, 3218, 3219, 3299, 3298, 3219, 3220, 3300, 3299, 3220, 3221, 3301, 3300,
            3221, 3222, 3302, 3301, 3222, 3223, 3303, 3302, 3223, 3224, 3304, 3303, 3224, 3225, 3305, 3304,
            3225, 3226, 3306, 3305, 3226, 3227, 3307, 3306, 3227, 3228, 3308, 3307, 3228, 3229, 3309, 3308,
            3229, 3230, 3310, 3309, 3230, 3231, 3311, 3310, 3231, 3232, 3312, 3311, 3232, 3233, 3313, 3312,
            3233, 3234, 3314, 3313, 3234, 3235, 3315, 3314, 3235, 3236, 3316, 3315, 3236, 3237, 3317, 3316,
            3237, 3238, 3318, 3317, 3238, 3239, 3319, 3318, 3239, 3240, 3320, 3319, 3240, 3241, 3321, 3320,
            3241, 3242, 3322, 3321, 3242, 3243, 3323, 3322, 3243, 3244, 3324, 3323, 3244, 3245, 3325, 3324,
            3245, 3246, 3326, 3325, 3246, 3247, 3327, 3326, 3247, 3248, 3328, 3327, 3248, 3249, 3329, 3328,
            3249, 3250, 3330, 3329, 3250, 3251, 3331, 3330, 3251, 3252, 3332, 3331, 3252, 3253, 3333, 3332,
            3253, 3254, 3334, 3333, 3254, 3255, 3335, 3334, 3255, 3256, 3336, 3335, 3256, 3257, 3337, 3336,
            3257, 3258, 3338, 3337, 3258, 3259, 3339, 3338, 3259, 3260, 3340, 3339, 3260, 3261, 3341, 3340,
            3261, 3262, 3342, 3341, 3262, 3263, 3343, 3342, 3263, 3264, 3344, 3343, 3264, 3265, 3345, 3344,
            3265, 3266, 3346, 3345, 3266, 3267, 3347, 3346, 3267, 3268, 3348, 3347, 3268, 3269, 3349, 3348,
            3269, 3270, 3350, 3349, 3270, 3271, 3351, 3350, 3271, 3272, 3352, 3351, 3272, 3273, 3353, 3352,
            3273, 3274, 3354, 3353, 3274, 3275, 3355, 3354, 3275, 3276, 3356, 3355, 3276, 3277, 3357, 3356,
            3277, 3278, 3358, 3357, 3278, 3279, 3359, 3358, 3279, 3280, 3360, 3359, 3280, 3201, 3281, 3360,
            3281, 3282, 3362, 3361, 3282, 3283, 3363, 3362, 3283, 3284, 3364, 3363, 3284, 3285, 3365, 3364,
            3285, 3286, 3366, 3365, 3286, 3287, 3367, 3366, 3287, 3288, 3368, 3367, 3288, 3289, 3369, 3368,
            3289, 3290, 3370, 3369, 3290, 3291, 3371, 3370, 3291, 3292, 3372, 3371, 3292, 3293, 3373, 3372,
            3293, 3294, 3374, 3373, 3294, 3295, 3375, 3374, 3295, 3296, 3376, 3375, 3296, 3297, 3377, 3376,
            3297, 3298, 3378, 3377, 3298, 3299, 3379, 3378, 3299, 3300, 3380, 3379, 3300, 3301, 3381, 3380,
            3301, 3302, 3382, 3381, 3302, 3303, 3383, 3382, 3303, 3304, 3384, 3383, 3304, 3305, 3385, 3384,
            3305, 3306, 3386, 3385, 3306, 3307, 3387, 3386, 3307, 3308, 3388, 3387, 3308, 3309, 3389, 3388,
            3309, 3310, 3390, 3389, 3310, 3311, 3391, 3390, 3311, 3312, 3392, 3391, 3312, 3313, 3393, 3392,
            3313, 3314, 3394, 3393, 3314, 3315, 3395, 3394, 3315, 3316, 3396, 3395, 3316, 3317, 3397, 3396,
            3317, 3318, 3398, 3397, 3318, 3319, 3399, 3398, 3319, 3320, 3400, 3399, 3320, 3321, 3401, 3400,
            3321, 3322, 3402, 3401, 3322, 3323, 3403, 3402, 3323, 3324, 3404, 3403, 3324, 3325, 3405, 3404,
            3325, 3326, 3406, 3405, 3326, 3327, 3407, 3406, 3327, 3328, 3408, 3407, 3328, 3329, 3409, 3408,
            3329, 3330, 3410, 3409, 3330, 3331, 3411, 3410, 3331, 3332, 3412, 3411, 3332, 3333, 3413, 3412,
            3333, 3334, 3414, 3413, 3334, 3335, 3415, 3414, 3335, 3336, 3416, 3415, 3336, 3337, 3417, 3416,
            3337, 3338, 3418, 3417, 3338, 3339, 3419, 3418, 3339, 3340, 3420, 3419, 3340, 3341, 3421, 3420,
            3341, 3342, 3422, 3421, 3342, 3343, 3423, 3422, 3343, 3344, 3424, 3423, 3344, 3345, 3425, 3424,
            3345, 3346, 3426, 3425, 3346, 3347, 3427, 3426, 3347, 3348, 3428, 3427, 3348, 3349, 3429, 3428,
            3349, 3350, 3430, 3429, 3350, 3351, 3431, 3430, 3351, 3352, 3432, 3431, 3352, 3353, 3433, 3432,
            3353, 3354, 3434, 3433, 3354, 3355, 3435, 3434, 3355, 3356, 3436, 3435, 3356, 3357, 3437, 3436,
            3357, 3358, 3438, 3437, 3358, 3359, 3439, 3438, 3359, 3360, 3440, 3439, 3360, 3281, 3361, 3440,
            3361, 3362, 3442, 3441, 3362, 3363, 3443, 3442, 3363, 3364, 3444, 3443, 3364, 3365, 3445, 3444,
            3365, 3366, 3446, 3445, 3366, 3367, 3447, 3446, 3367, 3368, 3448, 3447, 3368, 3369, 3449, 3448,
            3369, 3370, 3450, 3449, 3370, 3371, 3451, 3450, 3371, 3372, 3452, 3451, 3372, 3373, 3453, 3452,
            3373, 3374, 3454, 3453, 3374, 3375, 3455, 3454, 3375, 3376, 3456, 3455, 3376, 3377, 3457, 3456,
            3377, 3378, 3458, 3457, 3378, 3379, 3459, 3458, 3379, 3380, 3460, 3459, 3380, 3381, 3461, 3460,
            3381, 3382, 3462, 3461, 3382, 3383, 3463, 3462, 3383, 3384, 3464, 3463, 3384, 3385, 3465, 3464,
            3385, 3386, 3466, 3465, 3386, 3387, 3467, 3466, 3387, 3388, 3468, 3467, 3388, 3389, 3469, 3468,
            3389, 3390, 3470, 3469, 3390, 3391, 3471, 3470, 3391, 3392, 3472, 3471, 3392, 3393, 3473, 3472,
            3393, 3394, 3474, 3473, 3394, 3395, 3475, 3474, 3395, 3396, 3476, 3475, 3396, 3397, 3477, 3476,
            3397, 3398, 3478, 3477, 3398, 3399, 3479, 3478, 3399, 3400, 3480, 3479, 3400, 3401, 3481, 3480,
            3401, 3402, 3482, 3481, 3402, 3403, 3483, 3482, 3403, 3404, 3484, 3483, 3404, 3405, 3485, 3484,
            3405, 3406, 3486, 3485, 3406, 3407, 3487, 3486, 3407, 3408, 3488, 3487, 3408, 3409, 3489, 3488,
            3409, 3410, 3490, 3489, 3410, 3411, 3491, 3490, 3411, 3412, 3492, 3491, 3412, 3413, 3493, 3492,
            3413, 3414, 3494, 3493, 3414, 3415, 3495, 3494, 3415, 3416, 3496, 3495, 3416, 3417, 3497, 3496,
            3417, 3418, 3498, 3497, 3418, 3419, 3499, 3498, 3419, 3420, 3500, 3499, 3420, 3421, 3501, 3500,
            3421, 3422, 3502, 3501, 3422, 3423, 3503, 3502, 3423, 3424, 3504, 3503, 3424, 3425, 3505, 3504,
            3425, 3426, 3506, 3505, 3426, 3427, 3507, 3506, 3427, 3428, 3508, 3507, 3428, 3429, 3509, 3508,
            3429, 3430, 3510, 3509, 3430, 3431, 3511, 3510, 3431, 3432, 3512, 3511, 3432, 3433, 3513, 3512,
            3433, 3434, 3514, 3513, 3434, 3435, 3515, 3514, 3435, 3436, 3516, 3515, 3436, 3437, 3517, 3516,
            3437, 3438, 3518, 3517, 3438, 3439, 3519, 3518, 3439, 3440, 3520, 3519, 3440, 3361, 3441, 3520,
            3441, 3442, 3522, 3521, 3442, 3443, 3523, 3522, 3443, 3444, 3524, 3523, 3444, 3445, 3525, 3524,
            3445, 3446, 3526, 3525, 3446, 3447, 3527, 3526, 3447, 3448, 3528, 3527, 3448, 3449, 3529, 3528,
            3449, 3450, 3530, 3529, 3450, 3451, 3531, 3530, 3451, 3452, 3532, 3531, 3452, 3453, 3533, 3532,
            3453, 3454, 3534, 3533, 3454, 3455, 3535, 3534, 3455, 3456, 3536, 3535, 3456, 3457, 3537, 3536,
            3457, 3458, 3538, 3537, 3458, 3459, 3539, 3538, 3459, 3460, 3540, 3539, 3460, 3461, 3541, 3540,
            3461, 3462, 3542, 3541, 3462, 3463, 3543, 3542, 3463, 3464, 3544, 3543, 3464, 3465, 3545, 3544,
            3465, 3466, 3546, 3545, 3466, 3467, 3547, 3546, 3467, 3468, 3548, 3547, 3468, 3469, 3549, 3548,
            3469, 3470, 3550, 3549, 3470, 3471, 3551, 3550, 3471, 3472, 3552, 3551, 3472, 3473, 3553, 3552,
            3473, 3474, 3554, 3553, 3474, 3475, 3555, 3554, 3475, 3476, 3556, 3555, 3476, 3477, 3557, 3556,
            3477, 3478, 3558, 3557, 3478, 3479, 3559, 3558, 3479, 3480, 3560, 3559, 3480, 3481, 3561, 3560,
            3481, 3482, 3562, 3561, 3482, 3483, 3563, 3562, 3483, 3484, 3564, 3563, 3484, 3485, 3565, 3564,
            3485, 3486, 3566, 3565, 3486, 3487, 3567, 3566, 3487, 3488, 3568, 3567, 3488, 3489, 3569, 3568,
            3489, 3490, 3570, 3569, 3490, 3491, 3571, 3570, 3491, 3492, 3572, 3571, 3492, 3493, 3573, 3572,
            3493, 3494, 3574, 3573, 3494, 3495, 3575, 3574, 3495, 3496, 3576, 3575, 3496, 3497, 3577, 3576,
            3497, 3498, 3578, 3577, 3498, 3499, 3579, 3578, 3499, 3500, 3580, 3579, 3500, 3501, 3581, 3580,
            3501, 3502, 3582, 3581, 3502, 3503, 3583, 3582, 3503, 3504, 3584, 3583, 3504, 3505, 3585, 3584,
            3505, 3506, 3586, 3585, 3506, 3507, 3587, 3586, 3507, 3508, 3588, 3587, 3508, 3509, 3589, 3588,
            3509, 3510, 3590, 3589, 3510, 3511, 3591, 3590, 3511, 3512, 3592, 3591, 3512, 3513, 3593, 3592,
            3513, 3514, 3594, 3593, 3514, 3515, 3595, 3594, 3515, 3516, 3596, 3595, 3516, 3517, 3597, 3596,
            3517, 3518, 3598, 3597, 3518, 3519, 3599, 3598, 3519, 3520, 3600, 3599, 3520, 3441, 3521, 3600,
            3521, 3522, 3602, 3601, 3522, 3523, 3603, 3602, 3523, 3524, 3604, 3603, 3524, 3525, 3605, 3604,
            3525, 3526, 3606, 3605, 3526, 3527, 3607, 3606, 3527, 3528, 3608, 3607, 3528, 3529, 3609, 3608,
            3529, 3530, 3610, 3609, 3530, 3531, 3611, 3610, 3531, 3532, 3612, 3611, 3532, 3533, 3613, 3612,
            3533, 3534, 3614, 3613, 3534, 3535, 3615, 3614, 3535, 3536, 3616, 3615, 3536, 3537, 3617, 3616,
            3537, 3538, 3618, 3617, 3538, 3539, 3619, 3618, 3539, 3540, 3620, 3619, 3540, 3541, 3621, 3620,
            3541, 3542, 3622, 3621, 3542, 3543, 3623, 3622, 3543, 3544, 3624, 3623, 3544, 3545, 3625, 3624,
            3545, 3546, 3626, 3625, 3546, 3547, 3627, 3626, 3547, 3548, 3628, 3627, 3548, 3549, 3629, 3628,
            3549, 3550, 3630, 3629, 3550, 3551, 3631, 3630, 3551, 3552, 3632, 3631, 3552, 3553, 3633, 3632,
            3553, 3554, 3634, 3633, 3554, 3555, 3635, 3634, 3555, 3556, 3636, 3635, 3556, 3557, 3637, 3636,
            3557, 3558, 3638, 3637, 3558, 3559, 3639, 3638, 3559, 3560, 3640, 3639, 3560, 3561, 3641, 3640,
            3561, 3562, 3642, 3641, 3562, 3563, 3643, 3642, 3563, 3564, 3644, 3643, 3564, 3565, 3645, 3644,
            3565, 3566, 3646, 3645, 3566, 3567, 3647, 3646, 3567, 3568, 3648, 3647, 3568, 3569, 3649, 3648,
            3569, 3570, 3650, 3649, 3570, 3571, 3651, 3650, 3571, 3572, 3652, 3651, 3572, 3573, 3653, 3652,
            3573, 3574, 3654, 3653, 3574, 3575, 3655, 3654, 3575, 3576, 3656, 3655, 3576, 3577, 3657, 3656,
            3577, 3578, 3658, 3657, 3578, 3579, 3659, 3658, 3579, 3580, 3660, 3659, 3580, 3581, 3661, 3660,
            3581, 3582, 3662, 3661, 3582, 3583, 3663, 3662, 3583, 3584, 3664, 3663, 3584, 3585, 3665, 3664,
            3585, 3586, 3666, 3665, 3586, 3587, 3667, 3666, 3587, 3588, 3668, 3667, 3588, 3589, 3669, 3668,
            3589, 3590, 3670, 3669, 3590, 3591, 3671, 3670, 3591, 3592, 3672, 3671, 3592, 3593, 3673, 3672,
            3593, 3594, 3674, 3673, 3594, 3595, 3675, 3674, 3595, 3596, 3676, 3675, 3596, 3597, 3677, 3676,
            3597, 3598, 3678, 3677, 3598, 3599, 3679, 3678, 3599, 3600, 3680, 3679, 3600, 3521, 3601, 3680,
            3601, 3602, 3682, 3681, 3602, 3603, 3683, 3682, 3603, 3604, 3684, 3683, 3604, 3605, 3685, 3684,
            3605, 3606, 3686, 3685, 3606, 3607, 3687, 3686, 3607, 3608, 3688, 3687, 3608, 3609, 3689, 3688,
            3609, 3610, 3690, 3689, 3610, 3611, 3691, 3690, 3611, 3612, 3692, 3691, 3612, 3613, 3693, 3692,
            3613, 3614, 3694, 3693, 3614, 3615, 3695, 3694, 3615, 3616, 3696, 3695, 3616, 3617, 3697, 3696,
            3617, 3618, 3698, 3697, 3618, 3619, 3699, 3698, 3619, 3620, 3700, 3699, 3620, 3621, 3701, 3700,
            3621, 3622, 3702, 3701, 3622, 3623, 3703, 3702, 3623, 3624, 3704, 3703, 3624, 3625, 3705, 3704,
            3625, 3626, 3706, 3705, 3626, 3627, 3707, 3706, 3627, 3628, 3708, 3707, 3628, 3629, 3709, 3708,
            3629, 3630, 3710, 3709, 3630, 3631, 3711, 3710, 3631, 3632, 3712, 3711, 3632, 3633, 3713, 3712,
            3633, 3634, 3714, 3713, 3634, 3635, 3715, 3714, 3635, 3636, 3716, 3715, 3636, 3637, 3717, 3716,
            3637, 3638, 3718, 3717, 3638, 3639, 3719, 3718, 3639, 3640, 3720, 3719, 3640, 3641, 3721, 3720,
            3641, 3642, 3722, 3721, 3642, 3643, 3723, 3722, 3643, 3644, 3724, 3723, 3644, 3645, 3725, 3724,
            3645, 3646, 3726, 3725, 3646, 3647, 3727, 3726, 3647, 3648, 3728, 3727, 3648, 3649, 3729, 3728,
            3649, 3650, 3730, 3729, 3650, 3651, 3731, 3730, 3651, 3652, 3732, 3731, 3652, 3653, 3733, 3732,
            3653, 3654, 3734, 3733, 3654, 3655, 3735, 3734, 3655, 3656, 3736, 3735, 3656, 3657, 3737, 3736,
            3657, 3658, 3738, 3737, 3658, 3659, 3739, 3738, 3659, 3660, 3740, 3739, 3660, 3661, 3741, 3740,
            3661, 3662, 3742, 3741, 3662, 3663, 3743, 3742, 3663, 3664, 3744, 3743, 3664, 3665, 3745, 3744,
            3665, 3666, 3746, 3745, 3666, 3667, 3747, 3746, 3667, 3668, 3748, 3747, 3668, 3669, 3749, 3748,
            3669, 3670, 3750, 3749, 3670, 3671, 3751, 3750, 3671, 3672, 3752, 3751, 3672, 3673, 3753, 3752,
            3673, 3674, 3754, 3753, 3674, 3675, 3755, 3754, 3675, 3676, 3756, 3755, 3676, 3677, 3757, 3756,
            3677, 3678, 3758, 3757, 3678, 3679, 3759, 3758, 3679, 3680, 3760, 3759, 3680, 3601, 3681, 3760,
            3681, 3682, 3762, 3761, 3682, 3683, 3763, 3762, 3683, 3684, 3764, 3763, 3684, 3685, 3765, 3764,
            3685, 3686, 3766, 3765, 3686, 3687, 3767, 3766, 3687, 3688, 3768, 3767, 3688, 3689, 3769, 3768,
            3689, 3690, 3770, 3769, 3690, 3691, 3771, 3770, 3691, 3692, 3772, 3771, 3692, 3693, 3773, 3772,
            3693, 3694, 3774, 3773, 3694, 3695, 3775, 3774, 3695, 3696, 3776, 3775, 3696, 3697, 3777, 3776,
            3697, 3698, 3778, 3777, 3698, 3699, 3779, 3778, 3699, 3700, 3780, 3779, 3700, 3701, 3781, 3780,
            3701, 3702, 3782, 3781, 3702, 3703, 3783, 3782, 3703, 3704, 3784, 3783, 3704, 3705, 3785, 3784,
            3705, 3706, 3786, 3785, 3706, 3707, 3787, 3786, 3707, 3708, 3788, 3787, 3708, 3709, 3789, 3788,
            3709, 3710, 3790, 3789, 3710, 3711, 3791, 3790, 3711, 3712, 3792, 3791, 3712, 3713, 3793, 3792,
            3713, 3714, 3794, 3793, 3714, 3715, 3795, 3794, 3715, 3716, 3796, 3795, 3716, 3717, 3797, 3796,
            3717, 3718, 3798, 3797, 3718, 3719, 3799, 3798, 3719, 3720, 3800, 3799, 3720, 3721, 3801, 3800,
            3721, 3722, 3802, 3801, 3722, 3723, 3803, 3802, 3723, 3724, 3804, 3803, 3724, 3725, 3805, 3804,
            3725, 3726, 3806, 3805, 3726, 3727, 3807, 3806, 3727, 3728, 3808, 3807, 3728, 3729, 3809, 3808,
            3729, 3730, 3810, 3809, 3730, 3731, 3811, 3810, 3731, 3732, 3812, 3811, 3732, 3733, 3813, 3812,
            3733, 3734, 3814, 3813, 3734, 3735, 3815, 3814, 3735, 3736, 3816, 3815, 3736, 3737, 3817, 3816,
            3737, 3738, 3818, 3817, 3738, 3739, 3819, 3818, 3739, 3740, 3820, 3819, 3740, 3741, 3821, 3820,
            3741, 3742, 3822, 3821, 3742, 3743, 3823, 3822, 3743, 3744, 3824, 3823, 3744, 3745, 3825, 3824,
            3745, 3746, 3826, 3825, 3746, 3747, 3827, 3826, 3747, 3748, 3828, 3827, 3748, 3749, 3829, 3828,
            3749, 3750, 3830, 3829, 3750, 3751, 3831, 3830, 3751, 3752, 3832, 3831, 3752, 3753, 3833, 3832,
            3753, 3754, 3834, 3833, 3754, 3755, 3835, 3834, 3755, 3756, 3836, 3835, 3756, 3757, 3837, 3836,
            3757, 3758, 3838, 3837, 3758, 3759, 3839, 3838, 3759, 3760, 3840, 3839, 3760, 3681, 3761, 3840,
            3761, 3762, 3842, 3841, 3762, 3763, 3843, 3842, 3763, 3764, 3844, 3843, 3764, 3765, 3845, 3844,
            3765, 3766, 3846, 3845, 3766, 3767, 3847, 3846, 3767, 3768, 3848, 3847, 3768, 3769, 3849, 3848,
            3769, 3770, 3850, 3849, 3770, 3771, 3851, 3850, 3771, 3772, 3852, 3851, 3772, 3773, 3853, 3852,
            3773, 3774, 3854, 3853, 3774, 3775, 3855, 3854, 3775, 3776, 3856, 3855, 3776, 3777, 3857, 3856,
            3777, 3778, 3858, 3857, 3778, 3779, 3859, 3858, 3779, 3780, 3860, 3859, 3780, 3781, 3861, 3860,
            3781, 3782, 3862, 3861, 3782, 3783, 3863, 3862, 3783, 3784, 3864, 3863, 3784, 3785, 3865, 3864,
            3785, 3786, 3866, 3865, 3786, 3787, 3867, 3866, 3787, 3788, 3868, 3867, 3788, 3789, 3869, 3868,
            3789, 3790, 3870, 3869, 3790, 3791, 3871, 3870, 3791, 3792, 3872, 3871, 3792, 3793, 3873, 3872,
            3793, 3794, 3874, 3873, 3794, 3795, 3875, 3874, 3795, 3796, 3876, 3875, 3796, 3797, 3877, 3876,
            3797, 3798, 3878, 3877, 3798, 3799, 3879, 3878, 3799, 3800, 3880, 3879, 3800, 3801, 3881, 3880,
            3801, 3802, 3882, 3881, 3802, 3803, 3883, 3882, 3803, 3804, 3884, 3883, 3804, 3805, 3885, 3884,
            3805, 3806, 3886, 3885, 3806, 3807, 3887, 3886, 3807, 3808, 3888, 3887, 3808, 3809, 3889, 3888,
            3809, 3810, 3890, 3889, 3810, 3811, 3891, 3890, 3811, 3812, 3892, 3891, 3812, 3813, 3893, 3892,
            3813, 3814, 3894, 3893, 3814, 3815, 3895, 3894, 3815, 3816, 3896, 3895, 3816, 3817, 3897, 3896,
            3817, 3818, 3898, 3897, 3818, 3819, 3899, 3898, 3819, 3820, 3900, 3899, 3820, 3821, 3901, 3900,
            3821, 3822, 3902, 3901, 3822, 3823, 3903, 3902, 3823, 3824, 3904, 3903, 3824, 3825, 3905, 3904,
            3825, 3826, 3906, 3905, 3826, 3827, 3907, 3906, 3827, 3828, 3908, 3907, 3828, 3829, 3909, 3908,
            3829, 3830, 3910, 3909, 3830, 3831, 3911, 3910, 3831, 3832, 3912, 3911, 3832, 3833, 3913, 3912,
            3833, 3834, 3914, 3913, 3834, 3835, 3915, 3914, 3835, 3836, 3916, 3915, 3836, 3837, 3917, 3916,
            3837, 3838, 3918, 3917, 3838, 3839, 3919, 3918, 3839, 3840, 3920, 3919, 3840, 3761, 3841, 3920,
            3841, 3842, 3922, 3921, 3842, 3843, 3923, 3922, 3843, 3844, 3924, 3923, 3844, 3845, 3925, 3924,
            3845, 3846, 3926, 3925, 3846, 3847, 3927, 3926, 3847, 3848, 3928, 3927, 3848, 3849, 3929, 3928,
            3849, 3850, 3930, 3929, 3850, 3851, 3931, 3930, 3851, 3852, 3932, 3931, 3852, 3853, 3933, 3932,
            3853, 3854, 3934, 3933, 3854, 3855, 3935, 3934, 3855, 3856, 3936, 3935, 3856, 3857, 3937, 3936,
            3857, 3858, 3938, 3937, 3858, 3859, 3939, 3938, 3859, 3860, 3940, 3939, 3860, 3861, 3941, 3940,
            3861, 3862, 3942, 3941, 3862, 3863, 3943, 3942, 3863, 3864, 3944, 3943, 3864, 3865, 3945, 3944,
            3865, 3866, 3946, 3945, 3866, 3867, 3947, 3946, 3867, 3868, 3948, 3947, 3868, 3869, 3949, 3948,
            3869, 3870, 3950, 3949, 3870, 3871, 3951, 3950, 3871, 3872, 3952, 3951, 3872, 3873, 3953, 3952,
            3873, 3874, 3954, 3953, 3874, 3875, 3955, 3954, 3875, 3876, 3956, 3955, 3876, 3877, 3957, 3956,
            3877, 3878, 3958, 3957, 3878, 3879, 3959, 3958, 3879, 3880, 3960, 3959, 3880, 3881, 3961, 3960,
            3881, 3882, 3962, 3961, 3882, 3883, 3963, 3962, 3883, 3884, 3964, 3963, 3884, 3885, 3965, 3964,
            3885, 3886, 3966, 3965, 3886, 3887, 3967, 3966, 3887, 3888, 3968, 3967, 3888, 3889, 3969, 3968,
            3889, 3890, 3970, 3969, 3890, 3891, 3971, 3970, 3891, 3892, 3972, 3971, 3892, 3893, 3973, 3972,
            3893, 3894, 3974, 3973, 3894, 3895, 3975, 3974, 3895, 3896, 3976, 3975, 3896, 3897, 3977, 3976,
            3897, 3898, 3978, 3977, 3898, 3899, 3979, 3978, 3899, 3900, 3980, 3979, 3900, 3901, 3981, 3980,
            3901, 3902, 3982, 3981, 3902, 3903, 3983, 3982, 3903, 3904, 3984, 3983, 3904, 3905, 3985, 3984,
            3905, 3906, 3986, 3985, 3906, 3907, 3987, 3986, 3907, 3908, 3988, 3987, 3908, 3909, 3989, 3988,
            3909, 3910, 3990, 3989, 3910, 3911, 3991, 3990, 3911, 3912, 3992, 3991, 3912, 3913, 3993, 3992,
            3913, 3914, 3994, 3993, 3914, 3915, 3995, 3994, 3915, 3916, 3996, 3995, 3916, 3917, 3997, 3996,
            3917, 3918, 3998, 3997, 3918, 3919, 3999, 3998, 3919, 3920, 4000, 3999, 3920, 3841, 3921, 4000,
            3921, 3922, 4002, 4001, 3922, 3923, 4003, 4002, 3923, 3924, 4004, 4003, 3924, 3925, 4005, 4004,
            3925, 3926, 4006, 4005, 3926, 3927, 4007, 4006, 3927, 3928, 4008, 4007, 3928, 3929, 4009, 4008,
            3929, 3930, 4010, 4009, 3930, 3931, 4011, 4010, 3931, 3932, 4012, 4011, 3932, 3933, 4013, 4012,
            3933, 3934, 4014, 4013, 3934, 3935, 4015, 4014, 3935, 3936, 4016, 4015, 3936, 3937, 4017, 4016,
            3937, 3938, 4018, 4017, 3938, 3939, 4019, 4018, 3939, 3940, 4020, 4019, 3940, 3941, 4021, 4020,
            3941, 3942, 4022, 4021, 3942, 3943, 4023, 4022, 3943, 3944, 4024, 4023, 3944, 3945, 4025, 4024,
            3945, 3946, 4026, 4025, 3946, 3947, 4027, 4026, 3947, 3948, 4028, 4027, 3948, 3949, 4029, 4028,
            3949, 3950, 4030, 4029, 3950, 3951, 4031, 4030, 3951, 3952, 4032, 4031, 3952, 3953, 4033, 4032,
            3953, 3954, 4034, 4033, 3954, 3955, 4035, 4034, 3955, 3956, 4036, 4035, 3956, 3957, 4037, 4036,
            3957, 3958, 4038, 4037, 3958, 3959, 4039, 4038, 3959, 3960, 4040, 4039, 3960, 3961, 4041, 4040,
            3961, 3962, 4042, 4041, 3962, 3963, 4043, 4042, 3963, 3964, 4044, 4043, 3964, 3965, 4045, 4044,
            3965, 3966, 4046, 4045, 3966, 3967, 4047, 4046, 3967, 3968, 4048, 4047, 3968, 3969, 4049, 4048,
            3969, 3970, 4050, 4049, 3970, 3971, 4051, 4050, 3971, 3972, 4052, 4051, 3972, 3973, 4053, 4052,
            3973, 3974, 4054, 4053, 3974, 3975, 4055, 4054, 3975, 3976, 4056, 4055, 3976, 3977, 4057, 4056,
            3977, 3978, 4058, 4057, 3978, 3979, 4059, 4058, 3979, 3980, 4060, 4059, 3980, 3981, 4061, 4060,
            3981, 3982, 4062, 4061, 3982, 3983, 4063, 4062, 3983, 3984, 4064, 4063, 3984, 3985, 4065, 4064,
            3985, 3986, 4066, 4065, 3986, 3987, 4067, 4066, 3987, 3988, 4068, 4067, 3988, 3989, 4069, 4068,
            3989, 3990, 4070, 4069, 3990, 3991, 4071, 4070, 3991, 3992, 4072, 4071, 3992, 3993, 4073, 4072,
            3993, 3994, 4074, 4073, 3994, 3995, 4075, 4074, 3995, 3996, 4076, 4075, 3996, 3997, 4077, 4076,
            3997, 3998, 4078, 4077, 3998, 3999, 4079, 4078, 3999, 4000, 4080, 4079, 4000, 3921, 4001, 4080,
            4001, 4002, 4082, 4081, 4002, 4003, 4083, 4082, 4003, 4004, 4084, 4083, 4004, 4005, 4085, 4084,
            4005, 4006, 4086, 4085, 4006, 4007, 4087, 4086, 4007, 4008, 4088, 4087, 4008, 4009, 4089, 4088,
            4009, 4010, 4090, 4089, 4010, 4011, 4091, 4090, 4011, 4012, 4092, 4091, 4012, 4013, 4093, 4092,
            4013, 4014, 4094, 4093, 4014, 4015, 4095, 4094, 4015, 4016, 4096, 4095, 4016, 4017, 4097, 4096,
            4017, 4018, 4098, 4097, 4018, 4019, 4099, 4098, 4019, 4020, 4100, 4099, 4020, 4021, 4101, 4100,
            4021, 4022, 4102, 4101, 4022, 4023, 4103, 4102, 4023, 4024, 4104, 4103, 4024, 4025, 4105, 4104,
            4025, 4026, 4106, 4105, 4026, 4027, 4107, 4106, 4027, 4028, 4108, 4107, 4028, 4029, 4109, 4108,
            4029, 4030, 4110, 4109, 4030, 4031, 4111, 4110, 4031, 4032, 4112, 4111, 4032, 4033, 4113, 4112,
            4033, 4034, 4114, 4113, 4034, 4035, 4115, 4114, 4035, 4036, 4116, 4115, 4036, 4037, 4117, 4116,
            4037, 4038, 4118, 4117, 4038, 4039, 4119, 4118, 4039, 4040, 4120, 4119, 4040, 4041, 4121, 4120,
            4041, 4042, 4122, 4121, 4042, 4043, 4123, 4122, 4043, 4044, 4124, 4123, 4044, 4045, 4125, 4124,
            4045, 4046, 4126, 4125, 4046, 4047, 4127, 4126, 4047, 4048, 4128, 4127, 4048, 4049, 4129, 4128,
            4049, 4050, 4130, 4129, 4050, 4051, 4131, 4130, 4051, 4052, 4132, 4131, 4052, 4053, 4133, 4132,
            4053, 4054, 4134, 4133, 4054, 4055, 4135, 4134, 4055, 4056, 4136, 4135, 4056, 4057, 4137, 4136,
            4057, 4058, 4138, 4137, 4058, 4059, 4139, 4138, 4059, 4060, 4140, 4139, 4060, 4061, 4141, 4140,
            4061, 4062, 4142, 4141, 4062, 4063, 4143, 4142, 4063, 4064, 4144, 4143, 4064, 4065, 4145, 4144,
            4065, 4066, 4146, 4145, 4066, 4067, 4147, 4146, 4067, 4068, 4148, 4147, 4068, 4069, 4149, 4148,
            4069, 4070, 4150, 4149, 4070, 4071, 4151, 4150, 4071, 4072, 4152, 4151, 4072, 4073, 4153, 4152,
            4073, 4074, 4154, 4153, 4074, 4075, 4155, 4154, 4075, 4076, 4156, 4155, 4076, 4077, 4157, 4156,
            4077, 4078, 4158, 4157, 4078, 4079, 4159, 4158, 4079, 4080, 4160, 4159, 4080, 4001, 4081, 4160,
            4081, 4082, 4162, 4161, 4082, 4083, 4163, 4162, 4083, 4084, 4164, 4163, 4084, 4085, 4165, 4164,
            4085, 4086, 4166, 4165, 4086, 4087, 4167, 4166, 4087, 4088, 4168, 4167, 4088, 4089, 4169, 4168,
            4089, 4090, 4170, 4169, 4090, 4091, 4171, 4170, 4091, 4092, 4172, 4171, 4092, 4093, 4173, 4172,
            4093, 4094, 4174, 4173, 4094, 4095, 4175, 4174, 4095, 4096, 4176, 4175, 4096, 4097, 4177, 4176,
            4097, 4098, 4178, 4177, 4098, 4099, 4179, 4178, 4099, 4100, 4180, 4179, 4100, 4101, 4181, 4180,
            4101, 4102, 4182, 4181, 4102, 4103, 4183, 4182, 4103, 4104, 4184, 4183, 4104, 4105, 4185, 4184,
            4105, 4106, 4186, 4185, 4106, 4107, 4187, 4186, 4107, 4108, 4188, 4187, 4108, 4109, 4189, 4188,
            4109, 4110, 4190, 4189, 4110, 4111, 4191, 4190, 4111, 4112, 4192, 4191, 4112, 4113, 4193, 4192,
            4113, 4114, 4194, 4193, 4114, 4115, 4195, 4194, 4115, 4116, 4196, 4195, 4116, 4117, 4197, 4196,
            4117, 4118, 4198, 4197, 4118, 4119, 4199, 4198, 4119, 4120, 4200, 4199, 4120, 4121, 4201, 4200,
            4121, 4122, 4202, 4201, 4122, 4123, 4203, 4202, 4123, 4124, 4204, 4203, 4124, 4125, 4205, 4204,
            4125, 4126, 4206, 4205, 4126, 4127, 4207, 4206, 4127, 4128, 4208, 4207, 4128, 4129, 4209, 4208,
            4129, 4130, 4210, 4209, 4130, 4131, 4211, 4210, 4131, 4132, 4212, 4211, 4132, 4133, 4213, 4212,
            4133, 4134, 4214, 4213, 4134, 4135, 4215, 4214, 4135, 4136, 4216, 4215, 4136, 4137, 4217, 4216,
            4137, 4138, 4218, 4217, 4138, 4139, 4219, 4218, 4139, 4140, 4220, 4219, 4140, 4141, 4221, 4220,
            4141, 4142, 4222, 4221, 4142, 4143, 4223, 4222, 4143, 4144, 4224, 4223, 4144, 4145, 4225, 4224,
            4145, 4146, 4226, 4225, 4146, 4147, 4227, 4226, 4147, 4148, 4228, 4227, 4148, 4149, 4229, 4228,
            4149, 4150, 4230, 4229, 4150, 4151, 4231, 4230, 4151, 4152, 4232, 4231, 4152, 4153, 4233, 4232,
            4153, 4154, 4234, 4233, 4154, 4155, 4235, 4234, 4155, 4156, 4236, 4235, 4156, 4157, 4237, 4236,
            4157, 4158, 4238, 4237, 4158, 4159, 4239, 4238, 4159, 4160, 4240, 4239, 4160, 4081, 4161, 4240,
            4161, 4162, 4242, 4241, 4162, 4163, 4243, 4242, 4163, 4164, 4244, 4243, 4164, 4165, 4245, 4244,
            4165, 4166, 4246, 4245, 4166, 4167, 4247, 4246, 4167, 4168, 4248, 4247, 4168, 4169, 4249, 4248,
            4169, 4170, 4250, 4249, 4170, 4171, 4251, 4250, 4171, 4172, 4252, 4251, 4172, 4173, 4253, 4252,
            4173, 4174, 4254, 4253, 4174, 4175, 4255, 4254, 4175, 4176, 4256, 4255, 4176, 4177, 4257, 4256,
            4177, 4178, 4258, 4257, 4178, 4179, 4259, 4258, 4179, 4180, 4260, 4259, 4180, 4181, 4261, 4260,
            4181, 4182, 4262, 4261, 4182, 4183, 4263, 4262, 4183, 4184, 4264, 4263, 4184, 4185, 4265, 4264,
            4185, 4186, 4266, 4265, 4186, 4187, 4267, 4266, 4187, 4188, 4268, 4267, 4188, 4189, 4269, 4268,
            4189, 4190, 4270, 4269, 4190, 4191, 4271, 4270, 4191, 4192, 4272, 4271, 4192, 4193, 4273, 4272,
            4193, 4194, 4274, 4273, 4194, 4195, 4275, 4274, 4195, 4196, 4276, 4275, 4196, 4197, 4277, 4276,
            4197, 4198, 4278, 4277, 4198, 4199, 4279, 4278, 4199, 4200, 4280, 4279, 4200, 4201, 4281, 4280,
            4201, 4202, 4282, 4281, 4202, 4203, 4283, 4282, 4203, 4204, 4284, 4283, 4204, 4205, 4285, 4284,
            4205, 4206, 4286, 4285, 4206, 4207, 4287, 4286, 4207, 4208, 4288, 4287, 4208, 4209, 4289, 4288,
            4209, 4210, 4290, 4289, 4210, 4211, 4291, 4290, 4211, 4212, 4292, 4291, 4212, 4213, 4293, 4292,
            4213, 4214, 4294, 4293, 4214, 4215, 4295, 4294, 4215, 4216, 4296, 4295, 4216, 4217, 4297, 4296,
            4217, 4218, 4298, 4297, 4218, 4219, 4299, 4298, 4219, 4220, 4300, 4299, 4220, 4221, 4301, 4300,
            4221, 4222, 4302, 4301, 4222, 4223, 4303, 4302, 4223, 4224, 4304, 4303, 4224, 4225, 4305, 4304,
            4225, 4226, 4306, 4305, 4226, 4227, 4307, 4306, 4227, 4228, 4308, 4307, 4228, 4229, 4309, 4308,
            4229, 4230, 4310, 4309, 4230, 4231, 4311, 4310, 4231, 4232, 4312, 4311, 4232, 4233, 4313, 4312,
            4233, 4234, 4314, 4313, 4234, 4235, 4315, 4314, 4235, 4236, 4316, 4315, 4236, 4237, 4317, 4316,
            4237, 4238, 4318, 4317, 4238, 4239, 4319, 4318, 4239, 4240, 4320, 4319, 4240, 4161, 4241, 4320,
            4241, 4242, 4322, 4321, 4242, 4243, 4323, 4322, 4243, 4244, 4324, 4323, 4244, 4245, 4325, 4324,
            4245, 4246, 4326, 4325, 4246, 4247, 4327, 4326, 4247, 4248, 4328, 4327, 4248, 4249, 4329, 4328,
            4249, 4250, 4330, 4329, 4250, 4251, 4331, 4330, 4251, 4252, 4332, 4331, 4252, 4253, 4333, 4332,
            4253, 4254, 4334, 4333, 4254, 4255, 4335, 4334, 4255, 4256, 4336, 4335, 4256, 4257, 4337, 4336,
            4257, 4258, 4338, 4337, 4258, 4259, 4339, 4338, 4259, 4260, 4340, 4339, 4260, 4261, 4341, 4340,
            4261, 4262, 4342, 4341, 4262, 4263, 4343, 4342, 4263, 4264, 4344, 4343, 4264, 4265, 4345, 4344,
            4265, 4266, 4346, 4345, 4266, 4267, 4347, 4346, 4267, 4268, 4348, 4347, 4268, 4269, 4349, 4348,
            4269, 4270, 4350, 4349, 4270, 4271, 4351, 4350, 4271, 4272, 4352, 4351, 4272, 4273, 4353, 4352,
            4273, 4274, 4354, 4353, 4274, 4275, 4355, 4354, 4275, 4276, 4356, 4355, 4276, 4277, 4357, 4356,
            4277, 4278, 4358, 4357, 4278, 4279, 4359, 4358, 4279, 4280, 4360, 4359, 4280, 4281, 4361, 4360,
            4281, 4282, 4362, 4361, 4282, 4283, 4363, 4362, 4283, 4284, 4364, 4363, 4284, 4285, 4365, 4364,
            4285, 4286, 4366, 4365, 4286, 4287, 4367, 4366, 4287, 4288, 4368, 4367, 4288, 4289, 4369, 4368,
            4289, 4290, 4370, 4369, 4290, 4291, 4371, 4370, 4291, 4292, 4372, 4371, 4292, 4293, 4373, 4372,
            4293, 4294, 4374, 4373, 4294, 4295, 4375, 4374, 4295, 4296, 4376, 4375, 4296, 4297, 4377, 4376,
            4297, 4298, 4378, 4377, 4298, 4299, 4379, 4378, 4299, 4300, 4380, 4379, 4300, 4301, 4381, 4380,
            4301, 4302, 4382, 4381, 4302, 4303, 4383, 4382, 4303, 4304, 4384, 4383, 4304, 4305, 4385, 4384,
            4305, 4306, 4386, 4385, 4306, 4307, 4387, 4386, 4307, 4308, 4388, 4387, 4308, 4309, 4389, 4388,
            4309, 4310, 4390, 4389, 4310, 4311, 4391, 4390, 4311, 4312, 4392, 4391, 4312, 4313, 4393, 4392,
            4313, 4314, 4394, 4393, 4314, 4315, 4395, 4394, 4315, 4316, 4396, 4395, 4316, 4317, 4397, 4396,
            4317, 4318, 4398, 4397, 4318, 4319, 4399, 4398, 4319, 4320, 4400, 4399, 4320, 4241, 4321, 4400,
            4401, 4321, 4322, 4401, 4322, 4323, 4401, 4323, 4324, 4401, 4324, 4325, 4401, 4325, 4326, 4401,
            4326, 4327, 4401, 4327, 4328, 4401, 4328, 4329, 4401, 4329, 4330, 4401, 4330, 4331, 4401, 4331,
            4332, 4401, 4332, 4333, 4401, 4333, 4334, 4401, 4334, 4335, 4401, 4335, 4336, 4401, 4336, 4337,
            4401, 4337, 4338, 4401, 4338, 4339, 4401, 4339, 4340, 4401, 4340, 4341, 4401, 4341, 4342, 4401,
            4342, 4343, 4401, 4343, 4344, 4401, 4344, 4345, 4401, 4345, 4346, 4401, 4346, 4347, 4401, 4347,
            4348, 4401, 4348, 4349, 4401, 4349, 4350, 4401, 4350, 4351, 4401, 4351, 4352, 4401, 4352, 4353,
            4401, 4353, 4354, 4401, 4354, 4355, 4401, 4355, 4356, 4401, 4356, 4357, 4401, 4357, 4358, 4401,
            4358, 4359, 4401, 4359, 4360, 4401, 4360, 4361, 4401, 4361, 4362, 4401, 4362, 4363, 4401, 4363,
            4364, 4401, 4364, 4365, 4401, 4365, 4366, 4401, 4366, 4367, 4401, 4367, 4368, 4401, 4368, 4369,
            4401, 4369, 4370, 4401, 4370, 4371, 4401, 4371, 4372, 4401, 4372, 4373, 4401, 4373, 4374, 4401,
            4374, 4375, 4401, 4375, 4376, 4401, 4376, 4377, 4401, 4377, 4378, 4401, 4378, 4379, 4401, 4379,
            4380, 4401, 4380, 4381, 4401, 4381, 4382, 4401, 4382, 4383, 4401, 4383, 4384, 4401, 4384, 4385,
            4401, 4385, 4386, 4401, 4386, 4387, 4401, 4387, 4388, 4401, 4388, 4389, 4401, 4389, 4390, 4401,
            4390, 4391, 4401, 4391, 4392, 4401, 4392, 4393, 4401, 4393, 4394, 4401, 4394, 4395, 4401, 4395,
            4396, 4401, 4396, 4397, 4401, 4397, 4398, 4401, 4398, 4399, 4401, 4399, 4400, 4401, 4400, 4321
        ]
        point3f[] points = [
            (0, 10, 0), (0.476599, 9.98427, 0), (0.47513, 9.98427, 0.0395931), (0.470731, 9.98427, 0.0789422),
            (0.46343, 9.98427, 0.117804), (0.453272, 9.98427, 0.15594), (0.44032, 9.98427, 0.193115), (0.424653, 9.98427, 0.229099),
            (0.406367, 9.98427, 0.263671), (0.385577, 9.98427, 0.296616), (0.362409, 9.98427, 0.327734), (0.337006, 9.98427, 0.35683),
            (0.309526, 9.98427, 0.383727), (0.280138, 9.98427, 0.408258), (0.249022, 9.98427, 0.430271), (0.216371, 9.98427, 0.449632),
            (0.182386, 9.98427, 0.466221), (0.147277, 9.98427, 0.479935), (0.11126, 9.98427, 0.490691), (0.0745565, 9.98427, 0.498421),
            (0.0373935, 9.98427, 0.503078), (2.91833e-17, 9.98427, 0.504634), (-0.0373935, 9.98427, 0.503078), (-0.0745565, 9.98427, 0.498421),
            (-0.11126, 9.98427, 0.490691), (-0.147277, 9.98427, 0.479935), (-0.182386, 9.98427, 0.466221), (-0.216371, 9.98427, 0.449632),
            (-0.249022, 9.98427, 0.430271), (-0.280138, 9.98427, 0.408258), (-0.309526, 9.98427, 0.383727), (-0.337006, 9.98427, 0.35683),
            (-0.362409, 9.98427, 0.327734), (-0.385577, 9.98427, 0.296616), (-0.406367, 9.98427, 0.263671), (-0.424653, 9.98427, 0.229099),
            (-0.44032, 9.98427, 0.193115), (-0.453272, 9.98427, 0.15594), (-0.46343, 9.98427, 0.117804), (-0.470731, 9.98427, 0.0789422),
            (-0.47513, 9.98427, 0.0395931), (-0.476599, 9.98427, 6.17998e-17), (-0.47513, 9.98427, -0.0395931), (-0.470731, 9.98427, -0.0789422),
            (-0.46343, 9.98427, -0.117804), (-0.453272, 9.98427, -0.15594), (-0.44032, 9.98427, -0.193115), (-0.424653, 9.98427, -0.229099),
            (-0.406367, 9.98427, -0.263671), (-0.385577, 9.98427, -0.296616), (-0.362409, 9.98427, -0.327734), (-0.337006, 9.98427, -0.35683),
            (-0.309526, 9.98427, -0.383727), (-0.280138, 9.98427, -0.408258), (-0.249022, 9.98427, -0.430271), (-0.216371, 9.98427, -0.449632),
            (-0.182386, 9.98427, -0.466221), (-0.147277, 9.98427, -0.479935), (-0.11126, 9.98427, -0.490691), (-0.0745565, 9.98427, -0.498421),
            (-0.0373935, 9.98427, -0.503078), (-8.75498e-17, 9.98427, -0.504634), (0.0373935, 9.98427, -0.503078), (0.0745565, 9.98427, -0.498421),
            (0.11126, 9.98427, -0.490691), (0.147277, 9.98427, -0.479935), (0.182386, 9.98427, -0.466221), (0.216371, 9.98427, -0.449632),
            (0.249022, 9.98427, -0.430271), (0.280138, 9.98427, -0.408258), (0.309526, 9.98427, -0.383727), (0.337006, 9.98427, -0.35683),
            (0.362409, 9.98427, -0.327734), (0.385577, 9.98427, -0.296616), (0.406367, 9.98427, -0.263671), (0.424653, 9.98427, -0.229099),
            (0.44032, 9.98427, -0.193115), (0.453272, 9.98427, -0.15594), (0.46343, 9.98427, -0.117804), (0.470731, 9.98427, -0.0789422),
            (0.47513, 9.98427, -0.0395931), (0.951698, 9.93712, 0), (0.948764, 9.93712, 0.0790617), (0.939981, 9.93712, 0.157636),
            (0.925403, 9.93712, 0.235238), (0.905119, 9.93712, 0.31139), (0.879254, 9.93712, 0.385623), (0.847969, 9.93712, 0.457477),
            (0.811456, 9.93712, 0.526512), (0.76994, 9.93712, 0.5923), (0.723677, 9.93712, 0.654436), (0.672952, 9.93712, 0.712538),
            (0.618078, 9.93712, 0.766246), (0.559394, 9.93712, 0.81523), (0.497261, 9.93712, 0.859189), (0.432062, 9.93712, 0.89785),
            (0.364199, 9.93712, 0.930975), (0.294091, 9.93712, 0.958361), (0.222169, 9.93712, 0.979838), (0.148878, 9.93712, 0.995274),
            (0.0746694, 9.93712, 1.00457), (5.82747e-17, 9.93712, 1.00768), (-0.0746694, 9.93712, 1.00457), (-0.148878, 9.93712, 0.995274),
            (-0.222169, 9.93712, 0.979838), (-0.294091, 9.93712, 0.958361), (-0.364199, 9.93712, 0.930975), (-0.432062, 9.93712, 0.89785),
            (-0.497261, 9.93712, 0.859189), (-0.559394, 9.93712, 0.81523), (-0.618078, 9.93712, 0.766246), (-0.672952, 9.93712, 0.712538),
            (-0.723677, 9.93712, 0.654436), (-0.76994, 9.93712, 0.5923), (-0.811456, 9.93712, 0.526512), (-0.847969, 9.93712, 0.457477),
            (-0.879254, 9.93712, 0.385623), (-0.905119, 9.93712, 0.31139), (-0.925403, 9.93712, 0.235238), (-0.939981, 9.93712, 0.157636),
            (-0.948764, 9.93712, 0.0790617), (-0.951698, 9.93712, 1.23405e-16), (-0.948764, 9.93712, -0.0790617), (-0.939981, 9.93712, -0.157636),
            (-0.925403, 9.93712, -0.235238), (-0.905119, 9.93712, -0.31139), (-0.879254, 9.93712, -0.385623), (-0.847969, 9.93712, -0.457477),
            (-0.811456, 9.93712, -0.526512), (-0.76994, 9.93712, -0.5923), (-0.723677, 9.93712, -0.654436), (-0.672952, 9.93712, -0.712538),
            (-0.618078, 9.93712, -0.766246), (-0.559394, 9.93712, -0.81523), (-0.497261, 9.93712, -0.859189), (-0.432062, 9.93712, -0.89785),
            (-0.364199, 9.93712, -0.930975), (-0.294091, 9.93712, -0.958361), (-0.222169, 9.93712, -0.979838), (-0.148878, 9.93712, -0.995274),
            (-0.0746694, 9.93712, -1.00457), (-1.74824e-16, 9.93712, -1.00768), (0.0746694, 9.93712, -1.00457), (0.148878, 9.93712, -0.995274),
            (0.222169, 9.93712, -0.979838), (0.294091, 9.93712, -0.958361), (0.364199, 9.93712, -0.930975), (0.432062, 9.93712, -0.89785),
            (0.497261, 9.93712, -0.859189), (0.559394, 9.93712, -0.81523), (0.618078, 9.93712, -0.766246), (0.672952, 9.93712, -0.712538),
            (0.723677, 9.93712, -0.654436), (0.76994, 9.93712, -0.5923), (0.811456, 9.93712, -0.526512), (0.847969, 9.93712, -0.457477),
            (0.879254, 9.93712, -0.385623), (0.905119, 9.93712, -0.31139), (0.925403, 9.93712, -0.235238), (0.939981, 9.93712, -0.157636),
            (0.948764, 9.93712, -0.0790617), (1.4238, 9.85871, 0), (1.41941, 9.85871, 0.118281), (1.40627, 9.85871, 0.235834),
            (1.38446, 9.85871, 0.351932), (1.35412, 9.85871, 0.46586), (1.31542, 9.85871, 0.576917), (1.26862, 9.85871, 0.684416),
            (1.21399, 9.85871, 0.787696), (1.15188, 9.85871, 0.886119), (1.08267, 9.85871, 0.979079), (1.00678, 9.85871, 1.066),
            (0.924686, 9.85871, 1.14635), (0.83689, 9.85871, 1.21964), (0.743935, 9.85871, 1.2854), (0.646393, 9.85871, 1.34324),
            (0.544866, 9.85871, 1.3928), (0.439979, 9.85871, 1.43377), (0.33238, 9.85871, 1.4659), (0.222732, 9.85871, 1.489),
            (0.11171, 9.85871, 1.50291), (8.71828e-17, 9.85871, 1.50756), (-0.11171, 9.85871, 1.50291), (-0.222732, 9.85871, 1.489),
            (-0.33238, 9.85871, 1.4659), (-0.439979, 9.85871, 1.43377), (-0.544866, 9.85871, 1.3928), (-0.646393, 9.85871, 1.34324),
            (-0.743935, 9.85871, 1.2854), (-0.83689, 9.85871, 1.21964), (-0.924686, 9.85871, 1.14635), (-1.00678, 9.85871, 1.066),
            (-1.08267, 9.85871, 0.979079), (-1.15188, 9.85871, 0.886119), (-1.21399, 9.85871, 0.787696), (-1.26862, 9.85871, 0.684416),
            (-1.31542, 9.85871, 0.576917), (-1.35412, 9.85871, 0.46586), (-1.38446, 9.85871, 0.351932), (-1.40627, 9.85871, 0.235834),
            (-1.41941, 9.85871, 0.118281), (-1.4238, 9.85871, 1.84622e-16), (-1.41941, 9.85871, -0.118281), (-1.40627, 9.85871, -0.235834),
            (-1.38446, 9.85871, -0.351932), (-1.35412, 9.85871, -0.46586), (-1.31542, 9.85871, -0.576917), (-1.26862, 9.85871, -0.684416),
            (-1.21399, 9.85871, -0.787696), (-1.15188, 9.85871, -0.886119), (-1.08267, 9.85871, -0.979079), (-1.00678, 9.85871, -1.066),
            (-0.924686, 9.85871, -1.14635), (-0.83689, 9.85871, -1.21964), (-0.743935, 9.85871, -1.2854), (-0.646393, 9.85871, -1.34324),
            (-0.544866, 9.85871, -1.3928), (-0.439979, 9.85871, -1.43377), (-0.33238, 9.85871, -1.4659), (-0.222732, 9.85871, -1.489),
            (-0.11171, 9.85871, -1.50291), (-2.61548e-16, 9.85871, -1.50756), (0.11171, 9.85871, -1.50291), (0.222732, 9.85871, -1.489),
            (0.33238, 9.85871, -1.4659), (0.439979, 9.85871, -1.43377), (0.544866, 9.85871, -1.3928), (0.646393, 9.85871, -1.34324),
            (0.743935, 9.85871, -1.2854), (0.83689, 9.85871, -1.21964), (0.924686, 9.85871, -1.14635), (1.00678, 9.85871, -1.066),
            (1.08267, 9.85871, -0.979079), (1.15188, 9.85871, -0.886119), (1.21399, 9.85871, -0.787696), (1.26862, 9.85871, -0.684416),
            (1.31542, 9.85871, -0.576917), (1.35412, 9.85871, -0.46586), (1.38446, 9.85871, -0.351932), (1.40627, 9.85871, -0.235834),
            (1.41941, 9.85871, -0.118281), (1.89143, 9.74928, 0), (1.8856, 9.74928, 0.157129), (1.86814, 9.74928, 0.313289),
            (1.83917, 9.74928, 0.467518), (1.79885, 9.74928, 0.618865), (1.74745, 9.74928, 0.766396), (1.68527, 9.74928, 0.909202),
            (1.61271, 9.74928, 1.0464), (1.5302, 9.74928, 1.17715), (1.43825, 9.74928, 1.30064), (1.33744, 9.74928, 1.41611),
            (1.22838, 9.74928, 1.52286), (1.11175, 9.74928, 1.62021), (0.988268, 9.74928, 1.70757), (0.85869, 9.74928, 1.78441),
            (0.723818, 9.74928, 1.85024), (0.584483, 9.74928, 1.90467), (0.441545, 9.74928, 1.94735), (0.295885, 9.74928, 1.97803),
            (0.1484, 9.74928, 1.99651), (1.15817e-16, 9.74928, 2.00269), (-0.1484, 9.74928, 1.99651), (-0.295885, 9.74928, 1.97803),
            (-0.441545, 9.74928, 1.94735), (-0.584483, 9.74928, 1.90467), (-0.723818, 9.74928, 1.85024), (-0.85869, 9.74928, 1.78441),
            (-0.988268, 9.74928, 1.70757), (-1.11175, 9.74928, 1.62021), (-1.22838, 9.74928, 1.52286), (-1.33744, 9.74928, 1.41611),
            (-1.43825, 9.74928, 1.30064), (-1.5302, 9.74928, 1.17715), (-1.61271, 9.74928, 1.0464), (-1.68527, 9.74928, 0.909202),
            (-1.74745, 9.74928, 0.766396), (-1.79885, 9.74928, 0.618865), (-1.83917, 9.74928, 0.467518), (-1.86814, 9.74928, 0.313289),
            (-1.8856, 9.74928, 0.157129), (-1.89143, 9.74928, 2.45259e-16), (-1.8856, 9.74928, -0.157129), (-1.86814, 9.74928, -0.313289),
            (-1.83917, 9.74928, -0.467518), (-1.79885, 9.74928, -0.618865), (-1.74745, 9.74928, -0.766396), (-1.68527, 9.74928, -0.909202),
            (-1.61271, 9.74928, -1.0464), (-1.5302, 9.74928, -1.17715), (-1.43825, 9.74928, -1.30064), (-1.33744, 9.74928, -1.41611),
            (-1.22838, 9.74928, -1.52286), (-1.11175, 9.74928, -1.62021), (-0.988268, 9.74928, -1.70757), (-0.85869, 9.74928, -1.78441),
            (-0.723818, 9.74928, -1.85024), (-0.584483, 9.74928, -1.90467), (-0.441545, 9.74928, -1.94735), (-0.295885, 9.74928, -1.97803),
            (-0.1484, 9.74928, -1.99651), (-3.4745e-16, 9.74928, -2.00269), (0.1484, 9.74928, -1.99651), (0.295885, 9.74928, -1.97803),
            (0.441545, 9.74928, -1.94735), (0.584483, 9.74928, -1.90467), (0.723818, 9.74928, -1.85024), (0.85869, 9.74928, -1.78441),
            (0.988268, 9.74928, -1.70757), (1.11175, 9.74928, -1.62021), (1.22838, 9.74928, -1.52286), (1.33744, 9.74928, -1.41611),
            (1.43825, 9.74928, -1.30064), (1.5302, 9.74928, -1.17715), (1.61271, 9.74928, -1.0464), (1.68527, 9.74928, -0.909202),
            (1.74745, 9.74928, -0.766396), (1.79885, 9.74928, -0.618865), (1.83917, 9.74928, -0.467518), (1.86814, 9.74928, -0.313289),
            (1.8856, 9.74928, -0.157129), (2.3531, 9.60917, 0), (2.34585, 9.60917, 0.195482), (2.32413, 9.60917, 0.38976),
            (2.28809, 9.60917, 0.581634), (2.23793, 9.60917, 0.769922), (2.17398, 9.60917, 0.953463), (2.09663, 9.60917, 1.13113),
            (2.00635, 9.60917, 1.30182), (1.9037, 9.60917, 1.46448), (1.78931, 9.60917, 1.61811), (1.66389, 9.60917, 1.76177),
            (1.52822, 9.60917, 1.89457), (1.38312, 9.60917, 2.01568), (1.22949, 9.60917, 2.12437), (1.06829, 9.60917, 2.21996),
            (0.900493, 9.60917, 2.30186), (0.727148, 9.60917, 2.36958), (0.549321, 9.60917, 2.42268), (0.368106, 9.60917, 2.46084),
            (0.184622, 9.60917, 2.48384), (1.44086e-16, 9.60917, 2.49152), (-0.184622, 9.60917, 2.48384), (-0.368106, 9.60917, 2.46084),
            (-0.549321, 9.60917, 2.42268), (-0.727148, 9.60917, 2.36958), (-0.900493, 9.60917, 2.30186), (-1.06829, 9.60917, 2.21996),
            (-1.22949, 9.60917, 2.12437), (-1.38312, 9.60917, 2.01568), (-1.52822, 9.60917, 1.89457), (-1.66389, 9.60917, 1.76177),
            (-1.78931, 9.60917, 1.61811), (-1.9037, 9.60917, 1.46448), (-2.00635, 9.60917, 1.30182), (-2.09663, 9.60917, 1.13113),
            (-2.17398, 9.60917, 0.953463), (-2.23793, 9.60917, 0.769922), (-2.28809, 9.60917, 0.581634), (-2.32413, 9.60917, 0.38976),
            (-2.34585, 9.60917, 0.195482), (-2.3531, 9.60917, 3.05123e-16), (-2.34585, 9.60917, -0.195482), (-2.32413, 9.60917, -0.38976),
            (-2.28809, 9.60917, -0.581634), (-2.23793, 9.60917, -0.769922), (-2.17398, 9.60917, -0.953463), (-2.09663, 9.60917, -1.13113),
            (-2.00635, 9.60917, -1.30182), (-1.9037, 9.60917, -1.46448), (-1.78931, 9.60917, -1.61811), (-1.66389, 9.60917, -1.76177),
            (-1.52822, 9.60917, -1.89457), (-1.38312, 9.60917, -2.01568), (-1.22949, 9.60917, -2.12437), (-1.06829, 9.60917, -2.21996),
            (-0.900493, 9.60917, -2.30186), (-0.727148, 9.60917, -2.36958), (-0.549321, 9.60917, -2.42268), (-0.368106, 9.60917, -2.46084),
            (-0.184622, 9.60917, -2.48384), (-4.32258e-16, 9.60917, -2.49152), (0.184622, 9.60917, -2.48384), (0.368106, 9.60917, -2.46084),
            (0.549321, 9.60917, -2.42268), (0.727148, 9.60917, -2.36958), (0.900493, 9.60917, -2.30186), (1.06829, 9.60917, -2.21996),
            (1.22949, 9.60917, -2.12437), (1.38312, 9.60917, -2.01568), (1.52822, 9.60917, -1.89457), (1.66389, 9.60917, -1.76177),
            (1.78931, 9.60917, -1.61811), (1.9037, 9.60917, -1.46448), (2.00635, 9.60917, -1.30182), (2.09663, 9.60917, -1.13113),
            (2.17398, 9.60917, -0.953463), (2.23793, 9.60917, -0.769922), (2.28809, 9.60917, -0.581634), (2.32413, 9.60917, -0.38976),
            (2.34585, 9.60917, -0.195482), (2.80737, 9.43883, 0), (2.79872, 9.43883, 0.233221), (2.77281, 9.43883, 0.465003),
            (2.7298, 9.43883, 0.693919), (2.66997, 9.43883, 0.918557), (2.59367, 9.43883, 1.13753), (2.50139, 9.43883, 1.34949),
            (2.39368, 9.43883, 1.55313), (2.27121, 9.43883, 1.7472), (2.13474, 9.43883, 1.93049), (1.98511, 9.43883, 2.10188),
            (1.82324, 9.43883, 2.26032), (1.65013, 9.43883, 2.40481), (1.46685, 9.43883, 2.53448), (1.27452, 9.43883, 2.64853),
            (1.07433, 9.43883, 2.74624), (0.867526, 9.43883, 2.82703), (0.655368, 9.43883, 2.89038), (0.43917, 9.43883, 2.93592),
            (0.220264, 9.43883, 2.96335), (1.71902e-16, 9.43883, 2.97251), (-0.220264, 9.43883, 2.96335), (-0.43917, 9.43883, 2.93592),
            (-0.655368, 9.43883, 2.89038), (-0.867526, 9.43883, 2.82703), (-1.07433, 9.43883, 2.74624), (-1.27452, 9.43883, 2.64853),
            (-1.46685, 9.43883, 2.53448), (-1.65013, 9.43883, 2.40481), (-1.82324, 9.43883, 2.26032), (-1.98511, 9.43883, 2.10188),
            (-2.13474, 9.43883, 1.93049), (-2.27121, 9.43883, 1.7472), (-2.39368, 9.43883, 1.55313), (-2.50139, 9.43883, 1.34949),
            (-2.59367, 9.43883, 1.13753), (-2.66997, 9.43883, 0.918557), (-2.7298, 9.43883, 0.693919), (-2.77281, 9.43883, 0.465003),
            (-2.79872, 9.43883, 0.233221), (-2.80737, 9.43883, 3.64028e-16), (-2.79872, 9.43883, -0.233221), (-2.77281, 9.43883, -0.465003),
            (-2.7298, 9.43883, -0.693919), (-2.66997, 9.43883, -0.918557), (-2.59367, 9.43883, -1.13753), (-2.50139, 9.43883, -1.34949),
            (-2.39368, 9.43883, -1.55313), (-2.27121, 9.43883, -1.7472), (-2.13474, 9.43883, -1.93049), (-1.98511, 9.43883, -2.10188),
            (-1.82324, 9.43883, -2.26032), (-1.65013, 9.43883, -2.40481), (-1.46685, 9.43883, -2.53448), (-1.27452, 9.43883, -2.64853),
            (-1.07433, 9.43883, -2.74624), (-0.867526, 9.43883, -2.82703), (-0.655368, 9.43883, -2.89038), (-0.43917, 9.43883, -2.93592),
            (-0.220264, 9.43883, -2.96335), (-5.15706e-16, 9.43883, -2.97251), (0.220264, 9.43883, -2.96335), (0.43917, 9.43883, -2.93592),
            (0.655368, 9.43883, -2.89038), (0.867526, 9.43883, -2.82703), (1.07433, 9.43883, -2.74624), (1.27452, 9.43883, -2.64853),
            (1.46685, 9.43883, -2.53448), (1.65013, 9.43883, -2.40481), (1.82324, 9.43883, -2.26032), (1.98511, 9.43883, -2.10188),
            (2.13474, 9.43883, -1.93049), (2.27121, 9.43883, -1.7472), (2.39368, 9.43883, -1.55313), (2.50139, 9.43883, -1.34949),
            (2.59367, 9.43883, -1.13753), (2.66997, 9.43883, -0.918557), (2.7298, 9.43883, -0.693919), (2.77281, 9.43883, -0.465003),
            (2.79872, 9.43883, -0.233221), (3.25281, 9.2388, 0), (3.24278, 9.2388, 0.270225), (3.21276, 9.2388, 0.538784),
            (3.16293, 9.2388, 0.804021), (3.09361, 9.2388, 1.0643), (3.0052, 9.2388, 1.31802), (2.89827, 9.2388, 1.56361),
            (2.77348, 9.2388, 1.79956), (2.63158, 9.2388, 2.02442), (2.47346, 9.2388, 2.2368), (2.30008, 9.2388, 2.43538),
            (2.11253, 9.2388, 2.61895), (1.91195, 9.2388, 2.78638), (1.69959, 9.2388, 2.93662), (1.47674, 9.2388, 3.06876),
            (1.2448, 9.2388, 3.18198), (1.00517, 9.2388, 3.27558), (0.759353, 9.2388, 3.34899), (0.508851, 9.2388, 3.40175),
            (0.255212, 9.2388, 3.43353), (1.99177e-16, 9.2388, 3.44415), (-0.255212, 9.2388, 3.43353), (-0.508851, 9.2388, 3.40175),
            (-0.759353, 9.2388, 3.34899), (-1.00517, 9.2388, 3.27558), (-1.2448, 9.2388, 3.18198), (-1.47674, 9.2388, 3.06876),
            (-1.69959, 9.2388, 2.93662), (-1.91195, 9.2388, 2.78638), (-2.11253, 9.2388, 2.61895), (-2.30008, 9.2388, 2.43538),
            (-2.47346, 9.2388, 2.2368), (-2.63158, 9.2388, 2.02442), (-2.77348, 9.2388, 1.79956), (-2.89827, 9.2388, 1.56361),
            (-3.0052, 9.2388, 1.31802), (-3.09361, 9.2388, 1.0643), (-3.16293, 9.2388, 0.804021), (-3.21276, 9.2388, 0.538784),
            (-3.24278, 9.2388, 0.270225), (-3.25281, 9.2388, 4.21787e-16), (-3.24278, 9.2388, -0.270225), (-3.21276, 9.2388, -0.538784),
            (-3.16293, 9.2388, -0.804021), (-3.09361, 9.2388, -1.0643), (-3.0052, 9.2388, -1.31802), (-2.89827, 9.2388, -1.56361),
            (-2.77348, 9.2388, -1.79956), (-2.63158, 9.2388, -2.02442), (-2.47346, 9.2388, -2.2368), (-2.30008, 9.2388, -2.43538),
            (-2.11253, 9.2388, -2.61895), (-1.91195, 9.2388, -2.78638), (-1.69959, 9.2388, -2.93662), (-1.47674, 9.2388, -3.06876),
            (-1.2448, 9.2388, -3.18198), (-1.00517, 9.2388, -3.27558), (-0.759353, 9.2388, -3.34899), (-0.508851, 9.2388, -3.40175),
            (-0.255212, 9.2388, -3.43353), (-5.97531e-16, 9.2388, -3.44415), (0.255212, 9.2388, -3.43353), (0.508851, 9.2388, -3.40175),
            (0.759353, 9.2388, -3.34899), (1.00517, 9.2388, -3.27558), (1.2448, 9.2388, -3.18198), (1.47674, 9.2388, -3.06876),
            (1.69959, 9.2388, -2.93662), (1.91195, 9.2388, -2.78638), (2.11253, 9.2388, -2.61895), (2.30008, 9.2388, -2.43538),
            (2.47346, 9.2388, -2.2368), (2.63158, 9.2388, -2.02442), (2.77348, 9.2388, -1.79956), (2.89827, 9.2388, -1.56361),
            (3.0052, 9.2388, -1.31802), (3.09361, 9.2388, -1.0643), (3.16293, 9.2388, -0.804021), (3.21276, 9.2388, -0.538784),
            (3.24278, 9.2388, -0.270225), (3.68801, 9.00969, 0), (3.67664, 9.00969, 0.306379), (3.64261, 9.00969, 0.610869),
            (3.58611, 9.00969, 0.911593), (3.50751, 9.00969, 1.2067), (3.40728, 9.00969, 1.49436), (3.28604, 9.00969, 1.77281),
            (3.14455, 9.00969, 2.04033), (2.98366, 9.00969, 2.29527), (2.80439, 9.00969, 2.53606), (2.60782, 9.00969, 2.76122),
            (2.39517, 9.00969, 2.96935), (2.16776, 9.00969, 3.15917), (1.92698, 9.00969, 3.32952), (1.67432, 9.00969, 3.47934),
            (1.41134, 9.00969, 3.60771), (1.13966, 9.00969, 3.71383), (0.860949, 9.00969, 3.79706), (0.576932, 9.00969, 3.85688),
            (0.289358, 9.00969, 3.89292), (2.25826e-16, 9.00969, 3.90495), (-0.289358, 9.00969, 3.89292), (-0.576932, 9.00969, 3.85688),
            (-0.860949, 9.00969, 3.79706), (-1.13966, 9.00969, 3.71383), (-1.41134, 9.00969, 3.60771), (-1.67432, 9.00969, 3.47934),
            (-1.92698, 9.00969, 3.32952), (-2.16776, 9.00969, 3.15917), (-2.39517, 9.00969, 2.96935), (-2.60782, 9.00969, 2.76122),
            (-2.80439, 9.00969, 2.53606), (-2.98366, 9.00969, 2.29527), (-3.14455, 9.00969, 2.04033), (-3.28604, 9.00969, 1.77281),
            (-3.40728, 9.00969, 1.49436), (-3.50751, 9.00969, 1.2067), (-3.58611, 9.00969, 0.911593), (-3.64261, 9.00969, 0.610869),
            (-3.67664, 9.00969, 0.306379), (-3.68801, 9.00969, 4.78219e-16), (-3.67664, 9.00969, -0.306379), (-3.64261, 9.00969, -0.610869),
            (-3.58611, 9.00969, -0.911593), (-3.50751, 9.00969, -1.2067), (-3.40728, 9.00969, -1.49436), (-3.28604, 9.00969, -1.77281),
            (-3.14455, 9.00969, -2.04033), (-2.98366, 9.00969, -2.29527), (-2.80439, 9.00969, -2.53606), (-2.60782, 9.00969, -2.76122),
            (-2.39517, 9.00969, -2.96935), (-2.16776, 9.00969, -3.15917), (-1.92698, 9.00969, -3.32952), (-1.67432, 9.00969, -3.47934),
            (-1.41134, 9.00969, -3.60771), (-1.13966, 9.00969, -3.71383), (-0.860949, 9.00969, -3.79706), (-0.576932, 9.00969, -3.85688),
            (-0.289358, 9.00969, -3.89292), (-6.77477e-16, 9.00969, -3.90495), (0.289358, 9.00969, -3.89292), (0.576932, 9.00969, -3.85688),
            (0.860949, 9.00969, -3.79706), (1.13966, 9.00969, -3.71383), (1.41134, 9.00969, -3.60771), (1.67432, 9.00969, -3.47934),
            (1.92698, 9.00969, -3.32952), (2.16776, 9.00969, -3.15917), (2.39517, 9.00969, -2.96935), (2.60782, 9.00969, -2.76122),
            (2.80439, 9.00969, -2.53606), (2.98366, 9.00969, -2.29527), (3.14455, 9.00969, -2.04033), (3.28604, 9.00969, -1.77281),
            (3.40728, 9.00969, -1.49436), (3.50751, 9.00969, -1.2067), (3.58611, 9.00969, -0.911593), (3.64261, 9.00969, -0.610869),
            (3.67664, 9.00969, -0.306379), (4.11161, 8.75223, 0), (4.09894, 8.75223, 0.341569), (4.06099, 8.75223, 0.681033),
            (3.99801, 8.75223, 1.0163), (3.91037, 8.75223, 1.3453), (3.79863, 8.75223, 1.666), (3.66347, 8.75223, 1.97643),
            (3.50572, 8.75223, 2.27468), (3.32636, 8.75223, 2.55891), (3.12649, 8.75223, 2.82735), (2.90735, 8.75223, 3.07837),
            (2.67028, 8.75223, 3.3104), (2.41674, 8.75223, 3.52203), (2.14831, 8.75223, 3.71194), (1.86663, 8.75223, 3.87897),
            (1.57345, 8.75223, 4.02208), (1.27056, 8.75223, 4.1404), (0.959836, 8.75223, 4.23318), (0.643198, 8.75223, 4.29987),
            (0.322593, 8.75223, 4.34005), (2.51764e-16, 8.75223, 4.35347), (-0.322593, 8.75223, 4.34005), (-0.643198, 8.75223, 4.29987),
            (-0.959836, 8.75223, 4.23318), (-1.27056, 8.75223, 4.1404), (-1.57345, 8.75223, 4.02208), (-1.86663, 8.75223, 3.87897),
            (-2.14831, 8.75223, 3.71194), (-2.41674, 8.75223, 3.52203), (-2.67028, 8.75223, 3.3104), (-2.90735, 8.75223, 3.07837),
            (-3.12649, 8.75223, 2.82735), (-3.32636, 8.75223, 2.55891), (-3.50572, 8.75223, 2.27468), (-3.66347, 8.75223, 1.97643),
            (-3.79863, 8.75223, 1.666), (-3.91037, 8.75223, 1.3453), (-3.99801, 8.75223, 1.0163), (-4.06099, 8.75223, 0.681033),
            (-4.09894, 8.75223, 0.341569), (-4.11161, 8.75223, 5.33146e-16), (-4.09894, 8.75223, -0.341569), (-4.06099, 8.75223, -0.681033),
            (-3.99801, 8.75223, -1.0163), (-3.91037, 8.75223, -1.3453), (-3.79863, 8.75223, -1.666), (-3.66347, 8.75223, -1.97643),
            (-3.50572, 8.75223, -2.27468), (-3.32636, 8.75223, -2.55891), (-3.12649, 8.75223, -2.82735), (-2.90735, 8.75223, -3.07837),
            (-2.67028, 8.75223, -3.3104), (-2.41674, 8.75223, -3.52203), (-2.14831, 8.75223, -3.71194), (-1.86663, 8.75223, -3.87897),
            (-1.57345, 8.75223, -4.02208), (-1.27056, 8.75223, -4.1404), (-0.959836, 8.75223, -4.23318), (-0.643198, 8.75223, -4.29987),
            (-0.322593, 8.75223, -4.34005), (-7.55291e-16, 8.75223, -4.35347), (0.322593, 8.75223, -4.34005), (0.643198, 8.75223, -4.29987),
            (0.959836, 8.75223, -4.23318), (1.27056, 8.75223, -4.1404), (1.57345, 8.75223, -4.02208), (1.86663, 8.75223, -3.87897),
            (2.14831, 8.75223, -3.71194), (2.41674, 8.75223, -3.52203), (2.67028, 8.75223, -3.3104), (2.90735, 8.75223, -3.07837),
            (3.12649, 8.75223, -2.82735), (3.32636, 8.75223, -2.55891), (3.50572, 8.75223, -2.27468), (3.66347, 8.75223, -1.97643),
            (3.79863, 8.75223, -1.666), (3.91037, 8.75223, -1.3453), (3.99801, 8.75223, -1.0163), (4.06099, 8.75223, -0.681033),
            (4.09894, 8.75223, -0.341569), (4.52227, 8.46724, 0), (4.50833, 8.46724, 0.375685), (4.4666, 8.46724, 0.749053),
            (4.39732, 8.46724, 1.1178), (4.30094, 8.46724, 1.47966), (4.17804, 8.46724, 1.8324), (4.02937, 8.46724, 2.17384),
            (3.85587, 8.46724, 2.50187), (3.6586, 8.46724, 2.81449), (3.43876, 8.46724, 3.10974), (3.19773, 8.46724, 3.38583),
            (2.93698, 8.46724, 3.64104), (2.65813, 8.46724, 3.87381), (2.36288, 8.46724, 4.08269), (2.05307, 8.46724, 4.2664),
            (1.7306, 8.46724, 4.4238), (1.39746, 8.46724, 4.55393), (1.0557, 8.46724, 4.65599), (0.707439, 8.46724, 4.72934),
            (0.354813, 8.46724, 4.77353), (2.76909e-16, 8.46724, 4.78829), (-0.354813, 8.46724, 4.77353), (-0.707439, 8.46724, 4.72934),
            (-1.0557, 8.46724, 4.65599), (-1.39746, 8.46724, 4.55393), (-1.7306, 8.46724, 4.4238), (-2.05307, 8.46724, 4.2664),
            (-2.36288, 8.46724, 4.08269), (-2.65813, 8.46724, 3.87381), (-2.93698, 8.46724, 3.64104), (-3.19773, 8.46724, 3.38583),
            (-3.43876, 8.46724, 3.10974), (-3.6586, 8.46724, 2.81449), (-3.85587, 8.46724, 2.50187), (-4.02937, 8.46724, 2.17384),
            (-4.17804, 8.46724, 1.8324), (-4.30094, 8.46724, 1.47966), (-4.39732, 8.46724, 1.1178), (-4.4666, 8.46724, 0.749053),
            (-4.50833, 8.46724, 0.375685), (-4.52227, 8.46724, 5.86396e-16), (-4.50833, 8.46724, -0.375685), (-4.4666, 8.46724, -0.749053),
            (-4.39732, 8.46724, -1.1178), (-4.30094, 8.46724, -1.47966), (-4.17804, 8.46724, -1.8324), (-4.02937, 8.46724, -2.17384),
            (-3.85587, 8.46724, -2.50187), (-3.6586, 8.46724, -2.81449), (-3.43876, 8.46724, -3.10974), (-3.19773, 8.46724, -3.38583),
            (-2.93698, 8.46724, -3.64104), (-2.65813, 8.46724, -3.87381), (-2.36288, 8.46724, -4.08269), (-2.05307, 8.46724, -4.2664),
            (-1.7306, 8.46724, -4.4238), (-1.39746, 8.46724, -4.55393), (-1.0557, 8.46724, -4.65599), (-0.707439, 8.46724, -4.72934),
            (-0.354813, 8.46724, -4.77353), (-8.30728e-16, 8.46724, -4.78829), (0.354813, 8.46724, -4.77353), (0.707439, 8.46724, -4.72934),
            (1.0557, 8.46724, -4.65599), (1.39746, 8.46724, -4.55393), (1.7306, 8.46724, -4.4238), (2.05307, 8.46724, -4.2664),
            (2.36288, 8.46724, -4.08269), (2.65813, 8.46724, -3.87381), (2.93698, 8.46724, -3.64104), (3.19773, 8.46724, -3.38583),
            (3.43876, 8.46724, -3.10974), (3.6586, 8.46724, -2.81449), (3.85587, 8.46724, -2.50187), (4.02937, 8.46724, -2.17384),
            (4.17804, 8.46724, -1.8324), (4.30094, 8.46724, -1.47966), (4.39732, 8.46724, -1.1178), (4.4666, 8.46724, -0.749053),
            (4.50833, 8.46724, -0.375685), (4.91871, 8.15561, 0), (4.90354, 8.15561, 0.408618), (4.85815, 8.15561, 0.814717),
            (4.7828, 8.15561, 1.21579), (4.67797, 8.15561, 1.60937), (4.54429, 8.15561, 1.99303), (4.3826, 8.15561, 2.3644),
            (4.19389, 8.15561, 2.72119), (3.97932, 8.15561, 3.06121), (3.74021, 8.15561, 3.38235), (3.47805, 8.15561, 3.68264),
            (3.19444, 8.15561, 3.96023), (2.89114, 8.15561, 4.21339), (2.57002, 8.15561, 4.44059), (2.23305, 8.15561, 4.6404),
            (1.88231, 8.15561, 4.8116), (1.51996, 8.15561, 4.95314), (1.14825, 8.15561, 5.06414), (0.769455, 8.15561, 5.14392),
            (0.385917, 8.15561, 5.19199), (3.01184e-16, 8.15561, 5.20804), (-0.385917, 8.15561, 5.19199), (-0.769455, 8.15561, 5.14392),
            (-1.14825, 8.15561, 5.06414), (-1.51996, 8.15561, 4.95314), (-1.88231, 8.15561, 4.8116), (-2.23305, 8.15561, 4.6404),
            (-2.57002, 8.15561, 4.44059), (-2.89114, 8.15561, 4.21339), (-3.19444, 8.15561, 3.96023), (-3.47805, 8.15561, 3.68264),
            (-3.74021, 8.15561, 3.38235), (-3.97932, 8.15561, 3.06121), (-4.19389, 8.15561, 2.72119), (-4.3826, 8.15561, 2.3644),
            (-4.54429, 8.15561, 1.99303), (-4.67797, 8.15561, 1.60937), (-4.7828, 8.15561, 1.21579), (-4.85815, 8.15561, 0.814717),
            (-4.90354, 8.15561, 0.408618), (-4.91871, 8.15561, 6.37801e-16), (-4.90354, 8.15561, -0.408618), (-4.85815, 8.15561, -0.814717),
            (-4.7828, 8.15561, -1.21579), (-4.67797, 8.15561, -1.60937), (-4.54429, 8.15561, -1.99303), (-4.3826, 8.15561, -2.3644),
            (-4.19389, 8.15561, -2.72119), (-3.97932, 8.15561, -3.06121), (-3.74021, 8.15561, -3.38235), (-3.47805, 8.15561, -3.68264),
            (-3.19444, 8.15561, -3.96023), (-2.89114, 8.15561, -4.21339), (-2.57002, 8.15561, -4.44059), (-2.23305, 8.15561, -4.6404),
            (-1.88231, 8.15561, -4.8116), (-1.51996, 8.15561, -4.95314), (-1.14825, 8.15561, -5.06414), (-0.769455, 8.15561, -5.14392),
            (-0.385917, 8.15561, -5.19199), (-9.03552e-16, 8.15561, -5.20804), (0.385917, 8.15561, -5.19199), (0.769455, 8.15561, -5.14392),
            (1.14825, 8.15561, -5.06414), (1.51996, 8.15561, -4.95314), (1.88231, 8.15561, -4.8116), (2.23305, 8.15561, -4.6404),
            (2.57002, 8.15561, -4.44059), (2.89114, 8.15561, -4.21339), (3.19444, 8.15561, -3.96023), (3.47805, 8.15561, -3.68264),
            (3.74021, 8.15561, -3.38235), (3.97932, 8.15561, -3.06121), (4.19389, 8.15561, -2.72119), (4.3826, 8.15561, -2.3644),
            (4.54429, 8.15561, -1.99303), (4.67797, 8.15561, -1.60937), (4.7828, 8.15561, -1.21579), (4.85815, 8.15561, -0.814717),
            (4.90354, 8.15561, -0.408618), (5.29966, 7.81831, 0), (5.28333, 7.81831, 0.440266), (5.23442, 7.81831, 0.877818),
            (5.15323, 7.81831, 1.30996), (5.04028, 7.81831, 1.73402), (4.89625, 7.81831, 2.14739), (4.72203, 7.81831, 2.54753),
            (4.51871, 7.81831, 2.93195), (4.28752, 7.81831, 3.2983), (4.0299, 7.81831, 3.64432), (3.74743, 7.81831, 3.96786),
            (3.44186, 7.81831, 4.26695), (3.11506, 7.81831, 4.53972), (2.76907, 7.81831, 4.78451), (2.406, 7.81831, 4.9998),
            (2.02809, 7.81831, 5.18427), (1.63769, 7.81831, 5.33677), (1.23718, 7.81831, 5.45636), (0.82905, 7.81831, 5.54232),
            (0.415807, 7.81831, 5.59411), (3.24511e-16, 7.81831, 5.61141), (-0.415807, 7.81831, 5.59411), (-0.82905, 7.81831, 5.54232),
            (-1.23718, 7.81831, 5.45636), (-1.63769, 7.81831, 5.33677), (-2.02809, 7.81831, 5.18427), (-2.406, 7.81831, 4.9998),
            (-2.76907, 7.81831, 4.78451), (-3.11506, 7.81831, 4.53972), (-3.44186, 7.81831, 4.26695), (-3.74743, 7.81831, 3.96786),
            (-4.0299, 7.81831, 3.64432), (-4.28752, 7.81831, 3.2983), (-4.51871, 7.81831, 2.93195), (-4.72203, 7.81831, 2.54753),
            (-4.89625, 7.81831, 2.14739), (-5.04028, 7.81831, 1.73402), (-5.15323, 7.81831, 1.30996), (-5.23442, 7.81831, 0.877818),
            (-5.28333, 7.81831, 0.440266), (-5.29966, 7.81831, 6.87199e-16), (-5.28333, 7.81831, -0.440266), (-5.23442, 7.81831, -0.877818),
            (-5.15323, 7.81831, -1.30996), (-5.04028, 7.81831, -1.73402), (-4.89625, 7.81831, -2.14739), (-4.72203, 7.81831, -2.54753),
            (-4.51871, 7.81831, -2.93195), (-4.28752, 7.81831, -3.2983), (-4.0299, 7.81831, -3.64432), (-3.74743, 7.81831, -3.96786),
            (-3.44186, 7.81831, -4.26695), (-3.11506, 7.81831, -4.53972), (-2.76907, 7.81831, -4.78451), (-2.406, 7.81831, -4.9998),
            (-2.02809, 7.81831, -5.18427), (-1.63769, 7.81831, -5.33677), (-1.23718, 7.81831, -5.45636), (-0.82905, 7.81831, -5.54232),
            (-0.415807, 7.81831, -5.59411), (-9.73532e-16, 7.81831, -5.61141), (0.415807, 7.81831, -5.59411), (0.82905, 7.81831, -5.54232),
            (1.23718, 7.81831, -5.45636), (1.63769, 7.81831, -5.33677), (2.02809, 7.81831, -5.18427), (2.406, 7.81831, -4.9998),
            (2.76907, 7.81831, -4.78451), (3.11506, 7.81831, -4.53972), (3.44186, 7.81831, -4.26695), (3.74743, 7.81831, -3.96786),
            (4.0299, 7.81831, -3.64432), (4.28752, 7.81831, -3.2983), (4.51871, 7.81831, -2.93195), (4.72203, 7.81831, -2.54753),
            (4.89625, 7.81831, -2.14739), (5.04028, 7.81831, -1.73402), (5.15323, 7.81831, -1.30996), (5.23442, 7.81831, -0.877818),
            (5.28333, 7.81831, -0.440266), (5.66395, 7.45642, 0), (5.64649, 7.45642, 0.470529), (5.59421, 7.45642, 0.938156),
            (5.50745, 7.45642, 1.4), (5.38673, 7.45642, 1.85321), (5.2328, 7.45642, 2.295), (5.04661, 7.45642, 2.72264),
            (4.82931, 7.45642, 3.13349), (4.58223, 7.45642, 3.52502), (4.3069, 7.45642, 3.89482), (4.00501, 7.45642, 4.2406),
            (3.67844, 7.45642, 4.56025), (3.32918, 7.45642, 4.85177), (2.9594, 7.45642, 5.11338), (2.57138, 7.45642, 5.34347),
            (2.1675, 7.45642, 5.54062), (1.75026, 7.45642, 5.7036), (1.32222, 7.45642, 5.83142), (0.886036, 7.45642, 5.92328),
            (0.444388, 7.45642, 5.97863), (3.46817e-16, 7.45642, 5.99712), (-0.444388, 7.45642, 5.97863), (-0.886036, 7.45642, 5.92328),
            (-1.32222, 7.45642, 5.83142), (-1.75026, 7.45642, 5.7036), (-2.1675, 7.45642, 5.54062), (-2.57138, 7.45642, 5.34347),
            (-2.9594, 7.45642, 5.11338), (-3.32918, 7.45642, 4.85177), (-3.67844, 7.45642, 4.56025), (-4.00501, 7.45642, 4.2406),
            (-4.3069, 7.45642, 3.89482), (-4.58223, 7.45642, 3.52502), (-4.82931, 7.45642, 3.13349), (-5.04661, 7.45642, 2.72264),
            (-5.2328, 7.45642, 2.295), (-5.38673, 7.45642, 1.85321), (-5.50745, 7.45642, 1.4), (-5.59421, 7.45642, 0.938156),
            (-5.64649, 7.45642, 0.470529), (-5.66395, 7.45642, 7.34435e-16), (-5.64649, 7.45642, -0.470529), (-5.59421, 7.45642, -0.938156),
            (-5.50745, 7.45642, -1.4), (-5.38673, 7.45642, -1.85321), (-5.2328, 7.45642, -2.295), (-5.04661, 7.45642, -2.72264),
            (-4.82931, 7.45642, -3.13349), (-4.58223, 7.45642, -3.52502), (-4.3069, 7.45642, -3.89482), (-4.00501, 7.45642, -4.2406),
            (-3.67844, 7.45642, -4.56025), (-3.32918, 7.45642, -4.85177), (-2.9594, 7.45642, -5.11338), (-2.57138, 7.45642, -5.34347),
            (-2.1675, 7.45642, -5.54062), (-1.75026, 7.45642, -5.7036), (-1.32222, 7.45642, -5.83142), (-0.886036, 7.45642, -5.92328),
            (-0.444388, 7.45642, -5.97863), (-1.04045e-15, 7.45642, -5.99712), (0.444388, 7.45642, -5.97863), (0.886036, 7.45642, -5.92328),
            (1.32222, 7.45642, -5.83142), (1.75026, 7.45642, -5.7036), (2.1675, 7.45642, -5.54062), (2.57138, 7.45642, -5.34347),
            (2.9594, 7.45642, -5.11338), (3.32918, 7.45642, -4.85177), (3.67844, 7.45642, -4.56025), (4.00501, 7.45642, -4.2406),
            (4.3069, 7.45642, -3.89482), (4.58223, 7.45642, -3.52502), (4.82931, 7.45642, -3.13349), (5.04661, 7.45642, -2.72264),
            (5.2328, 7.45642, -2.295), (5.38673, 7.45642, -1.85321), (5.50745, 7.45642, -1.4), (5.59421, 7.45642, -0.938156),
            (5.64649, 7.45642, -0.470529), (6.01041, 7.07107, 0), (5.99188, 7.07107, 0.499311), (5.93641, 7.07107, 0.995543),
            (5.84434, 7.07107, 1.48564), (5.71624, 7.07107, 1.96657), (5.55289, 7.07107, 2.43538), (5.35531, 7.07107, 2.88918),
            (5.12471, 7.07107, 3.32516), (4.86252, 7.07107, 3.74064), (4.57035, 7.07107, 4.13306), (4.25, 7.07107, 4.5),
            (3.90345, 7.07107, 4.83919), (3.53283, 7.07107, 5.14855), (3.14043, 7.07107, 5.42617), (2.72867, 7.07107, 5.67033),
            (2.30008, 7.07107, 5.87953), (1.85732, 7.07107, 6.05249), (1.4031, 7.07107, 6.18812), (0.940235, 7.07107, 6.28561),
            (0.471571, 7.07107, 6.34434), (3.68031e-16, 7.07107, 6.36396), (-0.471571, 7.07107, 6.34434), (-0.940235, 7.07107, 6.28561),
            (-1.4031, 7.07107, 6.18812), (-1.85732, 7.07107, 6.05249), (-2.30008, 7.07107, 5.87953), (-2.72867, 7.07107, 5.67033),
            (-3.14043, 7.07107, 5.42617), (-3.53283, 7.07107, 5.14855), (-3.90345, 7.07107, 4.83919), (-4.25, 7.07107, 4.5),
            (-4.57035, 7.07107, 4.13306), (-4.86252, 7.07107, 3.74064), (-5.12471, 7.07107, 3.32516), (-5.35531, 7.07107, 2.88918),
            (-5.55289, 7.07107, 2.43538), (-5.71624, 7.07107, 1.96657), (-5.84434, 7.07107, 1.48564), (-5.93641, 7.07107, 0.995543),
            (-5.99188, 7.07107, 0.499311), (-6.01041, 7.07107, 7.7936e-16), (-5.99188, 7.07107, -0.499311), (-5.93641, 7.07107, -0.995543),
            (-5.84434, 7.07107, -1.48564), (-5.71624, 7.07107, -1.96657), (-5.55289, 7.07107, -2.43538), (-5.35531, 7.07107, -2.88918),
            (-5.12471, 7.07107, -3.32516), (-4.86252, 7.07107, -3.74064), (-4.57035, 7.07107, -4.13306), (-4.25, 7.07107, -4.5),
            (-3.90345, 7.07107, -4.83919), (-3.53283, 7.07107, -5.14855), (-3.14043, 7.07107, -5.42617), (-2.72867, 7.07107, -5.67033),
            (-2.30008, 7.07107, -5.87953), (-1.85732, 7.07107, -6.05249), (-1.4031, 7.07107, -6.18812), (-0.940235, 7.07107, -6.28561),
            (-0.471571, 7.07107, -6.34434), (-1.10409e-15, 7.07107, -6.36396), (0.471571, 7.07107, -6.34434), (0.940235, 7.07107, -6.28561),
            (1.4031, 7.07107, -6.18812), (1.85732, 7.07107, -6.05249), (2.30008, 7.07107, -5.87953), (2.72867, 7.07107, -5.67033),
            (3.14043, 7.07107, -5.42617), (3.53283, 7.07107, -5.14855), (3.90345, 7.07107, -4.83919), (4.25, 7.07107, -4.5),
            (4.57035, 7.07107, -4.13306), (4.86252, 7.07107, -3.74064), (5.12471, 7.07107, -3.32516), (5.35531, 7.07107, -2.88918),
            (5.55289, 7.07107, -2.43538), (5.71624, 7.07107, -1.96657), (5.84434, 7.07107, -1.48564), (5.93641, 7.07107, -0.995543),
            (5.99188, 7.07107, -0.499311), (6.33796, 6.66347, 0), (6.31842, 6.66347, 0.526522), (6.25993, 6.66347, 1.0498),
            (6.16284, 6.66347, 1.5666), (6.02776, 6.66347, 2.07374), (5.85551, 6.66347, 2.5681), (5.64716, 6.66347, 3.04663),
            (5.404, 6.66347, 3.50637), (5.12752, 6.66347, 3.9445), (4.81942, 6.66347, 4.3583), (4.48161, 6.66347, 4.74524),
            (4.11617, 6.66347, 5.10292), (3.72536, 6.66347, 5.42913), (3.31157, 6.66347, 5.72188), (2.87737, 6.66347, 5.97935),
            (2.42543, 6.66347, 6.19995), (1.95854, 6.66347, 6.38233), (1.47957, 6.66347, 6.52536), (0.991475, 6.66347, 6.62816),
            (0.49727, 6.66347, 6.69009), (3.88088e-16, 6.66347, 6.71078), (-0.49727, 6.66347, 6.69009), (-0.991475, 6.66347, 6.62816),
            (-1.47957, 6.66347, 6.52536), (-1.95854, 6.66347, 6.38233), (-2.42543, 6.66347, 6.19995), (-2.87737, 6.66347, 5.97935),
            (-3.31157, 6.66347, 5.72188), (-3.72536, 6.66347, 5.42913), (-4.11617, 6.66347, 5.10292), (-4.48161, 6.66347, 4.74524),
            (-4.81942, 6.66347, 4.3583), (-5.12752, 6.66347, 3.9445), (-5.404, 6.66347, 3.50637), (-5.64716, 6.66347, 3.04663),
            (-5.85551, 6.66347, 2.5681), (-6.02776, 6.66347, 2.07374), (-6.16284, 6.66347, 1.5666), (-6.25993, 6.66347, 1.0498),
            (-6.31842, 6.66347, 0.526522), (-6.33796, 6.66347, 8.21833e-16), (-6.31842, 6.66347, -0.526522), (-6.25993, 6.66347, -1.0498),
            (-6.16284, 6.66347, -1.5666), (-6.02776, 6.66347, -2.07374), (-5.85551, 6.66347, -2.5681), (-5.64716, 6.66347, -3.04663),
            (-5.404, 6.66347, -3.50637), (-5.12752, 6.66347, -3.9445), (-4.81942, 6.66347, -4.3583), (-4.48161, 6.66347, -4.74524),
            (-4.11617, 6.66347, -5.10292), (-3.72536, 6.66347, -5.42913), (-3.31157, 6.66347, -5.72188), (-2.87737, 6.66347, -5.97935),
            (-2.42543, 6.66347, -6.19995), (-1.95854, 6.66347, -6.38233), (-1.47957, 6.66347, -6.52536), (-0.991475, 6.66347, -6.62816),
            (-0.49727, 6.66347, -6.69009), (-1.16426e-15, 6.66347, -6.71078), (0.49727, 6.66347, -6.69009), (0.991475, 6.66347, -6.62816),
            (1.47957, 6.66347, -6.52536), (1.95854, 6.66347, -6.38233), (2.42543, 6.66347, -6.19995), (2.87737, 6.66347, -5.97935),
            (3.31157, 6.66347, -5.72188), (3.72536, 6.66347, -5.42913), (4.11617, 6.66347, -5.10292), (4.48161, 6.66347, -4.74524),
            (4.81942, 6.66347, -4.3583), (5.12752, 6.66347, -3.9445), (5.404, 6.66347, -3.50637), (5.64716, 6.66347, -3.04663),
            (5.85551, 6.66347, -2.5681), (6.02776, 6.66347, -2.07374), (6.16284, 6.66347, -1.5666), (6.25993, 6.66347, -1.0498),
            (6.31842, 6.66347, -0.526522), (6.64557, 6.2349, 0), (6.62508, 6.2349, 0.552076), (6.56375, 6.2349, 1.10075),
            (6.46195, 6.2349, 1.64263), (6.32031, 6.2349, 2.17439), (6.1397, 6.2349, 2.69275), (5.92124, 6.2349, 3.1945),
            (5.66628, 6.2349, 3.67655), (5.37638, 6.2349, 4.13594), (5.05333, 6.2349, 4.56983), (4.69913, 6.2349, 4.97555),
            (4.31595, 6.2349, 5.35058), (3.90617, 6.2349, 5.69263), (3.4723, 6.2349, 5.99959), (3.01702, 6.2349, 6.26955),
            (2.54315, 6.2349, 6.50086), (2.05359, 6.2349, 6.69209), (1.55138, 6.2349, 6.84206), (1.0396, 6.2349, 6.94985),
            (0.521405, 6.2349, 7.01479), (4.06924e-16, 6.2349, 7.03648), (-0.521405, 6.2349, 7.01479), (-1.0396, 6.2349, 6.94985),
            (-1.55138, 6.2349, 6.84206), (-2.05359, 6.2349, 6.69209), (-2.54315, 6.2349, 6.50086), (-3.01702, 6.2349, 6.26955),
            (-3.4723, 6.2349, 5.99959), (-3.90617, 6.2349, 5.69263), (-4.31595, 6.2349, 5.35058), (-4.69913, 6.2349, 4.97555),
            (-5.05333, 6.2349, 4.56983), (-5.37638, 6.2349, 4.13594), (-5.66628, 6.2349, 3.67655), (-5.92124, 6.2349, 3.1945),
            (-6.1397, 6.2349, 2.69275), (-6.32031, 6.2349, 2.17439), (-6.46195, 6.2349, 1.64263), (-6.56375, 6.2349, 1.10075),
            (-6.62508, 6.2349, 0.552076), (-6.64557, 6.2349, 8.61721e-16), (-6.62508, 6.2349, -0.552076), (-6.56375, 6.2349, -1.10075),
            (-6.46195, 6.2349, -1.64263), (-6.32031, 6.2349, -2.17439), (-6.1397, 6.2349, -2.69275), (-5.92124, 6.2349, -3.1945),
            (-5.66628, 6.2349, -3.67655), (-5.37638, 6.2349, -4.13594), (-5.05333, 6.2349, -4.56983), (-4.69913, 6.2349, -4.97555),
            (-4.31595, 6.2349, -5.35058), (-3.90617, 6.2349, -5.69263), (-3.4723, 6.2349, -5.99959), (-3.01702, 6.2349, -6.26955),
            (-2.54315, 6.2349, -6.50086), (-2.05359, 6.2349, -6.69209), (-1.55138, 6.2349, -6.84206), (-1.0396, 6.2349, -6.94985),
            (-0.521405, 6.2349, -7.01479), (-1.22077e-15, 6.2349, -7.03648), (0.521405, 6.2349, -7.01479), (1.0396, 6.2349, -6.94985),
            (1.55138, 6.2349, -6.84206), (2.05359, 6.2349, -6.69209), (2.54315, 6.2349, -6.50086), (3.01702, 6.2349, -6.26955),
            (3.4723, 6.2349, -5.99959), (3.90617, 6.2349, -5.69263), (4.31595, 6.2349, -5.35058), (4.69913, 6.2349, -4.97555),
            (5.05333, 6.2349, -4.56983), (5.37638, 6.2349, -4.13594), (5.66628, 6.2349, -3.67655), (5.92124, 6.2349, -3.1945),
            (6.1397, 6.2349, -2.69275), (6.32031, 6.2349, -2.17439), (6.46195, 6.2349, -1.64263), (6.56375, 6.2349, -1.10075),
            (6.62508, 6.2349, -0.552076), (6.93227, 5.78671, 0), (6.9109, 5.78671, 0.575894), (6.84692, 5.78671, 1.14824),
            (6.74073, 5.78671, 1.7135), (6.59298, 5.78671, 2.2682), (6.40458, 5.78671, 2.80891), (6.1767, 5.78671, 3.33231),
            (5.91073, 5.78671, 3.83516), (5.60832, 5.78671, 4.31437), (5.27134, 5.78671, 4.76698), (4.90185, 5.78671, 5.1902),
            (4.50215, 5.78671, 5.58142), (4.07468, 5.78671, 5.93822), (3.6221, 5.78671, 6.25842), (3.14718, 5.78671, 6.54003),
            (2.65286, 5.78671, 6.78132), (2.14219, 5.78671, 6.9808), (1.61831, 5.78671, 7.13724), (1.08445, 5.78671, 7.24968),
            (0.543899, 5.78671, 7.31742), (4.24479e-16, 5.78671, 7.34005), (-0.543899, 5.78671, 7.31742), (-1.08445, 5.78671, 7.24968),
            (-1.61831, 5.78671, 7.13724), (-2.14219, 5.78671, 6.9808), (-2.65286, 5.78671, 6.78132), (-3.14718, 5.78671, 6.54003),
            (-3.6221, 5.78671, 6.25842), (-4.07468, 5.78671, 5.93822), (-4.50215, 5.78671, 5.58142), (-4.90185, 5.78671, 5.1902),
            (-5.27134, 5.78671, 4.76698), (-5.60832, 5.78671, 4.31437), (-5.91073, 5.78671, 3.83516), (-6.1767, 5.78671, 3.33231),
            (-6.40458, 5.78671, 2.80891), (-6.59298, 5.78671, 2.2682), (-6.74073, 5.78671, 1.7135), (-6.84692, 5.78671, 1.14824),
            (-6.9109, 5.78671, 0.575894), (-6.93227, 5.78671, 8.98897e-16), (-6.9109, 5.78671, -0.575894), (-6.84692, 5.78671, -1.14824),
            (-6.74073, 5.78671, -1.7135), (-6.59298, 5.78671, -2.2682), (-6.40458, 5.78671, -2.80891), (-6.1767, 5.78671, -3.33231),
            (-5.91073, 5.78671, -3.83516), (-5.60832, 5.78671, -4.31437), (-5.27134, 5.78671, -4.76698), (-4.90185, 5.78671, -5.1902),
            (-4.50215, 5.78671, -5.58142), (-4.07468, 5.78671, -5.93822), (-3.6221, 5.78671, -6.25842), (-3.14718, 5.78671, -6.54003),
            (-2.65286, 5.78671, -6.78132), (-2.14219, 5.78671, -6.9808), (-1.61831, 5.78671, -7.13724), (-1.08445, 5.78671, -7.24968),
            (-0.543899, 5.78671, -7.31742), (-1.27344e-15, 5.78671, -7.34005), (0.543899, 5.78671, -7.31742), (1.08445, 5.78671, -7.24968),
            (1.61831, 5.78671, -7.13724), (2.14219, 5.78671, -6.9808), (2.65286, 5.78671, -6.78132), (3.14718, 5.78671, -6.54003),
            (3.6221, 5.78671, -6.25842), (4.07468, 5.78671, -5.93822), (4.50215, 5.78671, -5.58142), (4.90185, 5.78671, -5.1902),
            (5.27134, 5.78671, -4.76698), (5.60832, 5.78671, -4.31437), (5.91073, 5.78671, -3.83516), (6.1767, 5.78671, -3.33231),
            (6.40458, 5.78671, -2.80891), (6.59298, 5.78671, -2.2682), (6.74073, 5.78671, -1.7135), (6.84692, 5.78671, -1.14824),
            (6.9109, 5.78671, -0.575894), (7.19716, 5.32032, 0), (7.17497, 5.32032, 0.597899), (7.10855, 5.32032, 1.19211),
            (6.9983, 5.32032, 1.77897), (6.8449, 5.32032, 2.35487), (6.6493, 5.32032, 2.91625), (6.41271, 5.32032, 3.45964),
            (6.13658, 5.32032, 3.98171), (5.82262, 5.32032, 4.47923), (5.47276, 5.32032, 4.94913), (5.08916, 5.32032, 5.38852),
            (4.67418, 5.32032, 5.79469), (4.23038, 5.32032, 6.16513), (3.7605, 5.32032, 6.49756), (3.26744, 5.32032, 6.78993),
            (2.75423, 5.32032, 7.04044), (2.22404, 5.32032, 7.24754), (1.68014, 5.32032, 7.40996), (1.12588, 5.32032, 7.5267),
            (0.564682, 5.32032, 7.59703), (4.40699e-16, 5.32032, 7.62052), (-0.564682, 5.32032, 7.59703), (-1.12588, 5.32032, 7.5267),
            (-1.68014, 5.32032, 7.40996), (-2.22404, 5.32032, 7.24754), (-2.75423, 5.32032, 7.04044), (-3.26744, 5.32032, 6.78993),
            (-3.7605, 5.32032, 6.49756), (-4.23038, 5.32032, 6.16513), (-4.67418, 5.32032, 5.79469), (-5.08916, 5.32032, 5.38852),
            (-5.47276, 5.32032, 4.94913), (-5.82262, 5.32032, 4.47923), (-6.13658, 5.32032, 3.98171), (-6.41271, 5.32032, 3.45964),
            (-6.6493, 5.32032, 2.91625), (-6.8449, 5.32032, 2.35487), (-6.9983, 5.32032, 1.77897), (-7.10855, 5.32032, 1.19211),
            (-7.17497, 5.32032, 0.597899), (-7.19716, 5.32032, 9.33244e-16), (-7.17497, 5.32032, -0.597899), (-7.10855, 5.32032, -1.19211),
            (-6.9983, 5.32032, -1.77897), (-6.8449, 5.32032, -2.35487), (-6.6493, 5.32032, -2.91625), (-6.41271, 5.32032, -3.45964),
            (-6.13658, 5.32032, -3.98171), (-5.82262, 5.32032, -4.47923), (-5.47276, 5.32032, -4.94913), (-5.08916, 5.32032, -5.38852),
            (-4.67418, 5.32032, -5.79469), (-4.23038, 5.32032, -6.16513), (-3.7605, 5.32032, -6.49756), (-3.26744, 5.32032, -6.78993),
            (-2.75423, 5.32032, -7.04044), (-2.22404, 5.32032, -7.24754), (-1.68014, 5.32032, -7.40996), (-1.12588, 5.32032, -7.5267),
            (-0.564682, 5.32032, -7.59703), (-1.3221e-15, 5.32032, -7.62052), (0.564682, 5.32032, -7.59703), (1.12588, 5.32032, -7.5267),
            (1.68014, 5.32032, -7.40996), (2.22404, 5.32032, -7.24754), (2.75423, 5.32032, -7.04044), (3.26744, 5.32032, -6.78993),
            (3.7605, 5.32032, -6.49756), (4.23038, 5.32032, -6.16513), (4.67418, 5.32032, -5.79469), (5.08916, 5.32032, -5.38852),
            (5.47276, 5.32032, -4.94913), (5.82262, 5.32032, -4.47923), (6.13658, 5.32032, -3.98171), (6.41271, 5.32032, -3.45964),
            (6.6493, 5.32032, -2.91625), (6.8449, 5.32032, -2.35487), (6.9983, 5.32032, -1.77897), (7.10855, 5.32032, -1.19211),
            (7.17497, 5.32032, -0.597899), (7.4394, 4.83719, 0), (7.41647, 4.83719, 0.618023), (7.34781, 4.83719, 1.23224),
            (7.23385, 4.83719, 1.83885), (7.07529, 4.83719, 2.43413), (6.87311, 4.83719, 3.0144), (6.62855, 4.83719, 3.57609),
            (6.34313, 4.83719, 4.11573), (6.0186, 4.83719, 4.62999), (5.65696, 4.83719, 5.11571), (5.26045, 4.83719, 5.56989),
            (4.8315, 4.83719, 5.98973), (4.37277, 4.83719, 6.37264), (3.88708, 4.83719, 6.71626), (3.37742, 4.83719, 7.01847),
            (2.84693, 4.83719, 7.27741), (2.2989, 4.83719, 7.49148), (1.73669, 4.83719, 7.65937), (1.16378, 4.83719, 7.78003),
            (0.583689, 4.83719, 7.85273), (4.55532e-16, 4.83719, 7.87701), (-0.583689, 4.83719, 7.85273), (-1.16378, 4.83719, 7.78003),
            (-1.73669, 4.83719, 7.65937), (-2.2989, 4.83719, 7.49148), (-2.84693, 4.83719, 7.27741), (-3.37742, 4.83719, 7.01847),
            (-3.88708, 4.83719, 6.71626), (-4.37277, 4.83719, 6.37264), (-4.8315, 4.83719, 5.98973), (-5.26045, 4.83719, 5.56989),
            (-5.65696, 4.83719, 5.11571), (-6.0186, 4.83719, 4.62999), (-6.34313, 4.83719, 4.11573), (-6.62855, 4.83719, 3.57609),
            (-6.87311, 4.83719, 3.0144), (-7.07529, 4.83719, 2.43413), (-7.23385, 4.83719, 1.83885), (-7.34781, 4.83719, 1.23224),
            (-7.41647, 4.83719, 0.618023), (-7.4394, 4.83719, 9.64656e-16), (-7.41647, 4.83719, -0.618023), (-7.34781, 4.83719, -1.23224),
            (-7.23385, 4.83719, -1.83885), (-7.07529, 4.83719, -2.43413), (-6.87311, 4.83719, -3.0144), (-6.62855, 4.83719, -3.57609),
            (-6.34313, 4.83719, -4.11573), (-6.0186, 4.83719, -4.62999), (-5.65696, 4.83719, -5.11571), (-5.26045, 4.83719, -5.56989),
            (-4.8315, 4.83719, -5.98973), (-4.37277, 4.83719, -6.37264), (-3.88708, 4.83719, -6.71626), (-3.37742, 4.83719, -7.01847),
            (-2.84693, 4.83719, -7.27741), (-2.2989, 4.83719, -7.49148), (-1.73669, 4.83719, -7.65937), (-1.16378, 4.83719, -7.78003),
            (-0.583689, 4.83719, -7.85273), (-1.3666e-15, 4.83719, -7.87701), (0.583689, 4.83719, -7.85273), (1.16378, 4.83719, -7.78003),
            (1.73669, 4.83719, -7.65937), (2.2989, 4.83719, -7.49148), (2.84693, 4.83719, -7.27741), (3.37742, 4.83719, -7.01847),
            (3.88708, 4.83719, -6.71626), (4.37277, 4.83719, -6.37264), (4.8315, 4.83719, -5.98973), (5.26045, 4.83719, -5.56989),
            (5.65696, 4.83719, -5.11571), (6.0186, 4.83719, -4.62999), (6.34313, 4.83719, -4.11573), (6.62855, 4.83719, -3.57609),
            (6.87311, 4.83719, -3.0144), (7.07529, 4.83719, -2.43413), (7.23385, 4.83719, -1.83885), (7.34781, 4.83719, -1.23224),
            (7.41647, 4.83719, -0.618023), (7.65824, 4.33884, 0), (7.63463, 4.33884, 0.636203), (7.56395, 4.33884, 1.26848),
            (7.44664, 4.33884, 1.89294), (7.28341, 4.33884, 2.50573), (7.07529, 4.33884, 3.10307), (6.82354, 4.33884, 3.68128),
            (6.52972, 4.33884, 4.23679), (6.19564, 4.33884, 4.76619), (5.82337, 4.33884, 5.26619), (5.41519, 4.33884, 5.73373),
            (4.97363, 4.33884, 6.16592), (4.5014, 4.33884, 6.56009), (4.00142, 4.33884, 6.91382), (3.47677, 4.33884, 7.22492),
            (2.93068, 4.33884, 7.49148), (2.36652, 4.33884, 7.71185), (1.78778, 4.33884, 7.88468), (1.19801, 4.33884, 8.00889),
            (0.600858, 4.33884, 8.08372), (4.68932e-16, 4.33884, 8.10872), (-0.600858, 4.33884, 8.08372), (-1.19801, 4.33884, 8.00889),
            (-1.78778, 4.33884, 7.88468), (-2.36652, 4.33884, 7.71185), (-2.93068, 4.33884, 7.49148), (-3.47677, 4.33884, 7.22492),
            (-4.00142, 4.33884, 6.91382), (-4.5014, 4.33884, 6.56009), (-4.97363, 4.33884, 6.16592), (-5.41519, 4.33884, 5.73373),
            (-5.82337, 4.33884, 5.26619), (-6.19564, 4.33884, 4.76619), (-6.52972, 4.33884, 4.23679), (-6.82354, 4.33884, 3.68128),
            (-7.07529, 4.33884, 3.10307), (-7.28341, 4.33884, 2.50573), (-7.44664, 4.33884, 1.89294), (-7.56395, 4.33884, 1.26848),
            (-7.63463, 4.33884, 0.636203), (-7.65824, 4.33884, 9.93032e-16), (-7.63463, 4.33884, -0.636203), (-7.56395, 4.33884, -1.26848),
            (-7.44664, 4.33884, -1.89294), (-7.28341, 4.33884, -2.50573), (-7.07529, 4.33884, -3.10307), (-6.82354, 4.33884, -3.68128),
            (-6.52972, 4.33884, -4.23679), (-6.19564, 4.33884, -4.76619), (-5.82337, 4.33884, -5.26619), (-5.41519, 4.33884, -5.73373),
            (-4.97363, 4.33884, -6.16592), (-4.5014, 4.33884, -6.56009), (-4.00142, 4.33884, -6.91382), (-3.47677, 4.33884, -7.22492),
            (-2.93068, 4.33884, -7.49148), (-2.36652, 4.33884, -7.71185), (-1.78778, 4.33884, -7.88468), (-1.19801, 4.33884, -8.00889),
            (-0.600858, 4.33884, -8.08372), (-1.4068e-15, 4.33884, -8.10872), (0.600858, 4.33884, -8.08372), (1.19801, 4.33884, -8.00889),
            (1.78778, 4.33884, -7.88468), (2.36652, 4.33884, -7.71185), (2.93068, 4.33884, -7.49148), (3.47677, 4.33884, -7.22492),
            (4.00142, 4.33884, -6.91382), (4.5014, 4.33884, -6.56009), (4.97363, 4.33884, -6.16592), (5.41519, 4.33884, -5.73373),
            (5.82337, 4.33884, -5.26619), (6.19564, 4.33884, -4.76619), (6.52972, 4.33884, -4.23679), (6.82354, 4.33884, -3.68128),
            (7.07529, 4.33884, -3.10307), (7.28341, 4.33884, -2.50573), (7.44664, 4.33884, -1.89294), (7.56395, 4.33884, -1.26848),
            (7.63463, 4.33884, -0.636203), (7.85298, 3.82683, 0), (7.82877, 3.82683, 0.652381), (7.75629, 3.82683, 1.30074),
            (7.636, 3.82683, 1.94108), (7.46862, 3.82683, 2.56945), (7.2552, 3.82683, 3.18198), (6.99705, 3.82683, 3.77489),
            (6.69576, 3.82683, 4.34453), (6.35319, 3.82683, 4.88738), (5.97145, 3.82683, 5.40011), (5.55289, 3.82683, 5.87953),
            (5.1001, 3.82683, 6.32271), (4.61586, 3.82683, 6.72691), (4.10317, 3.82683, 7.08963), (3.56518, 3.82683, 7.40864),
            (3.0052, 3.82683, 7.68198), (2.4267, 3.82683, 7.90795), (1.83324, 3.82683, 8.08517), (1.22848, 3.82683, 8.21255),
            (0.616137, 3.82683, 8.28928), (4.80856e-16, 3.82683, 8.31492), (-0.616137, 3.82683, 8.28928), (-1.22848, 3.82683, 8.21255),
            (-1.83324, 3.82683, 8.08517), (-2.4267, 3.82683, 7.90795), (-3.0052, 3.82683, 7.68198), (-3.56518, 3.82683, 7.40864),
            (-4.10317, 3.82683, 7.08963), (-4.61586, 3.82683, 6.72691), (-5.1001, 3.82683, 6.32271), (-5.55289, 3.82683, 5.87953),
            (-5.97145, 3.82683, 5.40011), (-6.35319, 3.82683, 4.88738), (-6.69576, 3.82683, 4.34453), (-6.99705, 3.82683, 3.77489),
            (-7.2552, 3.82683, 3.18198), (-7.46862, 3.82683, 2.56945), (-7.636, 3.82683, 1.94108), (-7.75629, 3.82683, 1.30074),
            (-7.82877, 3.82683, 0.652381), (-7.85298, 3.82683, 1.01828e-15), (-7.82877, 3.82683, -0.652381), (-7.75629, 3.82683, -1.30074),
            (-7.636, 3.82683, -1.94108), (-7.46862, 3.82683, -2.56945), (-7.2552, 3.82683, -3.18198), (-6.99705, 3.82683, -3.77489),
            (-6.69576, 3.82683, -4.34453), (-6.35319, 3.82683, -4.88738), (-5.97145, 3.82683, -5.40011), (-5.55289, 3.82683, -5.87953),
            (-5.1001, 3.82683, -6.32271), (-4.61586, 3.82683, -6.72691), (-4.10317, 3.82683, -7.08963), (-3.56518, 3.82683, -7.40864),
            (-3.0052, 3.82683, -7.68198), (-2.4267, 3.82683, -7.90795), (-1.83324, 3.82683, -8.08517), (-1.22848, 3.82683, -8.21255),
            (-0.616137, 3.82683, -8.28928), (-1.44257e-15, 3.82683, -8.31492), (0.616137, 3.82683, -8.28928), (1.22848, 3.82683, -8.21255),
            (1.83324, 3.82683, -8.08517), (2.4267, 3.82683, -7.90795), (3.0052, 3.82683, -7.68198), (3.56518, 3.82683, -7.40864),
            (4.10317, 3.82683, -7.08963), (4.61586, 3.82683, -6.72691), (5.1001, 3.82683, -6.32271), (5.55289, 3.82683, -5.87953),
            (5.97145, 3.82683, -5.40011), (6.35319, 3.82683, -4.88738), (6.69576, 3.82683, -4.34453), (6.99705, 3.82683, -3.77489),
            (7.2552, 3.82683, -3.18198), (7.46862, 3.82683, -2.56945), (7.636, 3.82683, -1.94108), (7.75629, 3.82683, -1.30074),
            (7.82877, 3.82683, -0.652381), (8.02301, 3.30279, 0), (7.99828, 3.30279, 0.666506), (7.92423, 3.30279, 1.3289),
            (7.80133, 3.30279, 1.98311), (7.63033, 3.30279, 2.62508), (7.41229, 3.30279, 3.25088), (7.14855, 3.30279, 3.85663),
            (6.84074, 3.30279, 4.4386), (6.49075, 3.30279, 4.99321), (6.10074, 3.30279, 5.51703), (5.67312, 3.30279, 6.00684),
            (5.21053, 3.30279, 6.45961), (4.71581, 3.30279, 6.87256), (4.19201, 3.30279, 7.24314), (3.64237, 3.30279, 7.56906),
            (3.07027, 3.30279, 7.84831), (2.47925, 3.30279, 8.07918), (1.87293, 3.30279, 8.26023), (1.25508, 3.30279, 8.39036),
            (0.629478, 3.30279, 8.46876), (4.91268e-16, 3.30279, 8.49495), (-0.629478, 3.30279, 8.46876), (-1.25508, 3.30279, 8.39036),
            (-1.87293, 3.30279, 8.26023), (-2.47925, 3.30279, 8.07918), (-3.07027, 3.30279, 7.84831), (-3.64237, 3.30279, 7.56906),
            (-4.19201, 3.30279, 7.24314), (-4.71581, 3.30279, 6.87256), (-5.21053, 3.30279, 6.45961), (-5.67312, 3.30279, 6.00684),
            (-6.10074, 3.30279, 5.51703), (-6.49075, 3.30279, 4.99321), (-6.84074, 3.30279, 4.4386), (-7.14855, 3.30279, 3.85663),
            (-7.41229, 3.30279, 3.25088), (-7.63033, 3.30279, 2.62508), (-7.80133, 3.30279, 1.98311), (-7.92423, 3.30279, 1.3289),
            (-7.99828, 3.30279, 0.666506), (-8.02301, 3.30279, 1.04033e-15), (-7.99828, 3.30279, -0.666506), (-7.92423, 3.30279, -1.3289),
            (-7.80133, 3.30279, -1.98311), (-7.63033, 3.30279, -2.62508), (-7.41229, 3.30279, -3.25088), (-7.14855, 3.30279, -3.85663),
            (-6.84074, 3.30279, -4.4386), (-6.49075, 3.30279, -4.99321), (-6.10074, 3.30279, -5.51703), (-5.67312, 3.30279, -6.00684),
            (-5.21053, 3.30279, -6.45961), (-4.71581, 3.30279, -6.87256), (-4.19201, 3.30279, -7.24314), (-3.64237, 3.30279, -7.56906),
            (-3.07027, 3.30279, -7.84831), (-2.47925, 3.30279, -8.07918), (-1.87293, 3.30279, -8.26023), (-1.25508, 3.30279, -8.39036),
            (-0.629478, 3.30279, -8.46876), (-1.4738e-15, 3.30279, -8.49495), (0.629478, 3.30279, -8.46876), (1.25508, 3.30279, -8.39036),
            (1.87293, 3.30279, -8.26023), (2.47925, 3.30279, -8.07918), (3.07027, 3.30279, -7.84831), (3.64237, 3.30279, -7.56906),
            (4.19201, 3.30279, -7.24314), (4.71581, 3.30279, -6.87256), (5.21053, 3.30279, -6.45961), (5.67312, 3.30279, -6.00684),
            (6.10074, 3.30279, -5.51703), (6.49075, 3.30279, -4.99321), (6.84074, 3.30279, -4.4386), (7.14855, 3.30279, -3.85663),
            (7.41229, 3.30279, -3.25088), (7.63033, 3.30279, -2.62508), (7.80133, 3.30279, -1.98311), (7.92423, 3.30279, -1.3289),
            (7.99828, 3.30279, -0.666506), (8.1678, 2.76836, 0), (8.14262, 2.76836, 0.678534), (8.06724, 2.76836, 1.35289),
            (7.94212, 2.76836, 2.0189), (7.76804, 2.76836, 2.67246), (7.54606, 2.76836, 3.30954), (7.27756, 2.76836, 3.92623),
            (6.96419, 2.76836, 4.5187), (6.60789, 2.76836, 5.08332), (6.21084, 2.76836, 5.61659), (5.7755, 2.76836, 6.11524),
            (5.30456, 2.76836, 6.57619), (4.80091, 2.76836, 6.99659), (4.26766, 2.76836, 7.37385), (3.7081, 2.76836, 7.70565),
            (3.12568, 2.76836, 7.98995), (2.52399, 2.76836, 8.22498), (1.90673, 2.76836, 8.4093), (1.27772, 2.76836, 8.54178),
            (0.640838, 2.76836, 8.6216), (5.00133e-16, 2.76836, 8.64826), (-0.640838, 2.76836, 8.6216), (-1.27772, 2.76836, 8.54178),
            (-1.90673, 2.76836, 8.4093), (-2.52399, 2.76836, 8.22498), (-3.12568, 2.76836, 7.98995), (-3.7081, 2.76836, 7.70565),
            (-4.26766, 2.76836, 7.37385), (-4.80091, 2.76836, 6.99659), (-5.30456, 2.76836, 6.57619), (-5.7755, 2.76836, 6.11524),
            (-6.21084, 2.76836, 5.61659), (-6.60789, 2.76836, 5.08332), (-6.96419, 2.76836, 4.5187), (-7.27756, 2.76836, 3.92623),
            (-7.54606, 2.76836, 3.30954), (-7.76804, 2.76836, 2.67246), (-7.94212, 2.76836, 2.0189), (-8.06724, 2.76836, 1.35289),
            (-8.14262, 2.76836, 0.678534), (-8.1678, 2.76836, 1.05911e-15), (-8.14262, 2.76836, -0.678534), (-8.06724, 2.76836, -1.35289),
            (-7.94212, 2.76836, -2.0189), (-7.76804, 2.76836, -2.67246), (-7.54606, 2.76836, -3.30954), (-7.27756, 2.76836, -3.92623),
            (-6.96419, 2.76836, -4.5187), (-6.60789, 2.76836, -5.08332), (-6.21084, 2.76836, -5.61659), (-5.7755, 2.76836, -6.11524),
            (-5.30456, 2.76836, -6.57619), (-4.80091, 2.76836, -6.99659), (-4.26766, 2.76836, -7.37385), (-3.7081, 2.76836, -7.70565),
            (-3.12568, 2.76836, -7.98995), (-2.52399, 2.76836, -8.22498), (-1.90673, 2.76836, -8.4093), (-1.27772, 2.76836, -8.54178),
            (-0.640838, 2.76836, -8.6216), (-1.5004e-15, 2.76836, -8.64826), (0.640838, 2.76836, -8.6216), (1.27772, 2.76836, -8.54178),
            (1.90673, 2.76836, -8.4093), (2.52399, 2.76836, -8.22498), (3.12568, 2.76836, -7.98995), (3.7081, 2.76836, -7.70565),
            (4.26766, 2.76836, -7.37385), (4.80091, 2.76836, -6.99659), (5.30456, 2.76836, -6.57619), (5.7755, 2.76836, -6.11524),
            (6.21084, 2.76836, -5.61659), (6.60789, 2.76836, -5.08332), (6.96419, 2.76836, -4.5187), (7.27756, 2.76836, -3.92623),
            (7.54606, 2.76836, -3.30954), (7.76804, 2.76836, -2.67246), (7.94212, 2.76836, -2.0189), (8.06724, 2.76836, -1.35289),
            (8.14262, 2.76836, -0.678534), (8.28689, 2.22521, 0), (8.26134, 2.22521, 0.688428), (8.18486, 2.22521, 1.37261),
            (8.05792, 2.22521, 2.04833), (7.8813, 2.22521, 2.71142), (7.65609, 2.22521, 3.3578), (7.38367, 2.22521, 3.98347),
            (7.06573, 2.22521, 4.58459), (6.70423, 2.22521, 5.15743), (6.3014, 2.22521, 5.69849), (5.85971, 2.22521, 6.2044),
            (5.3819, 2.22521, 6.67207), (4.87091, 2.22521, 7.0986), (4.32989, 2.22521, 7.48136), (3.76217, 2.22521, 7.818),
            (3.17125, 2.22521, 8.10644), (2.56079, 2.22521, 8.3449), (1.93454, 2.22521, 8.53192), (1.29635, 2.22521, 8.66632),
            (0.650182, 2.22521, 8.7473), (5.07425e-16, 2.22521, 8.77435), (-0.650182, 2.22521, 8.7473), (-1.29635, 2.22521, 8.66632),
            (-1.93454, 2.22521, 8.53192), (-2.56079, 2.22521, 8.3449), (-3.17125, 2.22521, 8.10644), (-3.76217, 2.22521, 7.818),
            (-4.32989, 2.22521, 7.48136), (-4.87091, 2.22521, 7.0986), (-5.3819, 2.22521, 6.67207), (-5.85971, 2.22521, 6.2044),
            (-6.3014, 2.22521, 5.69849), (-6.70423, 2.22521, 5.15743), (-7.06573, 2.22521, 4.58459), (-7.38367, 2.22521, 3.98347),
            (-7.65609, 2.22521, 3.3578), (-7.8813, 2.22521, 2.71142), (-8.05792, 2.22521, 2.04833), (-8.18486, 2.22521, 1.37261),
            (-8.26134, 2.22521, 0.688428), (-8.28689, 2.22521, 1.07455e-15), (-8.26134, 2.22521, -0.688428), (-8.18486, 2.22521, -1.37261),
            (-8.05792, 2.22521, -2.04833), (-7.8813, 2.22521, -2.71142), (-7.65609, 2.22521, -3.3578), (-7.38367, 2.22521, -3.98347),
            (-7.06573, 2.22521, -4.58459), (-6.70423, 2.22521, -5.15743), (-6.3014, 2.22521, -5.69849), (-5.85971, 2.22521, -6.2044),
            (-5.3819, 2.22521, -6.67207), (-4.87091, 2.22521, -7.0986), (-4.32989, 2.22521, -7.48136), (-3.76217, 2.22521, -7.818),
            (-3.17125, 2.22521, -8.10644), (-2.56079, 2.22521, -8.3449), (-1.93454, 2.22521, -8.53192), (-1.29635, 2.22521, -8.66632),
            (-0.650182, 2.22521, -8.7473), (-1.52228e-15, 2.22521, -8.77435), (0.650182, 2.22521, -8.7473), (1.29635, 2.22521, -8.66632),
            (1.93454, 2.22521, -8.53192), (2.56079, 2.22521, -8.3449), (3.17125, 2.22521, -8.10644), (3.76217, 2.22521, -7.818),
            (4.32989, 2.22521, -7.48136), (4.87091, 2.22521, -7.0986), (5.3819, 2.22521, -6.67207), (5.85971, 2.22521, -6.2044),
            (6.3014, 2.22521, -5.69849), (6.70423, 2.22521, -5.15743), (7.06573, 2.22521, -4.58459), (7.38367, 2.22521, -3.98347),
            (7.65609, 2.22521, -3.3578), (7.8813, 2.22521, -2.71142), (8.05792, 2.22521, -2.04833), (8.18486, 2.22521, -1.37261),
            (8.26134, 2.22521, -0.688428), (8.3799, 1.67506, 0), (8.35407, 1.67506, 0.696155), (8.27673, 1.67506, 1.38802),
            (8.14837, 1.67506, 2.07132), (7.96976, 1.67506, 2.74186), (7.74202, 1.67506, 3.39549), (7.46655, 1.67506, 4.02818),
            (7.14504, 1.67506, 4.63605), (6.77948, 1.67506, 5.21532), (6.37213, 1.67506, 5.76245), (5.92549, 1.67506, 6.27404),
            (5.44231, 1.67506, 6.74696), (4.92558, 1.67506, 7.17828), (4.37849, 1.67506, 7.56534), (3.8044, 1.67506, 7.90576),
            (3.20685, 1.67506, 8.19743), (2.58953, 1.67506, 8.43857), (1.95625, 1.67506, 8.62768), (1.31091, 1.67506, 8.7636),
            (0.65748, 1.67506, 8.84549), (5.13121e-16, 1.67506, 8.87284), (-0.65748, 1.67506, 8.84549), (-1.31091, 1.67506, 8.7636),
            (-1.95625, 1.67506, 8.62768), (-2.58953, 1.67506, 8.43857), (-3.20685, 1.67506, 8.19743), (-3.8044, 1.67506, 7.90576),
            (-4.37849, 1.67506, 7.56534), (-4.92558, 1.67506, 7.17828), (-5.44231, 1.67506, 6.74696), (-5.92549, 1.67506, 6.27404),
            (-6.37213, 1.67506, 5.76245), (-6.77948, 1.67506, 5.21532), (-7.14504, 1.67506, 4.63605), (-7.46655, 1.67506, 4.02818),
            (-7.74202, 1.67506, 3.39549), (-7.96976, 1.67506, 2.74186), (-8.14837, 1.67506, 2.07132), (-8.27673, 1.67506, 1.38802),
            (-8.35407, 1.67506, 0.696155), (-8.3799, 1.67506, 1.08661e-15), (-8.35407, 1.67506, -0.696155), (-8.27673, 1.67506, -1.38802),
            (-8.14837, 1.67506, -2.07132), (-7.96976, 1.67506, -2.74186), (-7.74202, 1.67506, -3.39549), (-7.46655, 1.67506, -4.02818),
            (-7.14504, 1.67506, -4.63605), (-6.77948, 1.67506, -5.21532), (-6.37213, 1.67506, -5.76245), (-5.92549, 1.67506, -6.27404),
            (-5.44231, 1.67506, -6.74696), (-4.92558, 1.67506, -7.17828), (-4.37849, 1.67506, -7.56534), (-3.8044, 1.67506, -7.90576),
            (-3.20685, 1.67506, -8.19743), (-2.58953, 1.67506, -8.43857), (-1.95625, 1.67506, -8.62768), (-1.31091, 1.67506, -8.7636),
            (-0.65748, 1.67506, -8.84549), (-1.53936e-15, 1.67506, -8.87284), (0.65748, 1.67506, -8.84549), (1.31091, 1.67506, -8.7636),
            (1.95625, 1.67506, -8.62768), (2.58953, 1.67506, -8.43857), (3.20685, 1.67506, -8.19743), (3.8044, 1.67506, -7.90576),
            (4.37849, 1.67506, -7.56534), (4.92558, 1.67506, -7.17828), (5.44231, 1.67506, -6.74696), (5.92549, 1.67506, -6.27404),
            (6.37213, 1.67506, -5.76245), (6.77948, 1.67506, -5.21532), (7.14504, 1.67506, -4.63605), (7.46655, 1.67506, -4.02818),
            (7.74202, 1.67506, -3.39549), (7.96976, 1.67506, -2.74186), (8.14837, 1.67506, -2.07132), (8.27673, 1.67506, -1.38802),
            (8.35407, 1.67506, -0.696155), (8.44655, 1.11964, 0), (8.42052, 1.11964, 0.701692), (8.34256, 1.11964, 1.39906),
            (8.21317, 1.11964, 2.0878), (8.03315, 1.11964, 2.76367), (7.8036, 1.11964, 3.42249), (7.52593, 1.11964, 4.06022),
            (7.20187, 1.11964, 4.67292), (6.83341, 1.11964, 5.2568), (6.42281, 1.11964, 5.80828), (5.97262, 1.11964, 6.32395),
            (5.4856, 1.11964, 6.80062), (4.96476, 1.11964, 7.23537), (4.41331, 1.11964, 7.62551), (3.83466, 1.11964, 7.96864),
            (3.23236, 1.11964, 8.26263), (2.61013, 1.11964, 8.50569), (1.97181, 1.11964, 8.6963), (1.32133, 1.11964, 8.8333),
            (0.662709, 1.11964, 8.91584), (5.17202e-16, 1.11964, 8.94341), (-0.662709, 1.11964, 8.91584), (-1.32133, 1.11964, 8.8333),
            (-1.97181, 1.11964, 8.6963), (-2.61013, 1.11964, 8.50569), (-3.23236, 1.11964, 8.26263), (-3.83466, 1.11964, 7.96864),
            (-4.41331, 1.11964, 7.62551), (-4.96476, 1.11964, 7.23537), (-5.4856, 1.11964, 6.80062), (-5.97262, 1.11964, 6.32395),
            (-6.42281, 1.11964, 5.80828), (-6.83341, 1.11964, 5.2568), (-7.20187, 1.11964, 4.67292), (-7.52593, 1.11964, 4.06022),
            (-7.8036, 1.11964, 3.42249), (-8.03315, 1.11964, 2.76367), (-8.21317, 1.11964, 2.0878), (-8.34256, 1.11964, 1.39906),
            (-8.42052, 1.11964, 0.701692), (-8.44655, 1.11964, 1.09525e-15), (-8.42052, 1.11964, -0.701692), (-8.34256, 1.11964, -1.39906),
            (-8.21317, 1.11964, -2.0878), (-8.03315, 1.11964, -2.76367), (-7.8036, 1.11964, -3.42249), (-7.52593, 1.11964, -4.06022),
            (-7.20187, 1.11964, -4.67292), (-6.83341, 1.11964, -5.2568), (-6.42281, 1.11964, -5.80828), (-5.97262, 1.11964, -6.32395),
            (-5.4856, 1.11964, -6.80062), (-4.96476, 1.11964, -7.23537), (-4.41331, 1.11964, -7.62551), (-3.83466, 1.11964, -7.96864),
            (-3.23236, 1.11964, -8.26263), (-2.61013, 1.11964, -8.50569), (-1.97181, 1.11964, -8.6963), (-1.32133, 1.11964, -8.8333),
            (-0.662709, 1.11964, -8.91584), (-1.55161e-15, 1.11964, -8.94341), (0.662709, 1.11964, -8.91584), (1.32133, 1.11964, -8.8333),
            (1.97181, 1.11964, -8.6963), (2.61013, 1.11964, -8.50569), (3.23236, 1.11964, -8.26263), (3.83466, 1.11964, -7.96864),
            (4.41331, 1.11964, -7.62551), (4.96476, 1.11964, -7.23537), (5.4856, 1.11964, -6.80062), (5.97262, 1.11964, -6.32395),
            (6.42281, 1.11964, -5.80828), (6.83341, 1.11964, -5.2568), (7.20187, 1.11964, -4.67292), (7.52593, 1.11964, -4.06022),
            (7.8036, 1.11964, -3.42249), (8.03315, 1.11964, -2.76367), (8.21317, 1.11964, -2.0878), (8.34256, 1.11964, -1.39906),
            (8.42052, 1.11964, -0.701692), (8.48663, 0.560704, 0), (8.46047, 0.560704, 0.705021), (8.38214, 0.560704, 1.4057),
            (8.25214, 0.560704, 2.0977), (8.07126, 0.560704, 2.77678), (7.84062, 0.560704, 3.43873), (7.56164, 0.560704, 4.07949),
            (7.23604, 0.560704, 4.69509), (6.86583, 0.560704, 5.28175), (6.45328, 0.560704, 5.83584), (6.00095, 0.560704, 6.35395),
            (5.51162, 0.560704, 6.83289), (4.98831, 0.560704, 7.2697), (4.43425, 0.560704, 7.66169), (3.85285, 0.560704, 8.00644),
            (3.24769, 0.560704, 8.30183), (2.62251, 0.560704, 8.54604), (1.98116, 0.560704, 8.73756), (1.3276, 0.560704, 8.87521),
            (0.665853, 0.560704, 8.95814), (5.19656e-16, 0.560704, 8.98584), (-0.665853, 0.560704, 8.95814), (-1.3276, 0.560704, 8.87521),
            (-1.98116, 0.560704, 8.73756), (-2.62251, 0.560704, 8.54604), (-3.24769, 0.560704, 8.30183), (-3.85285, 0.560704, 8.00644),
            (-4.43425, 0.560704, 7.66169), (-4.98831, 0.560704, 7.2697), (-5.51162, 0.560704, 6.83289), (-6.00095, 0.560704, 6.35395),
            (-6.45328, 0.560704, 5.83584), (-6.86583, 0.560704, 5.28175), (-7.23604, 0.560704, 4.69509), (-7.56164, 0.560704, 4.07949),
            (-7.84062, 0.560704, 3.43873), (-8.07126, 0.560704, 2.77678), (-8.25214, 0.560704, 2.0977), (-8.38214, 0.560704, 1.4057),
            (-8.46047, 0.560704, 0.705021), (-8.48663, 0.560704, 1.10045e-15), (-8.46047, 0.560704, -0.705021), (-8.38214, 0.560704, -1.4057),
            (-8.25214, 0.560704, -2.0977), (-8.07126, 0.560704, -2.77678), (-7.84062, 0.560704, -3.43873), (-7.56164, 0.560704, -4.07949),
            (-7.23604, 0.560704, -4.69509), (-6.86583, 0.560704, -5.28175), (-6.45328, 0.560704, -5.83584), (-6.00095, 0.560704, -6.35395),
            (-5.51162, 0.560704, -6.83289), (-4.98831, 0.560704, -7.2697), (-4.43425, 0.560704, -7.66169), (-3.85285, 0.560704, -8.00644),
            (-3.24769, 0.560704, -8.30183), (-2.62251, 0.560704, -8.54604), (-1.98116, 0.560704, -8.73756), (-1.3276, 0.560704, -8.87521),
            (-0.665853, 0.560704, -8.95814), (-1.55897e-15, 0.560704, -8.98584), (0.665853, 0.560704, -8.95814), (1.3276, 0.560704, -8.87521),
            (1.98116, 0.560704, -8.73756), (2.62251, 0.560704, -8.54604), (3.24769, 0.560704, -8.30183), (3.85285, 0.560704, -8.00644),
            (4.43425, 0.560704, -7.66169), (4.98831, 0.560704, -7.2697), (5.51162, 0.560704, -6.83289), (6.00095, 0.560704, -6.35395),
            (6.45328, 0.560704, -5.83584), (6.86583, 0.560704, -5.28175), (7.23604, 0.560704, -4.69509), (7.56164, 0.560704, -4.07949),
            (7.84062, 0.560704, -3.43873), (8.07126, 0.560704, -2.77678), (8.25214, 0.560704, -2.0977), (8.38214, 0.560704, -1.4057),
            (8.46047, 0.560704, -0.705021), (8.5, 6.12323e-16, 0), (8.4738, 6.12323e-16, 0.706132), (8.39535, 6.12323e-16, 1.40791),
            (8.26514, 6.12323e-16, 2.10101), (8.08398, 6.12323e-16, 2.78115), (7.85298, 6.12323e-16, 3.44415), (7.57356, 6.12323e-16, 4.08591),
            (7.24744, 6.12323e-16, 4.70249), (6.87664, 6.12323e-16, 5.29007), (6.46345, 6.12323e-16, 5.84503), (6.01041, 6.12323e-16, 6.36396),
            (5.52031, 6.12323e-16, 6.84365), (4.99617, 6.12323e-16, 7.28115), (4.44124, 6.12323e-16, 7.67376), (3.85892, 6.12323e-16, 8.01906),
            (3.25281, 6.12323e-16, 8.31492), (2.62664, 6.12323e-16, 8.55951), (1.98429, 6.12323e-16, 8.75133), (1.32969, 6.12323e-16, 8.8892),
            (0.666902, 6.12323e-16, 8.97226), (5.20475e-16, 6.12323e-16, 9), (-0.666902, 6.12323e-16, 8.97226), (-1.32969, 6.12323e-16, 8.8892),
            (-1.98429, 6.12323e-16, 8.75133), (-2.62664, 6.12323e-16, 8.55951), (-3.25281, 6.12323e-16, 8.31492), (-3.85892, 6.12323e-16, 8.01906),
            (-4.44124, 6.12323e-16, 7.67376), (-4.99617, 6.12323e-16, 7.28115), (-5.52031, 6.12323e-16, 6.84365), (-6.01041, 6.12323e-16, 6.36396),
            (-6.46345, 6.12323e-16, 5.84503), (-6.87664, 6.12323e-16, 5.29007), (-7.24744, 6.12323e-16, 4.70249), (-7.57356, 6.12323e-16, 4.08591),
            (-7.85298, 6.12323e-16, 3.44415), (-8.08398, 6.12323e-16, 2.78115), (-8.26514, 6.12323e-16, 2.10101), (-8.39535, 6.12323e-16, 1.40791),
            (-8.4738, 6.12323e-16, 0.706132), (-8.5, 6.12323e-16, 1.10218e-15), (-8.4738, 6.12323e-16, -0.706132), (-8.39535, 6.12323e-16, -1.40791),
            (-8.26514, 6.12323e-16, -2.10101), (-8.08398, 6.12323e-16, -2.78115), (-7.85298, 6.12323e-16, -3.44415), (-7.57356, 6.12323e-16, -4.08591),
            (-7.24744, 6.12323e-16, -4.70249), (-6.87664, 6.12323e-16, -5.29007), (-6.46345, 6.12323e-16, -5.84503), (-6.01041, 6.12323e-16, -6.36396),
            (-5.52031, 6.12323e-16, -6.84365), (-4.99617, 6.12323e-16, -7.28115), (-4.44124, 6.12323e-16, -7.67376), (-3.85892, 6.12323e-16, -8.01906),
            (-3.25281, 6.12323e-16, -8.31492), (-2.62664, 6.12323e-16, -8.55951), (-1.98429, 6.12323e-16, -8.75133), (-1.32969, 6.12323e-16, -8.8892),
            (-0.666902, 6.12323e-16, -8.97226), (-1.56142e-15, 6.12323e-16, -9), (0.666902, 6.12323e-16, -8.97226), (1.32969, 6.12323e-16, -8.8892),
            (1.98429, 6.12323e-16, -8.75133), (2.62664, 6.12323e-16, -8.55951), (3.25281, 6.12323e-16, -8.31492), (3.85892, 6.12323e-16, -8.01906),
            (4.44124, 6.12323e-16, -7.67376), (4.99617, 6.12323e-16, -7.28115), (5.52031, 6.12323e-16, -6.84365), (6.01041, 6.12323e-16, -6.36396),
            (6.46345, 6.12323e-16, -5.84503), (6.87664, 6.12323e-16, -5.29007), (7.24744, 6.12323e-16, -4.70249), (7.57356, 6.12323e-16, -4.08591),
            (7.85298, 6.12323e-16, -3.44415), (8.08398, 6.12323e-16, -2.78115), (8.26514, 6.12323e-16, -2.10101), (8.39535, 6.12323e-16, -1.40791),
            (8.4738, 6.12323e-16, -0.706132), (8.48663, -0.560704, 0), (8.46047, -0.560704, 0.705021), (8.38214, -0.560704, 1.4057),
            (8.25214, -0.560704, 2.0977), (8.07126, -0.560704, 2.77678), (7.84062, -0.560704, 3.43873), (7.56164, -0.560704, 4.07949),
            (7.23604, -0.560704, 4.69509), (6.86583, -0.560704, 5.28175), (6.45328, -0.560704, 5.83584), (6.00095, -0.560704, 6.35395),
            (5.51162, -0.560704, 6.83289), (4.98831, -0.560704, 7.2697), (4.43425, -0.560704, 7.66169), (3.85285, -0.560704, 8.00644),
            (3.24769, -0.560704, 8.30183), (2.62251, -0.560704, 8.54604), (1.98116, -0.560704, 8.73756), (1.3276, -0.560704, 8.87521),
            (0.665853, -0.560704, 8.95814), (5.19656e-16, -0.560704, 8.98584), (-0.665853, -0.560704, 8.95814), (-1.3276, -0.560704, 8.87521),
            (-1.98116, -0.560704, 8.73756), (-2.62251, -0.560704, 8.54604), (-3.24769, -0.560704, 8.30183), (-3.85285, -0.560704, 8.00644),
            (-4.43425, -0.560704, 7.66169), (-4.98831, -0.560704, 7.2697), (-5.51162, -0.560704, 6.83289), (-6.00095, -0.560704, 6.35395),
            (-6.45328, -0.560704, 5.83584), (-6.86583, -0.560704, 5.28175), (-7.23604, -0.560704, 4.69509), (-7.56164, -0.560704, 4.07949),
            (-7.84062, -0.560704, 3.43873), (-8.07126, -0.560704, 2.77678), (-8.25214, -0.560704, 2.0977), (-8.38214, -0.560704, 1.4057),
            (-8.46047, -0.560704, 0.705021), (-8.48663, -0.560704, 1.10045e-15), (-8.46047, -0.560704, -0.705021), (-8.38214, -0.560704, -1.4057),
            (-8.25214, -0.560704, -2.0977), (-8.07126, -0.560704, -2.77678), (-7.84062, -0.560704, -3.43873), (-7.56164, -0.560704, -4.07949),
            (-7.23604, -0.560704, -4.69509), (-6.86583, -0.560704, -5.28175), (-6.45328, -0.560704, -5.83584), (-6.00095, -0.560704, -6.35395),
            (-5.51162, -0.560704, -6.83289), (-4.98831, -0.560704, -7.2697), (-4.43425, -0.560704, -7.66169), (-3.85285, -0.560704, -8.00644),
            (-3.24769, -0.560704, -8.30183), (-2.62251, -0.560704, -8.54604), (-1.98116, -0.560704, -8.73756), (-1.3276, -0.560704, -8.87521),
            (-0.665853, -0.560704, -8.95814), (-1.55897e-15, -0.560704, -8.98584), (0.665853, -0.560704, -8.95814), (1.3276, -0.560704, -8.87521),
            (1.98116, -0.560704, -8.73756), (2.62251, -0.560704, -8.54604), (3.24769, -0.560704, -8.30183), (3.85285, -0.560704, -8.00644),
            (4.43425, -0.560704, -7.66169), (4.98831, -0.560704, -7.2697), (5.51162, -0.560704, -6.83289), (6.00095, -0.560704, -6.35395),
            (6.45328, -0.560704, -5.83584), (6.86583, -0.560704, -5.28175), (7.23604, -0.560704, -4.69509), (7.56164, -0.560704, -4.07949),
            (7.84062, -0.560704, -3.43873), (8.07126, -0.560704, -2.77678), (8.25214, -0.560704, -2.0977), (8.38214, -0.560704, -1.4057),
            (8.46047, -0.560704, -0.705021), (8.44655, -1.11964, 0), (8.42052, -1.11964, 0.701692), (8.34256, -1.11964, 1.39906),
            (8.21317, -1.11964, 2.0878), (8.03315, -1.11964, 2.76367), (7.8036, -1.11964, 3.42249), (7.52593, -1.11964, 4.06022),
            (7.20187, -1.11964, 4.67292), (6.83341, -1.11964, 5.2568), (6.42281, -1.11964, 5.80828), (5.97262, -1.11964, 6.32395),
            (5.4856, -1.11964, 6.80062), (4.96476, -1.11964, 7.23537), (4.41331, -1.11964, 7.62551), (3.83466, -1.11964, 7.96864),
            (3.23236, -1.11964, 8.26263), (2.61013, -1.11964, 8.50569), (1.97181, -1.11964, 8.6963), (1.32133, -1.11964, 8.8333),
            (0.662709, -1.11964, 8.91584), (5.17202e-16, -1.11964, 8.94341), (-0.662709, -1.11964, 8.91584), (-1.32133, -1.11964, 8.8333),
            (-1.97181, -1.11964, 8.6963), (-2.61013, -1.11964, 8.50569), (-3.23236, -1.11964, 8.26263), (-3.83466, -1.11964, 7.96864),
            (-4.41331, -1.11964, 7.62551), (-4.96476, -1.11964, 7.23537), (-5.4856, -1.11964, 6.80062), (-5.97262, -1.11964, 6.32395),
            (-6.42281, -1.11964, 5.80828), (-6.83341, -1.11964, 5.2568), (-7.20187, -1.11964, 4.67292), (-7.52593, -1.11964, 4.06022),
            (-7.8036, -1.11964, 3.42249), (-8.03315, -1.11964, 2.76367), (-8.21317, -1.11964, 2.0878), (-8.34256, -1.11964, 1.39906),
            (-8.42052, -1.11964, 0.701692), (-8.44655, -1.11964, 1.09525e-15), (-8.42052, -1.11964, -0.701692), (-8.34256, -1.11964, -1.39906),
            (-8.21317, -1.11964, -2.0878), (-8.03315, -1.11964, -2.76367), (-7.8036, -1.11964, -3.42249), (-7.52593, -1.11964, -4.06022),
            (-7.20187, -1.11964, -4.67292), (-6.83341, -1.11964, -5.2568), (-6.42281, -1.11964, -5.80828), (-5.97262, -1.11964, -6.32395),
            (-5.4856, -1.11964, -6.80062), (-4.96476, -1.11964, -7.23537), (-4.41331, -1.11964, -7.62551), (-3.83466, -1.11964, -7.96864),
            (-3.23236, -1.11964, -8.26263), (-2.61013, -1.11964, -8.50569), (-1.97181, -1.11964, -8.6963), (-1.32133, -1.11964, -8.8333),
            (-0.662709, -1.11964, -8.91584), (-1.55161e-15, -1.11964, -8.94341), (0.662709, -1.11964, -8.91584), (1.32133, -1.11964, -8.8333),
            (1.97181, -1.11964, -8.6963), (2.61013, -1.11964, -8.50569), (3.23236, -1.11964, -8.26263), (3.83466, -1.11964, -7.96864),
            (4.41331, -1.11964, -7.62551), (4.96476, -1.11964, -7.23537), (5.4856, -1.11964, -6.80062), (5.97262, -1.11964, -6.32395),
            (6.42281, -1.11964, -5.80828), (6.83341, -1.11964, -5.2568), (7.20187, -1.11964, -4.67292), (7.52593, -1.11964, -4.06022),
            (7.8036, -1.11964, -3.42249), (8.03315, -1.11964, -2.76367), (8.21317, -1.11964, -2.0878), (8.34256, -1.11964, -1.39906),
            (8.42052, -1.11964, -0.701692), (8.3799, -1.67506, 0), (8.35407, -1.67506, 0.696155), (8.27673, -1.67506, 1.38802),
            (8.14837, -1.67506, 2.07132), (7.96976, -1.67506, 2.74186), (7.74202, -1.67506, 3.39549), (7.46655, -1.67506, 4.02818),
            (7.14504, -1.67506, 4.63605), (6.77948, -1.67506, 5.21532), (6.37213, -1.67506, 5.76245), (5.92549, -1.67506, 6.27404),
            (5.44231, -1.67506, 6.74696), (4.92558, -1.67506, 7.17828), (4.37849, -1.67506, 7.56534), (3.8044, -1.67506, 7.90576),
            (3.20685, -1.67506, 8.19743), (2.58953, -1.67506, 8.43857), (1.95625, -1.67506, 8.62768), (1.31091, -1.67506, 8.7636),
            (0.65748, -1.67506, 8.84549), (5.13121e-16, -1.67506, 8.87284), (-0.65748, -1.67506, 8.84549), (-1.31091, -1.67506, 8.7636),
            (-1.95625, -1.67506, 8.62768), (-2.58953, -1.67506, 8.43857), (-3.20685, -1.67506, 8.19743), (-3.8044, -1.67506, 7.90576),
            (-4.37849, -1.67506, 7.56534), (-4.92558, -1.67506, 7.17828), (-5.44231, -1.67506, 6.74696), (-5.92549, -1.67506, 6.27404),
            (-6.37213, -1.67506, 5.76245), (-6.77948, -1.67506, 5.21532), (-7.14504, -1.67506, 4.63605), (-7.46655, -1.67506, 4.02818),
            (-7.74202, -1.67506, 3.39549), (-7.96976, -1.67506, 2.74186), (-8.14837, -1.67506, 2.07132), (-8.27673, -1.67506, 1.38802),
            (-8.35407, -1.67506, 0.696155), (-8.3799, -1.67506, 1.08661e-15), (-8.35407, -1.67506, -0.696155), (-8.27673, -1.67506, -1.38802),
            (-8.14837, -1.67506, -2.07132), (-7.96976, -1.67506, -2.74186), (-7.74202, -1.67506, -3.39549), (-7.46655, -1.67506, -4.02818),
            (-7.14504, -1.67506, -4.63605), (-6.77948, -1.67506, -5.21532), (-6.37213, -1.67506, -5.76245), (-5.92549, -1.67506, -6.27404),
            (-5.44231, -1.67506, -6.74696), (-4.92558, -1.67506, -7.17828), (-4.37849, -1.67506, -7.56534), (-3.8044, -1.67506, -7.90576),
            (-3.20685, -1.67506, -8.19743), (-2.58953, -1.67506, -8.43857), (-1.95625, -1.67506, -8.62768), (-1.31091, -1.67506, -8.7636),
            (-0.65748, -1.67506, -8.84549), (-1.53936e-15, -1.67506, -8.87284), (0.65748, -1.67506, -8.84549), (1.31091, -1.67506, -8.7636),
            (1.95625, -1.67506, -8.62768), (2.58953, -1.67506, -8.43857), (3.20685, -1.67506, -8.19743), (3.8044, -1.67506, -7.90576),
            (4.37849, -1.67506, -7.56534), (4.92558, -1.67506, -7.17828), (5.44231, -1.67506, -6.74696), (5.92549, -1.67506, -6.27404),
            (6.37213, -1.67506, -5.76245), (6.77948, -1.67506, -5.21532), (7.14504, -1.67506, -4.63605), (7.46655, -1.67506, -4.02818),
            (7.74202, -1.67506, -3.39549), (7.96976, -1.67506, -2.74186), (8.14837, -1.67506, -2.07132), (8.27673, -1.67506, -1.38802),
            (8.35407, -1.67506, -0.696155), (8.28689, -2.22521, 0), (8.26134, -2.22521, 0.688428), (8.18486, -2.22521, 1.37261),
            (8.05792, -2.22521, 2.04833), (7.8813, -2.22521, 2.71142), (7.65609, -2.22521, 3.3578), (7.38367, -2.22521, 3.98347),
            (7.06573, -2.22521, 4.58459), (6.70423, -2.22521, 5.15743), (6.3014, -2.22521, 5.69849), (5.85971, -2.22521, 6.2044),
            (5.3819, -2.22521, 6.67207), (4.87091, -2.22521, 7.0986), (4.32989, -2.22521, 7.48136), (3.76217, -2.22521, 7.818),
            (3.17125, -2.22521, 8.10644), (2.56079, -2.22521, 8.3449), (1.93454, -2.22521, 8.53192), (1.29635, -2.22521, 8.66632),
            (0.650182, -2.22521, 8.7473), (5.07425e-16, -2.22521, 8.77435), (-0.650182, -2.22521, 8.7473), (-1.29635, -2.22521, 8.66632),
            (-1.93454, -2.22521, 8.53192), (-2.56079, -2.22521, 8.3449), (-3.17125, -2.22521, 8.10644), (-3.76217, -2.22521, 7.818),
            (-4.32989, -2.22521, 7.48136), (-4.87091, -2.22521, 7.0986), (-5.3819, -2.22521, 6.67207), (-5.85971, -2.22521, 6.2044),
            (-6.3014, -2.22521, 5.69849), (-6.70423, -2.22521, 5.15743), (-7.06573, -2.22521, 4.58459), (-7.38367, -2.22521, 3.98347),
            (-7.65609, -2.22521, 3.3578), (-7.8813, -2.22521, 2.71142), (-8.05792, -2.22521, 2.04833), (-8.18486, -2.22521, 1.37261),
            (-8.26134, -2.22521, 0.688428), (-8.28689, -2.22521, 1.07455e-15), (-8.26134, -2.22521, -0.688428), (-8.18486, -2.22521, -1.37261),
            (-8.05792, -2.22521, -2.04833), (-7.8813, -2.22521, -2.71142), (-7.65609, -2.22521, -3.3578), (-7.38367, -2.22521, -3.98347),
            (-7.06573, -2.22521, -4.58459), (-6.70423, -2.22521, -5.15743), (-6.3014, -2.22521, -5.69849), (-5.85971, -2.22521, -6.2044),
            (-5.3819, -2.22521, -6.67207), (-4.87091, -2.22521, -7.0986), (-4.32989, -2.22521, -7.48136), (-3.76217, -2.22521, -7.818),
            (-3.17125, -2.22521, -8.10644), (-2.56079, -2.22521, -8.3449), (-1.93454, -2.22521, -8.53192), (-1.29635, -2.22521, -8.66632),
            (-0.650182, -2.22521, -8.7473), (-1.52228e-15, -2.22521, -8.77435), (0.650182, -2.22521, -8.7473), (1.29635, -2.22521, -8.66632),
            (1.93454, -2.22521, -8.53192), (2.56079, -2.22521, -8.3449), (3.17125, -2.22521, -8.10644), (3.76217, -2.22521, -7.818),
            (4.32989, -2.22521, -7.48136), (4.87091, -2.22521, -7.0986), (5.3819, -2.22521, -6.67207), (5.85971, -2.22521, -6.2044),
            (6.3014, -2.22521, -5.69849), (6.70423, -2.22521, -5.15743), (7.06573, -2.22521, -4.58459), (7.38367, -2.22521, -3.98347),
            (7.65609, -2.22521, -3.3578), (7.8813, -2.22521, -2.71142), (8.05792, -2.22521, -2.04833), (8.18486, -2.22521, -1.37261),
            (8.26134, -2.22521, -0.688428), (8.1678, -2.76836, 0), (8.14262, -2.76836, 0.678534), (8.06724, -2.76836, 1.35289),
            (7.94212, -2.76836, 2.0189), (7.76804, -2.76836, 2.67246), (7.54606, -2.76836, 3.30954), (7.27756, -2.76836, 3.92623),
            (6.96419, -2.76836, 4.5187), (6.60789, -2.76836, 5.08332), (6.21084, -2.76836, 5.61659), (5.7755, -2.76836, 6.11524),
            (5.30456, -2.76836, 6.57619), (4.80091, -2.76836, 6.99659), (4.26766, -2.76836, 7.37385), (3.7081, -2.76836, 7.70565),
            (3.12568, -2.76836, 7.98995), (2.52399, -2.76836, 8.22498), (1.90673, -2.76836, 8.4093), (1.27772, -2.76836, 8.54178),
            (0.640838, -2.76836, 8.6216), (5.00133e-16, -2.76836, 8.64826), (-0.640838, -2.76836, 8.6216), (-1.27772, -2.76836, 8.54178),
            (-1.90673, -2.76836, 8.4093), (-2.52399, -2.76836, 8.22498), (-3.12568, -2.76836, 7.98995), (-3.7081, -2.76836, 7.70565),
            (-4.26766, -2.76836, 7.37385), (-4.80091, -2.76836, 6.99659), (-5.30456, -2.76836, 6.57619), (-5.7755, -2.76836, 6.11524),
            (-6.21084, -2.76836, 5.61659), (-6.60789, -2.76836, 5.08332), (-6.96419, -2.76836, 4.5187), (-7.27756, -2.76836, 3.92623),
            (-7.54606, -2.76836, 3.30954), (-7.76804, -2.76836, 2.67246), (-7.94212, -2.76836, 2.0189), (-8.06724, -2.76836, 1.35289),
            (-8.14262, -2.76836, 0.678534), (-8.1678, -2.76836, 1.05911e-15), (-8.14262, -2.76836, -0.678534), (-8.06724, -2.76836, -1.35289),
            (-7.94212, -2.76836, -2.0189), (-7.76804, -2.76836, -2.67246), (-7.54606, -2.76836, -3.30954), (-7.27756, -2.76836, -3.92623),
            (-6.96419, -2.76836, -4.5187), (-6.60789, -2.76836, -5.08332), (-6.21084, -2.76836, -5.61659), (-5.7755, -2.76836, -6.11524),
            (-5.30456, -2.76836, -6.57619), (-4.80091, -2.76836, -6.99659), (-4.26766, -2.76836, -7.37385), (-3.7081, -2.76836, -7.70565),
            (-3.12568, -2.76836, -7.98995), (-2.52399, -2.76836, -8.22498), (-1.90673, -2.76836, -8.4093), (-1.27772, -2.76836, -8.54178),
            (-0.640838, -2.76836, -8.6216), (-1.5004e-15, -2.76836, -8.64826), (0.640838, -2.76836, -8.6216), (1.27772, -2.76836, -8.54178),
            (1.90673, -2.76836, -8.4093), (2.52399, -2.76836, -8.22498), (3.12568, -2.76836, -7.98995), (3.7081, -2.76836, -7.70565),
            (4.26766, -2.76836, -7.37385), (4.80091, -2.76836, -6.99659), (5.30456, -2.76836, -6.57619), (5.7755, -2.76836, -6.11524),
            (6.21084, -2.76836, -5.61659), (6.60789, -2.76836, -5.08332), (6.96419, -2.76836, -4.5187), (7.27756, -2.76836, -3.92623),
            (7.54606, -2.76836, -3.30954), (7.76804, -2.76836, -2.67246), (7.94212, -2.76836, -2.0189), (8.06724, -2.76836, -1.35289),
            (8.14262, -2.76836, -0.678534), (8.02301, -3.30279, 0), (7.99828, -3.30279, 0.666506), (7.92423, -3.30279, 1.3289),
            (7.80133, -3.30279, 1.98311), (7.63033, -3.30279, 2.62508), (7.41229, -3.30279, 3.25088), (7.14855, -3.30279, 3.85663),
            (6.84074, -3.30279, 4.4386), (6.49075, -3.30279, 4.99321), (6.10074, -3.30279, 5.51703), (5.67312, -3.30279, 6.00684),
            (5.21053, -3.30279, 6.45961), (4.71581, -3.30279, 6.87256), (4.19201, -3.30279, 7.24314), (3.64237, -3.30279, 7.56906),
            (3.07027, -3.30279, 7.84831), (2.47925, -3.30279, 8.07918), (1.87293, -3.30279, 8.26023), (1.25508, -3.30279, 8.39036),
            (0.629478, -3.30279, 8.46876), (4.91268e-16, -3.30279, 8.49495), (-0.629478, -3.30279, 8.46876), (-1.25508, -3.30279, 8.39036),
            (-1.87293, -3.30279, 8.26023), (-2.47925, -3.30279, 8.07918), (-3.07027, -3.30279, 7.84831), (-3.64237, -3.30279, 7.56906),
            (-4.19201, -3.30279, 7.24314), (-4.71581, -3.30279, 6.87256), (-5.21053, -3.30279, 6.45961), (-5.67312, -3.30279, 6.00684),
            (-6.10074, -3.30279, 5.51703), (-6.49075, -3.30279, 4.99321), (-6.84074, -3.30279, 4.4386), (-7.14855, -3.30279, 3.85663),
            (-7.41229, -3.30279, 3.25088), (-7.63033, -3.30279, 2.62508), (-7.80133, -3.30279, 1.98311), (-7.92423, -3.30279, 1.3289),
            (-7.99828, -3.30279, 0.666506), (-8.02301, -3.30279, 1.04033e-15), (-7.99828, -3.30279, -0.666506), (-7.92423, -3.30279, -1.3289),
            (-7.80133, -3.30279, -1.98311), (-7.63033, -3.30279, -2.62508), (-7.41229, -3.30279, -3.25088), (-7.14855, -3.30279, -3.85663),
            (-6.84074, -3.30279, -4.4386), (-6.49075, -3.30279, -4.99321), (-6.10074, -3.30279, -5.51703), (-5.67312, -3.30279, -6.00684),
            (-5.21053, -3.30279, -6.45961), (-4.71581, -3.30279, -6.87256), (-4.19201, -3.30279, -7.24314), (-3.64237, -3.30279, -7.56906),
            (-3.07027, -3.30279, -7.84831), (-2.47925, -3.30279, -8.07918), (-1.87293, -3.30279, -8.26023), (-1.25508, -3.30279, -8.39036),
            (-0.629478, -3.30279, -8.46876), (-1.4738e-15, -3.30279, -8.49495), (0.629478, -3.30279, -8.46876), (1.25508, -3.30279, -8.39036),
            (1.87293, -3.30279, -8.26023), (2.47925, -3.30279, -8.07918), (3.07027, -3.30279, -7.84831), (3.64237, -3.30279, -7.56906),
            (4.19201, -3.30279, -7.24314), (4.71581, -3.30279, -6.87256), (5.21053, -3.30279, -6.45961), (5.67312, -3.30279, -6.00684),
            (6.10074, -3.30279, -5.51703), (6.49075, -3.30279, -4.99321), (6.84074, -3.30279, -4.4386), (7.14855, -3.30279, -3.85663),
            (7.41229, -3.30279, -3.25088), (7.63033, -3.30279, -2.62508), (7.80133, -3.30279, -1.98311), (7.92423, -3.30279, -1.3289),
            (7.99828, -3.30279, -0.666506), (7.85298, -3.82683, 0), (7.82877, -3.82683, 0.652381), (7.75629, -3.82683, 1.30074),
            (7.636, -3.82683, 1.94108), (7.46862, -3.82683, 2.56945), (7.2552, -3.82683, 3.18198), (6.99705, -3.82683, 3.77489),
            (6.69576, -3.82683, 4.34453), (6.35319, -3.82683, 4.88738), (5.97145, -3.82683, 5.40011), (5.55289, -3.82683, 5.87953),
            (5.1001, -3.82683, 6.32271), (4.61586, -3.82683, 6.72691), (4.10317, -3.82683, 7.08963), (3.56518, -3.82683, 7.40864),
            (3.0052, -3.82683, 7.68198), (2.4267, -3.82683, 7.90795), (1.83324, -3.82683, 8.08517), (1.22848, -3.82683, 8.21255),
            (0.616137, -3.82683, 8.28928), (4.80856e-16, -3.82683, 8.31492), (-0.616137, -3.82683, 8.28928), (-1.22848, -3.82683, 8.21255),
            (-1.83324, -3.82683, 8.08517), (-2.4267, -3.82683, 7.90795), (-3.0052, -3.82683, 7.68198), (-3.56518, -3.82683, 7.40864),
            (-4.10317, -3.82683, 7.08963), (-4.61586, -3.82683, 6.72691), (-5.1001, -3.82683, 6.32271), (-5.55289, -3.82683, 5.87953),
            (-5.97145, -3.82683, 5.40011), (-6.35319, -3.82683, 4.88738), (-6.69576, -3.82683, 4.34453), (-6.99705, -3.82683, 3.77489),
            (-7.2552, -3.82683, 3.18198), (-7.46862, -3.82683, 2.56945), (-7.636, -3.82683, 1.94108), (-7.75629, -3.82683, 1.30074),
            (-7.82877, -3.82683, 0.652381), (-7.85298, -3.82683, 1.01828e-15), (-7.82877, -3.82683, -0.652381), (-7.75629, -3.82683, -1.30074),
            (-7.636, -3.82683, -1.94108), (-7.46862, -3.82683, -2.56945), (-7.2552, -3.82683, -3.18198), (-6.99705, -3.82683, -3.77489),
            (-6.69576, -3.82683, -4.34453), (-6.35319, -3.82683, -4.88738), (-5.97145, -3.82683, -5.40011), (-5.55289, -3.82683, -5.87953),
            (-5.1001, -3.82683, -6.32271), (-4.61586, -3.82683, -6.72691), (-4.10317, -3.82683, -7.08963), (-3.56518, -3.82683, -7.40864),
            (-3.0052, -3.82683, -7.68198), (-2.4267, -3.82683, -7.90795), (-1.83324, -3.82683, -8.08517), (-1.22848, -3.82683, -8.21255),
            (-0.616137, -3.82683, -8.28928), (-1.44257e-15, -3.82683, -8.31492), (0.616137, -3.82683, -8.28928), (1.22848, -3.82683, -8.21255),
            (1.83324, -3.82683, -8.08517), (2.4267, -3.82683, -7.90795), (3.0052, -3.82683, -7.68198), (3.56518, -3.82683, -7.40864),
            (4.10317, -3.82683, -7.08963), (4.61586, -3.82683, -6.72691), (5.1001, -3.82683, -6.32271), (5.55289, -3.82683, -5.87953),
            (5.97145, -3.82683, -5.40011), (6.35319, -3.82683, -4.88738), (6.69576, -3.82683, -4.34453), (6.99705, -3.82683, -3.77489),
            (7.2552, -3.82683, -3.18198), (7.46862, -3.82683, -2.56945), (7.636, -3.82683, -1.94108), (7.75629, -3.82683, -1.30074),
            (7.82877, -3.82683, -0.652381), (7.65824, -4.33884, 0), (7.63463, -4.33884, 0.636203), (7.56395, -4.33884, 1.26848),
            (7.44664, -4.33884, 1.89294), (7.28341, -4.33884, 2.50573), (7.07529, -4.33884, 3.10307), (6.82354, -4.33884, 3.68128),
            (6.52972, -4.33884, 4.23679), (6.19564, -4.33884, 4.76619), (5.82337, -4.33884, 5.26619), (5.41519, -4.33884, 5.73373),
            (4.97363, -4.33884, 6.16592), (4.5014, -4.33884, 6.56009), (4.00142, -4.33884, 6.91382), (3.47677, -4.33884, 7.22492),
            (2.93068, -4.33884, 7.49148), (2.36652, -4.33884, 7.71185), (1.78778, -4.33884, 7.88468), (1.19801, -4.33884, 8.00889),
            (0.600858, -4.33884, 8.08372), (4.68932e-16, -4.33884, 8.10872), (-0.600858, -4.33884, 8.08372), (-1.19801, -4.33884, 8.00889),
            (-1.78778, -4.33884, 7.88468), (-2.36652, -4.33884, 7.71185), (-2.93068, -4.33884, 7.49148), (-3.47677, -4.33884, 7.22492),
            (-4.00142, -4.33884, 6.91382), (-4.5014, -4.33884, 6.56009), (-4.97363, -4.33884, 6.16592), (-5.41519, -4.33884, 5.73373),
            (-5.82337, -4.33884, 5.26619), (-6.19564, -4.33884, 4.76619), (-6.52972, -4.33884, 4.23679), (-6.82354, -4.33884, 3.68128),
            (-7.07529, -4.33884, 3.10307), (-7.28341, -4.33884, 2.50573), (-7.44664, -4.33884, 1.89294), (-7.56395, -4.33884, 1.26848),
            (-7.63463, -4.33884, 0.636203), (-7.65824, -4.33884, 9.93032e-16), (-7.63463, -4.33884, -0.636203), (-7.56395, -4.33884, -1.26848),
            (-7.44664, -4.33884, -1.89294), (-7.28341, -4.33884, -2.50573), (-7.07529, -4.33884, -3.10307), (-6.82354, -4.33884, -3.68128),
            (-6.52972, -4.33884, -4.23679), (-6.19564, -4.33884, -4.76619), (-5.82337, -4.33884, -5.26619), (-5.41519, -4.33884, -5.73373),
            (-4.97363, -4.33884, -6.16592), (-4.5014, -4.33884, -6.56009), (-4.00142, -4.33884, -6.91382), (-3.47677, -4.33884, -7.22492),
            (-2.93068, -4.33884, -7.49148), (-2.36652, -4.33884, -7.71185), (-1.78778, -4.33884, -7.88468), (-1.19801, -4.33884, -8.00889),
            (-0.600858, -4.33884, -8.08372), (-1.4068e-15, -4.33884, -8.10872), (0.600858, -4.33884, -8.08372), (1.19801, -4.33884, -8.00889),
            (1.78778, -4.33884, -7.88468), (2.36652, -4.33884, -7.71185), (2.93068, -4.33884, -7.49148), (3.47677, -4.33884, -7.22492),
            (4.00142, -4.33884, -6.91382), (4.5014, -4.33884, -6.56009), (4.97363, -4.33884, -6.16592), (5.41519, -4.33884, -5.73373),
            (5.82337, -4.33884, -5.26619), (6.19564, -4.33884, -4.76619), (6.52972, -4.33884, -4.23679), (6.82354, -4.33884, -3.68128),
            (7.07529, -4.33884, -3.10307), (7.28341, -4.33884, -2.50573), (7.44664, -4.33884, -1.89294), (7.56395, -4.33884, -1.26848),
            (7.63463, -4.33884, -0.636203), (7.4394, -4.83719, 0), (7.41647, -4.83719, 0.618023), (7.34781, -4.83719, 1.23224),
            (7.23385, -4.83719, 1.83885), (7.07529, -4.83719, 2.43413), (6.87311, -4.83719, 3.0144), (6.62855, -4.83719, 3.57609),
            (6.34313, -4.83719, 4.11573), (6.0186, -4.83719, 4.62999), (5.65696, -4.83719, 5.11571), (5.26045, -4.83719, 5.56989),
            (4.8315, -4.83719, 5.98973), (4.37277, -4.83719, 6.37264), (3.88708, -4.83719, 6.71626), (3.37742, -4.83719, 7.01847),
            (2.84693, -4.83719, 7.27741), (2.2989, -4.83719, 7.49148), (1.73669, -4.83719, 7.65937), (1.16378, -4.83719, 7.78003),
            (0.583689, -4.83719, 7.85273), (4.55532e-16, -4.83719, 7.87701), (-0.583689, -4.83719, 7.85273), (-1.16378, -4.83719, 7.78003),
            (-1.73669, -4.83719, 7.65937), (-2.2989, -4.83719, 7.49148), (-2.84693, -4.83719, 7.27741), (-3.37742, -4.83719, 7.01847),
            (-3.88708, -4.83719, 6.71626), (-4.37277, -4.83719, 6.37264), (-4.8315, -4.83719, 5.98973), (-5.26045, -4.83719, 5.56989),
            (-5.65696, -4.83719, 5.11571), (-6.0186, -4.83719, 4.62999), (-6.34313, -4.83719, 4.11573), (-6.62855, -4.83719, 3.57609),
            (-6.87311, -4.83719, 3.0144), (-7.07529, -4.83719, 2.43413), (-7.23385, -4.83719, 1.83885), (-7.34781, -4.83719, 1.23224),
            (-7.41647, -4.83719, 0.618023), (-7.4394, -4.83719, 9.64656e-16), (-7.41647, -4.83719, -0.618023), (-7.34781, -4.83719, -1.23224),
            (-7.23385, -4.83719, -1.83885), (-7.07529, -4.83719, -2.43413), (-6.87311, -4.83719, -3.0144), (-6.62855, -4.83719, -3.57609),
            (-6.34313, -4.83719, -4.11573), (-6.0186, -4.83719, -4.62999), (-5.65696, -4.83719, -5.11571), (-5.26045, -4.83719, -5.56989),
            (-4.8315, -4.83719, -5.98973), (-4.37277, -4.83719, -6.37264), (-3.88708, -4.83719, -6.71626), (-3.37742, -4.83719, -7.01847),
            (-2.84693, -4.83719, -7.27741), (-2.2989, -4.83719, -7.49148), (-1.73669, -4.83719, -7.65937), (-1.16378, -4.83719, -7.78003),
            (-0.583689, -4.83719, -7.85273), (-1.3666e-15, -4.83719, -7.87701), (0.583689, -4.83719, -7.85273), (1.16378, -4.83719, -7.78003),
            (1.73669, -4.83719, -7.65937), (2.2989, -4.83719, -7.49148), (2.84693, -4.83719, -7.27741), (3.37742, -4.83719, -7.01847),
            (3.88708, -4.83719, -6.71626), (4.37277, -4.83719, -6.37264), (4.8315, -4.83719, -5.98973), (5.26045, -4.83719, -5.56989),
            (5.65696, -4.83719, -5.11571), (6.0186, -4.83719, -4.62999), (6.34313, -4.83719, -4.11573), (6.62855, -4.83719, -3.57609),
            (6.87311, -4.83719, -3.0144), (7.07529, -4.83719, -2.43413), (7.23385, -4.83719, -1.83885), (7.34781, -4.83719, -1.23224),
            (7.41647, -4.83719, -0.618023), (7.19716, -5.32032, 0), (7.17497, -5.32032, 0.597899), (7.10855, -5.32032, 1.19211),
            (6.9983, -5.32032, 1.77897), (6.8449, -5.32032, 2.35487), (6.6493, -5.32032, 2.91625), (6.41271, -5.32032, 3.45964),
            (6.13658, -5.32032, 3.98171), (5.82262, -5.32032, 4.47923), (5.47276, -5.32032, 4.94913), (5.08916, -5.32032, 5.38852),
            (4.67418, -5.32032, 5.79469), (4.23038, -5.32032, 6.16513), (3.7605, -5.32032, 6.49756), (3.26744, -5.32032, 6.78993),
            (2.75423, -5.32032, 7.04044), (2.22404, -5.32032, 7.24754), (1.68014, -5.32032, 7.40996), (1.12588, -5.32032, 7.5267),
            (0.564682, -5.32032, 7.59703), (4.40699e-16, -5.32032, 7.62052), (-0.564682, -5.32032, 7.59703), (-1.12588, -5.32032, 7.5267),
            (-1.68014, -5.32032, 7.40996), (-2.22404, -5.32032, 7.24754), (-2.75423, -5.32032, 7.04044), (-3.26744, -5.32032, 6.78993),
            (-3.7605, -5.32032, 6.49756), (-4.23038, -5.32032, 6.16513), (-4.67418, -5.32032, 5.79469), (-5.08916, -5.32032, 5.38852),
            (-5.47276, -5.32032, 4.94913), (-5.82262, -5.32032, 4.47923), (-6.13658, -5.32032, 3.98171), (-6.41271, -5.32032, 3.45964),
            (-6.6493, -5.32032, 2.91625), (-6.8449, -5.32032, 2.35487), (-6.9983, -5.32032, 1.77897), (-7.10855, -5.32032, 1.19211),
            (-7.17497, -5.32032, 0.597899), (-7.19716, -5.32032, 9.33244e-16), (-7.17497, -5.32032, -0.597899), (-7.10855, -5.32032, -1.19211),
            (-6.9983, -5.32032, -1.77897), (-6.8449, -5.32032, -2.35487), (-6.6493, -5.32032, -2.91625), (-6.41271, -5.32032, -3.45964),
            (-6.13658, -5.32032, -3.98171), (-5.82262, -5.32032, -4.47923), (-5.47276, -5.32032, -4.94913), (-5.08916, -5.32032, -5.38852),
            (-4.67418, -5.32032, -5.79469), (-4.23038, -5.32032, -6.16513), (-3.7605, -5.32032, -6.49756), (-3.26744, -5.32032, -6.78993),
            (-2.75423, -5.32032, -7.04044), (-2.22404, -5.32032, -7.24754), (-1.68014, -5.32032, -7.40996), (-1.12588, -5.32032, -7.5267),
            (-0.564682, -5.32032, -7.59703), (-1.3221e-15, -5.32032, -7.62052), (0.564682, -5.32032, -7.59703), (1.12588, -5.32032, -7.5267),
            (1.68014, -5.32032, -7.40996), (2.22404, -5.32032, -7.24754), (2.75423, -5.32032, -7.04044), (3.26744, -5.32032, -6.78993),
            (3.7605, -5.32032, -6.49756), (4.23038, -5.32032, -6.16513), (4.67418, -5.32032, -5.79469), (5.08916, -5.32032, -5.38852),
            (5.47276, -5.32032, -4.94913), (5.82262, -5.32032, -4.47923), (6.13658, -5.32032, -3.98171), (6.41271, -5.32032, -3.45964),
            (6.6493, -5.32032, -2.91625), (6.8449, -5.32032, -2.35487), (6.9983, -5.32032, -1.77897), (7.10855, -5.32032, -1.19211),
            (7.17497, -5.32032, -0.597899), (6.93227, -5.78671, 0), (6.9109, -5.78671, 0.575894), (6.84692, -5.78671, 1.14824),
            (6.74073, -5.78671, 1.7135), (6.59298, -5.78671, 2.2682), (6.40458, -5.78671, 2.80891), (6.1767, -5.78671, 3.33231),
            (5.91073, -5.78671, 3.83516), (5.60832, -5.78671, 4.31437), (5.27134, -5.78671, 4.76698), (4.90185, -5.78671, 5.1902),
            (4.50215, -5.78671, 5.58142), (4.07468, -5.78671, 5.93822), (3.6221, -5.78671, 6.25842), (3.14718, -5.78671, 6.54003),
            (2.65286, -5.78671, 6.78132), (2.14219, -5.78671, 6.9808), (1.61831, -5.78671, 7.13724), (1.08445, -5.78671, 7.24968),
            (0.543899, -5.78671, 7.31742), (4.24479e-16, -5.78671, 7.34005), (-0.543899, -5.78671, 7.31742), (-1.08445, -5.78671, 7.24968),
            (-1.61831, -5.78671, 7.13724), (-2.14219, -5.78671, 6.9808), (-2.65286, -5.78671, 6.78132), (-3.14718, -5.78671, 6.54003),
            (-3.6221, -5.78671, 6.25842), (-4.07468, -5.78671, 5.93822), (-4.50215, -5.78671, 5.58142), (-4.90185, -5.78671, 5.1902),
            (-5.27134, -5.78671, 4.76698), (-5.60832, -5.78671, 4.31437), (-5.91073, -5.78671, 3.83516), (-6.1767, -5.78671, 3.33231),
            (-6.40458, -5.78671, 2.80891), (-6.59298, -5.78671, 2.2682), (-6.74073, -5.78671, 1.7135), (-6.84692, -5.78671, 1.14824),
            (-6.9109, -5.78671, 0.575894), (-6.93227, -5.78671, 8.98897e-16), (-6.9109, -5.78671, -0.575894), (-6.84692, -5.78671, -1.14824),
            (-6.74073, -5.78671, -1.7135), (-6.59298, -5.78671, -2.2682), (-6.40458, -5.78671, -2.80891), (-6.1767, -5.78671, -3.33231),
            (-5.91073, -5.78671, -3.83516), (-5.60832, -5.78671, -4.31437), (-5.27134, -5.78671, -4.76698), (-4.90185, -5.78671, -5.1902),
            (-4.50215, -5.78671, -5.58142), (-4.07468, -5.78671, -5.93822), (-3.6221, -5.78671, -6.25842), (-3.14718, -5.78671, -6.54003),
            (-2.65286, -5.78671, -6.78132), (-2.14219, -5.78671, -6.9808), (-1.61831, -5.78671, -7.13724), (-1.08445, -5.78671, -7.24968),
            (-0.543899, -5.78671, -7.31742), (-1.27344e-15, -5.78671, -7.34005), (0.543899, -5.78671, -7.31742), (1.08445, -5.78671, -7.24968),
            (1.61831, -5.78671, -7.13724), (2.14219, -5.78671, -6.9808), (2.65286, -5.78671, -6.78132), (3.14718, -5.78671, -6.54003),
            (3.6221, -5.78671, -6.25842), (4.07468, -5.78671, -5.93822), (4.50215, -5.78671, -5.58142), (4.90185, -5.78671, -5.1902),
            (5.27134, -5.78671, -4.76698), (5.60832, -5.78671, -4.31437), (5.91073, -5.78671, -3.83516), (6.1767, -5.78671, -3.33231),
            (6.40458, -5.78671, -2.80891), (6.59298, -5.78671, -2.2682), (6.74073, -5.78671, -1.7135), (6.84692, -5.78671, -1.14824),
            (6.9109, -5.78671, -0.575894), (6.64557, -6.2349, 0), (6.62508, -6.2349, 0.552076), (6.56375, -6.2349, 1.10075),
            (6.46195, -6.2349, 1.64263), (6.32031, -6.2349, 2.17439), (6.1397, -6.2349, 2.69275), (5.92124, -6.2349, 3.1945),
            (5.66628, -6.2349, 3.67655), (5.37638, -6.2349, 4.13594), (5.05333, -6.2349, 4.56983), (4.69913, -6.2349, 4.97555),
            (4.31595, -6.2349, 5.35058), (3.90617, -6.2349, 5.69263), (3.4723, -6.2349, 5.99959), (3.01702, -6.2349, 6.26955),
            (2.54315, -6.2349, 6.50086), (2.05359, -6.2349, 6.69209), (1.55138, -6.2349, 6.84206), (1.0396, -6.2349, 6.94985),
            (0.521405, -6.2349, 7.01479), (4.06924e-16, -6.2349, 7.03648), (-0.521405, -6.2349, 7.01479), (-1.0396, -6.2349, 6.94985),
            (-1.55138, -6.2349, 6.84206), (-2.05359, -6.2349, 6.69209), (-2.54315, -6.2349, 6.50086), (-3.01702, -6.2349, 6.26955),
            (-3.4723, -6.2349, 5.99959), (-3.90617, -6.2349, 5.69263), (-4.31595, -6.2349, 5.35058), (-4.69913, -6.2349, 4.97555),
            (-5.05333, -6.2349, 4.56983), (-5.37638, -6.2349, 4.13594), (-5.66628, -6.2349, 3.67655), (-5.92124, -6.2349, 3.1945),
            (-6.1397, -6.2349, 2.69275), (-6.32031, -6.2349, 2.17439), (-6.46195, -6.2349, 1.64263), (-6.56375, -6.2349, 1.10075),
            (-6.62508, -6.2349, 0.552076), (-6.64557, -6.2349, 8.61721e-16), (-6.62508, -6.2349, -0.552076), (-6.56375, -6.2349, -1.10075),
            (-6.46195, -6.2349, -1.64263), (-6.32031, -6.2349, -2.17439), (-6.1397, -6.2349, -2.69275), (-5.92124, -6.2349, -3.1945),
            (-5.66628, -6.2349, -3.67655), (-5.37638, -6.2349, -4.13594), (-5.05333, -6.2349, -4.56983), (-4.69913, -6.2349, -4.97555),
            (-4.31595, -6.2349, -5.35058), (-3.90617, -6.2349, -5.69263), (-3.4723, -6.2349, -5.99959), (-3.01702, -6.2349, -6.26955),
            (-2.54315, -6.2349, -6.50086), (-2.05359, -6.2349, -6.69209), (-1.55138, -6.2349, -6.84206), (-1.0396, -6.2349, -6.94985),
            (-0.521405, -6.2349, -7.01479), (-1.22077e-15, -6.2349, -7.03648), (0.521405, -6.2349, -7.01479), (1.0396, -6.2349, -6.94985),
            (1.55138, -6.2349, -6.84206), (2.05359, -6.2349, -6.69209), (2.54315, -6.2349, -6.50086), (3.01702, -6.2349, -6.26955),
            (3.4723, -6.2349, -5.99959), (3.90617, -6.2349, -5.69263), (4.31595, -6.2349, -5.35058), (4.69913, -6.2349, -4.97555),
            (5.05333, -6.2349, -4.56983), (5.37638, -6.2349, -4.13594), (5.66628, -6.2349, -3.67655), (5.92124, -6.2349, -3.1945),
            (6.1397, -6.2349, -2.69275), (6.32031, -6.2349, -2.17439), (6.46195, -6.2349, -1.64263), (6.56375, -6.2349, -1.10075),
            (6.62508, -6.2349, -0.552076), (6.33796, -6.66347, 0), (6.31842, -6.66347, 0.526522), (6.25993, -6.66347, 1.0498),
            (6.16284, -6.66347, 1.5666), (6.02776, -6.66347, 2.07374), (5.85551, -6.66347, 2.5681), (5.64716, -6.66347, 3.04663),
            (5.404, -6.66347, 3.50637), (5.12752, -6.66347, 3.9445), (4.81942, -6.66347, 4.3583), (4.48161, -6.66347, 4.74524),
            (4.11617, -6.66347, 5.10292), (3.72536, -6.66347, 5.42913), (3.31157, -6.66347, 5.72188), (2.87737, -6.66347, 5.97935),
            (2.42543, -6.66347, 6.19995), (1.95854, -6.66347, 6.38233), (1.47957, -6.66347, 6.52536), (0.991475, -6.66347, 6.62816),
            (0.49727, -6.66347, 6.69009), (3.88088e-16, -6.66347, 6.71078), (-0.49727, -6.66347, 6.69009), (-0.991475, -6.66347, 6.62816),
            (-1.47957, -6.66347, 6.52536), (-1.95854, -6.66347, 6.38233), (-2.42543, -6.66347, 6.19995), (-2.87737, -6.66347, 5.97935),
            (-3.31157, -6.66347, 5.72188), (-3.72536, -6.66347, 5.42913), (-4.11617, -6.66347, 5.10292), (-4.48161, -6.66347, 4.74524),
            (-4.81942, -6.66347, 4.3583), (-5.12752, -6.66347, 3.9445), (-5.404, -6.66347, 3.50637), (-5.64716, -6.66347, 3.04663),
            (-5.85551, -6.66347, 2.5681), (-6.02776, -6.66347, 2.07374), (-6.16284, -6.66347, 1.5666), (-6.25993, -6.66347, 1.0498),
            (-6.31842, -6.66347, 0.526522), (-6.33796, -6.66347, 8.21833e-16), (-6.31842, -6.66347, -0.526522), (-6.25993, -6.66347, -1.0498),
            (-6.16284, -6.66347, -1.5666), (-6.02776, -6.66347, -2.07374), (-5.85551, -6.66347, -2.5681), (-5.64716, -6.66347, -3.04663),
            (-5.404, -6.66347, -3.50637), (-5.12752, -6.66347, -3.9445), (-4.81942, -6.66347, -4.3583), (-4.48161, -6.66347, -4.74524),
            (-4.11617, -6.66347, -5.10292), (-3.72536, -6.66347, -5.42913), (-3.31157, -6.66347, -5.72188), (-2.87737, -6.66347, -5.97935),
            (-2.42543, -6.66347, -6.19995), (-1.95854, -6.66347, -6.38233), (-1.47957, -6.66347, -6.52536), (-0.991475, -6.66347, -6.62816),
            (-0.49727, -6.66347, -6.69009), (-1.16426e-15, -6.66347, -6.71078), (0.49727, -6.66347, -6.69009), (0.991475, -6.66347, -6.62816),
            (1.47957, -6.66347, -6.52536), (1.95854, -6.66347, -6.38233), (2.42543, -6.66347, -6.19995), (2.87737, -6.66347, -5.97935),
            (3.31157, -6.66347, -5.72188), (3.72536, -6.66347, -5.42913), (4.11617, -6.66347, -5.10292), (4.48161, -6.66347, -4.74524),
            (4.81942, -6.66347, -4.3583), (5.12752, -6.66347, -3.9445), (5.404, -6.66347, -3.50637), (5.64716, -6.66347, -3.04663),
            (5.85551, -6.66347, -2.5681), (6.02776, -6.66347, -2.07374), (6.16284, -6.66347, -1.5666), (6.25993, -6.66347, -1.0498),
            (6.31842, -6.66347, -0.526522), (6.01041, -7.07107, 0), (5.99188, -7.07107, 0.499311), (5.93641, -7.07107, 0.995543),
            (5.84434, -7.07107, 1.48564), (5.71624, -7.07107, 1.96657), (5.55289, -7.07107, 2.43538), (5.35531, -7.07107, 2.88918),
            (5.12471, -7.07107, 3.32516), (4.86252, -7.07107, 3.74064), (4.57035, -7.07107, 4.13306), (4.25, -7.07107, 4.5),
            (3.90345, -7.07107, 4.83919), (3.53283, -7.07107, 5.14855), (3.14043, -7.07107, 5.42617), (2.72867, -7.07107, 5.67033),
            (2.30008, -7.07107, 5.87953), (1.85732, -7.07107, 6.05249), (1.4031, -7.07107, 6.18812), (0.940235, -7.07107, 6.28561),
            (0.471571, -7.07107, 6.34434), (3.68031e-16, -7.07107, 6.36396), (-0.471571, -7.07107, 6.34434), (-0.940235, -7.07107, 6.28561),
            (-1.4031, -7.07107, 6.18812), (-1.85732, -7.07107, 6.05249), (-2.30008, -7.07107, 5.87953), (-2.72867, -7.07107, 5.67033),
            (-3.14043, -7.07107, 5.42617), (-3.53283, -7.07107, 5.14855), (-3.90345, -7.07107, 4.83919), (-4.25, -7.07107, 4.5),
            (-4.57035, -7.07107, 4.13306), (-4.86252, -7.07107, 3.74064), (-5.12471, -7.07107, 3.32516), (-5.35531, -7.07107, 2.88918),
            (-5.55289, -7.07107, 2.43538), (-5.71624, -7.07107, 1.96657), (-5.84434, -7.07107, 1.48564), (-5.93641, -7.07107, 0.995543),
            (-5.99188, -7.07107, 0.499311), (-6.01041, -7.07107, 7.7936e-16), (-5.99188, -7.07107, -0.499311), (-5.93641, -7.07107, -0.995543),
            (-5.84434, -7.07107, -1.48564), (-5.71624, -7.07107, -1.96657), (-5.55289, -7.07107, -2.43538), (-5.35531, -7.07107, -2.88918),
            (-5.12471, -7.07107, -3.32516), (-4.86252, -7.07107, -3.74064), (-4.57035, -7.07107, -4.13306), (-4.25, -7.07107, -4.5),
            (-3.90345, -7.07107, -4.83919), (-3.53283, -7.07107, -5.14855), (-3.14043, -7.07107, -5.42617), (-2.72867, -7.07107, -5.67033),
            (-2.30008, -7.07107, -5.87953), (-1.85732, -7.07107, -6.05249), (-1.4031, -7.07107, -6.18812), (-0.940235, -7.07107, -6.28561),
            (-0.471571, -7.07107, -6.34434), (-1.10409e-15, -7.07107, -6.36396), (0.471571, -7.07107, -6.34434), (0.940235, -7.07107, -6.28561),
            (1.4031, -7.07107, -6.18812), (1.85732, -7.07107, -6.05249), (2.30008, -7.07107, -5.87953), (2.72867, -7.07107, -5.67033),
            (3.14043, -7.07107, -5.42617), (3.53283, -7.07107, -5.14855), (3.90345, -7.07107, -4.83919), (4.25, -7.07107, -4.5),
            (4.57035, -7.07107, -4.13306), (4.86252, -7.07107, -3.74064), (5.12471, -7.07107, -3.32516), (5.35531, -7.07107, -2.88918),
            (5.55289, -7.07107, -2.43538), (5.71624, -7.07107, -1.96657), (5.84434, -7.07107, -1.48564), (5.93641, -7.07107, -0.995543),
            (5.99188, -7.07107, -0.499311), (5.66395, -7.45642, 0), (5.64649, -7.45642, 0.470529), (5.59421, -7.45642, 0.938156),
            (5.50745, -7.45642, 1.4), (5.38673, -7.45642, 1.85321), (5.2328, -7.45642, 2.295), (5.04661, -7.45642, 2.72264),
            (4.82931, -7.45642, 3.13349), (4.58223, -7.45642, 3.52502), (4.3069, -7.45642, 3.89482), (4.00501, -7.45642, 4.2406),
            (3.67844, -7.45642, 4.56025), (3.32918, -7.45642, 4.85177), (2.9594, -7.45642, 5.11338), (2.57138, -7.45642, 5.34347),
            (2.1675, -7.45642, 5.54062), (1.75026, -7.45642, 5.7036), (1.32222, -7.45642, 5.83142), (0.886036, -7.45642, 5.92328),
            (0.444388, -7.45642, 5.97863), (3.46817e-16, -7.45642, 5.99712), (-0.444388, -7.45642, 5.97863), (-0.886036, -7.45642, 5.92328),
            (-1.32222, -7.45642, 5.83142), (-1.75026, -7.45642, 5.7036), (-2.1675, -7.45642, 5.54062), (-2.57138, -7.45642, 5.34347),
            (-2.9594, -7.45642, 5.11338), (-3.32918, -7.45642, 4.85177), (-3.67844, -7.45642, 4.56025), (-4.00501, -7.45642, 4.2406),
            (-4.3069, -7.45642, 3.89482), (-4.58223, -7.45642, 3.52502), (-4.82931, -7.45642, 3.13349), (-5.04661, -7.45642, 2.72264),
            (-5.2328, -7.45642, 2.295), (-5.38673, -7.45642, 1.85321), (-5.50745, -7.45642, 1.4), (-5.59421, -7.45642, 0.938156),
            (-5.64649, -7.45642, 0.470529), (-5.66395, -7.45642, 7.34435e-16), (-5.64649, -7.45642, -0.470529), (-5.59421, -7.45642, -0.938156),
            (-5.50745, -7.45642, -1.4), (-5.38673, -7.45642, -1.85321), (-5.2328, -7.45642, -2.295), (-5.04661, -7.45642, -2.72264),
            (-4.82931, -7.45642, -3.13349), (-4.58223, -7.45642, -3.52502), (-4.3069, -7.45642, -3.89482), (-4.00501, -7.45642, -4.2406),
            (-3.67844, -7.45642, -4.56025), (-3.32918, -7.45642, -4.85177), (-2.9594, -7.45642, -5.11338), (-2.57138, -7.45642, -5.34347),
            (-2.1675, -7.45642, -5.54062), (-1.75026, -7.45642, -5.7036), (-1.32222, -7.45642, -5.83142), (-0.886036, -7.45642, -5.92328),
            (-0.444388, -7.45642, -5.97863), (-1.04045e-15, -7.45642, -5.99712), (0.444388, -7.45642, -5.97863), (0.886036, -7.45642, -5.92328),
            (1.32222, -7.45642, -5.83142), (1.75026, -7.45642, -5.7036), (2.1675, -7.45642, -5.54062), (2.57138, -7.45642, -5.34347),
            (2.9594, -7.45642, -5.11338), (3.32918, -7.45642, -4.85177), (3.67844, -7.45642, -4.56025), (4.00501, -7.45642, -4.2406),
            (4.3069, -7.45642, -3.89482), (4.58223, -7.45642, -3.52502), (4.82931, -7.45642, -3.13349), (5.04661, -7.45642, -2.72264),
            (5.2328, -7.45642, -2.295), (5.38673, -7.45642, -1.85321), (5.50745, -7.45642, -1.4), (5.59421, -7.45642, -0.938156),
            (5.64649, -7.45642, -0.470529), (5.29966, -7.81831, 0), (5.28333, -7.81831, 0.440266), (5.23442, -7.81831, 0.877818),
            (5.15323, -7.81831, 1.30996), (5.04028, -7.81831, 1.73402), (4.89625, -7.81831, 2.14739), (4.72203, -7.81831, 2.54753),
            (4.51871, -7.81831, 2.93195), (4.28752, -7.81831, 3.2983), (4.0299, -7.81831, 3.64432), (3.74743, -7.81831, 3.96786),
            (3.44186, -7.81831, 4.26695), (3.11506, -7.81831, 4.53972), (2.76907, -7.81831, 4.78451), (2.406, -7.81831, 4.9998),
            (2.02809, -7.81831, 5.18427), (1.63769, -7.81831, 5.33677), (1.23718, -7.81831, 5.45636), (0.82905, -7.81831, 5.54232),
            (0.415807, -7.81831, 5.59411), (3.24511e-16, -7.81831, 5.61141), (-0.415807, -7.81831, 5.59411), (-0.82905, -7.81831, 5.54232),
            (-1.23718, -7.81831, 5.45636), (-1.63769, -7.81831, 5.33677), (-2.02809, -7.81831, 5.18427), (-2.406, -7.81831, 4.9998),
            (-2.76907, -7.81831, 4.78451), (-3.11506, -7.81831, 4.53972), (-3.44186, -7.81831, 4.26695), (-3.74743, -7.81831, 3.96786),
            (-4.0299, -7.81831, 3.64432), (-4.28752, -7.81831, 3.2983), (-4.51871, -7.81831, 2.93195), (-4.72203, -7.81831, 2.54753),
            (-4.89625, -7.81831, 2.14739), (-5.04028, -7.81831, 1.73402), (-5.15323, -7.81831, 1.30996), (-5.23442, -7.81831, 0.877818),
            (-5.28333, -7.81831, 0.440266), (-5.29966, -7.81831, 6.87199e-16), (-5.28333, -7.81831, -0.440266), (-5.23442, -7.81831, -0.877818),
            (-5.15323, -7.81831, -1.30996), (-5.04028, -7.81831, -1.73402), (-4.89625, -7.81831, -2.14739), (-4.72203, -7.81831, -2.54753),
            (-4.51871, -7.81831, -2.93195), (-4.28752, -7.81831, -3.2983), (-4.0299, -7.81831, -3.64432), (-3.74743, -7.81831, -3.96786),
            (-3.44186, -7.81831, -4.26695), (-3.11506, -7.81831, -4.53972), (-2.76907, -7.81831, -4.78451), (-2.406, -7.81831, -4.9998),
            (-2.02809, -7.81831, -5.18427), (-1.63769, -7.81831, -5.33677), (-1.23718, -7.81831, -5.45636), (-0.82905, -7.81831, -5.54232),
            (-0.415807, -7.81831, -5.59411), (-9.73532e-16, -7.81831, -5.61141), (0.415807, -7.81831, -5.59411), (0.82905, -7.81831, -5.54232),
            (1.23718, -7.81831, -5.45636), (1.63769, -7.81831, -5.33677), (2.02809, -7.81831, -5.18427), (2.406, -7.81831, -4.9998),
            (2.76907, -7.81831, -4.78451), (3.11506, -7.81831, -4.53972), (3.44186, -7.81831, -4.26695), (3.74743, -7.81831, -3.96786),
            (4.0299, -7.81831, -3.64432), (4.28752, -7.81831, -3.2983), (4.51871, -7.81831, -2.93195), (4.72203, -7.81831, -2.54753),
            (4.89625, -7.81831, -2.14739), (5.04028, -7.81831, -1.73402), (5.15323, -7.81831, -1.30996), (5.23442, -7.81831, -0.877818),
            (5.28333, -7.81831, -0.440266), (4.91871, -8.15561, 0), (4.90354, -8.15561, 0.408618), (4.85815, -8.15561, 0.814717),
            (4.7828, -8.15561, 1.21579), (4.67797, -8.15561, 1.60937), (4.54429, -8.15561, 1.99303), (4.3826, -8.15561, 2.3644),
            (4.19389, -8.15561, 2.72119), (3.97932, -8.15561, 3.06121), (3.74021, -8.15561, 3.38235), (3.47805, -8.15561, 3.68264),
            (3.19444, -8.15561, 3.96023), (2.89114, -8.15561, 4.21339), (2.57002, -8.15561, 4.44059), (2.23305, -8.15561, 4.6404),
            (1.88231, -8.15561, 4.8116), (1.51996, -8.15561, 4.95314), (1.14825, -8.15561, 5.06414), (0.769455, -8.15561, 5.14392),
            (0.385917, -8.15561, 5.19199), (3.01184e-16, -8.15561, 5.20804), (-0.385917, -8.15561, 5.19199), (-0.769455, -8.15561, 5.14392),
            (-1.14825, -8.15561, 5.06414), (-1.51996, -8.15561, 4.95314), (-1.88231, -8.15561, 4.8116), (-2.23305, -8.15561, 4.6404),
            (-2.57002, -8.15561, 4.44059), (-2.89114, -8.15561, 4.21339), (-3.19444, -8.15561, 3.96023), (-3.47805, -8.15561, 3.68264),
            (-3.74021, -8.15561, 3.38235), (-3.97932, -8.15561, 3.06121), (-4.19389, -8.15561, 2.72119), (-4.3826, -8.15561, 2.3644),
            (-4.54429, -8.15561, 1.99303), (-4.67797, -8.15561, 1.60937), (-4.7828, -8.15561, 1.21579), (-4.85815, -8.15561, 0.814717),
            (-4.90354, -8.15561, 0.408618), (-4.91871, -8.15561, 6.37801e-16), (-4.90354, -8.15561, -0.408618), (-4.85815, -8.15561, -0.814717),
            (-4.7828, -8.15561, -1.21579), (-4.67797, -8.15561, -1.60937), (-4.54429, -8.15561, -1.99303), (-4.3826, -8.15561, -2.3644),
            (-4.19389, -8.15561, -2.72119), (-3.97932, -8.15561, -3.06121), (-3.74021, -8.15561, -3.38235), (-3.47805, -8.15561, -3.68264),
            (-3.19444, -8.15561, -3.96023), (-2.89114, -8.15561, -4.21339), (-2.57002, -8.15561, -4.44059), (-2.23305, -8.15561, -4.6404),
            (-1.88231, -8.15561, -4.8116), (-1.51996, -8.15561, -4.95314), (-1.14825, -8.15561, -5.06414), (-0.769455, -8.15561, -5.14392),
            (-0.385917, -8.15561, -5.19199), (-9.03552e-16, -8.15561, -5.20804), (0.385917, -8.15561, -5.19199), (0.769455, -8.15561, -5.14392),
            (1.14825, -8.15561, -5.06414), (1.51996, -8.15561, -4.95314), (1.88231, -8.15561, -4.8116), (2.23305, -8.15561, -4.6404),
            (2.57002, -8.15561, -4.44059), (2.89114, -8.15561, -4.21339), (3.19444, -8.15561, -3.96023), (3.47805, -8.15561, -3.68264),
            (3.74021, -8.15561, -3.38235), (3.97932, -8.15561, -3.06121), (4.19389, -8.15561, -2.72119), (4.3826, -8.15561, -2.3644),
            (4.54429, -8.15561, -1.99303), (4.67797, -8.15561, -1.60937), (4.7828, -8.15561, -1.21579), (4.85815, -8.15561, -0.814717),
            (4.90354, -8.15561, -0.408618), (4.52227, -8.46724, 0), (4.50833, -8.46724, 0.375685), (4.4666, -8.46724, 0.749053),
            (4.39732, -8.46724, 1.1178), (4.30094, -8.46724, 1.47966), (4.17804, -8.46724, 1.8324), (4.02937, -8.46724, 2.17384),
            (3.85587, -8.46724, 2.50187), (3.6586, -8.46724, 2.81449), (3.43876, -8.46724, 3.10974), (3.19773, -8.46724, 3.38583),
            (2.93698, -8.46724, 3.64104), (2.65813, -8.46724, 3.87381), (2.36288, -8.46724, 4.08269), (2.05307, -8.46724, 4.2664),
            (1.7306, -8.46724, 4.4238), (1.39746, -8.46724, 4.55393), (1.0557, -8.46724, 4.65599), (0.707439, -8.46724, 4.72934),
            (0.354813, -8.46724, 4.77353), (2.76909e-16, -8.46724, 4.78829), (-0.354813, -8.46724, 4.77353), (-0.707439, -8.46724, 4.72934),
            (-1.0557, -8.46724, 4.65599), (-1.39746, -8.46724, 4.55393), (-1.7306, -8.46724, 4.4238), (-2.05307, -8.46724, 4.2664),
            (-2.36288, -8.46724, 4.08269), (-2.65813, -8.46724, 3.87381), (-2.93698, -8.46724, 3.64104), (-3.19773, -8.46724, 3.38583),
            (-3.43876, -8.46724, 3.10974), (-3.6586, -8.46724, 2.81449), (-3.85587, -8.46724, 2.50187), (-4.02937, -8.46724, 2.17384),
            (-4.17804, -8.46724, 1.8324), (-4.30094, -8.46724, 1.47966), (-4.39732, -8.46724, 1.1178), (-4.4666, -8.46724, 0.749053),
            (-4.50833, -8.46724, 0.375685), (-4.52227, -8.46724, 5.86396e-16), (-4.50833, -8.46724, -0.375685), (-4.4666, -8.46724, -0.749053),
            (-4.39732, -8.46724, -1.1178), (-4.30094, -8.46724, -1.47966), (-4.17804, -8.46724, -1.8324), (-4.02937, -8.46724, -2.17384),
            (-3.85587, -8.46724, -2.50187), (-3.6586, -8.46724, -2.81449), (-3.43876, -8.46724, -3.10974), (-3.19773, -8.46724, -3.38583),
            (-2.93698, -8.46724, -3.64104), (-2.65813, -8.46724, -3.87381), (-2.36288, -8.46724, -4.08269), (-2.05307, -8.46724, -4.2664),
            (-1.7306, -8.46724, -4.4238), (-1.39746, -8.46724, -4.55393), (-1.0557, -8.46724, -4.65599), (-0.707439, -8.46724, -4.72934),
            (-0.354813, -8.46724, -4.77353), (-8.30728e-16, -8.46724, -4.78829), (0.354813, -8.46724, -4.77353), (0.707439, -8.46724, -4.72934),
            (1.0557, -8.46724, -4.65599), (1.39746, -8.46724, -4.55393), (1.7306, -8.46724, -4.4238), (2.05307, -8.46724, -4.2664),
            (2.36288, -8.46724, -4.08269), (2.65813, -8.46724, -3.87381), (2.93698, -8.46724, -3.64104), (3.19773, -8.46724, -3.38583),
            (3.43876, -8.46724, -3.10974), (3.6586, -8.46724, -2.81449), (3.85587, -8.46724, -2.50187), (4.02937, -8.46724, -2.17384),
            (4.17804, -8.46724, -1.8324), (4.30094, -8.46724, -1.47966), (4.39732, -8.46724, -1.1178), (4.4666, -8.46724, -0.749053),
            (4.50833, -8.46724, -0.375685), (4.11161, -8.75223, 0), (4.09894, -8.75223, 0.341569), (4.06099, -8.75223, 0.681033),
            (3.99801, -8.75223, 1.0163), (3.91037, -8.75223, 1.3453), (3.79863, -8.75223, 1.666), (3.66347, -8.75223, 1.97643),
            (3.50572, -8.75223, 2.27468), (3.32636, -8.75223, 2.55891), (3.12649, -8.75223, 2.82735), (2.90735, -8.75223, 3.07837),
            (2.67028, -8.75223, 3.3104), (2.41674, -8.75223, 3.52203), (2.14831, -8.75223, 3.71194), (1.86663, -8.75223, 3.87897),
            (1.57345, -8.75223, 4.02208), (1.27056, -8.75223, 4.1404), (0.959836, -8.75223, 4.23318), (0.643198, -8.75223, 4.29987),
            (0.322593, -8.75223, 4.34005), (2.51764e-16, -8.75223, 4.35347), (-0.322593, -8.75223, 4.34005), (-0.643198, -8.75223, 4.29987),
            (-0.959836, -8.75223, 4.23318), (-1.27056, -8.75223, 4.1404), (-1.57345, -8.75223, 4.02208), (-1.86663, -8.75223, 3.87897),
            (-2.14831, -8.75223, 3.71194), (-2.41674, -8.75223, 3.52203), (-2.67028, -8.75223, 3.3104), (-2.90735, -8.75223, 3.07837),
            (-3.12649, -8.75223, 2.82735), (-3.32636, -8.75223, 2.55891), (-3.50572, -8.75223, 2.27468), (-3.66347, -8.75223, 1.97643),
            (-3.79863, -8.75223, 1.666), (-3.91037, -8.75223, 1.3453), (-3.99801, -8.75223, 1.0163), (-4.06099, -8.75223, 0.681033),
            (-4.09894, -8.75223, 0.341569), (-4.11161, -8.75223, 5.33146e-16), (-4.09894, -8.75223, -0.341569), (-4.06099, -8.75223, -0.681033),
            (-3.99801, -8.75223, -1.0163), (-3.91037, -8.75223, -1.3453), (-3.79863, -8.75223, -1.666), (-3.66347, -8.75223, -1.97643),
            (-3.50572, -8.75223, -2.27468), (-3.32636, -8.75223, -2.55891), (-3.12649, -8.75223, -2.82735), (-2.90735, -8.75223, -3.07837),
            (-2.67028, -8.75223, -3.3104), (-2.41674, -8.75223, -3.52203), (-2.14831, -8.75223, -3.71194), (-1.86663, -8.75223, -3.87897),
            (-1.57345, -8.75223, -4.02208), (-1.27056, -8.75223, -4.1404), (-0.959836, -8.75223, -4.23318), (-0.643198, -8.75223, -4.29987),
            (-0.322593, -8.75223, -4.34005), (-7.55291e-16, -8.75223, -4.35347), (0.322593, -8.75223, -4.34005), (0.643198, -8.75223, -4.29987),
            (0.959836, -8.75223, -4.23318), (1.27056, -8.75223, -4.1404), (1.57345, -8.75223, -4.02208), (1.86663, -8.75223, -3.87897),
            (2.14831, -8.75223, -3.71194), (2.41674, -8.75223, -3.52203), (2.67028, -8.75223, -3.3104), (2.90735, -8.75223, -3.07837),
            (3.12649, -8.75223, -2.82735), (3.32636, -8.75223, -2.55891), (3.50572, -8.75223, -2.27468), (3.66347, -8.75223, -1.97643),
            (3.79863, -8.75223, -1.666), (3.91037, -8.75223, -1.3453), (3.99801, -8.75223, -1.0163), (4.06099, -8.75223, -0.681033),
            (4.09894, -8.75223, -0.341569), (3.68801, -9.00969, 0), (3.67664, -9.00969, 0.306379), (3.64261, -9.00969, 0.610869),
            (3.58611, -9.00969, 0.911593), (3.50751, -9.00969, 1.2067), (3.40728, -9.00969, 1.49436), (3.28604, -9.00969, 1.77281),
            (3.14455, -9.00969, 2.04033), (2.98366, -9.00969, 2.29527), (2.80439, -9.00969, 2.53606), (2.60782, -9.00969, 2.76122),
            (2.39517, -9.00969, 2.96935), (2.16776, -9.00969, 3.15917), (1.92698, -9.00969, 3.32952), (1.67432, -9.00969, 3.47934),
            (1.41134, -9.00969, 3.60771), (1.13966, -9.00969, 3.71383), (0.860949, -9.00969, 3.79706), (0.576932, -9.00969, 3.85688),
            (0.289358, -9.00969, 3.89292), (2.25826e-16, -9.00969, 3.90495), (-0.289358, -9.00969, 3.89292), (-0.576932, -9.00969, 3.85688),
            (-0.860949, -9.00969, 3.79706), (-1.13966, -9.00969, 3.71383), (-1.41134, -9.00969, 3.60771), (-1.67432, -9.00969, 3.47934),
            (-1.92698, -9.00969, 3.32952), (-2.16776, -9.00969, 3.15917), (-2.39517, -9.00969, 2.96935), (-2.60782, -9.00969, 2.76122),
            (-2.80439, -9.00969, 2.53606), (-2.98366, -9.00969, 2.29527), (-3.14455, -9.00969, 2.04033), (-3.28604, -9.00969, 1.77281),
            (-3.40728, -9.00969, 1.49436), (-3.50751, -9.00969, 1.2067), (-3.58611, -9.00969, 0.911593), (-3.64261, -9.00969, 0.610869),
            (-3.67664, -9.00969, 0.306379), (-3.68801, -9.00969, 4.78219e-16), (-3.67664, -9.00969, -0.306379), (-3.64261, -9.00969, -0.610869),
            (-3.58611, -9.00969, -0.911593), (-3.50751, -9.00969, -1.2067), (-3.40728, -9.00969, -1.49436), (-3.28604, -9.00969, -1.77281),
            (-3.14455, -9.00969, -2.04033), (-2.98366, -9.00969, -2.29527), (-2.80439, -9.00969, -2.53606), (-2.60782, -9.00969, -2.76122),
            (-2.39517, -9.00969, -2.96935), (-2.16776, -9.00969, -3.15917), (-1.92698, -9.00969, -3.32952), (-1.67432, -9.00969, -3.47934),
            (-1.41134, -9.00969, -3.60771), (-1.13966, -9.00969, -3.71383), (-0.860949, -9.00969, -3.79706), (-0.576932, -9.00969, -3.85688),
            (-0.289358, -9.00969, -3.89292), (-6.77477e-16, -9.00969, -3.90495), (0.289358, -9.00969, -3.89292), (0.576932, -9.00969, -3.85688),
            (0.860949, -9.00969, -3.79706), (1.13966, -9.00969, -3.71383), (1.41134, -9.00969, -3.60771), (1.67432, -9.00969, -3.47934),
            (1.92698, -9.00969, -3.32952), (2.16776, -9.00969, -3.15917), (2.39517, -9.00969, -2.96935), (2.60782, -9.00969, -2.76122),
            (2.80439, -9.00969, -2.53606), (2.98366, -9.00969, -2.29527), (3.14455, -9.00969, -2.04033), (3.28604, -9.00969, -1.77281),
            (3.40728, -9.00969, -1.49436), (3.50751, -9.00969, -1.2067), (3.58611, -9.00969, -0.911593), (3.64261, -9.00969, -0.610869),
            (3.67664, -9.00969, -0.306379), (3.25281, -9.2388, 0), (3.24278, -9.2388, 0.270225), (3.21276, -9.2388, 0.538784),
            (3.16293, -9.2388, 0.804021), (3.09361, -9.2388, 1.0643), (3.0052, -9.2388, 1.31802), (2.89827, -9.2388, 1.56361),
            (2.77348, -9.2388, 1.79956), (2.63158, -9.2388, 2.02442), (2.47346, -9.2388, 2.2368), (2.30008, -9.2388, 2.43538),
            (2.11253, -9.2388, 2.61895), (1.91195, -9.2388, 2.78638), (1.69959, -9.2388, 2.93662), (1.47674, -9.2388, 3.06876),
            (1.2448, -9.2388, 3.18198), (1.00517, -9.2388, 3.27558), (0.759353, -9.2388, 3.34899), (0.508851, -9.2388, 3.40175),
            (0.255212, -9.2388, 3.43353), (1.99177e-16, -9.2388, 3.44415), (-0.255212, -9.2388, 3.43353), (-0.508851, -9.2388, 3.40175),
            (-0.759353, -9.2388, 3.34899), (-1.00517, -9.2388, 3.27558), (-1.2448, -9.2388, 3.18198), (-1.47674, -9.2388, 3.06876),
            (-1.69959, -9.2388, 2.93662), (-1.91195, -9.2388, 2.78638), (-2.11253, -9.2388, 2.61895), (-2.30008, -9.2388, 2.43538),
            (-2.47346, -9.2388, 2.2368), (-2.63158, -9.2388, 2.02442), (-2.77348, -9.2388, 1.79956), (-2.89827, -9.2388, 1.56361),
            (-3.0052, -9.2388, 1.31802), (-3.09361, -9.2388, 1.0643), (-3.16293, -9.2388, 0.804021), (-3.21276, -9.2388, 0.538784),
            (-3.24278, -9.2388, 0.270225), (-3.25281, -9.2388, 4.21787e-16), (-3.24278, -9.2388, -0.270225), (-3.21276, -9.2388, -0.538784),
            (-3.16293, -9.2388, -0.804021), (-3.09361, -9.2388, -1.0643), (-3.0052, -9.2388, -1.31802), (-2.89827, -9.2388, -1.56361),
            (-2.77348, -9.2388, -1.79956), (-2.63158, -9.2388, -2.02442), (-2.47346, -9.2388, -2.2368), (-2.30008, -9.2388, -2.43538),
            (-2.11253, -9.2388, -2.61895), (-1.91195, -9.2388, -2.78638), (-1.69959, -9.2388, -2.93662), (-1.47674, -9.2388, -3.06876),
            (-1.2448, -9.2388, -3.18198), (-1.00517, -9.2388, -3.27558), (-0.759353, -9.2388, -3.34899), (-0.508851, -9.2388, -3.40175),
            (-0.255212, -9.2388, -3.43353), (-5.97531e-16, -9.2388, -3.44415), (0.255212, -9.2388, -3.43353), (0.508851, -9.2388, -3.40175),
            (0.759353, -9.2388, -3.34899), (1.00517, -9.2388, -3.27558), (1.2448, -9.2388, -3.18198), (1.47674, -9.2388, -3.06876),
            (1.69959, -9.2388, -2.93662), (1.91195, -9.2388, -2.78638), (2.11253, -9.2388, -2.61895), (2.30008, -9.2388, -2.43538),
            (2.47346, -9.2388, -2.2368), (2.63158, -9.2388, -2.02442), (2.77348, -9.2388, -1.79956), (2.89827, -9.2388, -1.56361),
            (3.0052, -9.2388, -1.31802), (3.09361, -9.2388, -1.0643), (3.16293, -9.2388, -0.804021), (3.21276, -9.2388, -0.538784),
            (3.24278, -9.2388, -0.270225), (2.80737, -9.43883, 0), (2.79872, -9.43883, 0.233221), (2.77281, -9.43883, 0.465003),
            (2.7298, -9.43883, 0.693919), (2.66997, -9.43883, 0.918557), (2.59367, -9.43883, 1.13753), (2.50139, -9.43883, 1.34949),
            (2.39368, -9.43883, 1.55313), (2.27121, -9.43883, 1.7472), (2.13474, -9.43883, 1.93049), (1.98511, -9.43883, 2.10188),
            (1.82324, -9.43883, 2.26032), (1.65013, -9.43883, 2.40481), (1.46685, -9.43883, 2.53448), (1.27452, -9.43883, 2.64853),
            (1.07433, -9.43883, 2.74624), (0.867526, -9.43883, 2.82703), (0.655368, -9.43883, 2.89038), (0.43917, -9.43883, 2.93592),
            (0.220264, -9.43883, 2.96335), (1.71902e-16, -9.43883, 2.97251), (-0.220264, -9.43883, 2.96335), (-0.43917, -9.43883, 2.93592),
            (-0.655368, -9.43883, 2.89038), (-0.867526, -9.43883, 2.82703), (-1.07433, -9.43883, 2.74624), (-1.27452, -9.43883, 2.64853),
            (-1.46685, -9.43883, 2.53448), (-1.65013, -9.43883, 2.40481), (-1.82324, -9.43883, 2.26032), (-1.98511, -9.43883, 2.10188),
            (-2.13474, -9.43883, 1.93049), (-2.27121, -9.43883, 1.7472), (-2.39368, -9.43883, 1.55313), (-2.50139, -9.43883, 1.34949),
            (-2.59367, -9.43883, 1.13753), (-2.66997, -9.43883, 0.918557), (-2.7298, -9.43883, 0.693919), (-2.77281, -9.43883, 0.465003),
            (-2.79872, -9.43883, 0.233221), (-2.80737, -9.43883, 3.64028e-16), (-2.79872, -9.43883, -0.233221), (-2.77281, -9.43883, -0.465003),
            (-2.7298, -9.43883, -0.693919), (-2.66997, -9.43883, -0.918557), (-2.59367, -9.43883, -1.13753), (-2.50139, -9.43883, -1.34949),
            (-2.39368, -9.43883, -1.55313), (-2.27121, -9.43883, -1.7472), (-2.13474, -9.43883, -1.93049), (-1.98511, -9.43883, -2.10188),
            (-1.82324, -9.43883, -2.26032), (-1.65013, -9.43883, -2.40481), (-1.46685, -9.43883, -2.53448), (-1.27452, -9.43883, -2.64853),
            (-1.07433, -9.43883, -2.74624), (-0.867526, -9.43883, -2.82703), (-0.655368, -9.43883, -2.89038), (-0.43917, -9.43883, -2.93592),
            (-0.220264, -9.43883, -2.96335), (-5.15706e-16, -9.43883, -2.97251), (0.220264, -9.43883, -2.96335), (0.43917, -9.43883, -2.93592),
            (0.655368, -9.43883, -2.89038), (0.867526, -9.43883, -2.82703), (1.07433, -9.43883, -2.74624), (1.27452, -9.43883, -2.64853),
            (1.46685, -9.43883, -2.53448), (1.65013, -9.43883, -2.40481), (1.82324, -9.43883, -2.26032), (1.98511, -9.43883, -2.10188),
            (2.13474, -9.43883, -1.93049), (2.27121, -9.43883, -1.7472), (2.39368, -9.43883, -1.55313), (2.50139, -9.43883, -1.34949),
            (2.59367, -9.43883, -1.13753), (2.66997, -9.43883, -0.918557), (2.7298, -9.43883, -0.693919), (2.77281, -9.43883, -0.465003),
            (2.79872, -9.43883, -0.233221), (2.3531, -9.60917, 0), (2.34585, -9.60917, 0.195482), (2.32413, -9.60917, 0.38976),
            (2.28809, -9.60917, 0.581634), (2.23793, -9.60917, 0.769922), (2.17398, -9.60917, 0.953463), (2.09663, -9.60917, 1.13113),
            (2.00635, -9.60917, 1.30182), (1.9037, -9.60917, 1.46448), (1.78931, -9.60917, 1.61811), (1.66389, -9.60917, 1.76177),
            (1.52822, -9.60917, 1.89457), (1.38312, -9.60917, 2.01568), (1.22949, -9.60917, 2.12437), (1.06829, -9.60917, 2.21996),
            (0.900493, -9.60917, 2.30186), (0.727148, -9.60917, 2.36958), (0.549321, -9.60917, 2.42268), (0.368106, -9.60917, 2.46084),
            (0.184622, -9.60917, 2.48384), (1.44086e-16, -9.60917, 2.49152), (-0.184622, -9.60917, 2.48384), (-0.368106, -9.60917, 2.46084),
            (-0.549321, -9.60917, 2.42268), (-0.727148, -9.60917, 2.36958), (-0.900493, -9.60917, 2.30186), (-1.06829, -9.60917, 2.21996),
            (-1.22949, -9.60917, 2.12437), (-1.38312, -9.60917, 2.01568), (-1.52822, -9.60917, 1.89457), (-1.66389, -9.60917, 1.76177),
            (-1.78931, -9.60917, 1.61811), (-1.9037, -9.60917, 1.46448), (-2.00635, -9.60917, 1.30182), (-2.09663, -9.60917, 1.13113),
            (-2.17398, -9.60917, 0.953463), (-2.23793, -9.60917, 0.769922), (-2.28809, -9.60917, 0.581634), (-2.32413, -9.60917, 0.38976),
            (-2.34585, -9.60917, 0.195482), (-2.3531, -9.60917, 3.05123e-16), (-2.34585, -9.60917, -0.195482), (-2.32413, -9.60917, -0.38976),
            (-2.28809, -9.60917, -0.581634), (-2.23793, -9.60917, -0.769922), (-2.17398, -9.60917, -0.953463), (-2.09663, -9.60917, -1.13113),
            (-2.00635, -9.60917, -1.30182), (-1.9037, -9.60917, -1.46448), (-1.78931, -9.60917, -1.61811), (-1.66389, -9.60917, -1.76177),
            (-1.52822, -9.60917, -1.89457), (-1.38312, -9.60917, -2.01568), (-1.22949, -9.60917, -2.12437), (-1.06829, -9.60917, -2.21996),
            (-0.900493, -9.60917, -2.30186), (-0.727148, -9.60917, -2.36958), (-0.549321, -9.60917, -2.42268), (-0.368106, -9.60917, -2.46084),
            (-0.184622, -9.60917, -2.48384), (-4.32258e-16, -9.60917, -2.49152), (0.184622, -9.60917, -2.48384), (0.368106, -9.60917, -2.46084),
            (0.549321, -9.60917, -2.42268), (0.727148, -9.60917, -2.36958), (0.900493, -9.60917, -2.30186), (1.06829, -9.60917, -2.21996),
            (1.22949, -9.60917, -2.12437), (1.38312, -9.60917, -2.01568), (1.52822, -9.60917, -1.89457), (1.66389, -9.60917, -1.76177),
            (1.78931, -9.60917, -1.61811), (1.9037, -9.60917, -1.46448), (2.00635, -9.60917, -1.30182), (2.09663, -9.60917, -1.13113),
            (2.17398, -9.60917, -0.953463), (2.23793, -9.60917, -0.769922), (2.28809, -9.60917, -0.581634), (2.32413, -9.60917, -0.38976),
            (2.34585, -9.60917, -0.195482), (1.89143, -9.74928, 0), (1.8856, -9.74928, 0.157129), (1.86814, -9.74928, 0.313289),
            (1.83917, -9.74928, 0.467518), (1.79885, -9.74928, 0.618865), (1.74745, -9.74928, 0.766396), (1.68527, -9.74928, 0.909202),
            (1.61271, -9.74928, 1.0464), (1.5302, -9.74928, 1.17715), (1.43825, -9.74928, 1.30064), (1.33744, -9.74928, 1.41611),
            (1.22838, -9.74928, 1.52286), (1.11175, -9.74928, 1.62021), (0.988268, -9.74928, 1.70757), (0.85869, -9.74928, 1.78441),
            (0.723818, -9.74928, 1.85024), (0.584483, -9.74928, 1.90467), (0.441545, -9.74928, 1.94735), (0.295885, -9.74928, 1.97803),
            (0.1484, -9.74928, 1.99651), (1.15817e-16, -9.74928, 2.00269), (-0.1484, -9.74928, 1.99651), (-0.295885, -9.74928, 1.97803),
            (-0.441545, -9.74928, 1.94735), (-0.584483, -9.74928, 1.90467), (-0.723818, -9.74928, 1.85024), (-0.85869, -9.74928, 1.78441),
            (-0.988268, -9.74928, 1.70757), (-1.11175, -9.74928, 1.62021), (-1.22838, -9.74928, 1.52286), (-1.33744, -9.74928, 1.41611),
            (-1.43825, -9.74928, 1.30064), (-1.5302, -9.74928, 1.17715), (-1.61271, -9.74928, 1.0464), (-1.68527, -9.74928, 0.909202),
            (-1.74745, -9.74928, 0.766396), (-1.79885, -9.74928, 0.618865), (-1.83917, -9.74928, 0.467518), (-1.86814, -9.74928, 0.313289),
            (-1.8856, -9.74928, 0.157129), (-1.89143, -9.74928, 2.45259e-16), (-1.8856, -9.74928, -0.157129), (-1.86814, -9.74928, -0.313289),
            (-1.83917, -9.74928, -0.467518), (-1.79885, -9.74928, -0.618865), (-1.74745, -9.74928, -0.766396), (-1.68527, -9.74928, -0.909202),
            (-1.61271, -9.74928, -1.0464), (-1.5302, -9.74928, -1.17715), (-1.43825, -9.74928, -1.30064), (-1.33744, -9.74928, -1.41611),
            (-1.22838, -9.74928, -1.52286), (-1.11175, -9.74928, -1.62021), (-0.988268, -9.74928, -1.70757), (-0.85869, -9.74928, -1.78441),
            (-0.723818, -9.74928, -1.85024), (-0.584483, -9.74928, -1.90467), (-0.441545, -9.74928, -1.94735), (-0.295885, -9.74928, -1.97803),
            (-0.1484, -9.74928, -1.99651), (-3.4745e-16, -9.74928, -2.00269), (0.1484, -9.74928, -1.99651), (0.295885, -9.74928, -1.97803),
            (0.441545, -9.74928, -1.94735), (0.584483, -9.74928, -1.90467), (0.723818, -9.74928, -1.85024), (0.85869, -9.74928, -1.78441),
            (0.988268, -9.74928, -1.70757), (1.11175, -9.74928, -1.62021), (1.22838, -9.74928, -1.52286), (1.33744, -9.74928, -1.41611),
            (1.43825, -9.74928, -1.30064), (1.5302, -9.74928, -1.17715), (1.61271, -9.74928, -1.0464), (1.68527, -9.74928, -0.909202),
            (1.74745, -9.74928, -0.766396), (1.79885, -9.74928, -0.618865), (1.83917, -9.74928, -0.467518), (1.86814, -9.74928, -0.313289),
            (1.8856, -9.74928, -0.157129), (1.4238, -9.85871, 0), (1.41941, -9.85871, 0.118281), (1.40627, -9.85871, 0.235834),
            (1.38446, -9.85871, 0.351932), (1.35412, -9.85871, 0.46586), (1.31542, -9.85871, 0.576917), (1.26862, -9.85871, 0.684416),
            (1.21399, -9.85871, 0.787696), (1.15188, -9.85871, 0.886119), (1.08267, -9.85871, 0.979079), (1.00678, -9.85871, 1.066),
            (0.924686, -9.85871, 1.14635), (0.83689, -9.85871, 1.21964), (0.743935, -9.85871, 1.2854), (0.646393, -9.85871, 1.34324),
            (0.544866, -9.85871, 1.3928), (0.439979, -9.85871, 1.43377), (0.33238, -9.85871, 1.4659), (0.222732, -9.85871, 1.489),
            (0.11171, -9.85871, 1.50291), (8.71828e-17, -9.85871, 1.50756), (-0.11171, -9.85871, 1.50291), (-0.222732, -9.85871, 1.489),
            (-0.33238, -9.85871, 1.4659), (-0.439979, -9.85871, 1.43377), (-0.544866, -9.85871, 1.3928), (-0.646393, -9.85871, 1.34324),
            (-0.743935, -9.85871, 1.2854), (-0.83689, -9.85871, 1.21964), (-0.924686, -9.85871, 1.14635), (-1.00678, -9.85871, 1.066),
            (-1.08267, -9.85871, 0.979079), (-1.15188, -9.85871, 0.886119), (-1.21399, -9.85871, 0.787696), (-1.26862, -9.85871, 0.684416),
            (-1.31542, -9.85871, 0.576917), (-1.35412, -9.85871, 0.46586), (-1.38446, -9.85871, 0.351932), (-1.40627, -9.85871, 0.235834),
            (-1.41941, -9.85871, 0.118281), (-1.4238, -9.85871, 1.84622e-16), (-1.41941, -9.85871, -0.118281), (-1.40627, -9.85871, -0.235834),
            (-1.38446, -9.85871, -0.351932), (-1.35412, -9.85871, -0.46586), (-1.31542, -9.85871, -0.576917), (-1.26862, -9.85871, -0.684416),
            (-1.21399, -9.85871, -0.787696), (-1.15188, -9.85871, -0.886119), (-1.08267, -9.85871, -0.979079), (-1.00678, -9.85871, -1.066),
            (-0.924686, -9.85871, -1.14635), (-0.83689, -9.85871, -1.21964), (-0.743935, -9.85871, -1.2854), (-0.646393, -9.85871, -1.34324),
            (-0.544866, -9.85871, -1.3928), (-0.439979, -9.85871, -1.43377), (-0.33238, -9.85871, -1.4659), (-0.222732, -9.85871, -1.489),
            (-0.11171, -9.85871, -1.50291), (-2.61548e-16, -9.85871, -1.50756), (0.11171, -9.85871, -1.50291), (0.222732, -9.85871, -1.489),
            (0.33238, -9.85871, -1.4659), (0.439979, -9.85871, -1.43377), (0.544866, -9.85871, -1.3928), (0.646393, -9.85871, -1.34324),
            (0.743935, -9.85871, -1.2854), (0.83689, -9.85871, -1.21964), (0.924686, -9.85871, -1.14635), (1.00678, -9.85871, -1.066),
            (1.08267, -9.85871, -0.979079), (1.15188, -9.85871, -0.886119), (1.21399, -9.85871, -0.787696), (1.26862, -9.85871, -0.684416),
            (1.31542, -9.85871, -0.576917), (1.35412, -9.85871, -0.46586), (1.38446, -9.85871, -0.351932), (1.40627, -9.85871, -0.235834),
            (1.41941, -9.85871, -0.118281), (0.951698, -9.93712, 0), (0.948764, -9.93712, 0.0790617), (0.939981, -9.93712, 0.157636),
            (0.925403, -9.93712, 0.235238), (0.905119, -9.93712, 0.31139), (0.879254, -9.93712, 0.385623), (0.847969, -9.93712, 0.457477),
            (0.811456, -9.93712, 0.526512), (0.76994, -9.93712, 0.5923), (0.723677, -9.93712, 0.654436), (0.672952, -9.93712, 0.712538),
            (0.618078, -9.93712, 0.766246), (0.559394, -9.93712, 0.81523), (0.497261, -9.93712, 0.859189), (0.432062, -9.93712, 0.89785),
            (0.364199, -9.93712, 0.930975), (0.294091, -9.93712, 0.958361), (0.222169, -9.93712, 0.979838), (0.148878, -9.93712, 0.995274),
            (0.0746694, -9.93712, 1.00457), (5.82747e-17, -9.93712, 1.00768), (-0.0746694, -9.93712, 1.00457), (-0.148878, -9.93712, 0.995274),
            (-0.222169, -9.93712, 0.979838), (-0.294091, -9.93712, 0.958361), (-0.364199, -9.93712, 0.930975), (-0.432062, -9.93712, 0.89785),
            (-0.497261, -9.93712, 0.859189), (-0.559394, -9.93712, 0.81523), (-0.618078, -9.93712, 0.766246), (-0.672952, -9.93712, 0.712538),
            (-0.723677, -9.93712, 0.654436), (-0.76994, -9.93712, 0.5923), (-0.811456, -9.93712, 0.526512), (-0.847969, -9.93712, 0.457477),
            (-0.879254, -9.93712, 0.385623), (-0.905119, -9.93712, 0.31139), (-0.925403, -9.93712, 0.235238), (-0.939981, -9.93712, 0.157636),
            (-0.948764, -9.93712, 0.0790617), (-0.951698, -9.93712, 1.23405e-16), (-0.948764, -9.93712, -0.0790617), (-0.939981, -9.93712, -0.157636),
            (-0.925403, -9.93712, -0.235238), (-0.905119, -9.93712, -0.31139), (-0.879254, -9.93712, -0.385623), (-0.847969, -9.93712, -0.457477),
            (-0.811456, -9.93712, -0.526512), (-0.76994, -9.93712, -0.5923), (-0.723677, -9.93712, -0.654436), (-0.672952, -9.93712, -0.712538),
            (-0.618078, -9.93712, -0.766246), (-0.559394, -9.93712, -0.81523), (-0.497261, -9.93712, -0.859189), (-0.432062, -9.93712, -0.89785),
            (-0.364199, -9.93712, -0.930975), (-0.294091, -9.93712, -0.958361), (-0.222169, -9.93712, -0.979838), (-0.148878, -9.93712, -0.995274),
            (-0.0746694, -9.93712, -1.00457), (-1.74824e-16, -9.93712, -1.00768), (0.0746694, -9.93712, -1.00457), (0.148878, -9.93712, -0.995274),
            (0.222169, -9.93712, -0.979838), (0.294091, -9.93712, -0.958361), (0.364199, -9.93712, -0.930975), (0.432062, -9.93712, -0.89785),
            (0.497261, -9.93712, -0.859189), (0.559394, -9.93712, -0.81523), (0.618078, -9.93712, -0.766246), (0.672952, -9.93712, -0.712538),
            (0.723677, -9.93712, -0.654436), (0.76994, -9.93712, -0.5923), (0.811456, -9.93712, -0.526512), (0.847969, -9.93712, -0.457477),
            (0.879254, -9.93712, -0.385623), (0.905119, -9.93712, -0.31139), (0.925403, -9.93712, -0.235238), (0.939981, -9.93712, -0.157636),
            (0.948764, -9.93712, -0.0790617), (0.476599, -9.98427, 0), (0.47513, -9.98427, 0.0395931), (0.470731, -9.98427, 0.0789422),
            (0.46343, -9.98427, 0.117804), (0.453272, -9.98427, 0.15594), (0.44032, -9.98427, 0.193115), (0.424653, -9.98427, 0.229099),
            (0.406367, -9.98427, 0.263671), (0.385577, -9.98427, 0.296616), (0.362409, -9.98427, 0.327734), (0.337006, -9.98427, 0.35683),
            (0.309526, -9.98427, 0.383727), (0.280138, -9.98427, 0.408258), (0.249022, -9.98427, 0.430271), (0.216371, -9.98427, 0.449632),
            (0.182386, -9.98427, 0.466221), (0.147277, -9.98427, 0.479935), (0.11126, -9.98427, 0.490691), (0.0745565, -9.98427, 0.498421),
            (0.0373935, -9.98427, 0.503078), (2.91833e-17, -9.98427, 0.504634), (-0.0373935, -9.98427, 0.503078), (-0.0745565, -9.98427, 0.498421),
            (-0.11126, -9.98427, 0.490691), (-0.147277, -9.98427, 0.479935), (-0.182386, -9.98427, 0.466221), (-0.216371, -9.98427, 0.449632),
            (-0.249022, -9.98427, 0.430271), (-0.280138, -9.98427, 0.408258), (-0.309526, -9.98427, 0.383727), (-0.337006, -9.98427, 0.35683),
            (-0.362409, -9.98427, 0.327734), (-0.385577, -9.98427, 0.296616), (-0.406367, -9.98427, 0.263671), (-0.424653, -9.98427, 0.229099),
            (-0.44032, -9.98427, 0.193115), (-0.453272, -9.98427, 0.15594), (-0.46343, -9.98427, 0.117804), (-0.470731, -9.98427, 0.0789422),
            (-0.47513, -9.98427, 0.0395931), (-0.476599, -9.98427, 6.17998e-17), (-0.47513, -9.98427, -0.0395931), (-0.470731, -9.98427, -0.0789422),
            (-0.46343, -9.98427, -0.117804), (-0.453272, -9.98427, -0.15594), (-0.44032, -9.98427, -0.193115), (-0.424653, -9.98427, -0.229099),
            (-0.406367, -9.98427, -0.263671), (-0.385577, -9.98427, -0.296616), (-0.362409, -9.98427, -0.327734), (-0.337006, -9.98427, -0.35683),
            (-0.309526, -9.98427, -0.383727), (-0.280138, -9.98427, -0.408258), (-0.249022, -9.98427, -0.430271), (-0.216371, -9.98427, -0.449632),
            (-0.182386, -9.98427, -0.466221), (-0.147277, -9.98427, -0.479935), (-0.11126, -9.98427, -0.490691), (-0.0745565, -9.98427, -0.498421),
            (-0.0373935, -9.98427, -0.503078), (-8.75498e-17, -9.98427, -0.504634), (0.0373935, -9.98427, -0.503078), (0.0745565, -9.98427, -0.498421),
            (0.11126, -9.98427, -0.490691), (0.147277, -9.98427, -0.479935), (0.182386, -9.98427, -0.466221), (0.216371, -9.98427, -0.449632),
            (0.249022, -9.98427, -0.430271), (0.280138, -9.98427, -0.408258), (0.309526, -9.98427, -0.383727), (0.337006, -9.98427, -0.35683),
            (0.362409, -9.98427, -0.327734), (0.385577, -9.98427, -0.296616), (0.406367, -9.98427, -0.263671), (0.424653, -9.98427, -0.229099),
            (0.44032, -9.98427, -0.193115), (0.453272, -9.98427, -0.15594), (0.46343, -9.98427, -0.117804), (0.470731, -9.98427, -0.0789422),
            (0.47513, -9.98427, -0.0395931), (0, -10, 0)
        ]
        point3f[] primvars:rest = [
            (0, 10, 0), (0.476599, 9.98427, 0), (0.47513, 9.98427, 0.0395931), (0.470731, 9.98427, 0.0789422),
            (0.46343, 9.98427, 0.117804), (0.453272, 9.98427, 0.15594), (0.44032, 9.98427, 0.193115), (0.424653, 9.98427, 0.229099),
            (0.406367, 9.98427, 0.263671), (0.385577, 9.98427, 0.296616), (0.362409, 9.98427, 0.327734), (0.337006, 9.98427, 0.35683),
            (0.309526, 9.98427, 0.383727), (0.280138, 9.98427, 0.408258), (0.249022, 9.98427, 0.430271), (0.216371, 9.98427, 0.449632),
            (0.182386, 9.98427, 0.466221), (0.147277, 9.98427, 0.479935), (0.11126, 9.98427, 0.490691), (0.0745565, 9.98427, 0.498421),
            (0.0373935, 9.98427, 0.503078), (2.91833e-17, 9.98427, 0.504634), (-0.0373935, 9.98427, 0.503078), (-0.0745565, 9.98427, 0.498421),
            (-0.11126, 9.98427, 0.490691), (-0.147277, 9.98427, 0.479935), (-0.182386, 9.98427, 0.466221), (-0.216371, 9.98427, 0.449632),
            (-0.249022, 9.98427, 0.430271), (-0.280138, 9.98427, 0.408258), (-0.309526, 9.98427, 0.383727), (-0.337006, 9.98427, 0.35683),
            (-0.362409, 9.98427, 0.327734), (-0.385577, 9.98427, 0.296616), (-0.406367, 9.98427, 0.263671), (-0.424653, 9.98427, 0.229099),
            (-0.44032, 9.98427, 0.193115), (-0.453272, 9.98427, 0.15594), (-0.46343, 9.98427, 0.117804), (-0.470731, 9.98427, 0.0789422),
            (-0.47513, 9.98427, 0.0395931), (-0.476599, 9.98427, 6.17998e-17), (-0.47513, 9.98427, -0.0395931), (-0.470731, 9.98427, -0.0789422),
            (-0.46343, 9.98427, -0.117804), (-0.453272, 9.98427, -0.15594), (-0.44032, 9.98427, -0.193115), (-0.424653, 9.98427, -0.229099),
            (-0.406367, 9.98427, -0.263671), (-0.385577, 9.98427, -0.296616), (-0.362409, 9.98427, -0.327734), (-0.337006, 9.98427, -0.35683),
            (-0.309526, 9.98427, -0.383727), (-0.280138, 9.98427, -0.408258), (-0.249022, 9.98427, -0.430271), (-0.216371, 9.98427, -0.449632),
            (-0.182386, 9.98427, -0.466221), (-0.147277, 9.98427, -0.479935), (-0.11126, 9.98427, -0.490691), (-0.0745565, 9.98427, -0.498421),
            (-0.0373935, 9.98427, -0.503078), (-8.75498e-17, 9.98427, -0.504634), (0.0373935, 9.98427, -0.503078), (0.0745565, 9.98427, -0.498421),
            (0.11126, 9.98427, -0.490691), (0.147277, 9.98427, -0.479935), (0.182386, 9.98427, -0.466221), (0.216371, 9.98427, -0.449632),
            (0.249022, 9.98427, -0.430271), (0.280138, 9.98427, -0.408258), (0.309526, 9.98427, -0.383727), (0.337006, 9.98427, -0.35683),
            (0.362409, 9.98427, -0.327734), (0.385577, 9.98427, -0.296616), (0.406367, 9.98427, -0.263671), (0.424653, 9.98427, -0.229099),
            (0.44032, 9.98427, -0.193115), (0.453272, 9.98427, -0.15594), (0.46343, 9.98427, -0.117804), (0.470731, 9.98427, -0.0789422),
            (0.47513, 9.98427, -0.0395931), (0.951698, 9.93712, 0), (0.948764, 9.93712, 0.0790617), (0.939981, 9.93712, 0.157636),
            (0.925403, 9.93712, 0.235238), (0.905119, 9.93712, 0.31139), (0.879254, 9.93712, 0.385623), (0.847969, 9.93712, 0.457477),
            (0.811456, 9.93712, 0.526512), (0.76994, 9.93712, 0.5923), (0.723677, 9.93712, 0.654436), (0.672952, 9.93712, 0.712538),
            (0.618078, 9.93712, 0.766246), (0.559394, 9.93712, 0.81523), (0.497261, 9.93712, 0.859189), (0.432062, 9.93712, 0.89785),
            (0.364199, 9.93712, 0.930975), (0.294091, 9.93712, 0.958361), (0.222169, 9.93712, 0.979838), (0.148878, 9.93712, 0.995274),
            (0.0746694, 9.93712, 1.00457), (5.82747e-17, 9.93712, 1.00768), (-0.0746694, 9.93712, 1.00457), (-0.148878, 9.93712, 0.995274),
            (-0.222169, 9.93712, 0.979838), (-0.294091, 9.93712, 0.958361), (-0.364199, 9.93712, 0.930975), (-0.432062, 9.93712, 0.89785),
            (-0.497261, 9.93712, 0.859189), (-0.559394, 9.93712, 0.81523), (-0.618078, 9.93712, 0.766246), (-0.672952, 9.93712, 0.712538),
            (-0.723677, 9.93712, 0.654436), (-0.76994, 9.93712, 0.5923), (-0.811456, 9.93712, 0.526512), (-0.847969, 9.93712, 0.457477),
            (-0.879254, 9.93712, 0.385623), (-0.905119, 9.93712, 0.31139), (-0.925403, 9.93712, 0.235238), (-0.939981, 9.93712, 0.157636),
            (-0.948764, 9.93712, 0.0790617), (-0.951698, 9.93712, 1.23405e-16), (-0.948764, 9.93712, -0.0790617), (-0.939981, 9.93712, -0.157636),
            (-0.925403, 9.93712, -0.235238), (-0.905119, 9.93712, -0.31139), (-0.879254, 9.93712, -0.385623), (-0.847969, 9.93712, -0.457477),
            (-0.811456, 9.93712, -0.526512), (-0.76994, 9.93712, -0.5923), (-0.723677, 9.93712, -0.654436), (-0.672952, 9.93712, -0.712538),
            (-0.618078, 9.93712, -0.766246), (-0.559394, 9.93712, -0.81523), (-0.497261, 9.93712, -0.859189), (-0.432062, 9.93712, -0.89785),
            (-0.364199, 9.93712, -0.930975), (-0.294091, 9.93712, -0.958361), (-0.222169, 9.93712, -0.979838), (-0.148878, 9.93712, -0.995274),
            (-0.0746694, 9.93712, -1.00457), (-1.74824e-16, 9.93712, -1.00768), (0.0746694, 9.93712, -1.00457), (0.148878, 9.93712, -0.995274),
            (0.222169, 9.93712, -0.979838), (0.294091, 9.93712, -0.958361), (0.364199, 9.93712, -0.930975), (0.432062, 9.93712, -0.89785),
            (0.497261, 9.93712, -0.859189), (0.559394, 9.93712, -0.81523), (0.618078, 9.93712, -0.766246), (0.672952, 9.93712, -0.712538),
            (0.723677, 9.93712, -0.654436), (0.76994, 9.93712, -0.5923), (0.811456, 9.93712, -0.526512), (0.847969, 9.93712, -0.457477),
            (0.879254, 9.93712, -0.385623), (0.905119, 9.93712, -0.31139), (0.925403, 9.93712, -0.235238), (0.939981, 9.93712, -0.157636),
            (0.948764, 9.93712, -0.0790617), (1.4238, 9.85871, 0), (1.41941, 9.85871, 0.118281), (1.40627, 9.85871, 0.235834),
            (1.38446, 9.85871, 0.351932), (1.35412, 9.85871, 0.46586), (1.31542, 9.85871, 0.576917), (1.26862, 9.85871, 0.684416),
            (1.21399, 9.85871, 0.787696), (1.15188, 9.85871, 0.886119), (1.08267, 9.85871, 0.979079), (1.00678, 9.85871, 1.066),
            (0.924686, 9.85871, 1.14635), (0.83689, 9.85871, 1.21964), (0.743935, 9.85871, 1.2854), (0.646393, 9.85871, 1.34324),
            (0.544866, 9.85871, 1.3928), (0.439979, 9.85871, 1.43377), (0.33238, 9.85871, 1.4659), (0.222732, 9.85871, 1.489),
            (0.11171, 9.85871, 1.50291), (8.71828e-17, 9.85871, 1.50756), (-0.11171, 9.85871, 1.50291), (-0.222732, 9.85871, 1.489),
            (-0.33238, 9.85871, 1.4659), (-0.439979, 9.85871, 1.43377), (-0.544866, 9.85871, 1.3928), (-0.646393, 9.85871, 1.34324),
            (-0.743935, 9.85871, 1.2854), (-0.83689, 9.85871, 1.21964), (-0.924686, 9.85871, 1.14635), (-1.00678, 9.85871, 1.066),
            (-1.08267, 9.85871, 0.979079), (-1.15188, 9.85871, 0.886119), (-1.21399, 9.85871, 0.787696), (-1.26862, 9.85871, 0.684416),
            (-1.31542, 9.85871, 0.576917), (-1.35412, 9.85871, 0.46586), (-1.38446, 9.85871, 0.351932), (-1.40627, 9.85871, 0.235834),
            (-1.41941, 9.85871, 0.118281), (-1.4238, 9.85871, 1.84622e-16), (-1.41941, 9.85871, -0.118281), (-1.40627, 9.85871, -0.235834),
            (-1.38446, 9.85871, -0.351932), (-1.35412, 9.85871, -0.46586), (-1.31542, 9.85871, -0.576917), (-1.26862, 9.85871, -0.684416),
            (-1.21399, 9.85871, -0.787696), (-1.15188, 9.85871, -0.886119), (-1.08267, 9.85871, -0.979079), (-1.00678, 9.85871, -1.066),
            (-0.924686, 9.85871, -1.14635), (-0.83689, 9.85871, -1.21964), (-0.743935, 9.85871, -1.2854), (-0.646393, 9.85871, -1.34324),
            (-0.544866, 9.85871, -1.3928), (-0.439979, 9.85871, -1.43377), (-0.33238, 9.85871, -1.4659), (-0.222732, 9.85871, -1.489),
            (-0.11171, 9.85871, -1.50291), (-2.61548e-16, 9.85871, -1.50756), (0.11171, 9.85871, -1.50291), (0.222732, 9.85871, -1.489),
            (0.33238, 9.85871, -1.4659), (0.439979, 9.85871, -1.43377), (0.544866, 9.85871, -1.3928), (0.646393, 9.85871, -1.34324),
            (0.743935, 9.85871, -1.2854), (0.83689, 9.85871, -1.21964), (0.924686, 9.85871, -1.14635), (1.00678, 9.85871, -1.066),
            (1.08267, 9.85871, -0.979079), (1.15188, 9.85871, -0.886119), (1.21399, 9.85871, -0.787696), (1.26862, 9.85871, -0.684416),
            (1.31542, 9.85871, -0.576917), (1.35412, 9.85871, -0.46586), (1.38446, 9.85871, -0.351932), (1.40627, 9.85871, -0.235834),
            (1.41941, 9.85871, -0.118281), (1.89143, 9.74928, 0), (1.8856, 9.74928, 0.157129), (1.86814, 9.74928, 0.313289),
            (1.83917, 9.74928, 0.467518), (1.79885, 9.74928, 0.618865), (1.74745, 9.74928, 0.766396), (1.68527, 9.74928, 0.909202),
            (1.61271, 9.74928, 1.0464), (1.5302, 9.74928, 1.17715), (1.43825, 9.74928, 1.30064), (1.33744, 9.74928, 1.41611),
            (1.22838, 9.74928, 1.52286), (1.11175, 9.74928, 1.62021), (0.988268, 9.74928, 1.70757), (0.85869, 9.74928, 1.78441),
            (0.723818, 9.74928, 1.85024), (0.584483, 9.74928, 1.90467), (0.441545, 9.74928, 1.94735), (0.295885, 9.74928, 1.97803),
            (0.1484, 9.74928, 1.99651), (1.15817e-16, 9.74928, 2.00269), (-0.1484, 9.74928, 1.99651), (-0.295885, 9.74928, 1.97803),
            (-0.441545, 9.74928, 1.94735), (-0.584483, 9.74928, 1.90467), (-0.723818, 9.74928, 1.85024), (-0.85869, 9.74928, 1.78441),
            (-0.988268, 9.74928, 1.70757), (-1.11175, 9.74928, 1.62021), (-1.22838, 9.74928, 1.52286), (-1.33744, 9.74928, 1.41611),
            (-1.43825, 9.74928, 1.30064), (-1.5302, 9.74928, 1.17715), (-1.61271, 9.74928, 1.0464), (-1.68527, 9.74928, 0.909202),
            (-1.74745, 9.74928, 0.766396), (-1.79885, 9.74928, 0.618865), (-1.83917, 9.74928, 0.467518), (-1.86814, 9.74928, 0.313289),
            (-1.8856, 9.74928, 0.157129), (-1.89143, 9.74928, 2.45259e-16), (-1.8856, 9.74928, -0.157129), (-1.86814, 9.74928, -0.313289),
            (-1.83917, 9.74928, -0.467518), (-1.79885, 9.74928, -0.618865), (-1.74745, 9.74928, -0.766396), (-1.68527, 9.74928, -0.909202),
            (-1.61271, 9.74928, -1.0464), (-1.5302, 9.74928, -1.17715), (-1.43825, 9.74928, -1.30064), (-1.33744, 9.74928, -1.41611),
            (-1.22838, 9.74928, -1.52286), (-1.11175, 9.74928, -1.62021), (-0.988268, 9.74928, -1.70757), (-0.85869, 9.74928, -1.78441),
            (-0.723818, 9.74928, -1.85024), (-0.584483, 9.74928, -1.90467), (-0.441545, 9.74928, -1.94735), (-0.295885, 9.74928, -1.97803),
            (-0.1484, 9.74928, -1.99651), (-3.4745e-16, 9.74928, -2.00269), (0.1484, 9.74928, -1.99651), (0.295885, 9.74928, -1.97803),
            (0.441545, 9.74928, -1.94735), (0.584483, 9.74928, -1.90467), (0.723818, 9.74928, -1.85024), (0.85869, 9.74928, -1.78441),
            (0.988268, 9.74928, -1.70757), (1.11175, 9.74928, -1.62021), (1.22838, 9.74928, -1.52286), (1.33744, 9.74928, -1.41611),
            (1.43825, 9.74928, -1.30064), (1.5302, 9.74928, -1.17715), (1.61271, 9.74928, -1.0464), (1.68527, 9.74928, -0.909202),
            (1.74745, 9.74928, -0.766396), (1.79885, 9.74928, -0.618865), (1.83917, 9.74928, -0.467518), (1.86814, 9.74928, -0.313289),
            (1.8856, 9.74928, -0.157129), (2.3531, 9.60917, 0), (2.34585, 9.60917, 0.195482), (2.32413, 9.60917, 0.38976),
            (2.28809, 9.60917, 0.581634), (2.23793, 9.60917, 0.769922), (2.17398, 9.60917, 0.953463), (2.09663, 9.60917, 1.13113),
            (2.00635, 9.60917, 1.30182), (1.9037, 9.60917, 1.46448), (1.78931, 9.60917, 1.61811), (1.66389, 9.60917, 1.76177),
            (1.52822, 9.60917, 1.89457), (1.38312, 9.60917, 2.01568), (1.22949, 9.60917, 2.12437), (1.06829, 9.60917, 2.21996),
            (0.900493, 9.60917, 2.30186), (0.727148, 9.60917, 2.36958), (0.549321, 9.60917, 2.42268), (0.368106, 9.60917, 2.46084),
            (0.184622, 9.60917, 2.48384), (1.44086e-16, 9.60917, 2.49152), (-0.184622, 9.60917, 2.48384), (-0.368106, 9.60917, 2.46084),
            (-0.549321, 9.60917, 2.42268), (-0.727148, 9.60917, 2.36958), (-0.900493, 9.60917, 2.30186), (-1.06829, 9.60917, 2.21996),
            (-1.22949, 9.60917, 2.12437), (-1.38312, 9.60917, 2.01568), (-1.52822, 9.60917, 1.89457), (-1.66389, 9.60917, 1.76177),
            (-1.78931, 9.60917, 1.61811), (-1.9037, 9.60917, 1.46448), (-2.00635, 9.60917, 1.30182), (-2.09663, 9.60917, 1.13113),
            (-2.17398, 9.60917, 0.953463), (-2.23793, 9.60917, 0.769922), (-2.28809, 9.60917, 0.581634), (-2.32413, 9.60917, 0.38976),
            (-2.34585, 9.60917, 0.195482), (-2.3531, 9.60917, 3.05123e-16), (-2.34585, 9.60917, -0.195482), (-2.32413, 9.60917, -0.38976),
            (-2.28809, 9.60917, -0.581634), (-2.23793, 9.60917, -0.769922), (-2.17398, 9.60917, -0.953463), (-2.09663, 9.60917, -1.13113),
            (-2.00635, 9.60917, -1.30182), (-1.9037, 9.60917, -1.46448), (-1.78931, 9.60917, -1.61811), (-1.66389, 9.60917, -1.76177),
            (-1.52822, 9.60917, -1.89457), (-1.38312, 9.60917, -2.01568), (-1.22949, 9.60917, -2.12437), (-1.06829, 9.60917, -2.21996),
            (-0.900493, 9.60917, -2.30186), (-0.727148, 9.60917, -2.36958), (-0.549321, 9.60917, -2.42268), (-0.368106, 9.60917, -2.46084),
            (-0.184622, 9.60917, -2.48384), (-4.32258e-16, 9.60917, -2.49152), (0.184622, 9.60917, -2.48384), (0.368106, 9.60917, -2.46084),
            (0.549321, 9.60917, -2.42268), (0.727148, 9.60917, -2.36958), (0.900493, 9.60917, -2.30186), (1.06829, 9.60917, -2.21996),
            (1.22949, 9.60917, -2.12437), (1.38312, 9.60917, -2.01568), (1.52822, 9.60917, -1.89457), (1.66389, 9.60917, -1.76177),
            (1.78931, 9.60917, -1.61811), (1.9037, 9.60917, -1.46448), (2.00635, 9.60917, -1.30182), (2.09663, 9.60917, -1.13113),
            (2.17398, 9.60917, -0.953463), (2.23793, 9.60917, -0.769922), (2.28809, 9.60917, -0.581634), (2.32413, 9.60917, -0.38976),
            (2.34585, 9.60917, -0.195482), (2.80737, 9.43883, 0), (2.79872, 9.43883, 0.233221), (2.77281, 9.43883, 0.465003),
            (2.7298, 9.43883, 0.693919), (2.66997, 9.43883, 0.918557), (2.59367, 9.43883, 1.13753), (2.50139, 9.43883, 1.34949),
            (2.39368, 9.43883, 1.55313), (2.27121, 9.43883, 1.7472), (2.13474, 9.43883, 1.93049), (1.98511, 9.43883, 2.10188),
            (1.82324, 9.43883, 2.26032), (1.65013, 9.43883, 2.40481), (1.46685, 9.43883, 2.53448), (1.27452, 9.43883, 2.64853),
            (1.07433, 9.43883, 2.74624), (0.867526, 9.43883, 2.82703), (0.655368, 9.43883, 2.89038), (0.43917, 9.43883, 2.93592),
            (0.220264, 9.43883, 2.96335), (1.71902e-16, 9.43883, 2.97251), (-0.220264, 9.43883, 2.96335), (-0.43917, 9.43883, 2.93592),
            (-0.655368, 9.43883, 2.89038), (-0.867526, 9.43883, 2.82703), (-1.07433, 9.43883, 2.74624), (-1.27452, 9.43883, 2.64853),
            (-1.46685, 9.43883, 2.53448), (-1.65013, 9.43883, 2.40481), (-1.82324, 9.43883, 2.26032), (-1.98511, 9.43883, 2.10188),
            (-2.13474, 9.43883, 1.93049), (-2.27121, 9.43883, 1.7472), (-2.39368, 9.43883, 1.55313), (-2.50139, 9.43883, 1.34949),
            (-2.59367, 9.43883, 1.13753), (-2.66997, 9.43883, 0.918557), (-2.7298, 9.43883, 0.693919), (-2.77281, 9.43883, 0.465003),
            (-2.79872, 9.43883, 0.233221), (-2.80737, 9.43883, 3.64028e-16), (-2.79872, 9.43883, -0.233221), (-2.77281, 9.43883, -0.465003),
            (-2.7298, 9.43883, -0.693919), (-2.66997, 9.43883, -0.918557), (-2.59367, 9.43883, -1.13753), (-2.50139, 9.43883, -1.34949),
            (-2.39368, 9.43883, -1.55313), (-2.27121, 9.43883, -1.7472), (-2.13474, 9.43883, -1.93049), (-1.98511, 9.43883, -2.10188),
            (-1.82324, 9.43883, -2.26032), (-1.65013, 9.43883, -2.40481), (-1.46685, 9.43883, -2.53448), (-1.27452, 9.43883, -2.64853),
            (-1.07433, 9.43883, -2.74624), (-0.867526, 9.43883, -2.82703), (-0.655368, 9.43883, -2.89038), (-0.43917, 9.43883, -2.93592),
            (-0.220264, 9.43883, -2.96335), (-5.15706e-16, 9.43883, -2.97251), (0.220264, 9.43883, -2.96335), (0.43917, 9.43883, -2.93592),
            (0.655368, 9.43883, -2.89038), (0.867526, 9.43883, -2.82703), (1.07433, 9.43883, -2.74624), (1.27452, 9.43883, -2.64853),
            (1.46685, 9.43883, -2.53448), (1.65013, 9.43883, -2.40481), (1.82324, 9.43883, -2.26032), (1.98511, 9.43883, -2.10188),
            (2.13474, 9.43883, -1.93049), (2.27121, 9.43883, -1.7472), (2.39368, 9.43883, -1.55313), (2.50139, 9.43883, -1.34949),
            (2.59367, 9.43883, -1.13753), (2.66997, 9.43883, -0.918557), (2.7298, 9.43883, -0.693919), (2.77281, 9.43883, -0.465003),
            (2.79872, 9.43883, -0.233221), (3.25281, 9.2388, 0), (3.24278, 9.2388, 0.270225), (3.21276, 9.2388, 0.538784),
            (3.16293, 9.2388, 0.804021), (3.09361, 9.2388, 1.0643), (3.0052, 9.2388, 1.31802), (2.89827, 9.2388, 1.56361),
            (2.77348, 9.2388, 1.79956), (2.63158, 9.2388, 2.02442), (2.47346, 9.2388, 2.2368), (2.30008, 9.2388, 2.43538),
            (2.11253, 9.2388, 2.61895), (1.91195, 9.2388, 2.78638), (1.69959, 9.2388, 2.93662), (1.47674, 9.2388, 3.06876),
            (1.2448, 9.2388, 3.18198), (1.00517, 9.2388, 3.27558), (0.759353, 9.2388, 3.34899), (0.508851, 9.2388, 3.40175),
            (0.255212, 9.2388, 3.43353), (1.99177e-16, 9.2388, 3.44415), (-0.255212, 9.2388, 3.43353), (-0.508851, 9.2388, 3.40175),
            (-0.759353, 9.2388, 3.34899), (-1.00517, 9.2388, 3.27558), (-1.2448, 9.2388, 3.18198), (-1.47674, 9.2388, 3.06876),
            (-1.69959, 9.2388, 2.93662), (-1.91195, 9.2388, 2.78638), (-2.11253, 9.2388, 2.61895), (-2.30008, 9.2388, 2.43538),
            (-2.47346, 9.2388, 2.2368), (-2.63158, 9.2388, 2.02442), (-2.77348, 9.2388, 1.79956), (-2.89827, 9.2388, 1.56361),
            (-3.0052, 9.2388, 1.31802), (-3.09361, 9.2388, 1.0643), (-3.16293, 9.2388, 0.804021), (-3.21276, 9.2388, 0.538784),
            (-3.24278, 9.2388, 0.270225), (-3.25281, 9.2388, 4.21787e-16), (-3.24278, 9.2388, -0.270225), (-3.21276, 9.2388, -0.538784),
            (-3.16293, 9.2388, -0.804021), (-3.09361, 9.2388, -1.0643), (-3.0052, 9.2388, -1.31802), (-2.89827, 9.2388, -1.56361),
            (-2.77348, 9.2388, -1.79956), (-2.63158, 9.2388, -2.02442), (-2.47346, 9.2388, -2.2368), (-2.30008, 9.2388, -2.43538),
            (-2.11253, 9.2388, -2.61895), (-1.91195, 9.2388, -2.78638), (-1.69959, 9.2388, -2.93662), (-1.47674, 9.2388, -3.06876),
            (-1.2448, 9.2388, -3.18198), (-1.00517, 9.2388, -3.27558), (-0.759353, 9.2388, -3.34899), (-0.508851, 9.2388, -3.40175),
            (-0.255212, 9.2388, -3.43353), (-5.97531e-16, 9.2388, -3.44415), (0.255212, 9.2388, -3.43353), (0.508851, 9.2388, -3.40175),
            (0.759353, 9.2388, -3.34899), (1.00517, 9.2388, -3.27558), (1.2448, 9.2388, -3.18198), (1.47674, 9.2388, -3.06876),
            (1.69959, 9.2388, -2.93662), (1.91195, 9.2388, -2.78638), (2.11253, 9.2388, -2.61895), (2.30008, 9.2388, -2.43538),
            (2.47346, 9.2388, -2.2368), (2.63158, 9.2388, -2.02442), (2.77348, 9.2388, -1.79956), (2.89827, 9.2388, -1.56361),
            (3.0052, 9.2388, -1.31802), (3.09361, 9.2388, -1.0643), (3.16293, 9.2388, -0.804021), (3.21276, 9.2388, -0.538784),
            (3.24278, 9.2388, -0.270225), (3.68801, 9.00969, 0), (3.67664, 9.00969, 0.306379), (3.64261, 9.00969, 0.610869),
            (3.58611, 9.00969, 0.911593), (3.50751, 9.00969, 1.2067), (3.40728, 9.00969, 1.49436), (3.28604, 9.00969, 1.77281),
            (3.14455, 9.00969, 2.04033), (2.98366, 9.00969, 2.29527), (2.80439, 9.00969, 2.53606), (2.60782, 9.00969, 2.76122),
            (2.39517, 9.00969, 2.96935), (2.16776, 9.00969, 3.15917), (1.92698, 9.00969, 3.32952), (1.67432, 9.00969, 3.47934),
            (1.41134, 9.00969, 3.60771), (1.13966, 9.00969, 3.71383), (0.860949, 9.00969, 3.79706), (0.576932, 9.00969, 3.85688),
            (0.289358, 9.00969, 3.89292), (2.25826e-16, 9.00969, 3.90495), (-0.289358, 9.00969, 3.89292), (-0.576932, 9.00969, 3.85688),
            (-0.860949, 9.00969, 3.79706), (-1.13966, 9.00969, 3.71383), (-1.41134, 9.00969, 3.60771), (-1.67432, 9.00969, 3.47934),
            (-1.92698, 9.00969, 3.32952), (-2.16776, 9.00969, 3.15917), (-2.39517, 9.00969, 2.96935), (-2.60782, 9.00969, 2.76122),
            (-2.80439, 9.00969, 2.53606), (-2.98366, 9.00969, 2.29527), (-3.14455, 9.00969, 2.04033), (-3.28604, 9.00969, 1.77281),
            (-3.40728, 9.00969, 1.49436), (-3.50751, 9.00969, 1.2067), (-3.58611, 9.00969, 0.911593), (-3.64261, 9.00969, 0.610869),
            (-3.67664, 9.00969, 0.306379), (-3.68801, 9.00969, 4.78219e-16), (-3.67664, 9.00969, -0.306379), (-3.64261, 9.00969, -0.610869),
            (-3.58611, 9.00969, -0.911593), (-3.50751, 9.00969, -1.2067), (-3.40728, 9.00969, -1.49436), (-3.28604, 9.00969, -1.77281),
            (-3.14455, 9.00969, -2.04033), (-2.98366, 9.00969, -2.29527), (-2.80439, 9.00969, -2.53606), (-2.60782, 9.00969, -2.76122),
            (-2.39517, 9.00969, -2.96935), (-2.16776, 9.00969, -3.15917), (-1.92698, 9.00969, -3.32952), (-1.67432, 9.00969, -3.47934),
            (-1.41134, 9.00969, -3.60771), (-1.13966, 9.00969, -3.71383), (-0.860949, 9.00969, -3.79706), (-0.576932, 9.00969, -3.85688),
            (-0.289358, 9.00969, -3.89292), (-6.77477e-16, 9.00969, -3.90495), (0.289358, 9.00969, -3.89292), (0.576932, 9.00969, -3.85688),
            (0.860949, 9.00969, -3.79706), (1.13966, 9.00969, -3.71383), (1.41134, 9.00969, -3.60771), (1.67432, 9.00969, -3.47934),
            (1.92698, 9.00969, -3.32952), (2.16776, 9.00969, -3.15917), (2.39517, 9.00969, -2.96935), (2.60782, 9.00969, -2.76122),
            (2.80439, 9.00969, -2.53606), (2.98366, 9.00969, -2.29527), (3.14455, 9.00969, -2.04033), (3.28604, 9.00969, -1.77281),
            (3.40728, 9.00969, -1.49436), (3.50751, 9.00969, -1.2067), (3.58611, 9.00969, -0.911593), (3.64261, 9.00969, -0.610869),
            (3.67664, 9.00969, -0.306379), (4.11161, 8.75223, 0), (4.09894, 8.75223, 0.341569), (4.06099, 8.75223, 0.681033),
            (3.99801, 8.75223, 1.0163), (3.91037, 8.75223, 1.3453), (3.79863, 8.75223, 1.666), (3.66347, 8.75223, 1.97643),
            (3.50572, 8.75223, 2.27468), (3.32636, 8.75223, 2.55891), (3.12649, 8.75223, 2.82735), (2.90735, 8.75223, 3.07837),
            (2.67028, 8.75223, 3.3104), (2.41674, 8.75223, 3.52203), (2.14831, 8.75223, 3.71194), (1.86663, 8.75223, 3.87897),
            (1.57345, 8.75223, 4.02208), (1.27056, 8.75223, 4.1404), (0.959836, 8.75223, 4.23318), (0.643198, 8.75223, 4.29987),
            (0.322593, 8.75223, 4.34005), (2.51764e-16, 8.75223, 4.35347), (-0.322593, 8.75223, 4.34005), (-0.643198, 8.75223, 4.29987),
            (-0.959836, 8.75223, 4.23318), (-1.27056, 8.75223, 4.1404), (-1.57345, 8.75223, 4.02208), (-1.86663, 8.75223, 3.87897),
            (-2.14831, 8.75223, 3.71194), (-2.41674, 8.75223, 3.52203), (-2.67028, 8.75223, 3.3104), (-2.90735, 8.75223, 3.07837),
            (-3.12649, 8.75223, 2.82735), (-3.32636, 8.75223, 2.55891), (-3.50572, 8.75223, 2.27468), (-3.66347, 8.75223, 1.97643),
            (-3.79863, 8.75223, 1.666), (-3.91037, 8.75223, 1.3453), (-3.99801, 8.75223, 1.0163), (-4.06099, 8.75223, 0.681033),
            (-4.09894, 8.75223, 0.341569), (-4.11161, 8.75223, 5.33146e-16), (-4.09894, 8.75223, -0.341569), (-4.06099, 8.75223, -0.681033),
            (-3.99801, 8.75223, -1.0163), (-3.91037, 8.75223, -1.3453), (-3.79863, 8.75223, -1.666), (-3.66347, 8.75223, -1.97643),
            (-3.50572, 8.75223, -2.27468), (-3.32636, 8.75223, -2.55891), (-3.12649, 8.75223, -2.82735), (-2.90735, 8.75223, -3.07837),
            (-2.67028, 8.75223, -3.3104), (-2.41674, 8.75223, -3.52203), (-2.14831, 8.75223, -3.71194), (-1.86663, 8.75223, -3.87897),
            (-1.57345, 8.75223, -4.02208), (-1.27056, 8.75223, -4.1404), (-0.959836, 8.75223, -4.23318), (-0.643198, 8.75223, -4.29987),
            (-0.322593, 8.75223, -4.34005), (-7.55291e-16, 8.75223, -4.35347), (0.322593, 8.75223, -4.34005), (0.643198, 8.75223, -4.29987),
            (0.959836, 8.75223, -4.23318), (1.27056, 8.75223, -4.1404), (1.57345, 8.75223, -4.02208), (1.86663, 8.75223, -3.87897),
            (2.14831, 8.75223, -3.71194), (2.41674, 8.75223, -3.52203), (2.67028, 8.75223, -3.3104), (2.90735, 8.75223, -3.07837),
            (3.12649, 8.75223, -2.82735), (3.32636, 8.75223, -2.55891), (3.50572, 8.75223, -2.27468), (3.66347, 8.75223, -1.97643),
            (3.79863, 8.75223, -1.666), (3.91037, 8.75223, -1.3453), (3.99801, 8.75223, -1.0163), (4.06099, 8.75223, -0.681033),
            (4.09894, 8.75223, -0.341569), (4.52227, 8.46724, 0), (4.50833, 8.46724, 0.375685), (4.4666, 8.46724, 0.749053),
            (4.39732, 8.46724, 1.1178), (4.30094, 8.46724, 1.47966), (4.17804, 8.46724, 1.8324), (4.02937, 8.46724, 2.17384),
            (3.85587, 8.46724, 2.50187), (3.6586, 8.46724, 2.81449), (3.43876, 8.46724, 3.10974), (3.19773, 8.46724, 3.38583),
            (2.93698, 8.46724, 3.64104), (2.65813, 8.46724, 3.87381), (2.36288, 8.46724, 4.08269), (2.05307, 8.46724, 4.2664),
            (1.7306, 8.46724, 4.4238), (1.39746, 8.46724, 4.55393), (1.0557, 8.46724, 4.65599), (0.707439, 8.46724, 4.72934),
            (0.354813, 8.46724, 4.77353), (2.76909e-16, 8.46724, 4.78829), (-0.354813, 8.46724, 4.77353), (-0.707439, 8.46724, 4.72934),
            (-1.0557, 8.46724, 4.65599), (-1.39746, 8.46724, 4.55393), (-1.7306, 8.46724, 4.4238), (-2.05307, 8.46724, 4.2664),
            (-2.36288, 8.46724, 4.08269), (-2.65813, 8.46724, 3.87381), (-2.93698, 8.46724, 3.64104), (-3.19773, 8.46724, 3.38583),
            (-3.43876, 8.46724, 3.10974), (-3.6586, 8.46724, 2.81449), (-3.85587, 8.46724, 2.50187), (-4.02937, 8.46724, 2.17384),
            (-4.17804, 8.46724, 1.8324), (-4.30094, 8.46724, 1.47966), (-4.39732, 8.46724, 1.1178), (-4.4666, 8.46724, 0.749053),
            (-4.50833, 8.46724, 0.375685), (-4.52227, 8.46724, 5.86396e-16), (-4.50833, 8.46724, -0.375685), (-4.4666, 8.46724, -0.749053),
            (-4.39732, 8.46724, -1.1178), (-4.30094, 8.46724, -1.47966), (-4.17804, 8.46724, -1.8324), (-4.02937, 8.46724, -2.17384),
            (-3.85587, 8.46724, -2.50187), (-3.6586, 8.46724, -2.81449), (-3.43876, 8.46724, -3.10974), (-3.19773, 8.46724, -3.38583),
            (-2.93698, 8.46724, -3.64104), (-2.65813, 8.46724, -3.87381), (-2.36288, 8.46724, -4.08269), (-2.05307, 8.46724, -4.2664),
            (-1.7306, 8.46724, -4.4238), (-1.39746, 8.46724, -4.55393), (-1.0557, 8.46724, -4.65599), (-0.707439, 8.46724, -4.72934),
            (-0.354813, 8.46724, -4.77353), (-8.30728e-16, 8.46724, -4.78829), (0.354813, 8.46724, -4.77353), (0.707439, 8.46724, -4.72934),
            (1.0557, 8.46724, -4.65599), (1.39746, 8.46724, -4.55393), (1.7306, 8.46724, -4.4238), (2.05307, 8.46724, -4.2664),
            (2.36288, 8.46724, -4.08269), (2.65813, 8.46724, -3.87381), (2.93698, 8.46724, -3.64104), (3.19773, 8.46724, -3.38583),
            (3.43876, 8.46724, -3.10974), (3.6586, 8.46724, -2.81449), (3.85587, 8.46724, -2.50187), (4.02937, 8.46724, -2.17384),
            (4.17804, 8.46724, -1.8324), (4.30094, 8.46724, -1.47966), (4.39732, 8.46724, -1.1178), (4.4666, 8.46724, -0.749053),
            (4.50833, 8.46724, -0.375685), (4.91871, 8.15561, 0), (4.90354, 8.15561, 0.408618), (4.85815, 8.15561, 0.814717),
            (4.7828, 8.15561, 1.21579), (4.67797, 8.15561, 1.60937), (4.54429, 8.15561, 1.99303), (4.3826, 8.15561, 2.3644),
            (4.19389, 8.15561, 2.72119), (3.97932, 8.15561, 3.06121), (3.74021, 8.15561, 3.38235), (3.47805, 8.15561, 3.68264),
            (3.19444, 8.15561, 3.96023), (2.89114, 8.15561, 4.21339), (2.57002, 8.15561, 4.44059), (2.23305, 8.15561, 4.6404),
            (1.88231, 8.15561, 4.8116), (1.51996, 8.15561, 4.95314), (1.14825, 8.15561, 5.06414), (0.769455, 8.15561, 5.14392),
            (0.385917, 8.15561, 5.19199), (3.01184e-16, 8.15561, 5.20804), (-0.385917, 8.15561, 5.19199), (-0.769455, 8.15561, 5.14392),
            (-1.14825, 8.15561, 5.06414), (-1.51996, 8.15561, 4.95314), (-1.88231, 8.15561, 4.8116), (-2.23305, 8.15561, 4.6404),
            (-2.57002, 8.15561, 4.44059), (-2.89114, 8.15561, 4.21339), (-3.19444, 8.15561, 3.96023), (-3.47805, 8.15561, 3.68264),
            (-3.74021, 8.15561, 3.38235), (-3.97932, 8.15561, 3.06121), (-4.19389, 8.15561, 2.72119), (-4.3826, 8.15561, 2.3644),
            (-4.54429, 8.15561, 1.99303), (-4.67797, 8.15561, 1.60937), (-4.7828, 8.15561, 1.21579), (-4.85815, 8.15561, 0.814717),
            (-4.90354, 8.15561, 0.408618), (-4.91871, 8.15561, 6.37801e-16), (-4.90354, 8.15561, -0.408618), (-4.85815, 8.15561, -0.814717),
            (-4.7828, 8.15561, -1.21579), (-4.67797, 8.15561, -1.60937), (-4.54429, 8.15561, -1.99303), (-4.3826, 8.15561, -2.3644),
            (-4.19389, 8.15561, -2.72119), (-3.97932, 8.15561, -3.06121), (-3.74021, 8.15561, -3.38235), (-3.47805, 8.15561, -3.68264),
            (-3.19444, 8.15561, -3.96023), (-2.89114, 8.15561, -4.21339), (-2.57002, 8.15561, -4.44059), (-2.23305, 8.15561, -4.6404),
            (-1.88231, 8.15561, -4.8116), (-1.51996, 8.15561, -4.95314), (-1.14825, 8.15561, -5.06414), (-0.769455, 8.15561, -5.14392),
            (-0.385917, 8.15561, -5.19199), (-9.03552e-16, 8.15561, -5.20804), (0.385917, 8.15561, -5.19199), (0.769455, 8.15561, -5.14392),
            (1.14825, 8.15561, -5.06414), (1.51996, 8.15561, -4.95314), (1.88231, 8.15561, -4.8116), (2.23305, 8.15561, -4.6404),
            (2.57002, 8.15561, -4.44059), (2.89114, 8.15561, -4.21339), (3.19444, 8.15561, -3.96023), (3.47805, 8.15561, -3.68264),
            (3.74021, 8.15561, -3.38235), (3.97932, 8.15561, -3.06121), (4.19389, 8.15561, -2.72119), (4.3826, 8.15561, -2.3644),
            (4.54429, 8.15561, -1.99303), (4.67797, 8.15561, -1.60937), (4.7828, 8.15561, -1.21579), (4.85815, 8.15561, -0.814717),
            (4.90354, 8.15561, -0.408618), (5.29966, 7.81831, 0), (5.28333, 7.81831, 0.440266), (5.23442, 7.81831, 0.877818),
            (5.15323, 7.81831, 1.30996), (5.04028, 7.81831, 1.73402), (4.89625, 7.81831, 2.14739), (4.72203, 7.81831, 2.54753),
            (4.51871, 7.81831, 2.93195), (4.28752, 7.81831, 3.2983), (4.0299, 7.81831, 3.64432), (3.74743, 7.81831, 3.96786),
            (3.44186, 7.81831, 4.26695), (3.11506, 7.81831, 4.53972), (2.76907, 7.81831, 4.78451), (2.406, 7.81831, 4.9998),
            (2.02809, 7.81831, 5.18427), (1.63769, 7.81831, 5.33677), (1.23718, 7.81831, 5.45636), (0.82905, 7.81831, 5.54232),
            (0.415807, 7.81831, 5.59411), (3.24511e-16, 7.81831, 5.61141), (-0.415807, 7.81831, 5.59411), (-0.82905, 7.81831, 5.54232),
            (-1.23718, 7.81831, 5.45636), (-1.63769, 7.81831, 5.33677), (-2.02809, 7.81831, 5.18427), (-2.406, 7.81831, 4.9998),
            (-2.76907, 7.81831, 4.78451), (-3.11506, 7.81831, 4.53972), (-3.44186, 7.81831, 4.26695), (-3.74743, 7.81831, 3.96786),
            (-4.0299, 7.81831, 3.64432), (-4.28752, 7.81831, 3.2983), (-4.51871, 7.81831, 2.93195), (-4.72203, 7.81831, 2.54753),
            (-4.89625, 7.81831, 2.14739), (-5.04028, 7.81831, 1.73402), (-5.15323, 7.81831, 1.30996), (-5.23442, 7.81831, 0.877818),
            (-5.28333, 7.81831, 0.440266), (-5.29966, 7.81831, 6.87199e-16), (-5.28333, 7.81831, -0.440266), (-5.23442, 7.81831, -0.877818),
            (-5.15323, 7.81831, -1.30996), (-5.04028, 7.81831, -1.73402), (-4.89625, 7.81831, -2.14739), (-4.72203, 7.81831, -2.54753),
            (-4.51871, 7.81831, -2.93195), (-4.28752, 7.81831, -3.2983), (-4.0299, 7.81831, -3.64432), (-3.74743, 7.81831, -3.96786),
            (-3.44186, 7.81831, -4.26695), (-3.11506, 7.81831, -4.53972), (-2.76907, 7.81831, -4.78451), (-2.406, 7.81831, -4.9998),
            (-2.02809, 7.81831, -5.18427), (-1.63769, 7.81831, -5.33677), (-1.23718, 7.81831, -5.45636), (-0.82905, 7.81831, -5.54232),
            (-0.415807, 7.81831, -5.59411), (-9.73532e-16, 7.81831, -5.61141), (0.415807, 7.81831, -5.59411), (0.82905, 7.81831, -5.54232),
            (1.23718, 7.81831, -5.45636), (1.63769, 7.81831, -5.33677), (2.02809, 7.81831, -5.18427), (2.406, 7.81831, -4.9998),
            (2.76907, 7.81831, -4.78451), (3.11506, 7.81831, -4.53972), (3.44186, 7.81831, -4.26695), (3.74743, 7.81831, -3.96786),
            (4.0299, 7.81831, -3.64432), (4.28752, 7.81831, -3.2983), (4.51871, 7.81831, -2.93195), (4.72203, 7.81831, -2.54753),
            (4.89625, 7.81831, -2.14739), (5.04028, 7.81831, -1.73402), (5.15323, 7.81831, -1.30996), (5.23442, 7.81831, -0.877818),
            (5.28333, 7.81831, -0.440266), (5.66395, 7.45642, 0), (5.64649, 7.45642, 0.470529), (5.59421, 7.45642, 0.938156),
            (5.50745, 7.45642, 1.4), (5.38673, 7.45642, 1.85321), (5.2328, 7.45642, 2.295), (5.04661, 7.45642, 2.72264),
            (4.82931, 7.45642, 3.13349), (4.58223, 7.45642, 3.52502), (4.3069, 7.45642, 3.89482), (4.00501, 7.45642, 4.2406),
            (3.67844, 7.45642, 4.56025), (3.32918, 7.45642, 4.85177), (2.9594, 7.45642, 5.11338), (2.57138, 7.45642, 5.34347),
            (2.1675, 7.45642, 5.54062), (1.75026, 7.45642, 5.7036), (1.32222, 7.45642, 5.83142), (0.886036, 7.45642, 5.92328),
            (0.444388, 7.45642, 5.97863), (3.46817e-16, 7.45642, 5.99712), (-0.444388, 7.45642, 5.97863), (-0.886036, 7.45642, 5.92328),
            (-1.32222, 7.45642, 5.83142), (-1.75026, 7.45642, 5.7036), (-2.1675, 7.45642, 5.54062), (-2.57138, 7.45642, 5.34347),
            (-2.9594, 7.45642, 5.11338), (-3.32918, 7.45642, 4.85177), (-3.67844, 7.45642, 4.56025), (-4.00501, 7.45642, 4.2406),
            (-4.3069, 7.45642, 3.89482), (-4.58223, 7.45642, 3.52502), (-4.82931, 7.45642, 3.13349), (-5.04661, 7.45642, 2.72264),
            (-5.2328, 7.45642, 2.295), (-5.38673, 7.45642, 1.85321), (-5.50745, 7.45642, 1.4), (-5.59421, 7.45642, 0.938156),
            (-5.64649, 7.45642, 0.470529), (-5.66395, 7.45642, 7.34435e-16), (-5.64649, 7.45642, -0.470529), (-5.59421, 7.45642, -0.938156),
            (-5.50745, 7.45642, -1.4), (-5.38673, 7.45642, -1.85321), (-5.2328, 7.45642, -2.295), (-5.04661, 7.45642, -2.72264),
            (-4.82931, 7.45642, -3.13349), (-4.58223, 7.45642, -3.52502), (-4.3069, 7.45642, -3.89482), (-4.00501, 7.45642, -4.2406),
            (-3.67844, 7.45642, -4.56025), (-3.32918, 7.45642, -4.85177), (-2.9594, 7.45642, -5.11338), (-2.57138, 7.45642, -5.34347),
            (-2.1675, 7.45642, -5.54062), (-1.75026, 7.45642, -5.7036), (-1.32222, 7.45642, -5.83142), (-0.886036, 7.45642, -5.92328),
            (-0.444388, 7.45642, -5.97863), (-1.04045e-15, 7.45642, -5.99712), (0.444388, 7.45642, -5.97863), (0.886036, 7.45642, -5.92328),
            (1.32222, 7.45642, -5.83142), (1.75026, 7.45642, -5.7036), (2.1675, 7.45642, -5.54062), (2.57138, 7.45642, -5.34347),
            (2.9594, 7.45642, -5.11338), (3.32918, 7.45642, -4.85177), (3.67844, 7.45642, -4.56025), (4.00501, 7.45642, -4.2406),
            (4.3069, 7.45642, -3.89482), (4.58223, 7.45642, -3.52502), (4.82931, 7.45642, -3.13349), (5.04661, 7.45642, -2.72264),
            (5.2328, 7.45642, -2.295), (5.38673, 7.45642, -1.85321), (5.50745, 7.45642, -1.4), (5.59421, 7.45642, -0.938156),
            (5.64649, 7.45642, -0.470529), (6.01041, 7.07107, 0), (5.99188, 7.07107, 0.499311), (5.93641, 7.07107, 0.995543),
            (5.84434, 7.07107, 1.48564), (5.71624, 7.07107, 1.96657), (5.55289, 7.07107, 2.43538), (5.35531, 7.07107, 2.88918),
            (5.12471, 7.07107, 3.32516), (4.86252, 7.07107, 3.74064), (4.57035, 7.07107, 4.13306), (4.25, 7.07107, 4.5),
            (3.90345, 7.07107, 4.83919), (3.53283, 7.07107, 5.14855), (3.14043, 7.07107, 5.42617), (2.72867, 7.07107, 5.67033),
            (2.30008, 7.07107, 5.87953), (1.85732, 7.07107, 6.05249), (1.4031, 7.07107, 6.18812), (0.940235, 7.07107, 6.28561),
            (0.471571, 7.07107, 6.34434), (3.68031e-16, 7.07107, 6.36396), (-0.471571, 7.07107, 6.34434), (-0.940235, 7.07107, 6.28561),
            (-1.4031, 7.07107, 6.18812), (-1.85732, 7.07107, 6.05249), (-2.30008, 7.07107, 5.87953), (-2.72867, 7.07107, 5.67033),
            (-3.14043, 7.07107, 5.42617), (-3.53283, 7.07107, 5.14855), (-3.90345, 7.07107, 4.83919), (-4.25, 7.07107, 4.5),
            (-4.57035, 7.07107, 4.13306), (-4.86252, 7.07107, 3.74064), (-5.12471, 7.07107, 3.32516), (-5.35531, 7.07107, 2.88918),
            (-5.55289, 7.07107, 2.43538), (-5.71624, 7.07107, 1.96657), (-5.84434, 7.07107, 1.48564), (-5.93641, 7.07107, 0.995543),
            (-5.99188, 7.07107, 0.499311), (-6.01041, 7.07107, 7.7936e-16), (-5.99188, 7.07107, -0.499311), (-5.93641, 7.07107, -0.995543),
            (-5.84434, 7.07107, -1.48564), (-5.71624, 7.07107, -1.96657), (-5.55289, 7.07107, -2.43538), (-5.35531, 7.07107, -2.88918),
            (-5.12471, 7.07107, -3.32516), (-4.86252, 7.07107, -3.74064), (-4.57035, 7.07107, -4.13306), (-4.25, 7.07107, -4.5),
            (-3.90345, 7.07107, -4.83919), (-3.53283, 7.07107, -5.14855), (-3.14043, 7.07107, -5.42617), (-2.72867, 7.07107, -5.67033),
            (-2.30008, 7.07107, -5.87953), (-1.85732, 7.07107, -6.05249), (-1.4031, 7.07107, -6.18812), (-0.940235, 7.07107, -6.28561),
            (-0.471571, 7.07107, -6.34434), (-1.10409e-15, 7.07107, -6.36396), (0.471571, 7.07107, -6.34434), (0.940235, 7.07107, -6.28561),
            (1.4031, 7.07107, -6.18812), (1.85732, 7.07107, -6.05249), (2.30008, 7.07107, -5.87953), (2.72867, 7.07107, -5.67033),
            (3.14043, 7.07107, -5.42617), (3.53283, 7.07107, -5.14855), (3.90345, 7.07107, -4.83919), (4.25, 7.07107, -4.5),
            (4.57035, 7.07107, -4.13306), (4.86252, 7.07107, -3.74064), (5.12471, 7.07107, -3.32516), (5.35531, 7.07107, -2.88918),
            (5.55289, 7.07107, -2.43538), (5.71624, 7.07107, -1.96657), (5.84434, 7.07107, -1.48564), (5.93641, 7.07107, -0.995543),
            (5.99188, 7.07107, -0.499311), (6.33796, 6.66347, 0), (6.31842, 6.66347, 0.526522), (6.25993, 6.66347, 1.0498),
            (6.16284, 6.66347, 1.5666), (6.02776, 6.66347, 2.07374), (5.85551, 6.66347, 2.5681), (5.64716, 6.66347, 3.04663),
            (5.404, 6.66347, 3.50637), (5.12752, 6.66347, 3.9445), (4.81942, 6.66347, 4.3583), (4.48161, 6.66347, 4.74524),
            (4.11617, 6.66347, 5.10292), (3.72536, 6.66347, 5.42913), (3.31157, 6.66347, 5.72188), (2.87737, 6.66347, 5.97935),
            (2.42543, 6.66347, 6.19995), (1.95854, 6.66347, 6.38233), (1.47957, 6.66347, 6.52536), (0.991475, 6.66347, 6.62816),
            (0.49727, 6.66347, 6.69009), (3.88088e-16, 6.66347, 6.71078), (-0.49727, 6.66347, 6.69009), (-0.991475, 6.66347, 6.62816),
            (-1.47957, 6.66347, 6.52536), (-1.95854, 6.66347, 6.38233), (-2.42543, 6.66347, 6.19995), (-2.87737, 6.66347, 5.97935),
            (-3.31157, 6.66347, 5.72188), (-3.72536, 6.66347, 5.42913), (-4.11617, 6.66347, 5.10292), (-4.48161, 6.66347, 4.74524),
            (-4.81942, 6.66347, 4.3583), (-5.12752, 6.66347, 3.9445), (-5.404, 6.66347, 3.50637), (-5.64716, 6.66347, 3.04663),
            (-5.85551, 6.66347, 2.5681), (-6.02776, 6.66347, 2.07374), (-6.16284, 6.66347, 1.5666), (-6.25993, 6.66347, 1.0498),
            (-6.31842, 6.66347, 0.526522), (-6.33796, 6.66347, 8.21833e-16), (-6.31842, 6.66347, -0.526522), (-6.25993, 6.66347, -1.0498),
            (-6.16284, 6.66347, -1.5666), (-6.02776, 6.66347, -2.07374), (-5.85551, 6.66347, -2.5681), (-5.64716, 6.66347, -3.04663),
            (-5.404, 6.66347, -3.50637), (-5.12752, 6.66347, -3.9445), (-4.81942, 6.66347, -4.3583), (-4.48161, 6.66347, -4.74524),
            (-4.11617, 6.66347, -5.10292), (-3.72536, 6.66347, -5.42913), (-3.31157, 6.66347, -5.72188), (-2.87737, 6.66347, -5.97935),
            (-2.42543, 6.66347, -6.19995), (-1.95854, 6.66347, -6.38233), (-1.47957, 6.66347, -6.52536), (-0.991475, 6.66347, -6.62816),
            (-0.49727, 6.66347, -6.69009), (-1.16426e-15, 6.66347, -6.71078), (0.49727, 6.66347, -6.69009), (0.991475, 6.66347, -6.62816),
            (1.47957, 6.66347, -6.52536), (1.95854, 6.66347, -6.38233), (2.42543, 6.66347, -6.19995), (2.87737, 6.66347, -5.97935),
            (3.31157, 6.66347, -5.72188), (3.72536, 6.66347, -5.42913), (4.11617, 6.66347, -5.10292), (4.48161, 6.66347, -4.74524),
            (4.81942, 6.66347, -4.3583), (5.12752, 6.66347, -3.9445), (5.404, 6.66347, -3.50637), (5.64716, 6.66347, -3.04663),
            (5.85551, 6.66347, -2.5681), (6.02776, 6.66347, -2.07374), (6.16284, 6.66347, -1.5666), (6.25993, 6.66347, -1.0498),
            (6.31842, 6.66347, -0.526522), (6.64557, 6.2349, 0), (6.62508, 6.2349, 0.552076), (6.56375, 6.2349, 1.10075),
            (6.46195, 6.2349, 1.64263), (6.32031, 6.2349, 2.17439), (6.1397, 6.2349, 2.69275), (5.92124, 6.2349, 3.1945),
            (5.66628, 6.2349, 3.67655), (5.37638, 6.2349, 4.13594), (5.05333, 6.2349, 4.56983), (4.69913, 6.2349, 4.97555),
            (4.31595, 6.2349, 5.35058), (3.90617, 6.2349, 5.69263), (3.4723, 6.2349, 5.99959), (3.01702, 6.2349, 6.26955),
            (2.54315, 6.2349, 6.50086), (2.05359, 6.2349, 6.69209), (1.55138, 6.2349, 6.84206), (1.0396, 6.2349, 6.94985),
            (0.521405, 6.2349, 7.01479), (4.06924e-16, 6.2349, 7.03648), (-0.521405, 6.2349, 7.01479), (-1.0396, 6.2349, 6.94985),
            (-1.55138, 6.2349, 6.84206), (-2.05359, 6.2349, 6.69209), (-2.54315, 6.2349, 6.50086), (-3.01702, 6.2349, 6.26955),
            (-3.4723, 6.2349, 5.99959), (-3.90617, 6.2349, 5.69263), (-4.31595, 6.2349, 5.35058), (-4.69913, 6.2349, 4.97555),
            (-5.05333, 6.2349, 4.56983), (-5.37638, 6.2349, 4.13594), (-5.66628, 6.2349, 3.67655), (-5.92124, 6.2349, 3.1945),
            (-6.1397, 6.2349, 2.69275), (-6.32031, 6.2349, 2.17439), (-6.46195, 6.2349, 1.64263), (-6.56375, 6.2349, 1.10075),
            (-6.62508, 6.2349, 0.552076), (-6.64557, 6.2349, 8.61721e-16), (-6.62508, 6.2349, -0.552076), (-6.56375, 6.2349, -1.10075),
            (-6.46195, 6.2349, -1.64263), (-6.32031, 6.2349, -2.17439), (-6.1397, 6.2349, -2.69275), (-5.92124, 6.2349, -3.1945),
            (-5.66628, 6.2349, -3.67655), (-5.37638, 6.2349, -4.13594), (-5.05333, 6.2349, -4.56983), (-4.69913, 6.2349, -4.97555),
            (-4.31595, 6.2349, -5.35058), (-3.90617, 6.2349, -5.69263), (-3.4723, 6.2349, -5.99959), (-3.01702, 6.2349, -6.26955),
            (-2.54315, 6.2349, -6.50086), (-2.05359, 6.2349, -6.69209), (-1.55138, 6.2349, -6.84206), (-1.0396, 6.2349, -6.94985),
            (-0.521405, 6.2349, -7.01479), (-1.22077e-15, 6.2349, -7.03648), (0.521405, 6.2349, -7.01479), (1.0396, 6.2349, -6.94985),
            (1.55138, 6.2349, -6.84206), (2.05359, 6.2349, -6.69209), (2.54315, 6.2349, -6.50086), (3.01702, 6.2349, -6.26955),
            (3.4723, 6.2349, -5.99959), (3.90617, 6.2349, -5.69263), (4.31595, 6.2349, -5.35058), (4.69913, 6.2349, -4.97555),
            (5.05333, 6.2349, -4.56983), (5.37638, 6.2349, -4.13594), (5.66628, 6.2349, -3.67655), (5.92124, 6.2349, -3.1945),
            (6.1397, 6.2349, -2.69275), (6.32031, 6.2349, -2.17439), (6.46195, 6.2349, -1.64263), (6.56375, 6.2349, -1.10075),
            (6.62508, 6.2349, -0.552076), (6.93227, 5.78671, 0), (6.9109, 5.78671, 0.575894), (6.84692, 5.78671, 1.14824),
            (6.74073, 5.78671, 1.7135), (6.59298, 5.78671, 2.2682), (6.40458, 5.78671, 2.80891), (6.1767, 5.78671, 3.33231),
            (5.91073, 5.78671, 3.83516), (5.60832, 5.78671, 4.31437), (5.27134, 5.78671, 4.76698), (4.90185, 5.78671, 5.1902),
            (4.50215, 5.78671, 5.58142), (4.07468, 5.78671, 5.93822), (3.6221, 5.78671, 6.25842), (3.14718, 5.78671, 6.54003),
            (2.65286, 5.78671, 6.78132), (2.14219, 5.78671, 6.9808), (1.61831, 5.78671, 7.13724), (1.08445, 5.78671, 7.24968),
            (0.543899, 5.78671, 7.31742), (4.24479e-16, 5.78671, 7.34005), (-0.543899, 5.78671, 7.31742), (-1.08445, 5.78671, 7.24968),
            (-1.61831, 5.78671, 7.13724), (-2.14219, 5.78671, 6.9808), (-2.65286, 5.78671, 6.78132), (-3.14718, 5.78671, 6.54003),
            (-3.6221, 5.78671, 6.25842), (-4.07468, 5.78671, 5.93822), (-4.50215, 5.78671, 5.58142), (-4.90185, 5.78671, 5.1902),
            (-5.27134, 5.78671, 4.76698), (-5.60832, 5.78671, 4.31437), (-5.91073, 5.78671, 3.83516), (-6.1767, 5.78671, 3.33231),
            (-6.40458, 5.78671, 2.80891), (-6.59298, 5.78671, 2.2682), (-6.74073, 5.78671, 1.7135), (-6.84692, 5.78671, 1.14824),
            (-6.9109, 5.78671, 0.575894), (-6.93227, 5.78671, 8.98897e-16), (-6.9109, 5.78671, -0.575894), (-6.84692, 5.78671, -1.14824),
            (-6.74073, 5.78671, -1.7135), (-6.59298, 5.78671, -2.2682), (-6.40458, 5.78671, -2.80891), (-6.1767, 5.78671, -3.33231),
            (-5.91073, 5.78671, -3.83516), (-5.60832, 5.78671, -4.31437), (-5.27134, 5.78671, -4.76698), (-4.90185, 5.78671, -5.1902),
            (-4.50215, 5.78671, -5.58142), (-4.07468, 5.78671, -5.93822), (-3.6221, 5.78671, -6.25842), (-3.14718, 5.78671, -6.54003),
            (-2.65286, 5.78671, -6.78132), (-2.14219, 5.78671, -6.9808), (-1.61831, 5.78671, -7.13724), (-1.08445, 5.78671, -7.24968),
            (-0.543899, 5.78671, -7.31742), (-1.27344e-15, 5.78671, -7.34005), (0.543899, 5.78671, -7.31742), (1.08445, 5.78671, -7.24968),
            (1.61831, 5.78671, -7.13724), (2.14219, 5.78671, -6.9808), (2.65286, 5.78671, -6.78132), (3.14718, 5.78671, -6.54003),
            (3.6221, 5.78671, -6.25842), (4.07468, 5.78671, -5.93822), (4.50215, 5.78671, -5.58142), (4.90185, 5.78671, -5.1902),
            (5.27134, 5.78671, -4.76698), (5.60832, 5.78671, -4.31437), (5.91073, 5.78671, -3.83516), (6.1767, 5.78671, -3.33231),
            (6.40458, 5.78671, -2.80891), (6.59298, 5.78671, -2.2682), (6.74073, 5.78671, -1.7135), (6.84692, 5.78671, -1.14824),
            (6.9109, 5.78671, -0.575894), (7.19716, 5.32032, 0), (7.17497, 5.32032, 0.597899), (7.10855, 5.32032, 1.19211),
            (6.9983, 5.32032, 1.77897), (6.8449, 5.32032, 2.35487), (6.6493, 5.32032, 2.91625), (6.41271, 5.32032, 3.45964),
            (6.13658, 5.32032, 3.98171), (5.82262, 5.32032, 4.47923), (5.47276, 5.32032, 4.94913), (5.08916, 5.32032, 5.38852),
            (4.67418, 5.32032, 5.79469), (4.23038, 5.32032, 6.16513), (3.7605, 5.32032, 6.49756), (3.26744, 5.32032, 6.78993),
            (2.75423, 5.32032, 7.04044), (2.22404, 5.32032, 7.24754), (1.68014, 5.32032, 7.40996), (1.12588, 5.32032, 7.5267),
            (0.564682, 5.32032, 7.59703), (4.40699e-16, 5.32032, 7.62052), (-0.564682, 5.32032, 7.59703), (-1.12588, 5.32032, 7.5267),
            (-1.68014, 5.32032, 7.40996), (-2.22404, 5.32032, 7.24754), (-2.75423, 5.32032, 7.04044), (-3.26744, 5.32032, 6.78993),
            (-3.7605, 5.32032, 6.49756), (-4.23038, 5.32032, 6.16513), (-4.67418, 5.32032, 5.79469), (-5.08916, 5.32032, 5.38852),
            (-5.47276, 5.32032, 4.94913), (-5.82262, 5.32032, 4.47923), (-6.13658, 5.32032, 3.98171), (-6.41271, 5.32032, 3.45964),
            (-6.6493, 5.32032, 2.91625), (-6.8449, 5.32032, 2.35487), (-6.9983, 5.32032, 1.77897), (-7.10855, 5.32032, 1.19211),
            (-7.17497, 5.32032, 0.597899), (-7.19716, 5.32032, 9.33244e-16), (-7.17497, 5.32032, -0.597899), (-7.10855, 5.32032, -1.19211),
            (-6.9983, 5.32032, -1.77897), (-6.8449, 5.32032, -2.35487), (-6.6493, 5.32032, -2.91625), (-6.41271, 5.32032, -3.45964),
            (-6.13658, 5.32032, -3.98171), (-5.82262, 5.32032, -4.47923), (-5.47276, 5.32032, -4.94913), (-5.08916, 5.32032, -5.38852),
            (-4.67418, 5.32032, -5.79469), (-4.23038, 5.32032, -6.16513), (-3.7605, 5.32032, -6.49756), (-3.26744, 5.32032, -6.78993),
            (-2.75423, 5.32032, -7.04044), (-2.22404, 5.32032, -7.24754), (-1.68014, 5.32032, -7.40996), (-1.12588, 5.32032, -7.5267),
            (-0.564682, 5.32032, -7.59703), (-1.3221e-15, 5.32032, -7.62052), (0.564682, 5.32032, -7.59703), (1.12588, 5.32032, -7.5267),
            (1.68014, 5.32032, -7.40996), (2.22404, 5.32032, -7.24754), (2.75423, 5.32032, -7.04044), (3.26744, 5.32032, -6.78993),
            (3.7605, 5.32032, -6.49756), (4.23038, 5.32032, -6.16513), (4.67418, 5.32032, -5.79469), (5.08916, 5.32032, -5.38852),
            (5.47276, 5.32032, -4.94913), (5.82262, 5.32032, -4.47923), (6.13658, 5.32032, -3.98171), (6.41271, 5.32032, -3.45964),
            (6.6493, 5.32032, -2.91625), (6.8449, 5.32032, -2.35487), (6.9983, 5.32032, -1.77897), (7.10855, 5.32032, -1.19211),
            (7.17497, 5.32032, -0.597899), (7.4394, 4.83719, 0), (7.41647, 4.83719, 0.618023), (7.34781, 4.83719, 1.23224),
            (7.23385, 4.83719, 1.83885), (7.07529, 4.83719, 2.43413), (6.87311, 4.83719, 3.0144), (6.62855, 4.83719, 3.57609),
            (6.34313, 4.83719, 4.11573), (6.0186, 4.83719, 4.62999), (5.65696, 4.83719, 5.11571), (5.26045, 4.83719, 5.56989),
            (4.8315, 4.83719, 5.98973), (4.37277, 4.83719, 6.37264), (3.88708, 4.83719, 6.71626), (3.37742, 4.83719, 7.01847),
            (2.84693, 4.83719, 7.27741), (2.2989, 4.83719, 7.49148), (1.73669, 4.83719, 7.65937), (1.16378, 4.83719, 7.78003),
            (0.583689, 4.83719, 7.85273), (4.55532e-16, 4.83719, 7.87701), (-0.583689, 4.83719, 7.85273), (-1.16378, 4.83719, 7.78003),
            (-1.73669, 4.83719, 7.65937), (-2.2989, 4.83719, 7.49148), (-2.84693, 4.83719, 7.27741), (-3.37742, 4.83719, 7.01847),
            (-3.88708, 4.83719, 6.71626), (-4.37277, 4.83719, 6.37264), (-4.8315, 4.83719, 5.98973), (-5.26045, 4.83719, 5.56989),
            (-5.65696, 4.83719, 5.11571), (-6.0186, 4.83719, 4.62999), (-6.34313, 4.83719, 4.11573), (-6.62855, 4.83719, 3.57609),
            (-6.87311, 4.83719, 3.0144), (-7.07529, 4.83719, 2.43413), (-7.23385, 4.83719, 1.83885), (-7.34781, 4.83719, 1.23224),
            (-7.41647, 4.83719, 0.618023), (-7.4394, 4.83719, 9.64656e-16), (-7.41647, 4.83719, -0.618023), (-7.34781, 4.83719, -1.23224),
            (-7.23385, 4.83719, -1.83885), (-7.07529, 4.83719, -2.43413), (-6.87311, 4.83719, -3.0144), (-6.62855, 4.83719, -3.57609),
            (-6.34313, 4.83719, -4.11573), (-6.0186, 4.83719, -4.62999), (-5.65696, 4.83719, -5.11571), (-5.26045, 4.83719, -5.56989),
            (-4.8315, 4.83719, -5.98973), (-4.37277, 4.83719, -6.37264), (-3.88708, 4.83719, -6.71626), (-3.37742, 4.83719, -7.01847),
            (-2.84693, 4.83719, -7.27741), (-2.2989, 4.83719, -7.49148), (-1.73669, 4.83719, -7.65937), (-1.16378, 4.83719, -7.78003),
            (-0.583689, 4.83719, -7.85273), (-1.3666e-15, 4.83719, -7.87701), (0.583689, 4.83719, -7.85273), (1.16378, 4.83719, -7.78003),
            (1.73669, 4.83719, -7.65937), (2.2989, 4.83719, -7.49148), (2.84693, 4.83719, -7.27741), (3.37742, 4.83719, -7.01847),
            (3.88708, 4.83719, -6.71626), (4.37277, 4.83719, -6.37264), (4.8315, 4.83719, -5.98973), (5.26045, 4.83719, -5.56989),
            (5.65696, 4.83719, -5.11571), (6.0186, 4.83719, -4.62999), (6.34313, 4.83719, -4.11573), (6.62855, 4.83719, -3.57609),
            (6.87311, 4.83719, -3.0144), (7.07529, 4.83719, -2.43413), (7.23385, 4.83719, -1.83885), (7.34781, 4.83719, -1.23224),
            (7.41647, 4.83719, -0.618023), (7.65824, 4.33884, 0), (7.63463, 4.33884, 0.636203), (7.56395, 4.33884, 1.26848),
            (7.44664, 4.33884, 1.89294), (7.28341, 4.33884, 2.50573), (7.07529, 4.33884, 3.10307), (6.82354, 4.33884, 3.68128),
            (6.52972, 4.33884, 4.23679), (6.19564, 4.33884, 4.76619), (5.82337, 4.33884, 5.26619), (5.41519, 4.33884, 5.73373),
            (4.97363, 4.33884, 6.16592), (4.5014, 4.33884, 6.56009), (4.00142, 4.33884, 6.91382), (3.47677, 4.33884, 7.22492),
            (2.93068, 4.33884, 7.49148), (2.36652, 4.33884, 7.71185), (1.78778, 4.33884, 7.88468), (1.19801, 4.33884, 8.00889),
            (0.600858, 4.33884, 8.08372), (4.68932e-16, 4.33884, 8.10872), (-0.600858, 4.33884, 8.08372), (-1.19801, 4.33884, 8.00889),
            (-1.78778, 4.33884, 7.88468), (-2.36652, 4.33884, 7.71185), (-2.93068, 4.33884, 7.49148), (-3.47677, 4.33884, 7.22492),
            (-4.00142, 4.33884, 6.91382), (-4.5014, 4.33884, 6.56009), (-4.97363, 4.33884, 6.16592), (-5.41519, 4.33884, 5.73373),
            (-5.82337, 4.33884, 5.26619), (-6.19564, 4.33884, 4.76619), (-6.52972, 4.33884, 4.23679), (-6.82354, 4.33884, 3.68128),
            (-7.07529, 4.33884, 3.10307), (-7.28341, 4.33884, 2.50573), (-7.44664, 4.33884, 1.89294), (-7.56395, 4.33884, 1.26848),
            (-7.63463, 4.33884, 0.636203), (-7.65824, 4.33884, 9.93032e-16), (-7.63463, 4.33884, -0.636203), (-7.56395, 4.33884, -1.26848),
            (-7.44664, 4.33884, -1.89294), (-7.28341, 4.33884, -2.50573), (-7.07529, 4.33884, -3.10307), (-6.82354, 4.33884, -3.68128),
            (-6.52972, 4.33884, -4.23679), (-6.19564, 4.33884, -4.76619), (-5.82337, 4.33884, -5.26619), (-5.41519, 4.33884, -5.73373),
            (-4.97363, 4.33884, -6.16592), (-4.5014, 4.33884, -6.56009), (-4.00142, 4.33884, -6.91382), (-3.47677, 4.33884, -7.22492),
            (-2.93068, 4.33884, -7.49148), (-2.36652, 4.33884, -7.71185), (-1.78778, 4.33884, -7.88468), (-1.19801, 4.33884, -8.00889),
            (-0.600858, 4.33884, -8.08372), (-1.4068e-15, 4.33884, -8.10872), (0.600858, 4.33884, -8.08372), (1.19801, 4.33884, -8.00889),
            (1.78778, 4.33884, -7.88468), (2.36652, 4.33884, -7.71185), (2.93068, 4.33884, -7.49148), (3.47677, 4.33884, -7.22492),
            (4.00142, 4.33884, -6.91382), (4.5014, 4.33884, -6.56009), (4.97363, 4.33884, -6.16592), (5.41519, 4.33884, -5.73373),
            (5.82337, 4.33884, -5.26619), (6.19564, 4.33884, -4.76619), (6.52972, 4.33884, -4.23679), (6.82354, 4.33884, -3.68128),
            (7.07529, 4.33884, -3.10307), (7.28341, 4.33884, -2.50573), (7.44664, 4.33884, -1.89294), (7.56395, 4.33884, -1.26848),
            (7.63463, 4.33884, -0.636203), (7.85298, 3.82683, 0), (7.82877, 3.82683, 0.652381), (7.75629, 3.82683, 1.30074),
            (7.636, 3.82683, 1.94108), (7.46862, 3.82683, 2.56945), (7.2552, 3.82683, 3.18198), (6.99705, 3.82683, 3.77489),
            (6.69576, 3.82683, 4.34453), (6.35319, 3.82683, 4.88738), (5.97145, 3.82683, 5.40011), (5.55289, 3.82683, 5.87953),
            (5.1001, 3.82683, 6.32271), (4.61586, 3.82683, 6.72691), (4.10317, 3.82683, 7.08963), (3.56518, 3.82683, 7.40864),
            (3.0052, 3.82683, 7.68198), (2.4267, 3.82683, 7.90795), (1.83324, 3.82683, 8.08517), (1.22848, 3.82683, 8.21255),
            (0.616137, 3.82683, 8.28928), (4.80856e-16, 3.82683, 8.31492), (-0.616137, 3.82683, 8.28928), (-1.22848, 3.82683, 8.21255),
            (-1.83324, 3.82683, 8.08517), (-2.4267, 3.82683, 7.90795), (-3.0052, 3.82683, 7.68198), (-3.56518, 3.82683, 7.40864),
            (-4.10317, 3.82683, 7.08963), (-4.61586, 3.82683, 6.72691), (-5.1001, 3.82683, 6.32271), (-5.55289, 3.82683, 5.87953),
            (-5.97145, 3.82683, 5.40011), (-6.35319, 3.82683, 4.88738), (-6.69576, 3.82683, 4.34453), (-6.99705, 3.82683, 3.77489),
            (-7.2552, 3.82683, 3.18198), (-7.46862, 3.82683, 2.56945), (-7.636, 3.82683, 1.94108), (-7.75629, 3.82683, 1.30074),
            (-7.82877, 3.82683, 0.652381), (-7.85298, 3.82683, 1.01828e-15), (-7.82877, 3.82683, -0.652381), (-7.75629, 3.82683, -1.30074),
            (-7.636, 3.82683, -1.94108), (-7.46862, 3.82683, -2.56945), (-7.2552, 3.82683, -3.18198), (-6.99705, 3.82683, -3.77489),
            (-6.69576, 3.82683, -4.34453), (-6.35319, 3.82683, -4.88738), (-5.97145, 3.82683, -5.40011), (-5.55289, 3.82683, -5.87953),
            (-5.1001, 3.82683, -6.32271), (-4.61586, 3.82683, -6.72691), (-4.10317, 3.82683, -7.08963), (-3.56518, 3.82683, -7.40864),
            (-3.0052, 3.82683, -7.68198), (-2.4267, 3.82683, -7.90795), (-1.83324, 3.82683, -8.08517), (-1.22848, 3.82683, -8.21255),
            (-0.616137, 3.82683, -8.28928), (-1.44257e-15, 3.82683, -8.31492), (0.616137, 3.82683, -8.28928), (1.22848, 3.82683, -8.21255),
            (1.83324, 3.82683, -8.08517), (2.4267, 3.82683, -7.90795), (3.0052, 3.82683, -7.68198), (3.56518, 3.82683, -7.40864),
            (4.10317, 3.82683, -7.08963), (4.61586, 3.82683, -6.72691), (5.1001, 3.82683, -6.32271), (5.55289, 3.82683, -5.87953),
            (5.97145, 3.82683, -5.40011), (6.35319, 3.82683, -4.88738), (6.69576, 3.82683, -4.34453), (6.99705, 3.82683, -3.77489),
            (7.2552, 3.82683, -3.18198), (7.46862, 3.82683, -2.56945), (7.636, 3.82683, -1.94108), (7.75629, 3.82683, -1.30074),
            (7.82877, 3.82683, -0.652381), (8.02301, 3.30279, 0), (7.99828, 3.30279, 0.666506), (7.92423, 3.30279, 1.3289),
            (7.80133, 3.30279, 1.98311), (7.63033, 3.30279, 2.62508), (7.41229, 3.30279, 3.25088), (7.14855, 3.30279, 3.85663),
            (6.84074, 3.30279, 4.4386), (6.49075, 3.30279, 4.99321), (6.10074, 3.30279, 5.51703), (5.67312, 3.30279, 6.00684),
            (5.21053, 3.30279, 6.45961), (4.71581, 3.30279, 6.87256), (4.19201, 3.30279, 7.24314), (3.64237, 3.30279, 7.56906),
            (3.07027, 3.30279, 7.84831), (2.47925, 3.30279, 8.07918), (1.87293, 3.30279, 8.26023), (1.25508, 3.30279, 8.39036),
            (0.629478, 3.30279, 8.46876), (4.91268e-16, 3.30279, 8.49495), (-0.629478, 3.30279, 8.46876), (-1.25508, 3.30279, 8.39036),
            (-1.87293, 3.30279, 8.26023), (-2.47925, 3.30279, 8.07918), (-3.07027, 3.30279, 7.84831), (-3.64237, 3.30279, 7.56906),
            (-4.19201, 3.30279, 7.24314), (-4.71581, 3.30279, 6.87256), (-5.21053, 3.30279, 6.45961), (-5.67312, 3.30279, 6.00684),
            (-6.10074, 3.30279, 5.51703), (-6.49075, 3.30279, 4.99321), (-6.84074, 3.30279, 4.4386), (-7.14855, 3.30279, 3.85663),
            (-7.41229, 3.30279, 3.25088), (-7.63033, 3.30279, 2.62508), (-7.80133, 3.30279, 1.98311), (-7.92423, 3.30279, 1.3289),
            (-7.99828, 3.30279, 0.666506), (-8.02301, 3.30279, 1.04033e-15), (-7.99828, 3.30279, -0.666506), (-7.92423, 3.30279, -1.3289),
            (-7.80133, 3.30279, -1.98311), (-7.63033, 3.30279, -2.62508), (-7.41229, 3.30279, -3.25088), (-7.14855, 3.30279, -3.85663),
            (-6.84074, 3.30279, -4.4386), (-6.49075, 3.30279, -4.99321), (-6.10074, 3.30279, -5.51703), (-5.67312, 3.30279, -6.00684),
            (-5.21053, 3.30279, -6.45961), (-4.71581, 3.30279, -6.87256), (-4.19201, 3.30279, -7.24314), (-3.64237, 3.30279, -7.56906),
            (-3.07027, 3.30279, -7.84831), (-2.47925, 3.30279, -8.07918), (-1.87293, 3.30279, -8.26023), (-1.25508, 3.30279, -8.39036),
            (-0.629478, 3.30279, -8.46876), (-1.4738e-15, 3.30279, -8.49495), (0.629478, 3.30279, -8.46876), (1.25508, 3.30279, -8.39036),
            (1.87293, 3.30279, -8.26023), (2.47925, 3.30279, -8.07918), (3.07027, 3.30279, -7.84831), (3.64237, 3.30279, -7.56906),
            (4.19201, 3.30279, -7.24314), (4.71581, 3.30279, -6.87256), (5.21053, 3.30279, -6.45961), (5.67312, 3.30279, -6.00684),
            (6.10074, 3.30279, -5.51703), (6.49075, 3.30279, -4.99321), (6.84074, 3.30279, -4.4386), (7.14855, 3.30279, -3.85663),
            (7.41229, 3.30279, -3.25088), (7.63033, 3.30279, -2.62508), (7.80133, 3.30279, -1.98311), (7.92423, 3.30279, -1.3289),
            (7.99828, 3.30279, -0.666506), (8.1678, 2.76836, 0), (8.14262, 2.76836, 0.678534), (8.06724, 2.76836, 1.35289),
            (7.94212, 2.76836, 2.0189), (7.76804, 2.76836, 2.67246), (7.54606, 2.76836, 3.30954), (7.27756, 2.76836, 3.92623),
            (6.96419, 2.76836, 4.5187), (6.60789, 2.76836, 5.08332), (6.21084, 2.76836, 5.61659), (5.7755, 2.76836, 6.11524),
            (5.30456, 2.76836, 6.57619), (4.80091, 2.76836, 6.99659), (4.26766, 2.76836, 7.37385), (3.7081, 2.76836, 7.70565),
            (3.12568, 2.76836, 7.98995), (2.52399, 2.76836, 8.22498), (1.90673, 2.76836, 8.4093), (1.27772, 2.76836, 8.54178),
            (0.640838, 2.76836, 8.6216), (5.00133e-16, 2.76836, 8.64826), (-0.640838, 2.76836, 8.6216), (-1.27772, 2.76836, 8.54178),
            (-1.90673, 2.76836, 8.4093), (-2.52399, 2.76836, 8.22498), (-3.12568, 2.76836, 7.98995), (-3.7081, 2.76836, 7.70565),
            (-4.26766, 2.76836, 7.37385), (-4.80091, 2.76836, 6.99659), (-5.30456, 2.76836, 6.57619), (-5.7755, 2.76836, 6.11524),
            (-6.21084, 2.76836, 5.61659), (-6.60789, 2.76836, 5.08332), (-6.96419, 2.76836, 4.5187), (-7.27756, 2.76836, 3.92623),
            (-7.54606, 2.76836, 3.30954), (-7.76804, 2.76836, 2.67246), (-7.94212, 2.76836, 2.0189), (-8.06724, 2.76836, 1.35289),
            (-8.14262, 2.76836, 0.678534), (-8.1678, 2.76836, 1.05911e-15), (-8.14262, 2.76836, -0.678534), (-8.06724, 2.76836, -1.35289),
            (-7.94212, 2.76836, -2.0189), (-7.76804, 2.76836, -2.67246), (-7.54606, 2.76836, -3.30954), (-7.27756, 2.76836, -3.92623),
            (-6.96419, 2.76836, -4.5187), (-6.60789, 2.76836, -5.08332), (-6.21084, 2.76836, -5.61659), (-5.7755, 2.76836, -6.11524),
            (-5.30456, 2.76836, -6.57619), (-4.80091, 2.76836, -6.99659), (-4.26766, 2.76836, -7.37385), (-3.7081, 2.76836, -7.70565),
            (-3.12568, 2.76836, -7.98995), (-2.52399, 2.76836, -8.22498), (-1.90673, 2.76836, -8.4093), (-1.27772, 2.76836, -8.54178),
            (-0.640838, 2.76836, -8.6216), (-1.5004e-15, 2.76836, -8.64826), (0.640838, 2.76836, -8.6216), (1.27772, 2.76836, -8.54178),
            (1.90673, 2.76836, -8.4093), (2.52399, 2.76836, -8.22498), (3.12568, 2.76836, -7.98995), (3.7081, 2.76836, -7.70565),
            (4.26766, 2.76836, -7.37385), (4.80091, 2.76836, -6.99659), (5.30456, 2.76836, -6.57619), (5.7755, 2.76836, -6.11524),
            (6.21084, 2.76836, -5.61659), (6.60789, 2.76836, -5.08332), (6.96419, 2.76836, -4.5187), (7.27756, 2.76836, -3.92623),
            (7.54606, 2.76836, -3.30954), (7.76804, 2.76836, -2.67246), (7.94212, 2.76836, -2.0189), (8.06724, 2.76836, -1.35289),
            (8.14262, 2.76836, -0.678534), (8.28689, 2.22521, 0), (8.26134, 2.22521, 0.688428), (8.18486, 2.22521, 1.37261),
            (8.05792, 2.22521, 2.04833), (7.8813, 2.22521, 2.71142), (7.65609, 2.22521, 3.3578), (7.38367, 2.22521, 3.98347),
            (7.06573, 2.22521, 4.58459), (6.70423, 2.22521, 5.15743), (6.3014, 2.22521, 5.69849), (5.85971, 2.22521, 6.2044),
            (5.3819, 2.22521, 6.67207), (4.87091, 2.22521, 7.0986), (4.32989, 2.22521, 7.48136), (3.76217, 2.22521, 7.818),
            (3.17125, 2.22521, 8.10644), (2.56079, 2.22521, 8.3449), (1.93454, 2.22521, 8.53192), (1.29635, 2.22521, 8.66632),
            (0.650182, 2.22521, 8.7473), (5.07425e-16, 2.22521, 8.77435), (-0.650182, 2.22521, 8.7473), (-1.29635, 2.22521, 8.66632),
            (-1.93454, 2.22521, 8.53192), (-2.56079, 2.22521, 8.3449), (-3.17125, 2.22521, 8.10644), (-3.76217, 2.22521, 7.818),
            (-4.32989, 2.22521, 7.48136), (-4.87091, 2.22521, 7.0986), (-5.3819, 2.22521, 6.67207), (-5.85971, 2.22521, 6.2044),
            (-6.3014, 2.22521, 5.69849), (-6.70423, 2.22521, 5.15743), (-7.06573, 2.22521, 4.58459), (-7.38367, 2.22521, 3.98347),
            (-7.65609, 2.22521, 3.3578), (-7.8813, 2.22521, 2.71142), (-8.05792, 2.22521, 2.04833), (-8.18486, 2.22521, 1.37261),
            (-8.26134, 2.22521, 0.688428), (-8.28689, 2.22521, 1.07455e-15), (-8.26134, 2.22521, -0.688428), (-8.18486, 2.22521, -1.37261),
            (-8.05792, 2.22521, -2.04833), (-7.8813, 2.22521, -2.71142), (-7.65609, 2.22521, -3.3578), (-7.38367, 2.22521, -3.98347),
            (-7.06573, 2.22521, -4.58459), (-6.70423, 2.22521, -5.15743), (-6.3014, 2.22521, -5.69849), (-5.85971, 2.22521, -6.2044),
            (-5.3819, 2.22521, -6.67207), (-4.87091, 2.22521, -7.0986), (-4.32989, 2.22521, -7.48136), (-3.76217, 2.22521, -7.818),
            (-3.17125, 2.22521, -8.10644), (-2.56079, 2.22521, -8.3449), (-1.93454, 2.22521, -8.53192), (-1.29635, 2.22521, -8.66632),
            (-0.650182, 2.22521, -8.7473), (-1.52228e-15, 2.22521, -8.77435), (0.650182, 2.22521, -8.7473), (1.29635, 2.22521, -8.66632),
            (1.93454, 2.22521, -8.53192), (2.56079, 2.22521, -8.3449), (3.17125, 2.22521, -8.10644), (3.76217, 2.22521, -7.818),
            (4.32989, 2.22521, -7.48136), (4.87091, 2.22521, -7.0986), (5.3819, 2.22521, -6.67207), (5.85971, 2.22521, -6.2044),
            (6.3014, 2.22521, -5.69849), (6.70423, 2.22521, -5.15743), (7.06573, 2.22521, -4.58459), (7.38367, 2.22521, -3.98347),
            (7.65609, 2.22521, -3.3578), (7.8813, 2.22521, -2.71142), (8.05792, 2.22521, -2.04833), (8.18486, 2.22521, -1.37261),
            (8.26134, 2.22521, -0.688428), (8.3799, 1.67506, 0), (8.35407, 1.67506, 0.696155), (8.27673, 1.67506, 1.38802),
            (8.14837, 1.67506, 2.07132), (7.96976, 1.67506, 2.74186), (7.74202, 1.67506, 3.39549), (7.46655, 1.67506, 4.02818),
            (7.14504, 1.67506, 4.63605), (6.77948, 1.67506, 5.21532), (6.37213, 1.67506, 5.76245), (5.92549, 1.67506, 6.27404),
            (5.44231, 1.67506, 6.74696), (4.92558, 1.67506, 7.17828), (4.37849, 1.67506, 7.56534), (3.8044, 1.67506, 7.90576),
            (3.20685, 1.67506, 8.19743), (2.58953, 1.67506, 8.43857), (1.95625, 1.67506, 8.62768), (1.31091, 1.67506, 8.7636),
            (0.65748, 1.67506, 8.84549), (5.13121e-16, 1.67506, 8.87284), (-0.65748, 1.67506, 8.84549), (-1.31091, 1.67506, 8.7636),
            (-1.95625, 1.67506, 8.62768), (-2.58953, 1.67506, 8.43857), (-3.20685, 1.67506, 8.19743), (-3.8044, 1.67506, 7.90576),
            (-4.37849, 1.67506, 7.56534), (-4.92558, 1.67506, 7.17828), (-5.44231, 1.67506, 6.74696), (-5.92549, 1.67506, 6.27404),
            (-6.37213, 1.67506, 5.76245), (-6.77948, 1.67506, 5.21532), (-7.14504, 1.67506, 4.63605), (-7.46655, 1.67506, 4.02818),
            (-7.74202, 1.67506, 3.39549), (-7.96976, 1.67506, 2.74186), (-8.14837, 1.67506, 2.07132), (-8.27673, 1.67506, 1.38802),
            (-8.35407, 1.67506, 0.696155), (-8.3799, 1.67506, 1.08661e-15), (-8.35407, 1.67506, -0.696155), (-8.27673, 1.67506, -1.38802),
            (-8.14837, 1.67506, -2.07132), (-7.96976, 1.67506, -2.74186), (-7.74202, 1.67506, -3.39549), (-7.46655, 1.67506, -4.02818),
            (-7.14504, 1.67506, -4.63605), (-6.77948, 1.67506, -5.21532), (-6.37213, 1.67506, -5.76245), (-5.92549, 1.67506, -6.27404),
            (-5.44231, 1.67506, -6.74696), (-4.92558, 1.67506, -7.17828), (-4.37849, 1.67506, -7.56534), (-3.8044, 1.67506, -7.90576),
            (-3.20685, 1.67506, -8.19743), (-2.58953, 1.67506, -8.43857), (-1.95625, 1.67506, -8.62768), (-1.31091, 1.67506, -8.7636),
            (-0.65748, 1.67506, -8.84549), (-1.53936e-15, 1.67506, -8.87284), (0.65748, 1.67506, -8.84549), (1.31091, 1.67506, -8.7636),
            (1.95625, 1.67506, -8.62768), (2.58953, 1.67506, -8.43857), (3.20685, 1.67506, -8.19743), (3.8044, 1.67506, -7.90576),
            (4.37849, 1.67506, -7.56534), (4.92558, 1.67506, -7.17828), (5.44231, 1.67506, -6.74696), (5.92549, 1.67506, -6.27404),
            (6.37213, 1.67506, -5.76245), (6.77948, 1.67506, -5.21532), (7.14504, 1.67506, -4.63605), (7.46655, 1.67506, -4.02818),
            (7.74202, 1.67506, -3.39549), (7.96976, 1.67506, -2.74186), (8.14837, 1.67506, -2.07132), (8.27673, 1.67506, -1.38802),
            (8.35407, 1.67506, -0.696155), (8.44655, 1.11964, 0), (8.42052, 1.11964, 0.701692), (8.34256, 1.11964, 1.39906),
            (8.21317, 1.11964, 2.0878), (8.03315, 1.11964, 2.76367), (7.8036, 1.11964, 3.42249), (7.52593, 1.11964, 4.06022),
            (7.20187, 1.11964, 4.67292), (6.83341, 1.11964, 5.2568), (6.42281, 1.11964, 5.80828), (5.97262, 1.11964, 6.32395),
            (5.4856, 1.11964, 6.80062), (4.96476, 1.11964, 7.23537), (4.41331, 1.11964, 7.62551), (3.83466, 1.11964, 7.96864),
            (3.23236, 1.11964, 8.26263), (2.61013, 1.11964, 8.50569), (1.97181, 1.11964, 8.6963), (1.32133, 1.11964, 8.8333),
            (0.662709, 1.11964, 8.91584), (5.17202e-16, 1.11964, 8.94341), (-0.662709, 1.11964, 8.91584), (-1.32133, 1.11964, 8.8333),
            (-1.97181, 1.11964, 8.6963), (-2.61013, 1.11964, 8.50569), (-3.23236, 1.11964, 8.26263), (-3.83466, 1.11964, 7.96864),
            (-4.41331, 1.11964, 7.62551), (-4.96476, 1.11964, 7.23537), (-5.4856, 1.11964, 6.80062), (-5.97262, 1.11964, 6.32395),
            (-6.42281, 1.11964, 5.80828), (-6.83341, 1.11964, 5.2568), (-7.20187, 1.11964, 4.67292), (-7.52593, 1.11964, 4.06022),
            (-7.8036, 1.11964, 3.42249), (-8.03315, 1.11964, 2.76367), (-8.21317, 1.11964, 2.0878), (-8.34256, 1.11964, 1.39906),
            (-8.42052, 1.11964, 0.701692), (-8.44655, 1.11964, 1.09525e-15), (-8.42052, 1.11964, -0.701692), (-8.34256, 1.11964, -1.39906),
            (-8.21317, 1.11964, -2.0878), (-8.03315, 1.11964, -2.76367), (-7.8036, 1.11964, -3.42249), (-7.52593, 1.11964, -4.06022),
            (-7.20187, 1.11964, -4.67292), (-6.83341, 1.11964, -5.2568), (-6.42281, 1.11964, -5.80828), (-5.97262, 1.11964, -6.32395),
            (-5.4856, 1.11964, -6.80062), (-4.96476, 1.11964, -7.23537), (-4.41331, 1.11964, -7.62551), (-3.83466, 1.11964, -7.96864),
            (-3.23236, 1.11964, -8.26263), (-2.61013, 1.11964, -8.50569), (-1.97181, 1.11964, -8.6963), (-1.32133, 1.11964, -8.8333),
            (-0.662709, 1.11964, -8.91584), (-1.55161e-15, 1.11964, -8.94341), (0.662709, 1.11964, -8.91584), (1.32133, 1.11964, -8.8333),
            (1.97181, 1.11964, -8.6963), (2.61013, 1.11964, -8.50569), (3.23236, 1.11964, -8.26263), (3.83466, 1.11964, -7.96864),
            (4.41331, 1.11964, -7.62551), (4.96476, 1.11964, -7.23537), (5.4856, 1.11964, -6.80062), (5.97262, 1.11964, -6.32395),
            (6.42281, 1.11964, -5.80828), (6.83341, 1.11964, -5.2568), (7.20187, 1.11964, -4.67292), (7.52593, 1.11964, -4.06022),
            (7.8036, 1.11964, -3.42249), (8.03315, 1.11964, -2.76367), (8.21317, 1.11964, -2.0878), (8.34256, 1.11964, -1.39906),
            (8.42052, 1.11964, -0.701692), (8.48663, 0.560704, 0), (8.46047, 0.560704, 0.705021), (8.38214, 0.560704, 1.4057),
            (8.25214, 0.560704, 2.0977), (8.07126, 0.560704, 2.77678), (7.84062, 0.560704, 3.43873), (7.56164, 0.560704, 4.07949),
            (7.23604, 0.560704, 4.69509), (6.86583, 0.560704, 5.28175), (6.45328, 0.560704, 5.83584), (6.00095, 0.560704, 6.35395),
            (5.51162, 0.560704, 6.83289), (4.98831, 0.560704, 7.2697), (4.43425, 0.560704, 7.66169), (3.85285, 0.560704, 8.00644),
            (3.24769, 0.560704, 8.30183), (2.62251, 0.560704, 8.54604), (1.98116, 0.560704, 8.73756), (1.3276, 0.560704, 8.87521),
            (0.665853, 0.560704, 8.95814), (5.19656e-16, 0.560704, 8.98584), (-0.665853, 0.560704, 8.95814), (-1.3276, 0.560704, 8.87521),
            (-1.98116, 0.560704, 8.73756), (-2.62251, 0.560704, 8.54604), (-3.24769, 0.560704, 8.30183), (-3.85285, 0.560704, 8.00644),
            (-4.43425, 0.560704, 7.66169), (-4.98831, 0.560704, 7.2697), (-5.51162, 0.560704, 6.83289), (-6.00095, 0.560704, 6.35395),
            (-6.45328, 0.560704, 5.83584), (-6.86583, 0.560704, 5.28175), (-7.23604, 0.560704, 4.69509), (-7.56164, 0.560704, 4.07949),
            (-7.84062, 0.560704, 3.43873), (-8.07126, 0.560704, 2.77678), (-8.25214, 0.560704, 2.0977), (-8.38214, 0.560704, 1.4057),
            (-8.46047, 0.560704, 0.705021), (-8.48663, 0.560704, 1.10045e-15), (-8.46047, 0.560704, -0.705021), (-8.38214, 0.560704, -1.4057),
            (-8.25214, 0.560704, -2.0977), (-8.07126, 0.560704, -2.77678), (-7.84062, 0.560704, -3.43873), (-7.56164, 0.560704, -4.07949),
            (-7.23604, 0.560704, -4.69509), (-6.86583, 0.560704, -5.28175), (-6.45328, 0.560704, -5.83584), (-6.00095, 0.560704, -6.35395),
            (-5.51162, 0.560704, -6.83289), (-4.98831, 0.560704, -7.2697), (-4.43425, 0.560704, -7.66169), (-3.85285, 0.560704, -8.00644),
            (-3.24769, 0.560704, -8.30183), (-2.62251, 0.560704, -8.54604), (-1.98116, 0.560704, -8.73756), (-1.3276, 0.560704, -8.87521),
            (-0.665853, 0.560704, -8.95814), (-1.55897e-15, 0.560704, -8.98584), (0.665853, 0.560704, -8.95814), (1.3276, 0.560704, -8.87521),
            (1.98116, 0.560704, -8.73756), (2.62251, 0.560704, -8.54604), (3.24769, 0.560704, -8.30183), (3.85285, 0.560704, -8.00644),
            (4.43425, 0.560704, -7.66169), (4.98831, 0.560704, -7.2697), (5.51162, 0.560704, -6.83289), (6.00095, 0.560704, -6.35395),
            (6.45328, 0.560704, -5.83584), (6.86583, 0.560704, -5.28175), (7.23604, 0.560704, -4.69509), (7.56164, 0.560704, -4.07949),
            (7.84062, 0.560704, -3.43873), (8.07126, 0.560704, -2.77678), (8.25214, 0.560704, -2.0977), (8.38214, 0.560704, -1.4057),
            (8.46047, 0.560704, -0.705021), (8.5, 6.12323e-16, 0), (8.4738, 6.12323e-16, 0.706132), (8.39535, 6.12323e-16, 1.40791),
            (8.26514, 6.12323e-16, 2.10101), (8.08398, 6.12323e-16, 2.78115), (7.85298, 6.12323e-16, 3.44415), (7.57356, 6.12323e-16, 4.08591),
            (7.24744, 6.12323e-16, 4.70249), (6.87664, 6.12323e-16, 5.29007), (6.46345, 6.12323e-16, 5.84503), (6.01041, 6.12323e-16, 6.36396),
            (5.52031, 6.12323e-16, 6.84365), (4.99617, 6.12323e-16, 7.28115), (4.44124, 6.12323e-16, 7.67376), (3.85892, 6.12323e-16, 8.01906),
            (3.25281, 6.12323e-16, 8.31492), (2.62664, 6.12323e-16, 8.55951), (1.98429, 6.12323e-16, 8.75133), (1.32969, 6.12323e-16, 8.8892),
            (0.666902, 6.12323e-16, 8.97226), (5.20475e-16, 6.12323e-16, 9), (-0.666902, 6.12323e-16, 8.97226), (-1.32969, 6.12323e-16, 8.8892),
            (-1.98429, 6.12323e-16, 8.75133), (-2.62664, 6.12323e-16, 8.55951), (-3.25281, 6.12323e-16, 8.31492), (-3.85892, 6.12323e-16, 8.01906),
            (-4.44124, 6.12323e-16, 7.67376), (-4.99617, 6.12323e-16, 7.28115), (-5.52031, 6.12323e-16, 6.84365), (-6.01041, 6.12323e-16, 6.36396),
            (-6.46345, 6.12323e-16, 5.84503), (-6.87664, 6.12323e-16, 5.29007), (-7.24744, 6.12323e-16, 4.70249), (-7.57356, 6.12323e-16, 4.08591),
            (-7.85298, 6.12323e-16, 3.44415), (-8.08398, 6.12323e-16, 2.78115), (-8.26514, 6.12323e-16, 2.10101), (-8.39535, 6.12323e-16, 1.40791),
            (-8.4738, 6.12323e-16, 0.706132), (-8.5, 6.12323e-16, 1.10218e-15), (-8.4738, 6.12323e-16, -0.706132), (-8.39535, 6.12323e-16, -1.40791),
            (-8.26514, 6.12323e-16, -2.10101), (-8.08398, 6.12323e-16, -2.78115), (-7.85298, 6.12323e-16, -3.44415), (-7.57356, 6.12323e-16, -4.08591),
            (-7.24744, 6.12323e-16, -4.70249), (-6.87664, 6.12323e-16, -5.29007), (-6.46345, 6.12323e-16, -5.84503), (-6.01041, 6.12323e-16, -6.36396),
            (-5.52031, 6.12323e-16, -6.84365), (-4.99617, 6.12323e-16, -7.28115), (-4.44124, 6.12323e-16, -7.67376), (-3.85892, 6.12323e-16, -8.01906),
            (-3.25281, 6.12323e-16, -8.31492), (-2.62664, 6.12323e-16, -8.55951), (-1.98429, 6.12323e-16, -8.75133), (-1.32969, 6.12323e-16, -8.8892),
            (-0.666902, 6.12323e-16, -8.97226), (-1.56142e-15, 6.12323e-16, -9), (0.666902, 6.12323e-16, -8.97226), (1.32969, 6.12323e-16, -8.8892),
            (1.98429, 6.12323e-16, -8.75133), (2.62664, 6.12323e-16, -8.55951), (3.25281, 6.12323e-16, -8.31492), (3.85892, 6.12323e-16, -8.01906),
            (4.44124, 6.12323e-16, -7.67376), (4.99617, 6.12323e-16, -7.28115), (5.52031, 6.12323e-16, -6.84365), (6.01041, 6.12323e-16, -6.36396),
            (6.46345, 6.12323e-16, -5.84503), (6.87664, 6.12323e-16, -5.29007), (7.24744, 6.12323e-16, -4.70249), (7.57356, 6.12323e-16, -4.08591),
            (7.85298, 6.12323e-16, -3.44415), (8.08398, 6.12323e-16, -2.78115), (8.26514, 6.12323e-16, -2.10101), (8.39535, 6.12323e-16, -1.40791),
            (8.4738, 6.12323e-16, -0.706132), (8.48663, -0.560704, 0), (8.46047, -0.560704, 0.705021), (8.38214, -0.560704, 1.4057),
            (8.25214, -0.560704, 2.0977), (8.07126, -0.560704, 2.77678), (7.84062, -0.560704, 3.43873), (7.56164, -0.560704, 4.07949),
            (7.23604, -0.560704, 4.69509), (6.86583, -0.560704, 5.28175), (6.45328, -0.560704, 5.83584), (6.00095, -0.560704, 6.35395),
            (5.51162, -0.560704, 6.83289), (4.98831, -0.560704, 7.2697), (4.43425, -0.560704, 7.66169), (3.85285, -0.560704, 8.00644),
            (3.24769, -0.560704, 8.30183), (2.62251, -0.560704, 8.54604), (1.98116, -0.560704, 8.73756), (1.3276, -0.560704, 8.87521),
            (0.665853, -0.560704, 8.95814), (5.19656e-16, -0.560704, 8.98584), (-0.665853, -0.560704, 8.95814), (-1.3276, -0.560704, 8.87521),
            (-1.98116, -0.560704, 8.73756), (-2.62251, -0.560704, 8.54604), (-3.24769, -0.560704, 8.30183), (-3.85285, -0.560704, 8.00644),
            (-4.43425, -0.560704, 7.66169), (-4.98831, -0.560704, 7.2697), (-5.51162, -0.560704, 6.83289), (-6.00095, -0.560704, 6.35395),
            (-6.45328, -0.560704, 5.83584), (-6.86583, -0.560704, 5.28175), (-7.23604, -0.560704, 4.69509), (-7.56164, -0.560704, 4.07949),
            (-7.84062, -0.560704, 3.43873), (-8.07126, -0.560704, 2.77678), (-8.25214, -0.560704, 2.0977), (-8.38214, -0.560704, 1.4057),
            (-8.46047, -0.560704, 0.705021), (-8.48663, -0.560704, 1.10045e-15), (-8.46047, -0.560704, -0.705021), (-8.38214, -0.560704, -1.4057),
            (-8.25214, -0.560704, -2.0977), (-8.07126, -0.560704, -2.77678), (-7.84062, -0.560704, -3.43873), (-7.56164, -0.560704, -4.07949),
            (-7.23604, -0.560704, -4.69509), (-6.86583, -0.560704, -5.28175), (-6.45328, -0.560704, -5.83584), (-6.00095, -0.560704, -6.35395),
            (-5.51162, -0.560704, -6.83289), (-4.98831, -0.560704, -7.2697), (-4.43425, -0.560704, -7.66169), (-3.85285, -0.560704, -8.00644),
            (-3.24769, -0.560704, -8.30183), (-2.62251, -0.560704, -8.54604), (-1.98116, -0.560704, -8.73756), (-1.3276, -0.560704, -8.87521),
            (-0.665853, -0.560704, -8.95814), (-1.55897e-15, -0.560704, -8.98584), (0.665853, -0.560704, -8.95814), (1.3276, -0.560704, -8.87521),
            (1.98116, -0.560704, -8.73756), (2.62251, -0.560704, -8.54604), (3.24769, -0.560704, -8.30183), (3.85285, -0.560704, -8.00644),
            (4.43425, -0.560704, -7.66169), (4.98831, -0.560704, -7.2697), (5.51162, -0.560704, -6.83289), (6.00095, -0.560704, -6.35395),
            (6.45328, -0.560704, -5.83584), (6.86583, -0.560704, -5.28175), (7.23604, -0.560704, -4.69509), (7.56164, -0.560704, -4.07949),
            (7.84062, -0.560704, -3.43873), (8.07126, -0.560704, -2.77678), (8.25214, -0.560704, -2.0977), (8.38214, -0.560704, -1.4057),
            (8.46047, -0.560704, -0.705021), (8.44655, -1.11964, 0), (8.42052, -1.11964, 0.701692), (8.34256, -1.11964, 1.39906),
            (8.21317, -1.11964, 2.0878), (8.03315, -1.11964, 2.76367), (7.8036, -1.11964, 3.42249), (7.52593, -1.11964, 4.06022),
            (7.20187, -1.11964, 4.67292), (6.83341, -1.11964, 5.2568), (6.42281, -1.11964, 5.80828), (5.97262, -1.11964, 6.32395),
            (5.4856, -1.11964, 6.80062), (4.96476, -1.11964, 7.23537), (4.41331, -1.11964, 7.62551), (3.83466, -1.11964, 7.96864),
            (3.23236, -1.11964, 8.26263), (2.61013, -1.11964, 8.50569), (1.97181, -1.11964, 8.6963), (1.32133, -1.11964, 8.8333),
            (0.662709, -1.11964, 8.91584), (5.17202e-16, -1.11964, 8.94341), (-0.662709, -1.11964, 8.91584), (-1.32133, -1.11964, 8.8333),
            (-1.97181, -1.11964, 8.6963), (-2.61013, -1.11964, 8.50569), (-3.23236, -1.11964, 8.26263), (-3.83466, -1.11964, 7.96864),
            (-4.41331, -1.11964, 7.62551), (-4.96476, -1.11964, 7.23537), (-5.4856, -1.11964, 6.80062), (-5.97262, -1.11964, 6.32395),
            (-6.42281, -1.11964, 5.80828), (-6.83341, -1.11964, 5.2568), (-7.20187, -1.11964, 4.67292), (-7.52593, -1.11964, 4.06022),
            (-7.8036, -1.11964, 3.42249), (-8.03315, -1.11964, 2.76367), (-8.21317, -1.11964, 2.0878), (-8.34256, -1.11964, 1.39906),
            (-8.42052, -1.11964, 0.701692), (-8.44655, -1.11964, 1.09525e-15), (-8.42052, -1.11964, -0.701692), (-8.34256, -1.11964, -1.39906),
            (-8.21317, -1.11964, -2.0878), (-8.03315, -1.11964, -2.76367), (-7.8036, -1.11964, -3.42249), (-7.52593, -1.11964, -4.06022),
            (-7.20187, -1.11964, -4.67292), (-6.83341, -1.11964, -5.2568), (-6.42281, -1.11964, -5.80828), (-5.97262, -1.11964, -6.32395),
            (-5.4856, -1.11964, -6.80062), (-4.96476, -1.11964, -7.23537), (-4.41331, -1.11964, -7.62551), (-3.83466, -1.11964, -7.96864),
            (-3.23236, -1.11964, -8.26263), (-2.61013, -1.11964, -8.50569), (-1.97181, -1.11964, -8.6963), (-1.32133, -1.11964, -8.8333),
            (-0.662709, -1.11964, -8.91584), (-1.55161e-15, -1.11964, -8.94341), (0.662709, -1.11964, -8.91584), (1.32133, -1.11964, -8.8333),
            (1.97181, -1.11964, -8.6963), (2.61013, -1.11964, -8.50569), (3.23236, -1.11964, -8.26263), (3.83466, -1.11964, -7.96864),
            (4.41331, -1.11964, -7.62551), (4.96476, -1.11964, -7.23537), (5.4856, -1.11964, -6.80062), (5.97262, -1.11964, -6.32395),
            (6.42281, -1.11964, -5.80828), (6.83341, -1.11964, -5.2568), (7.20187, -1.11964, -4.67292), (7.52593, -1.11964, -4.06022),
            (7.8036, -1.11964, -3.42249), (8.03315, -1.11964, -2.76367), (8.21317, -1.11964, -2.0878), (8.34256, -1.11964, -1.39906),
            (8.42052, -1.11964, -0.701692), (8.3799, -1.67506, 0), (8.35407, -1.67506, 0.696155), (8.27673, -1.67506, 1.38802),
            (8.14837, -1.67506, 2.07132), (7.96976, -1.67506, 2.74186), (7.74202, -1.67506, 3.39549), (7.46655, -1.67506, 4.02818),
            (7.14504, -1.67506, 4.63605), (6.77948, -1.67506, 5.21532), (6.37213, -1.67506, 5.76245), (5.92549, -1.67506, 6.27404),
            (5.44231, -1.67506, 6.74696), (4.92558, -1.67506, 7.17828), (4.37849, -1.67506, 7.56534), (3.8044, -1.67506, 7.90576),
            (3.20685, -1.67506, 8.19743), (2.58953, -1.67506, 8.43857), (1.95625, -1.67506, 8.62768), (1.31091, -1.67506, 8.7636),
            (0.65748, -1.67506, 8.84549), (5.13121e-16, -1.67506, 8.87284), (-0.65748, -1.67506, 8.84549), (-1.31091, -1.67506, 8.7636),
            (-1.95625, -1.67506, 8.62768), (-2.58953, -1.67506, 8.43857), (-3.20685, -1.67506, 8.19743), (-3.8044, -1.67506, 7.90576),
            (-4.37849, -1.67506, 7.56534), (-4.92558, -1.67506, 7.17828), (-5.44231, -1.67506, 6.74696), (-5.92549, -1.67506, 6.27404),
            (-6.37213, -1.67506, 5.76245), (-6.77948, -1.67506, 5.21532), (-7.14504, -1.67506, 4.63605), (-7.46655, -1.67506, 4.02818),
            (-7.74202, -1.67506, 3.39549), (-7.96976, -1.67506, 2.74186), (-8.14837, -1.67506, 2.07132), (-8.27673, -1.67506, 1.38802),
            (-8.35407, -1.67506, 0.696155), (-8.3799, -1.67506, 1.08661e-15), (-8.35407, -1.67506, -0.696155), (-8.27673, -1.67506, -1.38802),
            (-8.14837, -1.67506, -2.07132), (-7.96976, -1.67506, -2.74186), (-7.74202, -1.67506, -3.39549), (-7.46655, -1.67506, -4.02818),
            (-7.14504, -1.67506, -4.63605), (-6.77948, -1.67506, -5.21532), (-6.37213, -1.67506, -5.76245), (-5.92549, -1.67506, -6.27404),
            (-5.44231, -1.67506, -6.74696), (-4.92558, -1.67506, -7.17828), (-4.37849, -1.67506, -7.56534), (-3.8044, -1.67506, -7.90576),
            (-3.20685, -1.67506, -8.19743), (-2.58953, -1.67506, -8.43857), (-1.95625, -1.67506, -8.62768), (-1.31091, -1.67506, -8.7636),
            (-0.65748, -1.67506, -8.84549), (-1.53936e-15, -1.67506, -8.87284), (0.65748, -1.67506, -8.84549), (1.31091, -1.67506, -8.7636),
            (1.95625, -1.67506, -8.62768), (2.58953, -1.67506, -8.43857), (3.20685, -1.67506, -8.19743), (3.8044, -1.67506, -7.90576),
            (4.37849, -1.67506, -7.56534), (4.92558, -1.67506, -7.17828), (5.44231, -1.67506, -6.74696), (5.92549, -1.67506, -6.27404),
            (6.37213, -1.67506, -5.76245), (6.77948, -1.67506, -5.21532), (7.14504, -1.67506, -4.63605), (7.46655, -1.67506, -4.02818),
            (7.74202, -1.67506, -3.39549), (7.96976, -1.67506, -2.74186), (8.14837, -1.67506, -2.07132), (8.27673, -1.67506, -1.38802),
            (8.35407, -1.67506, -0.696155), (8.28689, -2.22521, 0), (8.26134, -2.22521, 0.688428), (8.18486, -2.22521, 1.37261),
            (8.05792, -2.22521, 2.04833), (7.8813, -2.22521, 2.71142), (7.65609, -2.22521, 3.3578), (7.38367, -2.22521, 3.98347),
            (7.06573, -2.22521, 4.58459), (6.70423, -2.22521, 5.15743), (6.3014, -2.22521, 5.69849), (5.85971, -2.22521, 6.2044),
            (5.3819, -2.22521, 6.67207), (4.87091, -2.22521, 7.0986), (4.32989, -2.22521, 7.48136), (3.76217, -2.22521, 7.818),
            (3.17125, -2.22521, 8.10644), (2.56079, -2.22521, 8.3449), (1.93454, -2.22521, 8.53192), (1.29635, -2.22521, 8.66632),
            (0.650182, -2.22521, 8.7473), (5.07425e-16, -2.22521, 8.77435), (-0.650182, -2.22521, 8.7473), (-1.29635, -2.22521, 8.66632),
            (-1.93454, -2.22521, 8.53192), (-2.56079, -2.22521, 8.3449), (-3.17125, -2.22521, 8.10644), (-3.76217, -2.22521, 7.818),
            (-4.32989, -2.22521, 7.48136), (-4.87091, -2.22521, 7.0986), (-5.3819, -2.22521, 6.67207), (-5.85971, -2.22521, 6.2044),
            (-6.3014, -2.22521, 5.69849), (-6.70423, -2.22521, 5.15743), (-7.06573, -2.22521, 4.58459), (-7.38367, -2.22521, 3.98347),
            (-7.65609, -2.22521, 3.3578), (-7.8813, -2.22521, 2.71142), (-8.05792, -2.22521, 2.04833), (-8.18486, -2.22521, 1.37261),
            (-8.26134, -2.22521, 0.688428), (-8.28689, -2.22521, 1.07455e-15), (-8.26134, -2.22521, -0.688428), (-8.18486, -2.22521, -1.37261),
            (-8.05792, -2.22521, -2.04833), (-7.8813, -2.22521, -2.71142), (-7.65609, -2.22521, -3.3578), (-7.38367, -2.22521, -3.98347),
            (-7.06573, -2.22521, -4.58459), (-6.70423, -2.22521, -5.15743), (-6.3014, -2.22521, -5.69849), (-5.85971, -2.22521, -6.2044),
            (-5.3819, -2.22521, -6.67207), (-4.87091, -2.22521, -7.0986), (-4.32989, -2.22521, -7.48136), (-3.76217, -2.22521, -7.818),
            (-3.17125, -2.22521, -8.10644), (-2.56079, -2.22521, -8.3449), (-1.93454, -2.22521, -8.53192), (-1.29635, -2.22521, -8.66632),
            (-0.650182, -2.22521, -8.7473), (-1.52228e-15, -2.22521, -8.77435), (0.650182, -2.22521, -8.7473), (1.29635, -2.22521, -8.66632),
            (1.93454, -2.22521, -8.53192), (2.56079, -2.22521, -8.3449), (3.17125, -2.22521, -8.10644), (3.76217, -2.22521, -7.818),
            (4.32989, -2.22521, -7.48136), (4.87091, -2.22521, -7.0986), (5.3819, -2.22521, -6.67207), (5.85971, -2.22521, -6.2044),
            (6.3014, -2.22521, -5.69849), (6.70423, -2.22521, -5.15743), (7.06573, -2.22521, -4.58459), (7.38367, -2.22521, -3.98347),
            (7.65609, -2.22521, -3.3578), (7.8813, -2.22521, -2.71142), (8.05792, -2.22521, -2.04833), (8.18486, -2.22521, -1.37261),
            (8.26134, -2.22521, -0.688428), (8.1678, -2.76836, 0), (8.14262, -2.76836, 0.678534), (8.06724, -2.76836, 1.35289),
            (7.94212, -2.76836, 2.0189), (7.76804, -2.76836, 2.67246), (7.54606, -2.76836, 3.30954), (7.27756, -2.76836, 3.92623),
            (6.96419, -2.76836, 4.5187), (6.60789, -2.76836, 5.08332), (6.21084, -2.76836, 5.61659), (5.7755, -2.76836, 6.11524),
            (5.30456, -2.76836, 6.57619), (4.80091, -2.76836, 6.99659), (4.26766, -2.76836, 7.37385), (3.7081, -2.76836, 7.70565),
            (3.12568, -2.76836, 7.98995), (2.52399, -2.76836, 8.22498), (1.90673, -2.76836, 8.4093), (1.27772, -2.76836, 8.54178),
            (0.640838, -2.76836, 8.6216), (5.00133e-16, -2.76836, 8.64826), (-0.640838, -2.76836, 8.6216), (-1.27772, -2.76836, 8.54178),
            (-1.90673, -2.76836, 8.4093), (-2.52399, -2.76836, 8.22498), (-3.12568, -2.76836, 7.98995), (-3.7081, -2.76836, 7.70565),
            (-4.26766, -2.76836, 7.37385), (-4.80091, -2.76836, 6.99659), (-5.30456, -2.76836, 6.57619), (-5.7755, -2.76836, 6.11524),
            (-6.21084, -2.76836, 5.61659), (-6.60789, -2.76836, 5.08332), (-6.96419, -2.76836, 4.5187), (-7.27756, -2.76836, 3.92623),
            (-7.54606, -2.76836, 3.30954), (-7.76804, -2.76836, 2.67246), (-7.94212, -2.76836, 2.0189), (-8.06724, -2.76836, 1.35289),
            (-8.14262, -2.76836, 0.678534), (-8.1678, -2.76836, 1.05911e-15), (-8.14262, -2.76836, -0.678534), (-8.06724, -2.76836, -1.35289),
            (-7.94212, -2.76836, -2.0189), (-7.76804, -2.76836, -2.67246), (-7.54606, -2.76836, -3.30954), (-7.27756, -2.76836, -3.92623),
            (-6.96419, -2.76836, -4.5187), (-6.60789, -2.76836, -5.08332), (-6.21084, -2.76836, -5.61659), (-5.7755, -2.76836, -6.11524),
            (-5.30456, -2.76836, -6.57619), (-4.80091, -2.76836, -6.99659), (-4.26766, -2.76836, -7.37385), (-3.7081, -2.76836, -7.70565),
            (-3.12568, -2.76836, -7.98995), (-2.52399, -2.76836, -8.22498), (-1.90673, -2.76836, -8.4093), (-1.27772, -2.76836, -8.54178),
            (-0.640838, -2.76836, -8.6216), (-1.5004e-15, -2.76836, -8.64826), (0.640838, -2.76836, -8.6216), (1.27772, -2.76836, -8.54178),
            (1.90673, -2.76836, -8.4093), (2.52399, -2.76836, -8.22498), (3.12568, -2.76836, -7.98995), (3.7081, -2.76836, -7.70565),
            (4.26766, -2.76836, -7.37385), (4.80091, -2.76836, -6.99659), (5.30456, -2.76836, -6.57619), (5.7755, -2.76836, -6.11524),
            (6.21084, -2.76836, -5.61659), (6.60789, -2.76836, -5.08332), (6.96419, -2.76836, -4.5187), (7.27756, -2.76836, -3.92623),
            (7.54606, -2.76836, -3.30954), (7.76804, -2.76836, -2.67246), (7.94212, -2.76836, -2.0189), (8.06724, -2.76836, -1.35289),
            (8.14262, -2.76836, -0.678534), (8.02301, -3.30279, 0), (7.99828, -3.30279, 0.666506), (7.92423, -3.30279, 1.3289),
            (7.80133, -3.30279, 1.98311), (7.63033, -3.30279, 2.62508), (7.41229, -3.30279, 3.25088), (7.14855, -3.30279, 3.85663),
            (6.84074, -3.30279, 4.4386), (6.49075, -3.30279, 4.99321), (6.10074, -3.30279, 5.51703), (5.67312, -3.30279, 6.00684),
            (5.21053, -3.30279, 6.45961), (4.71581, -3.30279, 6.87256), (4.19201, -3.30279, 7.24314), (3.64237, -3.30279, 7.56906),
            (3.07027, -3.30279, 7.84831), (2.47925, -3.30279, 8.07918), (1.87293, -3.30279, 8.26023), (1.25508, -3.30279, 8.39036),
            (0.629478, -3.30279, 8.46876), (4.91268e-16, -3.30279, 8.49495), (-0.629478, -3.30279, 8.46876), (-1.25508, -3.30279, 8.39036),
            (-1.87293, -3.30279, 8.26023), (-2.47925, -3.30279, 8.07918), (-3.07027, -3.30279, 7.84831), (-3.64237, -3.30279, 7.56906),
            (-4.19201, -3.30279, 7.24314), (-4.71581, -3.30279, 6.87256), (-5.21053, -3.30279, 6.45961), (-5.67312, -3.30279, 6.00684),
            (-6.10074, -3.30279, 5.51703), (-6.49075, -3.30279, 4.99321), (-6.84074, -3.30279, 4.4386), (-7.14855, -3.30279, 3.85663),
            (-7.41229, -3.30279, 3.25088), (-7.63033, -3.30279, 2.62508), (-7.80133, -3.30279, 1.98311), (-7.92423, -3.30279, 1.3289),
            (-7.99828, -3.30279, 0.666506), (-8.02301, -3.30279, 1.04033e-15), (-7.99828, -3.30279, -0.666506), (-7.92423, -3.30279, -1.3289),
            (-7.80133, -3.30279, -1.98311), (-7.63033, -3.30279, -2.62508), (-7.41229, -3.30279, -3.25088), (-7.14855, -3.30279, -3.85663),
            (-6.84074, -3.30279, -4.4386), (-6.49075, -3.30279, -4.99321), (-6.10074, -3.30279, -5.51703), (-5.67312, -3.30279, -6.00684),
            (-5.21053, -3.30279, -6.45961), (-4.71581, -3.30279, -6.87256), (-4.19201, -3.30279, -7.24314), (-3.64237, -3.30279, -7.56906),
            (-3.07027, -3.30279, -7.84831), (-2.47925, -3.30279, -8.07918), (-1.87293, -3.30279, -8.26023), (-1.25508, -3.30279, -8.39036),
            (-0.629478, -3.30279, -8.46876), (-1.4738e-15, -3.30279, -8.49495), (0.629478, -3.30279, -8.46876), (1.25508, -3.30279, -8.39036),
            (1.87293, -3.30279, -8.26023), (2.47925, -3.30279, -8.07918), (3.07027, -3.30279, -7.84831), (3.64237, -3.30279, -7.56906),
            (4.19201, -3.30279, -7.24314), (4.71581, -3.30279, -6.87256), (5.21053, -3.30279, -6.45961), (5.67312, -3.30279, -6.00684),
            (6.10074, -3.30279, -5.51703), (6.49075, -3.30279, -4.99321), (6.84074, -3.30279, -4.4386), (7.14855, -3.30279, -3.85663),
            (7.41229, -3.30279, -3.25088), (7.63033, -3.30279, -2.62508), (7.80133, -3.30279, -1.98311), (7.92423, -3.30279, -1.3289),
            (7.99828, -3.30279, -0.666506), (7.85298, -3.82683, 0), (7.82877, -3.82683, 0.652381), (7.75629, -3.82683, 1.30074),
            (7.636, -3.82683, 1.94108), (7.46862, -3.82683, 2.56945), (7.2552, -3.82683, 3.18198), (6.99705, -3.82683, 3.77489),
            (6.69576, -3.82683, 4.34453), (6.35319, -3.82683, 4.88738), (5.97145, -3.82683, 5.40011), (5.55289, -3.82683, 5.87953),
            (5.1001, -3.82683, 6.32271), (4.61586, -3.82683, 6.72691), (4.10317, -3.82683, 7.08963), (3.56518, -3.82683, 7.40864),
            (3.0052, -3.82683, 7.68198), (2.4267, -3.82683, 7.90795), (1.83324, -3.82683, 8.08517), (1.22848, -3.82683, 8.21255),
            (0.616137, -3.82683, 8.28928), (4.80856e-16, -3.82683, 8.31492), (-0.616137, -3.82683, 8.28928), (-1.22848, -3.82683, 8.21255),
            (-1.83324, -3.82683, 8.08517), (-2.4267, -3.82683, 7.90795), (-3.0052, -3.82683, 7.68198), (-3.56518, -3.82683, 7.40864),
            (-4.10317, -3.82683, 7.08963), (-4.61586, -3.82683, 6.72691), (-5.1001, -3.82683, 6.32271), (-5.55289, -3.82683, 5.87953),
            (-5.97145, -3.82683, 5.40011), (-6.35319, -3.82683, 4.88738), (-6.69576, -3.82683, 4.34453), (-6.99705, -3.82683, 3.77489),
            (-7.2552, -3.82683, 3.18198), (-7.46862, -3.82683, 2.56945), (-7.636, -3.82683, 1.94108), (-7.75629, -3.82683, 1.30074),
            (-7.82877, -3.82683, 0.652381), (-7.85298, -3.82683, 1.01828e-15), (-7.82877, -3.82683, -0.652381), (-7.75629, -3.82683, -1.30074),
            (-7.636, -3.82683, -1.94108), (-7.46862, -3.82683, -2.56945), (-7.2552, -3.82683, -3.18198), (-6.99705, -3.82683, -3.77489),
            (-6.69576, -3.82683, -4.34453), (-6.35319, -3.82683, -4.88738), (-5.97145, -3.82683, -5.40011), (-5.55289, -3.82683, -5.87953),
            (-5.1001, -3.82683, -6.32271), (-4.61586, -3.82683, -6.72691), (-4.10317, -3.82683, -7.08963), (-3.56518, -3.82683, -7.40864),
            (-3.0052, -3.82683, -7.68198), (-2.4267, -3.82683, -7.90795), (-1.83324, -3.82683, -8.08517), (-1.22848, -3.82683, -8.21255),
            (-0.616137, -3.82683, -8.28928), (-1.44257e-15, -3.82683, -8.31492), (0.616137, -3.82683, -8.28928), (1.22848, -3.82683, -8.21255),
            (1.83324, -3.82683, -8.08517), (2.4267, -3.82683, -7.90795), (3.0052, -3.82683, -7.68198), (3.56518, -3.82683, -7.40864),
            (4.10317, -3.82683, -7.08963), (4.61586, -3.82683, -6.72691), (5.1001, -3.82683, -6.32271), (5.55289, -3.82683, -5.87953),
            (5.97145, -3.82683, -5.40011), (6.35319, -3.82683, -4.88738), (6.69576, -3.82683, -4.34453), (6.99705, -3.82683, -3.77489),
            (7.2552, -3.82683, -3.18198), (7.46862, -3.82683, -2.56945), (7.636, -3.82683, -1.94108), (7.75629, -3.82683, -1.30074),
            (7.82877, -3.82683, -0.652381), (7.65824, -4.33884, 0), (7.63463, -4.33884, 0.636203), (7.56395, -4.33884, 1.26848),
            (7.44664, -4.33884, 1.89294), (7.28341, -4.33884, 2.50573), (7.07529, -4.33884, 3.10307), (6.82354, -4.33884, 3.68128),
            (6.52972, -4.33884, 4.23679), (6.19564, -4.33884, 4.76619), (5.82337, -4.33884, 5.26619), (5.41519, -4.33884, 5.73373),
            (4.97363, -4.33884, 6.16592), (4.5014, -4.33884, 6.56009), (4.00142, -4.33884, 6.91382), (3.47677, -4.33884, 7.22492),
            (2.93068, -4.33884, 7.49148), (2.36652, -4.33884, 7.71185), (1.78778, -4.33884, 7.88468), (1.19801, -4.33884, 8.00889),
            (0.600858, -4.33884, 8.08372), (4.68932e-16, -4.33884, 8.10872), (-0.600858, -4.33884, 8.08372), (-1.19801, -4.33884, 8.00889),
            (-1.78778, -4.33884, 7.88468), (-2.36652, -4.33884, 7.71185), (-2.93068, -4.33884, 7.49148), (-3.47677, -4.33884, 7.22492),
            (-4.00142, -4.33884, 6.91382), (-4.5014, -4.33884, 6.56009), (-4.97363, -4.33884, 6.16592), (-5.41519, -4.33884, 5.73373),
            (-5.82337, -4.33884, 5.26619), (-6.19564, -4.33884, 4.76619), (-6.52972, -4.33884, 4.23679), (-6.82354, -4.33884, 3.68128),
            (-7.07529, -4.33884, 3.10307), (-7.28341, -4.33884, 2.50573), (-7.44664, -4.33884, 1.89294), (-7.56395, -4.33884, 1.26848),
            (-7.63463, -4.33884, 0.636203), (-7.65824, -4.33884, 9.93032e-16), (-7.63463, -4.33884, -0.636203), (-7.56395, -4.33884, -1.26848),
            (-7.44664, -4.33884, -1.89294), (-7.28341, -4.33884, -2.50573), (-7.07529, -4.33884, -3.10307), (-6.82354, -4.33884, -3.68128),
            (-6.52972, -4.33884, -4.23679), (-6.19564, -4.33884, -4.76619), (-5.82337, -4.33884, -5.26619), (-5.41519, -4.33884, -5.73373),
            (-4.97363, -4.33884, -6.16592), (-4.5014, -4.33884, -6.56009), (-4.00142, -4.33884, -6.91382), (-3.47677, -4.33884, -7.22492),
            (-2.93068, -4.33884, -7.49148), (-2.36652, -4.33884, -7.71185), (-1.78778, -4.33884, -7.88468), (-1.19801, -4.33884, -8.00889),
            (-0.600858, -4.33884, -8.08372), (-1.4068e-15, -4.33884, -8.10872), (0.600858, -4.33884, -8.08372), (1.19801, -4.33884, -8.00889),
            (1.78778, -4.33884, -7.88468), (2.36652, -4.33884, -7.71185), (2.93068, -4.33884, -7.49148), (3.47677, -4.33884, -7.22492),
            (4.00142, -4.33884, -6.91382), (4.5014, -4.33884, -6.56009), (4.97363, -4.33884, -6.16592), (5.41519, -4.33884, -5.73373),
            (5.82337, -4.33884, -5.26619), (6.19564, -4.33884, -4.76619), (6.52972, -4.33884, -4.23679), (6.82354, -4.33884, -3.68128),
            (7.07529, -4.33884, -3.10307), (7.28341, -4.33884, -2.50573), (7.44664, -4.33884, -1.89294), (7.56395, -4.33884, -1.26848),
            (7.63463, -4.33884, -0.636203), (7.4394, -4.83719, 0), (7.41647, -4.83719, 0.618023), (7.34781, -4.83719, 1.23224),
            (7.23385, -4.83719, 1.83885), (7.07529, -4.83719, 2.43413), (6.87311, -4.83719, 3.0144), (6.62855, -4.83719, 3.57609),
            (6.34313, -4.83719, 4.11573), (6.0186, -4.83719, 4.62999), (5.65696, -4.83719, 5.11571), (5.26045, -4.83719, 5.56989),
            (4.8315, -4.83719, 5.98973), (4.37277, -4.83719, 6.37264), (3.88708, -4.83719, 6.71626), (3.37742, -4.83719, 7.01847),
            (2.84693, -4.83719, 7.27741), (2.2989, -4.83719, 7.49148), (1.73669, -4.83719, 7.65937), (1.16378, -4.83719, 7.78003),
            (0.583689, -4.83719, 7.85273), (4.55532e-16, -4.83719, 7.87701), (-0.583689, -4.83719, 7.85273), (-1.16378, -4.83719, 7.78003),
            (-1.73669, -4.83719, 7.65937), (-2.2989, -4.83719, 7.49148), (-2.84693, -4.83719, 7.27741), (-3.37742, -4.83719, 7.01847),
            (-3.88708, -4.83719, 6.71626), (-4.37277, -4.83719, 6.37264), (-4.8315, -4.83719, 5.98973), (-5.26045, -4.83719, 5.56989),
            (-5.65696, -4.83719, 5.11571), (-6.0186, -4.83719, 4.62999), (-6.34313, -4.83719, 4.11573), (-6.62855, -4.83719, 3.57609),
            (-6.87311, -4.83719, 3.0144), (-7.07529, -4.83719, 2.43413), (-7.23385, -4.83719, 1.83885), (-7.34781, -4.83719, 1.23224),
            (-7.41647, -4.83719, 0.618023), (-7.4394, -4.83719, 9.64656e-16), (-7.41647, -4.83719, -0.618023), (-7.34781, -4.83719, -1.23224),
            (-7.23385, -4.83719, -1.83885), (-7.07529, -4.83719, -2.43413), (-6.87311, -4.83719, -3.0144), (-6.62855, -4.83719, -3.57609),
            (-6.34313, -4.83719, -4.11573), (-6.0186, -4.83719, -4.62999), (-5.65696, -4.83719, -5.11571), (-5.26045, -4.83719, -5.56989),
            (-4.8315, -4.83719, -5.98973), (-4.37277, -4.83719, -6.37264), (-3.88708, -4.83719, -6.71626), (-3.37742, -4.83719, -7.01847),
            (-2.84693, -4.83719, -7.27741), (-2.2989, -4.83719, -7.49148), (-1.73669, -4.83719, -7.65937), (-1.16378, -4.83719, -7.78003),
            (-0.583689, -4.83719, -7.85273), (-1.3666e-15, -4.83719, -7.87701), (0.583689, -4.83719, -7.85273), (1.16378, -4.83719, -7.78003),
            (1.73669, -4.83719, -7.65937), (2.2989, -4.83719, -7.49148), (2.84693, -4.83719, -7.27741), (3.37742, -4.83719, -7.01847),
            (3.88708, -4.83719, -6.71626), (4.37277, -4.83719, -6.37264), (4.8315, -4.83719, -5.98973), (5.26045, -4.83719, -5.56989),
            (5.65696, -4.83719, -5.11571), (6.0186, -4.83719, -4.62999), (6.34313, -4.83719, -4.11573), (6.62855, -4.83719, -3.57609),
            (6.87311, -4.83719, -3.0144), (7.07529, -4.83719, -2.43413), (7.23385, -4.83719, -1.83885), (7.34781, -4.83719, -1.23224),
            (7.41647, -4.83719, -0.618023), (7.19716, -5.32032, 0), (7.17497, -5.32032, 0.597899), (7.10855, -5.32032, 1.19211),
            (6.9983, -5.32032, 1.77897), (6.8449, -5.32032, 2.35487), (6.6493, -5.32032, 2.91625), (6.41271, -5.32032, 3.45964),
            (6.13658, -5.32032, 3.98171), (5.82262, -5.32032, 4.47923), (5.47276, -5.32032, 4.94913), (5.08916, -5.32032, 5.38852),
            (4.67418, -5.32032, 5.79469), (4.23038, -5.32032, 6.16513), (3.7605, -5.32032, 6.49756), (3.26744, -5.32032, 6.78993),
            (2.75423, -5.32032, 7.04044), (2.22404, -5.32032, 7.24754), (1.68014, -5.32032, 7.40996), (1.12588, -5.32032, 7.5267),
            (0.564682, -5.32032, 7.59703), (4.40699e-16, -5.32032, 7.62052), (-0.564682, -5.32032, 7.59703), (-1.12588, -5.32032, 7.5267),
            (-1.68014, -5.32032, 7.40996), (-2.22404, -5.32032, 7.24754), (-2.75423, -5.32032, 7.04044), (-3.26744, -5.32032, 6.78993),
            (-3.7605, -5.32032, 6.49756), (-4.23038, -5.32032, 6.16513), (-4.67418, -5.32032, 5.79469), (-5.08916, -5.32032, 5.38852),
            (-5.47276, -5.32032, 4.94913), (-5.82262, -5.32032, 4.47923), (-6.13658, -5.32032, 3.98171), (-6.41271, -5.32032, 3.45964),
            (-6.6493, -5.32032, 2.91625), (-6.8449, -5.32032, 2.35487), (-6.9983, -5.32032, 1.77897), (-7.10855, -5.32032, 1.19211),
            (-7.17497, -5.32032, 0.597899), (-7.19716, -5.32032, 9.33244e-16), (-7.17497, -5.32032, -0.597899), (-7.10855, -5.32032, -1.19211),
            (-6.9983, -5.32032, -1.77897), (-6.8449, -5.32032, -2.35487), (-6.6493, -5.32032, -2.91625), (-6.41271, -5.32032, -3.45964),
            (-6.13658, -5.32032, -3.98171), (-5.82262, -5.32032, -4.47923), (-5.47276, -5.32032, -4.94913), (-5.08916, -5.32032, -5.38852),
            (-4.67418, -5.32032, -5.79469), (-4.23038, -5.32032, -6.16513), (-3.7605, -5.32032, -6.49756), (-3.26744, -5.32032, -6.78993),
            (-2.75423, -5.32032, -7.04044), (-2.22404, -5.32032, -7.24754), (-1.68014, -5.32032, -7.40996), (-1.12588, -5.32032, -7.5267),
            (-0.564682, -5.32032, -7.59703), (-1.3221e-15, -5.32032, -7.62052), (0.564682, -5.32032, -7.59703), (1.12588, -5.32032, -7.5267),
            (1.68014, -5.32032, -7.40996), (2.22404, -5.32032, -7.24754), (2.75423, -5.32032, -7.04044), (3.26744, -5.32032, -6.78993),
            (3.7605, -5.32032, -6.49756), (4.23038, -5.32032, -6.16513), (4.67418, -5.32032, -5.79469), (5.08916, -5.32032, -5.38852),
            (5.47276, -5.32032, -4.94913), (5.82262, -5.32032, -4.47923), (6.13658, -5.32032, -3.98171), (6.41271, -5.32032, -3.45964),
            (6.6493, -5.32032, -2.91625), (6.8449, -5.32032, -2.35487), (6.9983, -5.32032, -1.77897), (7.10855, -5.32032, -1.19211),
            (7.17497, -5.32032, -0.597899), (6.93227, -5.78671, 0), (6.9109, -5.78671, 0.575894), (6.84692, -5.78671, 1.14824),
            (6.74073, -5.78671, 1.7135), (6.59298, -5.78671, 2.2682), (6.40458, -5.78671, 2.80891), (6.1767, -5.78671, 3.33231),
            (5.91073, -5.78671, 3.83516), (5.60832, -5.78671, 4.31437), (5.27134, -5.78671, 4.76698), (4.90185, -5.78671, 5.1902),
            (4.50215, -5.78671, 5.58142), (4.07468, -5.78671, 5.93822), (3.6221, -5.78671, 6.25842), (3.14718, -5.78671, 6.54003),
            (2.65286, -5.78671, 6.78132), (2.14219, -5.78671, 6.9808), (1.61831, -5.78671, 7.13724), (1.08445, -5.78671, 7.24968),
            (0.543899, -5.78671, 7.31742), (4.24479e-16, -5.78671, 7.34005), (-0.543899, -5.78671, 7.31742), (-1.08445, -5.78671, 7.24968),
            (-1.61831, -5.78671, 7.13724), (-2.14219, -5.78671, 6.9808), (-2.65286, -5.78671, 6.78132), (-3.14718, -5.78671, 6.54003),
            (-3.6221, -5.78671, 6.25842), (-4.07468, -5.78671, 5.93822), (-4.50215, -5.78671, 5.58142), (-4.90185, -5.78671, 5.1902),
            (-5.27134, -5.78671, 4.76698), (-5.60832, -5.78671, 4.31437), (-5.91073, -5.78671, 3.83516), (-6.1767, -5.78671, 3.33231),
            (-6.40458, -5.78671, 2.80891), (-6.59298, -5.78671, 2.2682), (-6.74073, -5.78671, 1.7135), (-6.84692, -5.78671, 1.14824),
            (-6.9109, -5.78671, 0.575894), (-6.93227, -5.78671, 8.98897e-16), (-6.9109, -5.78671, -0.575894), (-6.84692, -5.78671, -1.14824),
            (-6.74073, -5.78671, -1.7135), (-6.59298, -5.78671, -2.2682), (-6.40458, -5.78671, -2.80891), (-6.1767, -5.78671, -3.33231),
            (-5.91073, -5.78671, -3.83516), (-5.60832, -5.78671, -4.31437), (-5.27134, -5.78671, -4.76698), (-4.90185, -5.78671, -5.1902),
            (-4.50215, -5.78671, -5.58142), (-4.07468, -5.78671, -5.93822), (-3.6221, -5.78671, -6.25842), (-3.14718, -5.78671, -6.54003),
            (-2.65286, -5.78671, -6.78132), (-2.14219, -5.78671, -6.9808), (-1.61831, -5.78671, -7.13724), (-1.08445, -5.78671, -7.24968),
            (-0.543899, -5.78671, -7.31742), (-1.27344e-15, -5.78671, -7.34005), (0.543899, -5.78671, -7.31742), (1.08445, -5.78671, -7.24968),
            (1.61831, -5.78671, -7.13724), (2.14219, -5.78671, -6.9808), (2.65286, -5.78671, -6.78132), (3.14718, -5.78671, -6.54003),
            (3.6221, -5.78671, -6.25842), (4.07468, -5.78671, -5.93822), (4.50215, -5.78671, -5.58142), (4.90185, -5.78671, -5.1902),
            (5.27134, -5.78671, -4.76698), (5.60832, -5.78671, -4.31437), (5.91073, -5.78671, -3.83516), (6.1767, -5.78671, -3.33231),
            (6.40458, -5.78671, -2.80891), (6.59298, -5.78671, -2.2682), (6.74073, -5.78671, -1.7135), (6.84692, -5.78671, -1.14824),
            (6.9109, -5.78671, -0.575894), (6.64557, -6.2349, 0), (6.62508, -6.2349, 0.552076), (6.56375, -6.2349, 1.10075),
            (6.46195, -6.2349, 1.64263), (6.32031, -6.2349, 2.17439), (6.1397, -6.2349, 2.69275), (5.92124, -6.2349, 3.1945),
            (5.66628, -6.2349, 3.67655), (5.37638, -6.2349, 4.13594), (5.05333, -6.2349, 4.56983), (4.69913, -6.2349, 4.97555),
            (4.31595, -6.2349, 5.35058), (3.90617, -6.2349, 5.69263), (3.4723, -6.2349, 5.99959), (3.01702, -6.2349, 6.26955),
            (2.54315, -6.2349, 6.50086), (2.05359, -6.2349, 6.69209), (1.55138, -6.2349, 6.84206), (1.0396, -6.2349, 6.94985),
            (0.521405, -6.2349, 7.01479), (4.06924e-16, -6.2349, 7.03648), (-0.521405, -6.2349, 7.01479), (-1.0396, -6.2349, 6.94985),
            (-1.55138, -6.2349, 6.84206), (-2.05359, -6.2349, 6.69209), (-2.54315, -6.2349, 6.50086), (-3.01702, -6.2349, 6.26955),
            (-3.4723, -6.2349, 5.99959), (-3.90617, -6.2349, 5.69263), (-4.31595, -6.2349, 5.35058), (-4.69913, -6.2349, 4.97555),
            (-5.05333, -6.2349, 4.56983), (-5.37638, -6.2349, 4.13594), (-5.66628, -6.2349, 3.67655), (-5.92124, -6.2349, 3.1945),
            (-6.1397, -6.2349, 2.69275), (-6.32031, -6.2349, 2.17439), (-6.46195, -6.2349, 1.64263), (-6.56375, -6.2349, 1.10075),
            (-6.62508, -6.2349, 0.552076), (-6.64557, -6.2349, 8.61721e-16), (-6.62508, -6.2349, -0.552076), (-6.56375, -6.2349, -1.10075),
            (-6.46195, -6.2349, -1.64263), (-6.32031, -6.2349, -2.17439), (-6.1397, -6.2349, -2.69275), (-5.92124, -6.2349, -3.1945),
            (-5.66628, -6.2349, -3.67655), (-5.37638, -6.2349, -4.13594), (-5.05333, -6.2349, -4.56983), (-4.69913, -6.2349, -4.97555),
            (-4.31595, -6.2349, -5.35058), (-3.90617, -6.2349, -5.69263), (-3.4723, -6.2349, -5.99959), (-3.01702, -6.2349, -6.26955),
            (-2.54315, -6.2349, -6.50086), (-2.05359, -6.2349, -6.69209), (-1.55138, -6.2349, -6.84206), (-1.0396, -6.2349, -6.94985),
            (-0.521405, -6.2349, -7.01479), (-1.22077e-15, -6.2349, -7.03648), (0.521405, -6.2349, -7.01479), (1.0396, -6.2349, -6.94985),
            (1.55138, -6.2349, -6.84206), (2.05359, -6.2349, -6.69209), (2.54315, -6.2349, -6.50086), (3.01702, -6.2349, -6.26955),
            (3.4723, -6.2349, -5.99959), (3.90617, -6.2349, -5.69263), (4.31595, -6.2349, -5.35058), (4.69913, -6.2349, -4.97555),
            (5.05333, -6.2349, -4.56983), (5.37638, -6.2349, -4.13594), (5.66628, -6.2349, -3.67655), (5.92124, -6.2349, -3.1945),
            (6.1397, -6.2349, -2.69275), (6.32031, -6.2349, -2.17439), (6.46195, -6.2349, -1.64263), (6.56375, -6.2349, -1.10075),
            (6.62508, -6.2349, -0.552076), (6.33796, -6.66347, 0), (6.31842, -6.66347, 0.526522), (6.25993, -6.66347, 1.0498),
            (6.16284, -6.66347, 1.5666), (6.02776, -6.66347, 2.07374), (5.85551, -6.66347, 2.5681), (5.64716, -6.66347, 3.04663),
            (5.404, -6.66347, 3.50637), (5.12752, -6.66347, 3.9445), (4.81942, -6.66347, 4.3583), (4.48161, -6.66347, 4.74524),
            (4.11617, -6.66347, 5.10292), (3.72536, -6.66347, 5.42913), (3.31157, -6.66347, 5.72188), (2.87737, -6.66347, 5.97935),
            (2.42543, -6.66347, 6.19995), (1.95854, -6.66347, 6.38233), (1.47957, -6.66347, 6.52536), (0.991475, -6.66347, 6.62816),
            (0.49727, -6.66347, 6.69009), (3.88088e-16, -6.66347, 6.71078), (-0.49727, -6.66347, 6.69009), (-0.991475, -6.66347, 6.62816),
            (-1.47957, -6.66347, 6.52536), (-1.95854, -6.66347, 6.38233), (-2.42543, -6.66347, 6.19995), (-2.87737, -6.66347, 5.97935),
            (-3.31157, -6.66347, 5.72188), (-3.72536, -6.66347, 5.42913), (-4.11617, -6.66347, 5.10292), (-4.48161, -6.66347, 4.74524),
            (-4.81942, -6.66347, 4.3583), (-5.12752, -6.66347, 3.9445), (-5.404, -6.66347, 3.50637), (-5.64716, -6.66347, 3.04663),
            (-5.85551, -6.66347, 2.5681), (-6.02776, -6.66347, 2.07374), (-6.16284, -6.66347, 1.5666), (-6.25993, -6.66347, 1.0498),
            (-6.31842, -6.66347, 0.526522), (-6.33796, -6.66347, 8.21833e-16), (-6.31842, -6.66347, -0.526522), (-6.25993, -6.66347, -1.0498),
            (-6.16284, -6.66347, -1.5666), (-6.02776, -6.66347, -2.07374), (-5.85551, -6.66347, -2.5681), (-5.64716, -6.66347, -3.04663),
            (-5.404, -6.66347, -3.50637), (-5.12752, -6.66347, -3.9445), (-4.81942, -6.66347, -4.3583), (-4.48161, -6.66347, -4.74524),
            (-4.11617, -6.66347, -5.10292), (-3.72536, -6.66347, -5.42913), (-3.31157, -6.66347, -5.72188), (-2.87737, -6.66347, -5.97935),
            (-2.42543, -6.66347, -6.19995), (-1.95854, -6.66347, -6.38233), (-1.47957, -6.66347, -6.52536), (-0.991475, -6.66347, -6.62816),
            (-0.49727, -6.66347, -6.69009), (-1.16426e-15, -6.66347, -6.71078), (0.49727, -6.66347, -6.69009), (0.991475, -6.66347, -6.62816),
            (1.47957, -6.66347, -6.52536), (1.95854, -6.66347, -6.38233), (2.42543, -6.66347, -6.19995), (2.87737, -6.66347, -5.97935),
            (3.31157, -6.66347, -5.72188), (3.72536, -6.66347, -5.42913), (4.11617, -6.66347, -5.10292), (4.48161, -6.66347, -4.74524),
            (4.81942, -6.66347, -4.3583), (5.12752, -6.66347, -3.9445), (5.404, -6.66347, -3.50637), (5.64716, -6.66347, -3.04663),
            (5.85551, -6.66347, -2.5681), (6.02776, -6.66347, -2.07374), (6.16284, -6.66347, -1.5666), (6.25993, -6.66347, -1.0498),
            (6.31842, -6.66347, -0.526522), (6.01041, -7.07107, 0), (5.99188, -7.07107, 0.499311), (5.93641, -7.07107, 0.995543),
            (5.84434, -7.07107, 1.48564), (5.71624, -7.07107, 1.96657), (5.55289, -7.07107, 2.43538), (5.35531, -7.07107, 2.88918),
            (5.12471, -7.07107, 3.32516), (4.86252, -7.07107, 3.74064), (4.57035, -7.07107, 4.13306), (4.25, -7.07107, 4.5),
            (3.90345, -7.07107, 4.83919), (3.53283, -7.07107, 5.14855), (3.14043, -7.07107, 5.42617), (2.72867, -7.07107, 5.67033),
            (2.30008, -7.07107, 5.87953), (1.85732, -7.07107, 6.05249), (1.4031, -7.07107, 6.18812), (0.940235, -7.07107, 6.28561),
            (0.471571, -7.07107, 6.34434), (3.68031e-16, -7.07107, 6.36396), (-0.471571, -7.07107, 6.34434), (-0.940235, -7.07107, 6.28561),
            (-1.4031, -7.07107, 6.18812), (-1.85732, -7.07107, 6.05249), (-2.30008, -7.07107, 5.87953), (-2.72867, -7.07107, 5.67033),
            (-3.14043, -7.07107, 5.42617), (-3.53283, -7.07107, 5.14855), (-3.90345, -7.07107, 4.83919), (-4.25, -7.07107, 4.5),
            (-4.57035, -7.07107, 4.13306), (-4.86252, -7.07107, 3.74064), (-5.12471, -7.07107, 3.32516), (-5.35531, -7.07107, 2.88918),
            (-5.55289, -7.07107, 2.43538), (-5.71624, -7.07107, 1.96657), (-5.84434, -7.07107, 1.48564), (-5.93641, -7.07107, 0.995543),
            (-5.99188, -7.07107, 0.499311), (-6.01041, -7.07107, 7.7936e-16), (-5.99188, -7.07107, -0.499311), (-5.93641, -7.07107, -0.995543),
            (-5.84434, -7.07107, -1.48564), (-5.71624, -7.07107, -1.96657), (-5.55289, -7.07107, -2.43538), (-5.35531, -7.07107, -2.88918),
            (-5.12471, -7.07107, -3.32516), (-4.86252, -7.07107, -3.74064), (-4.57035, -7.07107, -4.13306), (-4.25, -7.07107, -4.5),
            (-3.90345, -7.07107, -4.83919), (-3.53283, -7.07107, -5.14855), (-3.14043, -7.07107, -5.42617), (-2.72867, -7.07107, -5.67033),
            (-2.30008, -7.07107, -5.87953), (-1.85732, -7.07107, -6.05249), (-1.4031, -7.07107, -6.18812), (-0.940235, -7.07107, -6.28561),
            (-0.471571, -7.07107, -6.34434), (-1.10409e-15, -7.07107, -6.36396), (0.471571, -7.07107, -6.34434), (0.940235, -7.07107, -6.28561),
            (1.4031, -7.07107, -6.18812), (1.85732, -7.07107, -6.05249), (2.30008, -7.07107, -5.87953), (2.72867, -7.07107, -5.67033),
            (3.14043, -7.07107, -5.42617), (3.53283, -7.07107, -5.14855), (3.90345, -7.07107, -4.83919), (4.25, -7.07107, -4.5),
            (4.57035, -7.07107, -4.13306), (4.86252, -7.07107, -3.74064), (5.12471, -7.07107, -3.32516), (5.35531, -7.07107, -2.88918),
            (5.55289, -7.07107, -2.43538), (5.71624, -7.07107, -1.96657), (5.84434, -7.07107, -1.48564), (5.93641, -7.07107, -0.995543),
            (5.99188, -7.07107, -0.499311), (5.66395, -7.45642, 0), (5.64649, -7.45642, 0.470529), (5.59421, -7.45642, 0.938156),
            (5.50745, -7.45642, 1.4), (5.38673, -7.45642, 1.85321), (5.2328, -7.45642, 2.295), (5.04661, -7.45642, 2.72264),
            (4.82931, -7.45642, 3.13349), (4.58223, -7.45642, 3.52502), (4.3069, -7.45642, 3.89482), (4.00501, -7.45642, 4.2406),
            (3.67844, -7.45642, 4.56025), (3.32918, -7.45642, 4.85177), (2.9594, -7.45642, 5.11338), (2.57138, -7.45642, 5.34347),
            (2.1675, -7.45642, 5.54062), (1.75026, -7.45642, 5.7036), (1.32222, -7.45642, 5.83142), (0.886036, -7.45642, 5.92328),
            (0.444388, -7.45642, 5.97863), (3.46817e-16, -7.45642, 5.99712), (-0.444388, -7.45642, 5.97863), (-0.886036, -7.45642, 5.92328),
            (-1.32222, -7.45642, 5.83142), (-1.75026, -7.45642, 5.7036), (-2.1675, -7.45642, 5.54062), (-2.57138, -7.45642, 5.34347),
            (-2.9594, -7.45642, 5.11338), (-3.32918, -7.45642, 4.85177), (-3.67844, -7.45642, 4.56025), (-4.00501, -7.45642, 4.2406),
            (-4.3069, -7.45642, 3.89482), (-4.58223, -7.45642, 3.52502), (-4.82931, -7.45642, 3.13349), (-5.04661, -7.45642, 2.72264),
            (-5.2328, -7.45642, 2.295), (-5.38673, -7.45642, 1.85321), (-5.50745, -7.45642, 1.4), (-5.59421, -7.45642, 0.938156),
            (-5.64649, -7.45642, 0.470529), (-5.66395, -7.45642, 7.34435e-16), (-5.64649, -7.45642, -0.470529), (-5.59421, -7.45642, -0.938156),
            (-5.50745, -7.45642, -1.4), (-5.38673, -7.45642, -1.85321), (-5.2328, -7.45642, -2.295), (-5.04661, -7.45642, -2.72264),
            (-4.82931, -7.45642, -3.13349), (-4.58223, -7.45642, -3.52502), (-4.3069, -7.45642, -3.89482), (-4.00501, -7.45642, -4.2406),
            (-3.67844, -7.45642, -4.56025), (-3.32918, -7.45642, -4.85177), (-2.9594, -7.45642, -5.11338), (-2.57138, -7.45642, -5.34347),
            (-2.1675, -7.45642, -5.54062), (-1.75026, -7.45642, -5.7036), (-1.32222, -7.45642, -5.83142), (-0.886036, -7.45642, -5.92328),
            (-0.444388, -7.45642, -5.97863), (-1.04045e-15, -7.45642, -5.99712), (0.444388, -7.45642, -5.97863), (0.886036, -7.45642, -5.92328),
            (1.32222, -7.45642, -5.83142), (1.75026, -7.45642, -5.7036), (2.1675, -7.45642, -5.54062), (2.57138, -7.45642, -5.34347),
            (2.9594, -7.45642, -5.11338), (3.32918, -7.45642, -4.85177), (3.67844, -7.45642, -4.56025), (4.00501, -7.45642, -4.2406),
            (4.3069, -7.45642, -3.89482), (4.58223, -7.45642, -3.52502), (4.82931, -7.45642, -3.13349), (5.04661, -7.45642, -2.72264),
            (5.2328, -7.45642, -2.295), (5.38673, -7.45642, -1.85321), (5.50745, -7.45642, -1.4), (5.59421, -7.45642, -0.938156),
            (5.64649, -7.45642, -0.470529), (5.29966, -7.81831, 0), (5.28333, -7.81831, 0.440266), (5.23442, -7.81831, 0.877818),
            (5.15323, -7.81831, 1.30996), (5.04028, -7.81831, 1.73402), (4.89625, -7.81831, 2.14739), (4.72203, -7.81831, 2.54753),
            (4.51871, -7.81831, 2.93195), (4.28752, -7.81831, 3.2983), (4.0299, -7.81831, 3.64432), (3.74743, -7.81831, 3.96786),
            (3.44186, -7.81831, 4.26695), (3.11506, -7.81831, 4.53972), (2.76907, -7.81831, 4.78451), (2.406, -7.81831, 4.9998),
            (2.02809, -7.81831, 5.18427), (1.63769, -7.81831, 5.33677), (1.23718, -7.81831, 5.45636), (0.82905, -7.81831, 5.54232),
            (0.415807, -7.81831, 5.59411), (3.24511e-16, -7.81831, 5.61141), (-0.415807, -7.81831, 5.59411), (-0.82905, -7.81831, 5.54232),
            (-1.23718, -7.81831, 5.45636), (-1.63769, -7.81831, 5.33677), (-2.02809, -7.81831, 5.18427), (-2.406, -7.81831, 4.9998),
            (-2.76907, -7.81831, 4.78451), (-3.11506, -7.81831, 4.53972), (-3.44186, -7.81831, 4.26695), (-3.74743, -7.81831, 3.96786),
            (-4.0299, -7.81831, 3.64432), (-4.28752, -7.81831, 3.2983), (-4.51871, -7.81831, 2.93195), (-4.72203, -7.81831, 2.54753),
            (-4.89625, -7.81831, 2.14739), (-5.04028, -7.81831, 1.73402), (-5.15323, -7.81831, 1.30996), (-5.23442, -7.81831, 0.877818),
            (-5.28333, -7.81831, 0.440266), (-5.29966, -7.81831, 6.87199e-16), (-5.28333, -7.81831, -0.440266), (-5.23442, -7.81831, -0.877818),
            (-5.15323, -7.81831, -1.30996), (-5.04028, -7.81831, -1.73402), (-4.89625, -7.81831, -2.14739), (-4.72203, -7.81831, -2.54753),
            (-4.51871, -7.81831, -2.93195), (-4.28752, -7.81831, -3.2983), (-4.0299, -7.81831, -3.64432), (-3.74743, -7.81831, -3.96786),
            (-3.44186, -7.81831, -4.26695), (-3.11506, -7.81831, -4.53972), (-2.76907, -7.81831, -4.78451), (-2.406, -7.81831, -4.9998),
            (-2.02809, -7.81831, -5.18427), (-1.63769, -7.81831, -5.33677), (-1.23718, -7.81831, -5.45636), (-0.82905, -7.81831, -5.54232),
            (-0.415807, -7.81831, -5.59411), (-9.73532e-16, -7.81831, -5.61141), (0.415807, -7.81831, -5.59411), (0.82905, -7.81831, -5.54232),
            (1.23718, -7.81831, -5.45636), (1.63769, -7.81831, -5.33677), (2.02809, -7.81831, -5.18427), (2.406, -7.81831, -4.9998),
            (2.76907, -7.81831, -4.78451), (3.11506, -7.81831, -4.53972), (3.44186, -7.81831, -4.26695), (3.74743, -7.81831, -3.96786),
            (4.0299, -7.81831, -3.64432), (4.28752, -7.81831, -3.2983), (4.51871, -7.81831, -2.93195), (4.72203, -7.81831, -2.54753),
            (4.89625, -7.81831, -2.14739), (5.04028, -7.81831, -1.73402), (5.15323, -7.81831, -1.30996), (5.23442, -7.81831, -0.877818),
            (5.28333, -7.81831, -0.440266), (4.91871, -8.15561, 0), (4.90354, -8.15561, 0.408618), (4.85815, -8.15561, 0.814717),
            (4.7828, -8.15561, 1.21579), (4.67797, -8.15561, 1.60937), (4.54429, -8.15561, 1.99303), (4.3826, -8.15561, 2.3644),
            (4.19389, -8.15561, 2.72119), (3.97932, -8.15561, 3.06121), (3.74021, -8.15561, 3.38235), (3.47805, -8.15561, 3.68264),
            (3.19444, -8.15561, 3.96023), (2.89114, -8.15561, 4.21339), (2.57002, -8.15561, 4.44059), (2.23305, -8.15561, 4.6404),
            (1.88231, -8.15561, 4.8116), (1.51996, -8.15561, 4.95314), (1.14825, -8.15561, 5.06414), (0.769455, -8.15561, 5.14392),
            (0.385917, -8.15561, 5.19199), (3.01184e-16, -8.15561, 5.20804), (-0.385917, -8.15561, 5.19199), (-0.769455, -8.15561, 5.14392),
            (-1.14825, -8.15561, 5.06414), (-1.51996, -8.15561, 4.95314), (-1.88231, -8.15561, 4.8116), (-2.23305, -8.15561, 4.6404),
            (-2.57002, -8.15561, 4.44059), (-2.89114, -8.15561, 4.21339), (-3.19444, -8.15561, 3.96023), (-3.47805, -8.15561, 3.68264),
            (-3.74021, -8.15561, 3.38235), (-3.97932, -8.15561, 3.06121), (-4.19389, -8.15561, 2.72119), (-4.3826, -8.15561, 2.3644),
            (-4.54429, -8.15561, 1.99303), (-4.67797, -8.15561, 1.60937), (-4.7828, -8.15561, 1.21579), (-4.85815, -8.15561, 0.814717),
            (-4.90354, -8.15561, 0.408618), (-4.91871, -8.15561, 6.37801e-16), (-4.90354, -8.15561, -0.408618), (-4.85815, -8.15561, -0.814717),
            (-4.7828, -8.15561, -1.21579), (-4.67797, -8.15561, -1.60937), (-4.54429, -8.15561, -1.99303), (-4.3826, -8.15561, -2.3644),
            (-4.19389, -8.15561, -2.72119), (-3.97932, -8.15561, -3.06121), (-3.74021, -8.15561, -3.38235), (-3.47805, -8.15561, -3.68264),
            (-3.19444, -8.15561, -3.96023), (-2.89114, -8.15561, -4.21339), (-2.57002, -8.15561, -4.44059), (-2.23305, -8.15561, -4.6404),
            (-1.88231, -8.15561, -4.8116), (-1.51996, -8.15561, -4.95314), (-1.14825, -8.15561, -5.06414), (-0.769455, -8.15561, -5.14392),
            (-0.385917, -8.15561, -5.19199), (-9.03552e-16, -8.15561, -5.20804), (0.385917, -8.15561, -5.19199), (0.769455, -8.15561, -5.14392),
            (1.14825, -8.15561, -5.06414), (1.51996, -8.15561, -4.95314), (1.88231, -8.15561, -4.8116), (2.23305, -8.15561, -4.6404),
            (2.57002, -8.15561, -4.44059), (2.89114, -8.15561, -4.21339), (3.19444, -8.15561, -3.96023), (3.47805, -8.15561, -3.68264),
            (3.74021, -8.15561, -3.38235), (3.97932, -8.15561, -3.06121), (4.19389, -8.15561, -2.72119), (4.3826, -8.15561, -2.3644),
            (4.54429, -8.15561, -1.99303), (4.67797, -8.15561, -1.60937), (4.7828, -8.15561, -1.21579), (4.85815, -8.15561, -0.814717),
            (4.90354, -8.15561, -0.408618), (4.52227, -8.46724, 0), (4.50833, -8.46724, 0.375685), (4.4666, -8.46724, 0.749053),
            (4.39732, -8.46724, 1.1178), (4.30094, -8.46724, 1.47966), (4.17804, -8.46724, 1.8324), (4.02937, -8.46724, 2.17384),
            (3.85587, -8.46724, 2.50187), (3.6586, -8.46724, 2.81449), (3.43876, -8.46724, 3.10974), (3.19773, -8.46724, 3.38583),
            (2.93698, -8.46724, 3.64104), (2.65813, -8.46724, 3.87381), (2.36288, -8.46724, 4.08269), (2.05307, -8.46724, 4.2664),
            (1.7306, -8.46724, 4.4238), (1.39746, -8.46724, 4.55393), (1.0557, -8.46724, 4.65599), (0.707439, -8.46724, 4.72934),
            (0.354813, -8.46724, 4.77353), (2.76909e-16, -8.46724, 4.78829), (-0.354813, -8.46724, 4.77353), (-0.707439, -8.46724, 4.72934),
            (-1.0557, -8.46724, 4.65599), (-1.39746, -8.46724, 4.55393), (-1.7306, -8.46724, 4.4238), (-2.05307, -8.46724, 4.2664),
            (-2.36288, -8.46724, 4.08269), (-2.65813, -8.46724, 3.87381), (-2.93698, -8.46724, 3.64104), (-3.19773, -8.46724, 3.38583),
            (-3.43876, -8.46724, 3.10974), (-3.6586, -8.46724, 2.81449), (-3.85587, -8.46724, 2.50187), (-4.02937, -8.46724, 2.17384),
            (-4.17804, -8.46724, 1.8324), (-4.30094, -8.46724, 1.47966), (-4.39732, -8.46724, 1.1178), (-4.4666, -8.46724, 0.749053),
            (-4.50833, -8.46724, 0.375685), (-4.52227, -8.46724, 5.86396e-16), (-4.50833, -8.46724, -0.375685), (-4.4666, -8.46724, -0.749053),
            (-4.39732, -8.46724, -1.1178), (-4.30094, -8.46724, -1.47966), (-4.17804, -8.46724, -1.8324), (-4.02937, -8.46724, -2.17384),
            (-3.85587, -8.46724, -2.50187), (-3.6586, -8.46724, -2.81449), (-3.43876, -8.46724, -3.10974), (-3.19773, -8.46724, -3.38583),
            (-2.93698, -8.46724, -3.64104), (-2.65813, -8.46724, -3.87381), (-2.36288, -8.46724, -4.08269), (-2.05307, -8.46724, -4.2664),
            (-1.7306, -8.46724, -4.4238), (-1.39746, -8.46724, -4.55393), (-1.0557, -8.46724, -4.65599), (-0.707439, -8.46724, -4.72934),
            (-0.354813, -8.46724, -4.77353), (-8.30728e-16, -8.46724, -4.78829), (0.354813, -8.46724, -4.77353), (0.707439, -8.46724, -4.72934),
            (1.0557, -8.46724, -4.65599), (1.39746, -8.46724, -4.55393), (1.7306, -8.46724, -4.4238), (2.05307, -8.46724, -4.2664),
            (2.36288, -8.46724, -4.08269), (2.65813, -8.46724, -3.87381), (2.93698, -8.46724, -3.64104), (3.19773, -8.46724, -3.38583),
            (3.43876, -8.46724, -3.10974), (3.6586, -8.46724, -2.81449), (3.85587, -8.46724, -2.50187), (4.02937, -8.46724, -2.17384),
            (4.17804, -8.46724, -1.8324), (4.30094, -8.46724, -1.47966), (4.39732, -8.46724, -1.1178), (4.4666, -8.46724, -0.749053),
            (4.50833, -8.46724, -0.375685), (4.11161, -8.75223, 0), (4.09894, -8.75223, 0.341569), (4.06099, -8.75223, 0.681033),
            (3.99801, -8.75223, 1.0163), (3.91037, -8.75223, 1.3453), (3.79863, -8.75223, 1.666), (3.66347, -8.75223, 1.97643),
            (3.50572, -8.75223, 2.27468), (3.32636, -8.75223, 2.55891), (3.12649, -8.75223, 2.82735), (2.90735, -8.75223, 3.07837),
            (2.67028, -8.75223, 3.3104), (2.41674, -8.75223, 3.52203), (2.14831, -8.75223, 3.71194), (1.86663, -8.75223, 3.87897),
            (1.57345, -8.75223, 4.02208), (1.27056, -8.75223, 4.1404), (0.959836, -8.75223, 4.23318), (0.643198, -8.75223, 4.29987),
            (0.322593, -8.75223, 4.34005), (2.51764e-16, -8.75223, 4.35347), (-0.322593, -8.75223, 4.34005), (-0.643198, -8.75223, 4.29987),
            (-0.959836, -8.75223, 4.23318), (-1.27056, -8.75223, 4.1404), (-1.57345, -8.75223, 4.02208), (-1.86663, -8.75223, 3.87897),
            (-2.14831, -8.75223, 3.71194), (-2.41674, -8.75223, 3.52203), (-2.67028, -8.75223, 3.3104), (-2.90735, -8.75223, 3.07837),
            (-3.12649, -8.75223, 2.82735), (-3.32636, -8.75223, 2.55891), (-3.50572, -8.75223, 2.27468), (-3.66347, -8.75223, 1.97643),
            (-3.79863, -8.75223, 1.666), (-3.91037, -8.75223, 1.3453), (-3.99801, -8.75223, 1.0163), (-4.06099, -8.75223, 0.681033),
            (-4.09894, -8.75223, 0.341569), (-4.11161, -8.75223, 5.33146e-16), (-4.09894, -8.75223, -0.341569), (-4.06099, -8.75223, -0.681033),
            (-3.99801, -8.75223, -1.0163), (-3.91037, -8.75223, -1.3453), (-3.79863, -8.75223, -1.666), (-3.66347, -8.75223, -1.97643),
            (-3.50572, -8.75223, -2.27468), (-3.32636, -8.75223, -2.55891), (-3.12649, -8.75223, -2.82735), (-2.90735, -8.75223, -3.07837),
            (-2.67028, -8.75223, -3.3104), (-2.41674, -8.75223, -3.52203), (-2.14831, -8.75223, -3.71194), (-1.86663, -8.75223, -3.87897),
            (-1.57345, -8.75223, -4.02208), (-1.27056, -8.75223, -4.1404), (-0.959836, -8.75223, -4.23318), (-0.643198, -8.75223, -4.29987),
            (-0.322593, -8.75223, -4.34005), (-7.55291e-16, -8.75223, -4.35347), (0.322593, -8.75223, -4.34005), (0.643198, -8.75223, -4.29987),
            (0.959836, -8.75223, -4.23318), (1.27056, -8.75223, -4.1404), (1.57345, -8.75223, -4.02208), (1.86663, -8.75223, -3.87897),
            (2.14831, -8.75223, -3.71194), (2.41674, -8.75223, -3.52203), (2.67028, -8.75223, -3.3104), (2.90735, -8.75223, -3.07837),
            (3.12649, -8.75223, -2.82735), (3.32636, -8.75223, -2.55891), (3.50572, -8.75223, -2.27468), (3.66347, -8.75223, -1.97643),
            (3.79863, -8.75223, -1.666), (3.91037, -8.75223, -1.3453), (3.99801, -8.75223, -1.0163), (4.06099, -8.75223, -0.681033),
            (4.09894, -8.75223, -0.341569), (3.68801, -9.00969, 0), (3.67664, -9.00969, 0.306379), (3.64261, -9.00969, 0.610869),
            (3.58611, -9.00969, 0.911593), (3.50751, -9.00969, 1.2067), (3.40728, -9.00969, 1.49436), (3.28604, -9.00969, 1.77281),
            (3.14455, -9.00969, 2.04033), (2.98366, -9.00969, 2.29527), (2.80439, -9.00969, 2.53606), (2.60782, -9.00969, 2.76122),
            (2.39517, -9.00969, 2.96935), (2.16776, -9.00969, 3.15917), (1.92698, -9.00969, 3.32952), (1.67432, -9.00969, 3.47934),
            (1.41134, -9.00969, 3.60771), (1.13966, -9.00969, 3.71383), (0.860949, -9.00969, 3.79706), (0.576932, -9.00969, 3.85688),
            (0.289358, -9.00969, 3.89292), (2.25826e-16, -9.00969, 3.90495), (-0.289358, -9.00969, 3.89292), (-0.576932, -9.00969, 3.85688),
            (-0.860949, -9.00969, 3.79706), (-1.13966, -9.00969, 3.71383), (-1.41134, -9.00969, 3.60771), (-1.67432, -9.00969, 3.47934),
            (-1.92698, -9.00969, 3.32952), (-2.16776, -9.00969, 3.15917), (-2.39517, -9.00969, 2.96935), (-2.60782, -9.00969, 2.76122),
            (-2.80439, -9.00969, 2.53606), (-2.98366, -9.00969, 2.29527), (-3.14455, -9.00969, 2.04033), (-3.28604, -9.00969, 1.77281),
            (-3.40728, -9.00969, 1.49436), (-3.50751, -9.00969, 1.2067), (-3.58611, -9.00969, 0.911593), (-3.64261, -9.00969, 0.610869),
            (-3.67664, -9.00969, 0.306379), (-3.68801, -9.00969, 4.78219e-16), (-3.67664, -9.00969, -0.306379), (-3.64261, -9.00969, -0.610869),
            (-3.58611, -9.00969, -0.911593), (-3.50751, -9.00969, -1.2067), (-3.40728, -9.00969, -1.49436), (-3.28604, -9.00969, -1.77281),
            (-3.14455, -9.00969, -2.04033), (-2.98366, -9.00969, -2.29527), (-2.80439, -9.00969, -2.53606), (-2.60782, -9.00969, -2.76122),
            (-2.39517, -9.00969, -2.96935), (-2.16776, -9.00969, -3.15917), (-1.92698, -9.00969, -3.32952), (-1.67432, -9.00969, -3.47934),
            (-1.41134, -9.00969, -3.60771), (-1.13966, -9.00969, -3.71383), (-0.860949, -9.00969, -3.79706), (-0.576932, -9.00969, -3.85688),
            (-0.289358, -9.00969, -3.89292), (-6.77477e-16, -9.00969, -3.90495), (0.289358, -9.00969, -3.89292), (0.576932, -9.00969, -3.85688),
            (0.860949, -9.00969, -3.79706), (1.13966, -9.00969, -3.71383), (1.41134, -9.00969, -3.60771), (1.67432, -9.00969, -3.47934),
            (1.92698, -9.00969, -3.32952), (2.16776, -9.00969, -3.15917), (2.39517, -9.00969, -2.96935), (2.60782, -9.00969, -2.76122),
            (2.80439, -9.00969, -2.53606), (2.98366, -9.00969, -2.29527), (3.14455, -9.00969, -2.04033), (3.28604, -9.00969, -1.77281),
            (3.40728, -9.00969, -1.49436), (3.50751, -9.00969, -1.2067), (3.58611, -9.00969, -0.911593), (3.64261, -9.00969, -0.610869),
            (3.67664, -9.00969, -0.306379), (3.25281, -9.2388, 0), (3.24278, -9.2388, 0.270225), (3.21276, -9.2388, 0.538784),
            (3.16293, -9.2388, 0.804021), (3.09361, -9.2388, 1.0643), (3.0052, -9.2388, 1.31802), (2.89827, -9.2388, 1.56361),
            (2.77348, -9.2388, 1.79956), (2.63158, -9.2388, 2.02442), (2.47346, -9.2388, 2.2368), (2.30008, -9.2388, 2.43538),
            (2.11253, -9.2388, 2.61895), (1.91195, -9.2388, 2.78638), (1.69959, -9.2388, 2.93662), (1.47674, -9.2388, 3.06876),
            (1.2448, -9.2388, 3.18198), (1.00517, -9.2388, 3.27558), (0.759353, -9.2388, 3.34899), (0.508851, -9.2388, 3.40175),
            (0.255212, -9.2388, 3.43353), (1.99177e-16, -9.2388, 3.44415), (-0.255212, -9.2388, 3.43353), (-0.508851, -9.2388, 3.40175),
            (-0.759353, -9.2388, 3.34899), (-1.00517, -9.2388, 3.27558), (-1.2448, -9.2388, 3.18198), (-1.47674, -9.2388, 3.06876),
            (-1.69959, -9.2388, 2.93662), (-1.91195, -9.2388, 2.78638), (-2.11253, -9.2388, 2.61895), (-2.30008, -9.2388, 2.43538),
            (-2.47346, -9.2388, 2.2368), (-2.63158, -9.2388, 2.02442), (-2.77348, -9.2388, 1.79956), (-2.89827, -9.2388, 1.56361),
            (-3.0052, -9.2388, 1.31802), (-3.09361, -9.2388, 1.0643), (-3.16293, -9.2388, 0.804021), (-3.21276, -9.2388, 0.538784),
            (-3.24278, -9.2388, 0.270225), (-3.25281, -9.2388, 4.21787e-16), (-3.24278, -9.2388, -0.270225), (-3.21276, -9.2388, -0.538784),
            (-3.16293, -9.2388, -0.804021), (-3.09361, -9.2388, -1.0643), (-3.0052, -9.2388, -1.31802), (-2.89827, -9.2388, -1.56361),
            (-2.77348, -9.2388, -1.79956), (-2.63158, -9.2388, -2.02442), (-2.47346, -9.2388, -2.2368), (-2.30008, -9.2388, -2.43538),
            (-2.11253, -9.2388, -2.61895), (-1.91195, -9.2388, -2.78638), (-1.69959, -9.2388, -2.93662), (-1.47674, -9.2388, -3.06876),
            (-1.2448, -9.2388, -3.18198), (-1.00517, -9.2388, -3.27558), (-0.759353, -9.2388, -3.34899), (-0.508851, -9.2388, -3.40175),
            (-0.255212, -9.2388, -3.43353), (-5.97531e-16, -9.2388, -3.44415), (0.255212, -9.2388, -3.43353), (0.508851, -9.2388, -3.40175),
            (0.759353, -9.2388, -3.34899), (1.00517, -9.2388, -3.27558), (1.2448, -9.2388, -3.18198), (1.47674, -9.2388, -3.06876),
            (1.69959, -9.2388, -2.93662), (1.91195, -9.2388, -2.78638), (2.11253, -9.2388, -2.61895), (2.30008, -9.2388, -2.43538),
            (2.47346, -9.2388, -2.2368), (2.63158, -9.2388, -2.02442), (2.77348, -9.2388, -1.79956), (2.89827, -9.2388, -1.56361),
            (3.0052, -9.2388, -1.31802), (3.09361, -9.2388, -1.0643), (3.16293, -9.2388, -0.804021), (3.21276, -9.2388, -0.538784),
            (3.24278, -9.2388, -0.270225), (2.80737, -9.43883, 0), (2.79872, -9.43883, 0.233221), (2.77281, -9.43883, 0.465003),
            (2.7298, -9.43883, 0.693919), (2.66997, -9.43883, 0.918557), (2.59367, -9.43883, 1.13753), (2.50139, -9.43883, 1.34949),
            (2.39368, -9.43883, 1.55313), (2.27121, -9.43883, 1.7472), (2.13474, -9.43883, 1.93049), (1.98511, -9.43883, 2.10188),
            (1.82324, -9.43883, 2.26032), (1.65013, -9.43883, 2.40481), (1.46685, -9.43883, 2.53448), (1.27452, -9.43883, 2.64853),
            (1.07433, -9.43883, 2.74624), (0.867526, -9.43883, 2.82703), (0.655368, -9.43883, 2.89038), (0.43917, -9.43883, 2.93592),
            (0.220264, -9.43883, 2.96335), (1.71902e-16, -9.43883, 2.97251), (-0.220264, -9.43883, 2.96335), (-0.43917, -9.43883, 2.93592),
            (-0.655368, -9.43883, 2.89038), (-0.867526, -9.43883, 2.82703), (-1.07433, -9.43883, 2.74624), (-1.27452, -9.43883, 2.64853),
            (-1.46685, -9.43883, 2.53448), (-1.65013, -9.43883, 2.40481), (-1.82324, -9.43883, 2.26032), (-1.98511, -9.43883, 2.10188),
            (-2.13474, -9.43883, 1.93049), (-2.27121, -9.43883, 1.7472), (-2.39368, -9.43883, 1.55313), (-2.50139, -9.43883, 1.34949),
            (-2.59367, -9.43883, 1.13753), (-2.66997, -9.43883, 0.918557), (-2.7298, -9.43883, 0.693919), (-2.77281, -9.43883, 0.465003),
            (-2.79872, -9.43883, 0.233221), (-2.80737, -9.43883, 3.64028e-16), (-2.79872, -9.43883, -0.233221), (-2.77281, -9.43883, -0.465003),
            (-2.7298, -9.43883, -0.693919), (-2.66997, -9.43883, -0.918557), (-2.59367, -9.43883, -1.13753), (-2.50139, -9.43883, -1.34949),
            (-2.39368, -9.43883, -1.55313), (-2.27121, -9.43883, -1.7472), (-2.13474, -9.43883, -1.93049), (-1.98511, -9.43883, -2.10188),
            (-1.82324, -9.43883, -2.26032), (-1.65013, -9.43883, -2.40481), (-1.46685, -9.43883, -2.53448), (-1.27452, -9.43883, -2.64853),
            (-1.07433, -9.43883, -2.74624), (-0.867526, -9.43883, -2.82703), (-0.655368, -9.43883, -2.89038), (-0.43917, -9.43883, -2.93592),
            (-0.220264, -9.43883, -2.96335), (-5.15706e-16, -9.43883, -2.97251), (0.220264, -9.43883, -2.96335), (0.43917, -9.43883, -2.93592),
            (0.655368, -9.43883, -2.89038), (0.867526, -9.43883, -2.82703), (1.07433, -9.43883, -2.74624), (1.27452, -9.43883, -2.64853),
            (1.46685, -9.43883, -2.53448), (1.65013, -9.43883, -2.40481), (1.82324, -9.43883, -2.26032), (1.98511, -9.43883, -2.10188),
            (2.13474, -9.43883, -1.93049), (2.27121, -9.43883, -1.7472), (2.39368, -9.43883, -1.55313), (2.50139, -9.43883, -1.34949),
            (2.59367, -9.43883, -1.13753), (2.66997, -9.43883, -0.918557), (2.7298, -9.43883, -0.693919), (2.77281, -9.43883, -0.465003),
            (2.79872, -9.43883, -0.233221), (2.3531, -9.60917, 0), (2.34585, -9.60917, 0.195482), (2.32413, -9.60917, 0.38976),
            (2.28809, -9.60917, 0.581634), (2.23793, -9.60917, 0.769922), (2.17398, -9.60917, 0.953463), (2.09663, -9.60917, 1.13113),
            (2.00635, -9.60917, 1.30182), (1.9037, -9.60917, 1.46448), (1.78931, -9.60917, 1.61811), (1.66389, -9.60917, 1.76177),
            (1.52822, -9.60917, 1.89457), (1.38312, -9.60917, 2.01568), (1.22949, -9.60917, 2.12437), (1.06829, -9.60917, 2.21996),
            (0.900493, -9.60917, 2.30186), (0.727148, -9.60917, 2.36958), (0.549321, -9.60917, 2.42268), (0.368106, -9.60917, 2.46084),
            (0.184622, -9.60917, 2.48384), (1.44086e-16, -9.60917, 2.49152), (-0.184622, -9.60917, 2.48384), (-0.368106, -9.60917, 2.46084),
            (-0.549321, -9.60917, 2.42268), (-0.727148, -9.60917, 2.36958), (-0.900493, -9.60917, 2.30186), (-1.06829, -9.60917, 2.21996),
            (-1.22949, -9.60917, 2.12437), (-1.38312, -9.60917, 2.01568), (-1.52822, -9.60917, 1.89457), (-1.66389, -9.60917, 1.76177),
            (-1.78931, -9.60917, 1.61811), (-1.9037, -9.60917, 1.46448), (-2.00635, -9.60917, 1.30182), (-2.09663, -9.60917, 1.13113),
            (-2.17398, -9.60917, 0.953463), (-2.23793, -9.60917, 0.769922), (-2.28809, -9.60917, 0.581634), (-2.32413, -9.60917, 0.38976),
            (-2.34585, -9.60917, 0.195482), (-2.3531, -9.60917, 3.05123e-16), (-2.34585, -9.60917, -0.195482), (-2.32413, -9.60917, -0.38976),
            (-2.28809, -9.60917, -0.581634), (-2.23793, -9.60917, -0.769922), (-2.17398, -9.60917, -0.953463), (-2.09663, -9.60917, -1.13113),
            (-2.00635, -9.60917, -1.30182), (-1.9037, -9.60917, -1.46448), (-1.78931, -9.60917, -1.61811), (-1.66389, -9.60917, -1.76177),
            (-1.52822, -9.60917, -1.89457), (-1.38312, -9.60917, -2.01568), (-1.22949, -9.60917, -2.12437), (-1.06829, -9.60917, -2.21996),
            (-0.900493, -9.60917, -2.30186), (-0.727148, -9.60917, -2.36958), (-0.549321, -9.60917, -2.42268), (-0.368106, -9.60917, -2.46084),
            (-0.184622, -9.60917, -2.48384), (-4.32258e-16, -9.60917, -2.49152), (0.184622, -9.60917, -2.48384), (0.368106, -9.60917, -2.46084),
            (0.549321, -9.60917, -2.42268), (0.727148, -9.60917, -2.36958), (0.900493, -9.60917, -2.30186), (1.06829, -9.60917, -2.21996),
            (1.22949, -9.60917, -2.12437), (1.38312, -9.60917, -2.01568), (1.52822, -9.60917, -1.89457), (1.66389, -9.60917, -1.76177),
            (1.78931, -9.60917, -1.61811), (1.9037, -9.60917, -1.46448), (2.00635, -9.60917, -1.30182), (2.09663, -9.60917, -1.13113),
            (2.17398, -9.60917, -0.953463), (2.23793, -9.60917, -0.769922), (2.28809, -9.60917, -0.581634), (2.32413, -9.60917, -0.38976),
            (2.34585, -9.60917, -0.195482), (1.89143, -9.74928, 0), (1.8856, -9.74928, 0.157129), (1.86814, -9.74928, 0.313289),
            (1.83917, -9.74928, 0.467518), (1.79885, -9.74928, 0.618865), (1.74745, -9.74928, 0.766396), (1.68527, -9.74928, 0.909202),
            (1.61271, -9.74928, 1.0464), (1.5302, -9.74928, 1.17715), (1.43825, -9.74928, 1.30064), (1.33744, -9.74928, 1.41611),
            (1.22838, -9.74928, 1.52286), (1.11175, -9.74928, 1.62021), (0.988268, -9.74928, 1.70757), (0.85869, -9.74928, 1.78441),
            (0.723818, -9.74928, 1.85024), (0.584483, -9.74928, 1.90467), (0.441545, -9.74928, 1.94735), (0.295885, -9.74928, 1.97803),
            (0.1484, -9.74928, 1.99651), (1.15817e-16, -9.74928, 2.00269), (-0.1484, -9.74928, 1.99651), (-0.295885, -9.74928, 1.97803),
            (-0.441545, -9.74928, 1.94735), (-0.584483, -9.74928, 1.90467), (-0.723818, -9.74928, 1.85024), (-0.85869, -9.74928, 1.78441),
            (-0.988268, -9.74928, 1.70757), (-1.11175, -9.74928, 1.62021), (-1.22838, -9.74928, 1.52286), (-1.33744, -9.74928, 1.41611),
            (-1.43825, -9.74928, 1.30064), (-1.5302, -9.74928, 1.17715), (-1.61271, -9.74928, 1.0464), (-1.68527, -9.74928, 0.909202),
            (-1.74745, -9.74928, 0.766396), (-1.79885, -9.74928, 0.618865), (-1.83917, -9.74928, 0.467518), (-1.86814, -9.74928, 0.313289),
            (-1.8856, -9.74928, 0.157129), (-1.89143, -9.74928, 2.45259e-16), (-1.8856, -9.74928, -0.157129), (-1.86814, -9.74928, -0.313289),
            (-1.83917, -9.74928, -0.467518), (-1.79885, -9.74928, -0.618865), (-1.74745, -9.74928, -0.766396), (-1.68527, -9.74928, -0.909202),
            (-1.61271, -9.74928, -1.0464), (-1.5302, -9.74928, -1.17715), (-1.43825, -9.74928, -1.30064), (-1.33744, -9.74928, -1.41611),
            (-1.22838, -9.74928, -1.52286), (-1.11175, -9.74928, -1.62021), (-0.988268, -9.74928, -1.70757), (-0.85869, -9.74928, -1.78441),
            (-0.723818, -9.74928, -1.85024), (-0.584483, -9.74928, -1.90467), (-0.441545, -9.74928, -1.94735), (-0.295885, -9.74928, -1.97803),
            (-0.1484, -9.74928, -1.99651), (-3.4745e-16, -9.74928, -2.00269), (0.1484, -9.74928, -1.99651), (0.295885, -9.74928, -1.97803),
            (0.441545, -9.74928, -1.94735), (0.584483, -9.74928, -1.90467), (0.723818, -9.74928, -1.85024), (0.85869, -9.74928, -1.78441),
            (0.988268, -9.74928, -1.70757), (1.11175, -9.74928, -1.62021), (1.22838, -9.74928, -1.52286), (1.33744, -9.74928, -1.41611),
            (1.43825, -9.74928, -1.30064), (1.5302, -9.74928, -1.17715), (1.61271, -9.74928, -1.0464), (1.68527, -9.74928, -0.909202),
            (1.74745, -9.74928, -0.766396), (1.79885, -9.74928, -0.618865), (1.83917, -9.74928, -0.467518), (1.86814, -9.74928, -0.313289),
            (1.8856, -9.74928, -0.157129), (1.4238, -9.85871, 0), (1.41941, -9.85871, 0.118281), (1.40627, -9.85871, 0.235834),
            (1.38446, -9.85871, 0.351932), (1.35412, -9.85871, 0.46586), (1.31542, -9.85871, 0.576917), (1.26862, -9.85871, 0.684416),
            (1.21399, -9.85871, 0.787696), (1.15188, -9.85871, 0.886119), (1.08267, -9.85871, 0.979079), (1.00678, -9.85871, 1.066),
            (0.924686, -9.85871, 1.14635), (0.83689, -9.85871, 1.21964), (0.743935, -9.85871, 1.2854), (0.646393, -9.85871, 1.34324),
            (0.544866, -9.85871, 1.3928), (0.439979, -9.85871, 1.43377), (0.33238, -9.85871, 1.4659), (0.222732, -9.85871, 1.489),
            (0.11171, -9.85871, 1.50291), (8.71828e-17, -9.85871, 1.50756), (-0.11171, -9.85871, 1.50291), (-0.222732, -9.85871, 1.489),
            (-0.33238, -9.85871, 1.4659), (-0.439979, -9.85871, 1.43377), (-0.544866, -9.85871, 1.3928), (-0.646393, -9.85871, 1.34324),
            (-0.743935, -9.85871, 1.2854), (-0.83689, -9.85871, 1.21964), (-0.924686, -9.85871, 1.14635), (-1.00678, -9.85871, 1.066),
            (-1.08267, -9.85871, 0.979079), (-1.15188, -9.85871, 0.886119), (-1.21399, -9.85871, 0.787696), (-1.26862, -9.85871, 0.684416),
            (-1.31542, -9.85871, 0.576917), (-1.35412, -9.85871, 0.46586), (-1.38446, -9.85871, 0.351932), (-1.40627, -9.85871, 0.235834),
            (-1.41941, -9.85871, 0.118281), (-1.4238, -9.85871, 1.84622e-16), (-1.41941, -9.85871, -0.118281), (-1.40627, -9.85871, -0.235834),
            (-1.38446, -9.85871, -0.351932), (-1.35412, -9.85871, -0.46586), (-1.31542, -9.85871, -0.576917), (-1.26862, -9.85871, -0.684416),
            (-1.21399, -9.85871, -0.787696), (-1.15188, -9.85871, -0.886119), (-1.08267, -9.85871, -0.979079), (-1.00678, -9.85871, -1.066),
            (-0.924686, -9.85871, -1.14635), (-0.83689, -9.85871, -1.21964), (-0.743935, -9.85871, -1.2854), (-0.646393, -9.85871, -1.34324),
            (-0.544866, -9.85871, -1.3928), (-0.439979, -9.85871, -1.43377), (-0.33238, -9.85871, -1.4659), (-0.222732, -9.85871, -1.489),
            (-0.11171, -9.85871, -1.50291), (-2.61548e-16, -9.85871, -1.50756), (0.11171, -9.85871, -1.50291), (0.222732, -9.85871, -1.489),
            (0.33238, -9.85871, -1.4659), (0.439979, -9.85871, -1.43377), (0.544866, -9.85871, -1.3928), (0.646393, -9.85871, -1.34324),
            (0.743935, -9.85871, -1.2854), (0.83689, -9.85871, -1.21964), (0.924686, -9.85871, -1.14635), (1.00678, -9.85871, -1.066),
            (1.08267, -9.85871, -0.979079), (1.15188, -9.85871, -0.886119), (1.21399, -9.85871, -0.787696), (1.26862, -9.85871, -0.684416),
            (1.31542, -9.85871, -0.576917), (1.35412, -9.85871, -0.46586), (1.38446, -9.85871, -0.351932), (1.40627, -9.85871, -0.235834),
            (1.41941, -9.85871, -0.118281), (0.951698, -9.93712, 0), (0.948764, -9.93712, 0.0790617), (0.939981, -9.93712, 0.157636),
            (0.925403, -9.93712, 0.235238), (0.905119, -9.93712, 0.31139), (0.879254, -9.93712, 0.385623), (0.847969, -9.93712, 0.457477),
            (0.811456, -9.93712, 0.526512), (0.76994, -9.93712, 0.5923), (0.723677, -9.93712, 0.654436), (0.672952, -9.93712, 0.712538),
            (0.618078, -9.93712, 0.766246), (0.559394, -9.93712, 0.81523), (0.497261, -9.93712, 0.859189), (0.432062, -9.93712, 0.89785),
            (0.364199, -9.93712, 0.930975), (0.294091, -9.93712, 0.958361), (0.222169, -9.93712, 0.979838), (0.148878, -9.93712, 0.995274),
            (0.0746694, -9.93712, 1.00457), (5.82747e-17, -9.93712, 1.00768), (-0.0746694, -9.93712, 1.00457), (-0.148878, -9.93712, 0.995274),
            (-0.222169, -9.93712, 0.979838), (-0.294091, -9.93712, 0.958361), (-0.364199, -9.93712, 0.930975), (-0.432062, -9.93712, 0.89785),
            (-0.497261, -9.93712, 0.859189), (-0.559394, -9.93712, 0.81523), (-0.618078, -9.93712, 0.766246), (-0.672952, -9.93712, 0.712538),
            (-0.723677, -9.93712, 0.654436), (-0.76994, -9.93712, 0.5923), (-0.811456, -9.93712, 0.526512), (-0.847969, -9.93712, 0.457477),
            (-0.879254, -9.93712, 0.385623), (-0.905119, -9.93712, 0.31139), (-0.925403, -9.93712, 0.235238), (-0.939981, -9.93712, 0.157636),
            (-0.948764, -9.93712, 0.0790617), (-0.951698, -9.93712, 1.23405e-16), (-0.948764, -9.93712, -0.0790617), (-0.939981, -9.93712, -0.157636),
            (-0.925403, -9.93712, -0.235238), (-0.905119, -9.93712, -0.31139), (-0.879254, -9.93712, -0.385623), (-0.847969, -9.93712, -0.457477),
            (-0.811456, -9.93712, -0.526512), (-0.76994, -9.93712, -0.5923), (-0.723677, -9.93712, -0.654436), (-0.672952, -9.93712, -0.712538),
            (-0.618078, -9.93712, -0.766246), (-0.559394, -9.93712, -0.81523), (-0.497261, -9.93712, -0.859189), (-0.432062, -9.93712, -0.89785),
            (-0.364199, -9.93712, -0.930975), (-0.294091, -9.93712, -0.958361), (-0.222169, -9.93712, -0.979838), (-0.148878, -9.93712, -0.995274),
            (-0.0746694, -9.93712, -1.00457), (-1.74824e-16, -9.93712, -1.00768), (0.0746694, -9.93712, -1.00457), (0.148878, -9.93712, -0.995274),
            (0.222169, -9.93712, -0.979838), (0.294091, -9.93712, -0.958361), (0.364199, -9.93712, -0.930975), (0.432062, -9.93712, -0.89785),
            (0.497261, -9.93712, -0.859189), (0.559394, -9.93712, -0.81523), (0.618078, -9.93712, -0.766246), (0.672952, -9.93712, -0.712538),
            (0.723677, -9.93712, -0.654436), (0.76994, -9.93712, -0.5923), (0.811456, -9.93712, -0.526512), (0.847969, -9.93712, -0.457477),
            (0.879254, -9.93712, -0.385623), (0.905119, -9.93712, -0.31139), (0.925403, -9.93712, -0.235238), (0.939981, -9.93712, -0.157636),
            (0.948764, -9.93712, -0.0790617), (0.476599, -9.98427, 0), (0.47513, -9.98427, 0.0395931), (0.470731, -9.98427, 0.0789422),
            (0.46343, -9.98427, 0.117804), (0.453272, -9.98427, 0.15594), (0.44032, -9.98427, 0.193115), (0.424653, -9.98427, 0.229099),
            (0.406367, -9.98427, 0.263671), (0.385577, -9.98427, 0.296616), (0.362409, -9.98427, 0.327734), (0.337006, -9.98427, 0.35683),
            (0.309526, -9.98427, 0.383727), (0.280138, -9.98427, 0.408258), (0.249022, -9.98427, 0.430271), (0.216371, -9.98427, 0.449632),
            (0.182386, -9.98427, 0.466221), (0.147277, -9.98427, 0.479935), (0.11126, -9.98427, 0.490691), (0.0745565, -9.98427, 0.498421),
            (0.0373935, -9.98427, 0.503078), (2.91833e-17, -9.98427, 0.504634), (-0.0373935, -9.98427, 0.503078), (-0.0745565, -9.98427, 0.498421),
            (-0.11126, -9.98427, 0.490691), (-0.147277, -9.98427, 0.479935), (-0.182386, -9.98427, 0.466221), (-0.216371, -9.98427, 0.449632),
            (-0.249022, -9.98427, 0.430271), (-0.280138, -9.98427, 0.408258), (-0.309526, -9.98427, 0.383727), (-0.337006, -9.98427, 0.35683),
            (-0.362409, -9.98427, 0.327734), (-0.385577, -9.98427, 0.296616), (-0.406367, -9.98427, 0.263671), (-0.424653, -9.98427, 0.229099),
            (-0.44032, -9.98427, 0.193115), (-0.453272, -9.98427, 0.15594), (-0.46343, -9.98427, 0.117804), (-0.470731, -9.98427, 0.0789422),
            (-0.47513, -9.98427, 0.0395931), (-0.476599, -9.98427, 6.17998e-17), (-0.47513, -9.98427, -0.0395931), (-0.470731, -9.98427, -0.0789422),
            (-0.46343, -9.98427, -0.117804), (-0.453272, -9.98427, -0.15594), (-0.44032, -9.98427, -0.193115), (-0.424653, -9.98427, -0.229099),
            (-0.406367, -9.98427, -0.263671), (-0.385577, -9.98427, -0.296616), (-0.362409, -9.98427, -0.327734), (-0.337006, -9.98427, -0.35683),
            (-0.309526, -9.98427, -0.383727), (-0.280138, -9.98427, -0.408258), (-0.249022, -9.98427, -0.430271), (-0.216371, -9.98427, -0.449632),
            (-0.182386, -9.98427, -0.466221), (-0.147277, -9.98427, -0.479935), (-0.11126, -9.98427, -0.490691), (-0.0745565, -9.98427, -0.498421),
            (-0.0373935, -9.98427, -0.503078), (-8.75498e-17, -9.98427, -0.504634), (0.0373935, -9.98427, -0.503078), (0.0745565, -9.98427, -0.498421),
            (0.11126, -9.98427, -0.490691), (0.147277, -9.98427, -0.479935), (0.182386, -9.98427, -0.466221), (0.216371, -9.98427, -0.449632),
            (0.249022, -9.98427, -0.430271), (0.280138, -9.98427, -0.408258), (0.309526, -9.98427, -0.383727), (0.337006, -9.98427, -0.35683),
            (0.362409, -9.98427, -0.327734), (0.385577, -9.98427, -0.296616), (0.406367, -9.98427, -0.263671), (0.424653, -9.98427, -0.229099),
            (0.44032, -9.98427, -0.193115), (0.453272, -9.98427, -0.15594), (0.46343, -9.98427, -0.117804), (0.470731, -9.98427, -0.0789422),
            (0.47513, -9.98427, -0.0395931), (0, -10, 0)
        ] (
            interpolation = "vertex"
        )
        normal3f[] normals = [
            (0, 1, 0), (0.0659254, 0.997825, 0), (0.0657223, 0.997826, 0.0048851), (0.0651142, 0.99783, 0.00974012),
            (0.0641047, 0.997837, 0.0145352), (0.0627002, 0.997847, 0.0192407), (0.0609093, 0.997859, 0.0238278), (0.0587428, 0.997873, 0.0282681),
            (0.0562143, 0.997889, 0.0325344), (0.0533391, 0.997905, 0.0366002), (0.0501351, 0.997923, 0.0404405), (0.0466218, 0.997942, 0.0440317),
            (0.042821, 0.99796, 0.0473515), (0.038756, 0.997978, 0.0503795), (0.0344518, 0.997995, 0.0530969), (0.0299351, 0.998011, 0.055487),
            (0.0252336, 0.998025, 0.057535), (0.0203764, 0.998036, 0.0592281), (0.0153934, 0.998046, 0.060556), (0.0103154, 0.998053, 0.0615104),
            (0.00517366, 0.998057, 0.0620855), (4.03772e-18, 0.998059, 0.0622775), (-0.00517366, 0.998057, 0.0620855), (-0.0103154, 0.998053, 0.0615104),
            (-0.0153934, 0.998046, 0.060556), (-0.0203764, 0.998036, 0.0592281), (-0.0252336, 0.998025, 0.057535), (-0.0299351, 0.998011, 0.055487),
            (-0.0344518, 0.997995, 0.0530969), (-0.038756, 0.997978, 0.0503795), (-0.042821, 0.99796, 0.0473515), (-0.0466218, 0.997942, 0.0440317),
            (-0.0501351, 0.997923, 0.0404405), (-0.0533391, 0.997905, 0.0366002), (-0.0562143, 0.997889, 0.0325344), (-0.0587428, 0.997873, 0.0282681),
            (-0.0609093, 0.997859, 0.0238278), (-0.0627002, 0.997847, 0.0192407), (-0.0641047, 0.997837, 0.0145352), (-0.0651142, 0.99783, 0.00974012),
            (-0.0657223, 0.997826, 0.0048851), (-0.0659254, 0.997825, 7.62501e-18), (-0.0657223, 0.997826, -0.0048851), (-0.0651142, 0.99783, -0.00974012),
            (-0.0641047, 0.997837, -0.0145352), (-0.0627002, 0.997847, -0.0192407), (-0.0609093, 0.997859, -0.0238278), (-0.0587428, 0.997873, -0.0282681),
            (-0.0562143, 0.997889, -0.0325344), (-0.0533391, 0.997905, -0.0366002), (-0.0501351, 0.997923, -0.0404405), (-0.0466218, 0.997942, -0.0440317),
            (-0.042821, 0.99796, -0.0473515), (-0.038756, 0.997978, -0.0503795), (-0.0344518, 0.997995, -0.0530969), (-0.0299351, 0.998011, -0.055487),
            (-0.0252336, 0.998025, -0.057535), (-0.0203764, 0.998036, -0.0592281), (-0.0153934, 0.998046, -0.060556), (-0.0103154, 0.998053, -0.0615104),
            (-0.00517366, 0.998057, -0.0620855), (-1.21132e-17, 0.998059, -0.0622775), (0.00517366, 0.998057, -0.0620855), (0.0103154, 0.998053, -0.0615104),
            (0.0153934, 0.998046, -0.060556), (0.0203764, 0.998036, -0.0592281), (0.0252336, 0.998025, -0.057535), (0.0299351, 0.998011, -0.055487),
            (0.0344518, 0.997995, -0.0530969), (0.038756, 0.997978, -0.0503795), (0.042821, 0.99796, -0.0473515), (0.0466218, 0.997942, -0.0440317),
            (0.0501351, 0.997923, -0.0404405), (0.0533391, 0.997905, -0.0366002), (0.0562143, 0.997889, -0.0325344), (0.0587428, 0.997873, -0.0282681),
            (0.0609093, 0.997859, -0.0238278), (0.0627002, 0.997847, -0.0192407), (0.0641047, 0.997837, -0.0145352), (0.0651142, 0.99783, -0.00974012),
            (0.0657223, 0.997826, -0.0048851), (0.131407, 0.991329, 0), (0.131003, 0.991334, 0.00973734), (0.129792, 0.991351, 0.019415),
            (0.127783, 0.991379, 0.0289736), (0.124987, 0.991417, 0.0383545), (0.121421, 0.991464, 0.0475), (0.117107, 0.991519, 0.056354),
            (0.112071, 0.991581, 0.064862), (0.106345, 0.991648, 0.0729715), (0.099962, 0.991719, 0.0806325), (0.0929621, 0.991791, 0.0877975),
            (0.085388, 0.991864, 0.0944223), (0.0772863, 0.991934, 0.100466), (0.0687065, 0.992001, 0.10589), (0.0597017, 0.992063, 0.110662),
            (0.0503273, 0.992119, 0.114751), (0.0406413, 0.992166, 0.118132), (0.0307034, 0.992204, 0.120784), (0.0205753, 0.992232, 0.12269),
            (0.0103196, 0.992249, 0.123839), (8.05387e-18, 0.992254, 0.124222), (-0.0103196, 0.992249, 0.123839), (-0.0205753, 0.992232, 0.12269),
            (-0.0307034, 0.992204, 0.120784), (-0.0406413, 0.992166, 0.118132), (-0.0503273, 0.992119, 0.114751), (-0.0597017, 0.992063, 0.110662),
            (-0.0687065, 0.992001, 0.10589), (-0.0772863, 0.991934, 0.100466), (-0.085388, 0.991864, 0.0944223), (-0.0929621, 0.991791, 0.0877975),
            (-0.099962, 0.991719, 0.0806325), (-0.106345, 0.991648, 0.0729715), (-0.112071, 0.991581, 0.064862), (-0.117107, 0.991519, 0.056354),
            (-0.121421, 0.991464, 0.0475), (-0.124987, 0.991417, 0.0383545), (-0.127783, 0.991379, 0.0289736), (-0.129792, 0.991351, 0.019415),
            (-0.131003, 0.991334, 0.00973734), (-0.131407, 0.991329, 1.51987e-17), (-0.131003, 0.991334, -0.00973734), (-0.129792, 0.991351, -0.019415),
            (-0.127783, 0.991379, -0.0289736), (-0.124987, 0.991417, -0.0383545), (-0.121421, 0.991464, -0.0475), (-0.117107, 0.991519, -0.056354),
            (-0.112071, 0.991581, -0.064862), (-0.106345, 0.991648, -0.0729715), (-0.099962, 0.991719, -0.0806325), (-0.0929621, 0.991791, -0.0877975),
            (-0.085388, 0.991864, -0.0944223), (-0.0772863, 0.991934, -0.100466), (-0.0687065, 0.992001, -0.10589), (-0.0597017, 0.992063, -0.110662),
            (-0.0503273, 0.992119, -0.114751), (-0.0406413, 0.992166, -0.118132), (-0.0307034, 0.992204, -0.120784), (-0.0205753, 0.992232, -0.12269),
            (-0.0103196, 0.992249, -0.123839), (-2.41616e-17, 0.992254, -0.124222), (0.0103196, 0.992249, -0.123839), (0.0205753, 0.992232, -0.12269),
            (0.0307034, 0.992204, -0.120784), (0.0406413, 0.992166, -0.118132), (0.0503273, 0.992119, -0.114751), (0.0597017, 0.992063, -0.110662),
            (0.0687065, 0.992001, -0.10589), (0.0772863, 0.991934, -0.100466), (0.085388, 0.991864, -0.0944223), (0.0929621, 0.991791, -0.0877975),
            (0.099962, 0.991719, -0.0806325), (0.106345, 0.991648, -0.0729715), (0.112071, 0.991581, -0.064862), (0.117107, 0.991519, -0.056354),
            (0.121421, 0.991464, -0.0475), (0.124987, 0.991417, -0.0383545), (0.127783, 0.991379, -0.0289736), (0.129792, 0.991351, -0.019415),
            (0.131003, 0.991334, -0.00973734), (0.196013, 0.980601, 0), (0.195411, 0.980614, 0.0145248), (0.193609, 0.980651, 0.0289611),
            (0.190618, 0.980712, 0.043221), (0.186456, 0.980796, 0.0572176), (0.181147, 0.980899, 0.0708651), (0.174723, 0.981021, 0.0840801),
            (0.167223, 0.981157, 0.0967814), (0.158691, 0.981305, 0.108891), (0.14918, 0.981461, 0.120333), (0.138746, 0.98162, 0.131038),
            (0.127453, 0.98178, 0.140938), (0.11537, 0.981936, 0.149972), (0.102571, 0.982084, 0.158082), (0.0891349, 0.982221, 0.165218),
            (0.0751441, 0.982343, 0.171335), (0.0606853, 0.982447, 0.176394), (0.0458483, 0.982531, 0.180362), (0.0307254, 0.982593, 0.183215),
            (0.0154108, 0.98263, 0.184934), (1.20273e-17, 0.982643, 0.185509), (-0.0154108, 0.98263, 0.184934), (-0.0307254, 0.982593, 0.183215),
            (-0.0458483, 0.982531, 0.180362), (-0.0606853, 0.982447, 0.176394), (-0.0751441, 0.982343, 0.171335), (-0.0891349, 0.982221, 0.165218),
            (-0.102571, 0.982084, 0.158082), (-0.11537, 0.981936, 0.149972), (-0.127453, 0.98178, 0.140938), (-0.138746, 0.98162, 0.131038),
            (-0.14918, 0.981461, 0.120333), (-0.158691, 0.981305, 0.108891), (-0.167223, 0.981157, 0.0967814), (-0.174723, 0.981021, 0.0840801),
            (-0.181147, 0.980899, 0.0708651), (-0.186456, 0.980796, 0.0572176), (-0.190618, 0.980712, 0.043221), (-0.193609, 0.980651, 0.0289611),
            (-0.195411, 0.980614, 0.0145248), (-0.196013, 0.980601, 2.26711e-17), (-0.195411, 0.980614, -0.0145248), (-0.193609, 0.980651, -0.0289611),
            (-0.190618, 0.980712, -0.043221), (-0.186456, 0.980796, -0.0572176), (-0.181147, 0.980899, -0.0708651), (-0.174723, 0.981021, -0.0840801),
            (-0.167223, 0.981157, -0.0967814), (-0.158691, 0.981305, -0.108891), (-0.14918, 0.981461, -0.120333), (-0.138746, 0.98162, -0.131038),
            (-0.127453, 0.98178, -0.140938), (-0.11537, 0.981936, -0.149972), (-0.102571, 0.982084, -0.158082), (-0.0891349, 0.982221, -0.165218),
            (-0.0751441, 0.982343, -0.171335), (-0.0606853, 0.982447, -0.176394), (-0.0458483, 0.982531, -0.180362), (-0.0307254, 0.982593, -0.183215),
            (-0.0154108, 0.98263, -0.184934), (-3.60819e-17, 0.982643, -0.185509), (0.0154108, 0.98263, -0.184934), (0.0307254, 0.982593, -0.183215),
            (0.0458483, 0.982531, -0.180362), (0.0606853, 0.982447, -0.176394), (0.0751441, 0.982343, -0.171335), (0.0891349, 0.982221, -0.165218),
            (0.102571, 0.982084, -0.158082), (0.11537, 0.981936, -0.149972), (0.127453, 0.98178, -0.140938), (0.138746, 0.98162, -0.131038),
            (0.14918, 0.981461, -0.120333), (0.158691, 0.981305, -0.108891), (0.167223, 0.981157, -0.0967814), (0.174723, 0.981021, -0.0840801),
            (0.181147, 0.980899, -0.0708651), (0.186456, 0.980796, -0.0572176), (0.190618, 0.980712, -0.043221), (0.193609, 0.980651, -0.0289611),
            (0.195411, 0.980614, -0.0145248), (0.259335, 0.965787, 0), (0.258541, 0.965809, 0.0192172), (0.256165, 0.965873, 0.0383185),
            (0.252219, 0.965979, 0.0571885), (0.246728, 0.966123, 0.075713), (0.239722, 0.966302, 0.0937796), (0.231242, 0.966511, 0.111278),
            (0.221339, 0.966747, 0.128101), (0.21007, 0.967002, 0.144146), (0.197503, 0.967271, 0.159312), (0.183711, 0.967546, 0.173505),
            (0.168779, 0.967822, 0.186637), (0.152797, 0.968092, 0.198623), (0.135861, 0.968348, 0.209389), (0.118077, 0.968585, 0.218864),
            (0.0995523, 0.968796, 0.226988), (0.0804035, 0.968976, 0.233709), (0.0607495, 0.969122, 0.238982), (0.0407135, 0.969228, 0.242774),
            (0.020421, 0.969293, 0.245059), (1.59377e-17, 0.969315, 0.245822), (-0.020421, 0.969293, 0.245059), (-0.0407135, 0.969228, 0.242774),
            (-0.0607495, 0.969122, 0.238982), (-0.0804035, 0.968976, 0.233709), (-0.0995523, 0.968796, 0.226988), (-0.118077, 0.968585, 0.218864),
            (-0.135861, 0.968348, 0.209389), (-0.152797, 0.968092, 0.198623), (-0.168779, 0.967822, 0.186637), (-0.183711, 0.967546, 0.173505),
            (-0.197503, 0.967271, 0.159312), (-0.21007, 0.967002, 0.144146), (-0.221339, 0.966747, 0.128101), (-0.231242, 0.966511, 0.111278),
            (-0.239722, 0.966302, 0.0937796), (-0.246728, 0.966123, 0.075713), (-0.252219, 0.965979, 0.0571885), (-0.256165, 0.965873, 0.0383185),
            (-0.258541, 0.965809, 0.0192172), (-0.259335, 0.965787, 2.9995e-17), (-0.258541, 0.965809, -0.0192172), (-0.256165, 0.965873, -0.0383185),
            (-0.252219, 0.965979, -0.0571885), (-0.246728, 0.966123, -0.075713), (-0.239722, 0.966302, -0.0937796), (-0.231242, 0.966511, -0.111278),
            (-0.221339, 0.966747, -0.128101), (-0.21007, 0.967002, -0.144146), (-0.197503, 0.967271, -0.159312), (-0.183711, 0.967546, -0.173505),
            (-0.168779, 0.967822, -0.186637), (-0.152797, 0.968092, -0.198623), (-0.135861, 0.968348, -0.209389), (-0.118077, 0.968585, -0.218864),
            (-0.0995523, 0.968796, -0.226988), (-0.0804035, 0.968976, -0.233709), (-0.0607495, 0.969122, -0.238982), (-0.0407135, 0.969228, -0.242774),
            (-0.020421, 0.969293, -0.245059), (-4.78131e-17, 0.969315, -0.245822), (0.020421, 0.969293, -0.245059), (0.0407135, 0.969228, -0.242774),
            (0.0607495, 0.969122, -0.238982), (0.0804035, 0.968976, -0.233709), (0.0995523, 0.968796, -0.226988), (0.118077, 0.968585, -0.218864),
            (0.135861, 0.968348, -0.209389), (0.152797, 0.968092, -0.198623), (0.168779, 0.967822, -0.186637), (0.183711, 0.967546, -0.173505),
            (0.197503, 0.967271, -0.159312), (0.21007, 0.967002, -0.144146), (0.221339, 0.966747, -0.128101), (0.231242, 0.966511, -0.111278),
            (0.239722, 0.966302, -0.0937796), (0.246728, 0.966123, -0.075713), (0.252219, 0.965979, -0.0571885), (0.256165, 0.965873, -0.0383185),
            (0.258541, 0.965809, -0.0192172), (0.320999, 0.94708, 0), (0.32002, 0.947112, 0.0237869), (0.31709, 0.947209, 0.047432),
            (0.312224, 0.947367, 0.0707941), (0.30545, 0.947583, 0.0937331), (0.296806, 0.947852, 0.116111), (0.286341, 0.948168, 0.137792),
            (0.274113, 0.948522, 0.158645), (0.260194, 0.948906, 0.17854), (0.244664, 0.949311, 0.197354), (0.227615, 0.949726, 0.214969),
            (0.209146, 0.950142, 0.231274), (0.189369, 0.950548, 0.246164), (0.168404, 0.950935, 0.259543), (0.146379, 0.951292, 0.271324),
            (0.123429, 0.951611, 0.281428), (0.0996972, 0.951884, 0.28979), (0.0753331, 0.952103, 0.296353), (0.0504901, 0.952264, 0.301072),
            (0.0253257, 0.952362, 0.303917), (1.97658e-17, 0.952395, 0.304867), (-0.0253257, 0.952362, 0.303917), (-0.0504901, 0.952264, 0.301072),
            (-0.0753331, 0.952103, 0.296353), (-0.0996972, 0.951884, 0.28979), (-0.123429, 0.951611, 0.281428), (-0.146379, 0.951292, 0.271324),
            (-0.168404, 0.950935, 0.259543), (-0.189369, 0.950548, 0.246164), (-0.209146, 0.950142, 0.231274), (-0.227615, 0.949726, 0.214969),
            (-0.244664, 0.949311, 0.197354), (-0.260194, 0.948906, 0.17854), (-0.274113, 0.948522, 0.158645), (-0.286341, 0.948168, 0.137792),
            (-0.296806, 0.947852, 0.116111), (-0.30545, 0.947583, 0.0937331), (-0.312224, 0.947367, 0.0707941), (-0.31709, 0.947209, 0.047432),
            (-0.32002, 0.947112, 0.0237869), (-0.320999, 0.94708, 3.71271e-17), (-0.32002, 0.947112, -0.0237869), (-0.31709, 0.947209, -0.047432),
            (-0.312224, 0.947367, -0.0707941), (-0.30545, 0.947583, -0.0937331), (-0.296806, 0.947852, -0.116111), (-0.286341, 0.948168, -0.137792),
            (-0.274113, 0.948522, -0.158645), (-0.260194, 0.948906, -0.17854), (-0.244664, 0.949311, -0.197354), (-0.227615, 0.949726, -0.214969),
            (-0.209146, 0.950142, -0.231274), (-0.189369, 0.950548, -0.246164), (-0.168404, 0.950935, -0.259543), (-0.146379, 0.951292, -0.271324),
            (-0.123429, 0.951611, -0.281428), (-0.0996972, 0.951884, -0.28979), (-0.0753331, 0.952103, -0.296353), (-0.0504901, 0.952264, -0.301072),
            (-0.0253257, 0.952362, -0.303917), (-5.92975e-17, 0.952395, -0.304867), (0.0253257, 0.952362, -0.303917), (0.0504901, 0.952264, -0.301072),
            (0.0753331, 0.952103, -0.296353), (0.0996972, 0.951884, -0.28979), (0.123429, 0.951611, -0.281428), (0.146379, 0.951292, -0.271324),
            (0.168404, 0.950935, -0.259543), (0.189369, 0.950548, -0.246164), (0.209146, 0.950142, -0.231274), (0.227615, 0.949726, -0.214969),
            (0.244664, 0.949311, -0.197354), (0.260194, 0.948906, -0.17854), (0.274113, 0.948522, -0.158645), (0.286341, 0.948168, -0.137792),
            (0.296806, 0.947852, -0.116111), (0.30545, 0.947583, -0.0937331), (0.312224, 0.947367, -0.0707941), (0.31709, 0.947209, -0.047432),
            (0.32002, 0.947112, -0.0237869), (0.380671, 0.924711, 0), (0.379516, 0.924755, 0.0282092), (0.376056, 0.924888, 0.0562525),
            (0.370311, 0.925105, 0.0839647), (0.36231, 0.925403, 0.111182), (0.352098, 0.925772, 0.137741), (0.339729, 0.926206, 0.163484),
            (0.325271, 0.926693, 0.188253), (0.308805, 0.927221, 0.211896), (0.290425, 0.927779, 0.234266), (0.270235, 0.928351, 0.255222),
            (0.248352, 0.928924, 0.274629), (0.224908, 0.929484, 0.292361), (0.200042, 0.930018, 0.308303), (0.173905, 0.930511, 0.322346),
            (0.14666, 0.930951, 0.334397), (0.118476, 0.931327, 0.344373), (0.0895309, 0.931631, 0.352205), (0.06001, 0.931853, 0.357839),
            (0.0301022, 0.931989, 0.361235), (2.3494e-17, 0.932034, 0.36237), (-0.0301022, 0.931989, 0.361235), (-0.06001, 0.931853, 0.357839),
            (-0.0895309, 0.931631, 0.352205), (-0.118476, 0.931327, 0.344373), (-0.14666, 0.930951, 0.334397), (-0.173905, 0.930511, 0.322346),
            (-0.200042, 0.930018, 0.308303), (-0.224908, 0.929484, 0.292361), (-0.248352, 0.928924, 0.274629), (-0.270235, 0.928351, 0.255222),
            (-0.290425, 0.927779, 0.234266), (-0.308805, 0.927221, 0.211896), (-0.325271, 0.926693, 0.188253), (-0.339729, 0.926206, 0.163484),
            (-0.352098, 0.925772, 0.137741), (-0.36231, 0.925403, 0.111182), (-0.370311, 0.925105, 0.0839647), (-0.376056, 0.924888, 0.0562525),
            (-0.379516, 0.924755, 0.0282092), (-0.380671, 0.924711, 4.40288e-17), (-0.379516, 0.924755, -0.0282092), (-0.376056, 0.924888, -0.0562525),
            (-0.370311, 0.925105, -0.0839647), (-0.36231, 0.925403, -0.111182), (-0.352098, 0.925772, -0.137741), (-0.339729, 0.926206, -0.163484),
            (-0.325271, 0.926693, -0.188253), (-0.308805, 0.927221, -0.211896), (-0.290425, 0.927779, -0.234266), (-0.270235, 0.928351, -0.255222),
            (-0.248352, 0.928924, -0.274629), (-0.224908, 0.929484, -0.292361), (-0.200042, 0.930018, -0.308303), (-0.173905, 0.930511, -0.322346),
            (-0.14666, 0.930951, -0.334397), (-0.118476, 0.931327, -0.344373), (-0.0895309, 0.931631, -0.352205), (-0.06001, 0.931853, -0.357839),
            (-0.0301022, 0.931989, -0.361235), (-7.04819e-17, 0.932034, -0.36237), (0.0301022, 0.931989, -0.361235), (0.06001, 0.931853, -0.357839),
            (0.0895309, 0.931631, -0.352205), (0.118476, 0.931327, -0.344373), (0.14666, 0.930951, -0.334397), (0.173905, 0.930511, -0.322346),
            (0.200042, 0.930018, -0.308303), (0.224908, 0.929484, -0.292361), (0.248352, 0.928924, -0.274629), (0.270235, 0.928351, -0.255222),
            (0.290425, 0.927779, -0.234266), (0.308805, 0.927221, -0.211896), (0.325271, 0.926693, -0.188253), (0.339729, 0.926206, -0.163484),
            (0.352098, 0.925772, -0.137741), (0.36231, 0.925403, -0.111182), (0.370311, 0.925105, -0.0839647), (0.376056, 0.924888, -0.0562525),
            (0.379516, 0.924755, -0.0282092), (0.438064, 0.898944, 0), (0.436742, 0.899001, 0.0324627), (0.432781, 0.899172, 0.0647376),
            (0.426201, 0.899452, 0.0966373), (0.417037, 0.899835, 0.127976), (0.405334, 0.900311, 0.158567), (0.391155, 0.90087, 0.188231),
            (0.374573, 0.901498, 0.216786), (0.355677, 0.90218, 0.244058), (0.334573, 0.9029, 0.269877), (0.311376, 0.903639, 0.294077),
            (0.286221, 0.90438, 0.316503), (0.259252, 0.905105, 0.337007), (0.230632, 0.905795, 0.355449), (0.200534, 0.906433, 0.371705),
            (0.169143, 0.907004, 0.385661), (0.136657, 0.907492, 0.39722), (0.103281, 0.907885, 0.406298), (0.069232, 0.908173, 0.412829),
            (0.0347297, 0.908349, 0.416768), (2.71061e-17, 0.908409, 0.418084), (-0.0347297, 0.908349, 0.416768), (-0.069232, 0.908173, 0.412829),
            (-0.103281, 0.907885, 0.406298), (-0.136657, 0.907492, 0.39722), (-0.169143, 0.907004, 0.385661), (-0.200534, 0.906433, 0.371705),
            (-0.230632, 0.905795, 0.355449), (-0.259252, 0.905105, 0.337007), (-0.286221, 0.90438, 0.316503), (-0.311376, 0.903639, 0.294077),
            (-0.334573, 0.9029, 0.269877), (-0.355677, 0.90218, 0.244058), (-0.374573, 0.901498, 0.216786), (-0.391155, 0.90087, 0.188231),
            (-0.405334, 0.900311, 0.158567), (-0.417037, 0.899835, 0.127976), (-0.426201, 0.899452, 0.0966373), (-0.432781, 0.899172, 0.0647376),
            (-0.436742, 0.899001, 0.0324627), (-0.438064, 0.898944, 5.0667e-17), (-0.436742, 0.899001, -0.0324627), (-0.432781, 0.899172, -0.0647376),
            (-0.426201, 0.899452, -0.0966373), (-0.417037, 0.899835, -0.127976), (-0.405334, 0.900311, -0.158567), (-0.391155, 0.90087, -0.188231),
            (-0.374573, 0.901498, -0.216786), (-0.355677, 0.90218, -0.244058), (-0.334573, 0.9029, -0.269877), (-0.311376, 0.903639, -0.294077),
            (-0.286221, 0.90438, -0.316503), (-0.259252, 0.905105, -0.337007), (-0.230632, 0.905795, -0.355449), (-0.200534, 0.906433, -0.371705),
            (-0.169143, 0.907004, -0.385661), (-0.136657, 0.907492, -0.39722), (-0.103281, 0.907885, -0.406298), (-0.069232, 0.908173, -0.412829),
            (-0.0347297, 0.908349, -0.416768), (-8.13184e-17, 0.908409, -0.418084), (0.0347297, 0.908349, -0.416768), (0.069232, 0.908173, -0.412829),
            (0.103281, 0.907885, -0.406298), (0.136657, 0.907492, -0.39722), (0.169143, 0.907004, -0.385661), (0.200534, 0.906433, -0.371705),
            (0.230632, 0.905795, -0.355449), (0.259252, 0.905105, -0.337007), (0.286221, 0.90438, -0.316503), (0.311376, 0.903639, -0.294077),
            (0.334573, 0.9029, -0.269877), (0.355677, 0.90218, -0.244058), (0.374573, 0.901498, -0.216786), (0.391155, 0.90087, -0.188231),
            (0.405334, 0.900311, -0.158567), (0.417037, 0.899835, -0.127976), (0.426201, 0.899452, -0.0966373), (0.432781, 0.899172, -0.0647376),
            (0.436742, 0.899001, -0.0324627), (0.492941, 0.870063, 0), (0.491461, 0.870133, 0.03653), (0.487029, 0.870342, 0.0728523),
            (0.479664, 0.870686, 0.10876), (0.469404, 0.871155, 0.144045), (0.456296, 0.87174, 0.178504), (0.440407, 0.872426, 0.211932),
            (0.421816, 0.873197, 0.244128), (0.400619, 0.874035, 0.274896), (0.376928, 0.874919, 0.304042), (0.350872, 0.875829, 0.331379),
            (0.322597, 0.876741, 0.356729), (0.292265, 0.877634, 0.37992), (0.260054, 0.878485, 0.400794), (0.22616, 0.879272, 0.419204),
            (0.19079, 0.879976, 0.435018), (0.154168, 0.880579, 0.448121), (0.11653, 0.881065, 0.458417), (0.0781197, 0.881421, 0.465827),
            (0.0391903, 0.881638, 0.470295), (3.05881e-17, 0.881712, 0.471789), (-0.0391903, 0.881638, 0.470295), (-0.0781197, 0.881421, 0.465827),
            (-0.11653, 0.881065, 0.458417), (-0.154168, 0.880579, 0.448121), (-0.19079, 0.879976, 0.435018), (-0.22616, 0.879272, 0.419204),
            (-0.260054, 0.878485, 0.400794), (-0.292265, 0.877634, 0.37992), (-0.322597, 0.876741, 0.356729), (-0.350872, 0.875829, 0.331379),
            (-0.376928, 0.874919, 0.304042), (-0.400619, 0.874035, 0.274896), (-0.421816, 0.873197, 0.244128), (-0.440407, 0.872426, 0.211932),
            (-0.456296, 0.87174, 0.178504), (-0.469404, 0.871155, 0.144045), (-0.479664, 0.870686, 0.10876), (-0.487029, 0.870342, 0.0728523),
            (-0.491461, 0.870133, 0.03653), (-0.492941, 0.870063, 5.70141e-17), (-0.491461, 0.870133, -0.03653), (-0.487029, 0.870342, -0.0728523),
            (-0.479664, 0.870686, -0.10876), (-0.469404, 0.871155, -0.144045), (-0.456296, 0.87174, -0.178504), (-0.440407, 0.872426, -0.211932),
            (-0.421816, 0.873197, -0.244128), (-0.400619, 0.874035, -0.274896), (-0.376928, 0.874919, -0.304042), (-0.350872, 0.875829, -0.331379),
            (-0.322597, 0.876741, -0.356729), (-0.292265, 0.877634, -0.37992), (-0.260054, 0.878485, -0.400794), (-0.22616, 0.879272, -0.419204),
            (-0.19079, 0.879976, -0.435018), (-0.154168, 0.880579, -0.448121), (-0.11653, 0.881065, -0.458417), (-0.0781197, 0.881421, -0.465827),
            (-0.0391903, 0.881638, -0.470295), (-9.17642e-17, 0.881712, -0.471789), (0.0391903, 0.881638, -0.470295), (0.0781197, 0.881421, -0.465827),
            (0.11653, 0.881065, -0.458417), (0.154168, 0.880579, -0.448121), (0.19079, 0.879976, -0.435018), (0.22616, 0.879272, -0.419204),
            (0.260054, 0.878485, -0.400794), (0.292265, 0.877634, -0.37992), (0.322597, 0.876741, -0.356729), (0.350872, 0.875829, -0.331379),
            (0.376928, 0.874919, -0.304042), (0.400619, 0.874035, -0.274896), (0.421816, 0.873197, -0.244128), (0.440407, 0.872426, -0.211932),
            (0.456296, 0.87174, -0.178504), (0.469404, 0.871155, -0.144045), (0.479664, 0.870686, -0.10876), (0.487029, 0.870342, -0.0728523),
            (0.491461, 0.870133, -0.03653), (0.545113, 0.838362, 0), (0.543487, 0.838445, 0.040397), (0.538614, 0.838692, 0.0805687),
            (0.530516, 0.839097, 0.12029), (0.51923, 0.83965, 0.159335), (0.504807, 0.84034, 0.197481), (0.487314, 0.841149, 0.234505),
            (0.466836, 0.84206, 0.270184), (0.443472, 0.84305, 0.304301), (0.417342, 0.844096, 0.336642), (0.388584, 0.845172, 0.366996),
            (0.357355, 0.846252, 0.395164), (0.323829, 0.84731, 0.420951), (0.288204, 0.848319, 0.444177), (0.250691, 0.849253, 0.464675),
            (0.211524, 0.850089, 0.482293), (0.170949, 0.850804, 0.496898), (0.12923, 0.851382, 0.508379), (0.0866419, 0.851805, 0.516644),
            (0.0434681, 0.852064, 0.52163), (3.39275e-17, 0.852151, 0.523297), (-0.0434681, 0.852064, 0.52163), (-0.0866419, 0.851805, 0.516644),
            (-0.12923, 0.851382, 0.508379), (-0.170949, 0.850804, 0.496898), (-0.211524, 0.850089, 0.482293), (-0.250691, 0.849253, 0.464675),
            (-0.288204, 0.848319, 0.444177), (-0.323829, 0.84731, 0.420951), (-0.357355, 0.846252, 0.395164), (-0.388584, 0.845172, 0.366996),
            (-0.417342, 0.844096, 0.336642), (-0.443472, 0.84305, 0.304301), (-0.466836, 0.84206, 0.270184), (-0.487314, 0.841149, 0.234505),
            (-0.504807, 0.84034, 0.197481), (-0.51923, 0.83965, 0.159335), (-0.530516, 0.839097, 0.12029), (-0.538614, 0.838692, 0.0805687),
            (-0.543487, 0.838445, 0.040397), (-0.545113, 0.838362, 6.30484e-17), (-0.543487, 0.838445, -0.040397), (-0.538614, 0.838692, -0.0805687),
            (-0.530516, 0.839097, -0.12029), (-0.51923, 0.83965, -0.159335), (-0.504807, 0.84034, -0.197481), (-0.487314, 0.841149, -0.234505),
            (-0.466836, 0.84206, -0.270184), (-0.443472, 0.84305, -0.304301), (-0.417342, 0.844096, -0.336642), (-0.388584, 0.845172, -0.366996),
            (-0.357355, 0.846252, -0.395164), (-0.323829, 0.84731, -0.420951), (-0.288204, 0.848319, -0.444177), (-0.250691, 0.849253, -0.464675),
            (-0.211524, 0.850089, -0.482293), (-0.170949, 0.850804, -0.496898), (-0.12923, 0.851382, -0.508379), (-0.0866419, 0.851805, -0.516644),
            (-0.0434681, 0.852064, -0.52163), (-1.01783e-16, 0.852151, -0.523297), (0.0434681, 0.852064, -0.52163), (0.0866419, 0.851805, -0.516644),
            (0.12923, 0.851382, -0.508379), (0.170949, 0.850804, -0.496898), (0.211524, 0.850089, -0.482293), (0.250691, 0.849253, -0.464675),
            (0.288204, 0.848319, -0.444177), (0.323829, 0.84731, -0.420951), (0.357355, 0.846252, -0.395164), (0.388584, 0.845172, -0.366996),
            (0.417342, 0.844096, -0.336642), (0.443472, 0.84305, -0.304301), (0.466836, 0.84206, -0.270184), (0.487314, 0.841149, -0.234505),
            (0.504807, 0.84034, -0.197481), (0.51923, 0.83965, -0.159335), (0.530516, 0.839097, -0.12029), (0.538614, 0.838692, -0.0805687),
            (0.543487, 0.838445, -0.040397), (0.59444, 0.80414, 0), (0.592678, 0.804234, 0.0440534), (0.587396, 0.804515, 0.0878659),
            (0.578618, 0.804977, 0.131196), (0.56638, 0.805609, 0.173804), (0.550733, 0.806397, 0.215448), (0.531746, 0.807322, 0.255886),
            (0.509506, 0.808363, 0.29488), (0.484115, 0.809495, 0.33219), (0.455699, 0.810692, 0.367582), (0.424402, 0.811925, 0.400825),
            (0.39039, 0.813164, 0.431695), (0.353852, 0.814377, 0.459977), (0.314996, 0.815535, 0.485469), (0.274055, 0.816608, 0.507982),
            (0.231281, 0.817569, 0.527343), (0.186948, 0.818392, 0.543402), (0.141343, 0.819056, 0.55603), (0.0947723, 0.819543, 0.565126),
            (0.0475499, 0.819841, 0.570614), (3.71142e-17, 0.819941, 0.572448), (-0.0475499, 0.819841, 0.570614), (-0.0947723, 0.819543, 0.565126),
            (-0.141343, 0.819056, 0.55603), (-0.186948, 0.818392, 0.543402), (-0.231281, 0.817569, 0.527343), (-0.274055, 0.816608, 0.507982),
            (-0.314996, 0.815535, 0.485469), (-0.353852, 0.814377, 0.459977), (-0.39039, 0.813164, 0.431695), (-0.424402, 0.811925, 0.400825),
            (-0.455699, 0.810692, 0.367582), (-0.484115, 0.809495, 0.33219), (-0.509506, 0.808363, 0.29488), (-0.531746, 0.807322, 0.255886),
            (-0.550733, 0.806397, 0.215448), (-0.56638, 0.805609, 0.173804), (-0.578618, 0.804977, 0.131196), (-0.587396, 0.804515, 0.0878659),
            (-0.592678, 0.804234, 0.0440534), (-0.59444, 0.80414, 6.87536e-17), (-0.592678, 0.804234, -0.0440534), (-0.587396, 0.804515, -0.0878659),
            (-0.578618, 0.804977, -0.131196), (-0.56638, 0.805609, -0.173804), (-0.550733, 0.806397, -0.215448), (-0.531746, 0.807322, -0.255886),
            (-0.509506, 0.808363, -0.29488), (-0.484115, 0.809495, -0.33219), (-0.455699, 0.810692, -0.367582), (-0.424402, 0.811925, -0.400825),
            (-0.39039, 0.813164, -0.431695), (-0.353852, 0.814377, -0.459977), (-0.314996, 0.815535, -0.485469), (-0.274055, 0.816608, -0.507982),
            (-0.231281, 0.817569, -0.527343), (-0.186948, 0.818392, -0.543402), (-0.141343, 0.819056, -0.55603), (-0.0947723, 0.819543, -0.565126),
            (-0.0475499, 0.819841, -0.570614), (-1.11343e-16, 0.819941, -0.572448), (0.0475499, 0.819841, -0.570614), (0.0947723, 0.819543, -0.565126),
            (0.141343, 0.819056, -0.55603), (0.186948, 0.818392, -0.543402), (0.231281, 0.817569, -0.527343), (0.274055, 0.816608, -0.507982),
            (0.314996, 0.815535, -0.485469), (0.353852, 0.814377, -0.459977), (0.39039, 0.813164, -0.431695), (0.424402, 0.811925, -0.400825),
            (0.455699, 0.810692, -0.367582), (0.484115, 0.809495, -0.33219), (0.509506, 0.808363, -0.29488), (0.531746, 0.807322, -0.255886),
            (0.550733, 0.806397, -0.215448), (0.56638, 0.805609, -0.173804), (0.578618, 0.804977, -0.131196), (0.587396, 0.804515, -0.0878659),
            (0.592678, 0.804234, -0.0440534), (0.640826, 0.767686, 0), (0.638938, 0.767791, 0.0474919), (0.63328, 0.768103, 0.0947294),
            (0.623875, 0.768616, 0.141458), (0.610757, 0.769317, 0.187422), (0.593979, 0.770192, 0.232365), (0.573609, 0.77122, 0.276031),
            (0.549733, 0.772377, 0.318162), (0.522458, 0.773637, 0.3585), (0.491912, 0.77497, 0.396792), (0.458243, 0.776344, 0.432785),
            (0.421626, 0.777725, 0.466235), (0.382258, 0.77908, 0.496904), (0.340364, 0.780373, 0.524567), (0.296191, 0.781572, 0.549013),
            (0.250013, 0.782646, 0.570051), (0.202123, 0.783567, 0.587511), (0.152838, 0.784311, 0.601247), (0.102489, 0.784856, 0.611143),
            (0.051425, 0.78519, 0.617116), (4.01397e-17, 0.785302, 0.619113), (-0.051425, 0.78519, 0.617116), (-0.102489, 0.784856, 0.611143),
            (-0.152838, 0.784311, 0.601247), (-0.202123, 0.783567, 0.587511), (-0.250013, 0.782646, 0.570051), (-0.296191, 0.781572, 0.549013),
            (-0.340364, 0.780373, 0.524567), (-0.382258, 0.77908, 0.496904), (-0.421626, 0.777725, 0.466235), (-0.458243, 0.776344, 0.432785),
            (-0.491912, 0.77497, 0.396792), (-0.522458, 0.773637, 0.3585), (-0.549733, 0.772377, 0.318162), (-0.573609, 0.77122, 0.276031),
            (-0.593979, 0.770192, 0.232365), (-0.610757, 0.769317, 0.187422), (-0.623875, 0.768616, 0.141458), (-0.63328, 0.768103, 0.0947294),
            (-0.638938, 0.767791, 0.0474919), (-0.640826, 0.767686, 7.41187e-17), (-0.638938, 0.767791, -0.0474919), (-0.63328, 0.768103, -0.0947294),
            (-0.623875, 0.768616, -0.141458), (-0.610757, 0.769317, -0.187422), (-0.593979, 0.770192, -0.232365), (-0.573609, 0.77122, -0.276031),
            (-0.549733, 0.772377, -0.318162), (-0.522458, 0.773637, -0.3585), (-0.491912, 0.77497, -0.396792), (-0.458243, 0.776344, -0.432785),
            (-0.421626, 0.777725, -0.466235), (-0.382258, 0.77908, -0.496904), (-0.340364, 0.780373, -0.524567), (-0.296191, 0.781572, -0.549013),
            (-0.250013, 0.782646, -0.570051), (-0.202123, 0.783567, -0.587511), (-0.152838, 0.784311, -0.601247), (-0.102489, 0.784856, -0.611143),
            (-0.051425, 0.78519, -0.617116), (-1.20419e-16, 0.785302, -0.619113), (0.051425, 0.78519, -0.617116), (0.102489, 0.784856, -0.611143),
            (0.152838, 0.784311, -0.601247), (0.202123, 0.783567, -0.587511), (0.250013, 0.782646, -0.570051), (0.296191, 0.781572, -0.549013),
            (0.340364, 0.780373, -0.524567), (0.382258, 0.77908, -0.496904), (0.421626, 0.777725, -0.466235), (0.458243, 0.776344, -0.432785),
            (0.491912, 0.77497, -0.396792), (0.522458, 0.773637, -0.3585), (0.549733, 0.772377, -0.318162), (0.573609, 0.77122, -0.276031),
            (0.593979, 0.770192, -0.232365), (0.610757, 0.769317, -0.187422), (0.623875, 0.768616, -0.141458), (0.63328, 0.768103, -0.0947294),
            (0.638938, 0.767791, -0.0474919), (0.684214, 0.729281, 0), (0.682211, 0.729395, 0.0507084), (0.676209, 0.729733, 0.101151),
            (0.666228, 0.730288, 0.151061), (0.652303, 0.731048, 0.200171), (0.634485, 0.731997, 0.248212), (0.612842, 0.733112, 0.294911),
            (0.587458, 0.734368, 0.339995), (0.558441, 0.735737, 0.383191), (0.52592, 0.737186, 0.424224), (0.490048, 0.73868, 0.462823),
            (0.451005, 0.740183, 0.498722), (0.408997, 0.741659, 0.531662), (0.36426, 0.743068, 0.561395), (0.317057, 0.744377, 0.587689),
            (0.267678, 0.74555, 0.610331), (0.216442, 0.746556, 0.629132), (0.163688, 0.747368, 0.643931), (0.109777, 0.747964, 0.654598),
            (0.055085, 0.748329, 0.661037), (4.29974e-17, 0.748452, 0.663189), (-0.055085, 0.748329, 0.661037), (-0.109777, 0.747964, 0.654598),
            (-0.163688, 0.747368, 0.643931), (-0.216442, 0.746556, 0.629132), (-0.267678, 0.74555, 0.610331), (-0.317057, 0.744377, 0.587689),
            (-0.36426, 0.743068, 0.561395), (-0.408997, 0.741659, 0.531662), (-0.451005, 0.740183, 0.498722), (-0.490048, 0.73868, 0.462823),
            (-0.52592, 0.737186, 0.424224), (-0.558441, 0.735737, 0.383191), (-0.587458, 0.734368, 0.339995), (-0.612842, 0.733112, 0.294911),
            (-0.634485, 0.731997, 0.248212), (-0.652303, 0.731048, 0.200171), (-0.666228, 0.730288, 0.151061), (-0.676209, 0.729733, 0.101151),
            (-0.682211, 0.729395, 0.0507084), (-0.684214, 0.729281, 7.9137e-17), (-0.682211, 0.729395, -0.0507084), (-0.676209, 0.729733, -0.101151),
            (-0.666228, 0.730288, -0.151061), (-0.652303, 0.731048, -0.200171), (-0.634485, 0.731997, -0.248212), (-0.612842, 0.733112, -0.294911),
            (-0.587458, 0.734368, -0.339995), (-0.558441, 0.735737, -0.383191), (-0.52592, 0.737186, -0.424224), (-0.490048, 0.73868, -0.462823),
            (-0.451005, 0.740183, -0.498722), (-0.408997, 0.741659, -0.531662), (-0.36426, 0.743068, -0.561395), (-0.317057, 0.744377, -0.587689),
            (-0.267678, 0.74555, -0.610331), (-0.216442, 0.746556, -0.629132), (-0.163688, 0.747368, -0.643931), (-0.109777, 0.747964, -0.654598),
            (-0.055085, 0.748329, -0.661037), (-1.28992e-16, 0.748452, -0.663189), (0.055085, 0.748329, -0.661037), (0.109777, 0.747964, -0.654598),
            (0.163688, 0.747368, -0.643931), (0.216442, 0.746556, -0.629132), (0.267678, 0.74555, -0.610331), (0.317057, 0.744377, -0.587689),
            (0.36426, 0.743068, -0.561395), (0.408997, 0.741659, -0.531662), (0.451005, 0.740183, -0.498722), (0.490048, 0.73868, -0.462823),
            (0.52592, 0.737186, -0.424224), (0.558441, 0.735737, -0.383191), (0.587458, 0.734368, -0.339995), (0.612842, 0.733112, -0.294911),
            (0.634485, 0.731997, -0.248212), (0.652303, 0.731048, -0.200171), (0.666228, 0.730288, -0.151061), (0.676209, 0.729733, -0.101151),
            (0.682211, 0.729395, -0.0507084), (0.724583, 0.689187, 0), (0.722476, 0.689308, 0.0537012), (0.716159, 0.689666, 0.107127),
            (0.705654, 0.690255, 0.160001), (0.690993, 0.691061, 0.212044), (0.672225, 0.692068, 0.262976), (0.649415, 0.693251, 0.312511),
            (0.622648, 0.694586, 0.360361), (0.592029, 0.696041, 0.406238), (0.557688, 0.697582, 0.449849), (0.51978, 0.699172, 0.490904),
            (0.47849, 0.700774, 0.529116), (0.434031, 0.702347, 0.564204), (0.386649, 0.703851, 0.5959), (0.336619, 0.705248, 0.62395),
            (0.284252, 0.7065, 0.648119), (0.229883, 0.707576, 0.6682), (0.173877, 0.708444, 0.684013), (0.116622, 0.709082, 0.695415),
            (0.0585234, 0.709473, 0.702299), (4.56823e-17, 0.709604, 0.704601), (-0.0585234, 0.709473, 0.702299), (-0.116622, 0.709082, 0.695415),
            (-0.173877, 0.708444, 0.684013), (-0.229883, 0.707576, 0.6682), (-0.284252, 0.7065, 0.648119), (-0.336619, 0.705248, 0.62395),
            (-0.386649, 0.703851, 0.5959), (-0.434031, 0.702347, 0.564204), (-0.47849, 0.700774, 0.529116), (-0.51978, 0.699172, 0.490904),
            (-0.557688, 0.697582, 0.449849), (-0.592029, 0.696041, 0.406238), (-0.622648, 0.694586, 0.360361), (-0.649415, 0.693251, 0.312511),
            (-0.672225, 0.692068, 0.262976), (-0.690993, 0.691061, 0.212044), (-0.705654, 0.690255, 0.160001), (-0.716159, 0.689666, 0.107127),
            (-0.722476, 0.689308, 0.0537012), (-0.724583, 0.689187, 8.38061e-17), (-0.722476, 0.689308, -0.0537012), (-0.716159, 0.689666, -0.107127),
            (-0.705654, 0.690255, -0.160001), (-0.690993, 0.691061, -0.212044), (-0.672225, 0.692068, -0.262976), (-0.649415, 0.693251, -0.312511),
            (-0.622648, 0.694586, -0.360361), (-0.592029, 0.696041, -0.406238), (-0.557688, 0.697582, -0.449849), (-0.51978, 0.699172, -0.490904),
            (-0.47849, 0.700774, -0.529116), (-0.434031, 0.702347, -0.564204), (-0.386649, 0.703851, -0.5959), (-0.336619, 0.705248, -0.62395),
            (-0.284252, 0.7065, -0.648119), (-0.229883, 0.707576, -0.6682), (-0.173877, 0.708444, -0.684013), (-0.116622, 0.709082, -0.695415),
            (-0.0585234, 0.709473, -0.702299), (-1.37047e-16, 0.709604, -0.704601), (0.0585234, 0.709473, -0.702299), (0.116622, 0.709082, -0.695415),
            (0.173877, 0.708444, -0.684013), (0.229883, 0.707576, -0.6682), (0.284252, 0.7065, -0.648119), (0.336619, 0.705248, -0.62395),
            (0.386649, 0.703851, -0.5959), (0.434031, 0.702347, -0.564204), (0.47849, 0.700774, -0.529116), (0.51978, 0.699172, -0.490904),
            (0.557688, 0.697582, -0.449849), (0.592029, 0.696041, -0.406238), (0.622648, 0.694586, -0.360361), (0.649415, 0.693251, -0.312511),
            (0.672225, 0.692068, -0.262976), (0.690993, 0.691061, -0.212044), (0.705654, 0.690255, -0.160001), (0.716159, 0.689666, -0.107127),
            (0.722476, 0.689308, -0.0537012), (0.761939, 0.647648, 0), (0.759737, 0.647773, 0.0564708), (0.753137, 0.648146, 0.112658),
            (0.742156, 0.648758, 0.168277), (0.726827, 0.649596, 0.22304), (0.707195, 0.650643, 0.276656), (0.683324, 0.651875, 0.328828),
            (0.655294, 0.653265, 0.379256), (0.62321, 0.654781, 0.427634), (0.587201, 0.656388, 0.473655), (0.547424, 0.658048, 0.517011),
            (0.504064, 0.65972, 0.557395), (0.457341, 0.661364, 0.594505), (0.40751, 0.662937, 0.628052), (0.35486, 0.664399, 0.65776),
            (0.299714, 0.665711, 0.683374), (0.242428, 0.666838, 0.704667), (0.183391, 0.667748, 0.721443), (0.123016, 0.668418, 0.733543),
            (0.061736, 0.668827, 0.74085), (4.81909e-17, 0.668965, 0.743294), (-0.061736, 0.668827, 0.74085), (-0.123016, 0.668418, 0.733543),
            (-0.183391, 0.667748, 0.721443), (-0.242428, 0.666838, 0.704667), (-0.299714, 0.665711, 0.683374), (-0.35486, 0.664399, 0.65776),
            (-0.40751, 0.662937, 0.628052), (-0.457341, 0.661364, 0.594505), (-0.504064, 0.65972, 0.557395), (-0.547424, 0.658048, 0.517011),
            (-0.587201, 0.656388, 0.473655), (-0.62321, 0.654781, 0.427634), (-0.655294, 0.653265, 0.379256), (-0.683324, 0.651875, 0.328828),
            (-0.707195, 0.650643, 0.276656), (-0.726827, 0.649596, 0.22304), (-0.742156, 0.648758, 0.168277), (-0.753137, 0.648146, 0.112658),
            (-0.759737, 0.647773, 0.0564708), (-0.761939, 0.647648, 8.81267e-17), (-0.759737, 0.647773, -0.0564708), (-0.753137, 0.648146, -0.112658),
            (-0.742156, 0.648758, -0.168277), (-0.726827, 0.649596, -0.22304), (-0.707195, 0.650643, -0.276656), (-0.683324, 0.651875, -0.328828),
            (-0.655294, 0.653265, -0.379256), (-0.62321, 0.654781, -0.427634), (-0.587201, 0.656388, -0.473655), (-0.547424, 0.658048, -0.517011),
            (-0.504064, 0.65972, -0.557395), (-0.457341, 0.661364, -0.594505), (-0.40751, 0.662937, -0.628052), (-0.35486, 0.664399, -0.65776),
            (-0.299714, 0.665711, -0.683374), (-0.242428, 0.666838, -0.704667), (-0.183391, 0.667748, -0.721443), (-0.123016, 0.668418, -0.733543),
            (-0.061736, 0.668827, -0.74085), (-1.44573e-16, 0.668965, -0.743294), (0.061736, 0.668827, -0.74085), (0.123016, 0.668418, -0.733543),
            (0.183391, 0.667748, -0.721443), (0.242428, 0.666838, -0.704667), (0.299714, 0.665711, -0.683374), (0.35486, 0.664399, -0.65776),
            (0.40751, 0.662937, -0.628052), (0.457341, 0.661364, -0.594505), (0.504064, 0.65972, -0.557395), (0.547424, 0.658048, -0.517011),
            (0.587201, 0.656388, -0.473655), (0.62321, 0.654781, -0.427634), (0.655294, 0.653265, -0.379256), (0.683324, 0.651875, -0.328828),
            (0.707195, 0.650643, -0.276656), (0.726827, 0.649596, -0.22304), (0.742156, 0.648758, -0.168277), (0.753137, 0.648146, -0.112658),
            (0.759737, 0.647773, -0.0564708), (0.796313, 0.604885, 0), (0.794026, 0.605012, 0.0590195), (0.787169, 0.605392, 0.117749),
            (0.77576, 0.606017, 0.175897), (0.759828, 0.606873, 0.233167), (0.739416, 0.607942, 0.289261), (0.714583, 0.6092, 0.34387),
            (0.685408, 0.610621, 0.396684), (0.651992, 0.612172, 0.447383), (0.614463, 0.613817, 0.495645), (0.572976, 0.615517, 0.541144),
            (0.527721, 0.617232, 0.583555), (0.47892, 0.618918, 0.622556), (0.426836, 0.620533, 0.657837), (0.371769, 0.622035, 0.689102),
            (0.314055, 0.623383, 0.716074), (0.254071, 0.624542, 0.738509), (0.192225, 0.625479, 0.756192), (0.128954, 0.626168, 0.76895),
            (0.0647198, 0.626589, 0.776658), (5.05212e-17, 0.626731, 0.779236), (-0.0647198, 0.626589, 0.776658), (-0.128954, 0.626168, 0.76895),
            (-0.192225, 0.625479, 0.756192), (-0.254071, 0.624542, 0.738509), (-0.314055, 0.623383, 0.716074), (-0.371769, 0.622035, 0.689102),
            (-0.426836, 0.620533, 0.657837), (-0.47892, 0.618918, 0.622556), (-0.527721, 0.617232, 0.583555), (-0.572976, 0.615517, 0.541144),
            (-0.614463, 0.613817, 0.495645), (-0.651992, 0.612172, 0.447383), (-0.685408, 0.610621, 0.396684), (-0.714583, 0.6092, 0.34387),
            (-0.739416, 0.607942, 0.289261), (-0.759828, 0.606873, 0.233167), (-0.77576, 0.606017, 0.175897), (-0.787169, 0.605392, 0.117749),
            (-0.794026, 0.605012, 0.0590195), (-0.796313, 0.604885, 9.21024e-17), (-0.794026, 0.605012, -0.0590195), (-0.787169, 0.605392, -0.117749),
            (-0.77576, 0.606017, -0.175897), (-0.759828, 0.606873, -0.233167), (-0.739416, 0.607942, -0.289261), (-0.714583, 0.6092, -0.34387),
            (-0.685408, 0.610621, -0.396684), (-0.651992, 0.612172, -0.447383), (-0.614463, 0.613817, -0.495645), (-0.572976, 0.615517, -0.541144),
            (-0.527721, 0.617232, -0.583555), (-0.47892, 0.618918, -0.622556), (-0.426836, 0.620533, -0.657837), (-0.371769, 0.622035, -0.689102),
            (-0.314055, 0.623383, -0.716074), (-0.254071, 0.624542, -0.738509), (-0.192225, 0.625479, -0.756192), (-0.128954, 0.626168, -0.76895),
            (-0.0647198, 0.626589, -0.776658), (-1.51563e-16, 0.626731, -0.779236), (0.0647198, 0.626589, -0.776658), (0.128954, 0.626168, -0.76895),
            (0.192225, 0.625479, -0.756192), (0.254071, 0.624542, -0.738509), (0.314055, 0.623383, -0.716074), (0.371769, 0.622035, -0.689102),
            (0.426836, 0.620533, -0.657837), (0.47892, 0.618918, -0.622556), (0.527721, 0.617232, -0.583555), (0.572976, 0.615517, -0.541144),
            (0.614463, 0.613817, -0.495645), (0.651992, 0.612172, -0.447383), (0.685408, 0.610621, -0.396684), (0.714583, 0.6092, -0.34387),
            (0.739416, 0.607942, -0.289261), (0.759828, 0.606873, -0.233167), (0.77576, 0.606017, -0.175897), (0.787169, 0.605392, -0.117749),
            (0.794026, 0.605012, -0.0590195), (0.827752, 0.561094, 0), (0.825389, 0.561222, 0.0613506), (0.818303, 0.561603, 0.122406),
            (0.80651, 0.562229, 0.182869), (0.790036, 0.563087, 0.242437), (0.768922, 0.56416, 0.300804), (0.743223, 0.565423, 0.357653),
            (0.713015, 0.56685, 0.412662), (0.678396, 0.568408, 0.465501), (0.639489, 0.570063, 0.515832), (0.59645, 0.571774, 0.563314),
            (0.549468, 0.5735, 0.607604), (0.498772, 0.575199, 0.648361), (0.444627, 0.576828, 0.685256), (0.387344, 0.578343, 0.717972),
            (0.327274, 0.579704, 0.746214), (0.264807, 0.580875, 0.769715), (0.200373, 0.581822, 0.788248), (0.134433, 0.582518, 0.801624),
            (0.0674738, 0.582944, 0.809706), (5.26719e-17, 0.583087, 0.812409), (-0.0674738, 0.582944, 0.809706), (-0.134433, 0.582518, 0.801624),
            (-0.200373, 0.581822, 0.788248), (-0.264807, 0.580875, 0.769715), (-0.327274, 0.579704, 0.746214), (-0.387344, 0.578343, 0.717972),
            (-0.444627, 0.576828, 0.685256), (-0.498772, 0.575199, 0.648361), (-0.549468, 0.5735, 0.607604), (-0.59645, 0.571774, 0.563314),
            (-0.639489, 0.570063, 0.515832), (-0.678396, 0.568408, 0.465501), (-0.713015, 0.56685, 0.412662), (-0.743223, 0.565423, 0.357653),
            (-0.768922, 0.56416, 0.300804), (-0.790036, 0.563087, 0.242437), (-0.80651, 0.562229, 0.182869), (-0.818303, 0.561603, 0.122406),
            (-0.825389, 0.561222, 0.0613506), (-0.827752, 0.561094, 9.57387e-17), (-0.825389, 0.561222, -0.0613506), (-0.818303, 0.561603, -0.122406),
            (-0.80651, 0.562229, -0.182869), (-0.790036, 0.563087, -0.242437), (-0.768922, 0.56416, -0.300804), (-0.743223, 0.565423, -0.357653),
            (-0.713015, 0.56685, -0.412662), (-0.678396, 0.568408, -0.465501), (-0.639489, 0.570063, -0.515832), (-0.59645, 0.571774, -0.563314),
            (-0.549468, 0.5735, -0.607604), (-0.498772, 0.575199, -0.648361), (-0.444627, 0.576828, -0.685256), (-0.387344, 0.578343, -0.717972),
            (-0.327274, 0.579704, -0.746214), (-0.264807, 0.580875, -0.769715), (-0.200373, 0.581822, -0.788248), (-0.134433, 0.582518, -0.801624),
            (-0.0674738, 0.582944, -0.809706), (-1.58016e-16, 0.583087, -0.812409), (0.0674738, 0.582944, -0.809706), (0.134433, 0.582518, -0.801624),
            (0.200373, 0.581822, -0.788248), (0.264807, 0.580875, -0.769715), (0.327274, 0.579704, -0.746214), (0.387344, 0.578343, -0.717972),
            (0.444627, 0.576828, -0.685256), (0.498772, 0.575199, -0.648361), (0.549468, 0.5735, -0.607604), (0.59645, 0.571774, -0.563314),
            (0.639489, 0.570063, -0.515832), (0.678396, 0.568408, -0.465501), (0.713015, 0.56685, -0.412662), (0.743223, 0.565423, -0.357653),
            (0.768922, 0.56416, -0.300804), (0.790036, 0.563087, -0.242437), (0.80651, 0.562229, -0.182869), (0.818303, 0.561603, -0.122406),
            (0.825389, 0.561222, -0.0613506), (0.856317, 0.516451, 0), (0.853885, 0.516577, 0.0634688), (0.846595, 0.516952, 0.126638),
            (0.83446, 0.517569, 0.189206), (0.817503, 0.518415, 0.250866), (0.795763, 0.519473, 0.311304), (0.76929, 0.520719, 0.370196),
            (0.738155, 0.522127, 0.427212), (0.702454, 0.523666, 0.482009), (0.662306, 0.525301, 0.534237), (0.617867, 0.526992, 0.583541),
            (0.569324, 0.5287, 0.62956), (0.516908, 0.530383, 0.671938), (0.460892, 0.531996, 0.710323), (0.401592, 0.533498, 0.744381),
            (0.339372, 0.534848, 0.773798), (0.274638, 0.53601, 0.79829), (0.207838, 0.53695, 0.817612), (0.139454, 0.537641, 0.831562),
            (0.0699976, 0.538064, 0.839992), (5.46431e-17, 0.538207, 0.842813), (-0.0699976, 0.538064, 0.839992), (-0.139454, 0.537641, 0.831562),
            (-0.207838, 0.53695, 0.817612), (-0.274638, 0.53601, 0.79829), (-0.339372, 0.534848, 0.773798), (-0.401592, 0.533498, 0.744381),
            (-0.460892, 0.531996, 0.710323), (-0.516908, 0.530383, 0.671938), (-0.569324, 0.5287, 0.62956), (-0.617867, 0.526992, 0.583541),
            (-0.662306, 0.525301, 0.534237), (-0.702454, 0.523666, 0.482009), (-0.738155, 0.522127, 0.427212), (-0.76929, 0.520719, 0.370196),
            (-0.795763, 0.519473, 0.311304), (-0.817503, 0.518415, 0.250866), (-0.83446, 0.517569, 0.189206), (-0.846595, 0.516952, 0.126638),
            (-0.853885, 0.516577, 0.0634688), (-0.856317, 0.516451, 9.90425e-17), (-0.853885, 0.516577, -0.0634688), (-0.846595, 0.516952, -0.126638),
            (-0.83446, 0.517569, -0.189206), (-0.817503, 0.518415, -0.250866), (-0.795763, 0.519473, -0.311304), (-0.76929, 0.520719, -0.370196),
            (-0.738155, 0.522127, -0.427212), (-0.702454, 0.523666, -0.482009), (-0.662306, 0.525301, -0.534237), (-0.617867, 0.526992, -0.583541),
            (-0.569324, 0.5287, -0.62956), (-0.516908, 0.530383, -0.671938), (-0.460892, 0.531996, -0.710323), (-0.401592, 0.533498, -0.744381),
            (-0.339372, 0.534848, -0.773798), (-0.274638, 0.53601, -0.79829), (-0.207838, 0.53695, -0.817612), (-0.139454, 0.537641, -0.831562),
            (-0.0699976, 0.538064, -0.839992), (-1.63929e-16, 0.538207, -0.842813), (0.0699976, 0.538064, -0.839992), (0.139454, 0.537641, -0.831562),
            (0.207838, 0.53695, -0.817612), (0.274638, 0.53601, -0.79829), (0.339372, 0.534848, -0.773798), (0.401592, 0.533498, -0.744381),
            (0.460892, 0.531996, -0.710323), (0.516908, 0.530383, -0.671938), (0.569324, 0.5287, -0.62956), (0.617867, 0.526992, -0.583541),
            (0.662306, 0.525301, -0.534237), (0.702454, 0.523666, -0.482009), (0.738155, 0.522127, -0.427212), (0.76929, 0.520719, -0.370196),
            (0.795763, 0.519473, -0.311304), (0.817503, 0.518415, -0.250866), (0.83446, 0.517569, -0.189206), (0.846595, 0.516952, -0.126638),
            (0.853885, 0.516577, -0.0634688), (0.882076, 0.471108, 0), (0.879584, 0.47123, 0.0653789), (0.872113, 0.471593, 0.130455),
            (0.859675, 0.472191, 0.194924), (0.842291, 0.47301, 0.258473), (0.819994, 0.474034, 0.320783), (0.792832, 0.475242, 0.381526),
            (0.760873, 0.476608, 0.44036), (0.724206, 0.478101, 0.496935), (0.68295, 0.479687, 0.550889), (0.637256, 0.48133, 0.601852),
            (0.587311, 0.482991, 0.64945), (0.533349, 0.484627, 0.693308), (0.475644, 0.486196, 0.733059), (0.414522, 0.487659, 0.768349),
            (0.350357, 0.488974, 0.798846), (0.283568, 0.490106, 0.824248), (0.214621, 0.491022, 0.844296), (0.144017, 0.491697, 0.858774),
            (0.072292, 0.49211, 0.867526), (5.64353e-17, 0.492249, 0.870455), (-0.072292, 0.49211, 0.867526), (-0.144017, 0.491697, 0.858774),
            (-0.214621, 0.491022, 0.844296), (-0.283568, 0.490106, 0.824248), (-0.350357, 0.488974, 0.798846), (-0.414522, 0.487659, 0.768349),
            (-0.475644, 0.486196, 0.733059), (-0.533349, 0.484627, 0.693308), (-0.587311, 0.482991, 0.64945), (-0.637256, 0.48133, 0.601852),
            (-0.68295, 0.479687, 0.550889), (-0.724206, 0.478101, 0.496935), (-0.760873, 0.476608, 0.44036), (-0.792832, 0.475242, 0.381526),
            (-0.819994, 0.474034, 0.320783), (-0.842291, 0.47301, 0.258473), (-0.859675, 0.472191, 0.194924), (-0.872113, 0.471593, 0.130455),
            (-0.879584, 0.47123, 0.0653789), (-0.882076, 0.471108, 1.02022e-16), (-0.879584, 0.47123, -0.0653789), (-0.872113, 0.471593, -0.130455),
            (-0.859675, 0.472191, -0.194924), (-0.842291, 0.47301, -0.258473), (-0.819994, 0.474034, -0.320783), (-0.792832, 0.475242, -0.381526),
            (-0.760873, 0.476608, -0.44036), (-0.724206, 0.478101, -0.496935), (-0.68295, 0.479687, -0.550889), (-0.637256, 0.48133, -0.601852),
            (-0.587311, 0.482991, -0.64945), (-0.533349, 0.484627, -0.693308), (-0.475644, 0.486196, -0.733059), (-0.414522, 0.487659, -0.768349),
            (-0.350357, 0.488974, -0.798846), (-0.283568, 0.490106, -0.824248), (-0.214621, 0.491022, -0.844296), (-0.144017, 0.491697, -0.858774),
            (-0.072292, 0.49211, -0.867526), (-1.69306e-16, 0.492249, -0.870455), (0.072292, 0.49211, -0.867526), (0.144017, 0.491697, -0.858774),
            (0.214621, 0.491022, -0.844296), (0.283568, 0.490106, -0.824248), (0.350357, 0.488974, -0.798846), (0.414522, 0.487659, -0.768349),
            (0.475644, 0.486196, -0.733059), (0.533349, 0.484627, -0.693308), (0.587311, 0.482991, -0.64945), (0.637256, 0.48133, -0.601852),
            (0.68295, 0.479687, -0.550889), (0.724206, 0.478101, -0.496935), (0.760873, 0.476608, -0.44036), (0.792832, 0.475242, -0.381526),
            (0.819994, 0.474034, -0.320783), (0.842291, 0.47301, -0.258473), (0.859675, 0.472191, -0.194924), (0.872113, 0.471593, -0.130455),
            (0.879584, 0.47123, -0.0653789), (0.905101, 0.425197, 0), (0.902557, 0.425313, 0.0670865), (0.894927, 0.425658, 0.133868),
            (0.882223, 0.426226, 0.200036), (0.864462, 0.427005, 0.265276), (0.841676, 0.427979, 0.329265), (0.813908, 0.429128, 0.391667),
            (0.78122, 0.430428, 0.452136), (0.743699, 0.43185, 0.510311), (0.70146, 0.433361, 0.56582), (0.65465, 0.434928, 0.618281),
            (0.603458, 0.436511, 0.667305), (0.548115, 0.438073, 0.712504), (0.488902, 0.439572, 0.753493), (0.426149, 0.440969, 0.789901),
            (0.36024, 0.442227, 0.821379), (0.291606, 0.443309, 0.84761), (0.220728, 0.444186, 0.868319), (0.148127, 0.444831, 0.88328),
            (0.0743586, 0.445226, 0.892325), (5.80495e-17, 0.445359, 0.895352), (-0.0743586, 0.445226, 0.892325), (-0.148127, 0.444831, 0.88328),
            (-0.220728, 0.444186, 0.868319), (-0.291606, 0.443309, 0.84761), (-0.36024, 0.442227, 0.821379), (-0.426149, 0.440969, 0.789901),
            (-0.488902, 0.439572, 0.753493), (-0.548115, 0.438073, 0.712504), (-0.603458, 0.436511, 0.667305), (-0.65465, 0.434928, 0.618281),
            (-0.70146, 0.433361, 0.56582), (-0.743699, 0.43185, 0.510311), (-0.78122, 0.430428, 0.452136), (-0.813908, 0.429128, 0.391667),
            (-0.841676, 0.427979, 0.329265), (-0.864462, 0.427005, 0.265276), (-0.882223, 0.426226, 0.200036), (-0.894927, 0.425658, 0.133868),
            (-0.902557, 0.425313, 0.0670865), (-0.905101, 0.425197, 1.04685e-16), (-0.902557, 0.425313, -0.0670865), (-0.894927, 0.425658, -0.133868),
            (-0.882223, 0.426226, -0.200036), (-0.864462, 0.427005, -0.265276), (-0.841676, 0.427979, -0.329265), (-0.813908, 0.429128, -0.391667),
            (-0.78122, 0.430428, -0.452136), (-0.743699, 0.43185, -0.510311), (-0.70146, 0.433361, -0.56582), (-0.65465, 0.434928, -0.618281),
            (-0.603458, 0.436511, -0.667305), (-0.548115, 0.438073, -0.712504), (-0.488902, 0.439572, -0.753493), (-0.426149, 0.440969, -0.789901),
            (-0.36024, 0.442227, -0.821379), (-0.291606, 0.443309, -0.84761), (-0.220728, 0.444186, -0.868319), (-0.148127, 0.444831, -0.88328),
            (-0.0743586, 0.445226, -0.892325), (-1.74148e-16, 0.445359, -0.895352), (0.0743586, 0.445226, -0.892325), (0.148127, 0.444831, -0.88328),
            (0.220728, 0.444186, -0.868319), (0.291606, 0.443309, -0.84761), (0.36024, 0.442227, -0.821379), (0.426149, 0.440969, -0.789901),
            (0.488902, 0.439572, -0.753493), (0.548115, 0.438073, -0.712504), (0.603458, 0.436511, -0.667305), (0.65465, 0.434928, -0.618281),
            (0.70146, 0.433361, -0.56582), (0.743699, 0.43185, -0.510311), (0.78122, 0.430428, -0.452136), (0.813908, 0.429128, -0.391667),
            (0.841676, 0.427979, -0.329265), (0.864462, 0.427005, -0.265276), (0.882223, 0.426226, -0.200036), (0.894927, 0.425658, -0.133868),
            (0.902557, 0.425313, -0.0670865), (0.925467, 0.378829, 0), (0.922877, 0.378937, 0.0685969), (0.915109, 0.379259, 0.136887),
            (0.902173, 0.379788, 0.20456), (0.884085, 0.380514, 0.271298), (0.860872, 0.381422, 0.336775), (0.832573, 0.382494, 0.40065),
            (0.799249, 0.383706, 0.46257), (0.76098, 0.385033, 0.522168), (0.717877, 0.386444, 0.579062), (0.670087, 0.387908, 0.63286),
            (0.617795, 0.389388, 0.683159), (0.561234, 0.390848, 0.729557), (0.500687, 0.392251, 0.771655), (0.436489, 0.393559, 0.809067),
            (0.369032, 0.394736, 0.841427), (0.298759, 0.39575, 0.868403), (0.226165, 0.396572, 0.889708), (0.151787, 0.397177, 0.905103),
            (0.0761991, 0.397547, 0.914412), (5.94872e-17, 0.397672, 0.917528), (-0.0761991, 0.397547, 0.914412), (-0.151787, 0.397177, 0.905103),
            (-0.226165, 0.396572, 0.889708), (-0.298759, 0.39575, 0.868403), (-0.369032, 0.394736, 0.841427), (-0.436489, 0.393559, 0.809067),
            (-0.500687, 0.392251, 0.771655), (-0.561234, 0.390848, 0.729557), (-0.617795, 0.389388, 0.683159), (-0.670087, 0.387908, 0.63286),
            (-0.717877, 0.386444, 0.579062), (-0.76098, 0.385033, 0.522168), (-0.799249, 0.383706, 0.46257), (-0.832573, 0.382494, 0.40065),
            (-0.860872, 0.381422, 0.336775), (-0.884085, 0.380514, 0.271298), (-0.902173, 0.379788, 0.20456), (-0.915109, 0.379259, 0.136887),
            (-0.922877, 0.378937, 0.0685969), (-0.925467, 0.378829, 1.0704e-16), (-0.922877, 0.378937, -0.0685969), (-0.915109, 0.379259, -0.136887),
            (-0.902173, 0.379788, -0.20456), (-0.884085, 0.380514, -0.271298), (-0.860872, 0.381422, -0.336775), (-0.832573, 0.382494, -0.40065),
            (-0.799249, 0.383706, -0.46257), (-0.76098, 0.385033, -0.522168), (-0.717877, 0.386444, -0.579062), (-0.670087, 0.387908, -0.63286),
            (-0.617795, 0.389388, -0.683159), (-0.561234, 0.390848, -0.729557), (-0.500687, 0.392251, -0.771655), (-0.436489, 0.393559, -0.809067),
            (-0.369032, 0.394736, -0.841427), (-0.298759, 0.39575, -0.868403), (-0.226165, 0.396572, -0.889708), (-0.151787, 0.397177, -0.905103),
            (-0.0761991, 0.397547, -0.914412), (-1.78462e-16, 0.397672, -0.917528), (0.0761991, 0.397547, -0.914412), (0.151787, 0.397177, -0.905103),
            (0.226165, 0.396572, -0.889708), (0.298759, 0.39575, -0.868403), (0.369032, 0.394736, -0.841427), (0.436489, 0.393559, -0.809067),
            (0.500687, 0.392251, -0.771655), (0.561234, 0.390848, -0.729557), (0.617795, 0.389388, -0.683159), (0.670087, 0.387908, -0.63286),
            (0.717877, 0.386444, -0.579062), (0.76098, 0.385033, -0.522168), (0.799249, 0.383706, -0.46257), (0.832573, 0.382494, -0.40065),
            (0.860872, 0.381422, -0.336775), (0.884085, 0.380514, -0.271298), (0.902173, 0.379788, -0.20456), (0.915109, 0.379259, -0.136887),
            (0.922877, 0.378937, -0.0685969), (0.943245, 0.332099, 0), (0.940615, 0.332197, 0.0699153), (0.932729, 0.33249, 0.139523),
            (0.919594, 0.332972, 0.20851), (0.901224, 0.333634, 0.276557), (0.877643, 0.334461, 0.343335), (0.848887, 0.335438, 0.4085),
            (0.815012, 0.336544, 0.471693), (0.776095, 0.337754, 0.53254), (0.732244, 0.339042, 0.590651), (0.683602, 0.340378, 0.645624),
            (0.630354, 0.34173, 0.697047), (0.572732, 0.343065, 0.744503), (0.51102, 0.344347, 0.787581), (0.44556, 0.345543, 0.825879),
            (0.376748, 0.346621, 0.85902), (0.305039, 0.347549, 0.886657), (0.230939, 0.348301, 0.90849), (0.155001, 0.348856, 0.92427),
            (0.0778158, 0.349195, 0.933814), (6.07502e-17, 0.349309, 0.937008), (-0.0778158, 0.349195, 0.933814), (-0.155001, 0.348856, 0.92427),
            (-0.230939, 0.348301, 0.90849), (-0.305039, 0.347549, 0.886657), (-0.376748, 0.346621, 0.85902), (-0.44556, 0.345543, 0.825879),
            (-0.51102, 0.344347, 0.787581), (-0.572732, 0.343065, 0.744503), (-0.630354, 0.34173, 0.697047), (-0.683602, 0.340378, 0.645624),
            (-0.732244, 0.339042, 0.590651), (-0.776095, 0.337754, 0.53254), (-0.815012, 0.336544, 0.471693), (-0.848887, 0.335438, 0.4085),
            (-0.877643, 0.334461, 0.343335), (-0.901224, 0.333634, 0.276557), (-0.919594, 0.332972, 0.20851), (-0.932729, 0.33249, 0.139523),
            (-0.940615, 0.332197, 0.0699153), (-0.943245, 0.332099, 1.09097e-16), (-0.940615, 0.332197, -0.0699153), (-0.932729, 0.33249, -0.139523),
            (-0.919594, 0.332972, -0.20851), (-0.901224, 0.333634, -0.276557), (-0.877643, 0.334461, -0.343335), (-0.848887, 0.335438, -0.4085),
            (-0.815012, 0.336544, -0.471693), (-0.776095, 0.337754, -0.53254), (-0.732244, 0.339042, -0.590651), (-0.683602, 0.340378, -0.645624),
            (-0.630354, 0.34173, -0.697047), (-0.572732, 0.343065, -0.744503), (-0.51102, 0.344347, -0.787581), (-0.44556, 0.345543, -0.825879),
            (-0.376748, 0.346621, -0.85902), (-0.305039, 0.347549, -0.886657), (-0.230939, 0.348301, -0.90849), (-0.155001, 0.348856, -0.92427),
            (-0.0778158, 0.349195, -0.933814), (-1.82251e-16, 0.349309, -0.937008), (0.0778158, 0.349195, -0.933814), (0.155001, 0.348856, -0.92427),
            (0.230939, 0.348301, -0.90849), (0.305039, 0.347549, -0.886657), (0.376748, 0.346621, -0.85902), (0.44556, 0.345543, -0.825879),
            (0.51102, 0.344347, -0.787581), (0.572732, 0.343065, -0.744503), (0.630354, 0.34173, -0.697047), (0.683602, 0.340378, -0.645624),
            (0.732244, 0.339042, -0.590651), (0.776095, 0.337754, -0.53254), (0.815012, 0.336544, -0.471693), (0.848887, 0.335438, -0.4085),
            (0.877643, 0.334461, -0.343335), (0.901224, 0.333634, -0.276557), (0.919594, 0.332972, -0.20851), (0.932729, 0.33249, -0.139523),
            (0.940615, 0.332197, -0.0699153), (0.958502, 0.285085, 0), (0.955839, 0.285172, 0.071047), (0.947853, 0.285432, 0.141785),
            (0.934549, 0.285859, 0.211901), (0.91594, 0.286446, 0.281073), (0.892047, 0.28718, 0.34897), (0.862903, 0.288046, 0.415245),
            (0.828559, 0.289028, 0.479534), (0.789091, 0.290102, 0.541458), (0.744602, 0.291246, 0.600619), (0.695232, 0.292433, 0.656608),
            (0.641166, 0.293635, 0.709003), (0.582634, 0.294821, 0.757376), (0.519924, 0.295962, 0.801303), (0.453378, 0.297027, 0.840371),
            (0.383401, 0.297986, 0.87419), (0.310456, 0.298812, 0.902401), (0.235058, 0.299483, 0.924693), (0.157775, 0.299976, 0.940809),
            (0.0792111, 0.300278, 0.950557), (6.18402e-17, 0.30038, 0.95382), (-0.0792111, 0.300278, 0.950557), (-0.157775, 0.299976, 0.940809),
            (-0.235058, 0.299483, 0.924693), (-0.310456, 0.298812, 0.902401), (-0.383401, 0.297986, 0.87419), (-0.453378, 0.297027, 0.840371),
            (-0.519924, 0.295962, 0.801303), (-0.582634, 0.294821, 0.757376), (-0.641166, 0.293635, 0.709003), (-0.695232, 0.292433, 0.656608),
            (-0.744602, 0.291246, 0.600619), (-0.789091, 0.290102, 0.541458), (-0.828559, 0.289028, 0.479534), (-0.862903, 0.288046, 0.415245),
            (-0.892047, 0.28718, 0.34897), (-0.91594, 0.286446, 0.281073), (-0.934549, 0.285859, 0.211901), (-0.947853, 0.285432, 0.141785),
            (-0.955839, 0.285172, 0.071047), (-0.958502, 0.285085, 1.10861e-16), (-0.955839, 0.285172, -0.071047), (-0.947853, 0.285432, -0.141785),
            (-0.934549, 0.285859, -0.211901), (-0.91594, 0.286446, -0.281073), (-0.892047, 0.28718, -0.34897), (-0.862903, 0.288046, -0.415245),
            (-0.828559, 0.289028, -0.479534), (-0.789091, 0.290102, -0.541458), (-0.744602, 0.291246, -0.600619), (-0.695232, 0.292433, -0.656608),
            (-0.641166, 0.293635, -0.709003), (-0.582634, 0.294821, -0.757376), (-0.519924, 0.295962, -0.801303), (-0.453378, 0.297027, -0.840371),
            (-0.383401, 0.297986, -0.87419), (-0.310456, 0.298812, -0.902401), (-0.235058, 0.299483, -0.924693), (-0.157775, 0.299976, -0.940809),
            (-0.0792111, 0.300278, -0.950557), (-1.8552e-16, 0.30038, -0.95382), (0.0792111, 0.300278, -0.950557), (0.157775, 0.299976, -0.940809),
            (0.235058, 0.299483, -0.924693), (0.310456, 0.298812, -0.902401), (0.383401, 0.297986, -0.87419), (0.453378, 0.297027, -0.840371),
            (0.519924, 0.295962, -0.801303), (0.582634, 0.294821, -0.757376), (0.641166, 0.293635, -0.709003), (0.695232, 0.292433, -0.656608),
            (0.744602, 0.291246, -0.600619), (0.789091, 0.290102, -0.541458), (0.828559, 0.289028, -0.479534), (0.862903, 0.288046, -0.415245),
            (0.892047, 0.28718, -0.34897), (0.91594, 0.286446, -0.281073), (0.934549, 0.285859, -0.211901), (0.947853, 0.285432, -0.141785),
            (0.955839, 0.285172, -0.071047), (0.971301, 0.237853, 0), (0.968611, 0.237928, 0.0719963), (0.960541, 0.23815, 0.143683),
            (0.947098, 0.238516, 0.214746), (0.92829, 0.239019, 0.284863), (0.904138, 0.239648, 0.3537), (0.874671, 0.240391, 0.420908),
            (0.839938, 0.241233, 0.486119), (0.80001, 0.242154, 0.54895), (0.754988, 0.243136, 0.608997), (0.705011, 0.244155, 0.665844),
            (0.65026, 0.245187, 0.719059), (0.590966, 0.246206, 0.768207), (0.527418, 0.247186, 0.812853), (0.459961, 0.248101, 0.852573),
            (0.389005, 0.248926, 0.886967), (0.315019, 0.249637, 0.915666), (0.238529, 0.250213, 0.938348), (0.160112, 0.250638, 0.954748),
            (0.0803871, 0.250898, 0.96467), (6.27589e-17, 0.250986, 0.967991), (-0.0803871, 0.250898, 0.96467), (-0.160112, 0.250638, 0.954748),
            (-0.238529, 0.250213, 0.938348), (-0.315019, 0.249637, 0.915666), (-0.389005, 0.248926, 0.886967), (-0.459961, 0.248101, 0.852573),
            (-0.527418, 0.247186, 0.812853), (-0.590966, 0.246206, 0.768207), (-0.65026, 0.245187, 0.719059), (-0.705011, 0.244155, 0.665844),
            (-0.754988, 0.243136, 0.608997), (-0.80001, 0.242154, 0.54895), (-0.839938, 0.241233, 0.486119), (-0.874671, 0.240391, 0.420908),
            (-0.904138, 0.239648, 0.3537), (-0.92829, 0.239019, 0.284863), (-0.947098, 0.238516, 0.214746), (-0.960541, 0.23815, 0.143683),
            (-0.968611, 0.237928, 0.0719963), (-0.971301, 0.237853, 1.12342e-16), (-0.968611, 0.237928, -0.0719963), (-0.960541, 0.23815, -0.143683),
            (-0.947098, 0.238516, -0.214746), (-0.92829, 0.239019, -0.284863), (-0.904138, 0.239648, -0.3537), (-0.874671, 0.240391, -0.420908),
            (-0.839938, 0.241233, -0.486119), (-0.80001, 0.242154, -0.54895), (-0.754988, 0.243136, -0.608997), (-0.705011, 0.244155, -0.665844),
            (-0.65026, 0.245187, -0.719059), (-0.590966, 0.246206, -0.768207), (-0.527418, 0.247186, -0.812853), (-0.459961, 0.248101, -0.852573),
            (-0.389005, 0.248926, -0.886967), (-0.315019, 0.249637, -0.915666), (-0.238529, 0.250213, -0.938348), (-0.160112, 0.250638, -0.954748),
            (-0.0803871, 0.250898, -0.96467), (-1.88277e-16, 0.250986, -0.967991), (0.0803871, 0.250898, -0.96467), (0.160112, 0.250638, -0.954748),
            (0.238529, 0.250213, -0.938348), (0.315019, 0.249637, -0.915666), (0.389005, 0.248926, -0.886967), (0.459961, 0.248101, -0.852573),
            (0.527418, 0.247186, -0.812853), (0.590966, 0.246206, -0.768207), (0.65026, 0.245187, -0.719059), (0.705011, 0.244155, -0.665844),
            (0.754988, 0.243136, -0.608997), (0.80001, 0.242154, -0.54895), (0.839938, 0.241233, -0.486119), (0.874671, 0.240391, -0.420908),
            (0.904138, 0.239648, -0.3537), (0.92829, 0.239019, -0.284863), (0.947098, 0.238516, -0.214746), (0.960541, 0.23815, -0.143683),
            (0.968611, 0.237928, -0.0719963), (0.981696, 0.190456, 0), (0.978983, 0.190517, 0.0727672), (0.970847, 0.190699, 0.145224),
            (0.957291, 0.190998, 0.217057), (0.938324, 0.19141, 0.287942), (0.913963, 0.191924, 0.357544), (0.884235, 0.192533, 0.42551),
            (0.849188, 0.193221, 0.491473), (0.808889, 0.193976, 0.555043), (0.763437, 0.19478, 0.615812), (0.712968, 0.195615, 0.673358),
            (0.657662, 0.196461, 0.727244), (0.59775, 0.197296, 0.777026), (0.533522, 0.1981, 0.82226), (0.465325, 0.19885, 0.862515),
            (0.393572, 0.199527, 0.89738), (0.318739, 0.20011, 0.926478), (0.241359, 0.200583, 0.94948), (0.162018, 0.200932, 0.966114),
            (0.0813461, 0.201146, 0.976178), (6.35082e-17, 0.201218, 0.979547), (-0.0813461, 0.201146, 0.976178), (-0.162018, 0.200932, 0.966114),
            (-0.241359, 0.200583, 0.94948), (-0.318739, 0.20011, 0.926478), (-0.393572, 0.199527, 0.89738), (-0.465325, 0.19885, 0.862515),
            (-0.533522, 0.1981, 0.82226), (-0.59775, 0.197296, 0.777026), (-0.657662, 0.196461, 0.727244), (-0.712968, 0.195615, 0.673358),
            (-0.763437, 0.19478, 0.615812), (-0.808889, 0.193976, 0.555043), (-0.849188, 0.193221, 0.491473), (-0.884235, 0.192533, 0.42551),
            (-0.913963, 0.191924, 0.357544), (-0.938324, 0.19141, 0.287942), (-0.957291, 0.190998, 0.217057), (-0.970847, 0.190699, 0.145224),
            (-0.978983, 0.190517, 0.0727672), (-0.981696, 0.190456, 1.13544e-16), (-0.978983, 0.190517, -0.0727672), (-0.970847, 0.190699, -0.145224),
            (-0.957291, 0.190998, -0.217057), (-0.938324, 0.19141, -0.287942), (-0.913963, 0.191924, -0.357544), (-0.884235, 0.192533, -0.42551),
            (-0.849188, 0.193221, -0.491473), (-0.808889, 0.193976, -0.555043), (-0.763437, 0.19478, -0.615812), (-0.712968, 0.195615, -0.673358),
            (-0.657662, 0.196461, -0.727244), (-0.59775, 0.197296, -0.777026), (-0.533522, 0.1981, -0.82226), (-0.465325, 0.19885, -0.862515),
            (-0.393572, 0.199527, -0.89738), (-0.318739, 0.20011, -0.926478), (-0.241359, 0.200583, -0.94948), (-0.162018, 0.200932, -0.966114),
            (-0.0813461, 0.201146, -0.976178), (-1.90524e-16, 0.201218, -0.979547), (0.0813461, 0.201146, -0.976178), (0.162018, 0.200932, -0.966114),
            (0.241359, 0.200583, -0.94948), (0.318739, 0.20011, -0.926478), (0.393572, 0.199527, -0.89738), (0.465325, 0.19885, -0.862515),
            (0.533522, 0.1981, -0.82226), (0.59775, 0.197296, -0.777026), (0.657662, 0.196461, -0.727244), (0.712968, 0.195615, -0.673358),
            (0.763437, 0.19478, -0.615812), (0.808889, 0.193976, -0.555043), (0.849188, 0.193221, -0.491473), (0.884235, 0.192533, -0.42551),
            (0.913963, 0.191924, -0.357544), (0.938324, 0.19141, -0.287942), (0.957291, 0.190998, -0.217057), (0.970847, 0.190699, -0.145224),
            (0.978983, 0.190517, -0.0727672), (0.989732, 0.142938, 0), (0.987002, 0.142984, 0.0733633), (0.978815, 0.143123, 0.146416),
            (0.965172, 0.143352, 0.218844), (0.946083, 0.143666, 0.290323), (0.921561, 0.144058, 0.360516), (0.891634, 0.144523, 0.429071),
            (0.856345, 0.145048, 0.495615), (0.81576, 0.145625, 0.559758), (0.769977, 0.146239, 0.621088), (0.719129, 0.146876, 0.679177),
            (0.663395, 0.147522, 0.733583), (0.603006, 0.148161, 0.783857), (0.538251, 0.148775, 0.829549), (0.469481, 0.149349, 0.87022),
            (0.397112, 0.149866, 0.905451), (0.321623, 0.150312, 0.934861), (0.243553, 0.150674, 0.958112), (0.163497, 0.150941, 0.974929),
            (0.0820899, 0.151104, 0.985103), (6.40893e-17, 0.151159, 0.988509), (-0.0820899, 0.151104, 0.985103), (-0.163497, 0.150941, 0.974929),
            (-0.243553, 0.150674, 0.958112), (-0.321623, 0.150312, 0.934861), (-0.397112, 0.149866, 0.905451), (-0.469481, 0.149349, 0.87022),
            (-0.538251, 0.148775, 0.829549), (-0.603006, 0.148161, 0.783857), (-0.663395, 0.147522, 0.733583), (-0.719129, 0.146876, 0.679177),
            (-0.769977, 0.146239, 0.621088), (-0.81576, 0.145625, 0.559758), (-0.856345, 0.145048, 0.495615), (-0.891634, 0.144523, 0.429071),
            (-0.921561, 0.144058, 0.360516), (-0.946083, 0.143666, 0.290323), (-0.965172, 0.143352, 0.218844), (-0.978815, 0.143123, 0.146416),
            (-0.987002, 0.142984, 0.0733633), (-0.989732, 0.142938, 1.14473e-16), (-0.987002, 0.142984, -0.0733633), (-0.978815, 0.143123, -0.146416),
            (-0.965172, 0.143352, -0.218844), (-0.946083, 0.143666, -0.290323), (-0.921561, 0.144058, -0.360516), (-0.891634, 0.144523, -0.429071),
            (-0.856345, 0.145048, -0.495615), (-0.81576, 0.145625, -0.559758), (-0.769977, 0.146239, -0.621088), (-0.719129, 0.146876, -0.679177),
            (-0.663395, 0.147522, -0.733583), (-0.603006, 0.148161, -0.783857), (-0.538251, 0.148775, -0.829549), (-0.469481, 0.149349, -0.87022),
            (-0.397112, 0.149866, -0.905451), (-0.321623, 0.150312, -0.934861), (-0.243553, 0.150674, -0.958112), (-0.163497, 0.150941, -0.974929),
            (-0.0820899, 0.151104, -0.985103), (-1.92268e-16, 0.151159, -0.988509), (0.0820899, 0.151104, -0.985103), (0.163497, 0.150941, -0.974929),
            (0.243553, 0.150674, -0.958112), (0.321623, 0.150312, -0.934861), (0.397112, 0.149866, -0.905451), (0.469481, 0.149349, -0.87022),
            (0.538251, 0.148775, -0.829549), (0.603006, 0.148161, -0.783857), (0.663395, 0.147522, -0.733583), (0.719129, 0.146876, -0.679177),
            (0.769977, 0.146239, -0.621088), (0.81576, 0.145625, -0.559758), (0.856345, 0.145048, -0.495615), (0.891634, 0.144523, -0.429071),
            (0.921561, 0.144058, -0.360516), (0.946083, 0.143666, -0.290323), (0.965172, 0.143352, -0.218844), (0.978815, 0.143123, -0.146416),
            (0.987002, 0.142984, -0.0733633), (0.995445, 0.0953358, 0), (0.992704, 0.0953672, 0.0737871), (0.98448, 0.0954609, 0.147264),
            (0.970777, 0.0956151, 0.220115), (0.951601, 0.0958268, 0.292016), (0.926966, 0.0960919, 0.362631), (0.896897, 0.0964052, 0.431603),
            (0.861437, 0.0967601, 0.498562), (0.82065, 0.0971491, 0.563113), (0.774631, 0.0975637, 0.624842), (0.723514, 0.0979942, 0.683319),
            (0.667476, 0.0984306, 0.738097), (0.606748, 0.0988618, 0.788722), (0.54162, 0.0992768, 0.834741), (0.472442, 0.0996646, 0.875708),
            (0.399634, 0.100014, 0.911202), (0.323678, 0.100316, 0.940834), (0.245117, 0.10056, 0.964264), (0.16455, 0.100741, 0.981211),
            (0.08262, 0.100851, 0.991465), (6.45034e-17, 0.100888, 0.994898), (-0.08262, 0.100851, 0.991465), (-0.16455, 0.100741, 0.981211),
            (-0.245117, 0.10056, 0.964264), (-0.323678, 0.100316, 0.940834), (-0.399634, 0.100014, 0.911202), (-0.472442, 0.0996646, 0.875708),
            (-0.54162, 0.0992768, 0.834741), (-0.606748, 0.0988618, 0.788722), (-0.667476, 0.0984306, 0.738097), (-0.723514, 0.0979942, 0.683319),
            (-0.774631, 0.0975637, 0.624842), (-0.82065, 0.0971491, 0.563113), (-0.861437, 0.0967601, 0.498562), (-0.896897, 0.0964052, 0.431603),
            (-0.926966, 0.0960919, 0.362631), (-0.951601, 0.0958268, 0.292016), (-0.970777, 0.0956151, 0.220115), (-0.98448, 0.0954609, 0.147264),
            (-0.992704, 0.0953672, 0.0737871), (-0.995445, 0.0953358, 1.15134e-16), (-0.992704, 0.0953672, -0.0737871), (-0.98448, 0.0954609, -0.147264),
            (-0.970777, 0.0956151, -0.220115), (-0.951601, 0.0958268, -0.292016), (-0.926966, 0.0960919, -0.362631), (-0.896897, 0.0964052, -0.431603),
            (-0.861437, 0.0967601, -0.498562), (-0.82065, 0.0971491, -0.563113), (-0.774631, 0.0975637, -0.624842), (-0.723514, 0.0979942, -0.683319),
            (-0.667476, 0.0984306, -0.738097), (-0.606748, 0.0988618, -0.788722), (-0.54162, 0.0992768, -0.834741), (-0.472442, 0.0996646, -0.875708),
            (-0.399634, 0.100014, -0.911202), (-0.323678, 0.100316, -0.940834), (-0.245117, 0.10056, -0.964264), (-0.16455, 0.100741, -0.981211),
            (-0.08262, 0.100851, -0.991465), (-1.9351e-16, 0.100888, -0.994898), (0.08262, 0.100851, -0.991465), (0.16455, 0.100741, -0.981211),
            (0.245117, 0.10056, -0.964264), (0.323678, 0.100316, -0.940834), (0.399634, 0.100014, -0.911202), (0.472442, 0.0996646, -0.875708),
            (0.54162, 0.0992768, -0.834741), (0.606748, 0.0988618, -0.788722), (0.667476, 0.0984306, -0.738097), (0.723514, 0.0979942, -0.683319),
            (0.774631, 0.0975637, -0.624842), (0.82065, 0.0971491, -0.563113), (0.861437, 0.0967601, -0.498562), (0.896897, 0.0964052, -0.431603),
            (0.926966, 0.0960919, -0.362631), (0.951601, 0.0958268, -0.292016), (0.970777, 0.0956151, -0.220115), (0.98448, 0.0954609, -0.147264),
            (0.992704, 0.0953672, -0.0737871), (0.998863, 0.0476807, 0), (0.996114, 0.0476965, 0.0740405), (0.987869, 0.0477437, 0.147771),
            (0.974129, 0.0478213, 0.220875), (0.954901, 0.047928, 0.293029), (0.930199, 0.0480615, 0.363895), (0.900046, 0.0482193, 0.433119),
            (0.864484, 0.048398, 0.500325), (0.823576, 0.048594, 0.565121), (0.777417, 0.0488029, 0.627089), (0.726139, 0.0490198, 0.685798),
            (0.66992, 0.0492397, 0.740799), (0.608989, 0.049457, 0.791635), (0.543637, 0.0496662, 0.83785), (0.474216, 0.0498616, 0.878996),
            (0.401145, 0.0500378, 0.914647), (0.324909, 0.0501898, 0.944413), (0.246054, 0.0503131, 0.967949), (0.165181, 0.050404, 0.984974),
            (0.0829376, 0.0504597, 0.995276), (6.47516e-17, 0.0504785, 0.998725), (-0.0829376, 0.0504597, 0.995276), (-0.165181, 0.050404, 0.984974),
            (-0.246054, 0.0503131, 0.967949), (-0.324909, 0.0501898, 0.944413), (-0.401145, 0.0500378, 0.914647), (-0.474216, 0.0498616, 0.878996),
            (-0.543637, 0.0496662, 0.83785), (-0.608989, 0.049457, 0.791635), (-0.66992, 0.0492397, 0.740799), (-0.726139, 0.0490198, 0.685798),
            (-0.777417, 0.0488029, 0.627089), (-0.823576, 0.048594, 0.565121), (-0.864484, 0.048398, 0.500325), (-0.900046, 0.0482193, 0.433119),
            (-0.930199, 0.0480615, 0.363895), (-0.954901, 0.047928, 0.293029), (-0.974129, 0.0478213, 0.220875), (-0.987869, 0.0477437, 0.147771),
            (-0.996114, 0.0476965, 0.0740405), (-0.998863, 0.0476807, 1.1553e-16), (-0.996114, 0.0476965, -0.0740405), (-0.987869, 0.0477437, -0.147771),
            (-0.974129, 0.0478213, -0.220875), (-0.954901, 0.047928, -0.293029), (-0.930199, 0.0480615, -0.363895), (-0.900046, 0.0482193, -0.433119),
            (-0.864484, 0.048398, -0.500325), (-0.823576, 0.048594, -0.565121), (-0.777417, 0.0488029, -0.627089), (-0.726139, 0.0490198, -0.685798),
            (-0.66992, 0.0492397, -0.740799), (-0.608989, 0.049457, -0.791635), (-0.543637, 0.0496662, -0.83785), (-0.474216, 0.0498616, -0.878996),
            (-0.401145, 0.0500378, -0.914647), (-0.324909, 0.0501898, -0.944413), (-0.246054, 0.0503131, -0.967949), (-0.165181, 0.050404, -0.984974),
            (-0.0829376, 0.0504597, -0.995276), (-1.94255e-16, 0.0504785, -0.998725), (0.0829376, 0.0504597, -0.995276), (0.165181, 0.050404, -0.984974),
            (0.246054, 0.0503131, -0.967949), (0.324909, 0.0501898, -0.944413), (0.401145, 0.0500378, -0.914647), (0.474216, 0.0498616, -0.878996),
            (0.543637, 0.0496662, -0.83785), (0.608989, 0.049457, -0.791635), (0.66992, 0.0492397, -0.740799), (0.726139, 0.0490198, -0.685798),
            (0.777417, 0.0488029, -0.627089), (0.823576, 0.048594, -0.565121), (0.864484, 0.048398, -0.500325), (0.900046, 0.0482193, -0.433119),
            (0.930199, 0.0480615, -0.363895), (0.954901, 0.047928, -0.293029), (0.974129, 0.0478213, -0.220875), (0.987869, 0.0477437, -0.147771),
            (0.996114, 0.0476965, -0.0740405), (1, 5.20475e-17, 0), (0.997249, 5.20648e-17, 0.0741249), (0.988996, 5.21164e-17, 0.147939),
            (0.975245, 5.22014e-17, 0.221128), (0.956, 5.2318e-17, 0.293366), (0.931275, 5.24641e-17, 0.364316), (0.901094, 5.26368e-17, 0.433623),
            (0.865498, 5.28324e-17, 0.500912), (0.82455, 5.30468e-17, 0.565789), (0.778345, 5.32753e-17, 0.627837), (0.727013, 5.35127e-17, 0.686624),
            (0.670733, 5.37533e-17, 0.741699), (0.609735, 5.39911e-17, 0.792605), (0.544309, 5.42201e-17, 0.838885), (0.474807, 5.44339e-17, 0.88009),
            (0.401648, 5.46268e-17, 0.915794), (0.325319, 5.47932e-17, 0.945604), (0.246366, 5.49281e-17, 0.969177), (0.165392, 5.50276e-17, 0.986228),
            (0.0830434, 5.50886e-17, 0.996546), (6.48342e-17, 5.51091e-17, 1), (-0.0830434, 5.50886e-17, 0.996546), (-0.165392, 5.50276e-17, 0.986228),
            (-0.246366, 5.49281e-17, 0.969177), (-0.325319, 5.47932e-17, 0.945604), (-0.401648, 5.46268e-17, 0.915794), (-0.474807, 5.44339e-17, 0.88009),
            (-0.544309, 5.42201e-17, 0.838885), (-0.609735, 5.39911e-17, 0.792605), (-0.670733, 5.37533e-17, 0.741699), (-0.727013, 5.35127e-17, 0.686624),
            (-0.778345, 5.32753e-17, 0.627837), (-0.82455, 5.30468e-17, 0.565789), (-0.865498, 5.28324e-17, 0.500912), (-0.901094, 5.26368e-17, 0.433623),
            (-0.931275, 5.24641e-17, 0.364316), (-0.956, 5.2318e-17, 0.293366), (-0.975245, 5.22014e-17, 0.221128), (-0.988996, 5.21164e-17, 0.147939),
            (-0.997249, 5.20648e-17, 0.0741249), (-1, 5.20475e-17, 1.15661e-16), (-0.997249, 5.20648e-17, -0.0741249), (-0.988996, 5.21164e-17, -0.147939),
            (-0.975245, 5.22014e-17, -0.221128), (-0.956, 5.2318e-17, -0.293366), (-0.931275, 5.24641e-17, -0.364316), (-0.901094, 5.26368e-17, -0.433623),
            (-0.865498, 5.28324e-17, -0.500912), (-0.82455, 5.30468e-17, -0.565789), (-0.778345, 5.32753e-17, -0.627837), (-0.727013, 5.35127e-17, -0.686624),
            (-0.670733, 5.37533e-17, -0.741699), (-0.609735, 5.39911e-17, -0.792605), (-0.544309, 5.42201e-17, -0.838885), (-0.474807, 5.44339e-17, -0.88009),
            (-0.401648, 5.46268e-17, -0.915794), (-0.325319, 5.47932e-17, -0.945604), (-0.246366, 5.49281e-17, -0.969177), (-0.165392, 5.50276e-17, -0.986228),
            (-0.0830434, 5.50886e-17, -0.996546), (-1.94503e-16, 5.51091e-17, -1), (0.0830434, 5.50886e-17, -0.996546), (0.165392, 5.50276e-17, -0.986228),
            (0.246366, 5.49281e-17, -0.969177), (0.325319, 5.47932e-17, -0.945604), (0.401648, 5.46268e-17, -0.915794), (0.474807, 5.44339e-17, -0.88009),
            (0.544309, 5.42201e-17, -0.838885), (0.609735, 5.39911e-17, -0.792605), (0.670733, 5.37533e-17, -0.741699), (0.727013, 5.35127e-17, -0.686624),
            (0.778345, 5.32753e-17, -0.627837), (0.82455, 5.30468e-17, -0.565789), (0.865498, 5.28324e-17, -0.500912), (0.901094, 5.26368e-17, -0.433623),
            (0.931275, 5.24641e-17, -0.364316), (0.956, 5.2318e-17, -0.293366), (0.975245, 5.22014e-17, -0.221128), (0.988996, 5.21164e-17, -0.147939),
            (0.997249, 5.20648e-17, -0.0741249), (0.998863, -0.0476807, 0), (0.996114, -0.0476965, 0.0740405), (0.987869, -0.0477437, 0.147771),
            (0.974129, -0.0478213, 0.220875), (0.954901, -0.047928, 0.293029), (0.930199, -0.0480615, 0.363895), (0.900046, -0.0482193, 0.433119),
            (0.864484, -0.048398, 0.500325), (0.823576, -0.048594, 0.565121), (0.777417, -0.0488029, 0.627089), (0.726139, -0.0490198, 0.685798),
            (0.66992, -0.0492397, 0.740799), (0.608989, -0.049457, 0.791635), (0.543637, -0.0496662, 0.83785), (0.474216, -0.0498616, 0.878996),
            (0.401145, -0.0500378, 0.914647), (0.324909, -0.0501898, 0.944413), (0.246054, -0.0503131, 0.967949), (0.165181, -0.050404, 0.984974),
            (0.0829376, -0.0504597, 0.995276), (6.47516e-17, -0.0504785, 0.998725), (-0.0829376, -0.0504597, 0.995276), (-0.165181, -0.050404, 0.984974),
            (-0.246054, -0.0503131, 0.967949), (-0.324909, -0.0501898, 0.944413), (-0.401145, -0.0500378, 0.914647), (-0.474216, -0.0498616, 0.878996),
            (-0.543637, -0.0496662, 0.83785), (-0.608989, -0.049457, 0.791635), (-0.66992, -0.0492397, 0.740799), (-0.726139, -0.0490198, 0.685798),
            (-0.777417, -0.0488029, 0.627089), (-0.823576, -0.048594, 0.565121), (-0.864484, -0.048398, 0.500325), (-0.900046, -0.0482193, 0.433119),
            (-0.930199, -0.0480615, 0.363895), (-0.954901, -0.047928, 0.293029), (-0.974129, -0.0478213, 0.220875), (-0.987869, -0.0477437, 0.147771),
            (-0.996114, -0.0476965, 0.0740405), (-0.998863, -0.0476807, 1.1553e-16), (-0.996114, -0.0476965, -0.0740405), (-0.987869, -0.0477437, -0.147771),
            (-0.974129, -0.0478213, -0.220875), (-0.954901, -0.047928, -0.293029), (-0.930199, -0.0480615, -0.363895), (-0.900046, -0.0482193, -0.433119),
            (-0.864484, -0.048398, -0.500325), (-0.823576, -0.048594, -0.565121), (-0.777417, -0.0488029, -0.627089), (-0.726139, -0.0490198, -0.685798),
            (-0.66992, -0.0492397, -0.740799), (-0.608989, -0.049457, -0.791635), (-0.543637, -0.0496662, -0.83785), (-0.474216, -0.0498616, -0.878996),
            (-0.401145, -0.0500378, -0.914647), (-0.324909, -0.0501898, -0.944413), (-0.246054, -0.0503131, -0.967949), (-0.165181, -0.050404, -0.984974),
            (-0.0829376, -0.0504597, -0.995276), (-1.94255e-16, -0.0504785, -0.998725), (0.0829376, -0.0504597, -0.995276), (0.165181, -0.050404, -0.984974),
            (0.246054, -0.0503131, -0.967949), (0.324909, -0.0501898, -0.944413), (0.401145, -0.0500378, -0.914647), (0.474216, -0.0498616, -0.878996),
            (0.543637, -0.0496662, -0.83785), (0.608989, -0.049457, -0.791635), (0.66992, -0.0492397, -0.740799), (0.726139, -0.0490198, -0.685798),
            (0.777417, -0.0488029, -0.627089), (0.823576, -0.048594, -0.565121), (0.864484, -0.048398, -0.500325), (0.900046, -0.0482193, -0.433119),
            (0.930199, -0.0480615, -0.363895), (0.954901, -0.047928, -0.293029), (0.974129, -0.0478213, -0.220875), (0.987869, -0.0477437, -0.147771),
            (0.996114, -0.0476965, -0.0740405), (0.995445, -0.0953358, 0), (0.992704, -0.0953672, 0.0737871), (0.98448, -0.0954609, 0.147264),
            (0.970777, -0.0956151, 0.220115), (0.951601, -0.0958268, 0.292016), (0.926966, -0.0960919, 0.362631), (0.896897, -0.0964052, 0.431603),
            (0.861437, -0.0967601, 0.498562), (0.82065, -0.0971491, 0.563113), (0.774631, -0.0975637, 0.624842), (0.723514, -0.0979942, 0.683319),
            (0.667476, -0.0984306, 0.738097), (0.606748, -0.0988618, 0.788722), (0.54162, -0.0992768, 0.834741), (0.472442, -0.0996646, 0.875708),
            (0.399634, -0.100014, 0.911202), (0.323678, -0.100316, 0.940834), (0.245117, -0.10056, 0.964264), (0.16455, -0.100741, 0.981211),
            (0.08262, -0.100851, 0.991465), (6.45034e-17, -0.100888, 0.994898), (-0.08262, -0.100851, 0.991465), (-0.16455, -0.100741, 0.981211),
            (-0.245117, -0.10056, 0.964264), (-0.323678, -0.100316, 0.940834), (-0.399634, -0.100014, 0.911202), (-0.472442, -0.0996646, 0.875708),
            (-0.54162, -0.0992768, 0.834741), (-0.606748, -0.0988618, 0.788722), (-0.667476, -0.0984306, 0.738097), (-0.723514, -0.0979942, 0.683319),
            (-0.774631, -0.0975637, 0.624842), (-0.82065, -0.0971491, 0.563113), (-0.861437, -0.0967601, 0.498562), (-0.896897, -0.0964052, 0.431603),
            (-0.926966, -0.0960919, 0.362631), (-0.951601, -0.0958268, 0.292016), (-0.970777, -0.0956151, 0.220115), (-0.98448, -0.0954609, 0.147264),
            (-0.992704, -0.0953672, 0.0737871), (-0.995445, -0.0953358, 1.15134e-16), (-0.992704, -0.0953672, -0.0737871), (-0.98448, -0.0954609, -0.147264),
            (-0.970777, -0.0956151, -0.220115), (-0.951601, -0.0958268, -0.292016), (-0.926966, -0.0960919, -0.362631), (-0.896897, -0.0964052, -0.431603),
            (-0.861437, -0.0967601, -0.498562), (-0.82065, -0.0971491, -0.563113), (-0.774631, -0.0975637, -0.624842), (-0.723514, -0.0979942, -0.683319),
            (-0.667476, -0.0984306, -0.738097), (-0.606748, -0.0988618, -0.788722), (-0.54162, -0.0992768, -0.834741), (-0.472442, -0.0996646, -0.875708),
            (-0.399634, -0.100014, -0.911202), (-0.323678, -0.100316, -0.940834), (-0.245117, -0.10056, -0.964264), (-0.16455, -0.100741, -0.981211),
            (-0.08262, -0.100851, -0.991465), (-1.9351e-16, -0.100888, -0.994898), (0.08262, -0.100851, -0.991465), (0.16455, -0.100741, -0.981211),
            (0.245117, -0.10056, -0.964264), (0.323678, -0.100316, -0.940834), (0.399634, -0.100014, -0.911202), (0.472442, -0.0996646, -0.875708),
            (0.54162, -0.0992768, -0.834741), (0.606748, -0.0988618, -0.788722), (0.667476, -0.0984306, -0.738097), (0.723514, -0.0979942, -0.683319),
            (0.774631, -0.0975637, -0.624842), (0.82065, -0.0971491, -0.563113), (0.861437, -0.0967601, -0.498562), (0.896897, -0.0964052, -0.431603),
            (0.926966, -0.0960919, -0.362631), (0.951601, -0.0958268, -0.292016), (0.970777, -0.0956151, -0.220115), (0.98448, -0.0954609, -0.147264),
            (0.992704, -0.0953672, -0.0737871), (0.989732, -0.142938, 0), (0.987002, -0.142984, 0.0733633), (0.978815, -0.143123, 0.146416),
            (0.965172, -0.143352, 0.218844), (0.946083, -0.143666, 0.290323), (0.921561, -0.144058, 0.360516), (0.891634, -0.144523, 0.429071),
            (0.856345, -0.145048, 0.495615), (0.81576, -0.145625, 0.559758), (0.769977, -0.146239, 0.621088), (0.719129, -0.146876, 0.679177),
            (0.663395, -0.147522, 0.733583), (0.603006, -0.148161, 0.783857), (0.538251, -0.148775, 0.829549), (0.469481, -0.149349, 0.87022),
            (0.397112, -0.149866, 0.905451), (0.321623, -0.150312, 0.934861), (0.243553, -0.150674, 0.958112), (0.163497, -0.150941, 0.974929),
            (0.0820899, -0.151104, 0.985103), (6.40893e-17, -0.151159, 0.988509), (-0.0820899, -0.151104, 0.985103), (-0.163497, -0.150941, 0.974929),
            (-0.243553, -0.150674, 0.958112), (-0.321623, -0.150312, 0.934861), (-0.397112, -0.149866, 0.905451), (-0.469481, -0.149349, 0.87022),
            (-0.538251, -0.148775, 0.829549), (-0.603006, -0.148161, 0.783857), (-0.663395, -0.147522, 0.733583), (-0.719129, -0.146876, 0.679177),
            (-0.769977, -0.146239, 0.621088), (-0.81576, -0.145625, 0.559758), (-0.856345, -0.145048, 0.495615), (-0.891634, -0.144523, 0.429071),
            (-0.921561, -0.144058, 0.360516), (-0.946083, -0.143666, 0.290323), (-0.965172, -0.143352, 0.218844), (-0.978815, -0.143123, 0.146416),
            (-0.987002, -0.142984, 0.0733633), (-0.989732, -0.142938, 1.14473e-16), (-0.987002, -0.142984, -0.0733633), (-0.978815, -0.143123, -0.146416),
            (-0.965172, -0.143352, -0.218844), (-0.946083, -0.143666, -0.290323), (-0.921561, -0.144058, -0.360516), (-0.891634, -0.144523, -0.429071),
            (-0.856345, -0.145048, -0.495615), (-0.81576, -0.145625, -0.559758), (-0.769977, -0.146239, -0.621088), (-0.719129, -0.146876, -0.679177),
            (-0.663395, -0.147522, -0.733583), (-0.603006, -0.148161, -0.783857), (-0.538251, -0.148775, -0.829549), (-0.469481, -0.149349, -0.87022),
            (-0.397112, -0.149866, -0.905451), (-0.321623, -0.150312, -0.934861), (-0.243553, -0.150674, -0.958112), (-0.163497, -0.150941, -0.974929),
            (-0.0820899, -0.151104, -0.985103), (-1.92268e-16, -0.151159, -0.988509), (0.0820899, -0.151104, -0.985103), (0.163497, -0.150941, -0.974929),
            (0.243553, -0.150674, -0.958112), (0.321623, -0.150312, -0.934861), (0.397112, -0.149866, -0.905451), (0.469481, -0.149349, -0.87022),
            (0.538251, -0.148775, -0.829549), (0.603006, -0.148161, -0.783857), (0.663395, -0.147522, -0.733583), (0.719129, -0.146876, -0.679177),
            (0.769977, -0.146239, -0.621088), (0.81576, -0.145625, -0.559758), (0.856345, -0.145048, -0.495615), (0.891634, -0.144523, -0.429071),
            (0.921561, -0.144058, -0.360516), (0.946083, -0.143666, -0.290323), (0.965172, -0.143352, -0.218844), (0.978815, -0.143123, -0.146416),
            (0.987002, -0.142984, -0.0733633), (0.981696, -0.190456, 0), (0.978983, -0.190517, 0.0727672), (0.970847, -0.190699, 0.145224),
            (0.957291, -0.190998, 0.217057), (0.938324, -0.19141, 0.287942), (0.913963, -0.191924, 0.357544), (0.884235, -0.192533, 0.42551),
            (0.849188, -0.193221, 0.491473), (0.808889, -0.193976, 0.555043), (0.763437, -0.19478, 0.615812), (0.712968, -0.195615, 0.673358),
            (0.657662, -0.196461, 0.727244), (0.59775, -0.197296, 0.777026), (0.533522, -0.1981, 0.82226), (0.465325, -0.19885, 0.862515),
            (0.393572, -0.199527, 0.89738), (0.318739, -0.20011, 0.926478), (0.241359, -0.200583, 0.94948), (0.162018, -0.200932, 0.966114),
            (0.0813461, -0.201146, 0.976178), (6.35082e-17, -0.201218, 0.979547), (-0.0813461, -0.201146, 0.976178), (-0.162018, -0.200932, 0.966114),
            (-0.241359, -0.200583, 0.94948), (-0.318739, -0.20011, 0.926478), (-0.393572, -0.199527, 0.89738), (-0.465325, -0.19885, 0.862515),
            (-0.533522, -0.1981, 0.82226), (-0.59775, -0.197296, 0.777026), (-0.657662, -0.196461, 0.727244), (-0.712968, -0.195615, 0.673358),
            (-0.763437, -0.19478, 0.615812), (-0.808889, -0.193976, 0.555043), (-0.849188, -0.193221, 0.491473), (-0.884235, -0.192533, 0.42551),
            (-0.913963, -0.191924, 0.357544), (-0.938324, -0.19141, 0.287942), (-0.957291, -0.190998, 0.217057), (-0.970847, -0.190699, 0.145224),
            (-0.978983, -0.190517, 0.0727672), (-0.981696, -0.190456, 1.13544e-16), (-0.978983, -0.190517, -0.0727672), (-0.970847, -0.190699, -0.145224),
            (-0.957291, -0.190998, -0.217057), (-0.938324, -0.19141, -0.287942), (-0.913963, -0.191924, -0.357544), (-0.884235, -0.192533, -0.42551),
            (-0.849188, -0.193221, -0.491473), (-0.808889, -0.193976, -0.555043), (-0.763437, -0.19478, -0.615812), (-0.712968, -0.195615, -0.673358),
            (-0.657662, -0.196461, -0.727244), (-0.59775, -0.197296, -0.777026), (-0.533522, -0.1981, -0.82226), (-0.465325, -0.19885, -0.862515),
            (-0.393572, -0.199527, -0.89738), (-0.318739, -0.20011, -0.926478), (-0.241359, -0.200583, -0.94948), (-0.162018, -0.200932, -0.966114),
            (-0.0813461, -0.201146, -0.976178), (-1.90524e-16, -0.201218, -0.979547), (0.0813461, -0.201146, -0.976178), (0.162018, -0.200932, -0.966114),
            (0.241359, -0.200583, -0.94948), (0.318739, -0.20011, -0.926478), (0.393572, -0.199527, -0.89738), (0.465325, -0.19885, -0.862515),
            (0.533522, -0.1981, -0.82226), (0.59775, -0.197296, -0.777026), (0.657662, -0.196461, -0.727244), (0.712968, -0.195615, -0.673358),
            (0.763437, -0.19478, -0.615812), (0.808889, -0.193976, -0.555043), (0.849188, -0.193221, -0.491473), (0.884235, -0.192533, -0.42551),
            (0.913963, -0.191924, -0.357544), (0.938324, -0.19141, -0.287942), (0.957291, -0.190998, -0.217057), (0.970847, -0.190699, -0.145224),
            (0.978983, -0.190517, -0.0727672), (0.971301, -0.237853, 0), (0.968611, -0.237928, 0.0719963), (0.960541, -0.23815, 0.143683),
            (0.947098, -0.238516, 0.214746), (0.92829, -0.239019, 0.284863), (0.904138, -0.239648, 0.3537), (0.874671, -0.240391, 0.420908),
            (0.839938, -0.241233, 0.486119), (0.80001, -0.242154, 0.54895), (0.754988, -0.243136, 0.608997), (0.705011, -0.244155, 0.665844),
            (0.65026, -0.245187, 0.719059), (0.590966, -0.246206, 0.768207), (0.527418, -0.247186, 0.812853), (0.459961, -0.248101, 0.852573),
            (0.389005, -0.248926, 0.886967), (0.315019, -0.249637, 0.915666), (0.238529, -0.250213, 0.938348), (0.160112, -0.250638, 0.954748),
            (0.0803871, -0.250898, 0.96467), (6.27589e-17, -0.250986, 0.967991), (-0.0803871, -0.250898, 0.96467), (-0.160112, -0.250638, 0.954748),
            (-0.238529, -0.250213, 0.938348), (-0.315019, -0.249637, 0.915666), (-0.389005, -0.248926, 0.886967), (-0.459961, -0.248101, 0.852573),
            (-0.527418, -0.247186, 0.812853), (-0.590966, -0.246206, 0.768207), (-0.65026, -0.245187, 0.719059), (-0.705011, -0.244155, 0.665844),
            (-0.754988, -0.243136, 0.608997), (-0.80001, -0.242154, 0.54895), (-0.839938, -0.241233, 0.486119), (-0.874671, -0.240391, 0.420908),
            (-0.904138, -0.239648, 0.3537), (-0.92829, -0.239019, 0.284863), (-0.947098, -0.238516, 0.214746), (-0.960541, -0.23815, 0.143683),
            (-0.968611, -0.237928, 0.0719963), (-0.971301, -0.237853, 1.12342e-16), (-0.968611, -0.237928, -0.0719963), (-0.960541, -0.23815, -0.143683),
            (-0.947098, -0.238516, -0.214746), (-0.92829, -0.239019, -0.284863), (-0.904138, -0.239648, -0.3537), (-0.874671, -0.240391, -0.420908),
            (-0.839938, -0.241233, -0.486119), (-0.80001, -0.242154, -0.54895), (-0.754988, -0.243136, -0.608997), (-0.705011, -0.244155, -0.665844),
            (-0.65026, -0.245187, -0.719059), (-0.590966, -0.246206, -0.768207), (-0.527418, -0.247186, -0.812853), (-0.459961, -0.248101, -0.852573),
            (-0.389005, -0.248926, -0.886967), (-0.315019, -0.249637, -0.915666), (-0.238529, -0.250213, -0.938348), (-0.160112, -0.250638, -0.954748),
            (-0.0803871, -0.250898, -0.96467), (-1.88277e-16, -0.250986, -0.967991), (0.0803871, -0.250898, -0.96467), (0.160112, -0.250638, -0.954748),
            (0.238529, -0.250213, -0.938348), (0.315019, -0.249637, -0.915666), (0.389005, -0.248926, -0.886967), (0.459961, -0.248101, -0.852573),
            (0.527418, -0.247186, -0.812853), (0.590966, -0.246206, -0.768207), (0.65026, -0.245187, -0.719059), (0.705011, -0.244155, -0.665844),
            (0.754988, -0.243136, -0.608997), (0.80001, -0.242154, -0.54895), (0.839938, -0.241233, -0.486119), (0.874671, -0.240391, -0.420908),
            (0.904138, -0.239648, -0.3537), (0.92829, -0.239019, -0.284863), (0.947098, -0.238516, -0.214746), (0.960541, -0.23815, -0.143683),
            (0.968611, -0.237928, -0.0719963), (0.958502, -0.285085, 0), (0.955839, -0.285172, 0.071047), (0.947853, -0.285432, 0.141785),
            (0.934549, -0.285859, 0.211901), (0.91594, -0.286446, 0.281073), (0.892047, -0.28718, 0.34897), (0.862903, -0.288046, 0.415245),
            (0.828559, -0.289028, 0.479534), (0.789091, -0.290102, 0.541458), (0.744602, -0.291246, 0.600619), (0.695232, -0.292433, 0.656608),
            (0.641166, -0.293635, 0.709003), (0.582634, -0.294821, 0.757376), (0.519924, -0.295962, 0.801303), (0.453378, -0.297027, 0.840371),
            (0.383401, -0.297986, 0.87419), (0.310456, -0.298812, 0.902401), (0.235058, -0.299483, 0.924693), (0.157775, -0.299976, 0.940809),
            (0.0792111, -0.300278, 0.950557), (6.18402e-17, -0.30038, 0.95382), (-0.0792111, -0.300278, 0.950557), (-0.157775, -0.299976, 0.940809),
            (-0.235058, -0.299483, 0.924693), (-0.310456, -0.298812, 0.902401), (-0.383401, -0.297986, 0.87419), (-0.453378, -0.297027, 0.840371),
            (-0.519924, -0.295962, 0.801303), (-0.582634, -0.294821, 0.757376), (-0.641166, -0.293635, 0.709003), (-0.695232, -0.292433, 0.656608),
            (-0.744602, -0.291246, 0.600619), (-0.789091, -0.290102, 0.541458), (-0.828559, -0.289028, 0.479534), (-0.862903, -0.288046, 0.415245),
            (-0.892047, -0.28718, 0.34897), (-0.91594, -0.286446, 0.281073), (-0.934549, -0.285859, 0.211901), (-0.947853, -0.285432, 0.141785),
            (-0.955839, -0.285172, 0.071047), (-0.958502, -0.285085, 1.10861e-16), (-0.955839, -0.285172, -0.071047), (-0.947853, -0.285432, -0.141785),
            (-0.934549, -0.285859, -0.211901), (-0.91594, -0.286446, -0.281073), (-0.892047, -0.28718, -0.34897), (-0.862903, -0.288046, -0.415245),
            (-0.828559, -0.289028, -0.479534), (-0.789091, -0.290102, -0.541458), (-0.744602, -0.291246, -0.600619), (-0.695232, -0.292433, -0.656608),
            (-0.641166, -0.293635, -0.709003), (-0.582634, -0.294821, -0.757376), (-0.519924, -0.295962, -0.801303), (-0.453378, -0.297027, -0.840371),
            (-0.383401, -0.297986, -0.87419), (-0.310456, -0.298812, -0.902401), (-0.235058, -0.299483, -0.924693), (-0.157775, -0.299976, -0.940809),
            (-0.0792111, -0.300278, -0.950557), (-1.8552e-16, -0.30038, -0.95382), (0.0792111, -0.300278, -0.950557), (0.157775, -0.299976, -0.940809),
            (0.235058, -0.299483, -0.924693), (0.310456, -0.298812, -0.902401), (0.383401, -0.297986, -0.87419), (0.453378, -0.297027, -0.840371),
            (0.519924, -0.295962, -0.801303), (0.582634, -0.294821, -0.757376), (0.641166, -0.293635, -0.709003), (0.695232, -0.292433, -0.656608),
            (0.744602, -0.291246, -0.600619), (0.789091, -0.290102, -0.541458), (0.828559, -0.289028, -0.479534), (0.862903, -0.288046, -0.415245),
            (0.892047, -0.28718, -0.34897), (0.91594, -0.286446, -0.281073), (0.934549, -0.285859, -0.211901), (0.947853, -0.285432, -0.141785),
            (0.955839, -0.285172, -0.071047), (0.943245, -0.332099, 0), (0.940615, -0.332197, 0.0699153), (0.932729, -0.33249, 0.139523),
            (0.919594, -0.332972, 0.20851), (0.901224, -0.333634, 0.276557), (0.877643, -0.334461, 0.343335), (0.848887, -0.335438, 0.4085),
            (0.815012, -0.336544, 0.471693), (0.776095, -0.337754, 0.53254), (0.732244, -0.339042, 0.590651), (0.683602, -0.340378, 0.645624),
            (0.630354, -0.34173, 0.697047), (0.572732, -0.343065, 0.744503), (0.51102, -0.344347, 0.787581), (0.44556, -0.345543, 0.825879),
            (0.376748, -0.346621, 0.85902), (0.305039, -0.347549, 0.886657), (0.230939, -0.348301, 0.90849), (0.155001, -0.348856, 0.92427),
            (0.0778158, -0.349195, 0.933814), (6.07502e-17, -0.349309, 0.937008), (-0.0778158, -0.349195, 0.933814), (-0.155001, -0.348856, 0.92427),
            (-0.230939, -0.348301, 0.90849), (-0.305039, -0.347549, 0.886657), (-0.376748, -0.346621, 0.85902), (-0.44556, -0.345543, 0.825879),
            (-0.51102, -0.344347, 0.787581), (-0.572732, -0.343065, 0.744503), (-0.630354, -0.34173, 0.697047), (-0.683602, -0.340378, 0.645624),
            (-0.732244, -0.339042, 0.590651), (-0.776095, -0.337754, 0.53254), (-0.815012, -0.336544, 0.471693), (-0.848887, -0.335438, 0.4085),
            (-0.877643, -0.334461, 0.343335), (-0.901224, -0.333634, 0.276557), (-0.919594, -0.332972, 0.20851), (-0.932729, -0.33249, 0.139523),
            (-0.940615, -0.332197, 0.0699153), (-0.943245, -0.332099, 1.09097e-16), (-0.940615, -0.332197, -0.0699153), (-0.932729, -0.33249, -0.139523),
            (-0.919594, -0.332972, -0.20851), (-0.901224, -0.333634, -0.276557), (-0.877643, -0.334461, -0.343335), (-0.848887, -0.335438, -0.4085),
            (-0.815012, -0.336544, -0.471693), (-0.776095, -0.337754, -0.53254), (-0.732244, -0.339042, -0.590651), (-0.683602, -0.340378, -0.645624),
            (-0.630354, -0.34173, -0.697047), (-0.572732, -0.343065, -0.744503), (-0.51102, -0.344347, -0.787581), (-0.44556, -0.345543, -0.825879),
            (-0.376748, -0.346621, -0.85902), (-0.305039, -0.347549, -0.886657), (-0.230939, -0.348301, -0.90849), (-0.155001, -0.348856, -0.92427),
            (-0.0778158, -0.349195, -0.933814), (-1.82251e-16, -0.349309, -0.937008), (0.0778158, -0.349195, -0.933814), (0.155001, -0.348856, -0.92427),
            (0.230939, -0.348301, -0.90849), (0.305039, -0.347549, -0.886657), (0.376748, -0.346621, -0.85902), (0.44556, -0.345543, -0.825879),
            (0.51102, -0.344347, -0.787581), (0.572732, -0.343065, -0.744503), (0.630354, -0.34173, -0.697047), (0.683602, -0.340378, -0.645624),
            (0.732244, -0.339042, -0.590651), (0.776095, -0.337754, -0.53254), (0.815012, -0.336544, -0.471693), (0.848887, -0.335438, -0.4085),
            (0.877643, -0.334461, -0.343335), (0.901224, -0.333634, -0.276557), (0.919594, -0.332972, -0.20851), (0.932729, -0.33249, -0.139523),
            (0.940615, -0.332197, -0.0699153), (0.925467, -0.378829, 0), (0.922877, -0.378937, 0.0685969), (0.915109, -0.379259, 0.136887),
            (0.902173, -0.379788, 0.20456), (0.884085, -0.380514, 0.271298), (0.860872, -0.381422, 0.336775), (0.832573, -0.382494, 0.40065),
            (0.799249, -0.383706, 0.46257), (0.76098, -0.385033, 0.522168), (0.717877, -0.386444, 0.579062), (0.670087, -0.387908, 0.63286),
            (0.617795, -0.389388, 0.683159), (0.561234, -0.390848, 0.729557), (0.500687, -0.392251, 0.771655), (0.436489, -0.393559, 0.809067),
            (0.369032, -0.394736, 0.841427), (0.298759, -0.39575, 0.868403), (0.226165, -0.396572, 0.889708), (0.151787, -0.397177, 0.905103),
            (0.0761991, -0.397547, 0.914412), (5.94872e-17, -0.397672, 0.917528), (-0.0761991, -0.397547, 0.914412), (-0.151787, -0.397177, 0.905103),
            (-0.226165, -0.396572, 0.889708), (-0.298759, -0.39575, 0.868403), (-0.369032, -0.394736, 0.841427), (-0.436489, -0.393559, 0.809067),
            (-0.500687, -0.392251, 0.771655), (-0.561234, -0.390848, 0.729557), (-0.617795, -0.389388, 0.683159), (-0.670087, -0.387908, 0.63286),
            (-0.717877, -0.386444, 0.579062), (-0.76098, -0.385033, 0.522168), (-0.799249, -0.383706, 0.46257), (-0.832573, -0.382494, 0.40065),
            (-0.860872, -0.381422, 0.336775), (-0.884085, -0.380514, 0.271298), (-0.902173, -0.379788, 0.20456), (-0.915109, -0.379259, 0.136887),
            (-0.922877, -0.378937, 0.0685969), (-0.925467, -0.378829, 1.0704e-16), (-0.922877, -0.378937, -0.0685969), (-0.915109, -0.379259, -0.136887),
            (-0.902173, -0.379788, -0.20456), (-0.884085, -0.380514, -0.271298), (-0.860872, -0.381422, -0.336775), (-0.832573, -0.382494, -0.40065),
            (-0.799249, -0.383706, -0.46257), (-0.76098, -0.385033, -0.522168), (-0.717877, -0.386444, -0.579062), (-0.670087, -0.387908, -0.63286),
            (-0.617795, -0.389388, -0.683159), (-0.561234, -0.390848, -0.729557), (-0.500687, -0.392251, -0.771655), (-0.436489, -0.393559, -0.809067),
            (-0.369032, -0.394736, -0.841427), (-0.298759, -0.39575, -0.868403), (-0.226165, -0.396572, -0.889708), (-0.151787, -0.397177, -0.905103),
            (-0.0761991, -0.397547, -0.914412), (-1.78462e-16, -0.397672, -0.917528), (0.0761991, -0.397547, -0.914412), (0.151787, -0.397177, -0.905103),
            (0.226165, -0.396572, -0.889708), (0.298759, -0.39575, -0.868403), (0.369032, -0.394736, -0.841427), (0.436489, -0.393559, -0.809067),
            (0.500687, -0.392251, -0.771655), (0.561234, -0.390848, -0.729557), (0.617795, -0.389388, -0.683159), (0.670087, -0.387908, -0.63286),
            (0.717877, -0.386444, -0.579062), (0.76098, -0.385033, -0.522168), (0.799249, -0.383706, -0.46257), (0.832573, -0.382494, -0.40065),
            (0.860872, -0.381422, -0.336775), (0.884085, -0.380514, -0.271298), (0.902173, -0.379788, -0.20456), (0.915109, -0.379259, -0.136887),
            (0.922877, -0.378937, -0.0685969), (0.905101, -0.425197, 0), (0.902557, -0.425313, 0.0670865), (0.894927, -0.425658, 0.133868),
            (0.882223, -0.426226, 0.200036), (0.864462, -0.427005, 0.265276), (0.841676, -0.427979, 0.329265), (0.813908, -0.429128, 0.391667),
            (0.78122, -0.430428, 0.452136), (0.743699, -0.43185, 0.510311), (0.70146, -0.433361, 0.56582), (0.65465, -0.434928, 0.618281),
            (0.603458, -0.436511, 0.667305), (0.548115, -0.438073, 0.712504), (0.488902, -0.439572, 0.753493), (0.426149, -0.440969, 0.789901),
            (0.36024, -0.442227, 0.821379), (0.291606, -0.443309, 0.84761), (0.220728, -0.444186, 0.868319), (0.148127, -0.444831, 0.88328),
            (0.0743586, -0.445226, 0.892325), (5.80495e-17, -0.445359, 0.895352), (-0.0743586, -0.445226, 0.892325), (-0.148127, -0.444831, 0.88328),
            (-0.220728, -0.444186, 0.868319), (-0.291606, -0.443309, 0.84761), (-0.36024, -0.442227, 0.821379), (-0.426149, -0.440969, 0.789901),
            (-0.488902, -0.439572, 0.753493), (-0.548115, -0.438073, 0.712504), (-0.603458, -0.436511, 0.667305), (-0.65465, -0.434928, 0.618281),
            (-0.70146, -0.433361, 0.56582), (-0.743699, -0.43185, 0.510311), (-0.78122, -0.430428, 0.452136), (-0.813908, -0.429128, 0.391667),
            (-0.841676, -0.427979, 0.329265), (-0.864462, -0.427005, 0.265276), (-0.882223, -0.426226, 0.200036), (-0.894927, -0.425658, 0.133868),
            (-0.902557, -0.425313, 0.0670865), (-0.905101, -0.425197, 1.04685e-16), (-0.902557, -0.425313, -0.0670865), (-0.894927, -0.425658, -0.133868),
            (-0.882223, -0.426226, -0.200036), (-0.864462, -0.427005, -0.265276), (-0.841676, -0.427979, -0.329265), (-0.813908, -0.429128, -0.391667),
            (-0.78122, -0.430428, -0.452136), (-0.743699, -0.43185, -0.510311), (-0.70146, -0.433361, -0.56582), (-0.65465, -0.434928, -0.618281),
            (-0.603458, -0.436511, -0.667305), (-0.548115, -0.438073, -0.712504), (-0.488902, -0.439572, -0.753493), (-0.426149, -0.440969, -0.789901),
            (-0.36024, -0.442227, -0.821379), (-0.291606, -0.443309, -0.84761), (-0.220728, -0.444186, -0.868319), (-0.148127, -0.444831, -0.88328),
            (-0.0743586, -0.445226, -0.892325), (-1.74148e-16, -0.445359, -0.895352), (0.0743586, -0.445226, -0.892325), (0.148127, -0.444831, -0.88328),
            (0.220728, -0.444186, -0.868319), (0.291606, -0.443309, -0.84761), (0.36024, -0.442227, -0.821379), (0.426149, -0.440969, -0.789901),
            (0.488902, -0.439572, -0.753493), (0.548115, -0.438073, -0.712504), (0.603458, -0.436511, -0.667305), (0.65465, -0.434928, -0.618281),
            (0.70146, -0.433361, -0.56582), (0.743699, -0.43185, -0.510311), (0.78122, -0.430428, -0.452136), (0.813908, -0.429128, -0.391667),
            (0.841676, -0.427979, -0.329265), (0.864462, -0.427005, -0.265276), (0.882223, -0.426226, -0.200036), (0.894927, -0.425658, -0.133868),
            (0.902557, -0.425313, -0.0670865), (0.882076, -0.471108, 0), (0.879584, -0.47123, 0.0653789), (0.872113, -0.471593, 0.130455),
            (0.859675, -0.472191, 0.194924), (0.842291, -0.47301, 0.258473), (0.819994, -0.474034, 0.320783), (0.792832, -0.475242, 0.381526),
            (0.760873, -0.476608, 0.44036), (0.724206, -0.478101, 0.496935), (0.68295, -0.479687, 0.550889), (0.637256, -0.48133, 0.601852),
            (0.587311, -0.482991, 0.64945), (0.533349, -0.484627, 0.693308), (0.475644, -0.486196, 0.733059), (0.414522, -0.487659, 0.768349),
            (0.350357, -0.488974, 0.798846), (0.283568, -0.490106, 0.824248), (0.214621, -0.491022, 0.844296), (0.144017, -0.491697, 0.858774),
            (0.072292, -0.49211, 0.867526), (5.64353e-17, -0.492249, 0.870455), (-0.072292, -0.49211, 0.867526), (-0.144017, -0.491697, 0.858774),
            (-0.214621, -0.491022, 0.844296), (-0.283568, -0.490106, 0.824248), (-0.350357, -0.488974, 0.798846), (-0.414522, -0.487659, 0.768349),
            (-0.475644, -0.486196, 0.733059), (-0.533349, -0.484627, 0.693308), (-0.587311, -0.482991, 0.64945), (-0.637256, -0.48133, 0.601852),
            (-0.68295, -0.479687, 0.550889), (-0.724206, -0.478101, 0.496935), (-0.760873, -0.476608, 0.44036), (-0.792832, -0.475242, 0.381526),
            (-0.819994, -0.474034, 0.320783), (-0.842291, -0.47301, 0.258473), (-0.859675, -0.472191, 0.194924), (-0.872113, -0.471593, 0.130455),
            (-0.879584, -0.47123, 0.0653789), (-0.882076, -0.471108, 1.02022e-16), (-0.879584, -0.47123, -0.0653789), (-0.872113, -0.471593, -0.130455),
            (-0.859675, -0.472191, -0.194924), (-0.842291, -0.47301, -0.258473), (-0.819994, -0.474034, -0.320783), (-0.792832, -0.475242, -0.381526),
            (-0.760873, -0.476608, -0.44036), (-0.724206, -0.478101, -0.496935), (-0.68295, -0.479687, -0.550889), (-0.637256, -0.48133, -0.601852),
            (-0.587311, -0.482991, -0.64945), (-0.533349, -0.484627, -0.693308), (-0.475644, -0.486196, -0.733059), (-0.414522, -0.487659, -0.768349),
            (-0.350357, -0.488974, -0.798846), (-0.283568, -0.490106, -0.824248), (-0.214621, -0.491022, -0.844296), (-0.144017, -0.491697, -0.858774),
            (-0.072292, -0.49211, -0.867526), (-1.69306e-16, -0.492249, -0.870455), (0.072292, -0.49211, -0.867526), (0.144017, -0.491697, -0.858774),
            (0.214621, -0.491022, -0.844296), (0.283568, -0.490106, -0.824248), (0.350357, -0.488974, -0.798846), (0.414522, -0.487659, -0.768349),
            (0.475644, -0.486196, -0.733059), (0.533349, -0.484627, -0.693308), (0.587311, -0.482991, -0.64945), (0.637256, -0.48133, -0.601852),
            (0.68295, -0.479687, -0.550889), (0.724206, -0.478101, -0.496935), (0.760873, -0.476608, -0.44036), (0.792832, -0.475242, -0.381526),
            (0.819994, -0.474034, -0.320783), (0.842291, -0.47301, -0.258473), (0.859675, -0.472191, -0.194924), (0.872113, -0.471593, -0.130455),
            (0.879584, -0.47123, -0.0653789), (0.856317, -0.516451, 0), (0.853885, -0.516577, 0.0634688), (0.846595, -0.516952, 0.126638),
            (0.83446, -0.517569, 0.189206), (0.817503, -0.518415, 0.250866), (0.795763, -0.519473, 0.311304), (0.76929, -0.520719, 0.370196),
            (0.738155, -0.522127, 0.427212), (0.702454, -0.523666, 0.482009), (0.662306, -0.525301, 0.534237), (0.617867, -0.526992, 0.583541),
            (0.569324, -0.5287, 0.62956), (0.516908, -0.530383, 0.671938), (0.460892, -0.531996, 0.710323), (0.401592, -0.533498, 0.744381),
            (0.339372, -0.534848, 0.773798), (0.274638, -0.53601, 0.79829), (0.207838, -0.53695, 0.817612), (0.139454, -0.537641, 0.831562),
            (0.0699976, -0.538064, 0.839992), (5.46431e-17, -0.538207, 0.842813), (-0.0699976, -0.538064, 0.839992), (-0.139454, -0.537641, 0.831562),
            (-0.207838, -0.53695, 0.817612), (-0.274638, -0.53601, 0.79829), (-0.339372, -0.534848, 0.773798), (-0.401592, -0.533498, 0.744381),
            (-0.460892, -0.531996, 0.710323), (-0.516908, -0.530383, 0.671938), (-0.569324, -0.5287, 0.62956), (-0.617867, -0.526992, 0.583541),
            (-0.662306, -0.525301, 0.534237), (-0.702454, -0.523666, 0.482009), (-0.738155, -0.522127, 0.427212), (-0.76929, -0.520719, 0.370196),
            (-0.795763, -0.519473, 0.311304), (-0.817503, -0.518415, 0.250866), (-0.83446, -0.517569, 0.189206), (-0.846595, -0.516952, 0.126638),
            (-0.853885, -0.516577, 0.0634688), (-0.856317, -0.516451, 9.90425e-17), (-0.853885, -0.516577, -0.0634688), (-0.846595, -0.516952, -0.126638),
            (-0.83446, -0.517569, -0.189206), (-0.817503, -0.518415, -0.250866), (-0.795763, -0.519473, -0.311304), (-0.76929, -0.520719, -0.370196),
            (-0.738155, -0.522127, -0.427212), (-0.702454, -0.523666, -0.482009), (-0.662306, -0.525301, -0.534237), (-0.617867, -0.526992, -0.583541),
            (-0.569324, -0.5287, -0.62956), (-0.516908, -0.530383, -0.671938), (-0.460892, -0.531996, -0.710323), (-0.401592, -0.533498, -0.744381),
            (-0.339372, -0.534848, -0.773798), (-0.274638, -0.53601, -0.79829), (-0.207838, -0.53695, -0.817612), (-0.139454, -0.537641, -0.831562),
            (-0.0699976, -0.538064, -0.839992), (-1.63929e-16, -0.538207, -0.842813), (0.0699976, -0.538064, -0.839992), (0.139454, -0.537641, -0.831562),
            (0.207838, -0.53695, -0.817612), (0.274638, -0.53601, -0.79829), (0.339372, -0.534848, -0.773798), (0.401592, -0.533498, -0.744381),
            (0.460892, -0.531996, -0.710323), (0.516908, -0.530383, -0.671938), (0.569324, -0.5287, -0.62956), (0.617867, -0.526992, -0.583541),
            (0.662306, -0.525301, -0.534237), (0.702454, -0.523666, -0.482009), (0.738155, -0.522127, -0.427212), (0.76929, -0.520719, -0.370196),
            (0.795763, -0.519473, -0.311304), (0.817503, -0.518415, -0.250866), (0.83446, -0.517569, -0.189206), (0.846595, -0.516952, -0.126638),
            (0.853885, -0.516577, -0.0634688), (0.827752, -0.561094, 0), (0.825389, -0.561222, 0.0613506), (0.818303, -0.561603, 0.122406),
            (0.80651, -0.562229, 0.182869), (0.790036, -0.563087, 0.242437), (0.768922, -0.56416, 0.300804), (0.743223, -0.565423, 0.357653),
            (0.713015, -0.56685, 0.412662), (0.678396, -0.568408, 0.465501), (0.639489, -0.570063, 0.515832), (0.59645, -0.571774, 0.563314),
            (0.549468, -0.5735, 0.607604), (0.498772, -0.575199, 0.648361), (0.444627, -0.576828, 0.685256), (0.387344, -0.578343, 0.717972),
            (0.327274, -0.579704, 0.746214), (0.264807, -0.580875, 0.769715), (0.200373, -0.581822, 0.788248), (0.134433, -0.582518, 0.801624),
            (0.0674738, -0.582944, 0.809706), (5.26719e-17, -0.583087, 0.812409), (-0.0674738, -0.582944, 0.809706), (-0.134433, -0.582518, 0.801624),
            (-0.200373, -0.581822, 0.788248), (-0.264807, -0.580875, 0.769715), (-0.327274, -0.579704, 0.746214), (-0.387344, -0.578343, 0.717972),
            (-0.444627, -0.576828, 0.685256), (-0.498772, -0.575199, 0.648361), (-0.549468, -0.5735, 0.607604), (-0.59645, -0.571774, 0.563314),
            (-0.639489, -0.570063, 0.515832), (-0.678396, -0.568408, 0.465501), (-0.713015, -0.56685, 0.412662), (-0.743223, -0.565423, 0.357653),
            (-0.768922, -0.56416, 0.300804), (-0.790036, -0.563087, 0.242437), (-0.80651, -0.562229, 0.182869), (-0.818303, -0.561603, 0.122406),
            (-0.825389, -0.561222, 0.0613506), (-0.827752, -0.561094, 9.57387e-17), (-0.825389, -0.561222, -0.0613506), (-0.818303, -0.561603, -0.122406),
            (-0.80651, -0.562229, -0.182869), (-0.790036, -0.563087, -0.242437), (-0.768922, -0.56416, -0.300804), (-0.743223, -0.565423, -0.357653),
            (-0.713015, -0.56685, -0.412662), (-0.678396, -0.568408, -0.465501), (-0.639489, -0.570063, -0.515832), (-0.59645, -0.571774, -0.563314),
            (-0.549468, -0.5735, -0.607604), (-0.498772, -0.575199, -0.648361), (-0.444627, -0.576828, -0.685256), (-0.387344, -0.578343, -0.717972),
            (-0.327274, -0.579704, -0.746214), (-0.264807, -0.580875, -0.769715), (-0.200373, -0.581822, -0.788248), (-0.134433, -0.582518, -0.801624),
            (-0.0674738, -0.582944, -0.809706), (-1.58016e-16, -0.583087, -0.812409), (0.0674738, -0.582944, -0.809706), (0.134433, -0.582518, -0.801624),
            (0.200373, -0.581822, -0.788248), (0.264807, -0.580875, -0.769715), (0.327274, -0.579704, -0.746214), (0.387344, -0.578343, -0.717972),
            (0.444627, -0.576828, -0.685256), (0.498772, -0.575199, -0.648361), (0.549468, -0.5735, -0.607604), (0.59645, -0.571774, -0.563314),
            (0.639489, -0.570063, -0.515832), (0.678396, -0.568408, -0.465501), (0.713015, -0.56685, -0.412662), (0.743223, -0.565423, -0.357653),
            (0.768922, -0.56416, -0.300804), (0.790036, -0.563087, -0.242437), (0.80651, -0.562229, -0.182869), (0.818303, -0.561603, -0.122406),
            (0.825389, -0.561222, -0.0613506), (0.796313, -0.604885, 0), (0.794026, -0.605012, 0.0590195), (0.787169, -0.605392, 0.117749),
            (0.77576, -0.606017, 0.175897), (0.759828, -0.606873, 0.233167), (0.739416, -0.607942, 0.289261), (0.714583, -0.6092, 0.34387),
            (0.685408, -0.610621, 0.396684), (0.651992, -0.612172, 0.447383), (0.614463, -0.613817, 0.495645), (0.572976, -0.615517, 0.541144),
            (0.527721, -0.617232, 0.583555), (0.47892, -0.618918, 0.622556), (0.426836, -0.620533, 0.657837), (0.371769, -0.622035, 0.689102),
            (0.314055, -0.623383, 0.716074), (0.254071, -0.624542, 0.738509), (0.192225, -0.625479, 0.756192), (0.128954, -0.626168, 0.76895),
            (0.0647198, -0.626589, 0.776658), (5.05212e-17, -0.626731, 0.779236), (-0.0647198, -0.626589, 0.776658), (-0.128954, -0.626168, 0.76895),
            (-0.192225, -0.625479, 0.756192), (-0.254071, -0.624542, 0.738509), (-0.314055, -0.623383, 0.716074), (-0.371769, -0.622035, 0.689102),
            (-0.426836, -0.620533, 0.657837), (-0.47892, -0.618918, 0.622556), (-0.527721, -0.617232, 0.583555), (-0.572976, -0.615517, 0.541144),
            (-0.614463, -0.613817, 0.495645), (-0.651992, -0.612172, 0.447383), (-0.685408, -0.610621, 0.396684), (-0.714583, -0.6092, 0.34387),
            (-0.739416, -0.607942, 0.289261), (-0.759828, -0.606873, 0.233167), (-0.77576, -0.606017, 0.175897), (-0.787169, -0.605392, 0.117749),
            (-0.794026, -0.605012, 0.0590195), (-0.796313, -0.604885, 9.21024e-17), (-0.794026, -0.605012, -0.0590195), (-0.787169, -0.605392, -0.117749),
            (-0.77576, -0.606017, -0.175897), (-0.759828, -0.606873, -0.233167), (-0.739416, -0.607942, -0.289261), (-0.714583, -0.6092, -0.34387),
            (-0.685408, -0.610621, -0.396684), (-0.651992, -0.612172, -0.447383), (-0.614463, -0.613817, -0.495645), (-0.572976, -0.615517, -0.541144),
            (-0.527721, -0.617232, -0.583555), (-0.47892, -0.618918, -0.622556), (-0.426836, -0.620533, -0.657837), (-0.371769, -0.622035, -0.689102),
            (-0.314055, -0.623383, -0.716074), (-0.254071, -0.624542, -0.738509), (-0.192225, -0.625479, -0.756192), (-0.128954, -0.626168, -0.76895),
            (-0.0647198, -0.626589, -0.776658), (-1.51563e-16, -0.626731, -0.779236), (0.0647198, -0.626589, -0.776658), (0.128954, -0.626168, -0.76895),
            (0.192225, -0.625479, -0.756192), (0.254071, -0.624542, -0.738509), (0.314055, -0.623383, -0.716074), (0.371769, -0.622035, -0.689102),
            (0.426836, -0.620533, -0.657837), (0.47892, -0.618918, -0.622556), (0.527721, -0.617232, -0.583555), (0.572976, -0.615517, -0.541144),
            (0.614463, -0.613817, -0.495645), (0.651992, -0.612172, -0.447383), (0.685408, -0.610621, -0.396684), (0.714583, -0.6092, -0.34387),
            (0.739416, -0.607942, -0.289261), (0.759828, -0.606873, -0.233167), (0.77576, -0.606017, -0.175897), (0.787169, -0.605392, -0.117749),
            (0.794026, -0.605012, -0.0590195), (0.761939, -0.647648, 0), (0.759737, -0.647773, 0.0564708), (0.753137, -0.648146, 0.112658),
            (0.742156, -0.648758, 0.168277), (0.726827, -0.649596, 0.22304), (0.707195, -0.650643, 0.276656), (0.683324, -0.651875, 0.328828),
            (0.655294, -0.653265, 0.379256), (0.62321, -0.654781, 0.427634), (0.587201, -0.656388, 0.473655), (0.547424, -0.658048, 0.517011),
            (0.504064, -0.65972, 0.557395), (0.457341, -0.661364, 0.594505), (0.40751, -0.662937, 0.628052), (0.35486, -0.664399, 0.65776),
            (0.299714, -0.665711, 0.683374), (0.242428, -0.666838, 0.704667), (0.183391, -0.667748, 0.721443), (0.123016, -0.668418, 0.733543),
            (0.061736, -0.668827, 0.74085), (4.81909e-17, -0.668965, 0.743294), (-0.061736, -0.668827, 0.74085), (-0.123016, -0.668418, 0.733543),
            (-0.183391, -0.667748, 0.721443), (-0.242428, -0.666838, 0.704667), (-0.299714, -0.665711, 0.683374), (-0.35486, -0.664399, 0.65776),
            (-0.40751, -0.662937, 0.628052), (-0.457341, -0.661364, 0.594505), (-0.504064, -0.65972, 0.557395), (-0.547424, -0.658048, 0.517011),
            (-0.587201, -0.656388, 0.473655), (-0.62321, -0.654781, 0.427634), (-0.655294, -0.653265, 0.379256), (-0.683324, -0.651875, 0.328828),
            (-0.707195, -0.650643, 0.276656), (-0.726827, -0.649596, 0.22304), (-0.742156, -0.648758, 0.168277), (-0.753137, -0.648146, 0.112658),
            (-0.759737, -0.647773, 0.0564708), (-0.761939, -0.647648, 8.81267e-17), (-0.759737, -0.647773, -0.0564708), (-0.753137, -0.648146, -0.112658),
            (-0.742156, -0.648758, -0.168277), (-0.726827, -0.649596, -0.22304), (-0.707195, -0.650643, -0.276656), (-0.683324, -0.651875, -0.328828),
            (-0.655294, -0.653265, -0.379256), (-0.62321, -0.654781, -0.427634), (-0.587201, -0.656388, -0.473655), (-0.547424, -0.658048, -0.517011),
            (-0.504064, -0.65972, -0.557395), (-0.457341, -0.661364, -0.594505), (-0.40751, -0.662937, -0.628052), (-0.35486, -0.664399, -0.65776),
            (-0.299714, -0.665711, -0.683374), (-0.242428, -0.666838, -0.704667), (-0.183391, -0.667748, -0.721443), (-0.123016, -0.668418, -0.733543),
            (-0.061736, -0.668827, -0.74085), (-1.44573e-16, -0.668965, -0.743294), (0.061736, -0.668827, -0.74085), (0.123016, -0.668418, -0.733543),
            (0.183391, -0.667748, -0.721443), (0.242428, -0.666838, -0.704667), (0.299714, -0.665711, -0.683374), (0.35486, -0.664399, -0.65776),
            (0.40751, -0.662937, -0.628052), (0.457341, -0.661364, -0.594505), (0.504064, -0.65972, -0.557395), (0.547424, -0.658048, -0.517011),
            (0.587201, -0.656388, -0.473655), (0.62321, -0.654781, -0.427634), (0.655294, -0.653265, -0.379256), (0.683324, -0.651875, -0.328828),
            (0.707195, -0.650643, -0.276656), (0.726827, -0.649596, -0.22304), (0.742156, -0.648758, -0.168277), (0.753137, -0.648146, -0.112658),
            (0.759737, -0.647773, -0.0564708), (0.724583, -0.689187, 0), (0.722476, -0.689308, 0.0537012), (0.716159, -0.689666, 0.107127),
            (0.705654, -0.690255, 0.160001), (0.690993, -0.691061, 0.212044), (0.672225, -0.692068, 0.262976), (0.649415, -0.693251, 0.312511),
            (0.622648, -0.694586, 0.360361), (0.592029, -0.696041, 0.406238), (0.557688, -0.697582, 0.449849), (0.51978, -0.699172, 0.490904),
            (0.47849, -0.700774, 0.529116), (0.434031, -0.702347, 0.564204), (0.386649, -0.703851, 0.5959), (0.336619, -0.705248, 0.62395),
            (0.284252, -0.7065, 0.648119), (0.229883, -0.707576, 0.6682), (0.173877, -0.708444, 0.684013), (0.116622, -0.709082, 0.695415),
            (0.0585234, -0.709473, 0.702299), (4.56823e-17, -0.709604, 0.704601), (-0.0585234, -0.709473, 0.702299), (-0.116622, -0.709082, 0.695415),
            (-0.173877, -0.708444, 0.684013), (-0.229883, -0.707576, 0.6682), (-0.284252, -0.7065, 0.648119), (-0.336619, -0.705248, 0.62395),
            (-0.386649, -0.703851, 0.5959), (-0.434031, -0.702347, 0.564204), (-0.47849, -0.700774, 0.529116), (-0.51978, -0.699172, 0.490904),
            (-0.557688, -0.697582, 0.449849), (-0.592029, -0.696041, 0.406238), (-0.622648, -0.694586, 0.360361), (-0.649415, -0.693251, 0.312511),
            (-0.672225, -0.692068, 0.262976), (-0.690993, -0.691061, 0.212044), (-0.705654, -0.690255, 0.160001), (-0.716159, -0.689666, 0.107127),
            (-0.722476, -0.689308, 0.0537012), (-0.724583, -0.689187, 8.38061e-17), (-0.722476, -0.689308, -0.0537012), (-0.716159, -0.689666, -0.107127),
            (-0.705654, -0.690255, -0.160001), (-0.690993, -0.691061, -0.212044), (-0.672225, -0.692068, -0.262976), (-0.649415, -0.693251, -0.312511),
            (-0.622648, -0.694586, -0.360361), (-0.592029, -0.696041, -0.406238), (-0.557688, -0.697582, -0.449849), (-0.51978, -0.699172, -0.490904),
            (-0.47849, -0.700774, -0.529116), (-0.434031, -0.702347, -0.564204), (-0.386649, -0.703851, -0.5959), (-0.336619, -0.705248, -0.62395),
            (-0.284252, -0.7065, -0.648119), (-0.229883, -0.707576, -0.6682), (-0.173877, -0.708444, -0.684013), (-0.116622, -0.709082, -0.695415),
            (-0.0585234, -0.709473, -0.702299), (-1.37047e-16, -0.709604, -0.704601), (0.0585234, -0.709473, -0.702299), (0.116622, -0.709082, -0.695415),
            (0.173877, -0.708444, -0.684013), (0.229883, -0.707576, -0.6682), (0.284252, -0.7065, -0.648119), (0.336619, -0.705248, -0.62395),
            (0.386649, -0.703851, -0.5959), (0.434031, -0.702347, -0.564204), (0.47849, -0.700774, -0.529116), (0.51978, -0.699172, -0.490904),
            (0.557688, -0.697582, -0.449849), (0.592029, -0.696041, -0.406238), (0.622648, -0.694586, -0.360361), (0.649415, -0.693251, -0.312511),
            (0.672225, -0.692068, -0.262976), (0.690993, -0.691061, -0.212044), (0.705654, -0.690255, -0.160001), (0.716159, -0.689666, -0.107127),
            (0.722476, -0.689308, -0.0537012), (0.684214, -0.729281, 0), (0.682211, -0.729395, 0.0507084), (0.676209, -0.729733, 0.101151),
            (0.666228, -0.730288, 0.151061), (0.652303, -0.731048, 0.200171), (0.634485, -0.731997, 0.248212), (0.612842, -0.733112, 0.294911),
            (0.587458, -0.734368, 0.339995), (0.558441, -0.735737, 0.383191), (0.52592, -0.737186, 0.424224), (0.490048, -0.73868, 0.462823),
            (0.451005, -0.740183, 0.498722), (0.408997, -0.741659, 0.531662), (0.36426, -0.743068, 0.561395), (0.317057, -0.744377, 0.587689),
            (0.267678, -0.74555, 0.610331), (0.216442, -0.746556, 0.629132), (0.163688, -0.747368, 0.643931), (0.109777, -0.747964, 0.654598),
            (0.055085, -0.748329, 0.661037), (4.29974e-17, -0.748452, 0.663189), (-0.055085, -0.748329, 0.661037), (-0.109777, -0.747964, 0.654598),
            (-0.163688, -0.747368, 0.643931), (-0.216442, -0.746556, 0.629132), (-0.267678, -0.74555, 0.610331), (-0.317057, -0.744377, 0.587689),
            (-0.36426, -0.743068, 0.561395), (-0.408997, -0.741659, 0.531662), (-0.451005, -0.740183, 0.498722), (-0.490048, -0.73868, 0.462823),
            (-0.52592, -0.737186, 0.424224), (-0.558441, -0.735737, 0.383191), (-0.587458, -0.734368, 0.339995), (-0.612842, -0.733112, 0.294911),
            (-0.634485, -0.731997, 0.248212), (-0.652303, -0.731048, 0.200171), (-0.666228, -0.730288, 0.151061), (-0.676209, -0.729733, 0.101151),
            (-0.682211, -0.729395, 0.0507084), (-0.684214, -0.729281, 7.9137e-17), (-0.682211, -0.729395, -0.0507084), (-0.676209, -0.729733, -0.101151),
            (-0.666228, -0.730288, -0.151061), (-0.652303, -0.731048, -0.200171), (-0.634485, -0.731997, -0.248212), (-0.612842, -0.733112, -0.294911),
            (-0.587458, -0.734368, -0.339995), (-0.558441, -0.735737, -0.383191), (-0.52592, -0.737186, -0.424224), (-0.490048, -0.73868, -0.462823),
            (-0.451005, -0.740183, -0.498722), (-0.408997, -0.741659, -0.531662), (-0.36426, -0.743068, -0.561395), (-0.317057, -0.744377, -0.587689),
            (-0.267678, -0.74555, -0.610331), (-0.216442, -0.746556, -0.629132), (-0.163688, -0.747368, -0.643931), (-0.109777, -0.747964, -0.654598),
            (-0.055085, -0.748329, -0.661037), (-1.28992e-16, -0.748452, -0.663189), (0.055085, -0.748329, -0.661037), (0.109777, -0.747964, -0.654598),
            (0.163688, -0.747368, -0.643931), (0.216442, -0.746556, -0.629132), (0.267678, -0.74555, -0.610331), (0.317057, -0.744377, -0.587689),
            (0.36426, -0.743068, -0.561395), (0.408997, -0.741659, -0.531662), (0.451005, -0.740183, -0.498722), (0.490048, -0.73868, -0.462823),
            (0.52592, -0.737186, -0.424224), (0.558441, -0.735737, -0.383191), (0.587458, -0.734368, -0.339995), (0.612842, -0.733112, -0.294911),
            (0.634485, -0.731997, -0.248212), (0.652303, -0.731048, -0.200171), (0.666228, -0.730288, -0.151061), (0.676209, -0.729733, -0.101151),
            (0.682211, -0.729395, -0.0507084), (0.640826, -0.767686, 0), (0.638938, -0.767791, 0.0474919), (0.63328, -0.768103, 0.0947294),
            (0.623875, -0.768616, 0.141458), (0.610757, -0.769317, 0.187422), (0.593979, -0.770192, 0.232365), (0.573609, -0.77122, 0.276031),
            (0.549733, -0.772377, 0.318162), (0.522458, -0.773637, 0.3585), (0.491912, -0.77497, 0.396792), (0.458243, -0.776344, 0.432785),
            (0.421626, -0.777725, 0.466235), (0.382258, -0.77908, 0.496904), (0.340364, -0.780373, 0.524567), (0.296191, -0.781572, 0.549013),
            (0.250013, -0.782646, 0.570051), (0.202123, -0.783567, 0.587511), (0.152838, -0.784311, 0.601247), (0.102489, -0.784856, 0.611143),
            (0.051425, -0.78519, 0.617116), (4.01397e-17, -0.785302, 0.619113), (-0.051425, -0.78519, 0.617116), (-0.102489, -0.784856, 0.611143),
            (-0.152838, -0.784311, 0.601247), (-0.202123, -0.783567, 0.587511), (-0.250013, -0.782646, 0.570051), (-0.296191, -0.781572, 0.549013),
            (-0.340364, -0.780373, 0.524567), (-0.382258, -0.77908, 0.496904), (-0.421626, -0.777725, 0.466235), (-0.458243, -0.776344, 0.432785),
            (-0.491912, -0.77497, 0.396792), (-0.522458, -0.773637, 0.3585), (-0.549733, -0.772377, 0.318162), (-0.573609, -0.77122, 0.276031),
            (-0.593979, -0.770192, 0.232365), (-0.610757, -0.769317, 0.187422), (-0.623875, -0.768616, 0.141458), (-0.63328, -0.768103, 0.0947294),
            (-0.638938, -0.767791, 0.0474919), (-0.640826, -0.767686, 7.41187e-17), (-0.638938, -0.767791, -0.0474919), (-0.63328, -0.768103, -0.0947294),
            (-0.623875, -0.768616, -0.141458), (-0.610757, -0.769317, -0.187422), (-0.593979, -0.770192, -0.232365), (-0.573609, -0.77122, -0.276031),
            (-0.549733, -0.772377, -0.318162), (-0.522458, -0.773637, -0.3585), (-0.491912, -0.77497, -0.396792), (-0.458243, -0.776344, -0.432785),
            (-0.421626, -0.777725, -0.466235), (-0.382258, -0.77908, -0.496904), (-0.340364, -0.780373, -0.524567), (-0.296191, -0.781572, -0.549013),
            (-0.250013, -0.782646, -0.570051), (-0.202123, -0.783567, -0.587511), (-0.152838, -0.784311, -0.601247), (-0.102489, -0.784856, -0.611143),
            (-0.051425, -0.78519, -0.617116), (-1.20419e-16, -0.785302, -0.619113), (0.051425, -0.78519, -0.617116), (0.102489, -0.784856, -0.611143),
            (0.152838, -0.784311, -0.601247), (0.202123, -0.783567, -0.587511), (0.250013, -0.782646, -0.570051), (0.296191, -0.781572, -0.549013),
            (0.340364, -0.780373, -0.524567), (0.382258, -0.77908, -0.496904), (0.421626, -0.777725, -0.466235), (0.458243, -0.776344, -0.432785),
            (0.491912, -0.77497, -0.396792), (0.522458, -0.773637, -0.3585), (0.549733, -0.772377, -0.318162), (0.573609, -0.77122, -0.276031),
            (0.593979, -0.770192, -0.232365), (0.610757, -0.769317, -0.187422), (0.623875, -0.768616, -0.141458), (0.63328, -0.768103, -0.0947294),
            (0.638938, -0.767791, -0.0474919), (0.59444, -0.80414, 0), (0.592678, -0.804234, 0.0440534), (0.587396, -0.804515, 0.0878659),
            (0.578618, -0.804977, 0.131196), (0.56638, -0.805609, 0.173804), (0.550733, -0.806397, 0.215448), (0.531746, -0.807322, 0.255886),
            (0.509506, -0.808363, 0.29488), (0.484115, -0.809495, 0.33219), (0.455699, -0.810692, 0.367582), (0.424402, -0.811925, 0.400825),
            (0.39039, -0.813164, 0.431695), (0.353852, -0.814377, 0.459977), (0.314996, -0.815535, 0.485469), (0.274055, -0.816608, 0.507982),
            (0.231281, -0.817569, 0.527343), (0.186948, -0.818392, 0.543402), (0.141343, -0.819056, 0.55603), (0.0947723, -0.819543, 0.565126),
            (0.0475499, -0.819841, 0.570614), (3.71142e-17, -0.819941, 0.572448), (-0.0475499, -0.819841, 0.570614), (-0.0947723, -0.819543, 0.565126),
            (-0.141343, -0.819056, 0.55603), (-0.186948, -0.818392, 0.543402), (-0.231281, -0.817569, 0.527343), (-0.274055, -0.816608, 0.507982),
            (-0.314996, -0.815535, 0.485469), (-0.353852, -0.814377, 0.459977), (-0.39039, -0.813164, 0.431695), (-0.424402, -0.811925, 0.400825),
            (-0.455699, -0.810692, 0.367582), (-0.484115, -0.809495, 0.33219), (-0.509506, -0.808363, 0.29488), (-0.531746, -0.807322, 0.255886),
            (-0.550733, -0.806397, 0.215448), (-0.56638, -0.805609, 0.173804), (-0.578618, -0.804977, 0.131196), (-0.587396, -0.804515, 0.0878659),
            (-0.592678, -0.804234, 0.0440534), (-0.59444, -0.80414, 6.87536e-17), (-0.592678, -0.804234, -0.0440534), (-0.587396, -0.804515, -0.0878659),
            (-0.578618, -0.804977, -0.131196), (-0.56638, -0.805609, -0.173804), (-0.550733, -0.806397, -0.215448), (-0.531746, -0.807322, -0.255886),
            (-0.509506, -0.808363, -0.29488), (-0.484115, -0.809495, -0.33219), (-0.455699, -0.810692, -0.367582), (-0.424402, -0.811925, -0.400825),
            (-0.39039, -0.813164, -0.431695), (-0.353852, -0.814377, -0.459977), (-0.314996, -0.815535, -0.485469), (-0.274055, -0.816608, -0.507982),
            (-0.231281, -0.817569, -0.527343), (-0.186948, -0.818392, -0.543402), (-0.141343, -0.819056, -0.55603), (-0.0947723, -0.819543, -0.565126),
            (-0.0475499, -0.819841, -0.570614), (-1.11343e-16, -0.819941, -0.572448), (0.0475499, -0.819841, -0.570614), (0.0947723, -0.819543, -0.565126),
            (0.141343, -0.819056, -0.55603), (0.186948, -0.818392, -0.543402), (0.231281, -0.817569, -0.527343), (0.274055, -0.816608, -0.507982),
            (0.314996, -0.815535, -0.485469), (0.353852, -0.814377, -0.459977), (0.39039, -0.813164, -0.431695), (0.424402, -0.811925, -0.400825),
            (0.455699, -0.810692, -0.367582), (0.484115, -0.809495, -0.33219), (0.509506, -0.808363, -0.29488), (0.531746, -0.807322, -0.255886),
            (0.550733, -0.806397, -0.215448), (0.56638, -0.805609, -0.173804), (0.578618, -0.804977, -0.131196), (0.587396, -0.804515, -0.0878659),
            (0.592678, -0.804234, -0.0440534), (0.545113, -0.838362, 0), (0.543487, -0.838445, 0.040397), (0.538614, -0.838692, 0.0805687),
            (0.530516, -0.839097, 0.12029), (0.51923, -0.83965, 0.159335), (0.504807, -0.84034, 0.197481), (0.487314, -0.841149, 0.234505),
            (0.466836, -0.84206, 0.270184), (0.443472, -0.84305, 0.304301), (0.417342, -0.844096, 0.336642), (0.388584, -0.845172, 0.366996),
            (0.357355, -0.846252, 0.395164), (0.323829, -0.84731, 0.420951), (0.288204, -0.848319, 0.444177), (0.250691, -0.849253, 0.464675),
            (0.211524, -0.850089, 0.482293), (0.170949, -0.850804, 0.496898), (0.12923, -0.851382, 0.508379), (0.0866419, -0.851805, 0.516644),
            (0.0434681, -0.852064, 0.52163), (3.39275e-17, -0.852151, 0.523297), (-0.0434681, -0.852064, 0.52163), (-0.0866419, -0.851805, 0.516644),
            (-0.12923, -0.851382, 0.508379), (-0.170949, -0.850804, 0.496898), (-0.211524, -0.850089, 0.482293), (-0.250691, -0.849253, 0.464675),
            (-0.288204, -0.848319, 0.444177), (-0.323829, -0.84731, 0.420951), (-0.357355, -0.846252, 0.395164), (-0.388584, -0.845172, 0.366996),
            (-0.417342, -0.844096, 0.336642), (-0.443472, -0.84305, 0.304301), (-0.466836, -0.84206, 0.270184), (-0.487314, -0.841149, 0.234505),
            (-0.504807, -0.84034, 0.197481), (-0.51923, -0.83965, 0.159335), (-0.530516, -0.839097, 0.12029), (-0.538614, -0.838692, 0.0805687),
            (-0.543487, -0.838445, 0.040397), (-0.545113, -0.838362, 6.30484e-17), (-0.543487, -0.838445, -0.040397), (-0.538614, -0.838692, -0.0805687),
            (-0.530516, -0.839097, -0.12029), (-0.51923, -0.83965, -0.159335), (-0.504807, -0.84034, -0.197481), (-0.487314, -0.841149, -0.234505),
            (-0.466836, -0.84206, -0.270184), (-0.443472, -0.84305, -0.304301), (-0.417342, -0.844096, -0.336642), (-0.388584, -0.845172, -0.366996),
            (-0.357355, -0.846252, -0.395164), (-0.323829, -0.84731, -0.420951), (-0.288204, -0.848319, -0.444177), (-0.250691, -0.849253, -0.464675),
            (-0.211524, -0.850089, -0.482293), (-0.170949, -0.850804, -0.496898), (-0.12923, -0.851382, -0.508379), (-0.0866419, -0.851805, -0.516644),
            (-0.0434681, -0.852064, -0.52163), (-1.01783e-16, -0.852151, -0.523297), (0.0434681, -0.852064, -0.52163), (0.0866419, -0.851805, -0.516644),
            (0.12923, -0.851382, -0.508379), (0.170949, -0.850804, -0.496898), (0.211524, -0.850089, -0.482293), (0.250691, -0.849253, -0.464675),
            (0.288204, -0.848319, -0.444177), (0.323829, -0.84731, -0.420951), (0.357355, -0.846252, -0.395164), (0.388584, -0.845172, -0.366996),
            (0.417342, -0.844096, -0.336642), (0.443472, -0.84305, -0.304301), (0.466836, -0.84206, -0.270184), (0.487314, -0.841149, -0.234505),
            (0.504807, -0.84034, -0.197481), (0.51923, -0.83965, -0.159335), (0.530516, -0.839097, -0.12029), (0.538614, -0.838692, -0.0805687),
            (0.543487, -0.838445, -0.040397), (0.492941, -0.870063, 0), (0.491461, -0.870133, 0.03653), (0.487029, -0.870342, 0.0728523),
            (0.479664, -0.870686, 0.10876), (0.469404, -0.871155, 0.144045), (0.456296, -0.87174, 0.178504), (0.440407, -0.872426, 0.211932),
            (0.421816, -0.873197, 0.244128), (0.400619, -0.874035, 0.274896), (0.376928, -0.874919, 0.304042), (0.350872, -0.875829, 0.331379),
            (0.322597, -0.876741, 0.356729), (0.292265, -0.877634, 0.37992), (0.260054, -0.878485, 0.400794), (0.22616, -0.879272, 0.419204),
            (0.19079, -0.879976, 0.435018), (0.154168, -0.880579, 0.448121), (0.11653, -0.881065, 0.458417), (0.0781197, -0.881421, 0.465827),
            (0.0391903, -0.881638, 0.470295), (3.05881e-17, -0.881712, 0.471789), (-0.0391903, -0.881638, 0.470295), (-0.0781197, -0.881421, 0.465827),
            (-0.11653, -0.881065, 0.458417), (-0.154168, -0.880579, 0.448121), (-0.19079, -0.879976, 0.435018), (-0.22616, -0.879272, 0.419204),
            (-0.260054, -0.878485, 0.400794), (-0.292265, -0.877634, 0.37992), (-0.322597, -0.876741, 0.356729), (-0.350872, -0.875829, 0.331379),
            (-0.376928, -0.874919, 0.304042), (-0.400619, -0.874035, 0.274896), (-0.421816, -0.873197, 0.244128), (-0.440407, -0.872426, 0.211932),
            (-0.456296, -0.87174, 0.178504), (-0.469404, -0.871155, 0.144045), (-0.479664, -0.870686, 0.10876), (-0.487029, -0.870342, 0.0728523),
            (-0.491461, -0.870133, 0.03653), (-0.492941, -0.870063, 5.70141e-17), (-0.491461, -0.870133, -0.03653), (-0.487029, -0.870342, -0.0728523),
            (-0.479664, -0.870686, -0.10876), (-0.469404, -0.871155, -0.144045), (-0.456296, -0.87174, -0.178504), (-0.440407, -0.872426, -0.211932),
            (-0.421816, -0.873197, -0.244128), (-0.400619, -0.874035, -0.274896), (-0.376928, -0.874919, -0.304042), (-0.350872, -0.875829, -0.331379),
            (-0.322597, -0.876741, -0.356729), (-0.292265, -0.877634, -0.37992), (-0.260054, -0.878485, -0.400794), (-0.22616, -0.879272, -0.419204),
            (-0.19079, -0.879976, -0.435018), (-0.154168, -0.880579, -0.448121), (-0.11653, -0.881065, -0.458417), (-0.0781197, -0.881421, -0.465827),
            (-0.0391903, -0.881638, -0.470295), (-9.17642e-17, -0.881712, -0.471789), (0.0391903, -0.881638, -0.470295), (0.0781197, -0.881421, -0.465827),
            (0.11653, -0.881065, -0.458417), (0.154168, -0.880579, -0.448121), (0.19079, -0.879976, -0.435018), (0.22616, -0.879272, -0.419204),
            (0.260054, -0.878485, -0.400794), (0.292265, -0.877634, -0.37992), (0.322597, -0.876741, -0.356729), (0.350872, -0.875829, -0.331379),
            (0.376928, -0.874919, -0.304042), (0.400619, -0.874035, -0.274896), (0.421816, -0.873197, -0.244128), (0.440407, -0.872426, -0.211932),
            (0.456296, -0.87174, -0.178504), (0.469404, -0.871155, -0.144045), (0.479664, -0.870686, -0.10876), (0.487029, -0.870342, -0.0728523),
            (0.491461, -0.870133, -0.03653), (0.438064, -0.898944, 0), (0.436742, -0.899001, 0.0324627), (0.432781, -0.899172, 0.0647376),
            (0.426201, -0.899452, 0.0966373), (0.417037, -0.899835, 0.127976), (0.405334, -0.900311, 0.158567), (0.391155, -0.90087, 0.188231),
            (0.374573, -0.901498, 0.216786), (0.355677, -0.90218, 0.244058), (0.334573, -0.9029, 0.269877), (0.311376, -0.903639, 0.294077),
            (0.286221, -0.90438, 0.316503), (0.259252, -0.905105, 0.337007), (0.230632, -0.905795, 0.355449), (0.200534, -0.906433, 0.371705),
            (0.169143, -0.907004, 0.385661), (0.136657, -0.907492, 0.39722), (0.103281, -0.907885, 0.406298), (0.069232, -0.908173, 0.412829),
            (0.0347297, -0.908349, 0.416768), (2.71061e-17, -0.908409, 0.418084), (-0.0347297, -0.908349, 0.416768), (-0.069232, -0.908173, 0.412829),
            (-0.103281, -0.907885, 0.406298), (-0.136657, -0.907492, 0.39722), (-0.169143, -0.907004, 0.385661), (-0.200534, -0.906433, 0.371705),
            (-0.230632, -0.905795, 0.355449), (-0.259252, -0.905105, 0.337007), (-0.286221, -0.90438, 0.316503), (-0.311376, -0.903639, 0.294077),
            (-0.334573, -0.9029, 0.269877), (-0.355677, -0.90218, 0.244058), (-0.374573, -0.901498, 0.216786), (-0.391155, -0.90087, 0.188231),
            (-0.405334, -0.900311, 0.158567), (-0.417037, -0.899835, 0.127976), (-0.426201, -0.899452, 0.0966373), (-0.432781, -0.899172, 0.0647376),
            (-0.436742, -0.899001, 0.0324627), (-0.438064, -0.898944, 5.0667e-17), (-0.436742, -0.899001, -0.0324627), (-0.432781, -0.899172, -0.0647376),
            (-0.426201, -0.899452, -0.0966373), (-0.417037, -0.899835, -0.127976), (-0.405334, -0.900311, -0.158567), (-0.391155, -0.90087, -0.188231),
            (-0.374573, -0.901498, -0.216786), (-0.355677, -0.90218, -0.244058), (-0.334573, -0.9029, -0.269877), (-0.311376, -0.903639, -0.294077),
            (-0.286221, -0.90438, -0.316503), (-0.259252, -0.905105, -0.337007), (-0.230632, -0.905795, -0.355449), (-0.200534, -0.906433, -0.371705),
            (-0.169143, -0.907004, -0.385661), (-0.136657, -0.907492, -0.39722), (-0.103281, -0.907885, -0.406298), (-0.069232, -0.908173, -0.412829),
            (-0.0347297, -0.908349, -0.416768), (-8.13184e-17, -0.908409, -0.418084), (0.0347297, -0.908349, -0.416768), (0.069232, -0.908173, -0.412829),
            (0.103281, -0.907885, -0.406298), (0.136657, -0.907492, -0.39722), (0.169143, -0.907004, -0.385661), (0.200534, -0.906433, -0.371705),
            (0.230632, -0.905795, -0.355449), (0.259252, -0.905105, -0.337007), (0.286221, -0.90438, -0.316503), (0.311376, -0.903639, -0.294077),
            (0.334573, -0.9029, -0.269877), (0.355677, -0.90218, -0.244058), (0.374573, -0.901498, -0.216786), (0.391155, -0.90087, -0.188231),
            (0.405334, -0.900311, -0.158567), (0.417037, -0.899835, -0.127976), (0.426201, -0.899452, -0.0966373), (0.432781, -0.899172, -0.0647376),
            (0.436742, -0.899001, -0.0324627), (0.380671, -0.924711, 0), (0.379516, -0.924755, 0.0282092), (0.376056, -0.924888, 0.0562525),
            (0.370311, -0.925105, 0.0839647), (0.36231, -0.925403, 0.111182), (0.352098, -0.925772, 0.137741), (0.339729, -0.926206, 0.163484),
            (0.325271, -0.926693, 0.188253), (0.308805, -0.927221, 0.211896), (0.290425, -0.927779, 0.234266), (0.270235, -0.928351, 0.255222),
            (0.248352, -0.928924, 0.274629), (0.224908, -0.929484, 0.292361), (0.200042, -0.930018, 0.308303), (0.173905, -0.930511, 0.322346),
            (0.14666, -0.930951, 0.334397), (0.118476, -0.931327, 0.344373), (0.0895309, -0.931631, 0.352205), (0.06001, -0.931853, 0.357839),
            (0.0301022, -0.931989, 0.361235), (2.3494e-17, -0.932034, 0.36237), (-0.0301022, -0.931989, 0.361235), (-0.06001, -0.931853, 0.357839),
            (-0.0895309, -0.931631, 0.352205), (-0.118476, -0.931327, 0.344373), (-0.14666, -0.930951, 0.334397), (-0.173905, -0.930511, 0.322346),
            (-0.200042, -0.930018, 0.308303), (-0.224908, -0.929484, 0.292361), (-0.248352, -0.928924, 0.274629), (-0.270235, -0.928351, 0.255222),
            (-0.290425, -0.927779, 0.234266), (-0.308805, -0.927221, 0.211896), (-0.325271, -0.926693, 0.188253), (-0.339729, -0.926206, 0.163484),
            (-0.352098, -0.925772, 0.137741), (-0.36231, -0.925403, 0.111182), (-0.370311, -0.925105, 0.0839647), (-0.376056, -0.924888, 0.0562525),
            (-0.379516, -0.924755, 0.0282092), (-0.380671, -0.924711, 4.40288e-17), (-0.379516, -0.924755, -0.0282092), (-0.376056, -0.924888, -0.0562525),
            (-0.370311, -0.925105, -0.0839647), (-0.36231, -0.925403, -0.111182), (-0.352098, -0.925772, -0.137741), (-0.339729, -0.926206, -0.163484),
            (-0.325271, -0.926693, -0.188253), (-0.308805, -0.927221, -0.211896), (-0.290425, -0.927779, -0.234266), (-0.270235, -0.928351, -0.255222),
            (-0.248352, -0.928924, -0.274629), (-0.224908, -0.929484, -0.292361), (-0.200042, -0.930018, -0.308303), (-0.173905, -0.930511, -0.322346),
            (-0.14666, -0.930951, -0.334397), (-0.118476, -0.931327, -0.344373), (-0.0895309, -0.931631, -0.352205), (-0.06001, -0.931853, -0.357839),
            (-0.0301022, -0.931989, -0.361235), (-7.04819e-17, -0.932034, -0.36237), (0.0301022, -0.931989, -0.361235), (0.06001, -0.931853, -0.357839),
            (0.0895309, -0.931631, -0.352205), (0.118476, -0.931327, -0.344373), (0.14666, -0.930951, -0.334397), (0.173905, -0.930511, -0.322346),
            (0.200042, -0.930018, -0.308303), (0.224908, -0.929484, -0.292361), (0.248352, -0.928924, -0.274629), (0.270235, -0.928351, -0.255222),
            (0.290425, -0.927779, -0.234266), (0.308805, -0.927221, -0.211896), (0.325271, -0.926693, -0.188253), (0.339729, -0.926206, -0.163484),
            (0.352098, -0.925772, -0.137741), (0.36231, -0.925403, -0.111182), (0.370311, -0.925105, -0.0839647), (0.376056, -0.924888, -0.0562525),
            (0.379516, -0.924755, -0.0282092), (0.320999, -0.94708, 0), (0.32002, -0.947112, 0.0237869), (0.31709, -0.947209, 0.047432),
            (0.312224, -0.947367, 0.0707941), (0.30545, -0.947583, 0.0937331), (0.296806, -0.947852, 0.116111), (0.286341, -0.948168, 0.137792),
            (0.274113, -0.948522, 0.158645), (0.260194, -0.948906, 0.17854), (0.244664, -0.949311, 0.197354), (0.227615, -0.949726, 0.214969),
            (0.209146, -0.950142, 0.231274), (0.189369, -0.950548, 0.246164), (0.168404, -0.950935, 0.259543), (0.146379, -0.951292, 0.271324),
            (0.123429, -0.951611, 0.281428), (0.0996972, -0.951884, 0.28979), (0.0753331, -0.952103, 0.296353), (0.0504901, -0.952264, 0.301072),
            (0.0253257, -0.952362, 0.303917), (1.97658e-17, -0.952395, 0.304867), (-0.0253257, -0.952362, 0.303917), (-0.0504901, -0.952264, 0.301072),
            (-0.0753331, -0.952103, 0.296353), (-0.0996972, -0.951884, 0.28979), (-0.123429, -0.951611, 0.281428), (-0.146379, -0.951292, 0.271324),
            (-0.168404, -0.950935, 0.259543), (-0.189369, -0.950548, 0.246164), (-0.209146, -0.950142, 0.231274), (-0.227615, -0.949726, 0.214969),
            (-0.244664, -0.949311, 0.197354), (-0.260194, -0.948906, 0.17854), (-0.274113, -0.948522, 0.158645), (-0.286341, -0.948168, 0.137792),
            (-0.296806, -0.947852, 0.116111), (-0.30545, -0.947583, 0.0937331), (-0.312224, -0.947367, 0.0707941), (-0.31709, -0.947209, 0.047432),
            (-0.32002, -0.947112, 0.0237869), (-0.320999, -0.94708, 3.71271e-17), (-0.32002, -0.947112, -0.0237869), (-0.31709, -0.947209, -0.047432),
            (-0.312224, -0.947367, -0.0707941), (-0.30545, -0.947583, -0.0937331), (-0.296806, -0.947852, -0.116111), (-0.286341, -0.948168, -0.137792),
            (-0.274113, -0.948522, -0.158645), (-0.260194, -0.948906, -0.17854), (-0.244664, -0.949311, -0.197354), (-0.227615, -0.949726, -0.214969),
            (-0.209146, -0.950142, -0.231274), (-0.189369, -0.950548, -0.246164), (-0.168404, -0.950935, -0.259543), (-0.146379, -0.951292, -0.271324),
            (-0.123429, -0.951611, -0.281428), (-0.0996972, -0.951884, -0.28979), (-0.0753331, -0.952103, -0.296353), (-0.0504901, -0.952264, -0.301072),
            (-0.0253257, -0.952362, -0.303917), (-5.92975e-17, -0.952395, -0.304867), (0.0253257, -0.952362, -0.303917), (0.0504901, -0.952264, -0.301072),
            (0.0753331, -0.952103, -0.296353), (0.0996972, -0.951884, -0.28979), (0.123429, -0.951611, -0.281428), (0.146379, -0.951292, -0.271324),
            (0.168404, -0.950935, -0.259543), (0.189369, -0.950548, -0.246164), (0.209146, -0.950142, -0.231274), (0.227615, -0.949726, -0.214969),
            (0.244664, -0.949311, -0.197354), (0.260194, -0.948906, -0.17854), (0.274113, -0.948522, -0.158645), (0.286341, -0.948168, -0.137792),
            (0.296806, -0.947852, -0.116111), (0.30545, -0.947583, -0.0937331), (0.312224, -0.947367, -0.0707941), (0.31709, -0.947209, -0.047432),
            (0.32002, -0.947112, -0.0237869), (0.259335, -0.965787, 0), (0.258541, -0.965809, 0.0192172), (0.256165, -0.965873, 0.0383185),
            (0.252219, -0.965979, 0.0571885), (0.246728, -0.966123, 0.075713), (0.239722, -0.966302, 0.0937796), (0.231242, -0.966511, 0.111278),
            (0.221339, -0.966747, 0.128101), (0.21007, -0.967002, 0.144146), (0.197503, -0.967271, 0.159312), (0.183711, -0.967546, 0.173505),
            (0.168779, -0.967822, 0.186637), (0.152797, -0.968092, 0.198623), (0.135861, -0.968348, 0.209389), (0.118077, -0.968585, 0.218864),
            (0.0995523, -0.968796, 0.226988), (0.0804035, -0.968976, 0.233709), (0.0607495, -0.969122, 0.238982), (0.0407135, -0.969228, 0.242774),
            (0.020421, -0.969293, 0.245059), (1.59377e-17, -0.969315, 0.245822), (-0.020421, -0.969293, 0.245059), (-0.0407135, -0.969228, 0.242774),
            (-0.0607495, -0.969122, 0.238982), (-0.0804035, -0.968976, 0.233709), (-0.0995523, -0.968796, 0.226988), (-0.118077, -0.968585, 0.218864),
            (-0.135861, -0.968348, 0.209389), (-0.152797, -0.968092, 0.198623), (-0.168779, -0.967822, 0.186637), (-0.183711, -0.967546, 0.173505),
            (-0.197503, -0.967271, 0.159312), (-0.21007, -0.967002, 0.144146), (-0.221339, -0.966747, 0.128101), (-0.231242, -0.966511, 0.111278),
            (-0.239722, -0.966302, 0.0937796), (-0.246728, -0.966123, 0.075713), (-0.252219, -0.965979, 0.0571885), (-0.256165, -0.965873, 0.0383185),
            (-0.258541, -0.965809, 0.0192172), (-0.259335, -0.965787, 2.9995e-17), (-0.258541, -0.965809, -0.0192172), (-0.256165, -0.965873, -0.0383185),
            (-0.252219, -0.965979, -0.0571885), (-0.246728, -0.966123, -0.075713), (-0.239722, -0.966302, -0.0937796), (-0.231242, -0.966511, -0.111278),
            (-0.221339, -0.966747, -0.128101), (-0.21007, -0.967002, -0.144146), (-0.197503, -0.967271, -0.159312), (-0.183711, -0.967546, -0.173505),
            (-0.168779, -0.967822, -0.186637), (-0.152797, -0.968092, -0.198623), (-0.135861, -0.968348, -0.209389), (-0.118077, -0.968585, -0.218864),
            (-0.0995523, -0.968796, -0.226988), (-0.0804035, -0.968976, -0.233709), (-0.0607495, -0.969122, -0.238982), (-0.0407135, -0.969228, -0.242774),
            (-0.020421, -0.969293, -0.245059), (-4.78131e-17, -0.969315, -0.245822), (0.020421, -0.969293, -0.245059), (0.0407135, -0.969228, -0.242774),
            (0.0607495, -0.969122, -0.238982), (0.0804035, -0.968976, -0.233709), (0.0995523, -0.968796, -0.226988), (0.118077, -0.968585, -0.218864),
            (0.135861, -0.968348, -0.209389), (0.152797, -0.968092, -0.198623), (0.168779, -0.967822, -0.186637), (0.183711, -0.967546, -0.173505),
            (0.197503, -0.967271, -0.159312), (0.21007, -0.967002, -0.144146), (0.221339, -0.966747, -0.128101), (0.231242, -0.966511, -0.111278),
            (0.239722, -0.966302, -0.0937796), (0.246728, -0.966123, -0.075713), (0.252219, -0.965979, -0.0571885), (0.256165, -0.965873, -0.0383185),
            (0.258541, -0.965809, -0.0192172), (0.196013, -0.980601, 0), (0.195411, -0.980614, 0.0145248), (0.193609, -0.980651, 0.0289611),
            (0.190618, -0.980712, 0.043221), (0.186456, -0.980796, 0.0572176), (0.181147, -0.980899, 0.0708651), (0.174723, -0.981021, 0.0840801),
            (0.167223, -0.981157, 0.0967814), (0.158691, -0.981305, 0.108891), (0.14918, -0.981461, 0.120333), (0.138746, -0.98162, 0.131038),
            (0.127453, -0.98178, 0.140938), (0.11537, -0.981936, 0.149972), (0.102571, -0.982084, 0.158082), (0.0891349, -0.982221, 0.165218),
            (0.0751441, -0.982343, 0.171335), (0.0606853, -0.982447, 0.176394), (0.0458483, -0.982531, 0.180362), (0.0307254, -0.982593, 0.183215),
            (0.0154108, -0.98263, 0.184934), (1.20273e-17, -0.982643, 0.185509), (-0.0154108, -0.98263, 0.184934), (-0.0307254, -0.982593, 0.183215),
            (-0.0458483, -0.982531, 0.180362), (-0.0606853, -0.982447, 0.176394), (-0.0751441, -0.982343, 0.171335), (-0.0891349, -0.982221, 0.165218),
            (-0.102571, -0.982084, 0.158082), (-0.11537, -0.981936, 0.149972), (-0.127453, -0.98178, 0.140938), (-0.138746, -0.98162, 0.131038),
            (-0.14918, -0.981461, 0.120333), (-0.158691, -0.981305, 0.108891), (-0.167223, -0.981157, 0.0967814), (-0.174723, -0.981021, 0.0840801),
            (-0.181147, -0.980899, 0.0708651), (-0.186456, -0.980796, 0.0572176), (-0.190618, -0.980712, 0.043221), (-0.193609, -0.980651, 0.0289611),
            (-0.195411, -0.980614, 0.0145248), (-0.196013, -0.980601, 2.26711e-17), (-0.195411, -0.980614, -0.0145248), (-0.193609, -0.980651, -0.0289611),
            (-0.190618, -0.980712, -0.043221), (-0.186456, -0.980796, -0.0572176), (-0.181147, -0.980899, -0.0708651), (-0.174723, -0.981021, -0.0840801),
            (-0.167223, -0.981157, -0.0967814), (-0.158691, -0.981305, -0.108891), (-0.14918, -0.981461, -0.120333), (-0.138746, -0.98162, -0.131038),
            (-0.127453, -0.98178, -0.140938), (-0.11537, -0.981936, -0.149972), (-0.102571, -0.982084, -0.158082), (-0.0891349, -0.982221, -0.165218),
            (-0.0751441, -0.982343, -0.171335), (-0.0606853, -0.982447, -0.176394), (-0.0458483, -0.982531, -0.180362), (-0.0307254, -0.982593, -0.183215),
            (-0.0154108, -0.98263, -0.184934), (-3.60819e-17, -0.982643, -0.185509), (0.0154108, -0.98263, -0.184934), (0.0307254, -0.982593, -0.183215),
            (0.0458483, -0.982531, -0.180362), (0.0606853, -0.982447, -0.176394), (0.0751441, -0.982343, -0.171335), (0.0891349, -0.982221, -0.165218),
            (0.102571, -0.982084, -0.158082), (0.11537, -0.981936, -0.149972), (0.127453, -0.98178, -0.140938), (0.138746, -0.98162, -0.131038),
            (0.14918, -0.981461, -0.120333), (0.158691, -0.981305, -0.108891), (0.167223, -0.981157, -0.0967814), (0.174723, -0.981021, -0.0840801),
            (0.181147, -0.980899, -0.0708651), (0.186456, -0.980796, -0.0572176), (0.190618, -0.980712, -0.043221), (0.193609, -0.980651, -0.0289611),
            (0.195411, -0.980614, -0.0145248), (0.131407, -0.991329, 0), (0.131003, -0.991334, 0.00973734), (0.129792, -0.991351, 0.019415),
            (0.127783, -0.991379, 0.0289736), (0.124987, -0.991417, 0.0383545), (0.121421, -0.991464, 0.0475), (0.117107, -0.991519, 0.056354),
            (0.112071, -0.991581, 0.064862), (0.106345, -0.991648, 0.0729715), (0.099962, -0.991719, 0.0806325), (0.0929621, -0.991791, 0.0877975),
            (0.085388, -0.991864, 0.0944223), (0.0772863, -0.991934, 0.100466), (0.0687065, -0.992001, 0.10589), (0.0597017, -0.992063, 0.110662),
            (0.0503273, -0.992119, 0.114751), (0.0406413, -0.992166, 0.118132), (0.0307034, -0.992204, 0.120784), (0.0205753, -0.992232, 0.12269),
            (0.0103196, -0.992249, 0.123839), (8.05387e-18, -0.992254, 0.124222), (-0.0103196, -0.992249, 0.123839), (-0.0205753, -0.992232, 0.12269),
            (-0.0307034, -0.992204, 0.120784), (-0.0406413, -0.992166, 0.118132), (-0.0503273, -0.992119, 0.114751), (-0.0597017, -0.992063, 0.110662),
            (-0.0687065, -0.992001, 0.10589), (-0.0772863, -0.991934, 0.100466), (-0.085388, -0.991864, 0.0944223), (-0.0929621, -0.991791, 0.0877975),
            (-0.099962, -0.991719, 0.0806325), (-0.106345, -0.991648, 0.0729715), (-0.112071, -0.991581, 0.064862), (-0.117107, -0.991519, 0.056354),
            (-0.121421, -0.991464, 0.0475), (-0.124987, -0.991417, 0.0383545), (-0.127783, -0.991379, 0.0289736), (-0.129792, -0.991351, 0.019415),
            (-0.131003, -0.991334, 0.00973734), (-0.131407, -0.991329, 1.51987e-17), (-0.131003, -0.991334, -0.00973734), (-0.129792, -0.991351, -0.019415),
            (-0.127783, -0.991379, -0.0289736), (-0.124987, -0.991417, -0.0383545), (-0.121421, -0.991464, -0.0475), (-0.117107, -0.991519, -0.056354),
            (-0.112071, -0.991581, -0.064862), (-0.106345, -0.991648, -0.0729715), (-0.099962, -0.991719, -0.0806325), (-0.0929621, -0.991791, -0.0877975),
            (-0.085388, -0.991864, -0.0944223), (-0.0772863, -0.991934, -0.100466), (-0.0687065, -0.992001, -0.10589), (-0.0597017, -0.992063, -0.110662),
            (-0.0503273, -0.992119, -0.114751), (-0.0406413, -0.992166, -0.118132), (-0.0307034, -0.992204, -0.120784), (-0.0205753, -0.992232, -0.12269),
            (-0.0103196, -0.992249, -0.123839), (-2.41616e-17, -0.992254, -0.124222), (0.0103196, -0.992249, -0.123839), (0.0205753, -0.992232, -0.12269),
            (0.0307034, -0.992204, -0.120784), (0.0406413, -0.992166, -0.118132), (0.0503273, -0.992119, -0.114751), (0.0597017, -0.992063, -0.110662),
            (0.0687065, -0.992001, -0.10589), (0.0772863, -0.991934, -0.100466), (0.085388, -0.991864, -0.0944223), (0.0929621, -0.991791, -0.0877975),
            (0.099962, -0.991719, -0.0806325), (0.106345, -0.991648, -0.0729715), (0.112071, -0.991581, -0.064862), (0.117107, -0.991519, -0.056354),
            (0.121421, -0.991464, -0.0475), (0.124987, -0.991417, -0.0383545), (0.127783, -0.991379, -0.0289736), (0.129792, -0.991351, -0.019415),
            (0.131003, -0.991334, -0.00973734), (0.0659254, -0.997825, 0), (0.0657223, -0.997826, 0.0048851), (0.0651142, -0.99783, 0.00974012),
            (0.0641047, -0.997837, 0.0145352), (0.0627002, -0.997847, 0.0192407), (0.0609093, -0.997859, 0.0238278), (0.0587428, -0.997873, 0.0282681),
            (0.0562143, -0.997889, 0.0325344), (0.0533391, -0.997905, 0.0366002), (0.0501351, -0.997923, 0.0404405), (0.0466218, -0.997942, 0.0440317),
            (0.042821, -0.99796, 0.0473515), (0.038756, -0.997978, 0.0503795), (0.0344518, -0.997995, 0.0530969), (0.0299351, -0.998011, 0.055487),
            (0.0252336, -0.998025, 0.057535), (0.0203764, -0.998036, 0.0592281), (0.0153934, -0.998046, 0.060556), (0.0103154, -0.998053, 0.0615104),
            (0.00517366, -0.998057, 0.0620855), (4.03772e-18, -0.998059, 0.0622775), (-0.00517366, -0.998057, 0.0620855), (-0.0103154, -0.998053, 0.0615104),
            (-0.0153934, -0.998046, 0.060556), (-0.0203764, -0.998036, 0.0592281), (-0.0252336, -0.998025, 0.057535), (-0.0299351, -0.998011, 0.055487),
            (-0.0344518, -0.997995, 0.0530969), (-0.038756, -0.997978, 0.0503795), (-0.042821, -0.99796, 0.0473515), (-0.0466218, -0.997942, 0.0440317),
            (-0.0501351, -0.997923, 0.0404405), (-0.0533391, -0.997905, 0.0366002), (-0.0562143, -0.997889, 0.0325344), (-0.0587428, -0.997873, 0.0282681),
            (-0.0609093, -0.997859, 0.0238278), (-0.0627002, -0.997847, 0.0192407), (-0.0641047, -0.997837, 0.0145352), (-0.0651142, -0.99783, 0.00974012),
            (-0.0657223, -0.997826, 0.0048851), (-0.0659254, -0.997825, 7.62501e-18), (-0.0657223, -0.997826, -0.0048851), (-0.0651142, -0.99783, -0.00974012),
            (-0.0641047, -0.997837, -0.0145352), (-0.0627002, -0.997847, -0.0192407), (-0.0609093, -0.997859, -0.0238278), (-0.0587428, -0.997873, -0.0282681),
            (-0.0562143, -0.997889, -0.0325344), (-0.0533391, -0.997905, -0.0366002), (-0.0501351, -0.997923, -0.0404405), (-0.0466218, -0.997942, -0.0440317),
            (-0.042821, -0.99796, -0.0473515), (-0.038756, -0.997978, -0.0503795), (-0.0344518, -0.997995, -0.0530969), (-0.0299351, -0.998011, -0.055487),
            (-0.0252336, -0.998025, -0.057535), (-0.0203764, -0.998036, -0.0592281), (-0.0153934, -0.998046, -0.060556), (-0.0103154, -0.998053, -0.0615104),
            (-0.00517366, -0.998057, -0.0620855), (-1.21132e-17, -0.998059, -0.0622775), (0.00517366, -0.998057, -0.0620855), (0.0103154, -0.998053, -0.0615104),
            (0.0153934, -0.998046, -0.060556), (0.0203764, -0.998036, -0.0592281), (0.0252336, -0.998025, -0.057535), (0.0299351, -0.998011, -0.055487),
            (0.0344518, -0.997995, -0.0530969), (0.038756, -0.997978, -0.0503795), (0.042821, -0.99796, -0.0473515), (0.0466218, -0.997942, -0.0440317),
            (0.0501351, -0.997923, -0.0404405), (0.0533391, -0.997905, -0.0366002), (0.0562143, -0.997889, -0.0325344), (0.0587428, -0.997873, -0.0282681),
            (0.0609093, -0.997859, -0.0238278), (0.0627002, -0.997847, -0.0192407), (0.0641047, -0.997837, -0.0145352), (0.0651142, -0.99783, -0.00974012),
            (0.0657223, -0.997826, -0.0048851), (0, -1, 0)
        ] (
            interpolation = "vertex"
        )
        texCoord2f[] primvars:st = [
            (0.5, 1), (0, 0.982143), (0.0125, 0.982143), (0.025, 0.982143), (0.0375, 0.982143), (0.05, 0.982143),
            (0.0625, 0.982143), (0.075, 0.982143), (0.0875, 0.982143), (0.1, 0.982143), (0.1125, 0.982143), (0.125, 0.982143),
            (0.1375, 0.982143), (0.15, 0.982143), (0.1625, 0.982143), (0.175, 0.982143), (0.1875, 0.982143), (0.2, 0.982143),
            (0.2125, 0.982143), (0.225, 0.982143), (0.2375, 0.982143), (0.25, 0.982143), (0.2625, 0.982143), (0.275, 0.982143),
            (0.2875, 0.982143), (0.3, 0.982143), (0.3125, 0.982143), (0.325, 0.982143), (0.3375, 0.982143), (0.35, 0.982143),
            (0.3625, 0.982143), (0.375, 0.982143), (0.3875, 0.982143), (0.4, 0.982143), (0.4125, 0.982143), (0.425, 0.982143),
            (0.4375, 0.982143), (0.45, 0.982143), (0.4625, 0.982143), (0.475, 0.982143), (0.4875, 0.982143), (0.5, 0.982143),
            (0.5125, 0.982143), (0.525, 0.982143), (0.5375, 0.982143), (0.55, 0.982143), (0.5625, 0.982143), (0.575, 0.982143),
            (0.5875, 0.982143), (0.6, 0.982143), (0.6125, 0.982143), (0.625, 0.982143), (0.6375, 0.982143), (0.65, 0.982143),
            (0.6625, 0.982143), (0.675, 0.982143), (0.6875, 0.982143), (0.7, 0.982143), (0.7125, 0.982143), (0.725, 0.982143),
            (0.7375, 0.982143), (0.75, 0.982143), (0.7625, 0.982143), (0.775, 0.982143), (0.7875, 0.982143), (0.8, 0.982143),
            (0.8125, 0.982143), (0.825, 0.982143), (0.8375, 0.982143), (0.85, 0.982143), (0.8625, 0.982143), (0.875, 0.982143),
            (0.8875, 0.982143), (0.9, 0.982143), (0.9125, 0.982143), (0.925, 0.982143), (0.9375, 0.982143), (0.95, 0.982143),
            (0.9625, 0.982143), (0.975, 0.982143), (0.9875, 0.982143), (0, 0.964286), (0.0125, 0.964286), (0.025, 0.964286),
            (0.0375, 0.964286), (0.05, 0.964286), (0.0625, 0.964286), (0.075, 0.964286), (0.0875, 0.964286), (0.1, 0.964286),
            (0.1125, 0.964286), (0.125, 0.964286), (0.1375, 0.964286), (0.15, 0.964286), (0.1625, 0.964286), (0.175, 0.964286),
            (0.1875, 0.964286), (0.2, 0.964286), (0.2125, 0.964286), (0.225, 0.964286), (0.2375, 0.964286), (0.25, 0.964286),
            (0.2625, 0.964286), (0.275, 0.964286), (0.2875, 0.964286), (0.3, 0.964286), (0.3125, 0.964286), (0.325, 0.964286),
            (0.3375, 0.964286), (0.35, 0.964286), (0.3625, 0.964286), (0.375, 0.964286), (0.3875, 0.964286), (0.4, 0.964286),
            (0.4125, 0.964286), (0.425, 0.964286), (0.4375, 0.964286), (0.45, 0.964286), (0.4625, 0.964286), (0.475, 0.964286),
            (0.4875, 0.964286), (0.5, 0.964286), (0.5125, 0.964286), (0.525, 0.964286), (0.5375, 0.964286), (0.55, 0.964286),
            (0.5625, 0.964286), (0.575, 0.964286), (0.5875, 0.964286), (0.6, 0.964286), (0.6125, 0.964286), (0.625, 0.964286),
            (0.6375, 0.964286), (0.65, 0.964286), (0.6625, 0.964286), (0.675, 0.964286), (0.6875, 0.964286), (0.7, 0.964286),
            (0.7125, 0.964286), (0.725, 0.964286), (0.7375, 0.964286), (0.75, 0.964286), (0.7625, 0.964286), (0.775, 0.964286),
            (0.7875, 0.964286), (0.8, 0.964286), (0.8125, 0.964286), (0.825, 0.964286), (0.8375, 0.964286), (0.85, 0.964286),
            (0.8625, 0.964286), (0.875, 0.964286), (0.8875, 0.964286), (0.9, 0.964286), (0.9125, 0.964286), (0.925, 0.964286),
            (0.9375, 0.964286), (0.95, 0.964286), (0.9625, 0.964286), (0.975, 0.964286), (0.9875, 0.964286), (0, 0.946429),
            (0.0125, 0.946429), (0.025, 0.946429), (0.0375, 0.946429), (0.05, 0.946429), (0.0625, 0.946429), (0.075, 0.946429),
            (0.0875, 0.946429), (0.1, 0.946429), (0.1125, 0.946429), (0.125, 0.946429), (0.1375, 0.946429), (0.15, 0.946429),
            (0.1625, 0.946429), (0.175, 0.946429), (0.1875, 0.946429), (0.2, 0.946429), (0.2125, 0.946429), (0.225, 0.946429),
            (0.2375, 0.946429), (0.25, 0.946429), (0.2625, 0.946429), (0.275, 0.946429), (0.2875, 0.946429), (0.3, 0.946429),
            (0.3125, 0.946429), (0.325, 0.946429), (0.3375, 0.946429), (0.35, 0.946429), (0.3625, 0.946429), (0.375, 0.946429),
            (0.3875, 0.946429), (0.4, 0.946429), (0.4125, 0.946429), (0.425, 0.946429), (0.4375, 0.946429), (0.45, 0.946429),
            (0.4625, 0.946429), (0.475, 0.946429), (0.4875, 0.946429), (0.5, 0.946429), (0.5125, 0.946429), (0.525, 0.946429),
            (0.5375, 0.946429), (0.55, 0.946429), (0.5625, 0.946429), (0.575, 0.946429), (0.5875, 0.946429), (0.6, 0.946429),
            (0.6125, 0.946429), (0.625, 0.946429), (0.6375, 0.946429), (0.65, 0.946429), (0.6625, 0.946429), (0.675, 0.946429),
            (0.6875, 0.946429), (0.7, 0.946429), (0.7125, 0.946429), (0.725, 0.946429), (0.7375, 0.946429), (0.75, 0.946429),
            (0.7625, 0.946429), (0.775, 0.946429), (0.7875, 0.946429), (0.8, 0.946429), (0.8125, 0.946429), (0.825, 0.946429),
            (0.8375, 0.946429), (0.85, 0.946429), (0.8625, 0.946429), (0.875, 0.946429), (0.8875, 0.946429), (0.9, 0.946429),
            (0.9125, 0.946429), (0.925, 0.946429), (0.9375, 0.946429), (0.95, 0.946429), (0.9625, 0.946429), (0.975, 0.946429),
            (0.9875, 0.946429), (0, 0.928571), (0.0125, 0.928571), (0.025, 0.928571), (0.0375, 0.928571), (0.05, 0.928571),
            (0.0625, 0.928571), (0.075, 0.928571), (0.0875, 0.928571), (0.1, 0.928571), (0.1125, 0.928571), (0.125, 0.928571),
            (0.1375, 0.928571), (0.15, 0.928571), (0.1625, 0.928571), (0.175, 0.928571), (0.1875, 0.928571), (0.2, 0.928571),
            (0.2125, 0.928571), (0.225, 0.928571), (0.2375, 0.928571), (0.25, 0.928571), (0.2625, 0.928571), (0.275, 0.928571),
            (0.2875, 0.928571), (0.3, 0.928571), (0.3125, 0.928571), (0.325, 0.928571), (0.3375, 0.928571), (0.35, 0.928571),
            (0.3625, 0.928571), (0.375, 0.928571), (0.3875, 0.928571), (0.4, 0.928571), (0.4125, 0.928571), (0.425, 0.928571),
            (0.4375, 0.928571), (0.45, 0.928571), (0.4625, 0.928571), (0.475, 0.928571), (0.4875, 0.928571), (0.5, 0.928571),
            (0.5125, 0.928571), (0.525, 0.928571), (0.5375, 0.928571), (0.55, 0.928571), (0.5625, 0.928571), (0.575, 0.928571),
            (0.5875, 0.928571), (0.6, 0.928571), (0.6125, 0.928571), (0.625, 0.928571), (0.6375, 0.928571), (0.65, 0.928571),
            (0.6625, 0.928571), (0.675, 0.928571), (0.6875, 0.928571), (0.7, 0.928571), (0.7125, 0.928571), (0.725, 0.928571),
            (0.7375, 0.928571), (0.75, 0.928571), (0.7625, 0.928571), (0.775, 0.928571), (0.7875, 0.928571), (0.8, 0.928571),
            (0.8125, 0.928571), (0.825, 0.928571), (0.8375, 0.928571), (0.85, 0.928571), (0.8625, 0.928571), (0.875, 0.928571),
            (0.8875, 0.928571), (0.9, 0.928571), (0.9125, 0.928571), (0.925, 0.928571), (0.9375, 0.928571), (0.95, 0.928571),
            (0.9625, 0.928571), (0.975, 0.928571), (0.9875, 0.928571), (0, 0.910714), (0.0125, 0.910714), (0.025, 0.910714),
            (0.0375, 0.910714), (0.05, 0.910714), (0.0625, 0.910714), (0.075, 0.910714), (0.0875, 0.910714), (0.1, 0.910714),
            (0.1125, 0.910714), (0.125, 0.910714), (0.1375, 0.910714), (0.15, 0.910714), (0.1625, 0.910714), (0.175, 0.910714),
            (0.1875, 0.910714), (0.2, 0.910714), (0.2125, 0.910714), (0.225, 0.910714), (0.2375, 0.910714), (0.25, 0.910714),
            (0.2625, 0.910714), (0.275, 0.910714), (0.2875, 0.910714), (0.3, 0.910714), (0.3125, 0.910714), (0.325, 0.910714),
            (0.3375, 0.910714), (0.35, 0.910714), (0.3625, 0.910714), (0.375, 0.910714), (0.3875, 0.910714), (0.4, 0.910714),
            (0.4125, 0.910714), (0.425, 0.910714), (0.4375, 0.910714), (0.45, 0.910714), (0.4625, 0.910714), (0.475, 0.910714),
            (0.4875, 0.910714), (0.5, 0.910714), (0.5125, 0.910714), (0.525, 0.910714), (0.5375, 0.910714), (0.55, 0.910714),
            (0.5625, 0.910714), (0.575, 0.910714), (0.5875, 0.910714), (0.6, 0.910714), (0.6125, 0.910714), (0.625, 0.910714),
            (0.6375, 0.910714), (0.65, 0.910714), (0.6625, 0.910714), (0.675, 0.910714), (0.6875, 0.910714), (0.7, 0.910714),
            (0.7125, 0.910714), (0.725, 0.910714), (0.7375, 0.910714), (0.75, 0.910714), (0.7625, 0.910714), (0.775, 0.910714),
            (0.7875, 0.910714), (0.8, 0.910714), (0.8125, 0.910714), (0.825, 0.910714), (0.8375, 0.910714), (0.85, 0.910714),
            (0.8625, 0.910714), (0.875, 0.910714), (0.8875, 0.910714), (0.9, 0.910714), (0.9125, 0.910714), (0.925, 0.910714),
            (0.9375, 0.910714), (0.95, 0.910714), (0.9625, 0.910714), (0.975, 0.910714), (0.9875, 0.910714), (0, 0.892857),
            (0.0125, 0.892857), (0.025, 0.892857), (0.0375, 0.892857), (0.05, 0.892857), (0.0625, 0.892857), (0.075, 0.892857),
            (0.0875, 0.892857), (0.1, 0.892857), (0.1125, 0.892857), (0.125, 0.892857), (0.1375, 0.892857), (0.15, 0.892857),
            (0.1625, 0.892857), (0.175, 0.892857), (0.1875, 0.892857), (0.2, 0.892857), (0.2125, 0.892857), (0.225, 0.892857),
            (0.2375, 0.892857), (0.25, 0.892857), (0.2625, 0.892857), (0.275, 0.892857), (0.2875, 0.892857), (0.3, 0.892857),
            (0.3125, 0.892857), (0.325, 0.892857), (0.3375, 0.892857), (0.35, 0.892857), (0.3625, 0.892857), (0.375, 0.892857),
            (0.3875, 0.892857), (0.4, 0.892857), (0.4125, 0.892857), (0.425, 0.892857), (0.4375, 0.892857), (0.45, 0.892857),
            (0.4625, 0.892857), (0.475, 0.892857), (0.4875, 0.892857), (0.5, 0.892857), (0.5125, 0.892857), (0.525, 0.892857),
            (0.5375, 0.892857), (0.55, 0.892857), (0.5625, 0.892857), (0.575, 0.892857), (0.5875, 0.892857), (0.6, 0.892857),
            (0.6125, 0.892857), (0.625, 0.892857), (0.6375, 0.892857), (0.65, 0.892857), (0.6625, 0.892857), (0.675, 0.892857),
            (0.6875, 0.892857), (0.7, 0.892857), (0.7125, 0.892857), (0.725, 0.892857), (0.7375, 0.892857), (0.75, 0.892857),
            (0.7625, 0.892857), (0.775, 0.892857), (0.7875, 0.892857), (0.8, 0.892857), (0.8125, 0.892857), (0.825, 0.892857),
            (0.8375, 0.892857), (0.85, 0.892857), (0.8625, 0.892857), (0.875, 0.892857), (0.8875, 0.892857), (0.9, 0.892857),
            (0.9125, 0.892857), (0.925, 0.892857), (0.9375, 0.892857), (0.95, 0.892857), (0.9625, 0.892857), (0.975, 0.892857),
            (0.9875, 0.892857), (0, 0.875), (0.0125, 0.875), (0.025, 0.875), (0.0375, 0.875), (0.05, 0.875),
            (0.0625, 0.875), (0.075, 0.875), (0.0875, 0.875), (0.1, 0.875), (0.1125, 0.875), (0.125, 0.875),
            (0.1375, 0.875), (0.15, 0.875), (0.1625, 0.875), (0.175, 0.875), (0.1875, 0.875), (0.2, 0.875),
            (0.2125, 0.875), (0.225, 0.875), (0.2375, 0.875), (0.25, 0.875), (0.2625, 0.875), (0.275, 0.875),
            (0.2875, 0.875), (0.3, 0.875), (0.3125, 0.875), (0.325, 0.875), (0.3375, 0.875), (0.35, 0.875),
            (0.3625, 0.875), (0.375, 0.875), (0.3875, 0.875), (0.4, 0.875), (0.4125, 0.875), (0.425, 0.875),
            (0.4375, 0.875), (0.45, 0.875), (0.4625, 0.875), (0.475, 0.875), (0.4875, 0.875), (0.5, 0.875),
            (0.5125, 0.875), (0.525, 0.875), (0.5375, 0.875), (0.55, 0.875), (0.5625, 0.875), (0.575, 0.875),
            (0.5875, 0.875), (0.6, 0.875), (0.6125, 0.875), (0.625, 0.875), (0.6375, 0.875), (0.65, 0.875),
            (0.6625, 0.875), (0.675, 0.875), (0.6875, 0.875), (0.7, 0.875), (0.7125, 0.875), (0.725, 0.875),
            (0.7375, 0.875), (0.75, 0.875), (0.7625, 0.875), (0.775, 0.875), (0.7875, 0.875), (0.8, 0.875),
            (0.8125, 0.875), (0.825, 0.875), (0.8375, 0.875), (0.85, 0.875), (0.8625, 0.875), (0.875, 0.875),
            (0.8875, 0.875), (0.9, 0.875), (0.9125, 0.875), (0.925, 0.875), (0.9375, 0.875), (0.95, 0.875),
            (0.9625, 0.875), (0.975, 0.875), (0.9875, 0.875), (0, 0.857143), (0.0125, 0.857143), (0.025, 0.857143),
            (0.0375, 0.857143), (0.05, 0.857143), (0.0625, 0.857143), (0.075, 0.857143), (0.0875, 0.857143), (0.1, 0.857143),
            (0.1125, 0.857143), (0.125, 0.857143), (0.1375, 0.857143), (0.15, 0.857143), (0.1625, 0.857143), (0.175, 0.857143),
            (0.1875, 0.857143), (0.2, 0.857143), (0.2125, 0.857143), (0.225, 0.857143), (0.2375, 0.857143), (0.25, 0.857143),
            (0.2625, 0.857143), (0.275, 0.857143), (0.2875, 0.857143), (0.3, 0.857143), (0.3125, 0.857143), (0.325, 0.857143),
            (0.3375, 0.857143), (0.35, 0.857143), (0.3625, 0.857143), (0.375, 0.857143), (0.3875, 0.857143), (0.4, 0.857143),
            (0.4125, 0.857143), (0.425, 0.857143), (0.4375, 0.857143), (0.45, 0.857143), (0.4625, 0.857143), (0.475, 0.857143),
            (0.4875, 0.857143), (0.5, 0.857143), (0.5125, 0.857143), (0.525, 0.857143), (0.5375, 0.857143), (0.55, 0.857143),
            (0.5625, 0.857143), (0.575, 0.857143), (0.5875, 0.857143), (0.6, 0.857143), (0.6125, 0.857143), (0.625, 0.857143),
            (0.6375, 0.857143), (0.65, 0.857143), (0.6625, 0.857143), (0.675, 0.857143), (0.6875, 0.857143), (0.7, 0.857143),
            (0.7125, 0.857143), (0.725, 0.857143), (0.7375, 0.857143), (0.75, 0.857143), (0.7625, 0.857143), (0.775, 0.857143),
            (0.7875, 0.857143), (0.8, 0.857143), (0.8125, 0.857143), (0.825, 0.857143), (0.8375, 0.857143), (0.85, 0.857143),
            (0.8625, 0.857143), (0.875, 0.857143), (0.8875, 0.857143), (0.9, 0.857143), (0.9125, 0.857143), (0.925, 0.857143),
            (0.9375, 0.857143), (0.95, 0.857143), (0.9625, 0.857143), (0.975, 0.857143), (0.9875, 0.857143), (0, 0.839286),
            (0.0125, 0.839286), (0.025, 0.839286), (0.0375, 0.839286), (0.05, 0.839286), (0.0625, 0.839286), (0.075, 0.839286),
            (0.0875, 0.839286), (0.1, 0.839286), (0.1125, 0.839286), (0.125, 0.839286), (0.1375, 0.839286), (0.15, 0.839286),
            (0.1625, 0.839286), (0.175, 0.839286), (0.1875, 0.839286), (0.2, 0.839286), (0.2125, 0.839286), (0.225, 0.839286),
            (0.2375, 0.839286), (0.25, 0.839286), (0.2625, 0.839286), (0.275, 0.839286), (0.2875, 0.839286), (0.3, 0.839286),
            (0.3125, 0.839286), (0.325, 0.839286), (0.3375, 0.839286), (0.35, 0.839286), (0.3625, 0.839286), (0.375, 0.839286),
            (0.3875, 0.839286), (0.4, 0.839286), (0.4125, 0.839286), (0.425, 0.839286), (0.4375, 0.839286), (0.45, 0.839286),
            (0.4625, 0.839286), (0.475, 0.839286), (0.4875, 0.839286), (0.5, 0.839286), (0.5125, 0.839286), (0.525, 0.839286),
            (0.5375, 0.839286), (0.55, 0.839286), (0.5625, 0.839286), (0.575, 0.839286), (0.5875, 0.839286), (0.6, 0.839286),
            (0.6125, 0.839286), (0.625, 0.839286), (0.6375, 0.839286), (0.65, 0.839286), (0.6625, 0.839286), (0.675, 0.839286),
            (0.6875, 0.839286), (0.7, 0.839286), (0.7125, 0.839286), (0.725, 0.839286), (0.7375, 0.839286), (0.75, 0.839286),
            (0.7625, 0.839286), (0.775, 0.839286), (0.7875, 0.839286), (0.8, 0.839286), (0.8125, 0.839286), (0.825, 0.839286),
            (0.8375, 0.839286), (0.85, 0.839286), (0.8625, 0.839286), (0.875, 0.839286), (0.8875, 0.839286), (0.9, 0.839286),
            (0.9125, 0.839286), (0.925, 0.839286), (0.9375, 0.839286), (0.95, 0.839286), (0.9625, 0.839286), (0.975, 0.839286),
            (0.9875, 0.839286), (0, 0.821429), (0.0125, 0.821429), (0.025, 0.821429), (0.0375, 0.821429), (0.05, 0.821429),
            (0.0625, 0.821429), (0.075, 0.821429), (0.0875, 0.821429), (0.1, 0.821429), (0.1125, 0.821429), (0.125, 0.821429),
            (0.1375, 0.821429), (0.15, 0.821429), (0.1625, 0.821429), (0.175, 0.821429), (0.1875, 0.821429), (0.2, 0.821429),
            (0.2125, 0.821429), (0.225, 0.821429), (0.2375, 0.821429), (0.25, 0.821429), (0.2625, 0.821429), (0.275, 0.821429),
            (0.2875, 0.821429), (0.3, 0.821429), (0.3125, 0.821429), (0.325, 0.821429), (0.3375, 0.821429), (0.35, 0.821429),
            (0.3625, 0.821429), (0.375, 0.821429), (0.3875, 0.821429), (0.4, 0.821429), (0.4125, 0.821429), (0.425, 0.821429),
            (0.4375, 0.821429), (0.45, 0.821429), (0.4625, 0.821429), (0.475, 0.821429), (0.4875, 0.821429), (0.5, 0.821429),
            (0.5125, 0.821429), (0.525, 0.821429), (0.5375, 0.821429), (0.55, 0.821429), (0.5625, 0.821429), (0.575, 0.821429),
            (0.5875, 0.821429), (0.6, 0.821429), (0.6125, 0.821429), (0.625, 0.821429), (0.6375, 0.821429), (0.65, 0.821429),
            (0.6625, 0.821429), (0.675, 0.821429), (0.6875, 0.821429), (0.7, 0.821429), (0.7125, 0.821429), (0.725, 0.821429),
            (0.7375, 0.821429), (0.75, 0.821429), (0.7625, 0.821429), (0.775, 0.821429), (0.7875, 0.821429), (0.8, 0.821429),
            (0.8125, 0.821429), (0.825, 0.821429), (0.8375, 0.821429), (0.85, 0.821429), (0.8625, 0.821429), (0.875, 0.821429),
            (0.8875, 0.821429), (0.9, 0.821429), (0.9125, 0.821429), (0.925, 0.821429), (0.9375, 0.821429), (0.95, 0.821429),
            (0.9625, 0.821429), (0.975, 0.821429), (0.9875, 0.821429), (0, 0.803571), (0.0125, 0.803571), (0.025, 0.803571),
            (0.0375, 0.803571), (0.05, 0.803571), (0.0625, 0.803571), (0.075, 0.803571), (0.0875, 0.803571), (0.1, 0.803571),
            (0.1125, 0.803571), (0.125, 0.803571), (0.1375, 0.803571), (0.15, 0.803571), (0.1625, 0.803571), (0.175, 0.803571),
            (0.1875, 0.803571), (0.2, 0.803571), (0.2125, 0.803571), (0.225, 0.803571), (0.2375, 0.803571), (0.25, 0.803571),
            (0.2625, 0.803571), (0.275, 0.803571), (0.2875, 0.803571), (0.3, 0.803571), (0.3125, 0.803571), (0.325, 0.803571),
            (0.3375, 0.803571), (0.35, 0.803571), (0.3625, 0.803571), (0.375, 0.803571), (0.3875, 0.803571), (0.4, 0.803571),
            (0.4125, 0.803571), (0.425, 0.803571), (0.4375, 0.803571), (0.45, 0.803571), (0.4625, 0.803571), (0.475, 0.803571),
            (0.4875, 0.803571), (0.5, 0.803571), (0.5125, 0.803571), (0.525, 0.803571), (0.5375, 0.803571), (0.55, 0.803571),
            (0.5625, 0.803571), (0.575, 0.803571), (0.5875, 0.803571), (0.6, 0.803571), (0.6125, 0.803571), (0.625, 0.803571),
            (0.6375, 0.803571), (0.65, 0.803571), (0.6625, 0.803571), (0.675, 0.803571), (0.6875, 0.803571), (0.7, 0.803571),
            (0.7125, 0.803571), (0.725, 0.803571), (0.7375, 0.803571), (0.75, 0.803571), (0.7625, 0.803571), (0.775, 0.803571),
            (0.7875, 0.803571), (0.8, 0.803571), (0.8125, 0.803571), (0.825, 0.803571), (0.8375, 0.803571), (0.85, 0.803571),
            (0.8625, 0.803571), (0.875, 0.803571), (0.8875, 0.803571), (0.9, 0.803571), (0.9125, 0.803571), (0.925, 0.803571),
            (0.9375, 0.803571), (0.95, 0.803571), (0.9625, 0.803571), (0.975, 0.803571), (0.9875, 0.803571), (0, 0.785714),
            (0.0125, 0.785714), (0.025, 0.785714), (0.0375, 0.785714), (0.05, 0.785714), (0.0625, 0.785714), (0.075, 0.785714),
            (0.0875, 0.785714), (0.1, 0.785714), (0.1125, 0.785714), (0.125, 0.785714), (0.1375, 0.785714), (0.15, 0.785714),
            (0.1625, 0.785714), (0.175, 0.785714), (0.1875, 0.785714), (0.2, 0.785714), (0.2125, 0.785714), (0.225, 0.785714),
            (0.2375, 0.785714), (0.25, 0.785714), (0.2625, 0.785714), (0.275, 0.785714), (0.2875, 0.785714), (0.3, 0.785714),
            (0.3125, 0.785714), (0.325, 0.785714), (0.3375, 0.785714), (0.35, 0.785714), (0.3625, 0.785714), (0.375, 0.785714),
            (0.3875, 0.785714), (0.4, 0.785714), (0.4125, 0.785714), (0.425, 0.785714), (0.4375, 0.785714), (0.45, 0.785714),
            (0.4625, 0.785714), (0.475, 0.785714), (0.4875, 0.785714), (0.5, 0.785714), (0.5125, 0.785714), (0.525, 0.785714),
            (0.5375, 0.785714), (0.55, 0.785714), (0.5625, 0.785714), (0.575, 0.785714), (0.5875, 0.785714), (0.6, 0.785714),
            (0.6125, 0.785714), (0.625, 0.785714), (0.6375, 0.785714), (0.65, 0.785714), (0.6625, 0.785714), (0.675, 0.785714),
            (0.6875, 0.785714), (0.7, 0.785714), (0.7125, 0.785714), (0.725, 0.785714), (0.7375, 0.785714), (0.75, 0.785714),
            (0.7625, 0.785714), (0.775, 0.785714), (0.7875, 0.785714), (0.8, 0.785714), (0.8125, 0.785714), (0.825, 0.785714),
            (0.8375, 0.785714), (0.85, 0.785714), (0.8625, 0.785714), (0.875, 0.785714), (0.8875, 0.785714), (0.9, 0.785714),
            (0.9125, 0.785714), (0.925, 0.785714), (0.9375, 0.785714), (0.95, 0.785714), (0.9625, 0.785714), (0.975, 0.785714),
            (0.9875, 0.785714), (0, 0.767857), (0.0125, 0.767857), (0.025, 0.767857), (0.0375, 0.767857), (0.05, 0.767857),
            (0.0625, 0.767857), (0.075, 0.767857), (0.0875, 0.767857), (0.1, 0.767857), (0.1125, 0.767857), (0.125, 0.767857),
            (0.1375, 0.767857), (0.15, 0.767857), (0.1625, 0.767857), (0.175, 0.767857), (0.1875, 0.767857), (0.2, 0.767857),
            (0.2125, 0.767857), (0.225, 0.767857), (0.2375, 0.767857), (0.25, 0.767857), (0.2625, 0.767857), (0.275, 0.767857),
            (0.2875, 0.767857), (0.3, 0.767857), (0.3125, 0.767857), (0.325, 0.767857), (0.3375, 0.767857), (0.35, 0.767857),
            (0.3625, 0.767857), (0.375, 0.767857), (0.3875, 0.767857), (0.4, 0.767857), (0.4125, 0.767857), (0.425, 0.767857),
            (0.4375, 0.767857), (0.45, 0.767857), (0.4625, 0.767857), (0.475, 0.767857), (0.4875, 0.767857), (0.5, 0.767857),
            (0.5125, 0.767857), (0.525, 0.767857), (0.5375, 0.767857), (0.55, 0.767857), (0.5625, 0.767857), (0.575, 0.767857),
            (0.5875, 0.767857), (0.6, 0.767857), (0.6125, 0.767857), (0.625, 0.767857), (0.6375, 0.767857), (0.65, 0.767857),
            (0.6625, 0.767857), (0.675, 0.767857), (0.6875, 0.767857), (0.7, 0.767857), (0.7125, 0.767857), (0.725, 0.767857),
            (0.7375, 0.767857), (0.75, 0.767857), (0.7625, 0.767857), (0.775, 0.767857), (0.7875, 0.767857), (0.8, 0.767857),
            (0.8125, 0.767857), (0.825, 0.767857), (0.8375, 0.767857), (0.85, 0.767857), (0.8625, 0.767857), (0.875, 0.767857),
            (0.8875, 0.767857), (0.9, 0.767857), (0.9125, 0.767857), (0.925, 0.767857), (0.9375, 0.767857), (0.95, 0.767857),
            (0.9625, 0.767857), (0.975, 0.767857), (0.9875, 0.767857), (0, 0.75), (0.0125, 0.75), (0.025, 0.75),
            (0.0375, 0.75), (0.05, 0.75), (0.0625, 0.75), (0.075, 0.75), (0.0875, 0.75), (0.1, 0.75),
            (0.1125, 0.75), (0.125, 0.75), (0.1375, 0.75), (0.15, 0.75), (0.1625, 0.75), (0.175, 0.75),
            (0.1875, 0.75), (0.2, 0.75), (0.2125, 0.75), (0.225, 0.75), (0.2375, 0.75), (0.25, 0.75),
            (0.2625, 0.75), (0.275, 0.75), (0.2875, 0.75), (0.3, 0.75), (0.3125, 0.75), (0.325, 0.75),
            (0.3375, 0.75), (0.35, 0.75), (0.3625, 0.75), (0.375, 0.75), (0.3875, 0.75), (0.4, 0.75),
            (0.4125, 0.75), (0.425, 0.75), (0.4375, 0.75), (0.45, 0.75), (0.4625, 0.75), (0.475, 0.75),
            (0.4875, 0.75), (0.5, 0.75), (0.5125, 0.75), (0.525, 0.75), (0.5375, 0.75), (0.55, 0.75),
            (0.5625, 0.75), (0.575, 0.75), (0.5875, 0.75), (0.6, 0.75), (0.6125, 0.75), (0.625, 0.75),
            (0.6375, 0.75), (0.65, 0.75), (0.6625, 0.75), (0.675, 0.75), (0.6875, 0.75), (0.7, 0.75),
            (0.7125, 0.75), (0.725, 0.75), (0.7375, 0.75), (0.75, 0.75), (0.7625, 0.75), (0.775, 0.75),
            (0.7875, 0.75), (0.8, 0.75), (0.8125, 0.75), (0.825, 0.75), (0.8375, 0.75), (0.85, 0.75),
            (0.8625, 0.75), (0.875, 0.75), (0.8875, 0.75), (0.9, 0.75), (0.9125, 0.75), (0.925, 0.75),
            (0.9375, 0.75), (0.95, 0.75), (0.9625, 0.75), (0.975, 0.75), (0.9875, 0.75), (0, 0.732143),
            (0.0125, 0.732143), (0.025, 0.732143), (0.0375, 0.732143), (0.05, 0.732143), (0.0625, 0.732143), (0.075, 0.732143),
            (0.0875, 0.732143), (0.1, 0.732143), (0.1125, 0.732143), (0.125, 0.732143), (0.1375, 0.732143), (0.15, 0.732143),
            (0.1625, 0.732143), (0.175, 0.732143), (0.1875, 0.732143), (0.2, 0.732143), (0.2125, 0.732143), (0.225, 0.732143),
            (0.2375, 0.732143), (0.25, 0.732143), (0.2625, 0.732143), (0.275, 0.732143), (0.2875, 0.732143), (0.3, 0.732143),
            (0.3125, 0.732143), (0.325, 0.732143), (0.3375, 0.732143), (0.35, 0.732143), (0.3625, 0.732143), (0.375, 0.732143),
            (0.3875, 0.732143), (0.4, 0.732143), (0.4125, 0.732143), (0.425, 0.732143), (0.4375, 0.732143), (0.45, 0.732143),
            (0.4625, 0.732143), (0.475, 0.732143), (0.4875, 0.732143), (0.5, 0.732143), (0.5125, 0.732143), (0.525, 0.732143),
            (0.5375, 0.732143), (0.55, 0.732143), (0.5625, 0.732143), (0.575, 0.732143), (0.5875, 0.732143), (0.6, 0.732143),
            (0.6125, 0.732143), (0.625, 0.732143), (0.6375, 0.732143), (0.65, 0.732143), (0.6625, 0.732143), (0.675, 0.732143),
            (0.6875, 0.732143), (0.7, 0.732143), (0.7125, 0.732143), (0.725, 0.732143), (0.7375, 0.732143), (0.75, 0.732143),
            (0.7625, 0.732143), (0.775, 0.732143), (0.7875, 0.732143), (0.8, 0.732143), (0.8125, 0.732143), (0.825, 0.732143),
            (0.8375, 0.732143), (0.85, 0.732143), (0.8625, 0.732143), (0.875, 0.732143), (0.8875, 0.732143), (0.9, 0.732143),
            (0.9125, 0.732143), (0.925, 0.732143), (0.9375, 0.732143), (0.95, 0.732143), (0.9625, 0.732143), (0.975, 0.732143),
            (0.9875, 0.732143), (0, 0.714286), (0.0125, 0.714286), (0.025, 0.714286), (0.0375, 0.714286), (0.05, 0.714286),
            (0.0625, 0.714286), (0.075, 0.714286), (0.0875, 0.714286), (0.1, 0.714286), (0.1125, 0.714286), (0.125, 0.714286),
            (0.1375, 0.714286), (0.15, 0.714286), (0.1625, 0.714286), (0.175, 0.714286), (0.1875, 0.714286), (0.2, 0.714286),
            (0.2125, 0.714286), (0.225, 0.714286), (0.2375, 0.714286), (0.25, 0.714286), (0.2625, 0.714286), (0.275, 0.714286),
            (0.2875, 0.714286), (0.3, 0.714286), (0.3125, 0.714286), (0.325, 0.714286), (0.3375, 0.714286), (0.35, 0.714286),
            (0.3625, 0.714286), (0.375, 0.714286), (0.3875, 0.714286), (0.4, 0.714286), (0.4125, 0.714286), (0.425, 0.714286),
            (0.4375, 0.714286), (0.45, 0.714286), (0.4625, 0.714286), (0.475, 0.714286), (0.4875, 0.714286), (0.5, 0.714286),
            (0.5125, 0.714286), (0.525, 0.714286), (0.5375, 0.714286), (0.55, 0.714286), (0.5625, 0.714286), (0.575, 0.714286),
            (0.5875, 0.714286), (0.6, 0.714286), (0.6125, 0.714286), (0.625, 0.714286), (0.6375, 0.714286), (0.65, 0.714286),
            (0.6625, 0.714286), (0.675, 0.714286), (0.6875, 0.714286), (0.7, 0.714286), (0.7125, 0.714286), (0.725, 0.714286),
            (0.7375, 0.714286), (0.75, 0.714286), (0.7625, 0.714286), (0.775, 0.714286), (0.7875, 0.714286), (0.8, 0.714286),
            (0.8125, 0.714286), (0.825, 0.714286), (0.8375, 0.714286), (0.85, 0.714286), (0.8625, 0.714286), (0.875, 0.714286),
            (0.8875, 0.714286), (0.9, 0.714286), (0.9125, 0.714286), (0.925, 0.714286), (0.9375, 0.714286), (0.95, 0.714286),
            (0.9625, 0.714286), (0.975, 0.714286), (0.9875, 0.714286), (0, 0.696429), (0.0125, 0.696429), (0.025, 0.696429),
            (0.0375, 0.696429), (0.05, 0.696429), (0.0625, 0.696429), (0.075, 0.696429), (0.0875, 0.696429), (0.1, 0.696429),
            (0.1125, 0.696429), (0.125, 0.696429), (0.1375, 0.696429), (0.15, 0.696429), (0.1625, 0.696429), (0.175, 0.696429),
            (0.1875, 0.696429), (0.2, 0.696429), (0.2125, 0.696429), (0.225, 0.696429), (0.2375, 0.696429), (0.25, 0.696429),
            (0.2625, 0.696429), (0.275, 0.696429), (0.2875, 0.696429), (0.3, 0.696429), (0.3125, 0.696429), (0.325, 0.696429),
            (0.3375, 0.696429), (0.35, 0.696429), (0.3625, 0.696429), (0.375, 0.696429), (0.3875, 0.696429), (0.4, 0.696429),
            (0.4125, 0.696429), (0.425, 0.696429), (0.4375, 0.696429), (0.45, 0.696429), (0.4625, 0.696429), (0.475, 0.696429),
            (0.4875, 0.696429), (0.5, 0.696429), (0.5125, 0.696429), (0.525, 0.696429), (0.5375, 0.696429), (0.55, 0.696429),
            (0.5625, 0.696429), (0.575, 0.696429), (0.5875, 0.696429), (0.6, 0.696429), (0.6125, 0.696429), (0.625, 0.696429),
            (0.6375, 0.696429), (0.65, 0.696429), (0.6625, 0.696429), (0.675, 0.696429), (0.6875, 0.696429), (0.7, 0.696429),
            (0.7125, 0.696429), (0.725, 0.696429), (0.7375, 0.696429), (0.75, 0.696429), (0.7625, 0.696429), (0.775, 0.696429),
            (0.7875, 0.696429), (0.8, 0.696429), (0.8125, 0.696429), (0.825, 0.696429), (0.8375, 0.696429), (0.85, 0.696429),
            (0.8625, 0.696429), (0.875, 0.696429), (0.8875, 0.696429), (0.9, 0.696429), (0.9125, 0.696429), (0.925, 0.696429),
            (0.9375, 0.696429), (0.95, 0.696429), (0.9625, 0.696429), (0.975, 0.696429), (0.9875, 0.696429), (0, 0.678571),
            (0.0125, 0.678571), (0.025, 0.678571), (0.0375, 0.678571), (0.05, 0.678571), (0.0625, 0.678571), (0.075, 0.678571),
            (0.0875, 0.678571), (0.1, 0.678571), (0.1125, 0.678571), (0.125, 0.678571), (0.1375, 0.678571), (0.15, 0.678571),
            (0.1625, 0.678571), (0.175, 0.678571), (0.1875, 0.678571), (0.2, 0.678571), (0.2125, 0.678571), (0.225, 0.678571),
            (0.2375, 0.678571), (0.25, 0.678571), (0.2625, 0.678571), (0.275, 0.678571), (0.2875, 0.678571), (0.3, 0.678571),
            (0.3125, 0.678571), (0.325, 0.678571), (0.3375, 0.678571), (0.35, 0.678571), (0.3625, 0.678571), (0.375, 0.678571),
            (0.3875, 0.678571), (0.4, 0.678571), (0.4125, 0.678571), (0.425, 0.678571), (0.4375, 0.678571), (0.45, 0.678571),
            (0.4625, 0.678571), (0.475, 0.678571), (0.4875, 0.678571), (0.5, 0.678571), (0.5125, 0.678571), (0.525, 0.678571),
            (0.5375, 0.678571), (0.55, 0.678571), (0.5625, 0.678571), (0.575, 0.678571), (0.5875, 0.678571), (0.6, 0.678571),
            (0.6125, 0.678571), (0.625, 0.678571), (0.6375, 0.678571), (0.65, 0.678571), (0.6625, 0.678571), (0.675, 0.678571),
            (0.6875, 0.678571), (0.7, 0.678571), (0.7125, 0.678571), (0.725, 0.678571), (0.7375, 0.678571), (0.75, 0.678571),
            (0.7625, 0.678571), (0.775, 0.678571), (0.7875, 0.678571), (0.8, 0.678571), (0.8125, 0.678571), (0.825, 0.678571),
            (0.8375, 0.678571), (0.85, 0.678571), (0.8625, 0.678571), (0.875, 0.678571), (0.8875, 0.678571), (0.9, 0.678571),
            (0.9125, 0.678571), (0.925, 0.678571), (0.9375, 0.678571), (0.95, 0.678571), (0.9625, 0.678571), (0.975, 0.678571),
            (0.9875, 0.678571), (0, 0.660714), (0.0125, 0.660714), (0.025, 0.660714), (0.0375, 0.660714), (0.05, 0.660714),
            (0.0625, 0.660714), (0.075, 0.660714), (0.0875, 0.660714), (0.1, 0.660714), (0.1125, 0.660714), (0.125, 0.660714),
            (0.1375, 0.660714), (0.15, 0.660714), (0.1625, 0.660714), (0.175, 0.660714), (0.1875, 0.660714), (0.2, 0.660714),
            (0.2125, 0.660714), (0.225, 0.660714), (0.2375, 0.660714), (0.25, 0.660714), (0.2625, 0.660714), (0.275, 0.660714),
            (0.2875, 0.660714), (0.3, 0.660714), (0.3125, 0.660714), (0.325, 0.660714), (0.3375, 0.660714), (0.35, 0.660714),
            (0.3625, 0.660714), (0.375, 0.660714), (0.3875, 0.660714), (0.4, 0.660714), (0.4125, 0.660714), (0.425, 0.660714),
            (0.4375, 0.660714), (0.45, 0.660714), (0.4625, 0.660714), (0.475, 0.660714), (0.4875, 0.660714), (0.5, 0.660714),
            (0.5125, 0.660714), (0.525, 0.660714), (0.5375, 0.660714), (0.55, 0.660714), (0.5625, 0.660714), (0.575, 0.660714),
            (0.5875, 0.660714), (0.6, 0.660714), (0.6125, 0.660714), (0.625, 0.660714), (0.6375, 0.660714), (0.65, 0.660714),
            (0.6625, 0.660714), (0.675, 0.660714), (0.6875, 0.660714), (0.7, 0.660714), (0.7125, 0.660714), (0.725, 0.660714),
            (0.7375, 0.660714), (0.75, 0.660714), (0.7625, 0.660714), (0.775, 0.660714), (0.7875, 0.660714), (0.8, 0.660714),
            (0.8125, 0.660714), (0.825, 0.660714), (0.8375, 0.660714), (0.85, 0.660714), (0.8625, 0.660714), (0.875, 0.660714),
            (0.8875, 0.660714), (0.9, 0.660714), (0.9125, 0.660714), (0.925, 0.660714), (0.9375, 0.660714), (0.95, 0.660714),
            (0.9625, 0.660714), (0.975, 0.660714), (0.9875, 0.660714), (0, 0.642857), (0.0125, 0.642857), (0.025, 0.642857),
            (0.0375, 0.642857), (0.05, 0.642857), (0.0625, 0.642857), (0.075, 0.642857), (0.0875, 0.642857), (0.1, 0.642857),
            (0.1125, 0.642857), (0.125, 0.642857), (0.1375, 0.642857), (0.15, 0.642857), (0.1625, 0.642857), (0.175, 0.642857),
            (0.1875, 0.642857), (0.2, 0.642857), (0.2125, 0.642857), (0.225, 0.642857), (0.2375, 0.642857), (0.25, 0.642857),
            (0.2625, 0.642857), (0.275, 0.642857), (0.2875, 0.642857), (0.3, 0.642857), (0.3125, 0.642857), (0.325, 0.642857),
            (0.3375, 0.642857), (0.35, 0.642857), (0.3625, 0.642857), (0.375, 0.642857), (0.3875, 0.642857), (0.4, 0.642857),
            (0.4125, 0.642857), (0.425, 0.642857), (0.4375, 0.642857), (0.45, 0.642857), (0.4625, 0.642857), (0.475, 0.642857),
            (0.4875, 0.642857), (0.5, 0.642857), (0.5125, 0.642857), (0.525, 0.642857), (0.5375, 0.642857), (0.55, 0.642857),
            (0.5625, 0.642857), (0.575, 0.642857), (0.5875, 0.642857), (0.6, 0.642857), (0.6125, 0.642857), (0.625, 0.642857),
            (0.6375, 0.642857), (0.65, 0.642857), (0.6625, 0.642857), (0.675, 0.642857), (0.6875, 0.642857), (0.7, 0.642857),
            (0.7125, 0.642857), (0.725, 0.642857), (0.7375, 0.642857), (0.75, 0.642857), (0.7625, 0.642857), (0.775, 0.642857),
            (0.7875, 0.642857), (0.8, 0.642857), (0.8125, 0.642857), (0.825, 0.642857), (0.8375, 0.642857), (0.85, 0.642857),
            (0.8625, 0.642857), (0.875, 0.642857), (0.8875, 0.642857), (0.9, 0.642857), (0.9125, 0.642857), (0.925, 0.642857),
            (0.9375, 0.642857), (0.95, 0.642857), (0.9625, 0.642857), (0.975, 0.642857), (0.9875, 0.642857), (0, 0.625),
            (0.0125, 0.625), (0.025, 0.625), (0.0375, 0.625), (0.05, 0.625), (0.0625, 0.625), (0.075, 0.625),
            (0.0875, 0.625), (0.1, 0.625), (0.1125, 0.625), (0.125, 0.625), (0.1375, 0.625), (0.15, 0.625),
            (0.1625, 0.625), (0.175, 0.625), (0.1875, 0.625), (0.2, 0.625), (0.2125, 0.625), (0.225, 0.625),
            (0.2375, 0.625), (0.25, 0.625), (0.2625, 0.625), (0.275, 0.625), (0.2875, 0.625), (0.3, 0.625),
            (0.3125, 0.625), (0.325, 0.625), (0.3375, 0.625), (0.35, 0.625), (0.3625, 0.625), (0.375, 0.625),
            (0.3875, 0.625), (0.4, 0.625), (0.4125, 0.625), (0.425, 0.625), (0.4375, 0.625), (0.45, 0.625),
            (0.4625, 0.625), (0.475, 0.625), (0.4875, 0.625), (0.5, 0.625), (0.5125, 0.625), (0.525, 0.625),
            (0.5375, 0.625), (0.55, 0.625), (0.5625, 0.625), (0.575, 0.625), (0.5875, 0.625), (0.6, 0.625),
            (0.6125, 0.625), (0.625, 0.625), (0.6375, 0.625), (0.65, 0.625), (0.6625, 0.625), (0.675, 0.625),
            (0.6875, 0.625), (0.7, 0.625), (0.7125, 0.625), (0.725, 0.625), (0.7375, 0.625), (0.75, 0.625),
            (0.7625, 0.625), (0.775, 0.625), (0.7875, 0.625), (0.8, 0.625), (0.8125, 0.625), (0.825, 0.625),
            (0.8375, 0.625), (0.85, 0.625), (0.8625, 0.625), (0.875, 0.625), (0.8875, 0.625), (0.9, 0.625),
            (0.9125, 0.625), (0.925, 0.625), (0.9375, 0.625), (0.95, 0.625), (0.9625, 0.625), (0.975, 0.625),
            (0.9875, 0.625), (0, 0.607143), (0.0125, 0.607143), (0.025, 0.607143), (0.0375, 0.607143), (0.05, 0.607143),
            (0.0625, 0.607143), (0.075, 0.607143), (0.0875, 0.607143), (0.1, 0.607143), (0.1125, 0.607143), (0.125, 0.607143),
            (0.1375, 0.607143), (0.15, 0.607143), (0.1625, 0.607143), (0.175, 0.607143), (0.1875, 0.607143), (0.2, 0.607143),
            (0.2125, 0.607143), (0.225, 0.607143), (0.2375, 0.607143), (0.25, 0.607143), (0.2625, 0.607143), (0.275, 0.607143),
            (0.2875, 0.607143), (0.3, 0.607143), (0.3125, 0.607143), (0.325, 0.607143), (0.3375, 0.607143), (0.35, 0.607143),
            (0.3625, 0.607143), (0.375, 0.607143), (0.3875, 0.607143), (0.4, 0.607143), (0.4125, 0.607143), (0.425, 0.607143),
            (0.4375, 0.607143), (0.45, 0.607143), (0.4625, 0.607143), (0.475, 0.607143), (0.4875, 0.607143), (0.5, 0.607143),
            (0.5125, 0.607143), (0.525, 0.607143), (0.5375, 0.607143), (0.55, 0.607143), (0.5625, 0.607143), (0.575, 0.607143),
            (0.5875, 0.607143), (0.6, 0.607143), (0.6125, 0.607143), (0.625, 0.607143), (0.6375, 0.607143), (0.65, 0.607143),
            (0.6625, 0.607143), (0.675, 0.607143), (0.6875, 0.607143), (0.7, 0.607143), (0.7125, 0.607143), (0.725, 0.607143),
            (0.7375, 0.607143), (0.75, 0.607143), (0.7625, 0.607143), (0.775, 0.607143), (0.7875, 0.607143), (0.8, 0.607143),
            (0.8125, 0.607143), (0.825, 0.607143), (0.8375, 0.607143), (0.85, 0.607143), (0.8625, 0.607143), (0.875, 0.607143),
            (0.8875, 0.607143), (0.9, 0.607143), (0.9125, 0.607143), (0.925, 0.607143), (0.9375, 0.607143), (0.95, 0.607143),
            (0.9625, 0.607143), (0.975, 0.607143), (0.9875, 0.607143), (0, 0.589286), (0.0125, 0.589286), (0.025, 0.589286),
            (0.0375, 0.589286), (0.05, 0.589286), (0.0625, 0.589286), (0.075, 0.589286), (0.0875, 0.589286), (0.1, 0.589286),
            (0.1125, 0.589286), (0.125, 0.589286), (0.1375, 0.589286), (0.15, 0.589286), (0.1625, 0.589286), (0.175, 0.589286),
            (0.1875, 0.589286), (0.2, 0.589286), (0.2125, 0.589286), (0.225, 0.589286), (0.2375, 0.589286), (0.25, 0.589286),
            (0.2625, 0.589286), (0.275, 0.589286), (0.2875, 0.589286), (0.3, 0.589286), (0.3125, 0.589286), (0.325, 0.589286),
            (0.3375, 0.589286), (0.35, 0.589286), (0.3625, 0.589286), (0.375, 0.589286), (0.3875, 0.589286), (0.4, 0.589286),
            (0.4125, 0.589286), (0.425, 0.589286), (0.4375, 0.589286), (0.45, 0.589286), (0.4625, 0.589286), (0.475, 0.589286),
            (0.4875, 0.589286), (0.5, 0.589286), (0.5125, 0.589286), (0.525, 0.589286), (0.5375, 0.589286), (0.55, 0.589286),
            (0.5625, 0.589286), (0.575, 0.589286), (0.5875, 0.589286), (0.6, 0.589286), (0.6125, 0.589286), (0.625, 0.589286),
            (0.6375, 0.589286), (0.65, 0.589286), (0.6625, 0.589286), (0.675, 0.589286), (0.6875, 0.589286), (0.7, 0.589286),
            (0.7125, 0.589286), (0.725, 0.589286), (0.7375, 0.589286), (0.75, 0.589286), (0.7625, 0.589286), (0.775, 0.589286),
            (0.7875, 0.589286), (0.8, 0.589286), (0.8125, 0.589286), (0.825, 0.589286), (0.8375, 0.589286), (0.85, 0.589286),
            (0.8625, 0.589286), (0.875, 0.589286), (0.8875, 0.589286), (0.9, 0.589286), (0.9125, 0.589286), (0.925, 0.589286),
            (0.9375, 0.589286), (0.95, 0.589286), (0.9625, 0.589286), (0.975, 0.589286), (0.9875, 0.589286), (0, 0.571429),
            (0.0125, 0.571429), (0.025, 0.571429), (0.0375, 0.571429), (0.05, 0.571429), (0.0625, 0.571429), (0.075, 0.571429),
            (0.0875, 0.571429), (0.1, 0.571429), (0.1125, 0.571429), (0.125, 0.571429), (0.1375, 0.571429), (0.15, 0.571429),
            (0.1625, 0.571429), (0.175, 0.571429), (0.1875, 0.571429), (0.2, 0.571429), (0.2125, 0.571429), (0.225, 0.571429),
            (0.2375, 0.571429), (0.25, 0.571429), (0.2625, 0.571429), (0.275, 0.571429), (0.2875, 0.571429), (0.3, 0.571429),
            (0.3125, 0.571429), (0.325, 0.571429), (0.3375, 0.571429), (0.35, 0.571429), (0.3625, 0.571429), (0.375, 0.571429),
            (0.3875, 0.571429), (0.4, 0.571429), (0.4125, 0.571429), (0.425, 0.571429), (0.4375, 0.571429), (0.45, 0.571429),
            (0.4625, 0.571429), (0.475, 0.571429), (0.4875, 0.571429), (0.5, 0.571429), (0.5125, 0.571429), (0.525, 0.571429),
            (0.5375, 0.571429), (0.55, 0.571429), (0.5625, 0.571429), (0.575, 0.571429), (0.5875, 0.571429), (0.6, 0.571429),
            (0.6125, 0.571429), (0.625, 0.571429), (0.6375, 0.571429), (0.65, 0.571429), (0.6625, 0.571429), (0.675, 0.571429),
            (0.6875, 0.571429), (0.7, 0.571429), (0.7125, 0.571429), (0.725, 0.571429), (0.7375, 0.571429), (0.75, 0.571429),
            (0.7625, 0.571429), (0.775, 0.571429), (0.7875, 0.571429), (0.8, 0.571429), (0.8125, 0.571429), (0.825, 0.571429),
            (0.8375, 0.571429), (0.85, 0.571429), (0.8625, 0.571429), (0.875, 0.571429), (0.8875, 0.571429), (0.9, 0.571429),
            (0.9125, 0.571429), (0.925, 0.571429), (0.9375, 0.571429), (0.95, 0.571429), (0.9625, 0.571429), (0.975, 0.571429),
            (0.9875, 0.571429), (0, 0.553571), (0.0125, 0.553571), (0.025, 0.553571), (0.0375, 0.553571), (0.05, 0.553571),
            (0.0625, 0.553571), (0.075, 0.553571), (0.0875, 0.553571), (0.1, 0.553571), (0.1125, 0.553571), (0.125, 0.553571),
            (0.1375, 0.553571), (0.15, 0.553571), (0.1625, 0.553571), (0.175, 0.553571), (0.1875, 0.553571), (0.2, 0.553571),
            (0.2125, 0.553571), (0.225, 0.553571), (0.2375, 0.553571), (0.25, 0.553571), (0.2625, 0.553571), (0.275, 0.553571),
            (0.2875, 0.553571), (0.3, 0.553571), (0.3125, 0.553571), (0.325, 0.553571), (0.3375, 0.553571), (0.35, 0.553571),
            (0.3625, 0.553571), (0.375, 0.553571), (0.3875, 0.553571), (0.4, 0.553571), (0.4125, 0.553571), (0.425, 0.553571),
            (0.4375, 0.553571), (0.45, 0.553571), (0.4625, 0.553571), (0.475, 0.553571), (0.4875, 0.553571), (0.5, 0.553571),
            (0.5125, 0.553571), (0.525, 0.553571), (0.5375, 0.553571), (0.55, 0.553571), (0.5625, 0.553571), (0.575, 0.553571),
            (0.5875, 0.553571), (0.6, 0.553571), (0.6125, 0.553571), (0.625, 0.553571), (0.6375, 0.553571), (0.65, 0.553571),
            (0.6625, 0.553571), (0.675, 0.553571), (0.6875, 0.553571), (0.7, 0.553571), (0.7125, 0.553571), (0.725, 0.553571),
            (0.7375, 0.553571), (0.75, 0.553571), (0.7625, 0.553571), (0.775, 0.553571), (0.7875, 0.553571), (0.8, 0.553571),
            (0.8125, 0.553571), (0.825, 0.553571), (0.8375, 0.553571), (0.85, 0.553571), (0.8625, 0.553571), (0.875, 0.553571),
            (0.8875, 0.553571), (0.9, 0.553571), (0.9125, 0.553571), (0.925, 0.553571), (0.9375, 0.553571), (0.95, 0.553571),
            (0.9625, 0.553571), (0.975, 0.553571), (0.9875, 0.553571), (0, 0.535714), (0.0125, 0.535714), (0.025, 0.535714),
            (0.0375, 0.535714), (0.05, 0.535714), (0.0625, 0.535714), (0.075, 0.535714), (0.0875, 0.535714), (0.1, 0.535714),
            (0.1125, 0.535714), (0.125, 0.535714), (0.1375, 0.535714), (0.15, 0.535714), (0.1625, 0.535714), (0.175, 0.535714),
            (0.1875, 0.535714), (0.2, 0.535714), (0.2125, 0.535714), (0.225, 0.535714), (0.2375, 0.535714), (0.25, 0.535714),
            (0.2625, 0.535714), (0.275, 0.535714), (0.2875, 0.535714), (0.3, 0.535714), (0.3125, 0.535714), (0.325, 0.535714),
            (0.3375, 0.535714), (0.35, 0.535714), (0.3625, 0.535714), (0.375, 0.535714), (0.3875, 0.535714), (0.4, 0.535714),
            (0.4125, 0.535714), (0.425, 0.535714), (0.4375, 0.535714), (0.45, 0.535714), (0.4625, 0.535714), (0.475, 0.535714),
            (0.4875, 0.535714), (0.5, 0.535714), (0.5125, 0.535714), (0.525, 0.535714), (0.5375, 0.535714), (0.55, 0.535714),
            (0.5625, 0.535714), (0.575, 0.535714), (0.5875, 0.535714), (0.6, 0.535714), (0.6125, 0.535714), (0.625, 0.535714),
            (0.6375, 0.535714), (0.65, 0.535714), (0.6625, 0.535714), (0.675, 0.535714), (0.6875, 0.535714), (0.7, 0.535714),
            (0.7125, 0.535714), (0.725, 0.535714), (0.7375, 0.535714), (0.75, 0.535714), (0.7625, 0.535714), (0.775, 0.535714),
            (0.7875, 0.535714), (0.8, 0.535714), (0.8125, 0.535714), (0.825, 0.535714), (0.8375, 0.535714), (0.85, 0.535714),
            (0.8625, 0.535714), (0.875, 0.535714), (0.8875, 0.535714), (0.9, 0.535714), (0.9125, 0.535714), (0.925, 0.535714),
            (0.9375, 0.535714), (0.95, 0.535714), (0.9625, 0.535714), (0.975, 0.535714), (0.9875, 0.535714), (0, 0.517857),
            (0.0125, 0.517857), (0.025, 0.517857), (0.0375, 0.517857), (0.05, 0.517857), (0.0625, 0.517857), (0.075, 0.517857),
            (0.0875, 0.517857), (0.1, 0.517857), (0.1125, 0.517857), (0.125, 0.517857), (0.1375, 0.517857), (0.15, 0.517857),
            (0.1625, 0.517857), (0.175, 0.517857), (0.1875, 0.517857), (0.2, 0.517857), (0.2125, 0.517857), (0.225, 0.517857),
            (0.2375, 0.517857), (0.25, 0.517857), (0.2625, 0.517857), (0.275, 0.517857), (0.2875, 0.517857), (0.3, 0.517857),
            (0.3125, 0.517857), (0.325, 0.517857), (0.3375, 0.517857), (0.35, 0.517857), (0.3625, 0.517857), (0.375, 0.517857),
            (0.3875, 0.517857), (0.4, 0.517857), (0.4125, 0.517857), (0.425, 0.517857), (0.4375, 0.517857), (0.45, 0.517857),
            (0.4625, 0.517857), (0.475, 0.517857), (0.4875, 0.517857), (0.5, 0.517857), (0.5125, 0.517857), (0.525, 0.517857),
            (0.5375, 0.517857), (0.55, 0.517857), (0.5625, 0.517857), (0.575, 0.517857), (0.5875, 0.517857), (0.6, 0.517857),
            (0.6125, 0.517857), (0.625, 0.517857), (0.6375, 0.517857), (0.65, 0.517857), (0.6625, 0.517857), (0.675, 0.517857),
            (0.6875, 0.517857), (0.7, 0.517857), (0.7125, 0.517857), (0.725, 0.517857), (0.7375, 0.517857), (0.75, 0.517857),
            (0.7625, 0.517857), (0.775, 0.517857), (0.7875, 0.517857), (0.8, 0.517857), (0.8125, 0.517857), (0.825, 0.517857),
            (0.8375, 0.517857), (0.85, 0.517857), (0.8625, 0.517857), (0.875, 0.517857), (0.8875, 0.517857), (0.9, 0.517857),
            (0.9125, 0.517857), (0.925, 0.517857), (0.9375, 0.517857), (0.95, 0.517857), (0.9625, 0.517857), (0.975, 0.517857),
            (0.9875, 0.517857), (0, 0.5), (0.0125, 0.5), (0.025, 0.5), (0.0375, 0.5), (0.05, 0.5),
            (0.0625, 0.5), (0.075, 0.5), (0.0875, 0.5), (0.1, 0.5), (0.1125, 0.5), (0.125, 0.5),
            (0.1375, 0.5), (0.15, 0.5), (0.1625, 0.5), (0.175, 0.5), (0.1875, 0.5), (0.2, 0.5),
            (0.2125, 0.5), (0.225, 0.5), (0.2375, 0.5), (0.25, 0.5), (0.2625, 0.5), (0.275, 0.5),
            (0.2875, 0.5), (0.3, 0.5), (0.3125, 0.5), (0.325, 0.5), (0.3375, 0.5), (0.35, 0.5),
            (0.3625, 0.5), (0.375, 0.5), (0.3875, 0.5), (0.4, 0.5), (0.4125, 0.5), (0.425, 0.5),
            (0.4375, 0.5), (0.45, 0.5), (0.4625, 0.5), (0.475, 0.5), (0.4875, 0.5), (0.5, 0.5),
            (0.5125, 0.5), (0.525, 0.5), (0.5375, 0.5), (0.55, 0.5), (0.5625, 0.5), (0.575, 0.5),
            (0.5875, 0.5), (0.6, 0.5), (0.6125, 0.5), (0.625, 0.5), (0.6375, 0.5), (0.65, 0.5),
            (0.6625, 0.5), (0.675, 0.5), (0.6875, 0.5), (0.7, 0.5), (0.7125, 0.5), (0.725, 0.5),
            (0.7375, 0.5), (0.75, 0.5), (0.7625, 0.5), (0.775, 0.5), (0.7875, 0.5), (0.8, 0.5),
            (0.8125, 0.5), (0.825, 0.5), (0.8375, 0.5), (0.85, 0.5), (0.8625, 0.5), (0.875, 0.5),
            (0.8875, 0.5), (0.9, 0.5), (0.9125, 0.5), (0.925, 0.5), (0.9375, 0.5), (0.95, 0.5),
            (0.9625, 0.5), (0.975, 0.5), (0.9875, 0.5), (0, 0.482143), (0.0125, 0.482143), (0.025, 0.482143),
            (0.0375, 0.482143), (0.05, 0.482143), (0.0625, 0.482143), (0.075, 0.482143), (0.0875, 0.482143), (0.1, 0.482143),
            (0.1125, 0.482143), (0.125, 0.482143), (0.1375, 0.482143), (0.15, 0.482143), (0.1625, 0.482143), (0.175, 0.482143),
            (0.1875, 0.482143), (0.2, 0.482143), (0.2125, 0.482143), (0.225, 0.482143), (0.2375, 0.482143), (0.25, 0.482143),
            (0.2625, 0.482143), (0.275, 0.482143), (0.2875, 0.482143), (0.3, 0.482143), (0.3125, 0.482143), (0.325, 0.482143),
            (0.3375, 0.482143), (0.35, 0.482143), (0.3625, 0.482143), (0.375, 0.482143), (0.3875, 0.482143), (0.4, 0.482143),
            (0.4125, 0.482143), (0.425, 0.482143), (0.4375, 0.482143), (0.45, 0.482143), (0.4625, 0.482143), (0.475, 0.482143),
            (0.4875, 0.482143), (0.5, 0.482143), (0.5125, 0.482143), (0.525, 0.482143), (0.5375, 0.482143), (0.55, 0.482143),
            (0.5625, 0.482143), (0.575, 0.482143), (0.5875, 0.482143), (0.6, 0.482143), (0.6125, 0.482143), (0.625, 0.482143),
            (0.6375, 0.482143), (0.65, 0.482143), (0.6625, 0.482143), (0.675, 0.482143), (0.6875, 0.482143), (0.7, 0.482143),
            (0.7125, 0.482143), (0.725, 0.482143), (0.7375, 0.482143), (0.75, 0.482143), (0.7625, 0.482143), (0.775, 0.482143),
            (0.7875, 0.482143), (0.8, 0.482143), (0.8125, 0.482143), (0.825, 0.482143), (0.8375, 0.482143), (0.85, 0.482143),
            (0.8625, 0.482143), (0.875, 0.482143), (0.8875, 0.482143), (0.9, 0.482143), (0.9125, 0.482143), (0.925, 0.482143),
            (0.9375, 0.482143), (0.95, 0.482143), (0.9625, 0.482143), (0.975, 0.482143), (0.9875, 0.482143), (0, 0.464286),
            (0.0125, 0.464286), (0.025, 0.464286), (0.0375, 0.464286), (0.05, 0.464286), (0.0625, 0.464286), (0.075, 0.464286),
            (0.0875, 0.464286), (0.1, 0.464286), (0.1125, 0.464286), (0.125, 0.464286), (0.1375, 0.464286), (0.15, 0.464286),
            (0.1625, 0.464286), (0.175, 0.464286), (0.1875, 0.464286), (0.2, 0.464286), (0.2125, 0.464286), (0.225, 0.464286),
            (0.2375, 0.464286), (0.25, 0.464286), (0.2625, 0.464286), (0.275, 0.464286), (0.2875, 0.464286), (0.3, 0.464286),
            (0.3125, 0.464286), (0.325, 0.464286), (0.3375, 0.464286), (0.35, 0.464286), (0.3625, 0.464286), (0.375, 0.464286),
            (0.3875, 0.464286), (0.4, 0.464286), (0.4125, 0.464286), (0.425, 0.464286), (0.4375, 0.464286), (0.45, 0.464286),
            (0.4625, 0.464286), (0.475, 0.464286), (0.4875, 0.464286), (0.5, 0.464286), (0.5125, 0.464286), (0.525, 0.464286),
            (0.5375, 0.464286), (0.55, 0.464286), (0.5625, 0.464286), (0.575, 0.464286), (0.5875, 0.464286), (0.6, 0.464286),
            (0.6125, 0.464286), (0.625, 0.464286), (0.6375, 0.464286), (0.65, 0.464286), (0.6625, 0.464286), (0.675, 0.464286),
            (0.6875, 0.464286), (0.7, 0.464286), (0.7125, 0.464286), (0.725, 0.464286), (0.7375, 0.464286), (0.75, 0.464286),
            (0.7625, 0.464286), (0.775, 0.464286), (0.7875, 0.464286), (0.8, 0.464286), (0.8125, 0.464286), (0.825, 0.464286),
            (0.8375, 0.464286), (0.85, 0.464286), (0.8625, 0.464286), (0.875, 0.464286), (0.8875, 0.464286), (0.9, 0.464286),
            (0.9125, 0.464286), (0.925, 0.464286), (0.9375, 0.464286), (0.95, 0.464286), (0.9625, 0.464286), (0.975, 0.464286),
            (0.9875, 0.464286), (0, 0.446429), (0.0125, 0.446429), (0.025, 0.446429), (0.0375, 0.446429), (0.05, 0.446429),
            (0.0625, 0.446429), (0.075, 0.446429), (0.0875, 0.446429), (0.1, 0.446429), (0.1125, 0.446429), (0.125, 0.446429),
            (0.1375, 0.446429), (0.15, 0.446429), (0.1625, 0.446429), (0.175, 0.446429), (0.1875, 0.446429), (0.2, 0.446429),
            (0.2125, 0.446429), (0.225, 0.446429), (0.2375, 0.446429), (0.25, 0.446429), (0.2625, 0.446429), (0.275, 0.446429),
            (0.2875, 0.446429), (0.3, 0.446429), (0.3125, 0.446429), (0.325, 0.446429), (0.3375, 0.446429), (0.35, 0.446429),
            (0.3625, 0.446429), (0.375, 0.446429), (0.3875, 0.446429), (0.4, 0.446429), (0.4125, 0.446429), (0.425, 0.446429),
            (0.4375, 0.446429), (0.45, 0.446429), (0.4625, 0.446429), (0.475, 0.446429), (0.4875, 0.446429), (0.5, 0.446429),
            (0.5125, 0.446429), (0.525, 0.446429), (0.5375, 0.446429), (0.55, 0.446429), (0.5625, 0.446429), (0.575, 0.446429),
            (0.5875, 0.446429), (0.6, 0.446429), (0.6125, 0.446429), (0.625, 0.446429), (0.6375, 0.446429), (0.65, 0.446429),
            (0.6625, 0.446429), (0.675, 0.446429), (0.6875, 0.446429), (0.7, 0.446429), (0.7125, 0.446429), (0.725, 0.446429),
            (0.7375, 0.446429), (0.75, 0.446429), (0.7625, 0.446429), (0.775, 0.446429), (0.7875, 0.446429), (0.8, 0.446429),
            (0.8125, 0.446429), (0.825, 0.446429), (0.8375, 0.446429), (0.85, 0.446429), (0.8625, 0.446429), (0.875, 0.446429),
            (0.8875, 0.446429), (0.9, 0.446429), (0.9125, 0.446429), (0.925, 0.446429), (0.9375, 0.446429), (0.95, 0.446429),
            (0.9625, 0.446429), (0.975, 0.446429), (0.9875, 0.446429), (0, 0.428571), (0.0125, 0.428571), (0.025, 0.428571),
            (0.0375, 0.428571), (0.05, 0.428571), (0.0625, 0.428571), (0.075, 0.428571), (0.0875, 0.428571), (0.1, 0.428571),
            (0.1125, 0.428571), (0.125, 0.428571), (0.1375, 0.428571), (0.15, 0.428571), (0.1625, 0.428571), (0.175, 0.428571),
            (0.1875, 0.428571), (0.2, 0.428571), (0.2125, 0.428571), (0.225, 0.428571), (0.2375, 0.428571), (0.25, 0.428571),
            (0.2625, 0.428571), (0.275, 0.428571), (0.2875, 0.428571), (0.3, 0.428571), (0.3125, 0.428571), (0.325, 0.428571),
            (0.3375, 0.428571), (0.35, 0.428571), (0.3625, 0.428571), (0.375, 0.428571), (0.3875, 0.428571), (0.4, 0.428571),
            (0.4125, 0.428571), (0.425, 0.428571), (0.4375, 0.428571), (0.45, 0.428571), (0.4625, 0.428571), (0.475, 0.428571),
            (0.4875, 0.428571), (0.5, 0.428571), (0.5125, 0.428571), (0.525, 0.428571), (0.5375, 0.428571), (0.55, 0.428571),
            (0.5625, 0.428571), (0.575, 0.428571), (0.5875, 0.428571), (0.6, 0.428571), (0.6125, 0.428571), (0.625, 0.428571),
            (0.6375, 0.428571), (0.65, 0.428571), (0.6625, 0.428571), (0.675, 0.428571), (0.6875, 0.428571), (0.7, 0.428571),
            (0.7125, 0.428571), (0.725, 0.428571), (0.7375, 0.428571), (0.75, 0.428571), (0.7625, 0.428571), (0.775, 0.428571),
            (0.7875, 0.428571), (0.8, 0.428571), (0.8125, 0.428571), (0.825, 0.428571), (0.8375, 0.428571), (0.85, 0.428571),
            (0.8625, 0.428571), (0.875, 0.428571), (0.8875, 0.428571), (0.9, 0.428571), (0.9125, 0.428571), (0.925, 0.428571),
            (0.9375, 0.428571), (0.95, 0.428571), (0.9625, 0.428571), (0.975, 0.428571), (0.9875, 0.428571), (0, 0.410714),
            (0.0125, 0.410714), (0.025, 0.410714), (0.0375, 0.410714), (0.05, 0.410714), (0.0625, 0.410714), (0.075, 0.410714),
            (0.0875, 0.410714), (0.1, 0.410714), (0.1125, 0.410714), (0.125, 0.410714), (0.1375, 0.410714), (0.15, 0.410714),
            (0.1625, 0.410714), (0.175, 0.410714), (0.1875, 0.410714), (0.2, 0.410714), (0.2125, 0.410714), (0.225, 0.410714),
            (0.2375, 0.410714), (0.25, 0.410714), (0.2625, 0.410714), (0.275, 0.410714), (0.2875, 0.410714), (0.3, 0.410714),
            (0.3125, 0.410714), (0.325, 0.410714), (0.3375, 0.410714), (0.35, 0.410714), (0.3625, 0.410714), (0.375, 0.410714),
            (0.3875, 0.410714), (0.4, 0.410714), (0.4125, 0.410714), (0.425, 0.410714), (0.4375, 0.410714), (0.45, 0.410714),
            (0.4625, 0.410714), (0.475, 0.410714), (0.4875, 0.410714), (0.5, 0.410714), (0.5125, 0.410714), (0.525, 0.410714),
            (0.5375, 0.410714), (0.55, 0.410714), (0.5625, 0.410714), (0.575, 0.410714), (0.5875, 0.410714), (0.6, 0.410714),
            (0.6125, 0.410714), (0.625, 0.410714), (0.6375, 0.410714), (0.65, 0.410714), (0.6625, 0.410714), (0.675, 0.410714),
            (0.6875, 0.410714), (0.7, 0.410714), (0.7125, 0.410714), (0.725, 0.410714), (0.7375, 0.410714), (0.75, 0.410714),
            (0.7625, 0.410714), (0.775, 0.410714), (0.7875, 0.410714), (0.8, 0.410714), (0.8125, 0.410714), (0.825, 0.410714),
            (0.8375, 0.410714), (0.85, 0.410714), (0.8625, 0.410714), (0.875, 0.410714), (0.8875, 0.410714), (0.9, 0.410714),
            (0.9125, 0.410714), (0.925, 0.410714), (0.9375, 0.410714), (0.95, 0.410714), (0.9625, 0.410714), (0.975, 0.410714),
            (0.9875, 0.410714), (0, 0.392857), (0.0125, 0.392857), (0.025, 0.392857), (0.0375, 0.392857), (0.05, 0.392857),
            (0.0625, 0.392857), (0.075, 0.392857), (0.0875, 0.392857), (0.1, 0.392857), (0.1125, 0.392857), (0.125, 0.392857),
            (0.1375, 0.392857), (0.15, 0.392857), (0.1625, 0.392857), (0.175, 0.392857), (0.1875, 0.392857), (0.2, 0.392857),
            (0.2125, 0.392857), (0.225, 0.392857), (0.2375, 0.392857), (0.25, 0.392857), (0.2625, 0.392857), (0.275, 0.392857),
            (0.2875, 0.392857), (0.3, 0.392857), (0.3125, 0.392857), (0.325, 0.392857), (0.3375, 0.392857), (0.35, 0.392857),
            (0.3625, 0.392857), (0.375, 0.392857), (0.3875, 0.392857), (0.4, 0.392857), (0.4125, 0.392857), (0.425, 0.392857),
            (0.4375, 0.392857), (0.45, 0.392857), (0.4625, 0.392857), (0.475, 0.392857), (0.4875, 0.392857), (0.5, 0.392857),
            (0.5125, 0.392857), (0.525, 0.392857), (0.5375, 0.392857), (0.55, 0.392857), (0.5625, 0.392857), (0.575, 0.392857),
            (0.5875, 0.392857), (0.6, 0.392857), (0.6125, 0.392857), (0.625, 0.392857), (0.6375, 0.392857), (0.65, 0.392857),
            (0.6625, 0.392857), (0.675, 0.392857), (0.6875, 0.392857), (0.7, 0.392857), (0.7125, 0.392857), (0.725, 0.392857),
            (0.7375, 0.392857), (0.75, 0.392857), (0.7625, 0.392857), (0.775, 0.392857), (0.7875, 0.392857), (0.8, 0.392857),
            (0.8125, 0.392857), (0.825, 0.392857), (0.8375, 0.392857), (0.85, 0.392857), (0.8625, 0.392857), (0.875, 0.392857),
            (0.8875, 0.392857), (0.9, 0.392857), (0.9125, 0.392857), (0.925, 0.392857), (0.9375, 0.392857), (0.95, 0.392857),
            (0.9625, 0.392857), (0.975, 0.392857), (0.9875, 0.392857), (0, 0.375), (0.0125, 0.375), (0.025, 0.375),
            (0.0375, 0.375), (0.05, 0.375), (0.0625, 0.375), (0.075, 0.375), (0.0875, 0.375), (0.1, 0.375),
            (0.1125, 0.375), (0.125, 0.375), (0.1375, 0.375), (0.15, 0.375), (0.1625, 0.375), (0.175, 0.375),
            (0.1875, 0.375), (0.2, 0.375), (0.2125, 0.375), (0.225, 0.375), (0.2375, 0.375), (0.25, 0.375),
            (0.2625, 0.375), (0.275, 0.375), (0.2875, 0.375), (0.3, 0.375), (0.3125, 0.375), (0.325, 0.375),
            (0.3375, 0.375), (0.35, 0.375), (0.3625, 0.375), (0.375, 0.375), (0.3875, 0.375), (0.4, 0.375),
            (0.4125, 0.375), (0.425, 0.375), (0.4375, 0.375), (0.45, 0.375), (0.4625, 0.375), (0.475, 0.375),
            (0.4875, 0.375), (0.5, 0.375), (0.5125, 0.375), (0.525, 0.375), (0.5375, 0.375), (0.55, 0.375),
            (0.5625, 0.375), (0.575, 0.375), (0.5875, 0.375), (0.6, 0.375), (0.6125, 0.375), (0.625, 0.375),
            (0.6375, 0.375), (0.65, 0.375), (0.6625, 0.375), (0.675, 0.375), (0.6875, 0.375), (0.7, 0.375),
            (0.7125, 0.375), (0.725, 0.375), (0.7375, 0.375), (0.75, 0.375), (0.7625, 0.375), (0.775, 0.375),
            (0.7875, 0.375), (0.8, 0.375), (0.8125, 0.375), (0.825, 0.375), (0.8375, 0.375), (0.85, 0.375),
            (0.8625, 0.375), (0.875, 0.375), (0.8875, 0.375), (0.9, 0.375), (0.9125, 0.375), (0.925, 0.375),
            (0.9375, 0.375), (0.95, 0.375), (0.9625, 0.375), (0.975, 0.375), (0.9875, 0.375), (0, 0.357143),
            (0.0125, 0.357143), (0.025, 0.357143), (0.0375, 0.357143), (0.05, 0.357143), (0.0625, 0.357143), (0.075, 0.357143),
            (0.0875, 0.357143), (0.1, 0.357143), (0.1125, 0.357143), (0.125, 0.357143), (0.1375, 0.357143), (0.15, 0.357143),
            (0.1625, 0.357143), (0.175, 0.357143), (0.1875, 0.357143), (0.2, 0.357143), (0.2125, 0.357143), (0.225, 0.357143),
            (0.2375, 0.357143), (0.25, 0.357143), (0.2625, 0.357143), (0.275, 0.357143), (0.2875, 0.357143), (0.3, 0.357143),
            (0.3125, 0.357143), (0.325, 0.357143), (0.3375, 0.357143), (0.35, 0.357143), (0.3625, 0.357143), (0.375, 0.357143),
            (0.3875, 0.357143), (0.4, 0.357143), (0.4125, 0.357143), (0.425, 0.357143), (0.4375, 0.357143), (0.45, 0.357143),
            (0.4625, 0.357143), (0.475, 0.357143), (0.4875, 0.357143), (0.5, 0.357143), (0.5125, 0.357143), (0.525, 0.357143),
            (0.5375, 0.357143), (0.55, 0.357143), (0.5625, 0.357143), (0.575, 0.357143), (0.5875, 0.357143), (0.6, 0.357143),
            (0.6125, 0.357143), (0.625, 0.357143), (0.6375, 0.357143), (0.65, 0.357143), (0.6625, 0.357143), (0.675, 0.357143),
            (0.6875, 0.357143), (0.7, 0.357143), (0.7125, 0.357143), (0.725, 0.357143), (0.7375, 0.357143), (0.75, 0.357143),
            (0.7625, 0.357143), (0.775, 0.357143), (0.7875, 0.357143), (0.8, 0.357143), (0.8125, 0.357143), (0.825, 0.357143),
            (0.8375, 0.357143), (0.85, 0.357143), (0.8625, 0.357143), (0.875, 0.357143), (0.8875, 0.357143), (0.9, 0.357143),
            (0.9125, 0.357143), (0.925, 0.357143), (0.9375, 0.357143), (0.95, 0.357143), (0.9625, 0.357143), (0.975, 0.357143),
            (0.9875, 0.357143), (0, 0.339286), (0.0125, 0.339286), (0.025, 0.339286), (0.0375, 0.339286), (0.05, 0.339286),
            (0.0625, 0.339286), (0.075, 0.339286), (0.0875, 0.339286), (0.1, 0.339286), (0.1125, 0.339286), (0.125, 0.339286),
            (0.1375, 0.339286), (0.15, 0.339286), (0.1625, 0.339286), (0.175, 0.339286), (0.1875, 0.339286), (0.2, 0.339286),
            (0.2125, 0.339286), (0.225, 0.339286), (0.2375, 0.339286), (0.25, 0.339286), (0.2625, 0.339286), (0.275, 0.339286),
            (0.2875, 0.339286), (0.3, 0.339286), (0.3125, 0.339286), (0.325, 0.339286), (0.3375, 0.339286), (0.35, 0.339286),
            (0.3625, 0.339286), (0.375, 0.339286), (0.3875, 0.339286), (0.4, 0.339286), (0.4125, 0.339286), (0.425, 0.339286),
            (0.4375, 0.339286), (0.45, 0.339286), (0.4625, 0.339286), (0.475, 0.339286), (0.4875, 0.339286), (0.5, 0.339286),
            (0.5125, 0.339286), (0.525, 0.339286), (0.5375, 0.339286), (0.55, 0.339286), (0.5625, 0.339286), (0.575, 0.339286),
            (0.5875, 0.339286), (0.6, 0.339286), (0.6125, 0.339286), (0.625, 0.339286), (0.6375, 0.339286), (0.65, 0.339286),
            (0.6625, 0.339286), (0.675, 0.339286), (0.6875, 0.339286), (0.7, 0.339286), (0.7125, 0.339286), (0.725, 0.339286),
            (0.7375, 0.339286), (0.75, 0.339286), (0.7625, 0.339286), (0.775, 0.339286), (0.7875, 0.339286), (0.8, 0.339286),
            (0.8125, 0.339286), (0.825, 0.339286), (0.8375, 0.339286), (0.85, 0.339286), (0.8625, 0.339286), (0.875, 0.339286),
            (0.8875, 0.339286), (0.9, 0.339286), (0.9125, 0.339286), (0.925, 0.339286), (0.9375, 0.339286), (0.95, 0.339286),
            (0.9625, 0.339286), (0.975, 0.339286), (0.9875, 0.339286), (0, 0.321429), (0.0125, 0.321429), (0.025, 0.321429),
            (0.0375, 0.321429), (0.05, 0.321429), (0.0625, 0.321429), (0.075, 0.321429), (0.0875, 0.321429), (0.1, 0.321429),
            (0.1125, 0.321429), (0.125, 0.321429), (0.1375, 0.321429), (0.15, 0.321429), (0.1625, 0.321429), (0.175, 0.321429),
            (0.1875, 0.321429), (0.2, 0.321429), (0.2125, 0.321429), (0.225, 0.321429), (0.2375, 0.321429), (0.25, 0.321429),
            (0.2625, 0.321429), (0.275, 0.321429), (0.2875, 0.321429), (0.3, 0.321429), (0.3125, 0.321429), (0.325, 0.321429),
            (0.3375, 0.321429), (0.35, 0.321429), (0.3625, 0.321429), (0.375, 0.321429), (0.3875, 0.321429), (0.4, 0.321429),
            (0.4125, 0.321429), (0.425, 0.321429), (0.4375, 0.321429), (0.45, 0.321429), (0.4625, 0.321429), (0.475, 0.321429),
            (0.4875, 0.321429), (0.5, 0.321429), (0.5125, 0.321429), (0.525, 0.321429), (0.5375, 0.321429), (0.55, 0.321429),
            (0.5625, 0.321429), (0.575, 0.321429), (0.5875, 0.321429), (0.6, 0.321429), (0.6125, 0.321429), (0.625, 0.321429),
            (0.6375, 0.321429), (0.65, 0.321429), (0.6625, 0.321429), (0.675, 0.321429), (0.6875, 0.321429), (0.7, 0.321429),
            (0.7125, 0.321429), (0.725, 0.321429), (0.7375, 0.321429), (0.75, 0.321429), (0.7625, 0.321429), (0.775, 0.321429),
            (0.7875, 0.321429), (0.8, 0.321429), (0.8125, 0.321429), (0.825, 0.321429), (0.8375, 0.321429), (0.85, 0.321429),
            (0.8625, 0.321429), (0.875, 0.321429), (0.8875, 0.321429), (0.9, 0.321429), (0.9125, 0.321429), (0.925, 0.321429),
            (0.9375, 0.321429), (0.95, 0.321429), (0.9625, 0.321429), (0.975, 0.321429), (0.9875, 0.321429), (0, 0.303571),
            (0.0125, 0.303571), (0.025, 0.303571), (0.0375, 0.303571), (0.05, 0.303571), (0.0625, 0.303571), (0.075, 0.303571),
            (0.0875, 0.303571), (0.1, 0.303571), (0.1125, 0.303571), (0.125, 0.303571), (0.1375, 0.303571), (0.15, 0.303571),
            (0.1625, 0.303571), (0.175, 0.303571), (0.1875, 0.303571), (0.2, 0.303571), (0.2125, 0.303571), (0.225, 0.303571),
            (0.2375, 0.303571), (0.25, 0.303571), (0.2625, 0.303571), (0.275, 0.303571), (0.2875, 0.303571), (0.3, 0.303571),
            (0.3125, 0.303571), (0.325, 0.303571), (0.3375, 0.303571), (0.35, 0.303571), (0.3625, 0.303571), (0.375, 0.303571),
            (0.3875, 0.303571), (0.4, 0.303571), (0.4125, 0.303571), (0.425, 0.303571), (0.4375, 0.303571), (0.45, 0.303571),
            (0.4625, 0.303571), (0.475, 0.303571), (0.4875, 0.303571), (0.5, 0.303571), (0.5125, 0.303571), (0.525, 0.303571),
            (0.5375, 0.303571), (0.55, 0.303571), (0.5625, 0.303571), (0.575, 0.303571), (0.5875, 0.303571), (0.6, 0.303571),
            (0.6125, 0.303571), (0.625, 0.303571), (0.6375, 0.303571), (0.65, 0.303571), (0.6625, 0.303571), (0.675, 0.303571),
            (0.6875, 0.303571), (0.7, 0.303571), (0.7125, 0.303571), (0.725, 0.303571), (0.7375, 0.303571), (0.75, 0.303571),
            (0.7625, 0.303571), (0.775, 0.303571), (0.7875, 0.303571), (0.8, 0.303571), (0.8125, 0.303571), (0.825, 0.303571),
            (0.8375, 0.303571), (0.85, 0.303571), (0.8625, 0.303571), (0.875, 0.303571), (0.8875, 0.303571), (0.9, 0.303571),
            (0.9125, 0.303571), (0.925, 0.303571), (0.9375, 0.303571), (0.95, 0.303571), (0.9625, 0.303571), (0.975, 0.303571),
            (0.9875, 0.303571), (0, 0.285714), (0.0125, 0.285714), (0.025, 0.285714), (0.0375, 0.285714), (0.05, 0.285714),
            (0.0625, 0.285714), (0.075, 0.285714), (0.0875, 0.285714), (0.1, 0.285714), (0.1125, 0.285714), (0.125, 0.285714),
            (0.1375, 0.285714), (0.15, 0.285714), (0.1625, 0.285714), (0.175, 0.285714), (0.1875, 0.285714), (0.2, 0.285714),
            (0.2125, 0.285714), (0.225, 0.285714), (0.2375, 0.285714), (0.25, 0.285714), (0.2625, 0.285714), (0.275, 0.285714),
            (0.2875, 0.285714), (0.3, 0.285714), (0.3125, 0.285714), (0.325, 0.285714), (0.3375, 0.285714), (0.35, 0.285714),
            (0.3625, 0.285714), (0.375, 0.285714), (0.3875, 0.285714), (0.4, 0.285714), (0.4125, 0.285714), (0.425, 0.285714),
            (0.4375, 0.285714), (0.45, 0.285714), (0.4625, 0.285714), (0.475, 0.285714), (0.4875, 0.285714), (0.5, 0.285714),
            (0.5125, 0.285714), (0.525, 0.285714), (0.5375, 0.285714), (0.55, 0.285714), (0.5625, 0.285714), (0.575, 0.285714),
            (0.5875, 0.285714), (0.6, 0.285714), (0.6125, 0.285714), (0.625, 0.285714), (0.6375, 0.285714), (0.65, 0.285714),
            (0.6625, 0.285714), (0.675, 0.285714), (0.6875, 0.285714), (0.7, 0.285714), (0.7125, 0.285714), (0.725, 0.285714),
            (0.7375, 0.285714), (0.75, 0.285714), (0.7625, 0.285714), (0.775, 0.285714), (0.7875, 0.285714), (0.8, 0.285714),
            (0.8125, 0.285714), (0.825, 0.285714), (0.8375, 0.285714), (0.85, 0.285714), (0.8625, 0.285714), (0.875, 0.285714),
            (0.8875, 0.285714), (0.9, 0.285714), (0.9125, 0.285714), (0.925, 0.285714), (0.9375, 0.285714), (0.95, 0.285714),
            (0.9625, 0.285714), (0.975, 0.285714), (0.9875, 0.285714), (0, 0.267857), (0.0125, 0.267857), (0.025, 0.267857),
            (0.0375, 0.267857), (0.05, 0.267857), (0.0625, 0.267857), (0.075, 0.267857), (0.0875, 0.267857), (0.1, 0.267857),
            (0.1125, 0.267857), (0.125, 0.267857), (0.1375, 0.267857), (0.15, 0.267857), (0.1625, 0.267857), (0.175, 0.267857),
            (0.1875, 0.267857), (0.2, 0.267857), (0.2125, 0.267857), (0.225, 0.267857), (0.2375, 0.267857), (0.25, 0.267857),
            (0.2625, 0.267857), (0.275, 0.267857), (0.2875, 0.267857), (0.3, 0.267857), (0.3125, 0.267857), (0.325, 0.267857),
            (0.3375, 0.267857), (0.35, 0.267857), (0.3625, 0.267857), (0.375, 0.267857), (0.3875, 0.267857), (0.4, 0.267857),
            (0.4125, 0.267857), (0.425, 0.267857), (0.4375, 0.267857), (0.45, 0.267857), (0.4625, 0.267857), (0.475, 0.267857),
            (0.4875, 0.267857), (0.5, 0.267857), (0.5125, 0.267857), (0.525, 0.267857), (0.5375, 0.267857), (0.55, 0.267857),
            (0.5625, 0.267857), (0.575, 0.267857), (0.5875, 0.267857), (0.6, 0.267857), (0.6125, 0.267857), (0.625, 0.267857),
            (0.6375, 0.267857), (0.65, 0.267857), (0.6625, 0.267857), (0.675, 0.267857), (0.6875, 0.267857), (0.7, 0.267857),
            (0.7125, 0.267857), (0.725, 0.267857), (0.7375, 0.267857), (0.75, 0.267857), (0.7625, 0.267857), (0.775, 0.267857),
            (0.7875, 0.267857), (0.8, 0.267857), (0.8125, 0.267857), (0.825, 0.267857), (0.8375, 0.267857), (0.85, 0.267857),
            (0.8625, 0.267857), (0.875, 0.267857), (0.8875, 0.267857), (0.9, 0.267857), (0.9125, 0.267857), (0.925, 0.267857),
            (0.9375, 0.267857), (0.95, 0.267857), (0.9625, 0.267857), (0.975, 0.267857), (0.9875, 0.267857), (0, 0.25),
            (0.0125, 0.25), (0.025, 0.25), (0.0375, 0.25), (0.05, 0.25), (0.0625, 0.25), (0.075, 0.25),
            (0.0875, 0.25), (0.1, 0.25), (0.1125, 0.25), (0.125, 0.25), (0.1375, 0.25), (0.15, 0.25),
            (0.1625, 0.25), (0.175, 0.25), (0.1875, 0.25), (0.2, 0.25), (0.2125, 0.25), (0.225, 0.25),
            (0.2375, 0.25), (0.25, 0.25), (0.2625, 0.25), (0.275, 0.25), (0.2875, 0.25), (0.3, 0.25),
            (0.3125, 0.25), (0.325, 0.25), (0.3375, 0.25), (0.35, 0.25), (0.3625, 0.25), (0.375, 0.25),
            (0.3875, 0.25), (0.4, 0.25), (0.4125, 0.25), (0.425, 0.25), (0.4375, 0.25), (0.45, 0.25),
            (0.4625, 0.25), (0.475, 0.25), (0.4875, 0.25), (0.5, 0.25), (0.5125, 0.25), (0.525, 0.25),
            (0.5375, 0.25), (0.55, 0.25), (0.5625, 0.25), (0.575, 0.25), (0.5875, 0.25), (0.6, 0.25),
            (0.6125, 0.25), (0.625, 0.25), (0.6375, 0.25), (0.65, 0.25), (0.6625, 0.25), (0.675, 0.25),
            (0.6875, 0.25), (0.7, 0.25), (0.7125, 0.25), (0.725, 0.25), (0.7375, 0.25), (0.75, 0.25),
            (0.7625, 0.25), (0.775, 0.25), (0.7875, 0.25), (0.8, 0.25), (0.8125, 0.25), (0.825, 0.25),
            (0.8375, 0.25), (0.85, 0.25), (0.8625, 0.25), (0.875, 0.25), (0.8875, 0.25), (0.9, 0.25),
            (0.9125, 0.25), (0.925, 0.25), (0.9375, 0.25), (0.95, 0.25), (0.9625, 0.25), (0.975, 0.25),
            (0.9875, 0.25), (0, 0.232143), (0.0125, 0.232143), (0.025, 0.232143), (0.0375, 0.232143), (0.05, 0.232143),
            (0.0625, 0.232143), (0.075, 0.232143), (0.0875, 0.232143), (0.1, 0.232143), (0.1125, 0.232143), (0.125, 0.232143),
            (0.1375, 0.232143), (0.15, 0.232143), (0.1625, 0.232143), (0.175, 0.232143), (0.1875, 0.232143), (0.2, 0.232143),
            (0.2125, 0.232143), (0.225, 0.232143), (0.2375, 0.232143), (0.25, 0.232143), (0.2625, 0.232143), (0.275, 0.232143),
            (0.2875, 0.232143), (0.3, 0.232143), (0.3125, 0.232143), (0.325, 0.232143), (0.3375, 0.232143), (0.35, 0.232143),
            (0.3625, 0.232143), (0.375, 0.232143), (0.3875, 0.232143), (0.4, 0.232143), (0.4125, 0.232143), (0.425, 0.232143),
            (0.4375, 0.232143), (0.45, 0.232143), (0.4625, 0.232143), (0.475, 0.232143), (0.4875, 0.232143), (0.5, 0.232143),
            (0.5125, 0.232143), (0.525, 0.232143), (0.5375, 0.232143), (0.55, 0.232143), (0.5625, 0.232143), (0.575, 0.232143),
            (0.5875, 0.232143), (0.6, 0.232143), (0.6125, 0.232143), (0.625, 0.232143), (0.6375, 0.232143), (0.65, 0.232143),
            (0.6625, 0.232143), (0.675, 0.232143), (0.6875, 0.232143), (0.7, 0.232143), (0.7125, 0.232143), (0.725, 0.232143),
            (0.7375, 0.232143), (0.75, 0.232143), (0.7625, 0.232143), (0.775, 0.232143), (0.7875, 0.232143), (0.8, 0.232143),
            (0.8125, 0.232143), (0.825, 0.232143), (0.8375, 0.232143), (0.85, 0.232143), (0.8625, 0.232143), (0.875, 0.232143),
            (0.8875, 0.232143), (0.9, 0.232143), (0.9125, 0.232143), (0.925, 0.232143), (0.9375, 0.232143), (0.95, 0.232143),
            (0.9625, 0.232143), (0.975, 0.232143), (0.9875, 0.232143), (0, 0.214286), (0.0125, 0.214286), (0.025, 0.214286),
            (0.0375, 0.214286), (0.05, 0.214286), (0.0625, 0.214286), (0.075, 0.214286), (0.0875, 0.214286), (0.1, 0.214286),
            (0.1125, 0.214286), (0.125, 0.214286), (0.1375, 0.214286), (0.15, 0.214286), (0.1625, 0.214286), (0.175, 0.214286),
            (0.1875, 0.214286), (0.2, 0.214286), (0.2125, 0.214286), (0.225, 0.214286), (0.2375, 0.214286), (0.25, 0.214286),
            (0.2625, 0.214286), (0.275, 0.214286), (0.2875, 0.214286), (0.3, 0.214286), (0.3125, 0.214286), (0.325, 0.214286),
            (0.3375, 0.214286), (0.35, 0.214286), (0.3625, 0.214286), (0.375, 0.214286), (0.3875, 0.214286), (0.4, 0.214286),
            (0.4125, 0.214286), (0.425, 0.214286), (0.4375, 0.214286), (0.45, 0.214286), (0.4625, 0.214286), (0.475, 0.214286),
            (0.4875, 0.214286), (0.5, 0.214286), (0.5125, 0.214286), (0.525, 0.214286), (0.5375, 0.214286), (0.55, 0.214286),
            (0.5625, 0.214286), (0.575, 0.214286), (0.5875, 0.214286), (0.6, 0.214286), (0.6125, 0.214286), (0.625, 0.214286),
            (0.6375, 0.214286), (0.65, 0.214286), (0.6625, 0.214286), (0.675, 0.214286), (0.6875, 0.214286), (0.7, 0.214286),
            (0.7125, 0.214286), (0.725, 0.214286), (0.7375, 0.214286), (0.75, 0.214286), (0.7625, 0.214286), (0.775, 0.214286),
            (0.7875, 0.214286), (0.8, 0.214286), (0.8125, 0.214286), (0.825, 0.214286), (0.8375, 0.214286), (0.85, 0.214286),
            (0.8625, 0.214286), (0.875, 0.214286), (0.8875, 0.214286), (0.9, 0.214286), (0.9125, 0.214286), (0.925, 0.214286),
            (0.9375, 0.214286), (0.95, 0.214286), (0.9625, 0.214286), (0.975, 0.214286), (0.9875, 0.214286), (0, 0.196429),
            (0.0125, 0.196429), (0.025, 0.196429), (0.0375, 0.196429), (0.05, 0.196429), (0.0625, 0.196429), (0.075, 0.196429),
            (0.0875, 0.196429), (0.1, 0.196429), (0.1125, 0.196429), (0.125, 0.196429), (0.1375, 0.196429), (0.15, 0.196429),
            (0.1625, 0.196429), (0.175, 0.196429), (0.1875, 0.196429), (0.2, 0.196429), (0.2125, 0.196429), (0.225, 0.196429),
            (0.2375, 0.196429), (0.25, 0.196429), (0.2625, 0.196429), (0.275, 0.196429), (0.2875, 0.196429), (0.3, 0.196429),
            (0.3125, 0.196429), (0.325, 0.196429), (0.3375, 0.196429), (0.35, 0.196429), (0.3625, 0.196429), (0.375, 0.196429),
            (0.3875, 0.196429), (0.4, 0.196429), (0.4125, 0.196429), (0.425, 0.196429), (0.4375, 0.196429), (0.45, 0.196429),
            (0.4625, 0.196429), (0.475, 0.196429), (0.4875, 0.196429), (0.5, 0.196429), (0.5125, 0.196429), (0.525, 0.196429),
            (0.5375, 0.196429), (0.55, 0.196429), (0.5625, 0.196429), (0.575, 0.196429), (0.5875, 0.196429), (0.6, 0.196429),
            (0.6125, 0.196429), (0.625, 0.196429), (0.6375, 0.196429), (0.65, 0.196429), (0.6625, 0.196429), (0.675, 0.196429),
            (0.6875, 0.196429), (0.7, 0.196429), (0.7125, 0.196429), (0.725, 0.196429), (0.7375, 0.196429), (0.75, 0.196429),
            (0.7625, 0.196429), (0.775, 0.196429), (0.7875, 0.196429), (0.8, 0.196429), (0.8125, 0.196429), (0.825, 0.196429),
            (0.8375, 0.196429), (0.85, 0.196429), (0.8625, 0.196429), (0.875, 0.196429), (0.8875, 0.196429), (0.9, 0.196429),
            (0.9125, 0.196429), (0.925, 0.196429), (0.9375, 0.196429), (0.95, 0.196429), (0.9625, 0.196429), (0.975, 0.196429),
            (0.9875, 0.196429), (0, 0.178571), (0.0125, 0.178571), (0.025, 0.178571), (0.0375, 0.178571), (0.05, 0.178571),
            (0.0625, 0.178571), (0.075, 0.178571), (0.0875, 0.178571), (0.1, 0.178571), (0.1125, 0.178571), (0.125, 0.178571),
            (0.1375, 0.178571), (0.15, 0.178571), (0.1625, 0.178571), (0.175, 0.178571), (0.1875, 0.178571), (0.2, 0.178571),
            (0.2125, 0.178571), (0.225, 0.178571), (0.2375, 0.178571), (0.25, 0.178571), (0.2625, 0.178571), (0.275, 0.178571),
            (0.2875, 0.178571), (0.3, 0.178571), (0.3125, 0.178571), (0.325, 0.178571), (0.3375, 0.178571), (0.35, 0.178571),
            (0.3625, 0.178571), (0.375, 0.178571), (0.3875, 0.178571), (0.4, 0.178571), (0.4125, 0.178571), (0.425, 0.178571),
            (0.4375, 0.178571), (0.45, 0.178571), (0.4625, 0.178571), (0.475, 0.178571), (0.4875, 0.178571), (0.5, 0.178571),
            (0.5125, 0.178571), (0.525, 0.178571), (0.5375, 0.178571), (0.55, 0.178571), (0.5625, 0.178571), (0.575, 0.178571),
            (0.5875, 0.178571), (0.6, 0.178571), (0.6125, 0.178571), (0.625, 0.178571), (0.6375, 0.178571), (0.65, 0.178571),
            (0.6625, 0.178571), (0.675, 0.178571), (0.6875, 0.178571), (0.7, 0.178571), (0.7125, 0.178571), (0.725, 0.178571),
            (0.7375, 0.178571), (0.75, 0.178571), (0.7625, 0.178571), (0.775, 0.178571), (0.7875, 0.178571), (0.8, 0.178571),
            (0.8125, 0.178571), (0.825, 0.178571), (0.8375, 0.178571), (0.85, 0.178571), (0.8625, 0.178571), (0.875, 0.178571),
            (0.8875, 0.178571), (0.9, 0.178571), (0.9125, 0.178571), (0.925, 0.178571), (0.9375, 0.178571), (0.95, 0.178571),
            (0.9625, 0.178571), (0.975, 0.178571), (0.9875, 0.178571), (0, 0.160714), (0.0125, 0.160714), (0.025, 0.160714),
            (0.0375, 0.160714), (0.05, 0.160714), (0.0625, 0.160714), (0.075, 0.160714), (0.0875, 0.160714), (0.1, 0.160714),
            (0.1125, 0.160714), (0.125, 0.160714), (0.1375, 0.160714), (0.15, 0.160714), (0.1625, 0.160714), (0.175, 0.160714),
            (0.1875, 0.160714), (0.2, 0.160714), (0.2125, 0.160714), (0.225, 0.160714), (0.2375, 0.160714), (0.25, 0.160714),
            (0.2625, 0.160714), (0.275, 0.160714), (0.2875, 0.160714), (0.3, 0.160714), (0.3125, 0.160714), (0.325, 0.160714),
            (0.3375, 0.160714), (0.35, 0.160714), (0.3625, 0.160714), (0.375, 0.160714), (0.3875, 0.160714), (0.4, 0.160714),
            (0.4125, 0.160714), (0.425, 0.160714), (0.4375, 0.160714), (0.45, 0.160714), (0.4625, 0.160714), (0.475, 0.160714),
            (0.4875, 0.160714), (0.5, 0.160714), (0.5125, 0.160714), (0.525, 0.160714), (0.5375, 0.160714), (0.55, 0.160714),
            (0.5625, 0.160714), (0.575, 0.160714), (0.5875, 0.160714), (0.6, 0.160714), (0.6125, 0.160714), (0.625, 0.160714),
            (0.6375, 0.160714), (0.65, 0.160714), (0.6625, 0.160714), (0.675, 0.160714), (0.6875, 0.160714), (0.7, 0.160714),
            (0.7125, 0.160714), (0.725, 0.160714), (0.7375, 0.160714), (0.75, 0.160714), (0.7625, 0.160714), (0.775, 0.160714),
            (0.7875, 0.160714), (0.8, 0.160714), (0.8125, 0.160714), (0.825, 0.160714), (0.8375, 0.160714), (0.85, 0.160714),
            (0.8625, 0.160714), (0.875, 0.160714), (0.8875, 0.160714), (0.9, 0.160714), (0.9125, 0.160714), (0.925, 0.160714),
            (0.9375, 0.160714), (0.95, 0.160714), (0.9625, 0.160714), (0.975, 0.160714), (0.9875, 0.160714), (0, 0.142857),
            (0.0125, 0.142857), (0.025, 0.142857), (0.0375, 0.142857), (0.05, 0.142857), (0.0625, 0.142857), (0.075, 0.142857),
            (0.0875, 0.142857), (0.1, 0.142857), (0.1125, 0.142857), (0.125, 0.142857), (0.1375, 0.142857), (0.15, 0.142857),
            (0.1625, 0.142857), (0.175, 0.142857), (0.1875, 0.142857), (0.2, 0.142857), (0.2125, 0.142857), (0.225, 0.142857),
            (0.2375, 0.142857), (0.25, 0.142857), (0.2625, 0.142857), (0.275, 0.142857), (0.2875, 0.142857), (0.3, 0.142857),
            (0.3125, 0.142857), (0.325, 0.142857), (0.3375, 0.142857), (0.35, 0.142857), (0.3625, 0.142857), (0.375, 0.142857),
            (0.3875, 0.142857), (0.4, 0.142857), (0.4125, 0.142857), (0.425, 0.142857), (0.4375, 0.142857), (0.45, 0.142857),
            (0.4625, 0.142857), (0.475, 0.142857), (0.4875, 0.142857), (0.5, 0.142857), (0.5125, 0.142857), (0.525, 0.142857),
            (0.5375, 0.142857), (0.55, 0.142857), (0.5625, 0.142857), (0.575, 0.142857), (0.5875, 0.142857), (0.6, 0.142857),
            (0.6125, 0.142857), (0.625, 0.142857), (0.6375, 0.142857), (0.65, 0.142857), (0.6625, 0.142857), (0.675, 0.142857),
            (0.6875, 0.142857), (0.7, 0.142857), (0.7125, 0.142857), (0.725, 0.142857), (0.7375, 0.142857), (0.75, 0.142857),
            (0.7625, 0.142857), (0.775, 0.142857), (0.7875, 0.142857), (0.8, 0.142857), (0.8125, 0.142857), (0.825, 0.142857),
            (0.8375, 0.142857), (0.85, 0.142857), (0.8625, 0.142857), (0.875, 0.142857), (0.8875, 0.142857), (0.9, 0.142857),
            (0.9125, 0.142857), (0.925, 0.142857), (0.9375, 0.142857), (0.95, 0.142857), (0.9625, 0.142857), (0.975, 0.142857),
            (0.9875, 0.142857), (0, 0.125), (0.0125, 0.125), (0.025, 0.125), (0.0375, 0.125), (0.05, 0.125),
            (0.0625, 0.125), (0.075, 0.125), (0.0875, 0.125), (0.1, 0.125), (0.1125, 0.125), (0.125, 0.125),
            (0.1375, 0.125), (0.15, 0.125), (0.1625, 0.125), (0.175, 0.125), (0.1875, 0.125), (0.2, 0.125),
            (0.2125, 0.125), (0.225, 0.125), (0.2375, 0.125), (0.25, 0.125), (0.2625, 0.125), (0.275, 0.125),
            (0.2875, 0.125), (0.3, 0.125), (0.3125, 0.125), (0.325, 0.125), (0.3375, 0.125), (0.35, 0.125),
            (0.3625, 0.125), (0.375, 0.125), (0.3875, 0.125), (0.4, 0.125), (0.4125, 0.125), (0.425, 0.125),
            (0.4375, 0.125), (0.45, 0.125), (0.4625, 0.125), (0.475, 0.125), (0.4875, 0.125), (0.5, 0.125),
            (0.5125, 0.125), (0.525, 0.125), (0.5375, 0.125), (0.55, 0.125), (0.5625, 0.125), (0.575, 0.125),
            (0.5875, 0.125), (0.6, 0.125), (0.6125, 0.125), (0.625, 0.125), (0.6375, 0.125), (0.65, 0.125),
            (0.6625, 0.125), (0.675, 0.125), (0.6875, 0.125), (0.7, 0.125), (0.7125, 0.125), (0.725, 0.125),
            (0.7375, 0.125), (0.75, 0.125), (0.7625, 0.125), (0.775, 0.125), (0.7875, 0.125), (0.8, 0.125),
            (0.8125, 0.125), (0.825, 0.125), (0.8375, 0.125), (0.85, 0.125), (0.8625, 0.125), (0.875, 0.125),
            (0.8875, 0.125), (0.9, 0.125), (0.9125, 0.125), (0.925, 0.125), (0.9375, 0.125), (0.95, 0.125),
            (0.9625, 0.125), (0.975, 0.125), (0.9875, 0.125), (0, 0.107143), (0.0125, 0.107143), (0.025, 0.107143),
            (0.0375, 0.107143), (0.05, 0.107143), (0.0625, 0.107143), (0.075, 0.107143), (0.0875, 0.107143), (0.1, 0.107143),
            (0.1125, 0.107143), (0.125, 0.107143), (0.1375, 0.107143), (0.15, 0.107143), (0.1625, 0.107143), (0.175, 0.107143),
            (0.1875, 0.107143), (0.2, 0.107143), (0.2125, 0.107143), (0.225, 0.107143), (0.2375, 0.107143), (0.25, 0.107143),
            (0.2625, 0.107143), (0.275, 0.107143), (0.2875, 0.107143), (0.3, 0.107143), (0.3125, 0.107143), (0.325, 0.107143),
            (0.3375, 0.107143), (0.35, 0.107143), (0.3625, 0.107143), (0.375, 0.107143), (0.3875, 0.107143), (0.4, 0.107143),
            (0.4125, 0.107143), (0.425, 0.107143), (0.4375, 0.107143), (0.45, 0.107143), (0.4625, 0.107143), (0.475, 0.107143),
            (0.4875, 0.107143), (0.5, 0.107143), (0.5125, 0.107143), (0.525, 0.107143), (0.5375, 0.107143), (0.55, 0.107143),
            (0.5625, 0.107143), (0.575, 0.107143), (0.5875, 0.107143), (0.6, 0.107143), (0.6125, 0.107143), (0.625, 0.107143),
            (0.6375, 0.107143), (0.65, 0.107143), (0.6625, 0.107143), (0.675, 0.107143), (0.6875, 0.107143), (0.7, 0.107143),
            (0.7125, 0.107143), (0.725, 0.107143), (0.7375, 0.107143), (0.75, 0.107143), (0.7625, 0.107143), (0.775, 0.107143),
            (0.7875, 0.107143), (0.8, 0.107143), (0.8125, 0.107143), (0.825, 0.107143), (0.8375, 0.107143), (0.85, 0.107143),
            (0.8625, 0.107143), (0.875, 0.107143), (0.8875, 0.107143), (0.9, 0.107143), (0.9125, 0.107143), (0.925, 0.107143),
            (0.9375, 0.107143), (0.95, 0.107143), (0.9625, 0.107143), (0.975, 0.107143), (0.9875, 0.107143), (0, 0.0892857),
            (0.0125, 0.0892857), (0.025, 0.0892857), (0.0375, 0.0892857), (0.05, 0.0892857), (0.0625, 0.0892857), (0.075, 0.0892857),
            (0.0875, 0.0892857), (0.1, 0.0892857), (0.1125, 0.0892857), (0.125, 0.0892857), (0.1375, 0.0892857), (0.15, 0.0892857),
            (0.1625, 0.0892857), (0.175, 0.0892857), (0.1875, 0.0892857), (0.2, 0.0892857), (0.2125, 0.0892857), (0.225, 0.0892857),
            (0.2375, 0.0892857), (0.25, 0.0892857), (0.2625, 0.0892857), (0.275, 0.0892857), (0.2875, 0.0892857), (0.3, 0.0892857),
            (0.3125, 0.0892857), (0.325, 0.0892857), (0.3375, 0.0892857), (0.35, 0.0892857), (0.3625, 0.0892857), (0.375, 0.0892857),
            (0.3875, 0.0892857), (0.4, 0.0892857), (0.4125, 0.0892857), (0.425, 0.0892857), (0.4375, 0.0892857), (0.45, 0.0892857),
            (0.4625, 0.0892857), (0.475, 0.0892857), (0.4875, 0.0892857), (0.5, 0.0892857), (0.5125, 0.0892857), (0.525, 0.0892857),
            (0.5375, 0.0892857), (0.55, 0.0892857), (0.5625, 0.0892857), (0.575, 0.0892857), (0.5875, 0.0892857), (0.6, 0.0892857),
            (0.6125, 0.0892857), (0.625, 0.0892857), (0.6375, 0.0892857), (0.65, 0.0892857), (0.6625, 0.0892857), (0.675, 0.0892857),
            (0.6875, 0.0892857), (0.7, 0.0892857), (0.7125, 0.0892857), (0.725, 0.0892857), (0.7375, 0.0892857), (0.75, 0.0892857),
            (0.7625, 0.0892857), (0.775, 0.0892857), (0.7875, 0.0892857), (0.8, 0.0892857), (0.8125, 0.0892857), (0.825, 0.0892857),
            (0.8375, 0.0892857), (0.85, 0.0892857), (0.8625, 0.0892857), (0.875, 0.0892857), (0.8875, 0.0892857), (0.9, 0.0892857),
            (0.9125, 0.0892857), (0.925, 0.0892857), (0.9375, 0.0892857), (0.95, 0.0892857), (0.9625, 0.0892857), (0.975, 0.0892857),
            (0.9875, 0.0892857), (0, 0.0714286), (0.0125, 0.0714286), (0.025, 0.0714286), (0.0375, 0.0714286), (0.05, 0.0714286),
            (0.0625, 0.0714286), (0.075, 0.0714286), (0.0875, 0.0714286), (0.1, 0.0714286), (0.1125, 0.0714286), (0.125, 0.0714286),
            (0.1375, 0.0714286), (0.15, 0.0714286), (0.1625, 0.0714286), (0.175, 0.0714286), (0.1875, 0.0714286), (0.2, 0.0714286),
            (0.2125, 0.0714286), (0.225, 0.0714286), (0.2375, 0.0714286), (0.25, 0.0714286), (0.2625, 0.0714286), (0.275, 0.0714286),
            (0.2875, 0.0714286), (0.3, 0.0714286), (0.3125, 0.0714286), (0.325, 0.0714286), (0.3375, 0.0714286), (0.35, 0.0714286),
            (0.3625, 0.0714286), (0.375, 0.0714286), (0.3875, 0.0714286), (0.4, 0.0714286), (0.4125, 0.0714286), (0.425, 0.0714286),
            (0.4375, 0.0714286), (0.45, 0.0714286), (0.4625, 0.0714286), (0.475, 0.0714286), (0.4875, 0.0714286), (0.5, 0.0714286),
            (0.5125, 0.0714286), (0.525, 0.0714286), (0.5375, 0.0714286), (0.55, 0.0714286), (0.5625, 0.0714286), (0.575, 0.0714286),
            (0.5875, 0.0714286), (0.6, 0.0714286), (0.6125, 0.0714286), (0.625, 0.0714286), (0.6375, 0.0714286), (0.65, 0.0714286),
            (0.6625, 0.0714286), (0.675, 0.0714286), (0.6875, 0.0714286), (0.7, 0.0714286), (0.7125, 0.0714286), (0.725, 0.0714286),
            (0.7375, 0.0714286), (0.75, 0.0714286), (0.7625, 0.0714286), (0.775, 0.0714286), (0.7875, 0.0714286), (0.8, 0.0714286),
            (0.8125, 0.0714286), (0.825, 0.0714286), (0.8375, 0.0714286), (0.85, 0.0714286), (0.8625, 0.0714286), (0.875, 0.0714286),
            (0.8875, 0.0714286), (0.9, 0.0714286), (0.9125, 0.0714286), (0.925, 0.0714286), (0.9375, 0.0714286), (0.95, 0.0714286),
            (0.9625, 0.0714286), (0.975, 0.0714286), (0.9875, 0.0714286), (0, 0.0535714), (0.0125, 0.0535714), (0.025, 0.0535714),
            (0.0375, 0.0535714), (0.05, 0.0535714), (0.0625, 0.0535714), (0.075, 0.0535714), (0.0875, 0.0535714), (0.1, 0.0535714),
            (0.1125, 0.0535714), (0.125, 0.0535714), (0.1375, 0.0535714), (0.15, 0.0535714), (0.1625, 0.0535714), (0.175, 0.0535714),
            (0.1875, 0.0535714), (0.2, 0.0535714), (0.2125, 0.0535714), (0.225, 0.0535714), (0.2375, 0.0535714), (0.25, 0.0535714),
            (0.2625, 0.0535714), (0.275, 0.0535714), (0.2875, 0.0535714), (0.3, 0.0535714), (0.3125, 0.0535714), (0.325, 0.0535714),
            (0.3375, 0.0535714), (0.35, 0.0535714), (0.3625, 0.0535714), (0.375, 0.0535714), (0.3875, 0.0535714), (0.4, 0.0535714),
            (0.4125, 0.0535714), (0.425, 0.0535714), (0.4375, 0.0535714), (0.45, 0.0535714), (0.4625, 0.0535714), (0.475, 0.0535714),
            (0.4875, 0.0535714), (0.5, 0.0535714), (0.5125, 0.0535714), (0.525, 0.0535714), (0.5375, 0.0535714), (0.55, 0.0535714),
            (0.5625, 0.0535714), (0.575, 0.0535714), (0.5875, 0.0535714), (0.6, 0.0535714), (0.6125, 0.0535714), (0.625, 0.0535714),
            (0.6375, 0.0535714), (0.65, 0.0535714), (0.6625, 0.0535714), (0.675, 0.0535714), (0.6875, 0.0535714), (0.7, 0.0535714),
            (0.7125, 0.0535714), (0.725, 0.0535714), (0.7375, 0.0535714), (0.75, 0.0535714), (0.7625, 0.0535714), (0.775, 0.0535714),
            (0.7875, 0.0535714), (0.8, 0.0535714), (0.8125, 0.0535714), (0.825, 0.0535714), (0.8375, 0.0535714), (0.85, 0.0535714),
            (0.8625, 0.0535714), (0.875, 0.0535714), (0.8875, 0.0535714), (0.9, 0.0535714), (0.9125, 0.0535714), (0.925, 0.0535714),
            (0.9375, 0.0535714), (0.95, 0.0535714), (0.9625, 0.0535714), (0.975, 0.0535714), (0.9875, 0.0535714), (0, 0.0357143),
            (0.0125, 0.0357143), (0.025, 0.0357143), (0.0375, 0.0357143), (0.05, 0.0357143), (0.0625, 0.0357143), (0.075, 0.0357143),
            (0.0875, 0.0357143), (0.1, 0.0357143), (0.1125, 0.0357143), (0.125, 0.0357143), (0.1375, 0.0357143), (0.15, 0.0357143),
            (0.1625, 0.0357143), (0.175, 0.0357143), (0.1875, 0.0357143), (0.2, 0.0357143), (0.2125, 0.0357143), (0.225, 0.0357143),
            (0.2375, 0.0357143), (0.25, 0.0357143), (0.2625, 0.0357143), (0.275, 0.0357143), (0.2875, 0.0357143), (0.3, 0.0357143),
            (0.3125, 0.0357143), (0.325, 0.0357143), (0.3375, 0.0357143), (0.35, 0.0357143), (0.3625, 0.0357143), (0.375, 0.0357143),
            (0.3875, 0.0357143), (0.4, 0.0357143), (0.4125, 0.0357143), (0.425, 0.0357143), (0.4375, 0.0357143), (0.45, 0.0357143),
            (0.4625, 0.0357143), (0.475, 0.0357143), (0.4875, 0.0357143), (0.5, 0.0357143), (0.5125, 0.0357143), (0.525, 0.0357143),
            (0.5375, 0.0357143), (0.55, 0.0357143), (0.5625, 0.0357143), (0.575, 0.0357143), (0.5875, 0.0357143), (0.6, 0.0357143),
            (0.6125, 0.0357143), (0.625, 0.0357143), (0.6375, 0.0357143), (0.65, 0.0357143), (0.6625, 0.0357143), (0.675, 0.0357143),
            (0.6875, 0.0357143), (0.7, 0.0357143), (0.7125, 0.0357143), (0.725, 0.0357143), (0.7375, 0.0357143), (0.75, 0.0357143),
            (0.7625, 0.0357143), (0.775, 0.0357143), (0.7875, 0.0357143), (0.8, 0.0357143), (0.8125, 0.0357143), (0.825, 0.0357143),
            (0.8375, 0.0357143), (0.85, 0.0357143), (0.8625, 0.0357143), (0.875, 0.0357143), (0.8875, 0.0357143), (0.9, 0.0357143),
            (0.9125, 0.0357143), (0.925, 0.0357143), (0.9375, 0.0357143), (0.95, 0.0357143), (0.9625, 0.0357143), (0.975, 0.0357143),
            (0.9875, 0.0357143), (0, 0.0178571), (0.0125, 0.0178571), (0.025, 0.0178571), (0.0375, 0.0178571), (0.05, 0.0178571),
            (0.0625, 0.0178571), (0.075, 0.0178571), (0.0875, 0.0178571), (0.1, 0.0178571), (0.1125, 0.0178571), (0.125, 0.0178571),
            (0.1375, 0.0178571), (0.15, 0.0178571), (0.1625, 0.0178571), (0.175, 0.0178571), (0.1875, 0.0178571), (0.2, 0.0178571),
            (0.2125, 0.0178571), (0.225, 0.0178571), (0.2375, 0.0178571), (0.25, 0.0178571), (0.2625, 0.0178571), (0.275, 0.0178571),
            (0.2875, 0.0178571), (0.3, 0.0178571), (0.3125, 0.0178571), (0.325, 0.0178571), (0.3375, 0.0178571), (0.35, 0.0178571),
            (0.3625, 0.0178571), (0.375, 0.0178571), (0.3875, 0.0178571), (0.4, 0.0178571), (0.4125, 0.0178571), (0.425, 0.0178571),
            (0.4375, 0.0178571), (0.45, 0.0178571), (0.4625, 0.0178571), (0.475, 0.0178571), (0.4875, 0.0178571), (0.5, 0.0178571),
            (0.5125, 0.0178571), (0.525, 0.0178571), (0.5375, 0.0178571), (0.55, 0.0178571), (0.5625, 0.0178571), (0.575, 0.0178571),
            (0.5875, 0.0178571), (0.6, 0.0178571), (0.6125, 0.0178571), (0.625, 0.0178571), (0.6375, 0.0178571), (0.65, 0.0178571),
            (0.6625, 0.0178571), (0.675, 0.0178571), (0.6875, 0.0178571), (0.7, 0.0178571), (0.7125, 0.0178571), (0.725, 0.0178571),
            (0.7375, 0.0178571), (0.75, 0.0178571), (0.7625, 0.0178571), (0.775, 0.0178571), (0.7875, 0.0178571), (0.8, 0.0178571),
            (0.8125, 0.0178571), (0.825, 0.0178571), (0.8375, 0.0178571), (0.85, 0.0178571), (0.8625, 0.0178571), (0.875, 0.0178571),
            (0.8875, 0.0178571), (0.9, 0.0178571), (0.9125, 0.0178571), (0.925, 0.0178571), (0.9375, 0.0178571), (0.95, 0.0178571),
            (0.9625, 0.0178571), (0.975, 0.0178571), (0.9875, 0.0178571), (0.5, 0)
        ] (
            interpolation = "vertex"
        )
        color3f[] primvars:displayColor = [(0.80, 0.62, 0.52)]
        rel material:binding = </World/Looks/Skin>
    }

    def Xform "Groom"
    {
        def UsdGenDescription "Hair" (
            prepend apiSchemas = ["UsdGenLookAPI"]
        )
        {
            rel usdGen:surface = </World/Head>
            uniform token usdGen:curve:basis = "bspline"
            float usdGen:width:default = 0.005

            # Dark brown root -> lighter brown tip (schema's own displayColor bake;
            # no material is bound here, matching the other examples -- the engine
            # binds a default hair material and this only supplies its colour).
            color3f usdGen:look:rootColor = (0.03, 0.02, 0.015)
            color3f usdGen:look:tipColor = (0.09, 0.06, 0.04)

            def Scope "Ops"
            {
                # Terminal. Root width ~0.01cm tapering to 30% (~0.003cm) at the
                # tip, then multiplied by the same elevation fade as Length so
                # strands thin out before they are culled away entirely.
                def UsdGenWidth "width"
                {
                    float usdGen:width = 0.01 (
                        customData = { dictionary usdGen = { string evaluation = "primitive" } }
                    )
                    float usdGen:width.connect = </World/Groom/Hair/Expressions/scalpFade.outputs:result>
                    float2[] usdGen:width:knots = [(0, 1), (0.55, 0.7), (1, 0.3)]
                    uniform token usdGen:width:interpolation = "catmullRom"
                    bool usdGen:replace = true
                }

                # The fade: scales the ~3-5cm top length down toward the scalp cap's
                # lower edge, passing through a 2-5mm "stubble" band on the way;
                # usdGen:cullThreshold then zero-lengthens (hides) whatever the fade
                # shrinks past 0.18cm, so only the very bottom reads as true bare skin.
                def UsdGenLength "fade"
                {
                    uniform token usdGen:length:mode = "scale"
                    float usdGen:length:value = 1.0
                    float usdGen:length:value.connect = </World/Groom/Hair/Expressions/scalpFade.outputs:result>
                    float2 usdGen:length:random = (0.8, 1.2)
                    uniform token usdGen:length:method = "scale"
                    uniform token usdGen:rebuild = "keepParam"
                    float usdGen:cullThreshold = 0.18
                }

                # Chunky clumps (reference photo's "soft, chunky clumps ... visible
                # tips along the silhouette"): linearBlend converges each clump's CVs
                # toward its centre strand at the same parameter, so TIPS bunch into
                # visible points rather than staying parallel. levels=2 splits every
                # clump into smaller sub-clumps for the layered, non-uniform chunking
                # real hair shows; clump centres are auto-scattered (usdGen:clump:map
                # left unconnected) so no clump map needs baking. A small root pull
                # (profile:knots start > 0) keeps roots from splaying at the scalp so
                # gaps between clumps do not show it through.
                def UsdGenClump "clump"
                {
                    int usdGen:seed = 71
                    float usdGen:clump:amount = 0.8
                    float2[] usdGen:clump:profile:knots = [(0, 0.25), (1, 1)]
                    float usdGen:clump:density = 3.5
                    float usdGen:clump:size = 2.2
                    int usdGen:clump:levels = 2
                    float usdGen:clump:sizeReduction = 0.45
                    float usdGen:clump:tightnessReduction = 0.65
                    uniform token usdGen:clump:method = "linearBlend"
                    float usdGen:clump:stray:rate = 0.05
                    float usdGen:clump:stray:amount = 0.75
                    float usdGen:clump:stray:falloff = 0.55
                    float usdGen:preserveLength = 1
                }

                # Gentle large-scale coil over the frizzed strands (runs right after
                # frizz): a small radius keeps the wave subtle on these 3-6cm strands
                # while the low frequency (turns per cm: ~one turn over a strand)
                # gives a loose combed wave rather than tight ringlets. Taper stays
                # at its schema default so roots stay planted.
                def UsdGenCurl "curl"
                {
                    float usdGen:radius = 0.08
                    float usdGen:frequency = 0.25
                }

                # Subtle frizz -- correlated fBm displacement along the still-radial
                # root normal. Correlation 0.55 keeps neighbouring strands waving
                # together instead of fraying independently. Grow leans strands off
                # the pure radial normal (below) so the displacement shows as gentle
                # waviness instead of sliding each strand along itself. A Curl op
                # downstream adds the broader combed wave on top of this fine detail.
                def UsdGenNoise "frizz"
                {
                    int usdGen:seed = 5
                    float usdGen:noise:magnitude = 0.08
                    float2[] usdGen:noise:magnitude:knots = [(0, 0), (0.4, 0.3), (1, 1)]
                    float usdGen:noise:frequency = 1.8
                    float usdGen:noise:correlation = 0.55
                    int usdGen:noise:octaves = 2
                    float usdGen:preserveLength = 1
                }

                # Strands out of the scalp, swept up/back toward the crown by rotating
                # the growth direction around the root binormal. usdGen:lift is driven
                # per elevation by Expressions/combLift (primitive evaluation): upright
                # ~11deg stubble at/below the fade band rising to the full swept 74deg
                # on top. The 74 literal stays as the $value fallback.
                def UsdGenGrow "grow"
                {
                    int usdGen:seed = 19
                    int usdGen:segments = 12
                    float usdGen:length = 3.8
                    float2 usdGen:lengthRandom = (0.75, 1.25)
                    uniform token usdGen:direction = "surfaceNormal"
                    float usdGen:lift = 74 (
                        customData = { dictionary usdGen = { string evaluation = "primitive" } }
                    )
                    float usdGen:lift.connect = </World/Groom/Hair/Expressions/combLift.outputs:result>
                }

                # Runs first: roots over the whole Head (see the mesh comment above
                # on why this is not restricted to a scalp subset).
                def UsdGenScatter "scatter"
                {
                    int usdGen:seed = 41
                    float usdGen:density = 450
                }
            }

            def Scope "Expressions"
            {
                # Elevation fade: 1 across the dense crown, ramping to 0 as the
                # strand root nears the scalp cap's lower (bald) edge. $v is the
                # root's primvars:st.t, which this mesh authored as elevation (1 at
                # the crown, 0 at the far pole), so no vector math is needed.
                def UsdGenExpression "scalpFade"
                {
                    string usdGen:expr:source = """$e = curve($v, 0.3, 0, 4, 0.48, 0.5, 4, 0.66, 1, 4);
$value * $e"""
                    custom float outputs:result
                }

                # Per-elevation comb lift: upright stubble low, full sweep on top.
                # $v is the root's primvars:st.t (1 at the crown, 0 at the far pole);
                # $value is Grow's authored 74deg lift, scaled from 0.15 (~11deg)
                # at/below the fade band to 1 (74deg) above it.
                def UsdGenExpression "combLift"
                {
                    string usdGen:expr:source = """$e = curve($v, 0.3, 0.15, 4, 0.48, 0.575, 4, 0.66, 1, 4);
$value * $e"""
                    custom float outputs:result
                }
            }
        }
    }
}
