#usda 1.0
(
    defaultPrim = "World"
    metersPerUnit = 1
    upAxis = "Y"
    startTimeCode = 1
    endTimeCode = 48
    timeCodesPerSecond = 24
    framesPerSecond = 24
    doc = "Hair deformed by animated driver curves through an RBF: UsdGenDeform with usdGen:guides."
)

# RBF DEFORMATION BY ANIMATED CURVES
#
#   scatter -> grow -> frizz -> width -> deform
#
# (Ops lists operators last-first: the bottom sibling runs first.)
#
# /World/Drivers is one BasisCurves prim of 16 upright driver curves (5 CVs
# each, drawn orange) whose points are animated over frames 1-48: a wind
# wave travels along +X and curls them. Their Default-time points are the rest
# pose (UsdGenCurveAPI publishes it; frame 1 is the same pose).
#
# `deform` is a UsdGenDeform with usdGen:guides = </World/Drivers>. Every
# driver CV is an RBF sample: bound at its rest position, moved to its
# position at the current frame. The cubic RBF (with an affine term) through
# those 80 samples is a smooth displacement field over the whole groom, and
# every CV of the styled strands moves by it, so the hair between and around
# the drivers bends with them while keeping its own shape. With
# usdGen:lockRoots (the default) each strand is shifted back by the field at
# its root, so the roots stay on the skin.
#
#   usdGen:rbfSamples  the most driver CVs used (farthest-point sampled)
#   usdGen:lockRoots   keep roots where they are
#   usdGen:mask        blend the deformation in per strand
#
# The drivers must span 3D (they cannot all lie in one plane). Animate their
# points: a transform on the driver prim moves rest and pose together. This is
# the CPU lane; the CUDA lane's UsdGenDeform samples the bound surface instead.
#
# View it:   .\bin\launch_usdview.ps1 examples\rbf-guides-plane.usda   (press play)
# Record it: .\bin\record_usd.ps1 -Scene examples\rbf-guides-plane.usda `
#                -Output out.###.png -Camera /World/Cam -Complexity veryhigh -Frame 20
# Regenerate: python examples\tools\make_examples.py

def Xform "World"
{
    def Camera "Cam"
    {
        uniform token[] xformOpOrder = ["xformOp:transform"]
        matrix4d xformOp:transform = ( (0.747409, 0, -0.664364, 0), (-0.196738, 0.955147, -0.221331, 0), (0.634565, 0.296131, 0.713886, 0), (2.4, 1.3, 2.7, 1) )
        float2 clippingRange = (0.05, 50)
        float focalLength = 35
        float horizontalAperture = 24
        float verticalAperture = 18
    }

    def Mesh "Skin" (
        prepend apiSchemas = ["UsdGenRestAPI"]
    )
    {
        uniform token subdivisionScheme = "none"
        int[] faceVertexCounts = [
            4, 4, 4, 4, 4, 4, 4, 4, 4, 4, 4, 4, 4, 4, 4, 4, 4, 4, 4, 4, 4, 4, 4, 4,
            4, 4, 4, 4, 4, 4, 4, 4, 4, 4, 4, 4, 4, 4, 4, 4, 4, 4, 4, 4, 4, 4, 4, 4,
            4, 4, 4, 4, 4, 4, 4, 4, 4, 4, 4, 4, 4, 4, 4, 4, 4, 4, 4, 4, 4, 4, 4, 4,
            4, 4, 4, 4, 4, 4, 4, 4, 4, 4, 4, 4, 4, 4, 4, 4, 4, 4, 4, 4, 4, 4, 4, 4,
            4, 4, 4, 4
        ]
        int[] faceVertexIndices = [
            0, 11, 12, 1, 1, 12, 13, 2, 2, 13, 14, 3, 3, 14, 15, 4, 4, 15, 16, 5,
            5, 16, 17, 6, 6, 17, 18, 7, 7, 18, 19, 8, 8, 19, 20, 9, 9, 20, 21, 10,
            11, 22, 23, 12, 12, 23, 24, 13, 13, 24, 25, 14, 14, 25, 26, 15, 15, 26, 27, 16,
            16, 27, 28, 17, 17, 28, 29, 18, 18, 29, 30, 19, 19, 30, 31, 20, 20, 31, 32, 21,
            22, 33, 34, 23, 23, 34, 35, 24, 24, 35, 36, 25, 25, 36, 37, 26, 26, 37, 38, 27,
            27, 38, 39, 28, 28, 39, 40, 29, 29, 40, 41, 30, 30, 41, 42, 31, 31, 42, 43, 32,
            33, 44, 45, 34, 34, 45, 46, 35, 35, 46, 47, 36, 36, 47, 48, 37, 37, 48, 49, 38,
            38, 49, 50, 39, 39, 50, 51, 40, 40, 51, 52, 41, 41, 52, 53, 42, 42, 53, 54, 43,
            44, 55, 56, 45, 45, 56, 57, 46, 46, 57, 58, 47, 47, 58, 59, 48, 48, 59, 60, 49,
            49, 60, 61, 50, 50, 61, 62, 51, 51, 62, 63, 52, 52, 63, 64, 53, 53, 64, 65, 54,
            55, 66, 67, 56, 56, 67, 68, 57, 57, 68, 69, 58, 58, 69, 70, 59, 59, 70, 71, 60,
            60, 71, 72, 61, 61, 72, 73, 62, 62, 73, 74, 63, 63, 74, 75, 64, 64, 75, 76, 65,
            66, 77, 78, 67, 67, 78, 79, 68, 68, 79, 80, 69, 69, 80, 81, 70, 70, 81, 82, 71,
            71, 82, 83, 72, 72, 83, 84, 73, 73, 84, 85, 74, 74, 85, 86, 75, 75, 86, 87, 76,
            77, 88, 89, 78, 78, 89, 90, 79, 79, 90, 91, 80, 80, 91, 92, 81, 81, 92, 93, 82,
            82, 93, 94, 83, 83, 94, 95, 84, 84, 95, 96, 85, 85, 96, 97, 86, 86, 97, 98, 87,
            88, 99, 100, 89, 89, 100, 101, 90, 90, 101, 102, 91, 91, 102, 103, 92, 92, 103, 104, 93,
            93, 104, 105, 94, 94, 105, 106, 95, 95, 106, 107, 96, 96, 107, 108, 97, 97, 108, 109, 98,
            99, 110, 111, 100, 100, 111, 112, 101, 101, 112, 113, 102, 102, 113, 114, 103, 103, 114, 115, 104,
            104, 115, 116, 105, 105, 116, 117, 106, 106, 117, 118, 107, 107, 118, 119, 108, 108, 119, 120, 109
        ]
        point3f[] points = [
            (-1, 0, -1), (-0.8, 0, -1), (-0.6, 0, -1), (-0.4, 0, -1), (-0.2, 0, -1), (0, 0, -1),
            (0.2, 0, -1), (0.4, 0, -1), (0.6, 0, -1), (0.8, 0, -1), (1, 0, -1), (-1, 0, -0.8),
            (-0.8, 0, -0.8), (-0.6, 0, -0.8), (-0.4, 0, -0.8), (-0.2, 0, -0.8), (0, 0, -0.8), (0.2, 0, -0.8),
            (0.4, 0, -0.8), (0.6, 0, -0.8), (0.8, 0, -0.8), (1, 0, -0.8), (-1, 0, -0.6), (-0.8, 0, -0.6),
            (-0.6, 0, -0.6), (-0.4, 0, -0.6), (-0.2, 0, -0.6), (0, 0, -0.6), (0.2, 0, -0.6), (0.4, 0, -0.6),
            (0.6, 0, -0.6), (0.8, 0, -0.6), (1, 0, -0.6), (-1, 0, -0.4), (-0.8, 0, -0.4), (-0.6, 0, -0.4),
            (-0.4, 0, -0.4), (-0.2, 0, -0.4), (0, 0, -0.4), (0.2, 0, -0.4), (0.4, 0, -0.4), (0.6, 0, -0.4),
            (0.8, 0, -0.4), (1, 0, -0.4), (-1, 0, -0.2), (-0.8, 0, -0.2), (-0.6, 0, -0.2), (-0.4, 0, -0.2),
            (-0.2, 0, -0.2), (0, 0, -0.2), (0.2, 0, -0.2), (0.4, 0, -0.2), (0.6, 0, -0.2), (0.8, 0, -0.2),
            (1, 0, -0.2), (-1, 0, 0), (-0.8, 0, 0), (-0.6, 0, 0), (-0.4, 0, 0), (-0.2, 0, 0),
            (0, 0, 0), (0.2, 0, 0), (0.4, 0, 0), (0.6, 0, 0), (0.8, 0, 0), (1, 0, 0),
            (-1, 0, 0.2), (-0.8, 0, 0.2), (-0.6, 0, 0.2), (-0.4, 0, 0.2), (-0.2, 0, 0.2), (0, 0, 0.2),
            (0.2, 0, 0.2), (0.4, 0, 0.2), (0.6, 0, 0.2), (0.8, 0, 0.2), (1, 0, 0.2), (-1, 0, 0.4),
            (-0.8, 0, 0.4), (-0.6, 0, 0.4), (-0.4, 0, 0.4), (-0.2, 0, 0.4), (0, 0, 0.4), (0.2, 0, 0.4),
            (0.4, 0, 0.4), (0.6, 0, 0.4), (0.8, 0, 0.4), (1, 0, 0.4), (-1, 0, 0.6), (-0.8, 0, 0.6),
            (-0.6, 0, 0.6), (-0.4, 0, 0.6), (-0.2, 0, 0.6), (0, 0, 0.6), (0.2, 0, 0.6), (0.4, 0, 0.6),
            (0.6, 0, 0.6), (0.8, 0, 0.6), (1, 0, 0.6), (-1, 0, 0.8), (-0.8, 0, 0.8), (-0.6, 0, 0.8),
            (-0.4, 0, 0.8), (-0.2, 0, 0.8), (0, 0, 0.8), (0.2, 0, 0.8), (0.4, 0, 0.8), (0.6, 0, 0.8),
            (0.8, 0, 0.8), (1, 0, 0.8), (-1, 0, 1), (-0.8, 0, 1), (-0.6, 0, 1), (-0.4, 0, 1),
            (-0.2, 0, 1), (0, 0, 1), (0.2, 0, 1), (0.4, 0, 1), (0.6, 0, 1), (0.8, 0, 1),
            (1, 0, 1)
        ]
        point3f[] primvars:rest = [
            (-1, 0, -1), (-0.8, 0, -1), (-0.6, 0, -1), (-0.4, 0, -1), (-0.2, 0, -1), (0, 0, -1),
            (0.2, 0, -1), (0.4, 0, -1), (0.6, 0, -1), (0.8, 0, -1), (1, 0, -1), (-1, 0, -0.8),
            (-0.8, 0, -0.8), (-0.6, 0, -0.8), (-0.4, 0, -0.8), (-0.2, 0, -0.8), (0, 0, -0.8), (0.2, 0, -0.8),
            (0.4, 0, -0.8), (0.6, 0, -0.8), (0.8, 0, -0.8), (1, 0, -0.8), (-1, 0, -0.6), (-0.8, 0, -0.6),
            (-0.6, 0, -0.6), (-0.4, 0, -0.6), (-0.2, 0, -0.6), (0, 0, -0.6), (0.2, 0, -0.6), (0.4, 0, -0.6),
            (0.6, 0, -0.6), (0.8, 0, -0.6), (1, 0, -0.6), (-1, 0, -0.4), (-0.8, 0, -0.4), (-0.6, 0, -0.4),
            (-0.4, 0, -0.4), (-0.2, 0, -0.4), (0, 0, -0.4), (0.2, 0, -0.4), (0.4, 0, -0.4), (0.6, 0, -0.4),
            (0.8, 0, -0.4), (1, 0, -0.4), (-1, 0, -0.2), (-0.8, 0, -0.2), (-0.6, 0, -0.2), (-0.4, 0, -0.2),
            (-0.2, 0, -0.2), (0, 0, -0.2), (0.2, 0, -0.2), (0.4, 0, -0.2), (0.6, 0, -0.2), (0.8, 0, -0.2),
            (1, 0, -0.2), (-1, 0, 0), (-0.8, 0, 0), (-0.6, 0, 0), (-0.4, 0, 0), (-0.2, 0, 0),
            (0, 0, 0), (0.2, 0, 0), (0.4, 0, 0), (0.6, 0, 0), (0.8, 0, 0), (1, 0, 0),
            (-1, 0, 0.2), (-0.8, 0, 0.2), (-0.6, 0, 0.2), (-0.4, 0, 0.2), (-0.2, 0, 0.2), (0, 0, 0.2),
            (0.2, 0, 0.2), (0.4, 0, 0.2), (0.6, 0, 0.2), (0.8, 0, 0.2), (1, 0, 0.2), (-1, 0, 0.4),
            (-0.8, 0, 0.4), (-0.6, 0, 0.4), (-0.4, 0, 0.4), (-0.2, 0, 0.4), (0, 0, 0.4), (0.2, 0, 0.4),
            (0.4, 0, 0.4), (0.6, 0, 0.4), (0.8, 0, 0.4), (1, 0, 0.4), (-1, 0, 0.6), (-0.8, 0, 0.6),
            (-0.6, 0, 0.6), (-0.4, 0, 0.6), (-0.2, 0, 0.6), (0, 0, 0.6), (0.2, 0, 0.6), (0.4, 0, 0.6),
            (0.6, 0, 0.6), (0.8, 0, 0.6), (1, 0, 0.6), (-1, 0, 0.8), (-0.8, 0, 0.8), (-0.6, 0, 0.8),
            (-0.4, 0, 0.8), (-0.2, 0, 0.8), (0, 0, 0.8), (0.2, 0, 0.8), (0.4, 0, 0.8), (0.6, 0, 0.8),
            (0.8, 0, 0.8), (1, 0, 0.8), (-1, 0, 1), (-0.8, 0, 1), (-0.6, 0, 1), (-0.4, 0, 1),
            (-0.2, 0, 1), (0, 0, 1), (0.2, 0, 1), (0.4, 0, 1), (0.6, 0, 1), (0.8, 0, 1),
            (1, 0, 1)
        ] (
            interpolation = "vertex"
        )
        texCoord2f[] primvars:st = [
            (0, 0), (0.1, 0), (0.2, 0), (0.3, 0), (0.4, 0), (0.5, 0), (0.6, 0), (0.7, 0),
            (0.8, 0), (0.9, 0), (1, 0), (0, 0.1), (0.1, 0.1), (0.2, 0.1), (0.3, 0.1), (0.4, 0.1),
            (0.5, 0.1), (0.6, 0.1), (0.7, 0.1), (0.8, 0.1), (0.9, 0.1), (1, 0.1), (0, 0.2), (0.1, 0.2),
            (0.2, 0.2), (0.3, 0.2), (0.4, 0.2), (0.5, 0.2), (0.6, 0.2), (0.7, 0.2), (0.8, 0.2), (0.9, 0.2),
            (1, 0.2), (0, 0.3), (0.1, 0.3), (0.2, 0.3), (0.3, 0.3), (0.4, 0.3), (0.5, 0.3), (0.6, 0.3),
            (0.7, 0.3), (0.8, 0.3), (0.9, 0.3), (1, 0.3), (0, 0.4), (0.1, 0.4), (0.2, 0.4), (0.3, 0.4),
            (0.4, 0.4), (0.5, 0.4), (0.6, 0.4), (0.7, 0.4), (0.8, 0.4), (0.9, 0.4), (1, 0.4), (0, 0.5),
            (0.1, 0.5), (0.2, 0.5), (0.3, 0.5), (0.4, 0.5), (0.5, 0.5), (0.6, 0.5), (0.7, 0.5), (0.8, 0.5),
            (0.9, 0.5), (1, 0.5), (0, 0.6), (0.1, 0.6), (0.2, 0.6), (0.3, 0.6), (0.4, 0.6), (0.5, 0.6),
            (0.6, 0.6), (0.7, 0.6), (0.8, 0.6), (0.9, 0.6), (1, 0.6), (0, 0.7), (0.1, 0.7), (0.2, 0.7),
            (0.3, 0.7), (0.4, 0.7), (0.5, 0.7), (0.6, 0.7), (0.7, 0.7), (0.8, 0.7), (0.9, 0.7), (1, 0.7),
            (0, 0.8), (0.1, 0.8), (0.2, 0.8), (0.3, 0.8), (0.4, 0.8), (0.5, 0.8), (0.6, 0.8), (0.7, 0.8),
            (0.8, 0.8), (0.9, 0.8), (1, 0.8), (0, 0.9), (0.1, 0.9), (0.2, 0.9), (0.3, 0.9), (0.4, 0.9),
            (0.5, 0.9), (0.6, 0.9), (0.7, 0.9), (0.8, 0.9), (0.9, 0.9), (1, 0.9), (0, 1), (0.1, 1),
            (0.2, 1), (0.3, 1), (0.4, 1), (0.5, 1), (0.6, 1), (0.7, 1), (0.8, 1), (0.9, 1),
            (1, 1)
        ] (
            interpolation = "vertex"
        )
        color3f[] primvars:displayColor = [(0.22, 0.2, 0.19)]
    }

    def BasisCurves "Drivers" (
        prepend apiSchemas = ["UsdGenCurveAPI"]
    )
    {
        uniform token type = "linear"
        uniform token wrap = "nonperiodic"
        int[] curveVertexCounts = [
            5, 5, 5, 5, 5, 5, 5, 5, 5, 5, 5, 5, 5, 5, 5, 5
        ]
        point3f[] points = [
            (-0.9, 0, -0.9), (-0.9, 0.115, -0.9), (-0.9, 0.23, -0.9), (-0.9, 0.345, -0.9), (-0.9, 0.46, -0.9),
            (-0.3, 0, -0.9), (-0.3, 0.115, -0.9), (-0.3, 0.23, -0.9), (-0.3, 0.345, -0.9), (-0.3, 0.46, -0.9),
            (0.3, 0, -0.9), (0.3, 0.115, -0.9), (0.3, 0.23, -0.9), (0.3, 0.345, -0.9), (0.3, 0.46, -0.9),
            (0.9, 0, -0.9), (0.9, 0.115, -0.9), (0.9, 0.23, -0.9), (0.9, 0.345, -0.9), (0.9, 0.46, -0.9),
            (-0.9, 0, -0.3), (-0.9, 0.115, -0.3), (-0.9, 0.23, -0.3), (-0.9, 0.345, -0.3), (-0.9, 0.46, -0.3),
            (-0.3, 0, -0.3), (-0.3, 0.115, -0.3), (-0.3, 0.23, -0.3), (-0.3, 0.345, -0.3), (-0.3, 0.46, -0.3),
            (0.3, 0, -0.3), (0.3, 0.115, -0.3), (0.3, 0.23, -0.3), (0.3, 0.345, -0.3), (0.3, 0.46, -0.3),
            (0.9, 0, -0.3), (0.9, 0.115, -0.3), (0.9, 0.23, -0.3), (0.9, 0.345, -0.3), (0.9, 0.46, -0.3),
            (-0.9, 0, 0.3), (-0.9, 0.115, 0.3), (-0.9, 0.23, 0.3), (-0.9, 0.345, 0.3), (-0.9, 0.46, 0.3),
            (-0.3, 0, 0.3), (-0.3, 0.115, 0.3), (-0.3, 0.23, 0.3), (-0.3, 0.345, 0.3), (-0.3, 0.46, 0.3),
            (0.3, 0, 0.3), (0.3, 0.115, 0.3), (0.3, 0.23, 0.3), (0.3, 0.345, 0.3), (0.3, 0.46, 0.3),
            (0.9, 0, 0.3), (0.9, 0.115, 0.3), (0.9, 0.23, 0.3), (0.9, 0.345, 0.3), (0.9, 0.46, 0.3),
            (-0.9, 0, 0.9), (-0.9, 0.115, 0.9), (-0.9, 0.23, 0.9), (-0.9, 0.345, 0.9), (-0.9, 0.46, 0.9),
            (-0.3, 0, 0.9), (-0.3, 0.115, 0.9), (-0.3, 0.23, 0.9), (-0.3, 0.345, 0.9), (-0.3, 0.46, 0.9),
            (0.3, 0, 0.9), (0.3, 0.115, 0.9), (0.3, 0.23, 0.9), (0.3, 0.345, 0.9), (0.3, 0.46, 0.9),
            (0.9, 0, 0.9), (0.9, 0.115, 0.9), (0.9, 0.23, 0.9), (0.9, 0.345, 0.9), (0.9, 0.46, 0.9)
        ]
        point3f[] points.timeSamples = {
            1: [
                (-0.9, 0, -0.9), (-0.9, 0.115, -0.9), (-0.9, 0.23, -0.9), (-0.9, 0.345, -0.9), (-0.9, 0.46, -0.9),
                (-0.3, 0, -0.9), (-0.3, 0.115, -0.9), (-0.3, 0.23, -0.9), (-0.3, 0.345, -0.9), (-0.3, 0.46, -0.9),
                (0.3, 0, -0.9), (0.3, 0.115, -0.9), (0.3, 0.23, -0.9), (0.3, 0.345, -0.9), (0.3, 0.46, -0.9),
                (0.9, 0, -0.9), (0.9, 0.115, -0.9), (0.9, 0.23, -0.9), (0.9, 0.345, -0.9), (0.9, 0.46, -0.9),
                (-0.9, 0, -0.3), (-0.9, 0.115, -0.3), (-0.9, 0.23, -0.3), (-0.9, 0.345, -0.3), (-0.9, 0.46, -0.3),
                (-0.3, 0, -0.3), (-0.3, 0.115, -0.3), (-0.3, 0.23, -0.3), (-0.3, 0.345, -0.3), (-0.3, 0.46, -0.3),
                (0.3, 0, -0.3), (0.3, 0.115, -0.3), (0.3, 0.23, -0.3), (0.3, 0.345, -0.3), (0.3, 0.46, -0.3),
                (0.9, 0, -0.3), (0.9, 0.115, -0.3), (0.9, 0.23, -0.3), (0.9, 0.345, -0.3), (0.9, 0.46, -0.3),
                (-0.9, 0, 0.3), (-0.9, 0.115, 0.3), (-0.9, 0.23, 0.3), (-0.9, 0.345, 0.3), (-0.9, 0.46, 0.3),
                (-0.3, 0, 0.3), (-0.3, 0.115, 0.3), (-0.3, 0.23, 0.3), (-0.3, 0.345, 0.3), (-0.3, 0.46, 0.3),
                (0.3, 0, 0.3), (0.3, 0.115, 0.3), (0.3, 0.23, 0.3), (0.3, 0.345, 0.3), (0.3, 0.46, 0.3),
                (0.9, 0, 0.3), (0.9, 0.115, 0.3), (0.9, 0.23, 0.3), (0.9, 0.345, 0.3), (0.9, 0.46, 0.3),
                (-0.9, 0, 0.9), (-0.9, 0.115, 0.9), (-0.9, 0.23, 0.9), (-0.9, 0.345, 0.9), (-0.9, 0.46, 0.9),
                (-0.3, 0, 0.9), (-0.3, 0.115, 0.9), (-0.3, 0.23, 0.9), (-0.3, 0.345, 0.9), (-0.3, 0.46, 0.9),
                (0.3, 0, 0.9), (0.3, 0.115, 0.9), (0.3, 0.23, 0.9), (0.3, 0.345, 0.9), (0.3, 0.46, 0.9),
                (0.9, 0, 0.9), (0.9, 0.115, 0.9), (0.9, 0.23, 0.9), (0.9, 0.345, 0.9), (0.9, 0.46, 0.9)
            ],
            2: [
                (-0.9, 0, -0.9), (-0.899372, 0.114998, -0.900244), (-0.897488, 0.22998, -0.900974), (-0.894348, 0.344931, -0.902192), (-0.889953, 0.459834, -0.903897),
                (-0.3, 0, -0.9), (-0.299764, 0.115, -0.900092), (-0.299056, 0.229997, -0.900366), (-0.297876, 0.34499, -0.900824), (-0.296224, 0.459977, -0.901465),
                (0.3, 0, -0.9), (0.299489, 0.114999, -0.899802), (0.297957, 0.229987, -0.899207), (0.295402, 0.344954, -0.898217), (0.291827, 0.45989, -0.89683),
                (0.9, 0, -0.9), (0.89951, 0.114999, -0.89981), (0.898042, 0.229988, -0.89924), (0.895594, 0.344958, -0.898291), (0.892167, 0.459899, -0.896962),
                (-0.9, 0, -0.3), (-0.899405, 0.114998, -0.300069), (-0.897619, 0.229984, -0.300274), (-0.894643, 0.344945, -0.300618), (-0.890478, 0.459869, -0.301098),
                (-0.3, 0, -0.3), (-0.299544, 0.114999, -0.300053), (-0.298176, 0.229991, -0.30021), (-0.295896, 0.344968, -0.300473), (-0.292704, 0.459923, -0.300841),
                (0.3, 0, -0.3), (0.299631, 0.114999, -0.299957), (0.298524, 0.229994, -0.29983), (0.29668, 0.344979, -0.299617), (0.294098, 0.45995, -0.29932),
                (0.9, 0, -0.3), (0.899361, 0.114998, -0.299926), (0.897444, 0.229982, -0.299705), (0.894248, 0.344937, -0.299337), (0.889776, 0.459849, -0.298821),
                (-0.9, 0, 0.3), (-0.899563, 0.114999, 0.300098), (-0.898252, 0.229991, 0.300392), (-0.896066, 0.344969, 0.300881), (-0.893007, 0.459927, 0.301566),
                (-0.3, 0, 0.3), (-0.299409, 0.114998, 0.300132), (-0.297634, 0.229984, 0.30053), (-0.294678, 0.344944, 0.301192), (-0.290538, 0.459866, 0.302119),
                (0.3, 0, 0.3), (0.299856, 0.115, 0.299968), (0.299426, 0.229999, 0.299871), (0.298708, 0.344997, 0.299711), (0.297704, 0.459992, 0.299486),
                (0.9, 0, 0.3), (0.899337, 0.114998, 0.299852), (0.897349, 0.22998, 0.299406), (0.894037, 0.34493, 0.298665), (0.889399, 0.459832, 0.297626),
                (-0.9, 0, 0.9), (-0.899781, 0.115, 0.900095), (-0.899122, 0.229998, 0.900381), (-0.898025, 0.344991, 0.900857), (-0.896489, 0.459979, 0.901523),
                (-0.3, 0, 0.9), (-0.29938, 0.114998, 0.900269), (-0.297522, 0.22998, 0.901075), (-0.294424, 0.344931, 0.902418), (-0.290087, 0.459833, 0.904299),
                (0.3, 0, 0.9), (0.300088, 0.115, 0.900038), (0.300352, 0.23, 0.900153), (0.300793, 0.344999, 0.900344), (0.301409, 0.459997, 0.900611),
                (0.9, 0, 0.9), (0.899424, 0.114998, 0.89975), (0.897696, 0.229983, 0.899001), (0.894817, 0.34494, 0.897752), (0.890787, 0.459856, 0.896004)
            ],
            3: [
                (-0.9, 0, -0.9), (-0.897849, 0.114977, -0.900763), (-0.891399, 0.229774, -0.903051), (-0.880661, 0.344208, -0.906861), (-0.865651, 0.4581, -0.912186),
                (-0.3, 0, -0.9), (-0.298603, 0.11499, -0.900496), (-0.294412, 0.229904, -0.901983), (-0.28743, 0.344666, -0.904459), (-0.277663, 0.459198, -0.907925),
                (0.3, 0, -0.9), (0.298542, 0.11499, -0.899483), (0.294171, 0.229896, -0.897932), (0.286888, 0.344636, -0.895348), (0.2767, 0.459127, -0.891734),
                (0.9, 0, -0.9), (0.897879, 0.114978, -0.899248), (0.891521, 0.22978, -0.896992), (0.880934, 0.34423, -0.893236), (0.866135, 0.458153, -0.887985),
                (-0.9, 0, -0.3), (-0.8982, 0.114986, -0.300104), (-0.892802, 0.229859, -0.300414), (-0.883811, 0.344505, -0.300931), (-0.871235, 0.458814, -0.301655),
                (-0.3, 0, -0.3), (-0.29792, 0.114981, -0.30012), (-0.291682, 0.229811, -0.300479), (-0.281294, 0.34434, -0.301076), (-0.26677, 0.458416, -0.301912),
                (0.3, 0, -0.3), (0.299233, 0.114997, -0.299956), (0.29693, 0.229974, -0.299823), (0.293093, 0.34491, -0.299603), (0.287723, 0.459784, -0.299294),
                (0.9, 0, -0.3), (0.897539, 0.114974, -0.299858), (0.89016, 0.229736, -0.299434), (0.877877, 0.344076, -0.298727), (0.860712, 0.457783, -0.29774),
                (-0.9, 0, 0.3), (-0.898946, 0.114995, 0.300288), (-0.895785, 0.229948, 0.301151), (-0.890518, 0.344818, 0.302588), (-0.883146, 0.459564, 0.304601),
                (-0.3, 0, 0.3), (-0.297668, 0.114975, 0.300637), (-0.290675, 0.229746, 0.302546), (-0.279034, 0.344111, 0.305723), (-0.262765, 0.457868, 0.310164),
                (0.3, 0, 0.3), (0.300104, 0.115, 0.300028), (0.300416, 0.229999, 0.300113), (0.300935, 0.344998, 0.300255), (0.301662, 0.459996, 0.300454),
                (0.9, 0, 0.3), (0.897719, 0.114976, 0.299377), (0.890881, 0.229757, 0.297511), (0.879496, 0.34415, 0.294403), (0.863584, 0.457961, 0.290059),
                (-0.9, 0, 0.9), (-0.899779, 0.115, 0.900098), (-0.899117, 0.229997, 0.900394), (-0.898013, 0.344991, 0.900886), (-0.896467, 0.459979, 0.901574),
                (-0.3, 0, 0.9), (-0.29777, 0.114974, 0.900994), (-0.291083, 0.229741, 0.903974), (-0.279952, 0.344093, 0.908935), (-0.264396, 0.457825, 0.915867),
                (0.3, 0, 0.9), (0.300886, 0.114996, 0.900395), (0.303545, 0.229959, 0.90158), (0.307975, 0.344857, 0.903554), (0.314175, 0.459656, 0.906317),
                (0.9, 0, 0.9), (0.89821, 0.114983, 0.899202), (0.89284, 0.229833, 0.896809), (0.883898, 0.344416, 0.892824), (0.871394, 0.458598, 0.887252)
            ],
            4: [
                (-0.9, 0, -0.9), (-0.896216, 0.114932, -0.901194), (-0.884881, 0.229316, -0.904772), (-0.86605, 0.342608, -0.910715), (-0.839813, 0.454268, -0.918996),
                (-0.3, 0, -0.9), (-0.296247, 0.114933, -0.901184), (-0.285007, 0.229327, -0.904732), (-0.266332, 0.342647, -0.910626), (-0.240309, 0.454363, -0.918839),
                (0.3, 0, -0.9), (0.298078, 0.114982, -0.899393), (0.292315, 0.229823, -0.897575), (0.282717, 0.344382, -0.894545), (0.269297, 0.458518, -0.89031),
                (0.9, 0, -0.9), (0.895294, 0.114894, -0.898515), (0.881211, 0.228942, -0.89407), (0.857855, 0.341304, -0.886699), (0.825397, 0.451152, -0.876455),
                (-0.9, 0, -0.3), (-0.897359, 0.11497, -0.299997), (-0.889441, 0.229697, -0.299987), (-0.876262, 0.343939, -0.299971), (-0.857852, 0.457456, -0.299949),
                (-0.3, 0, -0.3), (-0.29523, 0.114901, -0.299994), (-0.280952, 0.229011, -0.299977), (-0.257264, 0.341545, -0.299948), (-0.22433, 0.451728, -0.299908),
                (0.3, 0, -0.3), (0.299727, 0.115, -0.3), (0.298908, 0.229997, -0.300001), (0.297543, 0.344989, -0.300003), (0.295631, 0.459973, -0.300005),
                (0.9, 0, -0.3), (0.895094, 0.114895, -0.300006), (0.880413, 0.228954, -0.300024), (0.856063, 0.341347, -0.300053), (0.822221, 0.451255, -0.300094),
                (-0.9, 0, 0.3), (-0.89907, 0.114996, 0.300295), (-0.896282, 0.229959, 0.30118), (-0.891635, 0.344855, 0.302655), (-0.885132, 0.459653, 0.304718),
                (-0.3, 0, 0.3), (-0.29524, 0.114892, 0.301511), (-0.280995, 0.228916, 0.306031), (-0.257373, 0.341214, 0.313527), (-0.224553, 0.450938, 0.323942),
                (0.3, 0, 0.3), (0.301434, 0.11499, 0.300455), (0.305734, 0.229902, 0.30182), (0.312898, 0.344656, 0.304093), (0.322921, 0.459174, 0.307274),
                (0.9, 0, 0.3), (0.895951, 0.114922, 0.298715), (0.883826, 0.229216, 0.294867), (0.863691, 0.342259, 0.288478), (0.835656, 0.453434, 0.279581),
                (-0.9, 0, 0.9), (-0.900744, 0.114997, 0.899665), (-0.902976, 0.229971, 0.898661), (-0.906695, 0.344899, 0.896987), (-0.911901, 0.459757, 0.894645),
                (-0.3, 0, 0.9), (-0.295825, 0.114909, 0.901879), (-0.283327, 0.229089, 0.907503), (-0.262585, 0.341817, 0.916836), (-0.23373, 0.452379, 0.929821),
                (0.3, 0, 0.9), (0.302816, 0.114959, 0.901267), (0.311258, 0.229585, 0.905066), (0.325299, 0.34355, 0.911384), (0.344901, 0.456523, 0.920205),
                (0.9, 0, 0.9), (0.897222, 0.11496, 0.89875), (0.888898, 0.229597, 0.895004), (0.875049, 0.34359, 0.888772), (0.855715, 0.456618, 0.880072)
            ],
            5: [
                (-0.9, 0, -0.9), (-0.895357, 0.114899, -0.901259), (-0.881459, 0.228994, -0.905025), (-0.858404, 0.341486, -0.911274), (-0.826353, 0.451588, -0.919961),
                (-0.3, 0, -0.9), (-0.292987, 0.11477, -0.901901), (-0.272059, 0.227708, -0.907573), (-0.237552, 0.337009, -0.916926), (-0.190016, 0.440928, -0.929811),
                (0.3, 0, -0.9), (0.298839, 0.114994, -0.899685), (0.295355, 0.229937, -0.898741), (0.28955, 0.34478, -0.897168), (0.281427, 0.459471, -0.894966),
                (0.9, 0, -0.9), (0.892412, 0.114731, -0.897943), (0.869788, 0.227317, -0.891811), (0.832553, 0.335653, -0.881719), (0.781402, 0.437713, -0.867855),
                (-0.9, 0, -0.3), (-0.89771, 0.114977, -0.299863), (-0.890844, 0.229771, -0.299451), (-0.879413, 0.3442, -0.298766), (-0.863436, 0.45808, -0.297808),
                (-0.3, 0, -0.3), (-0.292122, 0.114729, -0.299528), (-0.268635, 0.227296, -0.29812), (-0.229982, 0.335581, -0.295803), (-0.176892, 0.437543, -0.292621),
                (0.3, 0, -0.3), (0.301623, 0.114988, -0.299903), (0.306493, 0.229885, -0.299611), (0.314604, 0.344598, -0.299125), (0.32595, 0.459034, -0.298445),
                (0.9, 0, -0.3), (0.892926, 0.114781, -0.300424), (0.87181, 0.227819, -0.30169), (0.836975, 0.337396, -0.303778), (0.788948, 0.441848, -0.306657),
                (-0.9, 0, 0.3), (-0.900488, 0.114999, 0.299826), (-0.901953, 0.229988, 0.299304), (-0.904394, 0.344959, 0.298435), (-0.907811, 0.459902, 0.297217),
                (-0.3, 0, 0.3), (-0.292927, 0.114755, 0.30252), (-0.271829, 0.227552, 0.310037), (-0.237065, 0.33647, 0.322422), (-0.189228, 0.439651, 0.339465),
                (0.3, 0, 0.3), (0.304001, 0.114922, 0.301425), (0.31598, 0.229216, 0.305693), (0.335874, 0.342261, 0.312781), (0.363573, 0.453438, 0.322649),
                (0.9, 0, 0.3), (0.89491, 0.114873, 0.298187), (0.879685, 0.228732, 0.292762), (0.854459, 0.34057, 0.283775), (0.819455, 0.449401, 0.271305),
                (-0.9, 0, 0.9), (-0.90298, 0.114954, 0.898669), (-0.911911, 0.229537, 0.89468), (-0.926764, 0.343381, 0.888047), (-0.94749, 0.456118, 0.87879),
                (-0.3, 0, 0.9), (-0.294373, 0.114835, 0.902513), (-0.277557, 0.22835, 0.910023), (-0.249745, 0.339243, 0.922444), (-0.211256, 0.446239, 0.939634),
                (0.3, 0, 0.9), (0.305772, 0.114826, 0.902578), (0.323018, 0.228264, 0.91028), (0.351529, 0.338944, 0.923013), (0.390961, 0.445527, 0.940624),
                (0.9, 0, 0.9), (0.897237, 0.11496, 0.898766), (0.888956, 0.229602, 0.895068), (0.875179, 0.343608, 0.888915), (0.855945, 0.456662, 0.880325)
            ],
            6: [
                (-0.9, 0, -0.9), (-0.895964, 0.114926, -0.900895), (-0.883875, 0.229257, -0.903577), (-0.863797, 0.342403, -0.908031), (-0.835833, 0.453779, -0.914235),
                (-0.3, 0, -0.9), (-0.289568, 0.114502, -0.902314), (-0.258633, 0.225051, -0.909177), (-0.208263, 0.327827, -0.920351), (-0.140197, 0.419282, -0.93545),
                (0.3, 0, -0.9), (0.301148, 0.114994, -0.900255), (0.304591, 0.22994, -0.901019), (0.310328, 0.34479, -0.902291), (0.318357, 0.459495, -0.904072),
                (0.9, 0, -0.9), (0.890136, 0.114555, -0.897812), (0.860847, 0.225573, -0.891314), (0.813039, 0.329626, -0.880709), (0.748187, 0.423499, -0.866322),
                (-0.9, 0, -0.3), (-0.89965, 0.114999, -0.299959), (-0.898601, 0.229995, -0.299835), (-0.896851, 0.344981, -0.29963), (-0.894402, 0.459955, -0.299341),
                (-0.3, 0, -0.3), (-0.289534, 0.114516, -0.298769), (-0.258487, 0.225186, -0.295116), (-0.207903, 0.328292, -0.289166), (-0.13948, 0.42037, -0.281116),
                (0.3, 0, -0.3), (0.304851, 0.114896, -0.299429), (0.319368, 0.228963, -0.297721), (0.343448, 0.341379, -0.294889), (0.376915, 0.451331, -0.290952),
                (0.9, 0, -0.3), (0.891934, 0.114713, -0.300949), (0.867898, 0.227137, -0.303776), (0.828372, 0.335031, -0.308426), (0.774143, 0.436241, -0.314806),
                (-0.9, 0, 0.3), (-0.903239, 0.114947, 0.29874), (-0.912944, 0.229475, 0.294963), (-0.92908, 0.343164, 0.288685), (-0.951588, 0.455599, 0.279927),
                (-0.3, 0, 0.3), (-0.291573, 0.114644, 0.303279), (-0.266499, 0.226452, 0.313035), (-0.225399, 0.33266, 0.329028), (-0.169289, 0.43064, 0.35086),
                (0.3, 0, 0.3), (0.307421, 0.114724, 0.302887), (0.329541, 0.227248, 0.311495), (0.365937, 0.335414, 0.325656), (0.415909, 0.437147, 0.345101),
                (0.9, 0, 0.3), (0.895252, 0.114887, 0.298152), (0.881044, 0.228872, 0.292624), (0.857489, 0.34106, 0.283459), (0.824771, 0.45057, 0.270728),
                (-0.9, 0, 0.9), (-0.906284, 0.114796, 0.897263), (-0.925049, 0.22796, 0.889089), (-0.956026, 0.337884, 0.875595), (-0.998775, 0.443006, 0.856974),
                (-0.3, 0, 0.9), (-0.294144, 0.114822, 0.902551), (-0.276648, 0.228228, 0.910172), (-0.247727, 0.338817, 0.92277), (-0.20774, 0.445225, 0.940188),
                (0.3, 0, 0.9), (0.309185, 0.114563, 0.904001), (0.33646, 0.225648, 0.915882), (0.380998, 0.329883, 0.935282), (0.441447, 0.424104, 0.961614),
                (0.9, 0, 0.9), (0.898706, 0.114991, 0.899436), (0.894823, 0.229913, 0.897745), (0.888354, 0.344697, 0.894927), (0.879304, 0.459272, 0.890985)
            ],
            7: [
                (-0.9, 0, -0.9), (-0.898284, 0.114987, -0.90029), (-0.893139, 0.229868, -0.901158), (-0.884568, 0.344539, -0.902606), (-0.87258, 0.458895, -0.90463),
                (-0.3, 0, -0.9), (-0.286968, 0.114238, -0.9022), (-0.24856, 0.222441, -0.908685), (-0.186805, 0.318891, -0.919111), (-0.104967, 0.398493, -0.932928),
                (0.3, 0, -0.9), (0.304766, 0.114898, -0.900805), (0.319029, 0.228985, -0.903213), (0.342689, 0.341454, -0.907207), (0.375579, 0.45151, -0.91276),
                (0.9, 0, -0.9), (0.889321, 0.114489, -0.898197), (0.857663, 0.224916, -0.892852), (0.806148, 0.327364, -0.884155), (0.736605, 0.418199, -0.872413),
                (-0.9, 0, -0.3), (-0.902986, 0.11496, -0.300518), (-0.911937, 0.229601, -0.302069), (-0.926828, 0.343603, -0.30465), (-0.947617, 0.456651, -0.308253),
                (-0.3, 0, -0.3), (-0.28836, 0.114392, -0.297983), (-0.253933, 0.223955, -0.292015), (-0.19817, 0.324065, -0.28235), (-0.123426, 0.410498, -0.269395),
                (0.3, 0, -0.3), (0.308766, 0.114655, -0.298481), (0.334852, 0.226566, -0.293959), (0.377636, 0.333054, -0.286543), (0.436092, 0.431569, -0.276411),
                (0.9, 0, -0.3), (0.8927, 0.114761, -0.301265), (0.870921, 0.227617, -0.30504), (0.835025, 0.336694, -0.311262), (0.785607, 0.440181, -0.319828),
                (-0.9, 0, 0.3), (-0.906842, 0.114761, 0.297159), (-0.927256, 0.227617, 0.288681), (-0.960901, 0.336694, 0.274709), (-1.00722, 0.440181, 0.255474),
                (-0.3, 0, 0.3), (-0.291784, 0.114655, 0.303412), (-0.267333, 0.226566, 0.313566), (-0.227232, 0.333054, 0.330219), (-0.17244, 0.431569, 0.352973),
                (0.3, 0, 0.3), (0.31091, 0.114392, 0.304531), (0.343179, 0.223955, 0.317931), (0.395445, 0.324065, 0.339637), (0.465503, 0.410498, 0.36873),
                (0.9, 0, 0.3), (0.897201, 0.11496, 0.298838), (0.888811, 0.229601, 0.295353), (0.874854, 0.343603, 0.289557), (0.855369, 0.456651, 0.281466),
                (-0.9, 0, 0.9), (-0.909995, 0.114489, 0.895831), (-0.939627, 0.224916, 0.88347), (-0.987844, 0.327364, 0.863358), (-1.05294, 0.418199, 0.836207),
                (-0.3, 0, 0.9), (-0.295539, 0.114898, 0.901861), (-0.282189, 0.228985, 0.907429), (-0.260044, 0.341454, 0.916667), (-0.229259, 0.45151, 0.929508),
                (0.3, 0, 0.9), (0.312198, 0.114238, 0.905088), (0.348147, 0.222441, 0.920084), (0.405949, 0.318891, 0.944194), (0.482548, 0.398493, 0.976146),
                (0.9, 0, 0.9), (0.901606, 0.114987, 0.90067), (0.906422, 0.229868, 0.902679), (0.914444, 0.344539, 0.906025), (0.925665, 0.458895, 0.910706)
            ],
            8: [
                (-0.9, 0, -0.9), (-0.901964, 0.114983, -0.899778), (-0.907855, 0.22983, -0.899113), (-0.917664, 0.344406, -0.898005), (-0.931381, 0.458574, -0.896456),
                (-0.3, 0, -0.9), (-0.28608, 0.114144, -0.901572), (-0.245146, 0.221512, -0.906195), (-0.179628, 0.315733, -0.913595), (-0.0934143, 0.391214, -0.923333),
                (0.3, 0, -0.9), (0.308882, 0.114652, -0.901003), (0.335312, 0.226534, -0.903988), (0.378653, 0.332941, -0.908884), (0.437857, 0.431304, -0.91557),
                (0.9, 0, -0.9), (0.890469, 0.114599, -0.898924), (0.862142, 0.22601, -0.895724), (0.815808, 0.331132, -0.890491), (0.752754, 0.427041, -0.883369),
                (-0.9, 0, -0.3), (-0.906955, 0.114779, -0.301572), (-0.927714, 0.227792, -0.306265), (-0.961958, 0.337302, -0.314006), (-1.00916, 0.441625, -0.324676),
                (-0.3, 0, -0.3), (-0.289135, 0.114459, -0.297544), (-0.256947, 0.224623, -0.290268), (-0.204644, 0.326356, -0.278445), (-0.134189, 0.415841, -0.262518),
                (0.3, 0, -0.3), (0.312336, 0.114302, -0.297211), (0.348748, 0.223075, -0.28898), (0.407474, 0.321055, -0.275705), (0.485673, 0.403501, -0.258028),
                (0.9, 0, -0.3), (0.895255, 0.114897, -0.301073), (0.881052, 0.228972, -0.304283), (0.857495, 0.341407, -0.309608), (0.824751, 0.451398, -0.31701),
                (-0.9, 0, 0.3), (-0.91042, 0.114437, 0.295474), (-0.941274, 0.224408, 0.282073), (-0.991356, 0.325618, 0.260319), (-1.05871, 0.414117, 0.231063),
                (-0.3, 0, 0.3), (-0.29373, 0.114797, 0.302723), (-0.275008, 0.227971, 0.310855), (-0.2441, 0.337923, 0.32428), (-0.201441, 0.443098, 0.342809),
                (0.3, 0, 0.3), (0.313514, 0.114052, 0.30587), (0.353168, 0.220616, 0.323094), (0.41636, 0.312695, 0.350541), (0.498939, 0.384243, 0.386409),
                (0.9, 0, 0.3), (0.900452, 0.114999, 0.300196), (0.901809, 0.229989, 0.300786), (0.904071, 0.344963, 0.301768), (0.907237, 0.459911, 0.303143),
                (-0.9, 0, 0.9), (-0.913156, 0.114129, 0.894849), (-0.951829, 0.221367, 0.879708), (-1.01369, 0.315241, 0.85549), (-1.09499, 0.390083, 0.823657),
                (-0.3, 0, 0.9), (-0.298467, 0.114988, 0.9006), (-0.29387, 0.229882, 0.9024), (-0.286212, 0.344588, 0.905398), (-0.2755, 0.459011, 0.909592),
                (0.3, 0, 0.9), (0.313911, 0.114026, 0.905446), (0.354704, 0.220355, 0.921418), (0.419626, 0.31181, 0.946836), (0.504294, 0.382218, 0.979985),
                (0.9, 0, 0.9), (0.905389, 0.114854, 0.90211), (0.921501, 0.228545, 0.908418), (0.948174, 0.339921, 0.918861), (0.985136, 0.447853, 0.933333)
            ],
            9: [
                (-0.9, 0, -0.9), (-0.906041, 0.114841, -0.899667), (-0.924096, 0.22841, -0.898672), (-0.953966, 0.339451, -0.897025), (-0.99532, 0.446734, -0.894746),
                (-0.3, 0, -0.9), (-0.287396, 0.114305, -0.900695), (-0.25019, 0.223101, -0.902746), (-0.190176, 0.321144, -0.906054), (-0.110246, 0.403708, -0.91046),
                (0.3, 0, -0.9), (0.312289, 0.11434, -0.900677), (0.348592, 0.223441, -0.902679), (0.407247, 0.322305, -0.905912), (0.485566, 0.406403, -0.910229),
                (0.9, 0, -0.9), (0.893485, 0.114815, -0.899641), (0.874023, 0.228151, -0.898568), (0.841866, 0.338549, -0.896796), (0.797427, 0.444588, -0.894346),
                (-0.9, 0, -0.3), (-0.910409, 0.114492, -0.302861), (-0.941268, 0.224949, -0.311345), (-0.99149, 0.327478, -0.325151), (-1.05931, 0.418464, -0.343794),
                (-0.3, 0, -0.3), (-0.291816, 0.114686, -0.29775), (-0.267441, 0.226874, -0.291049), (-0.227408, 0.334117, -0.280044), (-0.172588, 0.434081, -0.264974),
                (0.3, 0, -0.3), (0.314449, 0.11402, -0.296028), (0.356814, 0.220295, -0.284382), (0.424218, 0.31161, -0.265852), (0.512084, 0.381761, -0.241697),
                (0.9, 0, -0.3), (0.899, 0.114995, -0.300275), (0.896002, 0.229953, -0.301099), (0.891006, 0.344836, -0.302472), (0.884014, 0.459608, -0.304395),
                (-0.9, 0, 0.3), (-0.91292, 0.114127, 0.294238), (-0.950899, 0.221345, 0.2773), (-1.01164, 0.315164, 0.250211), (-1.09146, 0.389906, 0.214612),
                (-0.3, 0, 0.3), (-0.29703, 0.114954, 0.301325), (-0.288128, 0.22954, 0.305295), (-0.273323, 0.343392, 0.311898), (-0.252663, 0.456145, 0.321112),
                (0.3, 0, 0.3), (0.314382, 0.113917, 0.306414), (0.35645, 0.219289, 0.325176), (0.423049, 0.308212, 0.354879), (0.509182, 0.374018, 0.393293),
                (0.9, 0, 0.3), (0.904189, 0.114908, 0.301868), (0.91673, 0.229086, 0.307461), (0.937543, 0.341805, 0.316744), (0.966495, 0.452349, 0.329656),
                (-0.9, 0, 0.9), (-0.914764, 0.113925, 0.894697), (-0.957957, 0.21937, 0.879181), (-1.02636, 0.308486, 0.854608), (-1.11489, 0.37464, 0.822807),
                (-0.3, 0, 0.9), (-0.302265, 0.114975, 0.899186), (-0.309056, 0.229748, 0.896747), (-0.320361, 0.344119, 0.892686), (-0.33616, 0.457887, 0.887011),
                (0.3, 0, 0.9), (0.313649, 0.114082, 0.904903), (0.353729, 0.220906, 0.9193), (0.417689, 0.313675, 0.942276), (0.501461, 0.386489, 0.972368),
                (0.9, 0, 0.9), (0.909047, 0.114597, 0.90325), (0.935937, 0.225992, 0.912909), (0.979917, 0.331069, 0.928707), (1.03976, 0.426891, 0.950203)
            ],
            10: [
                (-0.9, 0, -0.9), (-0.909616, 0.114597, -0.900035), (-0.938195, 0.225989, -0.900139), (-0.984938, 0.331061, -0.900309), (-1.04854, 0.426874, -0.900541),
                (-0.3, 0, -0.9), (-0.29025, 0.114586, -0.899964), (-0.261279, 0.225877, -0.899859), (-0.21392, 0.330673, -0.899686), (-0.149537, 0.42596, -0.899452),
                (0.3, 0, -0.9), (0.314435, 0.11409, -0.899947), (0.356829, 0.220991, -0.899793), (0.42451, 0.313965, -0.899546), (0.513214, 0.387153, -0.899223),
                (0.9, 0, -0.9), (0.897422, 0.114971, -0.900009), (0.889692, 0.229711, -0.900038), (0.876826, 0.343989, -0.900084), (0.85885, 0.457575, -0.90015),
                (-0.9, 0, -0.3), (-0.912765, 0.114217, -0.304073), (-0.950365, 0.222232, -0.316069), (-1.01076, 0.31818, -0.335339), (-1.09067, 0.396852, -0.360835),
                (-0.3, 0, -0.3), (-0.295472, 0.114902, -0.298555), (-0.281918, 0.229018, -0.294231), (-0.259432, 0.34157, -0.287057), (-0.228167, 0.451788, -0.277081),
                (0.3, 0, -0.3), (0.314995, 0.113918, -0.295216), (0.358855, 0.2193, -0.281222), (0.428295, 0.308251, -0.259067), (0.518112, 0.374105, -0.23041),
                (0.9, 0, -0.3), (0.902936, 0.114959, -0.299063), (0.911737, 0.229587, -0.296255), (0.926376, 0.343556, -0.291585), (0.946812, 0.456538, -0.285064),
                (-0.9, 0, 0.3), (-0.9141, 0.113956, 0.293655), (-0.955382, 0.219671, 0.275078), (-1.02086, 0.309502, 0.245614), (-1.1058, 0.376952, 0.207392),
                (-0.3, 0, 0.3), (-0.300787, 0.114997, 0.299646), (-0.303148, 0.229968, 0.298584), (-0.307081, 0.344887, 0.296813), (-0.312588, 0.459728, 0.294336),
                (0.3, 0, 0.3), (0.313713, 0.114013, 0.306171), (0.353915, 0.220227, 0.324262), (0.417855, 0.31138, 0.353035), (0.501161, 0.381235, 0.390522),
                (0.9, 0, 0.3), (0.907606, 0.114697, 0.303423), (0.930265, 0.226981, 0.313619), (0.9675, 0.334488, 0.330375), (1.01853, 0.434957, 0.353337),
                (-0.9, 0, 0.9), (-0.91481, 0.113943, 0.89525), (-0.958156, 0.21955, 0.881346), (-1.02687, 0.309094, 0.859306), (-1.11591, 0.376024, 0.830742),
                (-0.3, 0, 0.9), (-0.306062, 0.114824, 0.898055), (-0.324174, 0.22824, 0.892246), (-0.354115, 0.338858, 0.882642), (-0.395516, 0.445322, 0.869362),
                (0.3, 0, 0.9), (0.311822, 0.114328, 0.903792), (0.346736, 0.223326, 0.914991), (0.403114, 0.321913, 0.933075), (0.47833, 0.405493, 0.957202),
                (0.9, 0, 0.9), (0.911921, 0.114317, 0.903824), (0.947118, 0.223214, 0.915114), (1.00392, 0.321531, 0.933335), (1.07964, 0.404606, 0.957623)
            ],
            11: [
                (-0.9, 0, -0.9), (-0.912497, 0.114316, -0.900779), (-0.949394, 0.223212, -0.90308), (-1.00894, 0.321523, -0.906792), (-1.08832, 0.404589, -0.911741),
                (-0.3, 0, -0.9), (-0.293805, 0.114832, -0.899614), (-0.275292, 0.228327, -0.89846), (-0.244677, 0.33916, -0.896551), (-0.202317, 0.446042, -0.89391),
                (0.3, 0, -0.9), (0.31555, 0.11394, -0.89903), (0.361058, 0.219514, -0.896193), (0.433184, 0.308972, -0.891696), (0.526631, 0.375745, -0.88587),
                (0.9, 0, -0.9), (0.901544, 0.11499, -0.899904), (0.906175, 0.229896, -0.899615), (0.913889, 0.344636, -0.899134), (0.924682, 0.459126, -0.898461),
                (-0.9, 0, -0.3), (-0.914207, 0.114006, -0.305082), (-0.955849, 0.220161, -0.31998), (-1.02206, 0.311157, -0.343666), (-1.10828, 0.380726, -0.374511),
                (-0.3, 0, -0.3), (-0.299351, 0.114998, -0.299768), (-0.297404, 0.229979, -0.299071), (-0.29416, 0.344928, -0.297911), (-0.289619, 0.459827, -0.296286),
                (0.3, 0, -0.3), (0.314526, 0.11396, -0.294803), (0.357059, 0.219717, -0.279587), (0.424536, 0.309657, -0.255448), (0.5121, 0.377304, -0.224122),
                (0.9, 0, -0.3), (0.906579, 0.114788, -0.297646), (0.926218, 0.22788, -0.29062), (0.958628, 0.337608, -0.279026), (1.00333, 0.44235, -0.263034),
                (-0.9, 0, 0.3), (-0.914363, 0.113919, 0.29359), (-0.956379, 0.219314, 0.274838), (-1.0229, 0.308298, 0.245148), (-1.10896, 0.374212, 0.206741),
                (-0.3, 0, 0.3), (-0.304492, 0.114895, 0.297995), (-0.317933, 0.228949, 0.291996), (-0.340227, 0.341328, 0.282047), (-0.371209, 0.451209, 0.268219),
                (0.3, 0, 0.3), (0.312151, 0.114228, 0.305423), (0.347954, 0.222338, 0.321402), (0.405492, 0.318541, 0.347082), (0.481682, 0.397685, 0.381086),
                (0.9, 0, 0.3), (0.91052, 0.114422, 0.304695), (0.941658, 0.22425, 0.318592), (0.992164, 0.325077, 0.341133), (1.06001, 0.412855, 0.371413),
                (-0.9, 0, 0.9), (-0.913844, 0.114099, 0.896168), (-0.95451, 0.221078, 0.88491), (-1.01946, 0.31426, 0.86693), (-1.10465, 0.387831, 0.843349),
                (-0.3, 0, 0.9), (-0.309528, 0.114574, 0.897362), (-0.33783, 0.225762, 0.889528), (-0.38407, 0.330275, 0.876727), (-0.44688, 0.425025, 0.85934),
                (0.3, 0, 0.9), (0.309134, 0.114609, 0.902529), (0.33629, 0.226104, 0.910046), (0.380728, 0.331455, 0.922347), (0.441241, 0.427801, 0.939099),
                (0.9, 0, 0.9), (0.914041, 0.114073, 0.903887), (0.955262, 0.220824, 0.915298), (1.02102, 0.313397, 0.933501), (1.10709, 0.385851, 0.957326)
            ],
            12: [
                (-0.9, 0, -0.9), (-0.914466, 0.114073, -0.901736), (-0.956937, 0.220822, -0.906832), (-1.02468, 0.313392, -0.91496), (-1.11336, 0.385839, -0.9256),
                (-0.3, 0, -0.9), (-0.297781, 0.114978, -0.899734), (-0.291129, 0.229783, -0.898936), (-0.280052, 0.344241, -0.897607), (-0.264569, 0.458178, -0.895749),
                (0.3, 0, -0.9), (0.315558, 0.113927, -0.898133), (0.361077, 0.219394, -0.892672), (0.433177, 0.308567, -0.884021), (0.526502, 0.374824, -0.872823),
                (0.9, 0, -0.9), (0.905525, 0.114865, -0.899337), (0.92205, 0.228655, -0.897354), (0.949419, 0.340302, -0.89407), (0.987376, 0.448762, -0.889516),
                (-0.9, 0, -0.3), (-0.914676, 0.113916, -0.305728), (-0.957603, 0.21928, -0.322483), (-1.02556, 0.308182, -0.349007), (-1.11344, 0.37395, -0.383309),
                (-0.3, 0, -0.3), (-0.303188, 0.114949, -0.301244), (-0.312742, 0.229491, -0.304973), (-0.328626, 0.34322, -0.311173), (-0.350786, 0.455732, -0.319823),
                (0.3, 0, -0.3), (0.313107, 0.114136, -0.294884), (0.351642, 0.221438, -0.279843), (0.413299, 0.315482, -0.255777), (0.494386, 0.390637, -0.224128),
                (0.9, 0, -0.3), (0.909697, 0.114528, -0.296215), (0.938471, 0.225302, -0.284984), (0.985379, 0.328692, -0.266675), (1.04888, 0.421309, -0.241888),
                (-0.9, 0, 0.3), (-0.913691, 0.114027, 0.294045), (-0.953841, 0.220366, 0.27658), (-1.01774, 0.311847, 0.248784), (-1.10109, 0.382303, 0.21253),
                (-0.3, 0, 0.3), (-0.307917, 0.114675, 0.296556), (-0.33149, 0.226766, 0.286302), (-0.370187, 0.333743, 0.26947), (-0.423136, 0.433196, 0.246438),
                (0.3, 0, 0.3), (0.309782, 0.114504, 0.304255), (0.338793, 0.225067, 0.316874), (0.386033, 0.327883, 0.337423), (0.449877, 0.419413, 0.365193),
                (0.9, 0, 0.3), (0.912756, 0.114156, 0.305548), (0.950277, 0.22163, 0.321869), (1.01037, 0.316134, 0.348007), (1.08951, 0.392137, 0.382432),
                (-0.9, 0, 0.9), (-0.911893, 0.114351, 0.897287), (-0.947036, 0.223556, 0.889269), (-1.00385, 0.322699, 0.876307), (-1.07977, 0.407319, 0.858985),
                (-0.3, 0, 0.9), (-0.312408, 0.114294, 0.897169), (-0.349023, 0.222988, 0.888815), (-0.408053, 0.320759, 0.875348), (-0.486604, 0.402817, 0.857427),
                (0.3, 0, 0.9), (0.305741, 0.114849, 0.90131), (0.322906, 0.228494, 0.905226), (0.351313, 0.339741, 0.911707), (0.390664, 0.447425, 0.920685),
                (0.9, 0, 0.9), (0.915237, 0.113933, 0.903476), (0.959822, 0.219449, 0.913648), (1.03046, 0.308754, 0.929765), (1.12194, 0.375249, 0.950635)
            ],
            13: [
                (-0.9, 0, -0.9), (-0.915393, 0.113933, -0.902703), (-0.960437, 0.219449, -0.910611), (-1.0318, 0.308752, -0.92314), (-1.12422, 0.375245, -0.939365),
                (-0.3, 0, -0.9), (-0.301864, 0.114984, -0.900327), (-0.307455, 0.229844, -0.901309), (-0.316767, 0.344455, -0.902944), (-0.329789, 0.458692, -0.90523),
                (0.3, 0, -0.9), (0.314476, 0.114057, -0.897458), (0.356959, 0.220662, -0.89), (0.424672, 0.312849, -0.878112), (0.513192, 0.384597, -0.86257),
                (0.9, 0, -0.9), (0.90906, 0.114632, -0.898409), (0.936007, 0.22633, -0.893678), (0.980152, 0.332236, -0.885928), (1.04037, 0.42964, -0.875356),
                (-0.9, 0, -0.3), (-0.914174, 0.113971, -0.305899), (-0.955687, 0.219816, -0.323177), (-1.02158, 0.309989, -0.350602), (-1.10715, 0.378063, -0.386217),
                (-0.3, 0, -0.3), (-0.306737, 0.114768, -0.302804), (-0.326839, 0.227688, -0.31117), (-0.359982, 0.336941, -0.324965), (-0.405632, 0.440768, -0.343965),
                (0.3, 0, -0.3), (0.310852, 0.114398, -0.295483), (0.342953, 0.224015, -0.282122), (0.394964, 0.324271, -0.260475), (0.464709, 0.410977, -0.231447),
                (0.9, 0, -0.3), (0.912111, 0.114249, -0.294959), (0.947812, 0.222553, -0.2801), (1.00525, 0.319273, -0.256196), (1.08142, 0.399378, -0.22449),
                (-0.9, 0, 0.3), (-0.912111, 0.114249, 0.294959), (-0.947812, 0.222553, 0.2801), (-1.00525, 0.319273, 0.256196), (-1.08142, 0.399378, 0.22449),
                (-0.3, 0, 0.3), (-0.310852, 0.114398, 0.295483), (-0.342953, 0.224015, 0.282122), (-0.394964, 0.324271, 0.260475), (-0.464709, 0.410977, 0.231447),
                (0.3, 0, 0.3), (0.306737, 0.114768, 0.302804), (0.326839, 0.227688, 0.31117), (0.359982, 0.336941, 0.324965), (0.405632, 0.440768, 0.343965),
                (0.9, 0, 0.3), (0.914174, 0.113971, 0.305899), (0.955687, 0.219816, 0.323177), (1.02158, 0.309989, 0.350602), (1.10715, 0.378063, 0.386217),
                (-0.9, 0, 0.9), (-0.90906, 0.114632, 0.898409), (-0.936007, 0.22633, 0.893678), (-0.980152, 0.332236, 0.885928), (-1.04037, 0.42964, 0.875356),
                (-0.3, 0, 0.9), (-0.314476, 0.114057, 0.897458), (-0.356959, 0.220662, 0.89), (-0.424672, 0.312849, 0.878112), (-0.513192, 0.384597, 0.86257),
                (0.3, 0, 0.9), (0.301864, 0.114984, 0.900327), (0.307455, 0.229844, 0.901309), (0.316767, 0.344455, 0.902944), (0.329789, 0.458692, 0.90523),
                (0.9, 0, 0.9), (0.915393, 0.113933, 0.902703), (0.960437, 0.219449, 0.910611), (1.0318, 0.308752, 0.92314), (1.12422, 0.375245, 0.939365)
            ],
            14: [
                (-0.9, 0, -0.9), (-0.915237, 0.113933, -0.903476), (-0.959822, 0.219449, -0.913648), (-1.03046, 0.308754, -0.929765), (-1.12194, 0.375249, -0.950635),
                (-0.3, 0, -0.9), (-0.305741, 0.114849, -0.90131), (-0.322906, 0.228494, -0.905226), (-0.351313, 0.339741, -0.911707), (-0.390664, 0.447425, -0.920685),
                (0.3, 0, -0.9), (0.312408, 0.114294, -0.897169), (0.349023, 0.222988, -0.888815), (0.408053, 0.320759, -0.875348), (0.486604, 0.402817, -0.857427),
                (0.9, 0, -0.9), (0.911893, 0.114351, -0.897287), (0.947036, 0.223556, -0.889269), (1.00385, 0.322699, -0.876307), (1.07977, 0.407319, -0.858985),
                (-0.9, 0, -0.3), (-0.912756, 0.114156, -0.305548), (-0.950277, 0.22163, -0.321869), (-1.01037, 0.316134, -0.348007), (-1.08951, 0.392137, -0.382432),
                (-0.3, 0, -0.3), (-0.309782, 0.114504, -0.304255), (-0.338793, 0.225067, -0.316874), (-0.386033, 0.327883, -0.337423), (-0.449877, 0.419413, -0.365193),
                (0.3, 0, -0.3), (0.307917, 0.114675, -0.296556), (0.33149, 0.226766, -0.286302), (0.370187, 0.333743, -0.26947), (0.423136, 0.433196, -0.246438),
                (0.9, 0, -0.3), (0.913691, 0.114027, -0.294045), (0.953841, 0.220366, -0.27658), (1.01774, 0.311847, -0.248784), (1.10109, 0.382303, -0.21253),
                (-0.9, 0, 0.3), (-0.909697, 0.114528, 0.296215), (-0.938471, 0.225302, 0.284984), (-0.985379, 0.328692, 0.266675), (-1.04888, 0.421309, 0.241888),
                (-0.3, 0, 0.3), (-0.313107, 0.114136, 0.294884), (-0.351642, 0.221438, 0.279843), (-0.413299, 0.315482, 0.255777), (-0.494386, 0.390637, 0.224128),
                (0.3, 0, 0.3), (0.303188, 0.114949, 0.301244), (0.312742, 0.229491, 0.304973), (0.328626, 0.34322, 0.311173), (0.350786, 0.455732, 0.319823),
                (0.9, 0, 0.3), (0.914676, 0.113916, 0.305728), (0.957603, 0.21928, 0.322483), (1.02556, 0.308182, 0.349007), (1.11344, 0.37395, 0.383309),
                (-0.9, 0, 0.9), (-0.905525, 0.114865, 0.899337), (-0.92205, 0.228655, 0.897354), (-0.949419, 0.340302, 0.89407), (-0.987376, 0.448762, 0.889516),
                (-0.3, 0, 0.9), (-0.315558, 0.113927, 0.898133), (-0.361077, 0.219394, 0.892672), (-0.433177, 0.308567, 0.884021), (-0.526502, 0.374824, 0.872823),
                (0.3, 0, 0.9), (0.297781, 0.114978, 0.899734), (0.291129, 0.229783, 0.898936), (0.280052, 0.344241, 0.897607), (0.264569, 0.458178, 0.895749),
                (0.9, 0, 0.9), (0.914466, 0.114073, 0.901736), (0.956937, 0.220822, 0.906832), (1.02468, 0.313392, 0.91496), (1.11336, 0.385839, 0.9256)
            ],
            15: [
                (-0.9, 0, -0.9), (-0.914041, 0.114073, -0.903887), (-0.955262, 0.220824, -0.915298), (-1.02102, 0.313397, -0.933501), (-1.10709, 0.385851, -0.957326),
                (-0.3, 0, -0.9), (-0.309134, 0.114609, -0.902529), (-0.33629, 0.226104, -0.910046), (-0.380728, 0.331455, -0.922347), (-0.441241, 0.427801, -0.939099),
                (0.3, 0, -0.9), (0.309528, 0.114574, -0.897362), (0.33783, 0.225762, -0.889528), (0.38407, 0.330275, -0.876727), (0.44688, 0.425025, -0.85934),
                (0.9, 0, -0.9), (0.913844, 0.114099, -0.896168), (0.95451, 0.221078, -0.88491), (1.01946, 0.31426, -0.86693), (1.10465, 0.387831, -0.843349),
                (-0.9, 0, -0.3), (-0.91052, 0.114422, -0.304695), (-0.941658, 0.22425, -0.318592), (-0.992164, 0.325077, -0.341133), (-1.06001, 0.412855, -0.371413),
                (-0.3, 0, -0.3), (-0.312151, 0.114228, -0.305423), (-0.347954, 0.222338, -0.321402), (-0.405492, 0.318541, -0.347082), (-0.481682, 0.397685, -0.381086),
                (0.3, 0, -0.3), (0.304492, 0.114895, -0.297995), (0.317933, 0.228949, -0.291996), (0.340227, 0.341328, -0.282047), (0.371209, 0.451209, -0.268219),
                (0.9, 0, -0.3), (0.914363, 0.113919, -0.29359), (0.956379, 0.219314, -0.274838), (1.0229, 0.308298, -0.245148), (1.10896, 0.374212, -0.206741),
                (-0.9, 0, 0.3), (-0.906579, 0.114788, 0.297646), (-0.926218, 0.22788, 0.29062), (-0.958628, 0.337608, 0.279026), (-1.00333, 0.44235, 0.263034),
                (-0.3, 0, 0.3), (-0.314526, 0.11396, 0.294803), (-0.357059, 0.219717, 0.279587), (-0.424536, 0.309657, 0.255448), (-0.5121, 0.377304, 0.224122),
                (0.3, 0, 0.3), (0.299351, 0.114998, 0.299768), (0.297404, 0.229979, 0.299071), (0.29416, 0.344928, 0.297911), (0.289619, 0.459827, 0.296286),
                (0.9, 0, 0.3), (0.914207, 0.114006, 0.305082), (0.955849, 0.220161, 0.31998), (1.02206, 0.311157, 0.343666), (1.10828, 0.380726, 0.374511),
                (-0.9, 0, 0.9), (-0.901544, 0.11499, 0.899904), (-0.906175, 0.229896, 0.899615), (-0.913889, 0.344636, 0.899134), (-0.924682, 0.459126, 0.898461),
                (-0.3, 0, 0.9), (-0.31555, 0.11394, 0.89903), (-0.361058, 0.219514, 0.896193), (-0.433184, 0.308972, 0.891696), (-0.526631, 0.375745, 0.88587),
                (0.3, 0, 0.9), (0.293805, 0.114832, 0.899614), (0.275292, 0.228327, 0.89846), (0.244677, 0.33916, 0.896551), (0.202317, 0.446042, 0.89391),
                (0.9, 0, 0.9), (0.912497, 0.114316, 0.900779), (0.949394, 0.223212, 0.90308), (1.00894, 0.321523, 0.906792), (1.08832, 0.404589, 0.911741)
            ],
            16: [
                (-0.9, 0, -0.9), (-0.911921, 0.114317, -0.903824), (-0.947118, 0.223214, -0.915114), (-1.00392, 0.321531, -0.933335), (-1.07964, 0.404606, -0.957623),
                (-0.3, 0, -0.9), (-0.311822, 0.114328, -0.903792), (-0.346736, 0.223326, -0.914991), (-0.403114, 0.321913, -0.933075), (-0.47833, 0.405493, -0.957202),
                (0.3, 0, -0.9), (0.306062, 0.114824, -0.898055), (0.324174, 0.22824, -0.892246), (0.354115, 0.338858, -0.882642), (0.395516, 0.445322, -0.869362),
                (0.9, 0, -0.9), (0.91481, 0.113943, -0.89525), (0.958156, 0.21955, -0.881346), (1.02687, 0.309094, -0.859306), (1.11591, 0.376024, -0.830742),
                (-0.9, 0, -0.3), (-0.907606, 0.114697, -0.303423), (-0.930265, 0.226981, -0.313619), (-0.9675, 0.334488, -0.330375), (-1.01853, 0.434957, -0.353337),
                (-0.3, 0, -0.3), (-0.313713, 0.114013, -0.306171), (-0.353915, 0.220227, -0.324262), (-0.417855, 0.31138, -0.353035), (-0.501161, 0.381235, -0.390522),
                (0.3, 0, -0.3), (0.300787, 0.114997, -0.299646), (0.303148, 0.229968, -0.298584), (0.307081, 0.344887, -0.296813), (0.312588, 0.459728, -0.294336),
                (0.9, 0, -0.3), (0.9141, 0.113956, -0.293655), (0.955382, 0.219671, -0.275078), (1.02086, 0.309502, -0.245614), (1.1058, 0.376952, -0.207392),
                (-0.9, 0, 0.3), (-0.902936, 0.114959, 0.299063), (-0.911737, 0.229587, 0.296255), (-0.926376, 0.343556, 0.291585), (-0.946812, 0.456538, 0.285064),
                (-0.3, 0, 0.3), (-0.314995, 0.113918, 0.295216), (-0.358855, 0.2193, 0.281222), (-0.428295, 0.308251, 0.259067), (-0.518112, 0.374105, 0.23041),
                (0.3, 0, 0.3), (0.295472, 0.114902, 0.298555), (0.281918, 0.229018, 0.294231), (0.259432, 0.34157, 0.287057), (0.228167, 0.451788, 0.277081),
                (0.9, 0, 0.3), (0.912765, 0.114217, 0.304073), (0.950365, 0.222232, 0.316069), (1.01076, 0.31818, 0.335339), (1.09067, 0.396852, 0.360835),
                (-0.9, 0, 0.9), (-0.897422, 0.114971, 0.900009), (-0.889692, 0.229711, 0.900038), (-0.876826, 0.343989, 0.900084), (-0.85885, 0.457575, 0.90015),
                (-0.3, 0, 0.9), (-0.314435, 0.11409, 0.899947), (-0.356829, 0.220991, 0.899793), (-0.42451, 0.313965, 0.899546), (-0.513214, 0.387153, 0.899223),
                (0.3, 0, 0.9), (0.29025, 0.114586, 0.899964), (0.261279, 0.225877, 0.899859), (0.21392, 0.330673, 0.899686), (0.149537, 0.42596, 0.899452),
                (0.9, 0, 0.9), (0.909616, 0.114597, 0.900035), (0.938195, 0.225989, 0.900139), (0.984938, 0.331061, 0.900309), (1.04854, 0.426874, 0.900541)
            ],
            17: [
                (-0.9, 0, -0.9), (-0.909047, 0.114597, -0.90325), (-0.935937, 0.225992, -0.912909), (-0.979917, 0.331069, -0.928707), (-1.03976, 0.426891, -0.950203),
                (-0.3, 0, -0.9), (-0.313649, 0.114082, -0.904903), (-0.353729, 0.220906, -0.9193), (-0.417689, 0.313675, -0.942276), (-0.501461, 0.386489, -0.972368),
                (0.3, 0, -0.9), (0.302265, 0.114975, -0.899186), (0.309056, 0.229748, -0.896747), (0.320361, 0.344119, -0.892686), (0.33616, 0.457887, -0.887011),
                (0.9, 0, -0.9), (0.914764, 0.113925, -0.894697), (0.957957, 0.21937, -0.879181), (1.02636, 0.308486, -0.854608), (1.11489, 0.37464, -0.822807),
                (-0.9, 0, -0.3), (-0.904189, 0.114908, -0.301868), (-0.91673, 0.229086, -0.307461), (-0.937543, 0.341805, -0.316744), (-0.966495, 0.452349, -0.329656),
                (-0.3, 0, -0.3), (-0.314382, 0.113917, -0.306414), (-0.35645, 0.219289, -0.325176), (-0.423049, 0.308212, -0.354879), (-0.509182, 0.374018, -0.393293),
                (0.3, 0, -0.3), (0.29703, 0.114954, -0.301325), (0.288128, 0.22954, -0.305295), (0.273323, 0.343392, -0.311898), (0.252663, 0.456145, -0.321112),
                (0.9, 0, -0.3), (0.91292, 0.114127, -0.294238), (0.950899, 0.221345, -0.2773), (1.01164, 0.315164, -0.250211), (1.09146, 0.389906, -0.214612),
                (-0.9, 0, 0.3), (-0.899, 0.114995, 0.300275), (-0.896002, 0.229953, 0.301099), (-0.891006, 0.344836, 0.302472), (-0.884014, 0.459608, 0.304395),
                (-0.3, 0, 0.3), (-0.314449, 0.11402, 0.296028), (-0.356814, 0.220295, 0.284382), (-0.424218, 0.31161, 0.265852), (-0.512084, 0.381761, 0.241697),
                (0.3, 0, 0.3), (0.291816, 0.114686, 0.29775), (0.267441, 0.226874, 0.291049), (0.227408, 0.334117, 0.280044), (0.172588, 0.434081, 0.264974),
                (0.9, 0, 0.3), (0.910409, 0.114492, 0.302861), (0.941268, 0.224949, 0.311345), (0.99149, 0.327478, 0.325151), (1.05931, 0.418464, 0.343794),
                (-0.9, 0, 0.9), (-0.893485, 0.114815, 0.899641), (-0.874023, 0.228151, 0.898568), (-0.841866, 0.338549, 0.896796), (-0.797427, 0.444588, 0.894346),
                (-0.3, 0, 0.9), (-0.312289, 0.11434, 0.900677), (-0.348592, 0.223441, 0.902679), (-0.407247, 0.322305, 0.905912), (-0.485566, 0.406403, 0.910229),
                (0.3, 0, 0.9), (0.287396, 0.114305, 0.900695), (0.25019, 0.223101, 0.902746), (0.190176, 0.321144, 0.906054), (0.110246, 0.403708, 0.91046),
                (0.9, 0, 0.9), (0.906041, 0.114841, 0.899667), (0.924096, 0.22841, 0.898672), (0.953966, 0.339451, 0.897025), (0.99532, 0.446734, 0.894746)
            ],
            18: [
                (-0.9, 0, -0.9), (-0.905631, 0.114841, -0.902205), (-0.922461, 0.228412, -0.908794), (-0.950303, 0.339457, -0.919695), (-0.988851, 0.446747, -0.934787),
                (-0.3, 0, -0.9), (-0.314531, 0.113936, -0.905689), (-0.357055, 0.21948, -0.922338), (-0.42444, 0.308858, -0.948721), (-0.511721, 0.375485, -0.982893),
                (0.3, 0, -0.9), (0.298398, 0.114987, -0.900627), (0.293595, 0.229871, -0.902508), (0.285594, 0.34455, -0.90564), (0.274402, 0.45892, -0.910022),
                (0.9, 0, -0.9), (0.913743, 0.114049, -0.894619), (0.954068, 0.220584, -0.878831), (1.01832, 0.312585, -0.853676), (1.10226, 0.383992, -0.820812),
                (-0.9, 0, -0.3), (-0.900473, 0.114999, -0.300205), (-0.901891, 0.229988, -0.300821), (-0.904254, 0.34496, -0.301848), (-0.907562, 0.459903, -0.303285),
                (-0.3, 0, -0.3), (-0.314117, 0.113965, -0.306132), (-0.355457, 0.219765, -0.324088), (-0.421057, 0.309819, -0.352581), (-0.506218, 0.377675, -0.389571),
                (0.3, 0, -0.3), (0.293449, 0.114778, -0.302846), (0.273896, 0.227785, -0.311338), (0.241644, 0.337277, -0.325347), (0.19719, 0.441565, -0.344656),
                (0.9, 0, -0.3), (0.910886, 0.114386, -0.295272), (0.943082, 0.223898, -0.281288), (0.995214, 0.323871, -0.258644), (1.06506, 0.410044, -0.228305),
                (-0.9, 0, 0.3), (-0.895042, 0.114888, 0.301121), (-0.880205, 0.228877, 0.304475), (-0.855607, 0.341078, 0.310035), (-0.82144, 0.450613, 0.317759),
                (-0.3, 0, 0.3), (-0.312888, 0.114238, 0.297087), (-0.35087, 0.222445, 0.288501), (-0.411942, 0.318905, 0.274695), (-0.492879, 0.398526, 0.2564),
                (0.3, 0, 0.3), (0.288649, 0.11441, 0.297434), (0.255059, 0.224132, 0.289841), (0.200608, 0.324674, 0.277532), (0.127525, 0.411915, 0.261012),
                (0.9, 0, 0.3), (0.907267, 0.114758, 0.301643), (0.928947, 0.22759, 0.306543), (0.964675, 0.336601, 0.31462), (1.01385, 0.43996, 0.325736),
                (-0.9, 0, 0.9), (-0.890042, 0.114563, 0.898875), (-0.860472, 0.225646, 0.895536), (-0.812188, 0.329875, 0.890082), (-0.746655, 0.424086, 0.88268),
                (-0.3, 0, 0.9), (-0.30928, 0.11462, 0.901048), (-0.336874, 0.226217, 0.904165), (-0.382055, 0.331847, 0.909268), (-0.443631, 0.428723, 0.916222),
                (0.3, 0, 0.9), (0.285458, 0.114065, 0.901642), (0.242775, 0.220742, 0.906463), (0.174715, 0.31312, 0.91415), (0.0856872, 0.385217, 0.924206),
                (0.9, 0, 0.9), (0.902052, 0.114981, 0.899768), (0.908207, 0.229815, 0.899073), (0.918456, 0.344351, 0.897916), (0.932786, 0.458443, 0.896297)
            ],
            19: [
                (-0.9, 0, -0.9), (-0.901903, 0.114982, -0.900794), (-0.907611, 0.229815, -0.903175), (-0.917115, 0.344353, -0.907139), (-0.930403, 0.458448, -0.912682),
                (-0.3, 0, -0.9), (-0.314444, 0.11393, -0.906025), (-0.356705, 0.21942, -0.923653), (-0.423654, 0.308656, -0.951579), (-0.51033, 0.375027, -0.987734),
                (0.3, 0, -0.9), (0.294714, 0.114857, -0.902205), (0.278909, 0.228575, -0.908798), (0.25274, 0.340025, -0.919713), (0.216469, 0.448101, -0.934843),
                (0.9, 0, -0.9), (0.911839, 0.114282, -0.895061), (0.946768, 0.222877, -0.880492), (1.00305, 0.320378, -0.857016), (1.07788, 0.401933, -0.825803),
                (-0.9, 0, -0.3), (-0.896683, 0.114944, -0.298622), (-0.886743, 0.229439, -0.294495), (-0.870221, 0.343039, -0.287634), (-0.847181, 0.4553, -0.278065),
                (-0.3, 0, -0.3), (-0.312921, 0.114146, -0.305366), (-0.350919, 0.221534, -0.321146), (-0.411744, 0.315806, -0.346405), (-0.491796, 0.391381, -0.379649),
                (0.3, 0, -0.3), (0.290266, 0.114516, -0.304042), (0.261393, 0.225185, -0.316033), (0.21435, 0.328288, -0.335569), (0.150717, 0.420361, -0.361994),
                (0.9, 0, -0.3), (0.908107, 0.114664, -0.296633), (0.93224, 0.226656, -0.286612), (0.971835, 0.333365, -0.270168), (1.02597, 0.432304, -0.247687),
                (-0.9, 0, 0.3), (-0.891351, 0.114664, 0.301499), (-0.865604, 0.226656, 0.305962), (-0.82336, 0.333365, 0.313284), (-0.765603, 0.432304, 0.323295),
                (-0.3, 0, 0.3), (-0.310385, 0.114516, 0.2982), (-0.34119, 0.225185, 0.292861), (-0.39138, 0.328288, 0.284161), (-0.459269, 0.420361, 0.272394),
                (0.3, 0, 0.3), (0.286215, 0.114146, 0.297611), (0.245675, 0.221534, 0.290584), (0.180781, 0.315806, 0.279336), (0.0953742, 0.391381, 0.264532),
                (0.9, 0, 0.3), (0.903539, 0.114944, 0.300613), (0.914143, 0.229439, 0.302451), (0.931771, 0.343039, 0.305507), (0.956353, 0.4553, 0.309768),
                (-0.9, 0, 0.9), (-0.887351, 0.114282, 0.897864), (-0.850033, 0.222877, 0.891564), (-0.789905, 0.320378, 0.881412), (-0.709958, 0.401933, 0.867914),
                (-0.3, 0, 0.9), (-0.305647, 0.114857, 0.900953), (-0.322534, 0.228575, 0.903805), (-0.350492, 0.340025, 0.908525), (-0.389244, 0.448101, 0.915067),
                (0.3, 0, 0.9), (0.284568, 0.11393, 0.902605), (0.239416, 0.21942, 0.910229), (0.167889, 0.308656, 0.922305), (0.0752853, 0.375027, 0.93794),
                (0.9, 0, 0.9), (0.897967, 0.114982, 0.900343), (0.891869, 0.229815, 0.901373), (0.881715, 0.344353, 0.903087), (0.867517, 0.458448, 0.905484)
            ],
            20: [
                (-0.9, 0, -0.9), (-0.898106, 0.114981, -0.899175), (-0.892428, 0.229815, -0.896702), (-0.882972, 0.344351, -0.892583), (-0.869751, 0.458443, -0.886824),
                (-0.3, 0, -0.9), (-0.313417, 0.114065, -0.905844), (-0.352797, 0.220742, -0.922998), (-0.415591, 0.31312, -0.950351), (-0.497731, 0.385217, -0.986131),
                (0.3, 0, -0.9), (0.291438, 0.11462, -0.903729), (0.265979, 0.226217, -0.914819), (0.224294, 0.331847, -0.932977), (0.167482, 0.428723, -0.957724),
                (0.9, 0, -0.9), (0.909187, 0.114563, -0.895998), (0.936469, 0.225646, -0.884114), (0.981018, 0.329875, -0.864709), (1.04148, 0.424086, -0.838372),
                (-0.9, 0, -0.3), (-0.893057, 0.114758, -0.297298), (-0.872343, 0.22759, -0.289239), (-0.838207, 0.336601, -0.275956), (-0.791221, 0.43996, -0.257674),
                (-0.3, 0, -0.3), (-0.310846, 0.11441, -0.30422), (-0.342939, 0.224132, -0.316708), (-0.394964, 0.324674, -0.336951), (-0.464791, 0.411915, -0.364121),
                (0.3, 0, -0.3), (0.287686, 0.114238, -0.304791), (0.251396, 0.222445, -0.318912), (0.193045, 0.318905, -0.341617), (0.115714, 0.398526, -0.371706),
                (0.9, 0, -0.3), (0.904737, 0.114888, -0.298157), (0.918913, 0.228877, -0.292641), (0.942415, 0.341078, -0.283496), (0.975061, 0.450613, -0.270794),
                (-0.9, 0, 0.3), (-0.888212, 0.114386, 0.301387), (-0.853352, 0.223898, 0.305488), (-0.796903, 0.323871, 0.312128), (-0.721273, 0.410044, 0.321026),
                (-0.3, 0, 0.3), (-0.307094, 0.114778, 0.299165), (-0.328265, 0.227785, 0.296675), (-0.363187, 0.337277, 0.292567), (-0.411322, 0.441565, 0.286904),
                (0.3, 0, 0.3), (0.284714, 0.113965, 0.298202), (0.239952, 0.219765, 0.292936), (0.16892, 0.309819, 0.28458), (0.0767089, 0.377675, 0.273732),
                (0.9, 0, 0.3), (0.899488, 0.114999, 0.29994), (0.897953, 0.229988, 0.299759), (0.895394, 0.34496, 0.299458), (0.891812, 0.459903, 0.299037),
                (-0.9, 0, 0.9), (-0.885591, 0.114049, 0.896804), (-0.843314, 0.220584, 0.887425), (-0.775953, 0.312585, 0.872482), (-0.687948, 0.383992, 0.852959),
                (-0.3, 0, 0.9), (-0.301679, 0.114987, 0.900373), (-0.306715, 0.229871, 0.90149), (-0.315104, 0.34455, 0.903351), (-0.326837, 0.45892, 0.905954),
                (0.3, 0, 0.9), (0.284765, 0.113936, 0.90338), (0.240182, 0.21948, 0.91327), (0.169534, 0.308858, 0.928942), (0.0780265, 0.375485, 0.949242),
                (0.9, 0, 0.9), (0.894097, 0.114841, 0.90131), (0.876452, 0.228412, 0.905224), (0.847261, 0.339457, 0.9117), (0.806846, 0.446747, 0.920665)
            ],
            21: [
                (-0.9, 0, -0.9), (-0.894476, 0.114841, -0.897533), (-0.877965, 0.22841, -0.890159), (-0.85065, 0.339451, -0.87796), (-0.812833, 0.446734, -0.86107),
                (-0.3, 0, -0.9), (-0.311526, 0.114305, -0.905148), (-0.34555, 0.223101, -0.920343), (-0.40043, 0.321144, -0.944853), (-0.473523, 0.403708, -0.977497),
                (0.3, 0, -0.9), (0.288762, 0.11434, -0.905019), (0.255564, 0.223441, -0.919845), (0.201927, 0.322305, -0.943801), (0.130307, 0.406403, -0.975787),
                (0.9, 0, -0.9), (0.905958, 0.114815, -0.897339), (0.923755, 0.228151, -0.889391), (0.953161, 0.338549, -0.876258), (0.993799, 0.444588, -0.858108),
                (-0.9, 0, -0.3), (-0.889831, 0.114492, -0.296377), (-0.859683, 0.224949, -0.285636), (-0.810619, 0.327478, -0.268156), (-0.744367, 0.418464, -0.244553),
                (-0.3, 0, -0.3), (-0.307996, 0.114686, -0.302849), (-0.331808, 0.226874, -0.311332), (-0.370919, 0.334117, -0.325266), (-0.424475, 0.434081, -0.344347),
                (0.3, 0, -0.3), (0.285884, 0.11402, -0.305029), (0.244496, 0.220295, -0.319774), (0.178645, 0.31161, -0.343235), (0.0928048, 0.381761, -0.373817),
                (0.9, 0, -0.3), (0.900976, 0.114995, -0.299652), (0.903906, 0.229953, -0.298609), (0.908787, 0.344836, -0.29687), (0.915618, 0.459608, -0.294436),
                (-0.9, 0, 0.3), (-0.885878, 0.114127, 0.300846), (-0.844368, 0.221345, 0.303335), (-0.777983, 0.315164, 0.307314), (-0.69074, 0.389906, 0.312543),
                (-0.3, 0, 0.3), (-0.303247, 0.114954, 0.299805), (-0.312976, 0.22954, 0.299222), (-0.329158, 0.343392, 0.298252), (-0.351739, 0.456145, 0.296899),
                (0.3, 0, 0.3), (0.28428, 0.113917, 0.299058), (0.238301, 0.219289, 0.296302), (0.16551, 0.308212, 0.291939), (0.071367, 0.374018, 0.286296),
                (0.9, 0, 0.3), (0.895421, 0.114908, 0.299726), (0.881714, 0.229086, 0.298904), (0.858966, 0.341805, 0.29754), (0.827321, 0.452349, 0.295644),
                (-0.9, 0, 0.9), (-0.884859, 0.113925, 0.895896), (-0.840562, 0.21937, 0.88389), (-0.770407, 0.308486, 0.864875), (-0.679616, 0.37464, 0.840266),
                (-0.3, 0, 0.9), (-0.297677, 0.114975, 0.89937), (-0.290713, 0.229748, 0.897483), (-0.279119, 0.344119, 0.89434), (-0.262916, 0.457887, 0.889949),
                (0.3, 0, 0.9), (0.286002, 0.114082, 0.903794), (0.244898, 0.220906, 0.914935), (0.179303, 0.313675, 0.932714), (0.0933902, 0.386489, 0.956),
                (0.9, 0, 0.9), (0.890721, 0.114597, 0.902515), (0.863144, 0.225992, 0.909989), (0.81804, 0.331069, 0.922215), (0.75667, 0.426891, 0.938849)
            ],
            22: [
                (-0.9, 0, -0.9), (-0.891231, 0.114597, -0.896054), (-0.865169, 0.225989, -0.884326), (-0.822542, 0.331061, -0.865145), (-0.764544, 0.426874, -0.839047),
                (-0.3, 0, -0.9), (-0.308892, 0.114586, -0.904001), (-0.335311, 0.225877, -0.91589), (-0.378499, 0.330673, -0.935323), (-0.437212, 0.42596, -0.961744),
                (0.3, 0, -0.9), (0.286837, 0.11409, -0.905923), (0.248176, 0.220991, -0.92332), (0.186455, 0.313965, -0.951094), (0.105563, 0.387153, -0.987494),
                (0.9, 0, -0.9), (0.902351, 0.114971, -0.898942), (0.9094, 0.229711, -0.89577), (0.921133, 0.343989, -0.89049), (0.937526, 0.457575, -0.883114),
                (-0.9, 0, -0.3), (-0.887229, 0.114217, -0.295947), (-0.84961, 0.222232, -0.284009), (-0.789184, 0.31818, -0.264834), (-0.709234, 0.396852, -0.239463),
                (-0.3, 0, -0.3), (-0.30453, 0.114902, -0.301438), (-0.318091, 0.229018, -0.305741), (-0.340588, 0.34157, -0.31288), (-0.371869, 0.451788, -0.322807),
                (0.3, 0, -0.3), (0.284998, 0.113918, -0.304761), (0.241116, 0.2193, -0.318686), (0.171641, 0.308251, -0.340733), (0.0817801, 0.374105, -0.369249),
                (0.9, 0, -0.3), (0.897062, 0.114959, -0.300932), (0.888258, 0.229587, -0.303726), (0.873611, 0.343556, -0.308374), (0.853165, 0.456538, -0.314862),
                (-0.9, 0, 0.3), (-0.884538, 0.113956, 0.300019), (-0.839269, 0.219671, 0.300074), (-0.767468, 0.309502, 0.300161), (-0.674326, 0.376952, 0.300274),
                (-0.3, 0, 0.3), (-0.299137, 0.114997, 0.300001), (-0.296548, 0.229968, 0.300004), (-0.292235, 0.344887, 0.300009), (-0.286197, 0.459728, 0.300017),
                (0.3, 0, 0.3), (0.284962, 0.114013, 0.299982), (0.240878, 0.220227, 0.299928), (0.170762, 0.31138, 0.299843), (0.0794101, 0.381235, 0.299732),
                (0.9, 0, 0.3), (0.891659, 0.114697, 0.29999), (0.866812, 0.226981, 0.29996), (0.82598, 0.334488, 0.29991), (0.770025, 0.434957, 0.299842),
                (-0.9, 0, 0.9), (-0.885168, 0.113943, 0.895319), (-0.841758, 0.21955, 0.881618), (-0.772945, 0.309094, 0.8599), (-0.683764, 0.376024, 0.831754),
                (-0.3, 0, 0.9), (-0.293929, 0.114824, 0.898084), (-0.27579, 0.22824, 0.892359), (-0.245805, 0.338858, 0.882895), (-0.204342, 0.445322, 0.869809),
                (0.3, 0, 0.9), (0.288161, 0.114328, 0.903737), (0.253195, 0.223326, 0.914772), (0.196732, 0.321913, 0.932593), (0.121405, 0.405493, 0.956367),
                (0.9, 0, 0.9), (0.888061, 0.114317, 0.903768), (0.852812, 0.223214, 0.914893), (0.795922, 0.321531, 0.932848), (0.720088, 0.404606, 0.956782)
            ],
            23: [
                (-0.9, 0, -0.9), (-0.888563, 0.114316, -0.894903), (-0.854796, 0.223212, -0.879854), (-0.800298, 0.321523, -0.855567), (-0.727655, 0.404589, -0.823193),
                (-0.3, 0, -0.9), (-0.305669, 0.114832, -0.902527), (-0.322612, 0.228327, -0.910077), (-0.35063, 0.33916, -0.922564), (-0.389397, 0.446042, -0.939841),
                (0.3, 0, -0.9), (0.285769, 0.11394, -0.906342), (0.244121, 0.219514, -0.924903), (0.178114, 0.308972, -0.95432), (0.0925934, 0.375745, -0.992433),
                (0.9, 0, -0.9), (0.898587, 0.11499, -0.90063), (0.894349, 0.229896, -0.902518), (0.887289, 0.344636, -0.905665), (0.877412, 0.459126, -0.910067),
                (-0.9, 0, -0.3), (-0.885444, 0.114006, -0.296027), (-0.842778, 0.220161, -0.28438), (-0.774941, 0.311157, -0.265862), (-0.686603, 0.380726, -0.241747),
                (-0.3, 0, -0.3), (-0.300665, 0.114998, -0.300181), (-0.302659, 0.229979, -0.300726), (-0.305983, 0.344928, -0.301633), (-0.310636, 0.459827, -0.302903),
                (0.3, 0, -0.3), (0.285117, 0.11396, -0.304063), (0.241539, 0.219717, -0.315959), (0.172404, 0.309657, -0.334831), (0.0826875, 0.377304, -0.359322),
                (0.9, 0, -0.3), (0.893259, 0.114788, -0.30184), (0.873137, 0.22788, -0.307333), (0.839931, 0.337608, -0.316398), (0.79413, 0.44235, -0.3289),
                (-0.9, 0, 0.3), (-0.884297, 0.113919, 0.299097), (-0.838363, 0.219314, 0.296454), (-0.765635, 0.308298, 0.29227), (-0.671555, 0.374212, 0.286857),
                (-0.3, 0, 0.3), (-0.29509, 0.114895, 0.299717), (-0.280394, 0.228949, 0.298872), (-0.256022, 0.341328, 0.29747), (-0.22215, 0.451209, 0.295521),
                (0.3, 0, 0.3), (0.286715, 0.114228, 0.300764), (0.247573, 0.222338, 0.303016), (0.184669, 0.318541, 0.306635), (0.101373, 0.397685, 0.311427),
                (0.9, 0, 0.3), (0.888499, 0.114422, 0.300662), (0.854457, 0.22425, 0.30262), (0.799241, 0.325077, 0.305797), (0.725067, 0.412855, 0.310064),
                (-0.9, 0, 0.9), (-0.886462, 0.114099, 0.895197), (-0.846695, 0.221078, 0.881088), (-0.783179, 0.31426, 0.858554), (-0.699878, 0.387831, 0.829001),
                (-0.3, 0, 0.9), (-0.290683, 0.114574, 0.896694), (-0.263006, 0.225762, 0.886875), (-0.217789, 0.330275, 0.870833), (-0.156368, 0.425025, 0.849042),
                (0.3, 0, 0.9), (0.291068, 0.114609, 0.903169), (0.264513, 0.226104, 0.91259), (0.221057, 0.331455, 0.928007), (0.161882, 0.427801, 0.949001),
                (0.9, 0, 0.9), (0.88627, 0.114073, 0.904871), (0.84596, 0.220824, 0.919172), (0.781658, 0.313397, 0.941985), (0.697493, 0.385851, 0.971845)
            ],
            24: [
                (-0.9, 0, -0.9), (-0.886633, 0.114073, -0.894203), (-0.84739, 0.220822, -0.877182), (-0.78479, 0.313392, -0.850033), (-0.702854, 0.385839, -0.814496),
                (-0.3, 0, -0.9), (-0.30205, 0.114978, -0.900889), (-0.308197, 0.229783, -0.903555), (-0.318432, 0.344241, -0.907994), (-0.332739, 0.458178, -0.914199),
                (0.3, 0, -0.9), (0.285624, 0.113927, -0.906235), (0.243564, 0.219394, -0.924477), (0.176943, 0.308567, -0.953371), (0.0907098, 0.374824, -0.990771),
                (0.9, 0, -0.9), (0.894894, 0.114865, -0.902214), (0.879625, 0.228655, -0.908837), (0.854336, 0.340302, -0.919805), (0.819263, 0.448762, -0.935016),
                (-0.9, 0, -0.3), (-0.884626, 0.113916, -0.296557), (-0.83966, 0.21928, -0.286487), (-0.768476, 0.308182, -0.270545), (-0.676418, 0.37395, -0.249929),
                (-0.3, 0, -0.3), (-0.29666, 0.114949, -0.299252), (-0.286653, 0.229491, -0.297011), (-0.270013, 0.34322, -0.293285), (-0.2468, 0.455732, -0.288086),
                (0.3, 0, -0.3), (0.28627, 0.114136, -0.303075), (0.245903, 0.221438, -0.312115), (0.181316, 0.315482, -0.326579), (0.0963752, 0.390637, -0.345601),
                (0.9, 0, -0.3), (0.889842, 0.114528, -0.302275), (0.8597, 0.225302, -0.309025), (0.810563, 0.328692, -0.320029), (0.744041, 0.421309, -0.334927),
                (-0.9, 0, 0.3), (-0.885168, 0.114027, 0.29829), (-0.841672, 0.220366, 0.293275), (-0.772444, 0.311847, 0.285293), (-0.682153, 0.382303, 0.274883),
                (-0.3, 0, 0.3), (-0.291423, 0.114675, 0.299011), (-0.265886, 0.226766, 0.296067), (-0.223964, 0.333743, 0.291233), (-0.166603, 0.433196, 0.28462),
                (0.3, 0, 0.3), (0.289402, 0.114504, 0.301222), (0.257974, 0.225067, 0.304845), (0.206798, 0.327883, 0.310746), (0.137634, 0.419413, 0.31872),
                (0.9, 0, 0.3), (0.886181, 0.114156, 0.301593), (0.845534, 0.22163, 0.30628), (0.780436, 0.316134, 0.313785), (0.694699, 0.392137, 0.32367),
                (-0.9, 0, 0.9), (-0.888627, 0.114351, 0.895589), (-0.85502, 0.223556, 0.882553), (-0.800692, 0.322699, 0.861481), (-0.728088, 0.407319, 0.833319),
                (-0.3, 0, 0.9), (-0.288135, 0.114294, 0.895398), (-0.25312, 0.222988, 0.881816), (-0.196671, 0.320759, 0.859921), (-0.121554, 0.402817, 0.830785),
                (0.3, 0, 0.9), (0.29451, 0.114849, 0.90213), (0.278096, 0.228494, 0.908496), (0.250931, 0.339741, 0.919033), (0.2133, 0.447425, 0.933629),
                (0.9, 0, 0.9), (0.885429, 0.113933, 0.905652), (0.842793, 0.219449, 0.922189), (0.775242, 0.308754, 0.948391), (0.687765, 0.375249, 0.982321)
            ],
            25: [
                (-0.9, 0, -0.9), (-0.885561, 0.113933, -0.894018), (-0.843312, 0.219449, -0.876512), (-0.776374, 0.308752, -0.848777), (-0.689692, 0.375245, -0.812861),
                (-0.3, 0, -0.9), (-0.298251, 0.114984, -0.899275), (-0.293007, 0.229844, -0.897103), (-0.284273, 0.344455, -0.893484), (-0.272059, 0.458692, -0.888423),
                (0.3, 0, -0.9), (0.286422, 0.114057, -0.905626), (0.246574, 0.220662, -0.922136), (0.183061, 0.312849, -0.948452), (0.100032, 0.384597, -0.982854),
                (0.9, 0, -0.9), (0.891502, 0.114632, -0.903521), (0.866227, 0.22633, -0.913994), (0.82482, 0.332236, -0.93115), (0.768341, 0.42964, -0.954551),
                (-0.9, 0, -0.3), (-0.884867, 0.113971, -0.297411), (-0.840546, 0.219816, -0.289828), (-0.770198, 0.309989, -0.277793), (-0.678838, 0.378063, -0.262163),
                (-0.3, 0, -0.3), (-0.292808, 0.114768, -0.298769), (-0.271346, 0.227688, -0.295098), (-0.235961, 0.336941, -0.289044), (-0.187222, 0.440768, -0.280705),
                (0.3, 0, -0.3), (0.288414, 0.114398, -0.301982), (0.254141, 0.224015, -0.307846), (0.198613, 0.324271, -0.317346), (0.124149, 0.410977, -0.330085),
                (0.9, 0, -0.3), (0.88707, 0.114249, -0.302212), (0.848954, 0.222553, -0.308733), (0.787635, 0.319273, -0.319224), (0.706304, 0.399378, -0.333138),
                (-0.9, 0, 0.3), (-0.88707, 0.114249, 0.297788), (-0.848954, 0.222553, 0.291267), (-0.787635, 0.319273, 0.280776), (-0.706304, 0.399378, 0.266862),
                (-0.3, 0, 0.3), (-0.288414, 0.114398, 0.298018), (-0.254141, 0.224015, 0.292154), (-0.198613, 0.324271, 0.282654), (-0.124149, 0.410977, 0.269915),
                (0.3, 0, 0.3), (0.292808, 0.114768, 0.301231), (0.271346, 0.227688, 0.304902), (0.235961, 0.336941, 0.310956), (0.187222, 0.440768, 0.319295),
                (0.9, 0, 0.3), (0.884867, 0.113971, 0.302589), (0.840546, 0.219816, 0.310172), (0.770198, 0.309989, 0.322207), (0.678838, 0.378063, 0.337837),
                (-0.9, 0, 0.9), (-0.891502, 0.114632, 0.896479), (-0.866227, 0.22633, 0.886006), (-0.82482, 0.332236, 0.86885), (-0.768341, 0.42964, 0.845449),
                (-0.3, 0, 0.9), (-0.286422, 0.114057, 0.894374), (-0.246574, 0.220662, 0.877864), (-0.183061, 0.312849, 0.851548), (-0.100032, 0.384597, 0.817146),
                (0.3, 0, 0.9), (0.298251, 0.114984, 0.900725), (0.293007, 0.229844, 0.902897), (0.284273, 0.344455, 0.906516), (0.272059, 0.458692, 0.911577),
                (0.9, 0, 0.9), (0.885561, 0.113933, 0.905982), (0.843312, 0.219449, 0.923488), (0.776374, 0.308752, 0.951223), (0.689692, 0.375245, 0.987139)
            ],
            26: [
                (-0.9, 0, -0.9), (-0.885429, 0.113933, -0.894348), (-0.842793, 0.219449, -0.877811), (-0.775242, 0.308754, -0.851609), (-0.687765, 0.375249, -0.817679),
                (-0.3, 0, -0.9), (-0.29451, 0.114849, -0.89787), (-0.278096, 0.228494, -0.891504), (-0.250931, 0.339741, -0.880967), (-0.2133, 0.447425, -0.866371),
                (0.3, 0, -0.9), (0.288135, 0.114294, -0.904602), (0.25312, 0.222988, -0.918184), (0.196671, 0.320759, -0.940079), (0.121554, 0.402817, -0.969215),
                (0.9, 0, -0.9), (0.888627, 0.114351, -0.904411), (0.85502, 0.223556, -0.917447), (0.800692, 0.322699, -0.938519), (0.728088, 0.407319, -0.966681),
                (-0.9, 0, -0.3), (-0.886181, 0.114156, -0.298407), (-0.845534, 0.22163, -0.29372), (-0.780436, 0.316134, -0.286215), (-0.694699, 0.392137, -0.27633),
                (-0.3, 0, -0.3), (-0.289402, 0.114504, -0.298778), (-0.257974, 0.225067, -0.295155), (-0.206798, 0.327883, -0.289254), (-0.137634, 0.419413, -0.28128),
                (0.3, 0, -0.3), (0.291423, 0.114675, -0.300989), (0.265886, 0.226766, -0.303933), (0.223964, 0.333743, -0.308767), (0.166603, 0.433196, -0.31538),
                (0.9, 0, -0.3), (0.885168, 0.114027, -0.30171), (0.841672, 0.220366, -0.306725), (0.772444, 0.311847, -0.314707), (0.682153, 0.382303, -0.325117),
                (-0.9, 0, 0.3), (-0.889842, 0.114528, 0.297725), (-0.8597, 0.225302, 0.290975), (-0.810563, 0.328692, 0.279971), (-0.744041, 0.421309, 0.265073),
                (-0.3, 0, 0.3), (-0.28627, 0.114136, 0.296925), (-0.245903, 0.221438, 0.287885), (-0.181316, 0.315482, 0.273421), (-0.0963752, 0.390637, 0.254399),
                (0.3, 0, 0.3), (0.29666, 0.114949, 0.300748), (0.286653, 0.229491, 0.302989), (0.270013, 0.34322, 0.306715), (0.2468, 0.455732, 0.311914),
                (0.9, 0, 0.3), (0.884626, 0.113916, 0.303443), (0.83966, 0.21928, 0.313513), (0.768476, 0.308182, 0.329455), (0.676418, 0.37395, 0.350071),
                (-0.9, 0, 0.9), (-0.894894, 0.114865, 0.897786), (-0.879625, 0.228655, 0.891163), (-0.854336, 0.340302, 0.880195), (-0.819263, 0.448762, 0.864984),
                (-0.3, 0, 0.9), (-0.285624, 0.113927, 0.893765), (-0.243564, 0.219394, 0.875523), (-0.176943, 0.308567, 0.846629), (-0.0907098, 0.374824, 0.809229),
                (0.3, 0, 0.9), (0.30205, 0.114978, 0.899111), (0.308197, 0.229783, 0.896445), (0.318432, 0.344241, 0.892006), (0.332739, 0.458178, 0.885801),
                (0.9, 0, 0.9), (0.886633, 0.114073, 0.905797), (0.84739, 0.220822, 0.922818), (0.78479, 0.313392, 0.949967), (0.702854, 0.385839, 0.985504)
            ],
            27: [
                (-0.9, 0, -0.9), (-0.88627, 0.114073, -0.895129), (-0.84596, 0.220824, -0.880828), (-0.781658, 0.313397, -0.858015), (-0.697493, 0.385851, -0.828155),
                (-0.3, 0, -0.9), (-0.291068, 0.114609, -0.896831), (-0.264513, 0.226104, -0.88741), (-0.221057, 0.331455, -0.871993), (-0.161882, 0.427801, -0.850999),
                (0.3, 0, -0.9), (0.290683, 0.114574, -0.903306), (0.263006, 0.225762, -0.913125), (0.217789, 0.330275, -0.929167), (0.156368, 0.425025, -0.950958),
                (0.9, 0, -0.9), (0.886462, 0.114099, -0.904803), (0.846695, 0.221078, -0.918912), (0.783179, 0.31426, -0.941446), (0.699878, 0.387831, -0.970999),
                (-0.9, 0, -0.3), (-0.888499, 0.114422, -0.299338), (-0.854457, 0.22425, -0.29738), (-0.799241, 0.325077, -0.294203), (-0.725067, 0.412855, -0.289936),
                (-0.3, 0, -0.3), (-0.286715, 0.114228, -0.299236), (-0.247573, 0.222338, -0.296984), (-0.184669, 0.318541, -0.293365), (-0.101373, 0.397685, -0.288573),
                (0.3, 0, -0.3), (0.29509, 0.114895, -0.300283), (0.280394, 0.228949, -0.301128), (0.256022, 0.341328, -0.30253), (0.22215, 0.451209, -0.304479),
                (0.9, 0, -0.3), (0.884297, 0.113919, -0.300903), (0.838363, 0.219314, -0.303546), (0.765635, 0.308298, -0.30773), (0.671555, 0.374212, -0.313143),
                (-0.9, 0, 0.3), (-0.893259, 0.114788, 0.29816), (-0.873137, 0.22788, 0.292667), (-0.839931, 0.337608, 0.283602), (-0.79413, 0.44235, 0.2711),
                (-0.3, 0, 0.3), (-0.285117, 0.11396, 0.295937), (-0.241539, 0.219717, 0.284041), (-0.172404, 0.309657, 0.265169), (-0.0826875, 0.377304, 0.240678),
                (0.3, 0, 0.3), (0.300665, 0.114998, 0.299819), (0.302659, 0.229979, 0.299274), (0.305983, 0.344928, 0.298367), (0.310636, 0.459827, 0.297097),
                (0.9, 0, 0.3), (0.885444, 0.114006, 0.303973), (0.842778, 0.220161, 0.31562), (0.774941, 0.311157, 0.334138), (0.686603, 0.380726, 0.358253),
                (-0.9, 0, 0.9), (-0.898587, 0.11499, 0.89937), (-0.894349, 0.229896, 0.897482), (-0.887289, 0.344636, 0.894335), (-0.877412, 0.459126, 0.889933),
                (-0.3, 0, 0.9), (-0.285769, 0.11394, 0.893658), (-0.244121, 0.219514, 0.875097), (-0.178114, 0.308972, 0.84568), (-0.0925934, 0.375745, 0.807567),
                (0.3, 0, 0.9), (0.305669, 0.114832, 0.897473), (0.322612, 0.228327, 0.889923), (0.35063, 0.33916, 0.877436), (0.389397, 0.446042, 0.860159),
                (0.9, 0, 0.9), (0.888563, 0.114316, 0.905097), (0.854796, 0.223212, 0.920146), (0.800298, 0.321523, 0.944433), (0.727655, 0.404589, 0.976807)
            ],
            28: [
                (-0.9, 0, -0.9), (-0.888061, 0.114317, -0.896232), (-0.852812, 0.223214, -0.885107), (-0.795922, 0.321531, -0.867152), (-0.720088, 0.404606, -0.843218),
                (-0.3, 0, -0.9), (-0.288161, 0.114328, -0.896263), (-0.253195, 0.223326, -0.885228), (-0.196732, 0.321913, -0.867407), (-0.121405, 0.405493, -0.843633),
                (0.3, 0, -0.9), (0.293929, 0.114824, -0.901916), (0.27579, 0.22824, -0.907641), (0.245805, 0.338858, -0.917105), (0.204342, 0.445322, -0.930191),
                (0.9, 0, -0.9), (0.885168, 0.113943, -0.904681), (0.841758, 0.21955, -0.918382), (0.772945, 0.309094, -0.9401), (0.683764, 0.376024, -0.968246),
                (-0.9, 0, -0.3), (-0.891659, 0.114697, -0.30001), (-0.866812, 0.226981, -0.30004), (-0.82598, 0.334488, -0.30009), (-0.770025, 0.434957, -0.300158),
                (-0.3, 0, -0.3), (-0.284962, 0.114013, -0.300018), (-0.240878, 0.220227, -0.300072), (-0.170762, 0.31138, -0.300157), (-0.0794101, 0.381235, -0.300268),
                (0.3, 0, -0.3), (0.299137, 0.114997, -0.299999), (0.296548, 0.229968, -0.299996), (0.292235, 0.344887, -0.299991), (0.286197, 0.459728, -0.299983),
                (0.9, 0, -0.3), (0.884538, 0.113956, -0.299981), (0.839269, 0.219671, -0.299926), (0.767468, 0.309502, -0.299839), (0.674326, 0.376952, -0.299726),
                (-0.9, 0, 0.3), (-0.897062, 0.114959, 0.299068), (-0.888258, 0.229587, 0.296274), (-0.873611, 0.343556, 0.291626), (-0.853165, 0.456538, 0.285138),
                (-0.3, 0, 0.3), (-0.284998, 0.113918, 0.295239), (-0.241116, 0.2193, 0.281314), (-0.171641, 0.308251, 0.259267), (-0.0817801, 0.374105, 0.230751),
                (0.3, 0, 0.3), (0.30453, 0.114902, 0.298562), (0.318091, 0.229018, 0.294259), (0.340588, 0.34157, 0.28712), (0.371869, 0.451788, 0.277193),
                (0.9, 0, 0.3), (0.887229, 0.114217, 0.304053), (0.84961, 0.222232, 0.315991), (0.789184, 0.31818, 0.335166), (0.709234, 0.396852, 0.360537),
                (-0.9, 0, 0.9), (-0.902351, 0.114971, 0.901058), (-0.9094, 0.229711, 0.90423), (-0.921133, 0.343989, 0.90951), (-0.937526, 0.457575, 0.916886),
                (-0.3, 0, 0.9), (-0.286837, 0.11409, 0.894077), (-0.248176, 0.220991, 0.87668), (-0.186455, 0.313965, 0.848906), (-0.105563, 0.387153, 0.812506),
                (0.3, 0, 0.9), (0.308892, 0.114586, 0.895999), (0.335311, 0.225877, 0.88411), (0.378499, 0.330673, 0.864677), (0.437212, 0.42596, 0.838256),
                (0.9, 0, 0.9), (0.891231, 0.114597, 0.903946), (0.865169, 0.225989, 0.915674), (0.822542, 0.331061, 0.934855), (0.764544, 0.426874, 0.960953)
            ],
            29: [
                (-0.9, 0, -0.9), (-0.890721, 0.114597, -0.897485), (-0.863144, 0.225992, -0.890011), (-0.81804, 0.331069, -0.877785), (-0.75667, 0.426891, -0.861151),
                (-0.3, 0, -0.9), (-0.286002, 0.114082, -0.896206), (-0.244898, 0.220906, -0.885065), (-0.179303, 0.313675, -0.867286), (-0.0933902, 0.386489, -0.844),
                (0.3, 0, -0.9), (0.297677, 0.114975, -0.90063), (0.290713, 0.229748, -0.902517), (0.279119, 0.344119, -0.90566), (0.262916, 0.457887, -0.910051),
                (0.9, 0, -0.9), (0.884859, 0.113925, -0.904104), (0.840562, 0.21937, -0.91611), (0.770407, 0.308486, -0.935125), (0.679616, 0.37464, -0.959734),
                (-0.9, 0, -0.3), (-0.895421, 0.114908, -0.300274), (-0.881714, 0.229086, -0.301096), (-0.858966, 0.341805, -0.30246), (-0.827321, 0.452349, -0.304356),
                (-0.3, 0, -0.3), (-0.28428, 0.113917, -0.300942), (-0.238301, 0.219289, -0.303698), (-0.16551, 0.308212, -0.308061), (-0.071367, 0.374018, -0.313704),
                (0.3, 0, -0.3), (0.303247, 0.114954, -0.300195), (0.312976, 0.22954, -0.300778), (0.329158, 0.343392, -0.301748), (0.351739, 0.456145, -0.303101),
                (0.9, 0, -0.3), (0.885878, 0.114127, -0.299154), (0.844368, 0.221345, -0.296665), (0.777983, 0.315164, -0.292686), (0.69074, 0.389906, -0.287457),
                (-0.9, 0, 0.3), (-0.900976, 0.114995, 0.300348), (-0.903906, 0.229953, 0.301391), (-0.908787, 0.344836, 0.30313), (-0.915618, 0.459608, 0.305564),
                (-0.3, 0, 0.3), (-0.285884, 0.11402, 0.294971), (-0.244496, 0.220295, 0.280226), (-0.178645, 0.31161, 0.256765), (-0.0928048, 0.381761, 0.226183),
                (0.3, 0, 0.3), (0.307996, 0.114686, 0.297151), (0.331808, 0.226874, 0.288668), (0.370919, 0.334117, 0.274734), (0.424475, 0.434081, 0.255653),
                (0.9, 0, 0.3), (0.889831, 0.114492, 0.303623), (0.859683, 0.224949, 0.314364), (0.810619, 0.327478, 0.331844), (0.744367, 0.418464, 0.355447),
                (-0.9, 0, 0.9), (-0.905958, 0.114815, 0.902661), (-0.923755, 0.228151, 0.910609), (-0.953161, 0.338549, 0.923742), (-0.993799, 0.444588, 0.941892),
                (-0.3, 0, 0.9), (-0.288762, 0.11434, 0.894981), (-0.255564, 0.223441, 0.880155), (-0.201927, 0.322305, 0.856199), (-0.130307, 0.406403, 0.824213),
                (0.3, 0, 0.9), (0.311526, 0.114305, 0.894852), (0.34555, 0.223101, 0.879657), (0.40043, 0.321144, 0.855147), (0.473523, 0.403708, 0.822503),
                (0.9, 0, 0.9), (0.894476, 0.114841, 0.902467), (0.877965, 0.22841, 0.909841), (0.85065, 0.339451, 0.92204), (0.812833, 0.446734, 0.93893)
            ],
            30: [
                (-0.9, 0, -0.9), (-0.894097, 0.114841, -0.89869), (-0.876452, 0.228412, -0.894776), (-0.847261, 0.339457, -0.8883), (-0.806846, 0.446747, -0.879335),
                (-0.3, 0, -0.9), (-0.284765, 0.113936, -0.89662), (-0.240182, 0.21948, -0.88673), (-0.169534, 0.308858, -0.871058), (-0.0780265, 0.375485, -0.850758),
                (0.3, 0, -0.9), (0.301679, 0.114987, -0.899627), (0.306715, 0.229871, -0.89851), (0.315104, 0.34455, -0.896649), (0.326837, 0.45892, -0.894046),
                (0.9, 0, -0.9), (0.885591, 0.114049, -0.903196), (0.843314, 0.220584, -0.912575), (0.775953, 0.312585, -0.927518), (0.687948, 0.383992, -0.947041),
                (-0.9, 0, -0.3), (-0.899488, 0.114999, -0.30006), (-0.897953, 0.229988, -0.300241), (-0.895394, 0.34496, -0.300542), (-0.891812, 0.459903, -0.300963),
                (-0.3, 0, -0.3), (-0.284714, 0.113965, -0.301798), (-0.239952, 0.219765, -0.307064), (-0.16892, 0.309819, -0.31542), (-0.0767089, 0.377675, -0.326268),
                (0.3, 0, -0.3), (0.307094, 0.114778, -0.300835), (0.328265, 0.227785, -0.303325), (0.363187, 0.337277, -0.307433), (0.411322, 0.441565, -0.313096),
                (0.9, 0, -0.3), (0.888212, 0.114386, -0.298613), (0.853352, 0.223898, -0.294512), (0.796903, 0.323871, -0.287872), (0.721273, 0.410044, -0.278974),
                (-0.9, 0, 0.3), (-0.904737, 0.114888, 0.301843), (-0.918913, 0.228877, 0.307359), (-0.942415, 0.341078, 0.316504), (-0.975061, 0.450613, 0.329206),
                (-0.3, 0, 0.3), (-0.287686, 0.114238, 0.295209), (-0.251396, 0.222445, 0.281088), (-0.193045, 0.318905, 0.258383), (-0.115714, 0.398526, 0.228294),
                (0.3, 0, 0.3), (0.310846, 0.11441, 0.29578), (0.342939, 0.224132, 0.283292), (0.394964, 0.324674, 0.263049), (0.464791, 0.411915, 0.235879),
                (0.9, 0, 0.3), (0.893057, 0.114758, 0.302702), (0.872343, 0.22759, 0.310761), (0.838207, 0.336601, 0.324044), (0.791221, 0.43996, 0.342326),
                (-0.9, 0, 0.9), (-0.909187, 0.114563, 0.904002), (-0.936469, 0.225646, 0.915886), (-0.981018, 0.329875, 0.935291), (-1.04148, 0.424086, 0.961628),
                (-0.3, 0, 0.9), (-0.291438, 0.11462, 0.896271), (-0.265979, 0.226217, 0.885181), (-0.224294, 0.331847, 0.867023), (-0.167482, 0.428723, 0.842276),
                (0.3, 0, 0.9), (0.313417, 0.114065, 0.894156), (0.352797, 0.220742, 0.877002), (0.415591, 0.31312, 0.849649), (0.497731, 0.385217, 0.813869),
                (0.9, 0, 0.9), (0.898106, 0.114981, 0.900825), (0.892428, 0.229815, 0.903298), (0.882972, 0.344351, 0.907417), (0.869751, 0.458443, 0.913176)
            ],
            31: [
                (-0.9, 0, -0.9), (-0.897967, 0.114982, -0.899657), (-0.891869, 0.229815, -0.898627), (-0.881715, 0.344353, -0.896913), (-0.867517, 0.458448, -0.894516),
                (-0.3, 0, -0.9), (-0.284568, 0.11393, -0.897395), (-0.239416, 0.21942, -0.889771), (-0.167889, 0.308656, -0.877695), (-0.0752853, 0.375027, -0.86206),
                (0.3, 0, -0.9), (0.305647, 0.114857, -0.899047), (0.322534, 0.228575, -0.896195), (0.350492, 0.340025, -0.891475), (0.389244, 0.448101, -0.884933),
                (0.9, 0, -0.9), (0.887351, 0.114282, -0.902136), (0.850033, 0.222877, -0.908436), (0.789905, 0.320378, -0.918588), (0.709958, 0.401933, -0.932086),
                (-0.9, 0, -0.3), (-0.903539, 0.114944, -0.299387), (-0.914143, 0.229439, -0.297549), (-0.931771, 0.343039, -0.294493), (-0.956353, 0.4553, -0.290232),
                (-0.3, 0, -0.3), (-0.286215, 0.114146, -0.302389), (-0.245675, 0.221534, -0.309416), (-0.180781, 0.315806, -0.320664), (-0.0953742, 0.391381, -0.335468),
                (0.3, 0, -0.3), (0.310385, 0.114516, -0.3018), (0.34119, 0.225185, -0.307139), (0.39138, 0.328288, -0.315839), (0.459269, 0.420361, -0.327606),
                (0.9, 0, -0.3), (0.891351, 0.114664, -0.298501), (0.865604, 0.226656, -0.294038), (0.82336, 0.333365, -0.286716), (0.765603, 0.432304, -0.276705),
                (-0.9, 0, 0.3), (-0.908107, 0.114664, 0.303367), (-0.93224, 0.226656, 0.313388), (-0.971835, 0.333365, 0.329832), (-1.02597, 0.432304, 0.352313),
                (-0.3, 0, 0.3), (-0.290266, 0.114516, 0.295958), (-0.261393, 0.225185, 0.283967), (-0.21435, 0.328288, 0.264431), (-0.150717, 0.420361, 0.238006),
                (0.3, 0, 0.3), (0.312921, 0.114146, 0.294634), (0.350919, 0.221534, 0.278854), (0.411744, 0.315806, 0.253595), (0.491796, 0.391381, 0.220351),
                (0.9, 0, 0.3), (0.896683, 0.114944, 0.301378), (0.886743, 0.229439, 0.305505), (0.870221, 0.343039, 0.312366), (0.847181, 0.4553, 0.321935),
                (-0.9, 0, 0.9), (-0.911839, 0.114282, 0.904939), (-0.946768, 0.222877, 0.919508), (-1.00305, 0.320378, 0.942984), (-1.07788, 0.401933, 0.974197),
                (-0.3, 0, 0.9), (-0.294714, 0.114857, 0.897795), (-0.278909, 0.228575, 0.891202), (-0.25274, 0.340025, 0.880287), (-0.216469, 0.448101, 0.865157),
                (0.3, 0, 0.9), (0.314444, 0.11393, 0.893975), (0.356705, 0.21942, 0.876347), (0.423654, 0.308656, 0.848421), (0.51033, 0.375027, 0.812266),
                (0.9, 0, 0.9), (0.901903, 0.114982, 0.899206), (0.907611, 0.229815, 0.896825), (0.917115, 0.344353, 0.892861), (0.930403, 0.458448, 0.887318)
            ],
            32: [
                (-0.9, 0, -0.9), (-0.902052, 0.114981, -0.900232), (-0.908207, 0.229815, -0.900927), (-0.918456, 0.344351, -0.902084), (-0.932786, 0.458443, -0.903703),
                (-0.3, 0, -0.9), (-0.285458, 0.114065, -0.898358), (-0.242775, 0.220742, -0.893537), (-0.174715, 0.31312, -0.88585), (-0.0856872, 0.385217, -0.875794),
                (0.3, 0, -0.9), (0.30928, 0.11462, -0.898952), (0.336874, 0.226217, -0.895835), (0.382055, 0.331847, -0.890732), (0.443631, 0.428723, -0.883778),
                (0.9, 0, -0.9), (0.890042, 0.114563, -0.901125), (0.860472, 0.225646, -0.904464), (0.812188, 0.329875, -0.909918), (0.746655, 0.424086, -0.91732),
                (-0.9, 0, -0.3), (-0.907267, 0.114758, -0.298357), (-0.928947, 0.22759, -0.293457), (-0.964675, 0.336601, -0.28538), (-1.01385, 0.43996, -0.274264),
                (-0.3, 0, -0.3), (-0.288649, 0.11441, -0.302566), (-0.255059, 0.224132, -0.310159), (-0.200608, 0.324674, -0.322468), (-0.127525, 0.411915, -0.338988),
                (0.3, 0, -0.3), (0.312888, 0.114238, -0.302913), (0.35087, 0.222445, -0.311499), (0.411942, 0.318905, -0.325305), (0.492879, 0.398526, -0.3436),
                (0.9, 0, -0.3), (0.895042, 0.114888, -0.298879), (0.880205, 0.228877, -0.295525), (0.855607, 0.341078, -0.289965), (0.82144, 0.450613, -0.282241),
                (-0.9, 0, 0.3), (-0.910886, 0.114386, 0.304728), (-0.943082, 0.223898, 0.318712), (-0.995214, 0.323871, 0.341356), (-1.06506, 0.410044, 0.371695),
                (-0.3, 0, 0.3), (-0.293449, 0.114778, 0.297154), (-0.273896, 0.227785, 0.288662), (-0.241644, 0.337277, 0.274653), (-0.19719, 0.441565, 0.255344),
                (0.3, 0, 0.3), (0.314117, 0.113965, 0.293868), (0.355457, 0.219765, 0.275912), (0.421057, 0.309819, 0.247419), (0.506218, 0.377675, 0.210429),
                (0.9, 0, 0.3), (0.900473, 0.114999, 0.299795), (0.901891, 0.229988, 0.299179), (0.904254, 0.34496, 0.298152), (0.907562, 0.459903, 0.296715),
                (-0.9, 0, 0.9), (-0.913743, 0.114049, 0.905381), (-0.954068, 0.220584, 0.921169), (-1.01832, 0.312585, 0.946324), (-1.10226, 0.383992, 0.979188),
                (-0.3, 0, 0.9), (-0.298398, 0.114987, 0.899373), (-0.293595, 0.229871, 0.897492), (-0.285594, 0.34455, 0.89436), (-0.274402, 0.45892, 0.889978),
                (0.3, 0, 0.9), (0.314531, 0.113936, 0.894311), (0.357055, 0.21948, 0.877662), (0.42444, 0.308858, 0.851279), (0.511721, 0.375485, 0.817107),
                (0.9, 0, 0.9), (0.905631, 0.114841, 0.897795), (0.922461, 0.228412, 0.891206), (0.950303, 0.339457, 0.880305), (0.988851, 0.446747, 0.865213)
            ],
            33: [
                (-0.9, 0, -0.9), (-0.906041, 0.114841, -0.900333), (-0.924096, 0.22841, -0.901328), (-0.953966, 0.339451, -0.902975), (-0.99532, 0.446734, -0.905254),
                (-0.3, 0, -0.9), (-0.287396, 0.114305, -0.899305), (-0.25019, 0.223101, -0.897254), (-0.190176, 0.321144, -0.893946), (-0.110246, 0.403708, -0.88954),
                (0.3, 0, -0.9), (0.312289, 0.11434, -0.899323), (0.348592, 0.223441, -0.897321), (0.407247, 0.322305, -0.894088), (0.485566, 0.406403, -0.889771),
                (0.9, 0, -0.9), (0.893485, 0.114815, -0.900359), (0.874023, 0.228151, -0.901432), (0.841866, 0.338549, -0.903204), (0.797427, 0.444588, -0.905654),
                (-0.9, 0, -0.3), (-0.910409, 0.114492, -0.297139), (-0.941268, 0.224949, -0.288655), (-0.99149, 0.327478, -0.274849), (-1.05931, 0.418464, -0.256206),
                (-0.3, 0, -0.3), (-0.291816, 0.114686, -0.30225), (-0.267441, 0.226874, -0.308951), (-0.227408, 0.334117, -0.319956), (-0.172588, 0.434081, -0.335026),
                (0.3, 0, -0.3), (0.314449, 0.11402, -0.303972), (0.356814, 0.220295, -0.315618), (0.424218, 0.31161, -0.334148), (0.512084, 0.381761, -0.358303),
                (0.9, 0, -0.3), (0.899, 0.114995, -0.299725), (0.896002, 0.229953, -0.298901), (0.891006, 0.344836, -0.297528), (0.884014, 0.459608, -0.295605),
                (-0.9, 0, 0.3), (-0.91292, 0.114127, 0.305762), (-0.950899, 0.221345, 0.3227), (-1.01164, 0.315164, 0.349789), (-1.09146, 0.389906, 0.385388),
                (-0.3, 0, 0.3), (-0.29703, 0.114954, 0.298675), (-0.288128, 0.22954, 0.294705), (-0.273323, 0.343392, 0.288102), (-0.252663, 0.456145, 0.278888),
                (0.3, 0, 0.3), (0.314382, 0.113917, 0.293586), (0.35645, 0.219289, 0.274824), (0.423049, 0.308212, 0.245121), (0.509182, 0.374018, 0.206707),
                (0.9, 0, 0.3), (0.904189, 0.114908, 0.298132), (0.91673, 0.229086, 0.292539), (0.937543, 0.341805, 0.283256), (0.966495, 0.452349, 0.270344),
                (-0.9, 0, 0.9), (-0.914764, 0.113925, 0.905303), (-0.957957, 0.21937, 0.920819), (-1.02636, 0.308486, 0.945392), (-1.11489, 0.37464, 0.977193),
                (-0.3, 0, 0.9), (-0.302265, 0.114975, 0.900814), (-0.309056, 0.229748, 0.903253), (-0.320361, 0.344119, 0.907314), (-0.33616, 0.457887, 0.912989),
                (0.3, 0, 0.9), (0.313649, 0.114082, 0.895097), (0.353729, 0.220906, 0.8807), (0.417689, 0.313675, 0.857724), (0.501461, 0.386489, 0.827632),
                (0.9, 0, 0.9), (0.909047, 0.114597, 0.89675), (0.935937, 0.225992, 0.887091), (0.979917, 0.331069, 0.871293), (1.03976, 0.426891, 0.849797)
            ],
            34: [
                (-0.9, 0, -0.9), (-0.909616, 0.114597, -0.899965), (-0.938195, 0.225989, -0.899861), (-0.984938, 0.331061, -0.899691), (-1.04854, 0.426874, -0.899459),
                (-0.3, 0, -0.9), (-0.29025, 0.114586, -0.900036), (-0.261279, 0.225877, -0.900141), (-0.21392, 0.330673, -0.900314), (-0.149537, 0.42596, -0.900548),
                (0.3, 0, -0.9), (0.314435, 0.11409, -0.900053), (0.356829, 0.220991, -0.900207), (0.42451, 0.313965, -0.900454), (0.513214, 0.387153, -0.900777),
                (0.9, 0, -0.9), (0.897422, 0.114971, -0.899991), (0.889692, 0.229711, -0.899962), (0.876826, 0.343989, -0.899916), (0.85885, 0.457575, -0.89985),
                (-0.9, 0, -0.3), (-0.912765, 0.114217, -0.295927), (-0.950365, 0.222232, -0.283931), (-1.01076, 0.31818, -0.264661), (-1.09067, 0.396852, -0.239165),
                (-0.3, 0, -0.3), (-0.295472, 0.114902, -0.301445), (-0.281918, 0.229018, -0.305769), (-0.259432, 0.34157, -0.312943), (-0.228167, 0.451788, -0.322919),
                (0.3, 0, -0.3), (0.314995, 0.113918, -0.304784), (0.358855, 0.2193, -0.318778), (0.428295, 0.308251, -0.340933), (0.518112, 0.374105, -0.36959),
                (0.9, 0, -0.3), (0.902936, 0.114959, -0.300937), (0.911737, 0.229587, -0.303745), (0.926376, 0.343556, -0.308415), (0.946812, 0.456538, -0.314936),
                (-0.9, 0, 0.3), (-0.9141, 0.113956, 0.306345), (-0.955382, 0.219671, 0.324922), (-1.02086, 0.309502, 0.354386), (-1.1058, 0.376952, 0.392608),
                (-0.3, 0, 0.3), (-0.300787, 0.114997, 0.300354), (-0.303148, 0.229968, 0.301416), (-0.307081, 0.344887, 0.303187), (-0.312588, 0.459728, 0.305664),
                (0.3, 0, 0.3), (0.313713, 0.114013, 0.293829), (0.353915, 0.220227, 0.275738), (0.417855, 0.31138, 0.246965), (0.501161, 0.381235, 0.209478),
                (0.9, 0, 0.3), (0.907606, 0.114697, 0.296577), (0.930265, 0.226981, 0.286381), (0.9675, 0.334488, 0.269625), (1.01853, 0.434957, 0.246663),
                (-0.9, 0, 0.9), (-0.91481, 0.113943, 0.90475), (-0.958156, 0.21955, 0.918654), (-1.02687, 0.309094, 0.940694), (-1.11591, 0.376024, 0.969258),
                (-0.3, 0, 0.9), (-0.306062, 0.114824, 0.901945), (-0.324174, 0.22824, 0.907754), (-0.354115, 0.338858, 0.917358), (-0.395516, 0.445322, 0.930638),
                (0.3, 0, 0.9), (0.311822, 0.114328, 0.896208), (0.346736, 0.223326, 0.885009), (0.403114, 0.321913, 0.866925), (0.47833, 0.405493, 0.842798),
                (0.9, 0, 0.9), (0.911921, 0.114317, 0.896176), (0.947118, 0.223214, 0.884886), (1.00392, 0.321531, 0.866665), (1.07964, 0.404606, 0.842377)
            ],
            35: [
                (-0.9, 0, -0.9), (-0.912497, 0.114316, -0.899221), (-0.949394, 0.223212, -0.89692), (-1.00894, 0.321523, -0.893208), (-1.08832, 0.404589, -0.888259),
                (-0.3, 0, -0.9), (-0.293805, 0.114832, -0.900386), (-0.275292, 0.228327, -0.90154), (-0.244677, 0.33916, -0.903449), (-0.202317, 0.446042, -0.90609),
                (0.3, 0, -0.9), (0.31555, 0.11394, -0.90097), (0.361058, 0.219514, -0.903807), (0.433184, 0.308972, -0.908304), (0.526631, 0.375745, -0.91413),
                (0.9, 0, -0.9), (0.901544, 0.11499, -0.900096), (0.906175, 0.229896, -0.900385), (0.913889, 0.344636, -0.900866), (0.924682, 0.459126, -0.901539),
                (-0.9, 0, -0.3), (-0.914207, 0.114006, -0.294918), (-0.955849, 0.220161, -0.28002), (-1.02206, 0.311157, -0.256334), (-1.10828, 0.380726, -0.225489),
                (-0.3, 0, -0.3), (-0.299351, 0.114998, -0.300232), (-0.297404, 0.229979, -0.300929), (-0.29416, 0.344928, -0.302089), (-0.289619, 0.459827, -0.303714),
                (0.3, 0, -0.3), (0.314526, 0.11396, -0.305197), (0.357059, 0.219717, -0.320413), (0.424536, 0.309657, -0.344552), (0.5121, 0.377304, -0.375878),
                (0.9, 0, -0.3), (0.906579, 0.114788, -0.302354), (0.926218, 0.22788, -0.30938), (0.958628, 0.337608, -0.320974), (1.00333, 0.44235, -0.336966),
                (-0.9, 0, 0.3), (-0.914363, 0.113919, 0.30641), (-0.956379, 0.219314, 0.325162), (-1.0229, 0.308298, 0.354852), (-1.10896, 0.374212, 0.393259),
                (-0.3, 0, 0.3), (-0.304492, 0.114895, 0.302005), (-0.317933, 0.228949, 0.308004), (-0.340227, 0.341328, 0.317953), (-0.371209, 0.451209, 0.331781),
                (0.3, 0, 0.3), (0.312151, 0.114228, 0.294577), (0.347954, 0.222338, 0.278598), (0.405492, 0.318541, 0.252918), (0.481682, 0.397685, 0.218914),
                (0.9, 0, 0.3), (0.91052, 0.114422, 0.295305), (0.941658, 0.22425, 0.281408), (0.992164, 0.325077, 0.258867), (1.06001, 0.412855, 0.228587),
                (-0.9, 0, 0.9), (-0.913844, 0.114099, 0.903832), (-0.95451, 0.221078, 0.91509), (-1.01946, 0.31426, 0.93307), (-1.10465, 0.387831, 0.956651),
                (-0.3, 0, 0.9), (-0.309528, 0.114574, 0.902638), (-0.33783, 0.225762, 0.910472), (-0.38407, 0.330275, 0.923273), (-0.44688, 0.425025, 0.94066),
                (0.3, 0, 0.9), (0.309134, 0.114609, 0.897471), (0.33629, 0.226104, 0.889954), (0.380728, 0.331455, 0.877653), (0.441241, 0.427801, 0.860901),
                (0.9, 0, 0.9), (0.914041, 0.114073, 0.896113), (0.955262, 0.220824, 0.884702), (1.02102, 0.313397, 0.866499), (1.10709, 0.385851, 0.842674)
            ],
            36: [
                (-0.9, 0, -0.9), (-0.914466, 0.114073, -0.898264), (-0.956937, 0.220822, -0.893168), (-1.02468, 0.313392, -0.88504), (-1.11336, 0.385839, -0.8744),
                (-0.3, 0, -0.9), (-0.297781, 0.114978, -0.900266), (-0.291129, 0.229783, -0.901064), (-0.280052, 0.344241, -0.902393), (-0.264569, 0.458178, -0.904251),
                (0.3, 0, -0.9), (0.315558, 0.113927, -0.901867), (0.361077, 0.219394, -0.907328), (0.433177, 0.308567, -0.915979), (0.526502, 0.374824, -0.927177),
                (0.9, 0, -0.9), (0.905525, 0.114865, -0.900663), (0.92205, 0.228655, -0.902646), (0.949419, 0.340302, -0.90593), (0.987376, 0.448762, -0.910484),
                (-0.9, 0, -0.3), (-0.914676, 0.113916, -0.294272), (-0.957603, 0.21928, -0.277517), (-1.02556, 0.308182, -0.250993), (-1.11344, 0.37395, -0.216691),
                (-0.3, 0, -0.3), (-0.303188, 0.114949, -0.298756), (-0.312742, 0.229491, -0.295027), (-0.328626, 0.34322, -0.288827), (-0.350786, 0.455732, -0.280177),
                (0.3, 0, -0.3), (0.313107, 0.114136, -0.305116), (0.351642, 0.221438, -0.320157), (0.413299, 0.315482, -0.344223), (0.494386, 0.390637, -0.375872),
                (0.9, 0, -0.3), (0.909697, 0.114528, -0.303785), (0.938471, 0.225302, -0.315016), (0.985379, 0.328692, -0.333325), (1.04888, 0.421309, -0.358112),
                (-0.9, 0, 0.3), (-0.913691, 0.114027, 0.305955), (-0.953841, 0.220366, 0.32342), (-1.01774, 0.311847, 0.351216), (-1.10109, 0.382303, 0.38747),
                (-0.3, 0, 0.3), (-0.307917, 0.114675, 0.303444), (-0.33149, 0.226766, 0.313698), (-0.370187, 0.333743, 0.33053), (-0.423136, 0.433196, 0.353562),
                (0.3, 0, 0.3), (0.309782, 0.114504, 0.295745), (0.338793, 0.225067, 0.283126), (0.386033, 0.327883, 0.262577), (0.449877, 0.419413, 0.234807),
                (0.9, 0, 0.3), (0.912756, 0.114156, 0.294452), (0.950277, 0.22163, 0.278131), (1.01037, 0.316134, 0.251993), (1.08951, 0.392137, 0.217568),
                (-0.9, 0, 0.9), (-0.911893, 0.114351, 0.902713), (-0.947036, 0.223556, 0.910731), (-1.00385, 0.322699, 0.923693), (-1.07977, 0.407319, 0.941015),
                (-0.3, 0, 0.9), (-0.312408, 0.114294, 0.902831), (-0.349023, 0.222988, 0.911185), (-0.408053, 0.320759, 0.924652), (-0.486604, 0.402817, 0.942573),
                (0.3, 0, 0.9), (0.305741, 0.114849, 0.89869), (0.322906, 0.228494, 0.894774), (0.351313, 0.339741, 0.888293), (0.390664, 0.447425, 0.879315),
                (0.9, 0, 0.9), (0.915237, 0.113933, 0.896524), (0.959822, 0.219449, 0.886352), (1.03046, 0.308754, 0.870235), (1.12194, 0.375249, 0.849365)
            ],
            37: [
                (-0.9, 0, -0.9), (-0.915393, 0.113933, -0.897297), (-0.960437, 0.219449, -0.889389), (-1.0318, 0.308752, -0.87686), (-1.12422, 0.375245, -0.860635),
                (-0.3, 0, -0.9), (-0.301864, 0.114984, -0.899673), (-0.307455, 0.229844, -0.898691), (-0.316767, 0.344455, -0.897056), (-0.329789, 0.458692, -0.89477),
                (0.3, 0, -0.9), (0.314476, 0.114057, -0.902542), (0.356959, 0.220662, -0.91), (0.424672, 0.312849, -0.921888), (0.513192, 0.384597, -0.93743),
                (0.9, 0, -0.9), (0.90906, 0.114632, -0.901591), (0.936007, 0.22633, -0.906322), (0.980152, 0.332236, -0.914072), (1.04037, 0.42964, -0.924644),
                (-0.9, 0, -0.3), (-0.914174, 0.113971, -0.294101), (-0.955687, 0.219816, -0.276823), (-1.02158, 0.309989, -0.249398), (-1.10715, 0.378063, -0.213783),
                (-0.3, 0, -0.3), (-0.306737, 0.114768, -0.297196), (-0.326839, 0.227688, -0.28883), (-0.359982, 0.336941, -0.275035), (-0.405632, 0.440768, -0.256035),
                (0.3, 0, -0.3), (0.310852, 0.114398, -0.304517), (0.342953, 0.224015, -0.317878), (0.394964, 0.324271, -0.339525), (0.464709, 0.410977, -0.368553),
                (0.9, 0, -0.3), (0.912111, 0.114249, -0.305041), (0.947812, 0.222553, -0.3199), (1.00525, 0.319273, -0.343804), (1.08142, 0.399378, -0.37551),
                (-0.9, 0, 0.3), (-0.912111, 0.114249, 0.305041), (-0.947812, 0.222553, 0.3199), (-1.00525, 0.319273, 0.343804), (-1.08142, 0.399378, 0.37551),
                (-0.3, 0, 0.3), (-0.310852, 0.114398, 0.304517), (-0.342953, 0.224015, 0.317878), (-0.394964, 0.324271, 0.339525), (-0.464709, 0.410977, 0.368553),
                (0.3, 0, 0.3), (0.306737, 0.114768, 0.297196), (0.326839, 0.227688, 0.28883), (0.359982, 0.336941, 0.275035), (0.405632, 0.440768, 0.256035),
                (0.9, 0, 0.3), (0.914174, 0.113971, 0.294101), (0.955687, 0.219816, 0.276823), (1.02158, 0.309989, 0.249398), (1.10715, 0.378063, 0.213783),
                (-0.9, 0, 0.9), (-0.90906, 0.114632, 0.901591), (-0.936007, 0.22633, 0.906322), (-0.980152, 0.332236, 0.914072), (-1.04037, 0.42964, 0.924644),
                (-0.3, 0, 0.9), (-0.314476, 0.114057, 0.902542), (-0.356959, 0.220662, 0.91), (-0.424672, 0.312849, 0.921888), (-0.513192, 0.384597, 0.93743),
                (0.3, 0, 0.9), (0.301864, 0.114984, 0.899673), (0.307455, 0.229844, 0.898691), (0.316767, 0.344455, 0.897056), (0.329789, 0.458692, 0.89477),
                (0.9, 0, 0.9), (0.915393, 0.113933, 0.897297), (0.960437, 0.219449, 0.889389), (1.0318, 0.308752, 0.87686), (1.12422, 0.375245, 0.860635)
            ],
            38: [
                (-0.9, 0, -0.9), (-0.915237, 0.113933, -0.896524), (-0.959822, 0.219449, -0.886352), (-1.03046, 0.308754, -0.870235), (-1.12194, 0.375249, -0.849365),
                (-0.3, 0, -0.9), (-0.305741, 0.114849, -0.89869), (-0.322906, 0.228494, -0.894774), (-0.351313, 0.339741, -0.888293), (-0.390664, 0.447425, -0.879315),
                (0.3, 0, -0.9), (0.312408, 0.114294, -0.902831), (0.349023, 0.222988, -0.911185), (0.408053, 0.320759, -0.924652), (0.486604, 0.402817, -0.942573),
                (0.9, 0, -0.9), (0.911893, 0.114351, -0.902713), (0.947036, 0.223556, -0.910731), (1.00385, 0.322699, -0.923693), (1.07977, 0.407319, -0.941015),
                (-0.9, 0, -0.3), (-0.912756, 0.114156, -0.294452), (-0.950277, 0.22163, -0.278131), (-1.01037, 0.316134, -0.251993), (-1.08951, 0.392137, -0.217568),
                (-0.3, 0, -0.3), (-0.309782, 0.114504, -0.295745), (-0.338793, 0.225067, -0.283126), (-0.386033, 0.327883, -0.262577), (-0.449877, 0.419413, -0.234807),
                (0.3, 0, -0.3), (0.307917, 0.114675, -0.303444), (0.33149, 0.226766, -0.313698), (0.370187, 0.333743, -0.33053), (0.423136, 0.433196, -0.353562),
                (0.9, 0, -0.3), (0.913691, 0.114027, -0.305955), (0.953841, 0.220366, -0.32342), (1.01774, 0.311847, -0.351216), (1.10109, 0.382303, -0.38747),
                (-0.9, 0, 0.3), (-0.909697, 0.114528, 0.303785), (-0.938471, 0.225302, 0.315016), (-0.985379, 0.328692, 0.333325), (-1.04888, 0.421309, 0.358112),
                (-0.3, 0, 0.3), (-0.313107, 0.114136, 0.305116), (-0.351642, 0.221438, 0.320157), (-0.413299, 0.315482, 0.344223), (-0.494386, 0.390637, 0.375872),
                (0.3, 0, 0.3), (0.303188, 0.114949, 0.298756), (0.312742, 0.229491, 0.295027), (0.328626, 0.34322, 0.288827), (0.350786, 0.455732, 0.280177),
                (0.9, 0, 0.3), (0.914676, 0.113916, 0.294272), (0.957603, 0.21928, 0.277517), (1.02556, 0.308182, 0.250993), (1.11344, 0.37395, 0.216691),
                (-0.9, 0, 0.9), (-0.905525, 0.114865, 0.900663), (-0.92205, 0.228655, 0.902646), (-0.949419, 0.340302, 0.90593), (-0.987376, 0.448762, 0.910484),
                (-0.3, 0, 0.9), (-0.315558, 0.113927, 0.901867), (-0.361077, 0.219394, 0.907328), (-0.433177, 0.308567, 0.915979), (-0.526502, 0.374824, 0.927177),
                (0.3, 0, 0.9), (0.297781, 0.114978, 0.900266), (0.291129, 0.229783, 0.901064), (0.280052, 0.344241, 0.902393), (0.264569, 0.458178, 0.904251),
                (0.9, 0, 0.9), (0.914466, 0.114073, 0.898264), (0.956937, 0.220822, 0.893168), (1.02468, 0.313392, 0.88504), (1.11336, 0.385839, 0.8744)
            ],
            39: [
                (-0.9, 0, -0.9), (-0.914041, 0.114073, -0.896113), (-0.955262, 0.220824, -0.884702), (-1.02102, 0.313397, -0.866499), (-1.10709, 0.385851, -0.842674),
                (-0.3, 0, -0.9), (-0.309134, 0.114609, -0.897471), (-0.33629, 0.226104, -0.889954), (-0.380728, 0.331455, -0.877653), (-0.441241, 0.427801, -0.860901),
                (0.3, 0, -0.9), (0.309528, 0.114574, -0.902638), (0.33783, 0.225762, -0.910472), (0.38407, 0.330275, -0.923273), (0.44688, 0.425025, -0.94066),
                (0.9, 0, -0.9), (0.913844, 0.114099, -0.903832), (0.95451, 0.221078, -0.91509), (1.01946, 0.31426, -0.93307), (1.10465, 0.387831, -0.956651),
                (-0.9, 0, -0.3), (-0.91052, 0.114422, -0.295305), (-0.941658, 0.22425, -0.281408), (-0.992164, 0.325077, -0.258867), (-1.06001, 0.412855, -0.228587),
                (-0.3, 0, -0.3), (-0.312151, 0.114228, -0.294577), (-0.347954, 0.222338, -0.278598), (-0.405492, 0.318541, -0.252918), (-0.481682, 0.397685, -0.218914),
                (0.3, 0, -0.3), (0.304492, 0.114895, -0.302005), (0.317933, 0.228949, -0.308004), (0.340227, 0.341328, -0.317953), (0.371209, 0.451209, -0.331781),
                (0.9, 0, -0.3), (0.914363, 0.113919, -0.30641), (0.956379, 0.219314, -0.325162), (1.0229, 0.308298, -0.354852), (1.10896, 0.374212, -0.393259),
                (-0.9, 0, 0.3), (-0.906579, 0.114788, 0.302354), (-0.926218, 0.22788, 0.30938), (-0.958628, 0.337608, 0.320974), (-1.00333, 0.44235, 0.336966),
                (-0.3, 0, 0.3), (-0.314526, 0.11396, 0.305197), (-0.357059, 0.219717, 0.320413), (-0.424536, 0.309657, 0.344552), (-0.5121, 0.377304, 0.375878),
                (0.3, 0, 0.3), (0.299351, 0.114998, 0.300232), (0.297404, 0.229979, 0.300929), (0.29416, 0.344928, 0.302089), (0.289619, 0.459827, 0.303714),
                (0.9, 0, 0.3), (0.914207, 0.114006, 0.294918), (0.955849, 0.220161, 0.28002), (1.02206, 0.311157, 0.256334), (1.10828, 0.380726, 0.225489),
                (-0.9, 0, 0.9), (-0.901544, 0.11499, 0.900096), (-0.906175, 0.229896, 0.900385), (-0.913889, 0.344636, 0.900866), (-0.924682, 0.459126, 0.901539),
                (-0.3, 0, 0.9), (-0.31555, 0.11394, 0.90097), (-0.361058, 0.219514, 0.903807), (-0.433184, 0.308972, 0.908304), (-0.526631, 0.375745, 0.91413),
                (0.3, 0, 0.9), (0.293805, 0.114832, 0.900386), (0.275292, 0.228327, 0.90154), (0.244677, 0.33916, 0.903449), (0.202317, 0.446042, 0.90609),
                (0.9, 0, 0.9), (0.912497, 0.114316, 0.899221), (0.949394, 0.223212, 0.89692), (1.00894, 0.321523, 0.893208), (1.08832, 0.404589, 0.888259)
            ],
            40: [
                (-0.9, 0, -0.9), (-0.911921, 0.114317, -0.896176), (-0.947118, 0.223214, -0.884886), (-1.00392, 0.321531, -0.866665), (-1.07964, 0.404606, -0.842377),
                (-0.3, 0, -0.9), (-0.311822, 0.114328, -0.896208), (-0.346736, 0.223326, -0.885009), (-0.403114, 0.321913, -0.866925), (-0.47833, 0.405493, -0.842798),
                (0.3, 0, -0.9), (0.306062, 0.114824, -0.901945), (0.324174, 0.22824, -0.907754), (0.354115, 0.338858, -0.917358), (0.395516, 0.445322, -0.930638),
                (0.9, 0, -0.9), (0.91481, 0.113943, -0.90475), (0.958156, 0.21955, -0.918654), (1.02687, 0.309094, -0.940694), (1.11591, 0.376024, -0.969258),
                (-0.9, 0, -0.3), (-0.907606, 0.114697, -0.296577), (-0.930265, 0.226981, -0.286381), (-0.9675, 0.334488, -0.269625), (-1.01853, 0.434957, -0.246663),
                (-0.3, 0, -0.3), (-0.313713, 0.114013, -0.293829), (-0.353915, 0.220227, -0.275738), (-0.417855, 0.31138, -0.246965), (-0.501161, 0.381235, -0.209478),
                (0.3, 0, -0.3), (0.300787, 0.114997, -0.300354), (0.303148, 0.229968, -0.301416), (0.307081, 0.344887, -0.303187), (0.312588, 0.459728, -0.305664),
                (0.9, 0, -0.3), (0.9141, 0.113956, -0.306345), (0.955382, 0.219671, -0.324922), (1.02086, 0.309502, -0.354386), (1.1058, 0.376952, -0.392608),
                (-0.9, 0, 0.3), (-0.902936, 0.114959, 0.300937), (-0.911737, 0.229587, 0.303745), (-0.926376, 0.343556, 0.308415), (-0.946812, 0.456538, 0.314936),
                (-0.3, 0, 0.3), (-0.314995, 0.113918, 0.304784), (-0.358855, 0.2193, 0.318778), (-0.428295, 0.308251, 0.340933), (-0.518112, 0.374105, 0.36959),
                (0.3, 0, 0.3), (0.295472, 0.114902, 0.301445), (0.281918, 0.229018, 0.305769), (0.259432, 0.34157, 0.312943), (0.228167, 0.451788, 0.322919),
                (0.9, 0, 0.3), (0.912765, 0.114217, 0.295927), (0.950365, 0.222232, 0.283931), (1.01076, 0.31818, 0.264661), (1.09067, 0.396852, 0.239165),
                (-0.9, 0, 0.9), (-0.897422, 0.114971, 0.899991), (-0.889692, 0.229711, 0.899962), (-0.876826, 0.343989, 0.899916), (-0.85885, 0.457575, 0.89985),
                (-0.3, 0, 0.9), (-0.314435, 0.11409, 0.900053), (-0.356829, 0.220991, 0.900207), (-0.42451, 0.313965, 0.900454), (-0.513214, 0.387153, 0.900777),
                (0.3, 0, 0.9), (0.29025, 0.114586, 0.900036), (0.261279, 0.225877, 0.900141), (0.21392, 0.330673, 0.900314), (0.149537, 0.42596, 0.900548),
                (0.9, 0, 0.9), (0.909616, 0.114597, 0.899965), (0.938195, 0.225989, 0.899861), (0.984938, 0.331061, 0.899691), (1.04854, 0.426874, 0.899459)
            ],
            41: [
                (-0.9, 0, -0.9), (-0.909047, 0.114597, -0.89675), (-0.935937, 0.225992, -0.887091), (-0.979917, 0.331069, -0.871293), (-1.03976, 0.426891, -0.849797),
                (-0.3, 0, -0.9), (-0.313649, 0.114082, -0.895097), (-0.353729, 0.220906, -0.8807), (-0.417689, 0.313675, -0.857724), (-0.501461, 0.386489, -0.827632),
                (0.3, 0, -0.9), (0.302265, 0.114975, -0.900814), (0.309056, 0.229748, -0.903253), (0.320361, 0.344119, -0.907314), (0.33616, 0.457887, -0.912989),
                (0.9, 0, -0.9), (0.914764, 0.113925, -0.905303), (0.957957, 0.21937, -0.920819), (1.02636, 0.308486, -0.945392), (1.11489, 0.37464, -0.977193),
                (-0.9, 0, -0.3), (-0.904189, 0.114908, -0.298132), (-0.91673, 0.229086, -0.292539), (-0.937543, 0.341805, -0.283256), (-0.966495, 0.452349, -0.270344),
                (-0.3, 0, -0.3), (-0.314382, 0.113917, -0.293586), (-0.35645, 0.219289, -0.274824), (-0.423049, 0.308212, -0.245121), (-0.509182, 0.374018, -0.206707),
                (0.3, 0, -0.3), (0.29703, 0.114954, -0.298675), (0.288128, 0.22954, -0.294705), (0.273323, 0.343392, -0.288102), (0.252663, 0.456145, -0.278888),
                (0.9, 0, -0.3), (0.91292, 0.114127, -0.305762), (0.950899, 0.221345, -0.3227), (1.01164, 0.315164, -0.349789), (1.09146, 0.389906, -0.385388),
                (-0.9, 0, 0.3), (-0.899, 0.114995, 0.299725), (-0.896002, 0.229953, 0.298901), (-0.891006, 0.344836, 0.297528), (-0.884014, 0.459608, 0.295605),
                (-0.3, 0, 0.3), (-0.314449, 0.11402, 0.303972), (-0.356814, 0.220295, 0.315618), (-0.424218, 0.31161, 0.334148), (-0.512084, 0.381761, 0.358303),
                (0.3, 0, 0.3), (0.291816, 0.114686, 0.30225), (0.267441, 0.226874, 0.308951), (0.227408, 0.334117, 0.319956), (0.172588, 0.434081, 0.335026),
                (0.9, 0, 0.3), (0.910409, 0.114492, 0.297139), (0.941268, 0.224949, 0.288655), (0.99149, 0.327478, 0.274849), (1.05931, 0.418464, 0.256206),
                (-0.9, 0, 0.9), (-0.893485, 0.114815, 0.900359), (-0.874023, 0.228151, 0.901432), (-0.841866, 0.338549, 0.903204), (-0.797427, 0.444588, 0.905654),
                (-0.3, 0, 0.9), (-0.312289, 0.11434, 0.899323), (-0.348592, 0.223441, 0.897321), (-0.407247, 0.322305, 0.894088), (-0.485566, 0.406403, 0.889771),
                (0.3, 0, 0.9), (0.287396, 0.114305, 0.899305), (0.25019, 0.223101, 0.897254), (0.190176, 0.321144, 0.893946), (0.110246, 0.403708, 0.88954),
                (0.9, 0, 0.9), (0.906041, 0.114841, 0.900333), (0.924096, 0.22841, 0.901328), (0.953966, 0.339451, 0.902975), (0.99532, 0.446734, 0.905254)
            ],
            42: [
                (-0.9, 0, -0.9), (-0.905631, 0.114841, -0.897795), (-0.922461, 0.228412, -0.891206), (-0.950303, 0.339457, -0.880305), (-0.988851, 0.446747, -0.865213),
                (-0.3, 0, -0.9), (-0.314531, 0.113936, -0.894311), (-0.357055, 0.21948, -0.877662), (-0.42444, 0.308858, -0.851279), (-0.511721, 0.375485, -0.817107),
                (0.3, 0, -0.9), (0.298398, 0.114987, -0.899373), (0.293595, 0.229871, -0.897492), (0.285594, 0.34455, -0.89436), (0.274402, 0.45892, -0.889978),
                (0.9, 0, -0.9), (0.913743, 0.114049, -0.905381), (0.954068, 0.220584, -0.921169), (1.01832, 0.312585, -0.946324), (1.10226, 0.383992, -0.979188),
                (-0.9, 0, -0.3), (-0.900473, 0.114999, -0.299795), (-0.901891, 0.229988, -0.299179), (-0.904254, 0.34496, -0.298152), (-0.907562, 0.459903, -0.296715),
                (-0.3, 0, -0.3), (-0.314117, 0.113965, -0.293868), (-0.355457, 0.219765, -0.275912), (-0.421057, 0.309819, -0.247419), (-0.506218, 0.377675, -0.210429),
                (0.3, 0, -0.3), (0.293449, 0.114778, -0.297154), (0.273896, 0.227785, -0.288662), (0.241644, 0.337277, -0.274653), (0.19719, 0.441565, -0.255344),
                (0.9, 0, -0.3), (0.910886, 0.114386, -0.304728), (0.943082, 0.223898, -0.318712), (0.995214, 0.323871, -0.341356), (1.06506, 0.410044, -0.371695),
                (-0.9, 0, 0.3), (-0.895042, 0.114888, 0.298879), (-0.880205, 0.228877, 0.295525), (-0.855607, 0.341078, 0.289965), (-0.82144, 0.450613, 0.282241),
                (-0.3, 0, 0.3), (-0.312888, 0.114238, 0.302913), (-0.35087, 0.222445, 0.311499), (-0.411942, 0.318905, 0.325305), (-0.492879, 0.398526, 0.3436),
                (0.3, 0, 0.3), (0.288649, 0.11441, 0.302566), (0.255059, 0.224132, 0.310159), (0.200608, 0.324674, 0.322468), (0.127525, 0.411915, 0.338988),
                (0.9, 0, 0.3), (0.907267, 0.114758, 0.298357), (0.928947, 0.22759, 0.293457), (0.964675, 0.336601, 0.28538), (1.01385, 0.43996, 0.274264),
                (-0.9, 0, 0.9), (-0.890042, 0.114563, 0.901125), (-0.860472, 0.225646, 0.904464), (-0.812188, 0.329875, 0.909918), (-0.746655, 0.424086, 0.91732),
                (-0.3, 0, 0.9), (-0.30928, 0.11462, 0.898952), (-0.336874, 0.226217, 0.895835), (-0.382055, 0.331847, 0.890732), (-0.443631, 0.428723, 0.883778),
                (0.3, 0, 0.9), (0.285458, 0.114065, 0.898358), (0.242775, 0.220742, 0.893537), (0.174715, 0.31312, 0.88585), (0.0856872, 0.385217, 0.875794),
                (0.9, 0, 0.9), (0.902052, 0.114981, 0.900232), (0.908207, 0.229815, 0.900927), (0.918456, 0.344351, 0.902084), (0.932786, 0.458443, 0.903703)
            ],
            43: [
                (-0.9, 0, -0.9), (-0.901903, 0.114982, -0.899206), (-0.907611, 0.229815, -0.896825), (-0.917115, 0.344353, -0.892861), (-0.930403, 0.458448, -0.887318),
                (-0.3, 0, -0.9), (-0.314444, 0.11393, -0.893975), (-0.356705, 0.21942, -0.876347), (-0.423654, 0.308656, -0.848421), (-0.51033, 0.375027, -0.812266),
                (0.3, 0, -0.9), (0.294714, 0.114857, -0.897795), (0.278909, 0.228575, -0.891202), (0.25274, 0.340025, -0.880287), (0.216469, 0.448101, -0.865157),
                (0.9, 0, -0.9), (0.911839, 0.114282, -0.904939), (0.946768, 0.222877, -0.919508), (1.00305, 0.320378, -0.942984), (1.07788, 0.401933, -0.974197),
                (-0.9, 0, -0.3), (-0.896683, 0.114944, -0.301378), (-0.886743, 0.229439, -0.305505), (-0.870221, 0.343039, -0.312366), (-0.847181, 0.4553, -0.321935),
                (-0.3, 0, -0.3), (-0.312921, 0.114146, -0.294634), (-0.350919, 0.221534, -0.278854), (-0.411744, 0.315806, -0.253595), (-0.491796, 0.391381, -0.220351),
                (0.3, 0, -0.3), (0.290266, 0.114516, -0.295958), (0.261393, 0.225185, -0.283967), (0.21435, 0.328288, -0.264431), (0.150717, 0.420361, -0.238006),
                (0.9, 0, -0.3), (0.908107, 0.114664, -0.303367), (0.93224, 0.226656, -0.313388), (0.971835, 0.333365, -0.329832), (1.02597, 0.432304, -0.352313),
                (-0.9, 0, 0.3), (-0.891351, 0.114664, 0.298501), (-0.865604, 0.226656, 0.294038), (-0.82336, 0.333365, 0.286716), (-0.765603, 0.432304, 0.276705),
                (-0.3, 0, 0.3), (-0.310385, 0.114516, 0.3018), (-0.34119, 0.225185, 0.307139), (-0.39138, 0.328288, 0.315839), (-0.459269, 0.420361, 0.327606),
                (0.3, 0, 0.3), (0.286215, 0.114146, 0.302389), (0.245675, 0.221534, 0.309416), (0.180781, 0.315806, 0.320664), (0.0953742, 0.391381, 0.335468),
                (0.9, 0, 0.3), (0.903539, 0.114944, 0.299387), (0.914143, 0.229439, 0.297549), (0.931771, 0.343039, 0.294493), (0.956353, 0.4553, 0.290232),
                (-0.9, 0, 0.9), (-0.887351, 0.114282, 0.902136), (-0.850033, 0.222877, 0.908436), (-0.789905, 0.320378, 0.918588), (-0.709958, 0.401933, 0.932086),
                (-0.3, 0, 0.9), (-0.305647, 0.114857, 0.899047), (-0.322534, 0.228575, 0.896195), (-0.350492, 0.340025, 0.891475), (-0.389244, 0.448101, 0.884933),
                (0.3, 0, 0.9), (0.284568, 0.11393, 0.897395), (0.239416, 0.21942, 0.889771), (0.167889, 0.308656, 0.877695), (0.0752853, 0.375027, 0.86206),
                (0.9, 0, 0.9), (0.897967, 0.114982, 0.899657), (0.891869, 0.229815, 0.898627), (0.881715, 0.344353, 0.896913), (0.867517, 0.458448, 0.894516)
            ],
            44: [
                (-0.9, 0, -0.9), (-0.898106, 0.114981, -0.900825), (-0.892428, 0.229815, -0.903298), (-0.882972, 0.344351, -0.907417), (-0.869751, 0.458443, -0.913176),
                (-0.3, 0, -0.9), (-0.313417, 0.114065, -0.894156), (-0.352797, 0.220742, -0.877002), (-0.415591, 0.31312, -0.849649), (-0.497731, 0.385217, -0.813869),
                (0.3, 0, -0.9), (0.291438, 0.11462, -0.896271), (0.265979, 0.226217, -0.885181), (0.224294, 0.331847, -0.867023), (0.167482, 0.428723, -0.842276),
                (0.9, 0, -0.9), (0.909187, 0.114563, -0.904002), (0.936469, 0.225646, -0.915886), (0.981018, 0.329875, -0.935291), (1.04148, 0.424086, -0.961628),
                (-0.9, 0, -0.3), (-0.893057, 0.114758, -0.302702), (-0.872343, 0.22759, -0.310761), (-0.838207, 0.336601, -0.324044), (-0.791221, 0.43996, -0.342326),
                (-0.3, 0, -0.3), (-0.310846, 0.11441, -0.29578), (-0.342939, 0.224132, -0.283292), (-0.394964, 0.324674, -0.263049), (-0.464791, 0.411915, -0.235879),
                (0.3, 0, -0.3), (0.287686, 0.114238, -0.295209), (0.251396, 0.222445, -0.281088), (0.193045, 0.318905, -0.258383), (0.115714, 0.398526, -0.228294),
                (0.9, 0, -0.3), (0.904737, 0.114888, -0.301843), (0.918913, 0.228877, -0.307359), (0.942415, 0.341078, -0.316504), (0.975061, 0.450613, -0.329206),
                (-0.9, 0, 0.3), (-0.888212, 0.114386, 0.298613), (-0.853352, 0.223898, 0.294512), (-0.796903, 0.323871, 0.287872), (-0.721273, 0.410044, 0.278974),
                (-0.3, 0, 0.3), (-0.307094, 0.114778, 0.300835), (-0.328265, 0.227785, 0.303325), (-0.363187, 0.337277, 0.307433), (-0.411322, 0.441565, 0.313096),
                (0.3, 0, 0.3), (0.284714, 0.113965, 0.301798), (0.239952, 0.219765, 0.307064), (0.16892, 0.309819, 0.31542), (0.0767089, 0.377675, 0.326268),
                (0.9, 0, 0.3), (0.899488, 0.114999, 0.30006), (0.897953, 0.229988, 0.300241), (0.895394, 0.34496, 0.300542), (0.891812, 0.459903, 0.300963),
                (-0.9, 0, 0.9), (-0.885591, 0.114049, 0.903196), (-0.843314, 0.220584, 0.912575), (-0.775953, 0.312585, 0.927518), (-0.687948, 0.383992, 0.947041),
                (-0.3, 0, 0.9), (-0.301679, 0.114987, 0.899627), (-0.306715, 0.229871, 0.89851), (-0.315104, 0.34455, 0.896649), (-0.326837, 0.45892, 0.894046),
                (0.3, 0, 0.9), (0.284765, 0.113936, 0.89662), (0.240182, 0.21948, 0.88673), (0.169534, 0.308858, 0.871058), (0.0780265, 0.375485, 0.850758),
                (0.9, 0, 0.9), (0.894097, 0.114841, 0.89869), (0.876452, 0.228412, 0.894776), (0.847261, 0.339457, 0.8883), (0.806846, 0.446747, 0.879335)
            ],
            45: [
                (-0.9, 0, -0.9), (-0.894476, 0.114841, -0.902467), (-0.877965, 0.22841, -0.909841), (-0.85065, 0.339451, -0.92204), (-0.812833, 0.446734, -0.93893),
                (-0.3, 0, -0.9), (-0.311526, 0.114305, -0.894852), (-0.34555, 0.223101, -0.879657), (-0.40043, 0.321144, -0.855147), (-0.473523, 0.403708, -0.822503),
                (0.3, 0, -0.9), (0.288762, 0.11434, -0.894981), (0.255564, 0.223441, -0.880155), (0.201927, 0.322305, -0.856199), (0.130307, 0.406403, -0.824213),
                (0.9, 0, -0.9), (0.905958, 0.114815, -0.902661), (0.923755, 0.228151, -0.910609), (0.953161, 0.338549, -0.923742), (0.993799, 0.444588, -0.941892),
                (-0.9, 0, -0.3), (-0.889831, 0.114492, -0.303623), (-0.859683, 0.224949, -0.314364), (-0.810619, 0.327478, -0.331844), (-0.744367, 0.418464, -0.355447),
                (-0.3, 0, -0.3), (-0.307996, 0.114686, -0.297151), (-0.331808, 0.226874, -0.288668), (-0.370919, 0.334117, -0.274734), (-0.424475, 0.434081, -0.255653),
                (0.3, 0, -0.3), (0.285884, 0.11402, -0.294971), (0.244496, 0.220295, -0.280226), (0.178645, 0.31161, -0.256765), (0.0928048, 0.381761, -0.226183),
                (0.9, 0, -0.3), (0.900976, 0.114995, -0.300348), (0.903906, 0.229953, -0.301391), (0.908787, 0.344836, -0.30313), (0.915618, 0.459608, -0.305564),
                (-0.9, 0, 0.3), (-0.885878, 0.114127, 0.299154), (-0.844368, 0.221345, 0.296665), (-0.777983, 0.315164, 0.292686), (-0.69074, 0.389906, 0.287457),
                (-0.3, 0, 0.3), (-0.303247, 0.114954, 0.300195), (-0.312976, 0.22954, 0.300778), (-0.329158, 0.343392, 0.301748), (-0.351739, 0.456145, 0.303101),
                (0.3, 0, 0.3), (0.28428, 0.113917, 0.300942), (0.238301, 0.219289, 0.303698), (0.16551, 0.308212, 0.308061), (0.071367, 0.374018, 0.313704),
                (0.9, 0, 0.3), (0.895421, 0.114908, 0.300274), (0.881714, 0.229086, 0.301096), (0.858966, 0.341805, 0.30246), (0.827321, 0.452349, 0.304356),
                (-0.9, 0, 0.9), (-0.884859, 0.113925, 0.904104), (-0.840562, 0.21937, 0.91611), (-0.770407, 0.308486, 0.935125), (-0.679616, 0.37464, 0.959734),
                (-0.3, 0, 0.9), (-0.297677, 0.114975, 0.90063), (-0.290713, 0.229748, 0.902517), (-0.279119, 0.344119, 0.90566), (-0.262916, 0.457887, 0.910051),
                (0.3, 0, 0.9), (0.286002, 0.114082, 0.896206), (0.244898, 0.220906, 0.885065), (0.179303, 0.313675, 0.867286), (0.0933902, 0.386489, 0.844),
                (0.9, 0, 0.9), (0.890721, 0.114597, 0.897485), (0.863144, 0.225992, 0.890011), (0.81804, 0.331069, 0.877785), (0.75667, 0.426891, 0.861151)
            ],
            46: [
                (-0.9, 0, -0.9), (-0.891231, 0.114597, -0.903946), (-0.865169, 0.225989, -0.915674), (-0.822542, 0.331061, -0.934855), (-0.764544, 0.426874, -0.960953),
                (-0.3, 0, -0.9), (-0.308892, 0.114586, -0.895999), (-0.335311, 0.225877, -0.88411), (-0.378499, 0.330673, -0.864677), (-0.437212, 0.42596, -0.838256),
                (0.3, 0, -0.9), (0.286837, 0.11409, -0.894077), (0.248176, 0.220991, -0.87668), (0.186455, 0.313965, -0.848906), (0.105563, 0.387153, -0.812506),
                (0.9, 0, -0.9), (0.902351, 0.114971, -0.901058), (0.9094, 0.229711, -0.90423), (0.921133, 0.343989, -0.90951), (0.937526, 0.457575, -0.916886),
                (-0.9, 0, -0.3), (-0.887229, 0.114217, -0.304053), (-0.84961, 0.222232, -0.315991), (-0.789184, 0.31818, -0.335166), (-0.709234, 0.396852, -0.360537),
                (-0.3, 0, -0.3), (-0.30453, 0.114902, -0.298562), (-0.318091, 0.229018, -0.294259), (-0.340588, 0.34157, -0.28712), (-0.371869, 0.451788, -0.277193),
                (0.3, 0, -0.3), (0.284998, 0.113918, -0.295239), (0.241116, 0.2193, -0.281314), (0.171641, 0.308251, -0.259267), (0.0817801, 0.374105, -0.230751),
                (0.9, 0, -0.3), (0.897062, 0.114959, -0.299068), (0.888258, 0.229587, -0.296274), (0.873611, 0.343556, -0.291626), (0.853165, 0.456538, -0.285138),
                (-0.9, 0, 0.3), (-0.884538, 0.113956, 0.299981), (-0.839269, 0.219671, 0.299926), (-0.767468, 0.309502, 0.299839), (-0.674326, 0.376952, 0.299726),
                (-0.3, 0, 0.3), (-0.299137, 0.114997, 0.299999), (-0.296548, 0.229968, 0.299996), (-0.292235, 0.344887, 0.299991), (-0.286197, 0.459728, 0.299983),
                (0.3, 0, 0.3), (0.284962, 0.114013, 0.300018), (0.240878, 0.220227, 0.300072), (0.170762, 0.31138, 0.300157), (0.0794101, 0.381235, 0.300268),
                (0.9, 0, 0.3), (0.891659, 0.114697, 0.30001), (0.866812, 0.226981, 0.30004), (0.82598, 0.334488, 0.30009), (0.770025, 0.434957, 0.300158),
                (-0.9, 0, 0.9), (-0.885168, 0.113943, 0.904681), (-0.841758, 0.21955, 0.918382), (-0.772945, 0.309094, 0.9401), (-0.683764, 0.376024, 0.968246),
                (-0.3, 0, 0.9), (-0.293929, 0.114824, 0.901916), (-0.27579, 0.22824, 0.907641), (-0.245805, 0.338858, 0.917105), (-0.204342, 0.445322, 0.930191),
                (0.3, 0, 0.9), (0.288161, 0.114328, 0.896263), (0.253195, 0.223326, 0.885228), (0.196732, 0.321913, 0.867407), (0.121405, 0.405493, 0.843633),
                (0.9, 0, 0.9), (0.888061, 0.114317, 0.896232), (0.852812, 0.223214, 0.885107), (0.795922, 0.321531, 0.867152), (0.720088, 0.404606, 0.843218)
            ],
            47: [
                (-0.9, 0, -0.9), (-0.888563, 0.114316, -0.905097), (-0.854796, 0.223212, -0.920146), (-0.800298, 0.321523, -0.944433), (-0.727655, 0.404589, -0.976807),
                (-0.3, 0, -0.9), (-0.305669, 0.114832, -0.897473), (-0.322612, 0.228327, -0.889923), (-0.35063, 0.33916, -0.877436), (-0.389397, 0.446042, -0.860159),
                (0.3, 0, -0.9), (0.285769, 0.11394, -0.893658), (0.244121, 0.219514, -0.875097), (0.178114, 0.308972, -0.84568), (0.0925934, 0.375745, -0.807567),
                (0.9, 0, -0.9), (0.898587, 0.11499, -0.89937), (0.894349, 0.229896, -0.897482), (0.887289, 0.344636, -0.894335), (0.877412, 0.459126, -0.889933),
                (-0.9, 0, -0.3), (-0.885444, 0.114006, -0.303973), (-0.842778, 0.220161, -0.31562), (-0.774941, 0.311157, -0.334138), (-0.686603, 0.380726, -0.358253),
                (-0.3, 0, -0.3), (-0.300665, 0.114998, -0.299819), (-0.302659, 0.229979, -0.299274), (-0.305983, 0.344928, -0.298367), (-0.310636, 0.459827, -0.297097),
                (0.3, 0, -0.3), (0.285117, 0.11396, -0.295937), (0.241539, 0.219717, -0.284041), (0.172404, 0.309657, -0.265169), (0.0826875, 0.377304, -0.240678),
                (0.9, 0, -0.3), (0.893259, 0.114788, -0.29816), (0.873137, 0.22788, -0.292667), (0.839931, 0.337608, -0.283602), (0.79413, 0.44235, -0.2711),
                (-0.9, 0, 0.3), (-0.884297, 0.113919, 0.300903), (-0.838363, 0.219314, 0.303546), (-0.765635, 0.308298, 0.30773), (-0.671555, 0.374212, 0.313143),
                (-0.3, 0, 0.3), (-0.29509, 0.114895, 0.300283), (-0.280394, 0.228949, 0.301128), (-0.256022, 0.341328, 0.30253), (-0.22215, 0.451209, 0.304479),
                (0.3, 0, 0.3), (0.286715, 0.114228, 0.299236), (0.247573, 0.222338, 0.296984), (0.184669, 0.318541, 0.293365), (0.101373, 0.397685, 0.288573),
                (0.9, 0, 0.3), (0.888499, 0.114422, 0.299338), (0.854457, 0.22425, 0.29738), (0.799241, 0.325077, 0.294203), (0.725067, 0.412855, 0.289936),
                (-0.9, 0, 0.9), (-0.886462, 0.114099, 0.904803), (-0.846695, 0.221078, 0.918912), (-0.783179, 0.31426, 0.941446), (-0.699878, 0.387831, 0.970999),
                (-0.3, 0, 0.9), (-0.290683, 0.114574, 0.903306), (-0.263006, 0.225762, 0.913125), (-0.217789, 0.330275, 0.929167), (-0.156368, 0.425025, 0.950958),
                (0.3, 0, 0.9), (0.291068, 0.114609, 0.896831), (0.264513, 0.226104, 0.88741), (0.221057, 0.331455, 0.871993), (0.161882, 0.427801, 0.850999),
                (0.9, 0, 0.9), (0.88627, 0.114073, 0.895129), (0.84596, 0.220824, 0.880828), (0.781658, 0.313397, 0.858015), (0.697493, 0.385851, 0.828155)
            ],
            48: [
                (-0.9, 0, -0.9), (-0.886633, 0.114073, -0.905797), (-0.84739, 0.220822, -0.922818), (-0.78479, 0.313392, -0.949967), (-0.702854, 0.385839, -0.985504),
                (-0.3, 0, -0.9), (-0.30205, 0.114978, -0.899111), (-0.308197, 0.229783, -0.896445), (-0.318432, 0.344241, -0.892006), (-0.332739, 0.458178, -0.885801),
                (0.3, 0, -0.9), (0.285624, 0.113927, -0.893765), (0.243564, 0.219394, -0.875523), (0.176943, 0.308567, -0.846629), (0.0907098, 0.374824, -0.809229),
                (0.9, 0, -0.9), (0.894894, 0.114865, -0.897786), (0.879625, 0.228655, -0.891163), (0.854336, 0.340302, -0.880195), (0.819263, 0.448762, -0.864984),
                (-0.9, 0, -0.3), (-0.884626, 0.113916, -0.303443), (-0.83966, 0.21928, -0.313513), (-0.768476, 0.308182, -0.329455), (-0.676418, 0.37395, -0.350071),
                (-0.3, 0, -0.3), (-0.29666, 0.114949, -0.300748), (-0.286653, 0.229491, -0.302989), (-0.270013, 0.34322, -0.306715), (-0.2468, 0.455732, -0.311914),
                (0.3, 0, -0.3), (0.28627, 0.114136, -0.296925), (0.245903, 0.221438, -0.287885), (0.181316, 0.315482, -0.273421), (0.0963752, 0.390637, -0.254399),
                (0.9, 0, -0.3), (0.889842, 0.114528, -0.297725), (0.8597, 0.225302, -0.290975), (0.810563, 0.328692, -0.279971), (0.744041, 0.421309, -0.265073),
                (-0.9, 0, 0.3), (-0.885168, 0.114027, 0.30171), (-0.841672, 0.220366, 0.306725), (-0.772444, 0.311847, 0.314707), (-0.682153, 0.382303, 0.325117),
                (-0.3, 0, 0.3), (-0.291423, 0.114675, 0.300989), (-0.265886, 0.226766, 0.303933), (-0.223964, 0.333743, 0.308767), (-0.166603, 0.433196, 0.31538),
                (0.3, 0, 0.3), (0.289402, 0.114504, 0.298778), (0.257974, 0.225067, 0.295155), (0.206798, 0.327883, 0.289254), (0.137634, 0.419413, 0.28128),
                (0.9, 0, 0.3), (0.886181, 0.114156, 0.298407), (0.845534, 0.22163, 0.29372), (0.780436, 0.316134, 0.286215), (0.694699, 0.392137, 0.27633),
                (-0.9, 0, 0.9), (-0.888627, 0.114351, 0.904411), (-0.85502, 0.223556, 0.917447), (-0.800692, 0.322699, 0.938519), (-0.728088, 0.407319, 0.966681),
                (-0.3, 0, 0.9), (-0.288135, 0.114294, 0.904602), (-0.25312, 0.222988, 0.918184), (-0.196671, 0.320759, 0.940079), (-0.121554, 0.402817, 0.969215),
                (0.3, 0, 0.9), (0.29451, 0.114849, 0.89787), (0.278096, 0.228494, 0.891504), (0.250931, 0.339741, 0.880967), (0.2133, 0.447425, 0.866371),
                (0.9, 0, 0.9), (0.885429, 0.113933, 0.894348), (0.842793, 0.219449, 0.877811), (0.775242, 0.308754, 0.851609), (0.687765, 0.375249, 0.817679)
            ],
        }
        float[] widths = [
            0.012, 0.012, 0.012, 0.012, 0.012, 0.012, 0.012, 0.012, 0.012, 0.012, 0.012, 0.012, 0.012, 0.012, 0.012, 0.012, 0.012, 0.012, 0.012, 0.012,
            0.012, 0.012, 0.012, 0.012, 0.012, 0.012, 0.012, 0.012, 0.012, 0.012, 0.012, 0.012, 0.012, 0.012, 0.012, 0.012, 0.012, 0.012, 0.012, 0.012,
            0.012, 0.012, 0.012, 0.012, 0.012, 0.012, 0.012, 0.012, 0.012, 0.012, 0.012, 0.012, 0.012, 0.012, 0.012, 0.012, 0.012, 0.012, 0.012, 0.012,
            0.012, 0.012, 0.012, 0.012, 0.012, 0.012, 0.012, 0.012, 0.012, 0.012, 0.012, 0.012, 0.012, 0.012, 0.012, 0.012, 0.012, 0.012, 0.012, 0.012
        ] (
            interpolation = "vertex"
        )
        uniform token primvars:usdGen:role = "guide"
        uint64[] primvars:usdGen:curveId = [
            2000, 2001, 2002, 2003, 2004, 2005, 2006, 2007, 2008, 2009, 2010, 2011, 2012, 2013, 2014, 2015
        ] (
            interpolation = "uniform"
        )
        color3f[] primvars:displayColor = [(1, 0.45, 0.08)]
    }

    def Xform "Groom"
    {
        def UsdGenDescription "Hair"
        {
            rel usdGen:surface = </World/Skin>
            uniform token usdGen:curve:basis = "bspline"
            float usdGen:width:default = 0.004

            def Scope "Ops"
            {
                # Last in the stack: only this operator reads the animated
                # drivers, so it is the only one that re-runs per frame.
                def UsdGenDeform "deform"
                {
                    rel usdGen:guides = </World/Drivers>
                    int usdGen:rbfSamples = 100
                    bool usdGen:lockRoots = true
                }

                def UsdGenWidth "width"
                {
                    float usdGen:width = 0.005
                    float2[] usdGen:width:knots = [(0, 1), (0.7, 0.75), (1, 0.2)]
                    bool usdGen:replace = true
                }

                def UsdGenNoise "frizz"
                {
                    int usdGen:seed = 5
                    float usdGen:noise:magnitude = 0.018
                    float2[] usdGen:noise:magnitude:knots = [(0, 0), (1, 1)]
                    float usdGen:noise:frequency = 5
                    int usdGen:noise:octaves = 2
                    float usdGen:preserveLength = 1
                }

                def UsdGenGrow "grow"
                {
                    int usdGen:seed = 13
                    int usdGen:segments = 10
                    float usdGen:length = 0.36
                    float2 usdGen:lengthRandom = (0.85, 1.1)
                    uniform token usdGen:direction = "surfaceNormal"
                }

                def UsdGenScatter "scatter"
                {
                    int usdGen:seed = 29
                    float usdGen:density = 3000
                }
            }
        }
    }
}
