#usda 1.0
(
    defaultPrim = "World"
    metersPerUnit = 1
    upAxis = "Y"
    doc = "Tonic S7 reference scene (STUB SCALE (regenerate with --wish for the S7 scene)): 64-face scalp, 4 L1 regions, 28 tubes, 64 guides x 8 CVs."
)

# TONIC REFERENCE (plan/17 section 7)
#
#   STUB SCALE (regenerate with --wish for the S7 scene): 8 x 8-face scalp, 4 regions (2 x 2), 4 L1 / 8 L2 / 16 L3
#   tubes (~1120 stored tube verts), 64 guides x 8 CVs, amplified by a usdGen
#   description (scatter -> interp -> frizz -> width).
#
# The Guides are example content, NOT K9 kernel output, so TonicHydrateModel
# fails closed on this file by design. The TN gates (TN-1..TN-7) run on the
# --wish scale; the default stub keeps the same prim layout at diffable size.
#
# View it:   .\bin\launch_usdview.ps1 examples\tonic-reference.usda
# Record it: .\bin\record_usd.ps1 -Scene examples\tonic-reference.usda `
#                -Output out.png -Camera /World/Cam -Complexity veryhigh
# Regenerate (stub): python examples\tools\make_tonic_reference.py
# Regenerate (wish): python examples\tools\make_tonic_reference.py --wish

def Xform "World"
{
    def Camera "Cam"
    {
        uniform token[] xformOpOrder = ["xformOp:transform"]
        matrix4d xformOp:transform = ( (0.776114, 0, -0.630593, 0), (-0.189622, 0.953718, -0.23338, 0), (0.601407, 0.300704, 0.740194, 0), (2.6, 1.8, 3.4, 1) )
        float2 clippingRange = (0.05, 50)
        float focalLength = 35
        float horizontalAperture = 24
        float verticalAperture = 18
    }

    def DistantLight "Key"
    {
        float inputs:intensity = 10
        bool inputs:normalize = 1
        color3f inputs:color = (1, 0.98, 0.94)
        float3 xformOp:rotateXYZ = (-10, 40, 0)
        uniform token[] xformOpOrder = ["xformOp:rotateXYZ"]
    }

    def DomeLight "Sky"
    {
        asset inputs:texture:file = @./maps/StinsonBeach.hdr@
        float inputs:intensity = 2
        color3f inputs:color = (1, 1, 1)
    }

    def Mesh "Skin" (
        prepend apiSchemas = ["UsdGenRestAPI"]
    )
    {
        float3[] extent = [(-1, -0.01, -1), (1, 0.01, 1)]
        uniform token subdivisionScheme = "none"
        int[] faceVertexCounts = [
        4, 4, 4, 4, 4, 4, 4, 4, 4, 4, 4, 4, 4, 4, 4, 4, 4, 4, 4, 4, 4, 4, 4, 4,
        4, 4, 4, 4, 4, 4, 4, 4, 4, 4, 4, 4, 4, 4, 4, 4, 4, 4, 4, 4, 4, 4, 4, 4,
        4, 4, 4, 4, 4, 4, 4, 4, 4, 4, 4, 4, 4, 4, 4, 4
        ]
        int[] faceVertexIndices = [
        0, 9, 10, 1, 1, 10, 11, 2, 2, 11, 12, 3, 3, 12, 13, 4, 4, 13, 14, 5,
        5, 14, 15, 6, 6, 15, 16, 7, 7, 16, 17, 8, 9, 18, 19, 10, 10, 19, 20, 11,
        11, 20, 21, 12, 12, 21, 22, 13, 13, 22, 23, 14, 14, 23, 24, 15, 15, 24, 25, 16,
        16, 25, 26, 17, 18, 27, 28, 19, 19, 28, 29, 20, 20, 29, 30, 21, 21, 30, 31, 22,
        22, 31, 32, 23, 23, 32, 33, 24, 24, 33, 34, 25, 25, 34, 35, 26, 27, 36, 37, 28,
        28, 37, 38, 29, 29, 38, 39, 30, 30, 39, 40, 31, 31, 40, 41, 32, 32, 41, 42, 33,
        33, 42, 43, 34, 34, 43, 44, 35, 36, 45, 46, 37, 37, 46, 47, 38, 38, 47, 48, 39,
        39, 48, 49, 40, 40, 49, 50, 41, 41, 50, 51, 42, 42, 51, 52, 43, 43, 52, 53, 44,
        45, 54, 55, 46, 46, 55, 56, 47, 47, 56, 57, 48, 48, 57, 58, 49, 49, 58, 59, 50,
        50, 59, 60, 51, 51, 60, 61, 52, 52, 61, 62, 53, 54, 63, 64, 55, 55, 64, 65, 56,
        56, 65, 66, 57, 57, 66, 67, 58, 58, 67, 68, 59, 59, 68, 69, 60, 60, 69, 70, 61,
        61, 70, 71, 62, 63, 72, 73, 64, 64, 73, 74, 65, 65, 74, 75, 66, 66, 75, 76, 67,
        67, 76, 77, 68, 68, 77, 78, 69, 69, 78, 79, 70, 70, 79, 80, 71
        ]
        point3f[] points = [
        (-1, 0, -1), (-0.75, 0, -1), (-0.5, 0, -1),
        (-0.25, 0, -1), (0, 0, -1), (0.25, 0, -1),
        (0.5, 0, -1), (0.75, 0, -1), (1, 0, -1),
        (-1, 0, -0.75), (-0.75, 0, -0.75), (-0.5, 0, -0.75),
        (-0.25, 0, -0.75), (0, 0, -0.75), (0.25, 0, -0.75),
        (0.5, 0, -0.75), (0.75, 0, -0.75), (1, 0, -0.75),
        (-1, 0, -0.5), (-0.75, 0, -0.5), (-0.5, 0, -0.5),
        (-0.25, 0, -0.5), (0, 0, -0.5), (0.25, 0, -0.5),
        (0.5, 0, -0.5), (0.75, 0, -0.5), (1, 0, -0.5),
        (-1, 0, -0.25), (-0.75, 0, -0.25), (-0.5, 0, -0.25),
        (-0.25, 0, -0.25), (0, 0, -0.25), (0.25, 0, -0.25),
        (0.5, 0, -0.25), (0.75, 0, -0.25), (1, 0, -0.25),
        (-1, 0, 0), (-0.75, 0, 0), (-0.5, 0, 0),
        (-0.25, 0, 0), (0, 0, 0), (0.25, 0, 0),
        (0.5, 0, 0), (0.75, 0, 0), (1, 0, 0),
        (-1, 0, 0.25), (-0.75, 0, 0.25), (-0.5, 0, 0.25),
        (-0.25, 0, 0.25), (0, 0, 0.25), (0.25, 0, 0.25),
        (0.5, 0, 0.25), (0.75, 0, 0.25), (1, 0, 0.25),
        (-1, 0, 0.5), (-0.75, 0, 0.5), (-0.5, 0, 0.5),
        (-0.25, 0, 0.5), (0, 0, 0.5), (0.25, 0, 0.5),
        (0.5, 0, 0.5), (0.75, 0, 0.5), (1, 0, 0.5),
        (-1, 0, 0.75), (-0.75, 0, 0.75), (-0.5, 0, 0.75),
        (-0.25, 0, 0.75), (0, 0, 0.75), (0.25, 0, 0.75),
        (0.5, 0, 0.75), (0.75, 0, 0.75), (1, 0, 0.75),
        (-1, 0, 1), (-0.75, 0, 1), (-0.5, 0, 1),
        (-0.25, 0, 1), (0, 0, 1), (0.25, 0, 1),
        (0.5, 0, 1), (0.75, 0, 1), (1, 0, 1)
        ]
        point3f[] primvars:rest = [
        (-1, 0, -1), (-0.75, 0, -1), (-0.5, 0, -1),
        (-0.25, 0, -1), (0, 0, -1), (0.25, 0, -1),
        (0.5, 0, -1), (0.75, 0, -1), (1, 0, -1),
        (-1, 0, -0.75), (-0.75, 0, -0.75), (-0.5, 0, -0.75),
        (-0.25, 0, -0.75), (0, 0, -0.75), (0.25, 0, -0.75),
        (0.5, 0, -0.75), (0.75, 0, -0.75), (1, 0, -0.75),
        (-1, 0, -0.5), (-0.75, 0, -0.5), (-0.5, 0, -0.5),
        (-0.25, 0, -0.5), (0, 0, -0.5), (0.25, 0, -0.5),
        (0.5, 0, -0.5), (0.75, 0, -0.5), (1, 0, -0.5),
        (-1, 0, -0.25), (-0.75, 0, -0.25), (-0.5, 0, -0.25),
        (-0.25, 0, -0.25), (0, 0, -0.25), (0.25, 0, -0.25),
        (0.5, 0, -0.25), (0.75, 0, -0.25), (1, 0, -0.25),
        (-1, 0, 0), (-0.75, 0, 0), (-0.5, 0, 0),
        (-0.25, 0, 0), (0, 0, 0), (0.25, 0, 0),
        (0.5, 0, 0), (0.75, 0, 0), (1, 0, 0),
        (-1, 0, 0.25), (-0.75, 0, 0.25), (-0.5, 0, 0.25),
        (-0.25, 0, 0.25), (0, 0, 0.25), (0.25, 0, 0.25),
        (0.5, 0, 0.25), (0.75, 0, 0.25), (1, 0, 0.25),
        (-1, 0, 0.5), (-0.75, 0, 0.5), (-0.5, 0, 0.5),
        (-0.25, 0, 0.5), (0, 0, 0.5), (0.25, 0, 0.5),
        (0.5, 0, 0.5), (0.75, 0, 0.5), (1, 0, 0.5),
        (-1, 0, 0.75), (-0.75, 0, 0.75), (-0.5, 0, 0.75),
        (-0.25, 0, 0.75), (0, 0, 0.75), (0.25, 0, 0.75),
        (0.5, 0, 0.75), (0.75, 0, 0.75), (1, 0, 0.75),
        (-1, 0, 1), (-0.75, 0, 1), (-0.5, 0, 1),
        (-0.25, 0, 1), (0, 0, 1), (0.25, 0, 1),
        (0.5, 0, 1), (0.75, 0, 1), (1, 0, 1)
        ] (
            interpolation = "vertex"
        )
        texCoord2f[] primvars:st = [
        (0, 0), (0.125, 0), (0.25, 0), (0.375, 0), (0.5, 0), (0.625, 0), (0.75, 0), (0.875, 0),
        (1, 0), (0, 0.125), (0.125, 0.125), (0.25, 0.125), (0.375, 0.125), (0.5, 0.125), (0.625, 0.125), (0.75, 0.125),
        (0.875, 0.125), (1, 0.125), (0, 0.25), (0.125, 0.25), (0.25, 0.25), (0.375, 0.25), (0.5, 0.25), (0.625, 0.25),
        (0.75, 0.25), (0.875, 0.25), (1, 0.25), (0, 0.375), (0.125, 0.375), (0.25, 0.375), (0.375, 0.375), (0.5, 0.375),
        (0.625, 0.375), (0.75, 0.375), (0.875, 0.375), (1, 0.375), (0, 0.5), (0.125, 0.5), (0.25, 0.5), (0.375, 0.5),
        (0.5, 0.5), (0.625, 0.5), (0.75, 0.5), (0.875, 0.5), (1, 0.5), (0, 0.625), (0.125, 0.625), (0.25, 0.625),
        (0.375, 0.625), (0.5, 0.625), (0.625, 0.625), (0.75, 0.625), (0.875, 0.625), (1, 0.625), (0, 0.75), (0.125, 0.75),
        (0.25, 0.75), (0.375, 0.75), (0.5, 0.75), (0.625, 0.75), (0.75, 0.75), (0.875, 0.75), (1, 0.75), (0, 0.875),
        (0.125, 0.875), (0.25, 0.875), (0.375, 0.875), (0.5, 0.875), (0.625, 0.875), (0.75, 0.875), (0.875, 0.875), (1, 0.875),
        (0, 1), (0.125, 1), (0.25, 1), (0.375, 1), (0.5, 1), (0.625, 1), (0.75, 1), (0.875, 1),
        (1, 1)
        ] (
            interpolation = "vertex"
        )
        int[] primvars:usdGen:tonicRegion = [
        0, 0, 0, 0, 1, 1, 1, 1, 0, 0, 0, 0, 1, 1, 1, 1, 0, 0, 0, 0, 1, 1, 1, 1,
        0, 0, 0, 0, 1, 1, 1, 1, 2, 2, 2, 2, 3, 3, 3, 3, 2, 2, 2, 2, 3, 3, 3, 3,
        2, 2, 2, 2, 3, 3, 3, 3, 2, 2, 2, 2, 3, 3, 3, 3
        ] (
            interpolation = "uniform"
        )
        color3f[] primvars:displayColor = [(0.22, 0.2, 0.19)]
    }

    def UsdGenTonicGroom "TonicGroom"
    {
        token usdGen:tonic:version = "1"
        rel usdGen:tonic:scalp = </World/Skin>
        rel usdGen:tonic:description = </World/Groom/Hair>

        def UsdGenScalpGraph "Graph"
        {
            int[] usdGen:tonic:nodeFaceIds = [0, 4, 7, 32, 36, 39, 56, 60, 63]
            float2[] usdGen:tonic:nodeUVs = [(0, 0), (0, 0), (1, 0), (0, 0), (0, 0), (1, 0), (0, 1), (0, 1), (1, 1)]
            int2[] usdGen:tonic:edges = [(0, 3), (1, 4), (2, 5), (3, 6), (4, 7), (5, 8), (0, 1), (1, 2), (3, 4), (4, 5), (6, 7), (7, 8)]
            int[] usdGen:tonic:regionNodeCounts = [4, 4, 4, 4]
            int[] usdGen:tonic:regionNodeIndices = [0, 3, 4, 1, 1, 4, 5, 2, 3, 6, 7, 4, 4, 7, 8, 5]
            color3f[] usdGen:tonic:regionColors = [(0.85, 0.3, 0.3), (0.3, 0.65, 0.85), (0.45, 0.8, 0.35), (0.9, 0.7, 0.25)]
            int2[] usdGen:tonic:linkedRegions = []
            float usdGen:tonic:snapRadius = 0.1
        }

        def Scope "Tubes"
        {
            def UsdGenTube "tube_0"
            {
                int usdGen:tonic:regionId = 0
                int usdGen:tonic:level = 1
                point3f[] usdGen:tonic:centerPoints = [(-0.5, 0, -0.5), (-0.5, 0.225, -0.473), (-0.5, 0.45, -0.446), (-0.5, 0.675, -0.419), (-0.5, 0.9, -0.392)]
                float[] usdGen:tonic:sectionT = [0, 0.25, 0.5, 0.75, 1]
                int usdGen:tonic:sectionCvCount = 8
                float2[] usdGen:tonic:sectionCvs = [(0.16, 0), (0.113137, 0.113137), (9.79717e-18, 0.16), (-0.113137, 0.113137), (-0.16, 1.95943e-17), (-0.113137, -0.113137), (-2.93915e-17, -0.16), (0.113137, -0.113137), (0.144, 0), (0.101823, 0.101823), (8.81746e-18, 0.144), (-0.101823, 0.101823), (-0.144, 1.76349e-17), (-0.101823, -0.101823), (-2.64524e-17, -0.144), (0.101823, -0.101823), (0.128, 0), (0.0905097, 0.0905097), (7.83774e-18, 0.128), (-0.0905097, 0.0905097), (-0.128, 1.56755e-17), (-0.0905097, -0.0905097), (-2.35132e-17, -0.128), (0.0905097, -0.0905097), (0.112, 0), (0.079196, 0.079196), (6.85802e-18, 0.112), (-0.079196, 0.079196), (-0.112, 1.3716e-17), (-0.079196, -0.079196), (-2.05741e-17, -0.112), (0.079196, -0.079196), (0.096, 0), (0.0678823, 0.0678823), (5.8783e-18, 0.096), (-0.0678823, 0.0678823), (-0.096, 1.17566e-17), (-0.0678823, -0.0678823), (-1.76349e-17, -0.096), (0.0678823, -0.0678823)]
                int usdGen:tonic:childIndex = -1
                point3f[] usdGen:tonic:centerDeltas = []
                float2[] usdGen:tonic:sectionDeltas = []
                int usdGen:tonic:subdivide:count = 4
                int usdGen:tonic:subdivide:seed = 0
                token usdGen:tonic:subdivide:splitMode = "kmeans"
                float usdGen:tonic:fill:density = 100
                int usdGen:tonic:fill:cvCount = 8
                float[] usdGen:tonic:fill:lengthProfile = []
                int usdGen:tonic:fill:seed = 0
                float usdGen:tonic:fill:edgeBias = 0
                bool usdGen:tonic:locked = 0
                bool usdGen:tonic:lockParents = 0
                bool usdGen:tonic:lockChildren = 0
                def UsdGenTube "tube_1"
                {
                    int usdGen:tonic:regionId = 0
                    int usdGen:tonic:level = 2
                    point3f[] usdGen:tonic:centerPoints = [(-0.497802, 0, -0.469331), (-0.497802, 0.225, -0.442331), (-0.497802, 0.45, -0.415331), (-0.497802, 0.675, -0.388331), (-0.497802, 0.9, -0.361331)]
                    float[] usdGen:tonic:sectionT = [0, 0.25, 0.5, 0.75, 1]
                    int usdGen:tonic:sectionCvCount = 8
                    float2[] usdGen:tonic:sectionCvs = [(0.09, 0), (0.0636396, 0.0636396), (5.51091e-18, 0.09), (-0.0636396, 0.0636396), (-0.09, 1.10218e-17), (-0.0636396, -0.0636396), (-1.65327e-17, -0.09), (0.0636396, -0.0636396), (0.081, 0), (0.0572756, 0.0572756), (4.95982e-18, 0.081), (-0.0572756, 0.0572756), (-0.081, 9.91964e-18), (-0.0572756, -0.0572756), (-1.48795e-17, -0.081), (0.0572756, -0.0572756), (0.072, 0), (0.0509117, 0.0509117), (4.40873e-18, 0.072), (-0.0509117, 0.0509117), (-0.072, 8.81746e-18), (-0.0509117, -0.0509117), (-1.32262e-17, -0.072), (0.0509117, -0.0509117), (0.063, 0), (0.0445477, 0.0445477), (3.85764e-18, 0.063), (-0.0445477, 0.0445477), (-0.063, 7.71527e-18), (-0.0445477, -0.0445477), (-1.15729e-17, -0.063), (0.0445477, -0.0445477), (0.054, 0), (0.0381838, 0.0381838), (3.30655e-18, 0.054), (-0.0381838, 0.0381838), (-0.054, 6.61309e-18), (-0.0381838, -0.0381838), (-9.91964e-18, -0.054), (0.0381838, -0.0381838)]
                    int usdGen:tonic:childIndex = 0
                    point3f[] usdGen:tonic:centerDeltas = []
                    float2[] usdGen:tonic:sectionDeltas = []
                    int usdGen:tonic:subdivide:count = 4
                    int usdGen:tonic:subdivide:seed = 1
                    token usdGen:tonic:subdivide:splitMode = "kmeans"
                    float usdGen:tonic:fill:density = 100
                    int usdGen:tonic:fill:cvCount = 8
                    float[] usdGen:tonic:fill:lengthProfile = []
                    int usdGen:tonic:fill:seed = 1
                    float usdGen:tonic:fill:edgeBias = 0
                    bool usdGen:tonic:locked = 0
                    bool usdGen:tonic:lockParents = 0
                    bool usdGen:tonic:lockChildren = 0
                    def UsdGenTube "tube_2"
                    {
                        int usdGen:tonic:regionId = 0
                        int usdGen:tonic:level = 3
                        point3f[] usdGen:tonic:centerPoints = [(-0.470172, 0, -0.481953), (-0.470172, 0.225, -0.454953), (-0.470172, 0.45, -0.427953), (-0.470172, 0.675, -0.400953), (-0.470172, 0.9, -0.373953)]
                        float[] usdGen:tonic:sectionT = [0, 0.25, 0.5, 0.75, 1]
                        int usdGen:tonic:sectionCvCount = 8
                        float2[] usdGen:tonic:sectionCvs = [(0.05, 0), (0.0353553, 0.0353553), (3.06162e-18, 0.05), (-0.0353553, 0.0353553), (-0.05, 6.12323e-18), (-0.0353553, -0.0353553), (-9.18485e-18, -0.05), (0.0353553, -0.0353553), (0.045, 0), (0.0318198, 0.0318198), (2.75546e-18, 0.045), (-0.0318198, 0.0318198), (-0.045, 5.51091e-18), (-0.0318198, -0.0318198), (-8.26637e-18, -0.045), (0.0318198, -0.0318198), (0.04, 0), (0.0282843, 0.0282843), (2.44929e-18, 0.04), (-0.0282843, 0.0282843), (-0.04, 4.89859e-18), (-0.0282843, -0.0282843), (-7.34788e-18, -0.04), (0.0282843, -0.0282843), (0.035, 0), (0.0247487, 0.0247487), (2.14313e-18, 0.035), (-0.0247487, 0.0247487), (-0.035, 4.28626e-18), (-0.0247487, -0.0247487), (-6.4294e-18, -0.035), (0.0247487, -0.0247487), (0.03, 0), (0.0212132, 0.0212132), (1.83697e-18, 0.03), (-0.0212132, 0.0212132), (-0.03, 3.67394e-18), (-0.0212132, -0.0212132), (-5.51091e-18, -0.03), (0.0212132, -0.0212132)]
                        int usdGen:tonic:childIndex = 0
                        point3f[] usdGen:tonic:centerDeltas = []
                        float2[] usdGen:tonic:sectionDeltas = []
                        int usdGen:tonic:subdivide:count = 4
                        int usdGen:tonic:subdivide:seed = 2
                        token usdGen:tonic:subdivide:splitMode = "kmeans"
                        float usdGen:tonic:fill:density = 100
                        int usdGen:tonic:fill:cvCount = 8
                        float[] usdGen:tonic:fill:lengthProfile = []
                        int usdGen:tonic:fill:seed = 2
                        float usdGen:tonic:fill:edgeBias = 0
                        bool usdGen:tonic:locked = 0
                        bool usdGen:tonic:lockParents = 0
                        bool usdGen:tonic:lockChildren = 0
                    }
                    def UsdGenTube "tube_3"
                    {
                        int usdGen:tonic:regionId = 0
                        int usdGen:tonic:level = 3
                        point3f[] usdGen:tonic:centerPoints = [(-0.481835, 0, -0.457078), (-0.481835, 0.225, -0.430078), (-0.481835, 0.45, -0.403078), (-0.481835, 0.675, -0.376078), (-0.481835, 0.9, -0.349078)]
                        float[] usdGen:tonic:sectionT = [0, 0.25, 0.5, 0.75, 1]
                        int usdGen:tonic:sectionCvCount = 8
                        float2[] usdGen:tonic:sectionCvs = [(0.05, 0), (0.0353553, 0.0353553), (3.06162e-18, 0.05), (-0.0353553, 0.0353553), (-0.05, 6.12323e-18), (-0.0353553, -0.0353553), (-9.18485e-18, -0.05), (0.0353553, -0.0353553), (0.045, 0), (0.0318198, 0.0318198), (2.75546e-18, 0.045), (-0.0318198, 0.0318198), (-0.045, 5.51091e-18), (-0.0318198, -0.0318198), (-8.26637e-18, -0.045), (0.0318198, -0.0318198), (0.04, 0), (0.0282843, 0.0282843), (2.44929e-18, 0.04), (-0.0282843, 0.0282843), (-0.04, 4.89859e-18), (-0.0282843, -0.0282843), (-7.34788e-18, -0.04), (0.0282843, -0.0282843), (0.035, 0), (0.0247487, 0.0247487), (2.14313e-18, 0.035), (-0.0247487, 0.0247487), (-0.035, 4.28626e-18), (-0.0247487, -0.0247487), (-6.4294e-18, -0.035), (0.0247487, -0.0247487), (0.03, 0), (0.0212132, 0.0212132), (1.83697e-18, 0.03), (-0.0212132, 0.0212132), (-0.03, 3.67394e-18), (-0.0212132, -0.0212132), (-5.51091e-18, -0.03), (0.0212132, -0.0212132)]
                        int usdGen:tonic:childIndex = 1
                        point3f[] usdGen:tonic:centerDeltas = []
                        float2[] usdGen:tonic:sectionDeltas = []
                        int usdGen:tonic:subdivide:count = 4
                        int usdGen:tonic:subdivide:seed = 3
                        token usdGen:tonic:subdivide:splitMode = "kmeans"
                        float usdGen:tonic:fill:density = 100
                        int usdGen:tonic:fill:cvCount = 8
                        float[] usdGen:tonic:fill:lengthProfile = []
                        int usdGen:tonic:fill:seed = 3
                        float usdGen:tonic:fill:edgeBias = 0
                        bool usdGen:tonic:locked = 0
                        bool usdGen:tonic:lockParents = 0
                        bool usdGen:tonic:lockChildren = 0
                    }
                }
                def UsdGenTube "tube_4"
                {
                    int usdGen:tonic:regionId = 0
                    int usdGen:tonic:level = 2
                    point3f[] usdGen:tonic:centerPoints = [(-0.483862, 0, -0.538984), (-0.483862, 0.225, -0.511984), (-0.483862, 0.45, -0.484984), (-0.483862, 0.675, -0.457984), (-0.483862, 0.9, -0.430984)]
                    float[] usdGen:tonic:sectionT = [0, 0.25, 0.5, 0.75, 1]
                    int usdGen:tonic:sectionCvCount = 8
                    float2[] usdGen:tonic:sectionCvs = [(0.09, 0), (0.0636396, 0.0636396), (5.51091e-18, 0.09), (-0.0636396, 0.0636396), (-0.09, 1.10218e-17), (-0.0636396, -0.0636396), (-1.65327e-17, -0.09), (0.0636396, -0.0636396), (0.081, 0), (0.0572756, 0.0572756), (4.95982e-18, 0.081), (-0.0572756, 0.0572756), (-0.081, 9.91964e-18), (-0.0572756, -0.0572756), (-1.48795e-17, -0.081), (0.0572756, -0.0572756), (0.072, 0), (0.0509117, 0.0509117), (4.40873e-18, 0.072), (-0.0509117, 0.0509117), (-0.072, 8.81746e-18), (-0.0509117, -0.0509117), (-1.32262e-17, -0.072), (0.0509117, -0.0509117), (0.063, 0), (0.0445477, 0.0445477), (3.85764e-18, 0.063), (-0.0445477, 0.0445477), (-0.063, 7.71527e-18), (-0.0445477, -0.0445477), (-1.15729e-17, -0.063), (0.0445477, -0.0445477), (0.054, 0), (0.0381838, 0.0381838), (3.30655e-18, 0.054), (-0.0381838, 0.0381838), (-0.054, 6.61309e-18), (-0.0381838, -0.0381838), (-9.91964e-18, -0.054), (0.0381838, -0.0381838)]
                    int usdGen:tonic:childIndex = 1
                    point3f[] usdGen:tonic:centerDeltas = []
                    float2[] usdGen:tonic:sectionDeltas = []
                    int usdGen:tonic:subdivide:count = 4
                    int usdGen:tonic:subdivide:seed = 4
                    token usdGen:tonic:subdivide:splitMode = "kmeans"
                    float usdGen:tonic:fill:density = 100
                    int usdGen:tonic:fill:cvCount = 8
                    float[] usdGen:tonic:fill:lengthProfile = []
                    int usdGen:tonic:fill:seed = 4
                    float usdGen:tonic:fill:edgeBias = 0
                    bool usdGen:tonic:locked = 0
                    bool usdGen:tonic:lockParents = 0
                    bool usdGen:tonic:lockChildren = 0
                    def UsdGenTube "tube_5"
                    {
                        int usdGen:tonic:regionId = 0
                        int usdGen:tonic:level = 3
                        point3f[] usdGen:tonic:centerPoints = [(-0.512245, 0, -0.545934), (-0.512245, 0.225, -0.518934), (-0.512245, 0.45, -0.491934), (-0.512245, 0.675, -0.464934), (-0.512245, 0.9, -0.437934)]
                        float[] usdGen:tonic:sectionT = [0, 0.25, 0.5, 0.75, 1]
                        int usdGen:tonic:sectionCvCount = 8
                        float2[] usdGen:tonic:sectionCvs = [(0.05, 0), (0.0353553, 0.0353553), (3.06162e-18, 0.05), (-0.0353553, 0.0353553), (-0.05, 6.12323e-18), (-0.0353553, -0.0353553), (-9.18485e-18, -0.05), (0.0353553, -0.0353553), (0.045, 0), (0.0318198, 0.0318198), (2.75546e-18, 0.045), (-0.0318198, 0.0318198), (-0.045, 5.51091e-18), (-0.0318198, -0.0318198), (-8.26637e-18, -0.045), (0.0318198, -0.0318198), (0.04, 0), (0.0282843, 0.0282843), (2.44929e-18, 0.04), (-0.0282843, 0.0282843), (-0.04, 4.89859e-18), (-0.0282843, -0.0282843), (-7.34788e-18, -0.04), (0.0282843, -0.0282843), (0.035, 0), (0.0247487, 0.0247487), (2.14313e-18, 0.035), (-0.0247487, 0.0247487), (-0.035, 4.28626e-18), (-0.0247487, -0.0247487), (-6.4294e-18, -0.035), (0.0247487, -0.0247487), (0.03, 0), (0.0212132, 0.0212132), (1.83697e-18, 0.03), (-0.0212132, 0.0212132), (-0.03, 3.67394e-18), (-0.0212132, -0.0212132), (-5.51091e-18, -0.03), (0.0212132, -0.0212132)]
                        int usdGen:tonic:childIndex = 0
                        point3f[] usdGen:tonic:centerDeltas = []
                        float2[] usdGen:tonic:sectionDeltas = []
                        int usdGen:tonic:subdivide:count = 4
                        int usdGen:tonic:subdivide:seed = 5
                        token usdGen:tonic:subdivide:splitMode = "kmeans"
                        float usdGen:tonic:fill:density = 100
                        int usdGen:tonic:fill:cvCount = 8
                        float[] usdGen:tonic:fill:lengthProfile = []
                        int usdGen:tonic:fill:seed = 5
                        float usdGen:tonic:fill:edgeBias = 0
                        bool usdGen:tonic:locked = 0
                        bool usdGen:tonic:lockParents = 0
                        bool usdGen:tonic:lockChildren = 0
                    }
                    def UsdGenTube "tube_6"
                    {
                        int usdGen:tonic:regionId = 0
                        int usdGen:tonic:level = 3
                        point3f[] usdGen:tonic:centerPoints = [(-0.469078, 0, -0.553841), (-0.469078, 0.225, -0.526841), (-0.469078, 0.45, -0.499841), (-0.469078, 0.675, -0.472841), (-0.469078, 0.9, -0.445841)]
                        float[] usdGen:tonic:sectionT = [0, 0.25, 0.5, 0.75, 1]
                        int usdGen:tonic:sectionCvCount = 8
                        float2[] usdGen:tonic:sectionCvs = [(0.05, 0), (0.0353553, 0.0353553), (3.06162e-18, 0.05), (-0.0353553, 0.0353553), (-0.05, 6.12323e-18), (-0.0353553, -0.0353553), (-9.18485e-18, -0.05), (0.0353553, -0.0353553), (0.045, 0), (0.0318198, 0.0318198), (2.75546e-18, 0.045), (-0.0318198, 0.0318198), (-0.045, 5.51091e-18), (-0.0318198, -0.0318198), (-8.26637e-18, -0.045), (0.0318198, -0.0318198), (0.04, 0), (0.0282843, 0.0282843), (2.44929e-18, 0.04), (-0.0282843, 0.0282843), (-0.04, 4.89859e-18), (-0.0282843, -0.0282843), (-7.34788e-18, -0.04), (0.0282843, -0.0282843), (0.035, 0), (0.0247487, 0.0247487), (2.14313e-18, 0.035), (-0.0247487, 0.0247487), (-0.035, 4.28626e-18), (-0.0247487, -0.0247487), (-6.4294e-18, -0.035), (0.0247487, -0.0247487), (0.03, 0), (0.0212132, 0.0212132), (1.83697e-18, 0.03), (-0.0212132, 0.0212132), (-0.03, 3.67394e-18), (-0.0212132, -0.0212132), (-5.51091e-18, -0.03), (0.0212132, -0.0212132)]
                        int usdGen:tonic:childIndex = 1
                        point3f[] usdGen:tonic:centerDeltas = []
                        float2[] usdGen:tonic:sectionDeltas = []
                        int usdGen:tonic:subdivide:count = 4
                        int usdGen:tonic:subdivide:seed = 6
                        token usdGen:tonic:subdivide:splitMode = "kmeans"
                        float usdGen:tonic:fill:density = 100
                        int usdGen:tonic:fill:cvCount = 8
                        float[] usdGen:tonic:fill:lengthProfile = []
                        int usdGen:tonic:fill:seed = 6
                        float usdGen:tonic:fill:edgeBias = 0
                        bool usdGen:tonic:locked = 0
                        bool usdGen:tonic:lockParents = 0
                        bool usdGen:tonic:lockChildren = 0
                    }
                }
            }
            def UsdGenTube "tube_7"
            {
                int usdGen:tonic:regionId = 1
                int usdGen:tonic:level = 1
                point3f[] usdGen:tonic:centerPoints = [(0.5, 0, -0.5), (0.5, 0.225, -0.473), (0.5, 0.45, -0.446), (0.5, 0.675, -0.419), (0.5, 0.9, -0.392)]
                float[] usdGen:tonic:sectionT = [0, 0.25, 0.5, 0.75, 1]
                int usdGen:tonic:sectionCvCount = 8
                float2[] usdGen:tonic:sectionCvs = [(0.16, 0), (0.113137, 0.113137), (9.79717e-18, 0.16), (-0.113137, 0.113137), (-0.16, 1.95943e-17), (-0.113137, -0.113137), (-2.93915e-17, -0.16), (0.113137, -0.113137), (0.144, 0), (0.101823, 0.101823), (8.81746e-18, 0.144), (-0.101823, 0.101823), (-0.144, 1.76349e-17), (-0.101823, -0.101823), (-2.64524e-17, -0.144), (0.101823, -0.101823), (0.128, 0), (0.0905097, 0.0905097), (7.83774e-18, 0.128), (-0.0905097, 0.0905097), (-0.128, 1.56755e-17), (-0.0905097, -0.0905097), (-2.35132e-17, -0.128), (0.0905097, -0.0905097), (0.112, 0), (0.079196, 0.079196), (6.85802e-18, 0.112), (-0.079196, 0.079196), (-0.112, 1.3716e-17), (-0.079196, -0.079196), (-2.05741e-17, -0.112), (0.079196, -0.079196), (0.096, 0), (0.0678823, 0.0678823), (5.8783e-18, 0.096), (-0.0678823, 0.0678823), (-0.096, 1.17566e-17), (-0.0678823, -0.0678823), (-1.76349e-17, -0.096), (0.0678823, -0.0678823)]
                int usdGen:tonic:childIndex = -1
                point3f[] usdGen:tonic:centerDeltas = []
                float2[] usdGen:tonic:sectionDeltas = []
                int usdGen:tonic:subdivide:count = 4
                int usdGen:tonic:subdivide:seed = 7
                token usdGen:tonic:subdivide:splitMode = "kmeans"
                float usdGen:tonic:fill:density = 100
                int usdGen:tonic:fill:cvCount = 8
                float[] usdGen:tonic:fill:lengthProfile = []
                int usdGen:tonic:fill:seed = 7
                float usdGen:tonic:fill:edgeBias = 0
                bool usdGen:tonic:locked = 0
                bool usdGen:tonic:lockParents = 0
                bool usdGen:tonic:lockChildren = 0
                def UsdGenTube "tube_8"
                {
                    int usdGen:tonic:regionId = 1
                    int usdGen:tonic:level = 2
                    point3f[] usdGen:tonic:centerPoints = [(0.50016, 0, -0.518256), (0.50016, 0.225, -0.491256), (0.50016, 0.45, -0.464256), (0.50016, 0.675, -0.437256), (0.50016, 0.9, -0.410256)]
                    float[] usdGen:tonic:sectionT = [0, 0.25, 0.5, 0.75, 1]
                    int usdGen:tonic:sectionCvCount = 8
                    float2[] usdGen:tonic:sectionCvs = [(0.09, 0), (0.0636396, 0.0636396), (5.51091e-18, 0.09), (-0.0636396, 0.0636396), (-0.09, 1.10218e-17), (-0.0636396, -0.0636396), (-1.65327e-17, -0.09), (0.0636396, -0.0636396), (0.081, 0), (0.0572756, 0.0572756), (4.95982e-18, 0.081), (-0.0572756, 0.0572756), (-0.081, 9.91964e-18), (-0.0572756, -0.0572756), (-1.48795e-17, -0.081), (0.0572756, -0.0572756), (0.072, 0), (0.0509117, 0.0509117), (4.40873e-18, 0.072), (-0.0509117, 0.0509117), (-0.072, 8.81746e-18), (-0.0509117, -0.0509117), (-1.32262e-17, -0.072), (0.0509117, -0.0509117), (0.063, 0), (0.0445477, 0.0445477), (3.85764e-18, 0.063), (-0.0445477, 0.0445477), (-0.063, 7.71527e-18), (-0.0445477, -0.0445477), (-1.15729e-17, -0.063), (0.0445477, -0.0445477), (0.054, 0), (0.0381838, 0.0381838), (3.30655e-18, 0.054), (-0.0381838, 0.0381838), (-0.054, 6.61309e-18), (-0.0381838, -0.0381838), (-9.91964e-18, -0.054), (0.0381838, -0.0381838)]
                    int usdGen:tonic:childIndex = 0
                    point3f[] usdGen:tonic:centerDeltas = []
                    float2[] usdGen:tonic:sectionDeltas = []
                    int usdGen:tonic:subdivide:count = 4
                    int usdGen:tonic:subdivide:seed = 8
                    token usdGen:tonic:subdivide:splitMode = "kmeans"
                    float usdGen:tonic:fill:density = 100
                    int usdGen:tonic:fill:cvCount = 8
                    float[] usdGen:tonic:fill:lengthProfile = []
                    int usdGen:tonic:fill:seed = 8
                    float usdGen:tonic:fill:edgeBias = 0
                    bool usdGen:tonic:locked = 0
                    bool usdGen:tonic:lockParents = 0
                    bool usdGen:tonic:lockChildren = 0
                    def UsdGenTube "tube_9"
                    {
                        int usdGen:tonic:regionId = 1
                        int usdGen:tonic:level = 3
                        point3f[] usdGen:tonic:centerPoints = [(0.52094, 0, -0.491545), (0.52094, 0.225, -0.464545), (0.52094, 0.45, -0.437545), (0.52094, 0.675, -0.410545), (0.52094, 0.9, -0.383545)]
                        float[] usdGen:tonic:sectionT = [0, 0.25, 0.5, 0.75, 1]
                        int usdGen:tonic:sectionCvCount = 8
                        float2[] usdGen:tonic:sectionCvs = [(0.05, 0), (0.0353553, 0.0353553), (3.06162e-18, 0.05), (-0.0353553, 0.0353553), (-0.05, 6.12323e-18), (-0.0353553, -0.0353553), (-9.18485e-18, -0.05), (0.0353553, -0.0353553), (0.045, 0), (0.0318198, 0.0318198), (2.75546e-18, 0.045), (-0.0318198, 0.0318198), (-0.045, 5.51091e-18), (-0.0318198, -0.0318198), (-8.26637e-18, -0.045), (0.0318198, -0.0318198), (0.04, 0), (0.0282843, 0.0282843), (2.44929e-18, 0.04), (-0.0282843, 0.0282843), (-0.04, 4.89859e-18), (-0.0282843, -0.0282843), (-7.34788e-18, -0.04), (0.0282843, -0.0282843), (0.035, 0), (0.0247487, 0.0247487), (2.14313e-18, 0.035), (-0.0247487, 0.0247487), (-0.035, 4.28626e-18), (-0.0247487, -0.0247487), (-6.4294e-18, -0.035), (0.0247487, -0.0247487), (0.03, 0), (0.0212132, 0.0212132), (1.83697e-18, 0.03), (-0.0212132, 0.0212132), (-0.03, 3.67394e-18), (-0.0212132, -0.0212132), (-5.51091e-18, -0.03), (0.0212132, -0.0212132)]
                        int usdGen:tonic:childIndex = 0
                        point3f[] usdGen:tonic:centerDeltas = []
                        float2[] usdGen:tonic:sectionDeltas = []
                        int usdGen:tonic:subdivide:count = 4
                        int usdGen:tonic:subdivide:seed = 9
                        token usdGen:tonic:subdivide:splitMode = "kmeans"
                        float usdGen:tonic:fill:density = 100
                        int usdGen:tonic:fill:cvCount = 8
                        float[] usdGen:tonic:fill:lengthProfile = []
                        int usdGen:tonic:fill:seed = 9
                        float usdGen:tonic:fill:edgeBias = 0
                        bool usdGen:tonic:locked = 0
                        bool usdGen:tonic:lockParents = 0
                        bool usdGen:tonic:lockChildren = 0
                    }
                    def UsdGenTube "tube_10"
                    {
                        int usdGen:tonic:regionId = 1
                        int usdGen:tonic:level = 3
                        point3f[] usdGen:tonic:centerPoints = [(0.494256, 0, -0.48835), (0.494256, 0.225, -0.46135), (0.494256, 0.45, -0.43435), (0.494256, 0.675, -0.40735), (0.494256, 0.9, -0.38035)]
                        float[] usdGen:tonic:sectionT = [0, 0.25, 0.5, 0.75, 1]
                        int usdGen:tonic:sectionCvCount = 8
                        float2[] usdGen:tonic:sectionCvs = [(0.05, 0), (0.0353553, 0.0353553), (3.06162e-18, 0.05), (-0.0353553, 0.0353553), (-0.05, 6.12323e-18), (-0.0353553, -0.0353553), (-9.18485e-18, -0.05), (0.0353553, -0.0353553), (0.045, 0), (0.0318198, 0.0318198), (2.75546e-18, 0.045), (-0.0318198, 0.0318198), (-0.045, 5.51091e-18), (-0.0318198, -0.0318198), (-8.26637e-18, -0.045), (0.0318198, -0.0318198), (0.04, 0), (0.0282843, 0.0282843), (2.44929e-18, 0.04), (-0.0282843, 0.0282843), (-0.04, 4.89859e-18), (-0.0282843, -0.0282843), (-7.34788e-18, -0.04), (0.0282843, -0.0282843), (0.035, 0), (0.0247487, 0.0247487), (2.14313e-18, 0.035), (-0.0247487, 0.0247487), (-0.035, 4.28626e-18), (-0.0247487, -0.0247487), (-6.4294e-18, -0.035), (0.0247487, -0.0247487), (0.03, 0), (0.0212132, 0.0212132), (1.83697e-18, 0.03), (-0.0212132, 0.0212132), (-0.03, 3.67394e-18), (-0.0212132, -0.0212132), (-5.51091e-18, -0.03), (0.0212132, -0.0212132)]
                        int usdGen:tonic:childIndex = 1
                        point3f[] usdGen:tonic:centerDeltas = []
                        float2[] usdGen:tonic:sectionDeltas = []
                        int usdGen:tonic:subdivide:count = 4
                        int usdGen:tonic:subdivide:seed = 10
                        token usdGen:tonic:subdivide:splitMode = "kmeans"
                        float usdGen:tonic:fill:density = 100
                        int usdGen:tonic:fill:cvCount = 8
                        float[] usdGen:tonic:fill:lengthProfile = []
                        int usdGen:tonic:fill:seed = 10
                        float usdGen:tonic:fill:edgeBias = 0
                        bool usdGen:tonic:locked = 0
                        bool usdGen:tonic:lockParents = 0
                        bool usdGen:tonic:lockChildren = 0
                    }
                }
                def UsdGenTube "tube_11"
                {
                    int usdGen:tonic:regionId = 1
                    int usdGen:tonic:level = 2
                    point3f[] usdGen:tonic:centerPoints = [(0.456219, 0, -0.468739), (0.456219, 0.225, -0.441739), (0.456219, 0.45, -0.414739), (0.456219, 0.675, -0.387739), (0.456219, 0.9, -0.360739)]
                    float[] usdGen:tonic:sectionT = [0, 0.25, 0.5, 0.75, 1]
                    int usdGen:tonic:sectionCvCount = 8
                    float2[] usdGen:tonic:sectionCvs = [(0.09, 0), (0.0636396, 0.0636396), (5.51091e-18, 0.09), (-0.0636396, 0.0636396), (-0.09, 1.10218e-17), (-0.0636396, -0.0636396), (-1.65327e-17, -0.09), (0.0636396, -0.0636396), (0.081, 0), (0.0572756, 0.0572756), (4.95982e-18, 0.081), (-0.0572756, 0.0572756), (-0.081, 9.91964e-18), (-0.0572756, -0.0572756), (-1.48795e-17, -0.081), (0.0572756, -0.0572756), (0.072, 0), (0.0509117, 0.0509117), (4.40873e-18, 0.072), (-0.0509117, 0.0509117), (-0.072, 8.81746e-18), (-0.0509117, -0.0509117), (-1.32262e-17, -0.072), (0.0509117, -0.0509117), (0.063, 0), (0.0445477, 0.0445477), (3.85764e-18, 0.063), (-0.0445477, 0.0445477), (-0.063, 7.71527e-18), (-0.0445477, -0.0445477), (-1.15729e-17, -0.063), (0.0445477, -0.0445477), (0.054, 0), (0.0381838, 0.0381838), (3.30655e-18, 0.054), (-0.0381838, 0.0381838), (-0.054, 6.61309e-18), (-0.0381838, -0.0381838), (-9.91964e-18, -0.054), (0.0381838, -0.0381838)]
                    int usdGen:tonic:childIndex = 1
                    point3f[] usdGen:tonic:centerDeltas = []
                    float2[] usdGen:tonic:sectionDeltas = []
                    int usdGen:tonic:subdivide:count = 4
                    int usdGen:tonic:subdivide:seed = 11
                    token usdGen:tonic:subdivide:splitMode = "kmeans"
                    float usdGen:tonic:fill:density = 100
                    int usdGen:tonic:fill:cvCount = 8
                    float[] usdGen:tonic:fill:lengthProfile = []
                    int usdGen:tonic:fill:seed = 11
                    float usdGen:tonic:fill:edgeBias = 0
                    bool usdGen:tonic:locked = 0
                    bool usdGen:tonic:lockParents = 0
                    bool usdGen:tonic:lockChildren = 0
                    def UsdGenTube "tube_12"
                    {
                        int usdGen:tonic:regionId = 1
                        int usdGen:tonic:level = 3
                        point3f[] usdGen:tonic:centerPoints = [(0.478738, 0, -0.489684), (0.478738, 0.225, -0.462684), (0.478738, 0.45, -0.435684), (0.478738, 0.675, -0.408684), (0.478738, 0.9, -0.381684)]
                        float[] usdGen:tonic:sectionT = [0, 0.25, 0.5, 0.75, 1]
                        int usdGen:tonic:sectionCvCount = 8
                        float2[] usdGen:tonic:sectionCvs = [(0.05, 0), (0.0353553, 0.0353553), (3.06162e-18, 0.05), (-0.0353553, 0.0353553), (-0.05, 6.12323e-18), (-0.0353553, -0.0353553), (-9.18485e-18, -0.05), (0.0353553, -0.0353553), (0.045, 0), (0.0318198, 0.0318198), (2.75546e-18, 0.045), (-0.0318198, 0.0318198), (-0.045, 5.51091e-18), (-0.0318198, -0.0318198), (-8.26637e-18, -0.045), (0.0318198, -0.0318198), (0.04, 0), (0.0282843, 0.0282843), (2.44929e-18, 0.04), (-0.0282843, 0.0282843), (-0.04, 4.89859e-18), (-0.0282843, -0.0282843), (-7.34788e-18, -0.04), (0.0282843, -0.0282843), (0.035, 0), (0.0247487, 0.0247487), (2.14313e-18, 0.035), (-0.0247487, 0.0247487), (-0.035, 4.28626e-18), (-0.0247487, -0.0247487), (-6.4294e-18, -0.035), (0.0247487, -0.0247487), (0.03, 0), (0.0212132, 0.0212132), (1.83697e-18, 0.03), (-0.0212132, 0.0212132), (-0.03, 3.67394e-18), (-0.0212132, -0.0212132), (-5.51091e-18, -0.03), (0.0212132, -0.0212132)]
                        int usdGen:tonic:childIndex = 0
                        point3f[] usdGen:tonic:centerDeltas = []
                        float2[] usdGen:tonic:sectionDeltas = []
                        int usdGen:tonic:subdivide:count = 4
                        int usdGen:tonic:subdivide:seed = 12
                        token usdGen:tonic:subdivide:splitMode = "kmeans"
                        float usdGen:tonic:fill:density = 100
                        int usdGen:tonic:fill:cvCount = 8
                        float[] usdGen:tonic:fill:lengthProfile = []
                        int usdGen:tonic:fill:seed = 12
                        float usdGen:tonic:fill:edgeBias = 0
                        bool usdGen:tonic:locked = 0
                        bool usdGen:tonic:lockParents = 0
                        bool usdGen:tonic:lockChildren = 0
                    }
                    def UsdGenTube "tube_13"
                    {
                        int usdGen:tonic:regionId = 1
                        int usdGen:tonic:level = 3
                        point3f[] usdGen:tonic:centerPoints = [(0.468553, 0, -0.465206), (0.468553, 0.225, -0.438206), (0.468553, 0.45, -0.411206), (0.468553, 0.675, -0.384206), (0.468553, 0.9, -0.357206)]
                        float[] usdGen:tonic:sectionT = [0, 0.25, 0.5, 0.75, 1]
                        int usdGen:tonic:sectionCvCount = 8
                        float2[] usdGen:tonic:sectionCvs = [(0.05, 0), (0.0353553, 0.0353553), (3.06162e-18, 0.05), (-0.0353553, 0.0353553), (-0.05, 6.12323e-18), (-0.0353553, -0.0353553), (-9.18485e-18, -0.05), (0.0353553, -0.0353553), (0.045, 0), (0.0318198, 0.0318198), (2.75546e-18, 0.045), (-0.0318198, 0.0318198), (-0.045, 5.51091e-18), (-0.0318198, -0.0318198), (-8.26637e-18, -0.045), (0.0318198, -0.0318198), (0.04, 0), (0.0282843, 0.0282843), (2.44929e-18, 0.04), (-0.0282843, 0.0282843), (-0.04, 4.89859e-18), (-0.0282843, -0.0282843), (-7.34788e-18, -0.04), (0.0282843, -0.0282843), (0.035, 0), (0.0247487, 0.0247487), (2.14313e-18, 0.035), (-0.0247487, 0.0247487), (-0.035, 4.28626e-18), (-0.0247487, -0.0247487), (-6.4294e-18, -0.035), (0.0247487, -0.0247487), (0.03, 0), (0.0212132, 0.0212132), (1.83697e-18, 0.03), (-0.0212132, 0.0212132), (-0.03, 3.67394e-18), (-0.0212132, -0.0212132), (-5.51091e-18, -0.03), (0.0212132, -0.0212132)]
                        int usdGen:tonic:childIndex = 1
                        point3f[] usdGen:tonic:centerDeltas = []
                        float2[] usdGen:tonic:sectionDeltas = []
                        int usdGen:tonic:subdivide:count = 4
                        int usdGen:tonic:subdivide:seed = 13
                        token usdGen:tonic:subdivide:splitMode = "kmeans"
                        float usdGen:tonic:fill:density = 100
                        int usdGen:tonic:fill:cvCount = 8
                        float[] usdGen:tonic:fill:lengthProfile = []
                        int usdGen:tonic:fill:seed = 13
                        float usdGen:tonic:fill:edgeBias = 0
                        bool usdGen:tonic:locked = 0
                        bool usdGen:tonic:lockParents = 0
                        bool usdGen:tonic:lockChildren = 0
                    }
                }
            }
            def UsdGenTube "tube_14"
            {
                int usdGen:tonic:regionId = 2
                int usdGen:tonic:level = 1
                point3f[] usdGen:tonic:centerPoints = [(-0.5, 0, 0.5), (-0.5, 0.225, 0.527), (-0.5, 0.45, 0.554), (-0.5, 0.675, 0.581), (-0.5, 0.9, 0.608)]
                float[] usdGen:tonic:sectionT = [0, 0.25, 0.5, 0.75, 1]
                int usdGen:tonic:sectionCvCount = 8
                float2[] usdGen:tonic:sectionCvs = [(0.16, 0), (0.113137, 0.113137), (9.79717e-18, 0.16), (-0.113137, 0.113137), (-0.16, 1.95943e-17), (-0.113137, -0.113137), (-2.93915e-17, -0.16), (0.113137, -0.113137), (0.144, 0), (0.101823, 0.101823), (8.81746e-18, 0.144), (-0.101823, 0.101823), (-0.144, 1.76349e-17), (-0.101823, -0.101823), (-2.64524e-17, -0.144), (0.101823, -0.101823), (0.128, 0), (0.0905097, 0.0905097), (7.83774e-18, 0.128), (-0.0905097, 0.0905097), (-0.128, 1.56755e-17), (-0.0905097, -0.0905097), (-2.35132e-17, -0.128), (0.0905097, -0.0905097), (0.112, 0), (0.079196, 0.079196), (6.85802e-18, 0.112), (-0.079196, 0.079196), (-0.112, 1.3716e-17), (-0.079196, -0.079196), (-2.05741e-17, -0.112), (0.079196, -0.079196), (0.096, 0), (0.0678823, 0.0678823), (5.8783e-18, 0.096), (-0.0678823, 0.0678823), (-0.096, 1.17566e-17), (-0.0678823, -0.0678823), (-1.76349e-17, -0.096), (0.0678823, -0.0678823)]
                int usdGen:tonic:childIndex = -1
                point3f[] usdGen:tonic:centerDeltas = []
                float2[] usdGen:tonic:sectionDeltas = []
                int usdGen:tonic:subdivide:count = 4
                int usdGen:tonic:subdivide:seed = 14
                token usdGen:tonic:subdivide:splitMode = "kmeans"
                float usdGen:tonic:fill:density = 100
                int usdGen:tonic:fill:cvCount = 8
                float[] usdGen:tonic:fill:lengthProfile = []
                int usdGen:tonic:fill:seed = 14
                float usdGen:tonic:fill:edgeBias = 0
                bool usdGen:tonic:locked = 0
                bool usdGen:tonic:lockParents = 0
                bool usdGen:tonic:lockChildren = 0
                def UsdGenTube "tube_15"
                {
                    int usdGen:tonic:regionId = 2
                    int usdGen:tonic:level = 2
                    point3f[] usdGen:tonic:centerPoints = [(-0.454481, 0, 0.471001), (-0.454481, 0.225, 0.498001), (-0.454481, 0.45, 0.525001), (-0.454481, 0.675, 0.552001), (-0.454481, 0.9, 0.579001)]
                    float[] usdGen:tonic:sectionT = [0, 0.25, 0.5, 0.75, 1]
                    int usdGen:tonic:sectionCvCount = 8
                    float2[] usdGen:tonic:sectionCvs = [(0.09, 0), (0.0636396, 0.0636396), (5.51091e-18, 0.09), (-0.0636396, 0.0636396), (-0.09, 1.10218e-17), (-0.0636396, -0.0636396), (-1.65327e-17, -0.09), (0.0636396, -0.0636396), (0.081, 0), (0.0572756, 0.0572756), (4.95982e-18, 0.081), (-0.0572756, 0.0572756), (-0.081, 9.91964e-18), (-0.0572756, -0.0572756), (-1.48795e-17, -0.081), (0.0572756, -0.0572756), (0.072, 0), (0.0509117, 0.0509117), (4.40873e-18, 0.072), (-0.0509117, 0.0509117), (-0.072, 8.81746e-18), (-0.0509117, -0.0509117), (-1.32262e-17, -0.072), (0.0509117, -0.0509117), (0.063, 0), (0.0445477, 0.0445477), (3.85764e-18, 0.063), (-0.0445477, 0.0445477), (-0.063, 7.71527e-18), (-0.0445477, -0.0445477), (-1.15729e-17, -0.063), (0.0445477, -0.0445477), (0.054, 0), (0.0381838, 0.0381838), (3.30655e-18, 0.054), (-0.0381838, 0.0381838), (-0.054, 6.61309e-18), (-0.0381838, -0.0381838), (-9.91964e-18, -0.054), (0.0381838, -0.0381838)]
                    int usdGen:tonic:childIndex = 0
                    point3f[] usdGen:tonic:centerDeltas = []
                    float2[] usdGen:tonic:sectionDeltas = []
                    int usdGen:tonic:subdivide:count = 4
                    int usdGen:tonic:subdivide:seed = 15
                    token usdGen:tonic:subdivide:splitMode = "kmeans"
                    float usdGen:tonic:fill:density = 100
                    int usdGen:tonic:fill:cvCount = 8
                    float[] usdGen:tonic:fill:lengthProfile = []
                    int usdGen:tonic:fill:seed = 15
                    float usdGen:tonic:fill:edgeBias = 0
                    bool usdGen:tonic:locked = 0
                    bool usdGen:tonic:lockParents = 0
                    bool usdGen:tonic:lockChildren = 0
                    def UsdGenTube "tube_16"
                    {
                        int usdGen:tonic:regionId = 2
                        int usdGen:tonic:level = 3
                        point3f[] usdGen:tonic:centerPoints = [(-0.452083, 0, 0.493948), (-0.452083, 0.225, 0.520948), (-0.452083, 0.45, 0.547948), (-0.452083, 0.675, 0.574948), (-0.452083, 0.9, 0.601948)]
                        float[] usdGen:tonic:sectionT = [0, 0.25, 0.5, 0.75, 1]
                        int usdGen:tonic:sectionCvCount = 8
                        float2[] usdGen:tonic:sectionCvs = [(0.05, 0), (0.0353553, 0.0353553), (3.06162e-18, 0.05), (-0.0353553, 0.0353553), (-0.05, 6.12323e-18), (-0.0353553, -0.0353553), (-9.18485e-18, -0.05), (0.0353553, -0.0353553), (0.045, 0), (0.0318198, 0.0318198), (2.75546e-18, 0.045), (-0.0318198, 0.0318198), (-0.045, 5.51091e-18), (-0.0318198, -0.0318198), (-8.26637e-18, -0.045), (0.0318198, -0.0318198), (0.04, 0), (0.0282843, 0.0282843), (2.44929e-18, 0.04), (-0.0282843, 0.0282843), (-0.04, 4.89859e-18), (-0.0282843, -0.0282843), (-7.34788e-18, -0.04), (0.0282843, -0.0282843), (0.035, 0), (0.0247487, 0.0247487), (2.14313e-18, 0.035), (-0.0247487, 0.0247487), (-0.035, 4.28626e-18), (-0.0247487, -0.0247487), (-6.4294e-18, -0.035), (0.0247487, -0.0247487), (0.03, 0), (0.0212132, 0.0212132), (1.83697e-18, 0.03), (-0.0212132, 0.0212132), (-0.03, 3.67394e-18), (-0.0212132, -0.0212132), (-5.51091e-18, -0.03), (0.0212132, -0.0212132)]
                        int usdGen:tonic:childIndex = 0
                        point3f[] usdGen:tonic:centerDeltas = []
                        float2[] usdGen:tonic:sectionDeltas = []
                        int usdGen:tonic:subdivide:count = 4
                        int usdGen:tonic:subdivide:seed = 16
                        token usdGen:tonic:subdivide:splitMode = "kmeans"
                        float usdGen:tonic:fill:density = 100
                        int usdGen:tonic:fill:cvCount = 8
                        float[] usdGen:tonic:fill:lengthProfile = []
                        int usdGen:tonic:fill:seed = 16
                        float usdGen:tonic:fill:edgeBias = 0
                        bool usdGen:tonic:locked = 0
                        bool usdGen:tonic:lockParents = 0
                        bool usdGen:tonic:lockChildren = 0
                    }
                    def UsdGenTube "tube_17"
                    {
                        int usdGen:tonic:regionId = 2
                        int usdGen:tonic:level = 3
                        point3f[] usdGen:tonic:centerPoints = [(-0.446155, 0, 0.459553), (-0.446155, 0.225, 0.486553), (-0.446155, 0.45, 0.513553), (-0.446155, 0.675, 0.540553), (-0.446155, 0.9, 0.567553)]
                        float[] usdGen:tonic:sectionT = [0, 0.25, 0.5, 0.75, 1]
                        int usdGen:tonic:sectionCvCount = 8
                        float2[] usdGen:tonic:sectionCvs = [(0.05, 0), (0.0353553, 0.0353553), (3.06162e-18, 0.05), (-0.0353553, 0.0353553), (-0.05, 6.12323e-18), (-0.0353553, -0.0353553), (-9.18485e-18, -0.05), (0.0353553, -0.0353553), (0.045, 0), (0.0318198, 0.0318198), (2.75546e-18, 0.045), (-0.0318198, 0.0318198), (-0.045, 5.51091e-18), (-0.0318198, -0.0318198), (-8.26637e-18, -0.045), (0.0318198, -0.0318198), (0.04, 0), (0.0282843, 0.0282843), (2.44929e-18, 0.04), (-0.0282843, 0.0282843), (-0.04, 4.89859e-18), (-0.0282843, -0.0282843), (-7.34788e-18, -0.04), (0.0282843, -0.0282843), (0.035, 0), (0.0247487, 0.0247487), (2.14313e-18, 0.035), (-0.0247487, 0.0247487), (-0.035, 4.28626e-18), (-0.0247487, -0.0247487), (-6.4294e-18, -0.035), (0.0247487, -0.0247487), (0.03, 0), (0.0212132, 0.0212132), (1.83697e-18, 0.03), (-0.0212132, 0.0212132), (-0.03, 3.67394e-18), (-0.0212132, -0.0212132), (-5.51091e-18, -0.03), (0.0212132, -0.0212132)]
                        int usdGen:tonic:childIndex = 1
                        point3f[] usdGen:tonic:centerDeltas = []
                        float2[] usdGen:tonic:sectionDeltas = []
                        int usdGen:tonic:subdivide:count = 4
                        int usdGen:tonic:subdivide:seed = 17
                        token usdGen:tonic:subdivide:splitMode = "kmeans"
                        float usdGen:tonic:fill:density = 100
                        int usdGen:tonic:fill:cvCount = 8
                        float[] usdGen:tonic:fill:lengthProfile = []
                        int usdGen:tonic:fill:seed = 17
                        float usdGen:tonic:fill:edgeBias = 0
                        bool usdGen:tonic:locked = 0
                        bool usdGen:tonic:lockParents = 0
                        bool usdGen:tonic:lockChildren = 0
                    }
                }
                def UsdGenTube "tube_18"
                {
                    int usdGen:tonic:regionId = 2
                    int usdGen:tonic:level = 2
                    point3f[] usdGen:tonic:centerPoints = [(-0.541814, 0, 0.543978), (-0.541814, 0.225, 0.570978), (-0.541814, 0.45, 0.597978), (-0.541814, 0.675, 0.624978), (-0.541814, 0.9, 0.651978)]
                    float[] usdGen:tonic:sectionT = [0, 0.25, 0.5, 0.75, 1]
                    int usdGen:tonic:sectionCvCount = 8
                    float2[] usdGen:tonic:sectionCvs = [(0.09, 0), (0.0636396, 0.0636396), (5.51091e-18, 0.09), (-0.0636396, 0.0636396), (-0.09, 1.10218e-17), (-0.0636396, -0.0636396), (-1.65327e-17, -0.09), (0.0636396, -0.0636396), (0.081, 0), (0.0572756, 0.0572756), (4.95982e-18, 0.081), (-0.0572756, 0.0572756), (-0.081, 9.91964e-18), (-0.0572756, -0.0572756), (-1.48795e-17, -0.081), (0.0572756, -0.0572756), (0.072, 0), (0.0509117, 0.0509117), (4.40873e-18, 0.072), (-0.0509117, 0.0509117), (-0.072, 8.81746e-18), (-0.0509117, -0.0509117), (-1.32262e-17, -0.072), (0.0509117, -0.0509117), (0.063, 0), (0.0445477, 0.0445477), (3.85764e-18, 0.063), (-0.0445477, 0.0445477), (-0.063, 7.71527e-18), (-0.0445477, -0.0445477), (-1.15729e-17, -0.063), (0.0445477, -0.0445477), (0.054, 0), (0.0381838, 0.0381838), (3.30655e-18, 0.054), (-0.0381838, 0.0381838), (-0.054, 6.61309e-18), (-0.0381838, -0.0381838), (-9.91964e-18, -0.054), (0.0381838, -0.0381838)]
                    int usdGen:tonic:childIndex = 1
                    point3f[] usdGen:tonic:centerDeltas = []
                    float2[] usdGen:tonic:sectionDeltas = []
                    int usdGen:tonic:subdivide:count = 4
                    int usdGen:tonic:subdivide:seed = 18
                    token usdGen:tonic:subdivide:splitMode = "kmeans"
                    float usdGen:tonic:fill:density = 100
                    int usdGen:tonic:fill:cvCount = 8
                    float[] usdGen:tonic:fill:lengthProfile = []
                    int usdGen:tonic:fill:seed = 18
                    float usdGen:tonic:fill:edgeBias = 0
                    bool usdGen:tonic:locked = 0
                    bool usdGen:tonic:lockParents = 0
                    bool usdGen:tonic:lockChildren = 0
                    def UsdGenTube "tube_19"
                    {
                        int usdGen:tonic:regionId = 2
                        int usdGen:tonic:level = 3
                        point3f[] usdGen:tonic:centerPoints = [(-0.543368, 0, 0.573757), (-0.543368, 0.225, 0.600757), (-0.543368, 0.45, 0.627757), (-0.543368, 0.675, 0.654757), (-0.543368, 0.9, 0.681757)]
                        float[] usdGen:tonic:sectionT = [0, 0.25, 0.5, 0.75, 1]
                        int usdGen:tonic:sectionCvCount = 8
                        float2[] usdGen:tonic:sectionCvs = [(0.05, 0), (0.0353553, 0.0353553), (3.06162e-18, 0.05), (-0.0353553, 0.0353553), (-0.05, 6.12323e-18), (-0.0353553, -0.0353553), (-9.18485e-18, -0.05), (0.0353553, -0.0353553), (0.045, 0), (0.0318198, 0.0318198), (2.75546e-18, 0.045), (-0.0318198, 0.0318198), (-0.045, 5.51091e-18), (-0.0318198, -0.0318198), (-8.26637e-18, -0.045), (0.0318198, -0.0318198), (0.04, 0), (0.0282843, 0.0282843), (2.44929e-18, 0.04), (-0.0282843, 0.0282843), (-0.04, 4.89859e-18), (-0.0282843, -0.0282843), (-7.34788e-18, -0.04), (0.0282843, -0.0282843), (0.035, 0), (0.0247487, 0.0247487), (2.14313e-18, 0.035), (-0.0247487, 0.0247487), (-0.035, 4.28626e-18), (-0.0247487, -0.0247487), (-6.4294e-18, -0.035), (0.0247487, -0.0247487), (0.03, 0), (0.0212132, 0.0212132), (1.83697e-18, 0.03), (-0.0212132, 0.0212132), (-0.03, 3.67394e-18), (-0.0212132, -0.0212132), (-5.51091e-18, -0.03), (0.0212132, -0.0212132)]
                        int usdGen:tonic:childIndex = 0
                        point3f[] usdGen:tonic:centerDeltas = []
                        float2[] usdGen:tonic:sectionDeltas = []
                        int usdGen:tonic:subdivide:count = 4
                        int usdGen:tonic:subdivide:seed = 19
                        token usdGen:tonic:subdivide:splitMode = "kmeans"
                        float usdGen:tonic:fill:density = 100
                        int usdGen:tonic:fill:cvCount = 8
                        float[] usdGen:tonic:fill:lengthProfile = []
                        int usdGen:tonic:fill:seed = 19
                        float usdGen:tonic:fill:edgeBias = 0
                        bool usdGen:tonic:locked = 0
                        bool usdGen:tonic:lockParents = 0
                        bool usdGen:tonic:lockChildren = 0
                    }
                    def UsdGenTube "tube_20"
                    {
                        int usdGen:tonic:regionId = 2
                        int usdGen:tonic:level = 3
                        point3f[] usdGen:tonic:centerPoints = [(-0.563317, 0, 0.56271), (-0.563317, 0.225, 0.58971), (-0.563317, 0.45, 0.61671), (-0.563317, 0.675, 0.64371), (-0.563317, 0.9, 0.67071)]
                        float[] usdGen:tonic:sectionT = [0, 0.25, 0.5, 0.75, 1]
                        int usdGen:tonic:sectionCvCount = 8
                        float2[] usdGen:tonic:sectionCvs = [(0.05, 0), (0.0353553, 0.0353553), (3.06162e-18, 0.05), (-0.0353553, 0.0353553), (-0.05, 6.12323e-18), (-0.0353553, -0.0353553), (-9.18485e-18, -0.05), (0.0353553, -0.0353553), (0.045, 0), (0.0318198, 0.0318198), (2.75546e-18, 0.045), (-0.0318198, 0.0318198), (-0.045, 5.51091e-18), (-0.0318198, -0.0318198), (-8.26637e-18, -0.045), (0.0318198, -0.0318198), (0.04, 0), (0.0282843, 0.0282843), (2.44929e-18, 0.04), (-0.0282843, 0.0282843), (-0.04, 4.89859e-18), (-0.0282843, -0.0282843), (-7.34788e-18, -0.04), (0.0282843, -0.0282843), (0.035, 0), (0.0247487, 0.0247487), (2.14313e-18, 0.035), (-0.0247487, 0.0247487), (-0.035, 4.28626e-18), (-0.0247487, -0.0247487), (-6.4294e-18, -0.035), (0.0247487, -0.0247487), (0.03, 0), (0.0212132, 0.0212132), (1.83697e-18, 0.03), (-0.0212132, 0.0212132), (-0.03, 3.67394e-18), (-0.0212132, -0.0212132), (-5.51091e-18, -0.03), (0.0212132, -0.0212132)]
                        int usdGen:tonic:childIndex = 1
                        point3f[] usdGen:tonic:centerDeltas = []
                        float2[] usdGen:tonic:sectionDeltas = []
                        int usdGen:tonic:subdivide:count = 4
                        int usdGen:tonic:subdivide:seed = 20
                        token usdGen:tonic:subdivide:splitMode = "kmeans"
                        float usdGen:tonic:fill:density = 100
                        int usdGen:tonic:fill:cvCount = 8
                        float[] usdGen:tonic:fill:lengthProfile = []
                        int usdGen:tonic:fill:seed = 20
                        float usdGen:tonic:fill:edgeBias = 0
                        bool usdGen:tonic:locked = 0
                        bool usdGen:tonic:lockParents = 0
                        bool usdGen:tonic:lockChildren = 0
                    }
                }
            }
            def UsdGenTube "tube_21"
            {
                int usdGen:tonic:regionId = 3
                int usdGen:tonic:level = 1
                point3f[] usdGen:tonic:centerPoints = [(0.5, 0, 0.5), (0.5, 0.225, 0.527), (0.5, 0.45, 0.554), (0.5, 0.675, 0.581), (0.5, 0.9, 0.608)]
                float[] usdGen:tonic:sectionT = [0, 0.25, 0.5, 0.75, 1]
                int usdGen:tonic:sectionCvCount = 8
                float2[] usdGen:tonic:sectionCvs = [(0.16, 0), (0.113137, 0.113137), (9.79717e-18, 0.16), (-0.113137, 0.113137), (-0.16, 1.95943e-17), (-0.113137, -0.113137), (-2.93915e-17, -0.16), (0.113137, -0.113137), (0.144, 0), (0.101823, 0.101823), (8.81746e-18, 0.144), (-0.101823, 0.101823), (-0.144, 1.76349e-17), (-0.101823, -0.101823), (-2.64524e-17, -0.144), (0.101823, -0.101823), (0.128, 0), (0.0905097, 0.0905097), (7.83774e-18, 0.128), (-0.0905097, 0.0905097), (-0.128, 1.56755e-17), (-0.0905097, -0.0905097), (-2.35132e-17, -0.128), (0.0905097, -0.0905097), (0.112, 0), (0.079196, 0.079196), (6.85802e-18, 0.112), (-0.079196, 0.079196), (-0.112, 1.3716e-17), (-0.079196, -0.079196), (-2.05741e-17, -0.112), (0.079196, -0.079196), (0.096, 0), (0.0678823, 0.0678823), (5.8783e-18, 0.096), (-0.0678823, 0.0678823), (-0.096, 1.17566e-17), (-0.0678823, -0.0678823), (-1.76349e-17, -0.096), (0.0678823, -0.0678823)]
                int usdGen:tonic:childIndex = -1
                point3f[] usdGen:tonic:centerDeltas = []
                float2[] usdGen:tonic:sectionDeltas = []
                int usdGen:tonic:subdivide:count = 4
                int usdGen:tonic:subdivide:seed = 21
                token usdGen:tonic:subdivide:splitMode = "kmeans"
                float usdGen:tonic:fill:density = 100
                int usdGen:tonic:fill:cvCount = 8
                float[] usdGen:tonic:fill:lengthProfile = []
                int usdGen:tonic:fill:seed = 21
                float usdGen:tonic:fill:edgeBias = 0
                bool usdGen:tonic:locked = 0
                bool usdGen:tonic:lockParents = 0
                bool usdGen:tonic:lockChildren = 0
                def UsdGenTube "tube_22"
                {
                    int usdGen:tonic:regionId = 3
                    int usdGen:tonic:level = 2
                    point3f[] usdGen:tonic:centerPoints = [(0.531338, 0, 0.541998), (0.531338, 0.225, 0.568998), (0.531338, 0.45, 0.595998), (0.531338, 0.675, 0.622998), (0.531338, 0.9, 0.649998)]
                    float[] usdGen:tonic:sectionT = [0, 0.25, 0.5, 0.75, 1]
                    int usdGen:tonic:sectionCvCount = 8
                    float2[] usdGen:tonic:sectionCvs = [(0.09, 0), (0.0636396, 0.0636396), (5.51091e-18, 0.09), (-0.0636396, 0.0636396), (-0.09, 1.10218e-17), (-0.0636396, -0.0636396), (-1.65327e-17, -0.09), (0.0636396, -0.0636396), (0.081, 0), (0.0572756, 0.0572756), (4.95982e-18, 0.081), (-0.0572756, 0.0572756), (-0.081, 9.91964e-18), (-0.0572756, -0.0572756), (-1.48795e-17, -0.081), (0.0572756, -0.0572756), (0.072, 0), (0.0509117, 0.0509117), (4.40873e-18, 0.072), (-0.0509117, 0.0509117), (-0.072, 8.81746e-18), (-0.0509117, -0.0509117), (-1.32262e-17, -0.072), (0.0509117, -0.0509117), (0.063, 0), (0.0445477, 0.0445477), (3.85764e-18, 0.063), (-0.0445477, 0.0445477), (-0.063, 7.71527e-18), (-0.0445477, -0.0445477), (-1.15729e-17, -0.063), (0.0445477, -0.0445477), (0.054, 0), (0.0381838, 0.0381838), (3.30655e-18, 0.054), (-0.0381838, 0.0381838), (-0.054, 6.61309e-18), (-0.0381838, -0.0381838), (-9.91964e-18, -0.054), (0.0381838, -0.0381838)]
                    int usdGen:tonic:childIndex = 0
                    point3f[] usdGen:tonic:centerDeltas = []
                    float2[] usdGen:tonic:sectionDeltas = []
                    int usdGen:tonic:subdivide:count = 4
                    int usdGen:tonic:subdivide:seed = 22
                    token usdGen:tonic:subdivide:splitMode = "kmeans"
                    float usdGen:tonic:fill:density = 100
                    int usdGen:tonic:fill:cvCount = 8
                    float[] usdGen:tonic:fill:lengthProfile = []
                    int usdGen:tonic:fill:seed = 22
                    float usdGen:tonic:fill:edgeBias = 0
                    bool usdGen:tonic:locked = 0
                    bool usdGen:tonic:lockParents = 0
                    bool usdGen:tonic:lockChildren = 0
                    def UsdGenTube "tube_23"
                    {
                        int usdGen:tonic:regionId = 3
                        int usdGen:tonic:level = 3
                        point3f[] usdGen:tonic:centerPoints = [(0.502408, 0, 0.534329), (0.502408, 0.225, 0.561329), (0.502408, 0.45, 0.588329), (0.502408, 0.675, 0.615329), (0.502408, 0.9, 0.642329)]
                        float[] usdGen:tonic:sectionT = [0, 0.25, 0.5, 0.75, 1]
                        int usdGen:tonic:sectionCvCount = 8
                        float2[] usdGen:tonic:sectionCvs = [(0.05, 0), (0.0353553, 0.0353553), (3.06162e-18, 0.05), (-0.0353553, 0.0353553), (-0.05, 6.12323e-18), (-0.0353553, -0.0353553), (-9.18485e-18, -0.05), (0.0353553, -0.0353553), (0.045, 0), (0.0318198, 0.0318198), (2.75546e-18, 0.045), (-0.0318198, 0.0318198), (-0.045, 5.51091e-18), (-0.0318198, -0.0318198), (-8.26637e-18, -0.045), (0.0318198, -0.0318198), (0.04, 0), (0.0282843, 0.0282843), (2.44929e-18, 0.04), (-0.0282843, 0.0282843), (-0.04, 4.89859e-18), (-0.0282843, -0.0282843), (-7.34788e-18, -0.04), (0.0282843, -0.0282843), (0.035, 0), (0.0247487, 0.0247487), (2.14313e-18, 0.035), (-0.0247487, 0.0247487), (-0.035, 4.28626e-18), (-0.0247487, -0.0247487), (-6.4294e-18, -0.035), (0.0247487, -0.0247487), (0.03, 0), (0.0212132, 0.0212132), (1.83697e-18, 0.03), (-0.0212132, 0.0212132), (-0.03, 3.67394e-18), (-0.0212132, -0.0212132), (-5.51091e-18, -0.03), (0.0212132, -0.0212132)]
                        int usdGen:tonic:childIndex = 0
                        point3f[] usdGen:tonic:centerDeltas = []
                        float2[] usdGen:tonic:sectionDeltas = []
                        int usdGen:tonic:subdivide:count = 4
                        int usdGen:tonic:subdivide:seed = 23
                        token usdGen:tonic:subdivide:splitMode = "kmeans"
                        float usdGen:tonic:fill:density = 100
                        int usdGen:tonic:fill:cvCount = 8
                        float[] usdGen:tonic:fill:lengthProfile = []
                        int usdGen:tonic:fill:seed = 23
                        float usdGen:tonic:fill:edgeBias = 0
                        bool usdGen:tonic:locked = 0
                        bool usdGen:tonic:lockParents = 0
                        bool usdGen:tonic:lockChildren = 0
                    }
                    def UsdGenTube "tube_24"
                    {
                        int usdGen:tonic:regionId = 3
                        int usdGen:tonic:level = 3
                        point3f[] usdGen:tonic:centerPoints = [(0.504438, 0, 0.55712), (0.504438, 0.225, 0.58412), (0.504438, 0.45, 0.61112), (0.504438, 0.675, 0.63812), (0.504438, 0.9, 0.66512)]
                        float[] usdGen:tonic:sectionT = [0, 0.25, 0.5, 0.75, 1]
                        int usdGen:tonic:sectionCvCount = 8
                        float2[] usdGen:tonic:sectionCvs = [(0.05, 0), (0.0353553, 0.0353553), (3.06162e-18, 0.05), (-0.0353553, 0.0353553), (-0.05, 6.12323e-18), (-0.0353553, -0.0353553), (-9.18485e-18, -0.05), (0.0353553, -0.0353553), (0.045, 0), (0.0318198, 0.0318198), (2.75546e-18, 0.045), (-0.0318198, 0.0318198), (-0.045, 5.51091e-18), (-0.0318198, -0.0318198), (-8.26637e-18, -0.045), (0.0318198, -0.0318198), (0.04, 0), (0.0282843, 0.0282843), (2.44929e-18, 0.04), (-0.0282843, 0.0282843), (-0.04, 4.89859e-18), (-0.0282843, -0.0282843), (-7.34788e-18, -0.04), (0.0282843, -0.0282843), (0.035, 0), (0.0247487, 0.0247487), (2.14313e-18, 0.035), (-0.0247487, 0.0247487), (-0.035, 4.28626e-18), (-0.0247487, -0.0247487), (-6.4294e-18, -0.035), (0.0247487, -0.0247487), (0.03, 0), (0.0212132, 0.0212132), (1.83697e-18, 0.03), (-0.0212132, 0.0212132), (-0.03, 3.67394e-18), (-0.0212132, -0.0212132), (-5.51091e-18, -0.03), (0.0212132, -0.0212132)]
                        int usdGen:tonic:childIndex = 1
                        point3f[] usdGen:tonic:centerDeltas = []
                        float2[] usdGen:tonic:sectionDeltas = []
                        int usdGen:tonic:subdivide:count = 4
                        int usdGen:tonic:subdivide:seed = 24
                        token usdGen:tonic:subdivide:splitMode = "kmeans"
                        float usdGen:tonic:fill:density = 100
                        int usdGen:tonic:fill:cvCount = 8
                        float[] usdGen:tonic:fill:lengthProfile = []
                        int usdGen:tonic:fill:seed = 24
                        float usdGen:tonic:fill:edgeBias = 0
                        bool usdGen:tonic:locked = 0
                        bool usdGen:tonic:lockParents = 0
                        bool usdGen:tonic:lockChildren = 0
                    }
                }
                def UsdGenTube "tube_25"
                {
                    int usdGen:tonic:regionId = 3
                    int usdGen:tonic:level = 2
                    point3f[] usdGen:tonic:centerPoints = [(0.485464, 0, 0.545951), (0.485464, 0.225, 0.572951), (0.485464, 0.45, 0.599951), (0.485464, 0.675, 0.626951), (0.485464, 0.9, 0.653951)]
                    float[] usdGen:tonic:sectionT = [0, 0.25, 0.5, 0.75, 1]
                    int usdGen:tonic:sectionCvCount = 8
                    float2[] usdGen:tonic:sectionCvs = [(0.09, 0), (0.0636396, 0.0636396), (5.51091e-18, 0.09), (-0.0636396, 0.0636396), (-0.09, 1.10218e-17), (-0.0636396, -0.0636396), (-1.65327e-17, -0.09), (0.0636396, -0.0636396), (0.081, 0), (0.0572756, 0.0572756), (4.95982e-18, 0.081), (-0.0572756, 0.0572756), (-0.081, 9.91964e-18), (-0.0572756, -0.0572756), (-1.48795e-17, -0.081), (0.0572756, -0.0572756), (0.072, 0), (0.0509117, 0.0509117), (4.40873e-18, 0.072), (-0.0509117, 0.0509117), (-0.072, 8.81746e-18), (-0.0509117, -0.0509117), (-1.32262e-17, -0.072), (0.0509117, -0.0509117), (0.063, 0), (0.0445477, 0.0445477), (3.85764e-18, 0.063), (-0.0445477, 0.0445477), (-0.063, 7.71527e-18), (-0.0445477, -0.0445477), (-1.15729e-17, -0.063), (0.0445477, -0.0445477), (0.054, 0), (0.0381838, 0.0381838), (3.30655e-18, 0.054), (-0.0381838, 0.0381838), (-0.054, 6.61309e-18), (-0.0381838, -0.0381838), (-9.91964e-18, -0.054), (0.0381838, -0.0381838)]
                    int usdGen:tonic:childIndex = 1
                    point3f[] usdGen:tonic:centerDeltas = []
                    float2[] usdGen:tonic:sectionDeltas = []
                    int usdGen:tonic:subdivide:count = 4
                    int usdGen:tonic:subdivide:seed = 25
                    token usdGen:tonic:subdivide:splitMode = "kmeans"
                    float usdGen:tonic:fill:density = 100
                    int usdGen:tonic:fill:cvCount = 8
                    float[] usdGen:tonic:fill:lengthProfile = []
                    int usdGen:tonic:fill:seed = 25
                    float usdGen:tonic:fill:edgeBias = 0
                    bool usdGen:tonic:locked = 0
                    bool usdGen:tonic:lockParents = 0
                    bool usdGen:tonic:lockChildren = 0
                    def UsdGenTube "tube_26"
                    {
                        int usdGen:tonic:regionId = 3
                        int usdGen:tonic:level = 3
                        point3f[] usdGen:tonic:centerPoints = [(0.477954, 0, 0.562413), (0.477954, 0.225, 0.589413), (0.477954, 0.45, 0.616413), (0.477954, 0.675, 0.643413), (0.477954, 0.9, 0.670413)]
                        float[] usdGen:tonic:sectionT = [0, 0.25, 0.5, 0.75, 1]
                        int usdGen:tonic:sectionCvCount = 8
                        float2[] usdGen:tonic:sectionCvs = [(0.05, 0), (0.0353553, 0.0353553), (3.06162e-18, 0.05), (-0.0353553, 0.0353553), (-0.05, 6.12323e-18), (-0.0353553, -0.0353553), (-9.18485e-18, -0.05), (0.0353553, -0.0353553), (0.045, 0), (0.0318198, 0.0318198), (2.75546e-18, 0.045), (-0.0318198, 0.0318198), (-0.045, 5.51091e-18), (-0.0318198, -0.0318198), (-8.26637e-18, -0.045), (0.0318198, -0.0318198), (0.04, 0), (0.0282843, 0.0282843), (2.44929e-18, 0.04), (-0.0282843, 0.0282843), (-0.04, 4.89859e-18), (-0.0282843, -0.0282843), (-7.34788e-18, -0.04), (0.0282843, -0.0282843), (0.035, 0), (0.0247487, 0.0247487), (2.14313e-18, 0.035), (-0.0247487, 0.0247487), (-0.035, 4.28626e-18), (-0.0247487, -0.0247487), (-6.4294e-18, -0.035), (0.0247487, -0.0247487), (0.03, 0), (0.0212132, 0.0212132), (1.83697e-18, 0.03), (-0.0212132, 0.0212132), (-0.03, 3.67394e-18), (-0.0212132, -0.0212132), (-5.51091e-18, -0.03), (0.0212132, -0.0212132)]
                        int usdGen:tonic:childIndex = 0
                        point3f[] usdGen:tonic:centerDeltas = []
                        float2[] usdGen:tonic:sectionDeltas = []
                        int usdGen:tonic:subdivide:count = 4
                        int usdGen:tonic:subdivide:seed = 26
                        token usdGen:tonic:subdivide:splitMode = "kmeans"
                        float usdGen:tonic:fill:density = 100
                        int usdGen:tonic:fill:cvCount = 8
                        float[] usdGen:tonic:fill:lengthProfile = []
                        int usdGen:tonic:fill:seed = 26
                        float usdGen:tonic:fill:edgeBias = 0
                        bool usdGen:tonic:locked = 0
                        bool usdGen:tonic:lockParents = 0
                        bool usdGen:tonic:lockChildren = 0
                    }
                    def UsdGenTube "tube_27"
                    {
                        int usdGen:tonic:regionId = 3
                        int usdGen:tonic:level = 3
                        point3f[] usdGen:tonic:centerPoints = [(0.507531, 0, 0.530287), (0.507531, 0.225, 0.557287), (0.507531, 0.45, 0.584287), (0.507531, 0.675, 0.611287), (0.507531, 0.9, 0.638287)]
                        float[] usdGen:tonic:sectionT = [0, 0.25, 0.5, 0.75, 1]
                        int usdGen:tonic:sectionCvCount = 8
                        float2[] usdGen:tonic:sectionCvs = [(0.05, 0), (0.0353553, 0.0353553), (3.06162e-18, 0.05), (-0.0353553, 0.0353553), (-0.05, 6.12323e-18), (-0.0353553, -0.0353553), (-9.18485e-18, -0.05), (0.0353553, -0.0353553), (0.045, 0), (0.0318198, 0.0318198), (2.75546e-18, 0.045), (-0.0318198, 0.0318198), (-0.045, 5.51091e-18), (-0.0318198, -0.0318198), (-8.26637e-18, -0.045), (0.0318198, -0.0318198), (0.04, 0), (0.0282843, 0.0282843), (2.44929e-18, 0.04), (-0.0282843, 0.0282843), (-0.04, 4.89859e-18), (-0.0282843, -0.0282843), (-7.34788e-18, -0.04), (0.0282843, -0.0282843), (0.035, 0), (0.0247487, 0.0247487), (2.14313e-18, 0.035), (-0.0247487, 0.0247487), (-0.035, 4.28626e-18), (-0.0247487, -0.0247487), (-6.4294e-18, -0.035), (0.0247487, -0.0247487), (0.03, 0), (0.0212132, 0.0212132), (1.83697e-18, 0.03), (-0.0212132, 0.0212132), (-0.03, 3.67394e-18), (-0.0212132, -0.0212132), (-5.51091e-18, -0.03), (0.0212132, -0.0212132)]
                        int usdGen:tonic:childIndex = 1
                        point3f[] usdGen:tonic:centerDeltas = []
                        float2[] usdGen:tonic:sectionDeltas = []
                        int usdGen:tonic:subdivide:count = 4
                        int usdGen:tonic:subdivide:seed = 27
                        token usdGen:tonic:subdivide:splitMode = "kmeans"
                        float usdGen:tonic:fill:density = 100
                        int usdGen:tonic:fill:cvCount = 8
                        float[] usdGen:tonic:fill:lengthProfile = []
                        int usdGen:tonic:fill:seed = 27
                        float usdGen:tonic:fill:edgeBias = 0
                        bool usdGen:tonic:locked = 0
                        bool usdGen:tonic:lockParents = 0
                        bool usdGen:tonic:lockChildren = 0
                    }
                }
            }
        }

        def BasisCurves "Guides" (
            prepend apiSchemas = ["UsdGenCurveAPI"]
        )
        {
            float3[] extent = [(-0.629204, 0, -0.52151), (0.594677, 1.1, 0.910869)]
            uniform token purpose = "guide"
            uniform token type = "cubic"
            uniform token basis = "bspline"
            uniform token wrap = "pinned"
            int[] curveVertexCounts = [
        8, 8, 8, 8, 8, 8, 8, 8, 8, 8, 8, 8, 8, 8, 8, 8, 8, 8, 8, 8, 8, 8, 8, 8, 8,
        8, 8, 8, 8, 8, 8, 8, 8, 8, 8, 8, 8, 8, 8, 8, 8, 8, 8, 8, 8, 8, 8, 8, 8, 8,
        8, 8, 8, 8, 8, 8, 8, 8, 8, 8, 8, 8, 8, 8
            ]
            point3f[] points = [
        (-0.46449, 0, -0.382214), (-0.463808, 0.157143, -0.3465),
        (-0.46524, 0.314286, -0.310786), (-0.447811, 0.471429, -0.275071),
        (-0.469393, 0.628571, -0.239357), (-0.447125, 0.785714, -0.203643),
        (-0.446967, 0.942857, -0.167928), (-0.444212, 1.1, -0.132214),
        (-0.507223, 0, -0.412097), (-0.507008, 0.157143, -0.376383),
        (-0.50649, 0.314286, -0.340668), (-0.486342, 0.471429, -0.304954),
        (-0.494499, 0.628571, -0.26924), (-0.50879, 0.785714, -0.233525),
        (-0.527125, 0.942857, -0.197811), (-0.470962, 1.1, -0.162097),
        (-0.485372, 0, -0.431238), (-0.481565, 0.157143, -0.395523),
        (-0.475566, 0.314286, -0.359809), (-0.485036, 0.471429, -0.324095),
        (-0.495656, 0.628571, -0.28838), (-0.446126, 0.785714, -0.252666),
        (-0.44354, 0.942857, -0.216952), (-0.507719, 1.1, -0.181238),
        (-0.463753, 0, -0.409354), (-0.45882, 0.157143, -0.373639),
        (-0.448672, 0.314286, -0.337925), (-0.453806, 0.471429, -0.302211),
        (-0.459567, 0.628571, -0.266496), (-0.469716, 0.785714, -0.230782),
        (-0.467085, 0.942857, -0.195068), (-0.475689, 1.1, -0.159354),
        (-0.520794, 0, -0.431839), (-0.518086, 0.157143, -0.396124),
        (-0.509253, 0.314286, -0.36041), (-0.499531, 0.471429, -0.324696),
        (-0.497444, 0.628571, -0.288982), (-0.535112, 0.785714, -0.253267),
        (-0.477871, 0.942857, -0.217553), (-0.537371, 1.1, -0.181839),
        (-0.454739, 0, -0.369183), (-0.453554, 0.157143, -0.333469),
        (-0.459881, 0.314286, -0.297755), (-0.462105, 0.471429, -0.262041),
        (-0.439356, 0.628571, -0.226326), (-0.45807, 0.785714, -0.190612),
        (-0.438811, 0.942857, -0.154898), (-0.45752, 1.1, -0.119183),
        (-0.515494, 0, -0.423554), (-0.513359, 0.157143, -0.38784),
        (-0.513374, 0.314286, -0.352125), (-0.509101, 0.471429, -0.316411),
        (-0.503884, 0.628571, -0.280697), (-0.50317, 0.785714, -0.244982),
        (-0.505547, 0.942857, -0.209268), (-0.462103, 1.1, -0.173554),
        (-0.456662, 0, -0.430172), (-0.457933, 0.157143, -0.394457),
        (-0.455197, 0.314286, -0.358743), (-0.465975, 0.471429, -0.323029),
        (-0.436342, 0.628571, -0.287314), (-0.441354, 0.785714, -0.2516),
        (-0.44825, 0.942857, -0.215886), (-0.409187, 1.1, -0.180172),
        (-0.529371, 0, -0.484075), (-0.526447, 0.157143, -0.448361),
        (-0.522217, 0.314286, -0.412647), (-0.527041, 0.471429, -0.376932),
        (-0.497458, 0.628571, -0.341218), (-0.503383, 0.785714, -0.305504),
        (-0.529141, 0.942857, -0.269789), (-0.52493, 1.1, -0.234075),
        (-0.503095, 0, -0.49007), (-0.504328, 0.157143, -0.454356),
        (-0.496793, 0.314286, -0.418641), (-0.489245, 0.471429, -0.382927),
        (-0.481838, 0.628571, -0.347213), (-0.494559, 0.785714, -0.311498),
        (-0.493113, 0.942857, -0.275784), (-0.486754, 1.1, -0.24007),
        (-0.50862, 0, -0.494441), (-0.509038, 0.157143, -0.458727),
        (-0.492899, 0.314286, -0.423012), (-0.490575, 0.471429, -0.387298),
        (-0.500969, 0.628571, -0.351584), (-0.482793, 0.785714, -0.315869),
        (-0.514706, 0.942857, -0.280155), (-0.511246, 1.1, -0.244441),
        (-0.510483, 0, -0.472004), (-0.50852, 0.157143, -0.43629),
        (-0.496629, 0.314286, -0.400575), (-0.499777, 0.471429, -0.364861),
        (-0.478798, 0.628571, -0.329147), (-0.521986, 0.785714, -0.293433),
        (-0.46875, 0.942857, -0.257718), (-0.467491, 1.1, -0.222004),
        (-0.516462, 0, -0.496182), (-0.517353, 0.157143, -0.460468),
        (-0.508478, 0.314286, -0.424754), (-0.497588, 0.471429, -0.389039),
        (-0.493882, 0.628571, -0.353325), (-0.509142, 0.785714, -0.317611),
        (-0.533033, 0.942857, -0.281897), (-0.497328, 1.1, -0.246182),
        (-0.50027, 0, -0.495971), (-0.499729, 0.157143, -0.460256),
        (-0.494699, 0.314286, -0.424542), (-0.482456, 0.471429, -0.388828),
        (-0.469398, 0.628571, -0.353114), (-0.49424, 0.785714, -0.317399),
        (-0.52033, 0.942857, -0.281685), (-0.464257, 1.1, -0.245971),
        (-0.485152, 0, -0.474078), (-0.488197, 0.157143, -0.438364),
        (-0.475304, 0.314286, -0.402649), (-0.485672, 0.471429, -0.366935),
        (-0.484162, 0.628571, -0.331221), (-0.483195, 0.785714, -0.295507),
        (-0.468806, 0.942857, -0.259792), (-0.489691, 1.1, -0.224078),
        (-0.469631, 0, -0.52151), (-0.470203, 0.157143, -0.485796),
        (-0.460924, 0.314286, -0.450081), (-0.469271, 0.471429, -0.414367),
        (-0.474189, 0.628571, -0.378653), (-0.465884, 0.785714, -0.342938),
        (-0.475554, 0.942857, -0.307224), (-0.414872, 1.1, -0.27151),
        (0.549664, 0, -0.472379), (0.551217, 0.157143, -0.436665),
        (0.554877, 0.314286, -0.400951), (0.552696, 0.471429, -0.365237),
        (0.559873, 0.628571, -0.329522), (0.575957, 0.785714, -0.293808),
        (0.539663, 0.942857, -0.258094), (0.570401, 1.1, -0.222379),
        (0.487387, 0, -0.434066), (0.493137, 0.157143, -0.398351),
        (0.500667, 0.314286, -0.362637), (0.509902, 0.471429, -0.326923),
        (0.492285, 0.628571, -0.291209), (0.505486, 0.785714, -0.255494),
        (0.478379, 0.942857, -0.21978), (0.520316, 1.1, -0.184066),
        (0.548742, 0, -0.444843), (0.553977, 0.157143, -0.409128),
        (0.559036, 0.314286, -0.373414), (0.565861, 0.471429, -0.3377),
        (0.548225, 0.628571, -0.301986), (0.545462, 0.785714, -0.266271),
        (0.545358, 0.942857, -0.230557), (0.540024, 1.1, -0.194843),
        (0.471641, 0, -0.475302), (0.473133, 0.157143, -0.439588),
        (0.48512, 0.314286, -0.403874), (0.474323, 0.471429, -0.368159),
        (0.465714, 0.628571, -0.332445), (0.50769, 0.785714, -0.296731),
        (0.456063, 0.942857, -0.261017), (0.474823, 1.1, -0.225302),
        (0.520617, 0, -0.452215), (0.525686, 0.157143, -0.416501),
        (0.520807, 0.314286, -0.380786), (0.539935, 0.471429, -0.345072),
        (0.549041, 0.628571, -0.309358), (0.532846, 0.785714, -0.273643),
        (0.509889, 0.942857, -0.237929), (0.504944, 1.1, -0.202215),
        (0.526049, 0, -0.395554), (0.531464, 0.157143, -0.359839),
        (0.537332, 0.314286, -0.324125), (0.523893, 0.471429, -0.288411),
        (0.522082, 0.628571, -0.252696), (0.558484, 0.785714, -0.216982),
        (0.563026, 0.942857, -0.181268), (0.536942, 1.1, -0.145554),
        (0.47128, 0, -0.476475), (0.478239, 0.157143, -0.440761),
        (0.469071, 0.314286, -0.405046), (0.471823, 0.471429, -0.369332),
        (0.459174, 0.628571, -0.333618), (0.486645, 0.785714, -0.297903),
        (0.454828, 0.942857, -0.262189), (0.501271, 1.1, -0.226475),
        (0.493459, 0, -0.442033), (0.493488, 0.157143, -0.406319),
        (0.507014, 0.314286, -0.370604), (0.515428, 0.471429, -0.33489),
        (0.514121, 0.628571, -0.299176), (0.488486, 0.785714, -0.263461),
        (0.487154, 0.942857, -0.227747), (0.49848, 1.1, -0.192033),
        (0.516322, 0, -0.3914), (0.520133, 0.157143, -0.355685),
        (0.518145, 0.314286, -0.319971), (0.521656, 0.471429, -0.284257),
        (0.511642, 0.628571, -0.248543), (0.540412, 0.785714, -0.212828),
        (0.549378, 0.942857, -0.177114), (0.567479, 1.1, -0.1414),
        (0.477157, 0, -0.441513), (0.475229, 0.157143, -0.405798),
        (0.490379, 0.314286, -0.370084), (0.493202, 0.471429, -0.33437),
        (0.473853, 0.628571, -0.298656), (0.482976, 0.785714, -0.262941),
        (0.489913, 0.942857, -0.227227), (0.521309, 1.1, -0.191513),
        (0.498013, 0, -0.461768), (0.505212, 0.157143, -0.426054),
        (0.510762, 0.314286, -0.390339), (0.504619, 0.471429, -0.354625),
        (0.505931, 0.628571, -0.318911), (0.504099, 0.785714, -0.283196),
        (0.544486, 0.942857, -0.247482), (0.512531, 1.1, -0.211768),
        (0.524689, 0, -0.467288), (0.526657, 0.157143, -0.431574),
        (0.522376, 0.314286, -0.395859), (0.5232, 0.471429, -0.360145),
        (0.512621, 0.628571, -0.324431), (0.514656, 0.785714, -0.288716),
        (0.534365, 0.942857, -0.253002), (0.507693, 1.1, -0.217288),
        (0.448191, 0, -0.399955), (0.448321, 0.157143, -0.364241),
        (0.449983, 0.314286, -0.328527), (0.446932, 0.471429, -0.292813),
        (0.460231, 0.628571, -0.257098), (0.475439, 0.785714, -0.221384),
        (0.429753, 0.942857, -0.18567), (0.467108, 1.1, -0.149955),
        (0.472028, 0, -0.36938), (0.471738, 0.157143, -0.333665),
        (0.479252, 0.314286, -0.297951), (0.492622, 0.471429, -0.262237),
        (0.501807, 0.628571, -0.226523), (0.498742, 0.785714, -0.190808),
        (0.458833, 0.942857, -0.155094), (0.477782, 1.1, -0.11938),
        (0.466423, 0, -0.428279), (0.468629, 0.157143, -0.392565),
        (0.481933, 0.314286, -0.35685), (0.456406, 0.471429, -0.321136),
        (0.489642, 0.628571, -0.285422), (0.455771, 0.785714, -0.249708),
        (0.481412, 0.942857, -0.213993), (0.454333, 1.1, -0.178279),
        (0.456783, 0, -0.400075), (0.453821, 0.157143, -0.36436),
        (0.458879, 0.314286, -0.328646), (0.450251, 0.471429, -0.292932),
        (0.477034, 0.628571, -0.257217), (0.447845, 0.785714, -0.221503),
        (0.449714, 0.942857, -0.185789), (0.497487, 1.1, -0.150075),
        (-0.497375, 0, 0.58648), (-0.48942, 0.157143, 0.622194),
        (-0.501805, 0.314286, 0.657908), (-0.504364, 0.471429, 0.693622),
        (-0.489327, 0.628571, 0.729337), (-0.496864, 0.785714, 0.765051),
        (-0.473781, 0.942857, 0.800765), (-0.497151, 1.1, 0.83648),
        (-0.469014, 0, 0.499613), (-0.472407, 0.157143, 0.535327),
        (-0.465326, 0.314286, 0.571041), (-0.449266, 0.471429, 0.606756),
        (-0.458187, 0.628571, 0.64247), (-0.467678, 0.785714, 0.678184),
        (-0.458095, 0.942857, 0.713898), (-0.431758, 1.1, 0.749613),
        (-0.415028, 0, 0.507262), (-0.415063, 0.157143, 0.542976),
        (-0.400649, 0.314286, 0.578691), (-0.400459, 0.471429, 0.614405),
        (-0.401767, 0.628571, 0.650119), (-0.394108, 0.785714, 0.685833),
        (-0.383347, 0.942857, 0.721548), (-0.43335, 1.1, 0.757262),
        (-0.469861, 0, 0.50185), (-0.462687, 0.157143, 0.537564),
        (-0.463642, 0.314286, 0.573278), (-0.473278, 0.471429, 0.608992),
        (-0.470091, 0.628571, 0.644707), (-0.463037, 0.785714, 0.680421),
        (-0.484581, 0.942857, 0.716135), (-0.428673, 1.1, 0.75185),
        (-0.458046, 0, 0.46919), (-0.456746, 0.157143, 0.504904),
        (-0.447463, 0.314286, 0.540619), (-0.459301, 0.471429, 0.576333),
        (-0.460863, 0.628571, 0.612047), (-0.446525, 0.785714, 0.647762),
        (-0.45086, 0.942857, 0.683476), (-0.471696, 1.1, 0.71919),
        (-0.422608, 0, 0.550158), (-0.418519, 0.157143, 0.585872),
        (-0.418702, 0.314286, 0.621587), (-0.405794, 0.471429, 0.657301),
        (-0.426676, 0.628571, 0.693015), (-0.434096, 0.785714, 0.728729),
        (-0.429123, 0.942857, 0.764444), (-0.404159, 1.1, 0.800158),
        (-0.475337, 0, 0.507127), (-0.471707, 0.157143, 0.542841),
        (-0.477646, 0.314286, 0.578555), (-0.481444, 0.471429, 0.61427),
        (-0.488789, 0.628571, 0.649984), (-0.489558, 0.785714, 0.685698),
        (-0.477973, 0.942857, 0.721413), (-0.442373, 1.1, 0.757127),
        (-0.413209, 0, 0.502187), (-0.410241, 0.157143, 0.537901),
        (-0.398388, 0.314286, 0.573615), (-0.422972, 0.471429, 0.60933),
        (-0.398174, 0.628571, 0.645044), (-0.373316, 0.785714, 0.680758),
        (-0.411575, 0.942857, 0.716472), (-0.389859, 1.1, 0.752187),
        (-0.512256, 0, 0.644365), (-0.506698, 0.157143, 0.68008),
        (-0.505721, 0.314286, 0.715794), (-0.499907, 0.471429, 0.751508),
        (-0.498591, 0.628571, 0.787223), (-0.482215, 0.785714, 0.822937),
        (-0.493641, 0.942857, 0.858651), (-0.462405, 1.1, 0.894365),
        (-0.582305, 0, 0.580144), (-0.579934, 0.157143, 0.615858),
        (-0.572738, 0.314286, 0.651572), (-0.561131, 0.471429, 0.687286),
        (-0.595687, 0.628571, 0.723001), (-0.599002, 0.785714, 0.758715),
        (-0.576645, 0.942857, 0.794429), (-0.553721, 1.1, 0.830144),
        (-0.553477, 0, 0.605742), (-0.54876, 0.157143, 0.641456),
        (-0.54647, 0.314286, 0.67717), (-0.531101, 0.471429, 0.712884),
        (-0.552236, 0.628571, 0.748599), (-0.543416, 0.785714, 0.784313),
        (-0.508076, 0.942857, 0.820027), (-0.521491, 1.1, 0.855742),
        (-0.567231, 0, 0.650641), (-0.569636, 0.157143, 0.686355),
        (-0.571683, 0.314286, 0.722069), (-0.560436, 0.471429, 0.757783),
        (-0.566711, 0.628571, 0.793498), (-0.56954, 0.785714, 0.829212),
        (-0.538204, 0.942857, 0.864926), (-0.570613, 1.1, 0.900641),
        (-0.56822, 0, 0.617554), (-0.562458, 0.157143, 0.653268),
        (-0.568959, 0.314286, 0.688983), (-0.572961, 0.471429, 0.724697),
        (-0.558414, 0.628571, 0.760411), (-0.573181, 0.785714, 0.796125),
        (-0.586577, 0.942857, 0.83184), (-0.583123, 1.1, 0.867554),
        (-0.609289, 0, 0.602145), (-0.61032, 0.157143, 0.63786),
        (-0.612147, 0.314286, 0.673574), (-0.590601, 0.471429, 0.709288),
        (-0.596686, 0.628571, 0.745003), (-0.59176, 0.785714, 0.780717),
        (-0.629204, 0.942857, 0.816431), (-0.559431, 1.1, 0.852145),
        (-0.61008, 0, 0.643107), (-0.608812, 0.157143, 0.678821),
        (-0.609275, 0.314286, 0.714535), (-0.601809, 0.471429, 0.75025),
        (-0.59722, 0.628571, 0.785964), (-0.579062, 0.785714, 0.821678),
        (-0.626761, 0.942857, 0.857393), (-0.626947, 1.1, 0.893107),
        (-0.550866, 0, 0.595122), (-0.549919, 0.157143, 0.630836),
        (-0.556942, 0.314286, 0.666551), (-0.532908, 0.471429, 0.702265),
        (-0.556039, 0.628571, 0.737979), (-0.548946, 0.785714, 0.773693),
        (-0.520454, 0.942857, 0.809408), (-0.501744, 1.1, 0.845122),
        (0.538053, 0, 0.631294), (0.537294, 0.157143, 0.667008),
        (0.541681, 0.314286, 0.702723), (0.556151, 0.471429, 0.738437),
        (0.554016, 0.628571, 0.774151), (0.556626, 0.785714, 0.809866),
        (0.565899, 0.942857, 0.84558), (0.531326, 1.1, 0.881294),
        (0.509093, 0, 0.581071), (0.509205, 0.157143, 0.616785),
        (0.514679, 0.314286, 0.6525), (0.52049, 0.471429, 0.688214),
        (0.527642, 0.628571, 0.723928), (0.536929, 0.785714, 0.759643),
        (0.539785, 0.942857, 0.795357), (0.495749, 1.1, 0.831071),
        (0.548948, 0, 0.542065), (0.548991, 0.157143, 0.57778),
        (0.544389, 0.314286, 0.613494), (0.55109, 0.471429, 0.649208),
        (0.540447, 0.628571, 0.684922), (0.543875, 0.785714, 0.720637),
        (0.594677, 0.942857, 0.756351), (0.589915, 1.1, 0.792065),
        (0.489416, 0, 0.587727), (0.489618, 0.157143, 0.623442),
        (0.48564, 0.314286, 0.659156), (0.494258, 0.471429, 0.69487),
        (0.514355, 0.628571, 0.730584), (0.527157, 0.785714, 0.766299),
        (0.51053, 0.942857, 0.802013), (0.529543, 1.1, 0.837727),
        (0.496298, 0, 0.639688), (0.503186, 0.157143, 0.675402),
        (0.493859, 0.314286, 0.711117), (0.504002, 0.471429, 0.746831),
        (0.48596, 0.628571, 0.782545), (0.512391, 0.785714, 0.81826),
        (0.508139, 0.942857, 0.853974), (0.519587, 1.1, 0.889688),
        (0.507642, 0, 0.595418), (0.507884, 0.157143, 0.631132),
        (0.518619, 0.314286, 0.666847), (0.506824, 0.471429, 0.702561),
        (0.538067, 0.628571, 0.738275), (0.538429, 0.785714, 0.773989),
        (0.505155, 0.942857, 0.809704), (0.51984, 1.1, 0.845418),
        (0.534279, 0, 0.562028), (0.535498, 0.157143, 0.597742),
        (0.542849, 0.314286, 0.633456), (0.524299, 0.471429, 0.669171),
        (0.550248, 0.628571, 0.704885), (0.520405, 0.785714, 0.740599),
        (0.533194, 0.942857, 0.776314), (0.55938, 1.1, 0.812028),
        (0.517831, 0, 0.59729), (0.518572, 0.157143, 0.633004),
        (0.517873, 0.314286, 0.668719), (0.515351, 0.471429, 0.704433),
        (0.515425, 0.628571, 0.740147), (0.52907, 0.785714, 0.775861),
        (0.548834, 0.942857, 0.811576), (0.559616, 1.1, 0.84729),
        (0.467354, 0, 0.660869), (0.473466, 0.157143, 0.696584),
        (0.479104, 0.314286, 0.732298), (0.482885, 0.471429, 0.768012),
        (0.495238, 0.628571, 0.803726), (0.484722, 0.785714, 0.839441),
        (0.507197, 0.942857, 0.875155), (0.465203, 1.1, 0.910869),
        (0.478589, 0, 0.623325), (0.475845, 0.157143, 0.659039),
        (0.477612, 0.314286, 0.694753), (0.48996, 0.471429, 0.730467),
        (0.481658, 0.628571, 0.766182), (0.50155, 0.785714, 0.801896),
        (0.508306, 0.942857, 0.83761), (0.498825, 1.1, 0.873325),
        (0.441211, 0, 0.611046), (0.44138, 0.157143, 0.64676),
        (0.436407, 0.314286, 0.682474), (0.457281, 0.471429, 0.718189),
        (0.44429, 0.628571, 0.753903), (0.435459, 0.785714, 0.789617),
        (0.455816, 0.942857, 0.825332), (0.490382, 1.1, 0.861046),
        (0.484141, 0, 0.587567), (0.485535, 0.157143, 0.623281),
        (0.483304, 0.314286, 0.658996), (0.506882, 0.471429, 0.69471),
        (0.510808, 0.628571, 0.730424), (0.522848, 0.785714, 0.766138),
        (0.526205, 0.942857, 0.801853), (0.482551, 1.1, 0.837567),
        (0.521073, 0, 0.589465), (0.52383, 0.157143, 0.625179),
        (0.519188, 0.314286, 0.660893), (0.516108, 0.471429, 0.696608),
        (0.509876, 0.628571, 0.732322), (0.543351, 0.785714, 0.768036),
        (0.511937, 0.942857, 0.803751), (0.566224, 1.1, 0.839465),
        (0.522387, 0, 0.564933), (0.520012, 0.157143, 0.600647),
        (0.520163, 0.314286, 0.636361), (0.539343, 0.471429, 0.672076),
        (0.525606, 0.628571, 0.70779), (0.557099, 0.785714, 0.743504),
        (0.535579, 0.942857, 0.779219), (0.498393, 1.1, 0.814933),
        (0.550553, 0, 0.633094), (0.555294, 0.157143, 0.668808),
        (0.559305, 0.314286, 0.704522), (0.543749, 0.471429, 0.740237),
        (0.571379, 0.628571, 0.775951), (0.561522, 0.785714, 0.811665),
        (0.577584, 0.942857, 0.84738), (0.52693, 1.1, 0.883094),
        (0.498404, 0, 0.554005), (0.495313, 0.157143, 0.589719),
        (0.492125, 0.314286, 0.625434), (0.499265, 0.471429, 0.661148),
        (0.52204, 0.628571, 0.696862), (0.492295, 0.785714, 0.732576),
        (0.524624, 0.942857, 0.768291), (0.537424, 1.1, 0.804005)
            ]
            float[] widths = [
        0.006, 0.0054, 0.0048, 0.0042, 0.0036, 0.003, 0.0024, 0.0018,
        0.006, 0.0054, 0.0048, 0.0042, 0.0036, 0.003, 0.0024, 0.0018,
        0.006, 0.0054, 0.0048, 0.0042, 0.0036, 0.003, 0.0024, 0.0018,
        0.006, 0.0054, 0.0048, 0.0042, 0.0036, 0.003, 0.0024, 0.0018,
        0.006, 0.0054, 0.0048, 0.0042, 0.0036, 0.003, 0.0024, 0.0018,
        0.006, 0.0054, 0.0048, 0.0042, 0.0036, 0.003, 0.0024, 0.0018,
        0.006, 0.0054, 0.0048, 0.0042, 0.0036, 0.003, 0.0024, 0.0018,
        0.006, 0.0054, 0.0048, 0.0042, 0.0036, 0.003, 0.0024, 0.0018,
        0.006, 0.0054, 0.0048, 0.0042, 0.0036, 0.003, 0.0024, 0.0018,
        0.006, 0.0054, 0.0048, 0.0042, 0.0036, 0.003, 0.0024, 0.0018,
        0.006, 0.0054, 0.0048, 0.0042, 0.0036, 0.003, 0.0024, 0.0018,
        0.006, 0.0054, 0.0048, 0.0042, 0.0036, 0.003, 0.0024, 0.0018,
        0.006, 0.0054, 0.0048, 0.0042, 0.0036, 0.003, 0.0024, 0.0018,
        0.006, 0.0054, 0.0048, 0.0042, 0.0036, 0.003, 0.0024, 0.0018,
        0.006, 0.0054, 0.0048, 0.0042, 0.0036, 0.003, 0.0024, 0.0018,
        0.006, 0.0054, 0.0048, 0.0042, 0.0036, 0.003, 0.0024, 0.0018,
        0.006, 0.0054, 0.0048, 0.0042, 0.0036, 0.003, 0.0024, 0.0018,
        0.006, 0.0054, 0.0048, 0.0042, 0.0036, 0.003, 0.0024, 0.0018,
        0.006, 0.0054, 0.0048, 0.0042, 0.0036, 0.003, 0.0024, 0.0018,
        0.006, 0.0054, 0.0048, 0.0042, 0.0036, 0.003, 0.0024, 0.0018,
        0.006, 0.0054, 0.0048, 0.0042, 0.0036, 0.003, 0.0024, 0.0018,
        0.006, 0.0054, 0.0048, 0.0042, 0.0036, 0.003, 0.0024, 0.0018,
        0.006, 0.0054, 0.0048, 0.0042, 0.0036, 0.003, 0.0024, 0.0018,
        0.006, 0.0054, 0.0048, 0.0042, 0.0036, 0.003, 0.0024, 0.0018,
        0.006, 0.0054, 0.0048, 0.0042, 0.0036, 0.003, 0.0024, 0.0018,
        0.006, 0.0054, 0.0048, 0.0042, 0.0036, 0.003, 0.0024, 0.0018,
        0.006, 0.0054, 0.0048, 0.0042, 0.0036, 0.003, 0.0024, 0.0018,
        0.006, 0.0054, 0.0048, 0.0042, 0.0036, 0.003, 0.0024, 0.0018,
        0.006, 0.0054, 0.0048, 0.0042, 0.0036, 0.003, 0.0024, 0.0018,
        0.006, 0.0054, 0.0048, 0.0042, 0.0036, 0.003, 0.0024, 0.0018,
        0.006, 0.0054, 0.0048, 0.0042, 0.0036, 0.003, 0.0024, 0.0018,
        0.006, 0.0054, 0.0048, 0.0042, 0.0036, 0.003, 0.0024, 0.0018,
        0.006, 0.0054, 0.0048, 0.0042, 0.0036, 0.003, 0.0024, 0.0018,
        0.006, 0.0054, 0.0048, 0.0042, 0.0036, 0.003, 0.0024, 0.0018,
        0.006, 0.0054, 0.0048, 0.0042, 0.0036, 0.003, 0.0024, 0.0018,
        0.006, 0.0054, 0.0048, 0.0042, 0.0036, 0.003, 0.0024, 0.0018,
        0.006, 0.0054, 0.0048, 0.0042, 0.0036, 0.003, 0.0024, 0.0018,
        0.006, 0.0054, 0.0048, 0.0042, 0.0036, 0.003, 0.0024, 0.0018,
        0.006, 0.0054, 0.0048, 0.0042, 0.0036, 0.003, 0.0024, 0.0018,
        0.006, 0.0054, 0.0048, 0.0042, 0.0036, 0.003, 0.0024, 0.0018,
        0.006, 0.0054, 0.0048, 0.0042, 0.0036, 0.003, 0.0024, 0.0018,
        0.006, 0.0054, 0.0048, 0.0042, 0.0036, 0.003, 0.0024, 0.0018,
        0.006, 0.0054, 0.0048, 0.0042, 0.0036, 0.003, 0.0024, 0.0018,
        0.006, 0.0054, 0.0048, 0.0042, 0.0036, 0.003, 0.0024, 0.0018,
        0.006, 0.0054, 0.0048, 0.0042, 0.0036, 0.003, 0.0024, 0.0018,
        0.006, 0.0054, 0.0048, 0.0042, 0.0036, 0.003, 0.0024, 0.0018,
        0.006, 0.0054, 0.0048, 0.0042, 0.0036, 0.003, 0.0024, 0.0018,
        0.006, 0.0054, 0.0048, 0.0042, 0.0036, 0.003, 0.0024, 0.0018,
        0.006, 0.0054, 0.0048, 0.0042, 0.0036, 0.003, 0.0024, 0.0018,
        0.006, 0.0054, 0.0048, 0.0042, 0.0036, 0.003, 0.0024, 0.0018,
        0.006, 0.0054, 0.0048, 0.0042, 0.0036, 0.003, 0.0024, 0.0018,
        0.006, 0.0054, 0.0048, 0.0042, 0.0036, 0.003, 0.0024, 0.0018,
        0.006, 0.0054, 0.0048, 0.0042, 0.0036, 0.003, 0.0024, 0.0018,
        0.006, 0.0054, 0.0048, 0.0042, 0.0036, 0.003, 0.0024, 0.0018,
        0.006, 0.0054, 0.0048, 0.0042, 0.0036, 0.003, 0.0024, 0.0018,
        0.006, 0.0054, 0.0048, 0.0042, 0.0036, 0.003, 0.0024, 0.0018,
        0.006, 0.0054, 0.0048, 0.0042, 0.0036, 0.003, 0.0024, 0.0018,
        0.006, 0.0054, 0.0048, 0.0042, 0.0036, 0.003, 0.0024, 0.0018,
        0.006, 0.0054, 0.0048, 0.0042, 0.0036, 0.003, 0.0024, 0.0018,
        0.006, 0.0054, 0.0048, 0.0042, 0.0036, 0.003, 0.0024, 0.0018,
        0.006, 0.0054, 0.0048, 0.0042, 0.0036, 0.003, 0.0024, 0.0018,
        0.006, 0.0054, 0.0048, 0.0042, 0.0036, 0.003, 0.0024, 0.0018,
        0.006, 0.0054, 0.0048, 0.0042, 0.0036, 0.003, 0.0024, 0.0018,
        0.006, 0.0054, 0.0048, 0.0042, 0.0036, 0.003, 0.0024, 0.0018
            ] (
                interpolation = "vertex"
            )
            uint64[] primvars:usdGen:curveId = [
        1000, 1001, 1002, 1003, 1004, 1005, 1006, 1007, 1008, 1009, 1010, 1011, 1012, 1013, 1014, 1015, 1016, 1017, 1018, 1019, 1020, 1021, 1022, 1023, 1024,
        1025, 1026, 1027, 1028, 1029, 1030, 1031, 1032, 1033, 1034, 1035, 1036, 1037, 1038, 1039, 1040, 1041, 1042, 1043, 1044, 1045, 1046, 1047, 1048, 1049,
        1050, 1051, 1052, 1053, 1054, 1055, 1056, 1057, 1058, 1059, 1060, 1061, 1062, 1063
            ] (
                interpolation = "uniform"
            )
            int[] primvars:usdGen:tubeId = [2, 2, 2, 2, 3, 3, 3, 3, 5, 5, 5, 5, 6, 6, 6, 6, 9, 9, 9, 9, 10, 10, 10, 10, 12, 12, 12, 12, 13, 13, 13, 13, 16, 16, 16, 16, 17, 17, 17, 17, 19, 19, 19, 19, 20, 20, 20, 20, 23, 23, 23, 23, 24, 24, 24, 24, 26, 26, 26, 26, 27, 27, 27, 27] (
                interpolation = "uniform"
            )
            int[] primvars:usdGen:regionId = [0, 0, 0, 0, 0, 0, 0, 0, 0, 0, 0, 0, 0, 0, 0, 0, 1, 1, 1, 1, 1, 1, 1, 1, 1, 1, 1, 1, 1, 1, 1, 1, 2, 2, 2, 2, 2, 2, 2, 2, 2, 2, 2, 2, 2, 2, 2, 2, 3, 3, 3, 3, 3, 3, 3, 3, 3, 3, 3, 3, 3, 3, 3, 3] (
                interpolation = "uniform"
            )
            int[] primvars:usdGen:hierarchyLevel = [3, 3, 3, 3, 3, 3, 3, 3, 3, 3, 3, 3, 3, 3, 3, 3, 3, 3, 3, 3, 3, 3, 3, 3, 3, 3, 3, 3, 3, 3, 3, 3, 3, 3, 3, 3, 3, 3, 3, 3, 3, 3, 3, 3, 3, 3, 3, 3, 3, 3, 3, 3, 3, 3, 3, 3, 3, 3, 3, 3, 3, 3, 3, 3] (
                interpolation = "uniform"
            )
            matrix4d[] primvars:usdGen:rootFrame = [
        ((1, 0, 0, 0), (0, 0, 1, 0), (0, 1, 0, 0), (-0.46449, 0, -0.382214, 1)),
        ((1, 0, 0, 0), (0, 0, 1, 0), (0, 1, 0, 0), (-0.507223, 0, -0.412097, 1)),
        ((1, 0, 0, 0), (0, 0, 1, 0), (0, 1, 0, 0), (-0.485372, 0, -0.431238, 1)),
        ((1, 0, 0, 0), (0, 0, 1, 0), (0, 1, 0, 0), (-0.463753, 0, -0.409354, 1)),
        ((1, 0, 0, 0), (0, 0, 1, 0), (0, 1, 0, 0), (-0.520794, 0, -0.431839, 1)),
        ((1, 0, 0, 0), (0, 0, 1, 0), (0, 1, 0, 0), (-0.454739, 0, -0.369183, 1)),
        ((1, 0, 0, 0), (0, 0, 1, 0), (0, 1, 0, 0), (-0.515494, 0, -0.423554, 1)),
        ((1, 0, 0, 0), (0, 0, 1, 0), (0, 1, 0, 0), (-0.456662, 0, -0.430172, 1)),
        ((1, 0, 0, 0), (0, 0, 1, 0), (0, 1, 0, 0), (-0.529371, 0, -0.484075, 1)),
        ((1, 0, 0, 0), (0, 0, 1, 0), (0, 1, 0, 0), (-0.503095, 0, -0.49007, 1)),
        ((1, 0, 0, 0), (0, 0, 1, 0), (0, 1, 0, 0), (-0.50862, 0, -0.494441, 1)),
        ((1, 0, 0, 0), (0, 0, 1, 0), (0, 1, 0, 0), (-0.510483, 0, -0.472004, 1)),
        ((1, 0, 0, 0), (0, 0, 1, 0), (0, 1, 0, 0), (-0.516462, 0, -0.496182, 1)),
        ((1, 0, 0, 0), (0, 0, 1, 0), (0, 1, 0, 0), (-0.50027, 0, -0.495971, 1)),
        ((1, 0, 0, 0), (0, 0, 1, 0), (0, 1, 0, 0), (-0.485152, 0, -0.474078, 1)),
        ((1, 0, 0, 0), (0, 0, 1, 0), (0, 1, 0, 0), (-0.469631, 0, -0.52151, 1)),
        ((1, 0, 0, 0), (0, 0, 1, 0), (0, 1, 0, 0), (0.549664, 0, -0.472379, 1)),
        ((1, 0, 0, 0), (0, 0, 1, 0), (0, 1, 0, 0), (0.487387, 0, -0.434066, 1)),
        ((1, 0, 0, 0), (0, 0, 1, 0), (0, 1, 0, 0), (0.548742, 0, -0.444843, 1)),
        ((1, 0, 0, 0), (0, 0, 1, 0), (0, 1, 0, 0), (0.471641, 0, -0.475302, 1)),
        ((1, 0, 0, 0), (0, 0, 1, 0), (0, 1, 0, 0), (0.520617, 0, -0.452215, 1)),
        ((1, 0, 0, 0), (0, 0, 1, 0), (0, 1, 0, 0), (0.526049, 0, -0.395554, 1)),
        ((1, 0, 0, 0), (0, 0, 1, 0), (0, 1, 0, 0), (0.47128, 0, -0.476475, 1)),
        ((1, 0, 0, 0), (0, 0, 1, 0), (0, 1, 0, 0), (0.493459, 0, -0.442033, 1)),
        ((1, 0, 0, 0), (0, 0, 1, 0), (0, 1, 0, 0), (0.516322, 0, -0.3914, 1)),
        ((1, 0, 0, 0), (0, 0, 1, 0), (0, 1, 0, 0), (0.477157, 0, -0.441513, 1)),
        ((1, 0, 0, 0), (0, 0, 1, 0), (0, 1, 0, 0), (0.498013, 0, -0.461768, 1)),
        ((1, 0, 0, 0), (0, 0, 1, 0), (0, 1, 0, 0), (0.524689, 0, -0.467288, 1)),
        ((1, 0, 0, 0), (0, 0, 1, 0), (0, 1, 0, 0), (0.448191, 0, -0.399955, 1)),
        ((1, 0, 0, 0), (0, 0, 1, 0), (0, 1, 0, 0), (0.472028, 0, -0.36938, 1)),
        ((1, 0, 0, 0), (0, 0, 1, 0), (0, 1, 0, 0), (0.466423, 0, -0.428279, 1)),
        ((1, 0, 0, 0), (0, 0, 1, 0), (0, 1, 0, 0), (0.456783, 0, -0.400075, 1)),
        ((1, 0, 0, 0), (0, 0, 1, 0), (0, 1, 0, 0), (-0.497375, 0, 0.58648, 1)),
        ((1, 0, 0, 0), (0, 0, 1, 0), (0, 1, 0, 0), (-0.469014, 0, 0.499613, 1)),
        ((1, 0, 0, 0), (0, 0, 1, 0), (0, 1, 0, 0), (-0.415028, 0, 0.507262, 1)),
        ((1, 0, 0, 0), (0, 0, 1, 0), (0, 1, 0, 0), (-0.469861, 0, 0.50185, 1)),
        ((1, 0, 0, 0), (0, 0, 1, 0), (0, 1, 0, 0), (-0.458046, 0, 0.46919, 1)),
        ((1, 0, 0, 0), (0, 0, 1, 0), (0, 1, 0, 0), (-0.422608, 0, 0.550158, 1)),
        ((1, 0, 0, 0), (0, 0, 1, 0), (0, 1, 0, 0), (-0.475337, 0, 0.507127, 1)),
        ((1, 0, 0, 0), (0, 0, 1, 0), (0, 1, 0, 0), (-0.413209, 0, 0.502187, 1)),
        ((1, 0, 0, 0), (0, 0, 1, 0), (0, 1, 0, 0), (-0.512256, 0, 0.644365, 1)),
        ((1, 0, 0, 0), (0, 0, 1, 0), (0, 1, 0, 0), (-0.582305, 0, 0.580144, 1)),
        ((1, 0, 0, 0), (0, 0, 1, 0), (0, 1, 0, 0), (-0.553477, 0, 0.605742, 1)),
        ((1, 0, 0, 0), (0, 0, 1, 0), (0, 1, 0, 0), (-0.567231, 0, 0.650641, 1)),
        ((1, 0, 0, 0), (0, 0, 1, 0), (0, 1, 0, 0), (-0.56822, 0, 0.617554, 1)),
        ((1, 0, 0, 0), (0, 0, 1, 0), (0, 1, 0, 0), (-0.609289, 0, 0.602145, 1)),
        ((1, 0, 0, 0), (0, 0, 1, 0), (0, 1, 0, 0), (-0.61008, 0, 0.643107, 1)),
        ((1, 0, 0, 0), (0, 0, 1, 0), (0, 1, 0, 0), (-0.550866, 0, 0.595122, 1)),
        ((1, 0, 0, 0), (0, 0, 1, 0), (0, 1, 0, 0), (0.538053, 0, 0.631294, 1)),
        ((1, 0, 0, 0), (0, 0, 1, 0), (0, 1, 0, 0), (0.509093, 0, 0.581071, 1)),
        ((1, 0, 0, 0), (0, 0, 1, 0), (0, 1, 0, 0), (0.548948, 0, 0.542065, 1)),
        ((1, 0, 0, 0), (0, 0, 1, 0), (0, 1, 0, 0), (0.489416, 0, 0.587727, 1)),
        ((1, 0, 0, 0), (0, 0, 1, 0), (0, 1, 0, 0), (0.496298, 0, 0.639688, 1)),
        ((1, 0, 0, 0), (0, 0, 1, 0), (0, 1, 0, 0), (0.507642, 0, 0.595418, 1)),
        ((1, 0, 0, 0), (0, 0, 1, 0), (0, 1, 0, 0), (0.534279, 0, 0.562028, 1)),
        ((1, 0, 0, 0), (0, 0, 1, 0), (0, 1, 0, 0), (0.517831, 0, 0.59729, 1)),
        ((1, 0, 0, 0), (0, 0, 1, 0), (0, 1, 0, 0), (0.467354, 0, 0.660869, 1)),
        ((1, 0, 0, 0), (0, 0, 1, 0), (0, 1, 0, 0), (0.478589, 0, 0.623325, 1)),
        ((1, 0, 0, 0), (0, 0, 1, 0), (0, 1, 0, 0), (0.441211, 0, 0.611046, 1)),
        ((1, 0, 0, 0), (0, 0, 1, 0), (0, 1, 0, 0), (0.484141, 0, 0.587567, 1)),
        ((1, 0, 0, 0), (0, 0, 1, 0), (0, 1, 0, 0), (0.521073, 0, 0.589465, 1)),
        ((1, 0, 0, 0), (0, 0, 1, 0), (0, 1, 0, 0), (0.522387, 0, 0.564933, 1)),
        ((1, 0, 0, 0), (0, 0, 1, 0), (0, 1, 0, 0), (0.550553, 0, 0.633094, 1)),
        ((1, 0, 0, 0), (0, 0, 1, 0), (0, 1, 0, 0), (0.498404, 0, 0.554005, 1))
            ]
            color3f[] primvars:displayColor = [(0.95, 0.35, 0.1)]
        }

        def UsdGenPtexMap "RegionMap"
        {
            asset usdGen:map:file = @./maps/tonic-regionMap.ptx@
            token usdGen:map:filter = "nearest"
            int usdGen:map:firstChannel = 0
            int usdGen:map:channelCount = 1
            float2 usdGen:map:clamp = (0, 0)
        }

        def UsdGenExpression "RegionExpr"
        {
            string usdGen:expr:source = """ptex("regionMap")"""
            rel input:regionMap = </World/TonicGroom/RegionMap>
            custom float outputs:result
        }
    }

    def Xform "Groom"
    {
        def UsdGenDescription "Hair"
        {
            rel usdGen:surface = </World/Skin>
            uniform token usdGen:curve:basis = "bspline"
            float usdGen:width:default = 0.004

            def Scope "Ops"
            {
                def UsdGenWidth "width"
                {
                    float usdGen:width = 0.0055
                    float2[] usdGen:width:knots = [(0, 1), (0.7, 0.75), (1, 0.15)]
                    bool usdGen:replace = true
                }

                def UsdGenNoise "frizz"
                {
                    int usdGen:seed = 3
                    float usdGen:noise:magnitude = 0.012
                    float2[] usdGen:noise:magnitude:knots = [(0, 0), (1, 1)]
                    float usdGen:noise:frequency = 6
                    int usdGen:noise:octaves = 2
                    float usdGen:preserveLength = 1
                }

                def UsdGenGuideInterpolate "interp"
                {
                    int usdGen:seed = 11
                    rel usdGen:guides = </World/TonicGroom/Guides>
                    int usdGen:cvCount = 12
                    int usdGen:maxGuides = 3
                    float usdGen:influenceRadius = 0.9
                    float usdGen:influenceDecay = 1.5
                    uniform token usdGen:blendMethod = "extrudeAndBlend"
                    float usdGen:blendInSkinSpace = 1
                    float usdGen:randomizeGuide = 0.15
                    # Stub literal: the committed form connects usdGen:region
                    # to </World/TonicGroom/RegionExpr.outputs:result> once
                    # the bake writes ./maps/tonic-regionMap.ptx (S2.2).
                    float usdGen:region = 0
                    float usdGen:regionCrossover = 0
                }

                def UsdGenScatter "scatter"
                {
                    int usdGen:seed = 5
                    float usdGen:density = 3500
                }
            }
        }
    }
}
