#usda 1.0
# Copyright (c) 2026 Nick Burkard
# SPDX-License-Identifier: MIT
(
    defaultPrim = "World"
    metersPerUnit = 1
    upAxis = "Y"
    doc = "Live usdGen macro fur patch for the operator manual."
)
def Xform "World" {
    def Camera "Cam" {
        matrix4d xformOp:transform = ( (0.74115395, 0.00000000, -0.67133510, 0.00000000), (-0.34490382, 0.85793511, -0.38077382, 0.00000000), (0.57596195, 0.51375806, 0.63586200, 0.00000000), (1.75000000, 1.18000000, 1.88000000, 1.00000000) )
        uniform token[] xformOpOrder = ["xformOp:transform"]
        float2 clippingRange = (0.02, 50)
        float focalLength = 44
        float horizontalAperture = 36
        float verticalAperture = 24
    }
    def DistantLight "Key" {
        color3f inputs:color = (1, 0.79, 0.60)
        float inputs:intensity = 1.4
        bool inputs:normalize = true
        float3 xformOp:rotateXYZ = (-20, -35, -15)
        uniform token[] xformOpOrder = ["xformOp:rotateXYZ"]
    }
    def DistantLight "Rim" {
        color3f inputs:color = (0.59, 0.79, 1)
        float inputs:intensity = 0.45
        bool inputs:normalize = true
        float3 xformOp:rotateXYZ = (55, 148, 0)
        uniform token[] xformOpOrder = ["xformOp:rotateXYZ"]
    }
    def DistantLight "Fill" {
        color3f inputs:color = (0.84, 0.90, 1)
        float inputs:intensity = 0.85
        bool inputs:normalize = true
        float3 xformOp:rotateXYZ = (-50, 15, 0)
        uniform token[] xformOpOrder = ["xformOp:rotateXYZ"]
    }
    def DomeLight "Sky" {
        asset inputs:texture:file = @../../maps/StinsonBeach.hdr@
        color3f inputs:color = (0.82, 0.88, 1)
        float inputs:intensity = 0.5
    }
    def Scope "Looks" {
        def Material "Base" {
            token outputs:surface.connect = </World/Looks/Base/Surface.outputs:surface>
            def Shader "Surface" {
                uniform token info:id = "UsdPreviewSurface"
                color3f inputs:diffuseColor = (0.035, 0.043, 0.051)
                float inputs:roughness = 0.92
                token outputs:surface
            }
        }
        def Material "Fur" {
            token outputs:surface.connect = </World/Looks/Fur/Surface.outputs:surface>
            def Shader "Surface" {
                uniform token info:id = "UsdGenHairStrands"
                color3f inputs:baseColor = (0.63, 0.40, 0.20)
                color3f inputs:tipColor = (0.85, 0.65, 0.36)
                float inputs:roughness = 0.55
                float inputs:specular = 0.35
                float inputs:scatter = 0.36
                float inputs:selfShadow = 0.48
                float inputs:randomRoughness = 0.12
                token outputs:surface
            }
        }
    }
    def Mesh "Patch" (prepend apiSchemas = ["UsdGenRestAPI", "MaterialBindingAPI"]) {
        rel material:binding = </World/Looks/Base>
        uniform token subdivisionScheme = "none"
        int[] faceVertexCounts = [4]
        int[] faceVertexIndices = [0, 3, 2, 1]
        point3f[] points = [(0, 0, 0), (1, 0, 0), (1, 0, 1), (0, 0, 1)]
        point3f[] primvars:rest = [(0, 0, 0), (1, 0, 0), (1, 0, 1), (0, 0, 1)] (interpolation = "vertex")
        texCoord2f[] primvars:st = [(0, 0), (1, 0), (1, 1), (0, 1)] (interpolation = "vertex")
    }
    def Mesh "Backdrop" (prepend apiSchemas = ["MaterialBindingAPI"]) {
        rel material:binding = </World/Looks/Base>
        uniform token subdivisionScheme = "none"
        int[] faceVertexCounts = [4]
        int[] faceVertexIndices = [0, 3, 2, 1]
        point3f[] points = [(-3, -0.055, -3), (4, -0.055, -3), (4, -0.055, 4), (-3, -0.055, 4)]
    }
def BasisCurves "ReferenceSnapshot" (prepend apiSchemas = ["UsdGenCurveAPI"]) {
    uniform token purpose = "guide"
    uniform token type = "cubic"
    uniform token basis = "bspline"
    uniform token wrap = "pinned"
    int[] curveVertexCounts = [12, 12, 12, 12, 12, 12, 12, 12, 12, 12, 12, 12, 12, 12, 12, 12, 12, 12, 12, 12, 12, 12, 12, 12, 12, 12, 12, 12, 12, 12, 12, 12, 12, 12, 12, 12, 12, 12, 12, 12, 12, 12, 12, 12, 12, 12, 12, 12, 12, 12, 12, 12, 12, 12, 12, 12, 12, 12, 12, 12, 12, 12, 12, 12, 12, 12, 12, 12, 12, 12, 12, 12, 12, 12, 12, 12, 12, 12, 12, 12, 12, 12, 12, 12, 12, 12, 12, 12, 12, 12, 12, 12, 12, 12, 12, 12, 12, 12, 12, 12, 12, 12, 12, 12, 12, 12, 12, 12, 12, 12, 12, 12, 12, 12, 12, 12, 12, 12, 12, 12, 12, 12, 12, 12, 12, 12, 12, 12, 12, 12, 12, 12, 12, 12, 12, 12, 12, 12, 12, 12, 12, 12, 12, 12, 12, 12, 12, 12, 12, 12, 12, 12, 12, 12, 12, 12, 12, 12, 12, 12, 12, 12, 12, 12, 12, 12, 12, 12, 12, 12, 12, 12, 12, 12, 12, 12, 12, 12, 12, 12, 12, 12, 12, 12, 12, 12, 12, 12, 12, 12, 12, 12, 12, 12, 12, 12, 12, 12, 12, 12, 12, 12, 12, 12, 12, 12, 12, 12, 12, 12, 12, 12, 12, 12, 12, 12, 12, 12, 12, 12, 12, 12, 12, 12, 12, 12, 12, 12, 12, 12, 12, 12, 12, 12, 12, 12, 12, 12, 12, 12, 12, 12, 12, 12, 12, 12, 12, 12, 12, 12, 12, 12, 12, 12, 12, 12, 12, 12, 12, 12, 12, 12, 12, 12, 12, 12, 12, 12, 12, 12, 12, 12, 12, 12, 12, 12, 12, 12, 12, 12, 12, 12, 12, 12, 12, 12, 12, 12, 12, 12, 12, 12, 12, 12, 12, 12, 12, 12, 12, 12, 12, 12, 12, 12, 12, 12, 12, 12, 12, 12, 12, 12, 12, 12, 12, 12, 12, 12, 12, 12, 12, 12, 12, 12, 12, 12, 12, 12, 12, 12, 12, 12, 12, 12, 12, 12, 12, 12, 12, 12, 12, 12, 12, 12, 12, 12, 12, 12, 12, 12, 12, 12, 12, 12, 12, 12, 12, 12, 12, 12, 12, 12, 12, 12, 12, 12, 12, 12, 12, 12, 12, 12, 12, 12, 12, 12, 12, 12, 12, 12, 12, 12, 12, 12, 12, 12, 12, 12, 12, 12, 12, 12, 12, 12, 12, 12, 12, 12, 12, 12, 12, 12, 12, 12, 12, 12, 12, 12, 12, 12, 12, 12, 12, 12, 12, 12, 12, 12, 12, 12, 12, 12, 12, 12, 12, 12, 12, 12, 12, 12, 12, 12, 12, 12, 12, 12, 12, 12, 12, 12, 12, 12, 12, 12, 12, 12, 12, 12, 12, 12, 12, 12, 12, 12, 12, 12, 12, 12, 12, 12, 12, 12, 12, 12, 12, 12, 12, 12, 12, 12, 12, 12, 12, 12, 12, 12, 12, 12, 12, 12, 12, 12, 12, 12, 12, 12, 12, 12, 12, 12, 12, 12, 12, 12, 12, 12, 12, 12, 12, 12, 12, 12, 12, 12, 12, 12, 12, 12, 12, 12, 12, 12, 12, 12, 12, 12, 12, 12, 12, 12, 12, 12, 12, 12, 12, 12, 12, 12, 12, 12, 12, 12, 12, 12, 12, 12, 12, 12, 12, 12, 12, 12, 12, 12, 12, 12, 12, 12, 12, 12, 12, 12, 12, 12, 12, 12, 12, 12, 12, 12, 12, 12, 12, 12, 12, 12, 12, 12, 12, 12, 12, 12, 12, 12, 12, 12, 12, 12, 12, 12, 12, 12, 12, 12, 12, 12, 12, 12, 12, 12, 12, 12, 12, 12, 12, 12, 12, 12, 12, 12, 12, 12, 12, 12, 12, 12, 12, 12, 12, 12, 12, 12, 12, 12, 12, 12, 12, 12, 12, 12, 12, 12, 12, 12, 12, 12, 12, 12, 12, 12, 12, 12, 12, 12, 12, 12, 12, 12, 12, 12, 12, 12, 12, 12, 12, 12, 12, 12, 12, 12, 12, 12, 12, 12, 12, 12, 12, 12, 12, 12, 12, 12, 12, 12, 12, 12, 12, 12, 12, 12, 12, 12, 12, 12, 12, 12, 12, 12, 12, 12, 12, 12, 12, 12, 12, 12, 12, 12, 12, 12, 12, 12, 12, 12, 12, 12, 12, 12, 12, 12, 12, 12, 12, 12, 12, 12, 12, 12, 12, 12, 12, 12, 12, 12, 12, 12, 12, 12, 12, 12, 12, 12, 12, 12, 12, 12, 12, 12, 12, 12, 12, 12, 12, 12, 12, 12, 12, 12, 12, 12, 12, 12, 12, 12, 12, 12, 12, 12, 12, 12, 12, 12, 12, 12, 12, 12, 12, 12, 12, 12, 12, 12, 12, 12, 12, 12, 12, 12, 12, 12, 12, 12, 12, 12, 12, 12, 12, 12, 12, 12, 12, 12, 12, 12]
    point3f[] points = [
        (0.040000, 0.000000, 0.040000),
        (0.054617, 0.015455, 0.040149),
        (0.068822, 0.030909, 0.040595),
        (0.082240, 0.046364, 0.041339),
        (0.094555, 0.061818, 0.042380),
        (0.105544, 0.077273, 0.043719),
        (0.115090, 0.092727, 0.045355),
        (0.123192, 0.108182, 0.047289),
        (0.129967, 0.123636, 0.049521),
        (0.135641, 0.139091, 0.052050),
        (0.140526, 0.154545, 0.054876),
        (0.145000, 0.170000, 0.058000),
        (0.074074, 0.000000, 0.040000),
        (0.088691, 0.015455, 0.040149),
        (0.102897, 0.030909, 0.040595),
        (0.116314, 0.046364, 0.041339),
        (0.128629, 0.061818, 0.042380),
        (0.139618, 0.077273, 0.043719),
        (0.149164, 0.092727, 0.045355),
        (0.157266, 0.108182, 0.047289),
        (0.164041, 0.123636, 0.049521),
        (0.169715, 0.139091, 0.052050),
        (0.174600, 0.154545, 0.054876),
        (0.179074, 0.170000, 0.058000),
        (0.108148, 0.000000, 0.040000),
        (0.122765, 0.015455, 0.040149),
        (0.136971, 0.030909, 0.040595),
        (0.150388, 0.046364, 0.041339),
        (0.162703, 0.061818, 0.042380),
        (0.173692, 0.077273, 0.043719),
        (0.183238, 0.092727, 0.045355),
        (0.191340, 0.108182, 0.047289),
        (0.198115, 0.123636, 0.049521),
        (0.203789, 0.139091, 0.052050),
        (0.208674, 0.154545, 0.054876),
        (0.213148, 0.170000, 0.058000),
        (0.142222, 0.000000, 0.040000),
        (0.156839, 0.015455, 0.040149),
        (0.171045, 0.030909, 0.040595),
        (0.184462, 0.046364, 0.041339),
        (0.196777, 0.061818, 0.042380),
        (0.207766, 0.077273, 0.043719),
        (0.217312, 0.092727, 0.045355),
        (0.225414, 0.108182, 0.047289),
        (0.232189, 0.123636, 0.049521),
        (0.237863, 0.139091, 0.052050),
        (0.242748, 0.154545, 0.054876),
        (0.247222, 0.170000, 0.058000),
        (0.176296, 0.000000, 0.040000),
        (0.190913, 0.015455, 0.040149),
        (0.205119, 0.030909, 0.040595),
        (0.218536, 0.046364, 0.041339),
        (0.230851, 0.061818, 0.042380),
        (0.241840, 0.077273, 0.043719),
        (0.251386, 0.092727, 0.045355),
        (0.259488, 0.108182, 0.047289),
        (0.266263, 0.123636, 0.049521),
        (0.271937, 0.139091, 0.052050),
        (0.276822, 0.154545, 0.054876),
        (0.281296, 0.170000, 0.058000),
        (0.210370, 0.000000, 0.040000),
        (0.224987, 0.015455, 0.040149),
        (0.239193, 0.030909, 0.040595),
        (0.252610, 0.046364, 0.041339),
        (0.264926, 0.061818, 0.042380),
        (0.275914, 0.077273, 0.043719),
        (0.285460, 0.092727, 0.045355),
        (0.293562, 0.108182, 0.047289),
        (0.300337, 0.123636, 0.049521),
        (0.306011, 0.139091, 0.052050),
        (0.310896, 0.154545, 0.054876),
        (0.315370, 0.170000, 0.058000),
        (0.244444, 0.000000, 0.040000),
        (0.259061, 0.015455, 0.040149),
        (0.273267, 0.030909, 0.040595),
        (0.286684, 0.046364, 0.041339),
        (0.299000, 0.061818, 0.042380),
        (0.309989, 0.077273, 0.043719),
        (0.319534, 0.092727, 0.045355),
        (0.327636, 0.108182, 0.047289),
        (0.334412, 0.123636, 0.049521),
        (0.340085, 0.139091, 0.052050),
        (0.344970, 0.154545, 0.054876),
        (0.349444, 0.170000, 0.058000),
        (0.278519, 0.000000, 0.040000),
        (0.293135, 0.015455, 0.040149),
        (0.307341, 0.030909, 0.040595),
        (0.320758, 0.046364, 0.041339),
        (0.333074, 0.061818, 0.042380),
        (0.344063, 0.077273, 0.043719),
        (0.353608, 0.092727, 0.045355),
        (0.361710, 0.108182, 0.047289),
        (0.368486, 0.123636, 0.049521),
        (0.374159, 0.139091, 0.052050),
        (0.379044, 0.154545, 0.054876),
        (0.383519, 0.170000, 0.058000),
        (0.312593, 0.000000, 0.040000),
        (0.327209, 0.015455, 0.040149),
        (0.341415, 0.030909, 0.040595),
        (0.354832, 0.046364, 0.041339),
        (0.367148, 0.061818, 0.042380),
        (0.378137, 0.077273, 0.043719),
        (0.387682, 0.092727, 0.045355),
        (0.395784, 0.108182, 0.047289),
        (0.402560, 0.123636, 0.049521),
        (0.408233, 0.139091, 0.052050),
        (0.413118, 0.154545, 0.054876),
        (0.417593, 0.170000, 0.058000),
        (0.346667, 0.000000, 0.040000),
        (0.361283, 0.015455, 0.040149),
        (0.375489, 0.030909, 0.040595),
        (0.388907, 0.046364, 0.041339),
        (0.401222, 0.061818, 0.042380),
        (0.412211, 0.077273, 0.043719),
        (0.421756, 0.092727, 0.045355),
        (0.429858, 0.108182, 0.047289),
        (0.436634, 0.123636, 0.049521),
        (0.442307, 0.139091, 0.052050),
        (0.447192, 0.154545, 0.054876),
        (0.451667, 0.170000, 0.058000),
        (0.380741, 0.000000, 0.040000),
        (0.395357, 0.015455, 0.040149),
        (0.409563, 0.030909, 0.040595),
        (0.422981, 0.046364, 0.041339),
        (0.435296, 0.061818, 0.042380),
        (0.446285, 0.077273, 0.043719),
        (0.455830, 0.092727, 0.045355),
        (0.463932, 0.108182, 0.047289),
        (0.470708, 0.123636, 0.049521),
        (0.476381, 0.139091, 0.052050),
        (0.481266, 0.154545, 0.054876),
        (0.485741, 0.170000, 0.058000),
        (0.414815, 0.000000, 0.040000),
        (0.429431, 0.015455, 0.040149),
        (0.443637, 0.030909, 0.040595),
        (0.457055, 0.046364, 0.041339),
        (0.469370, 0.061818, 0.042380),
        (0.480359, 0.077273, 0.043719),
        (0.489904, 0.092727, 0.045355),
        (0.498006, 0.108182, 0.047289),
        (0.504782, 0.123636, 0.049521),
        (0.510455, 0.139091, 0.052050),
        (0.515341, 0.154545, 0.054876),
        (0.519815, 0.170000, 0.058000),
        (0.448889, 0.000000, 0.040000),
        (0.463506, 0.015455, 0.040149),
        (0.477711, 0.030909, 0.040595),
        (0.491129, 0.046364, 0.041339),
        (0.503444, 0.061818, 0.042380),
        (0.514433, 0.077273, 0.043719),
        (0.523978, 0.092727, 0.045355),
        (0.532080, 0.108182, 0.047289),
        (0.538856, 0.123636, 0.049521),
        (0.544530, 0.139091, 0.052050),
        (0.549415, 0.154545, 0.054876),
        (0.553889, 0.170000, 0.058000),
        (0.482963, 0.000000, 0.040000),
        (0.497580, 0.015455, 0.040149),
        (0.511785, 0.030909, 0.040595),
        (0.525203, 0.046364, 0.041339),
        (0.537518, 0.061818, 0.042380),
        (0.548507, 0.077273, 0.043719),
        (0.558052, 0.092727, 0.045355),
        (0.566155, 0.108182, 0.047289),
        (0.572930, 0.123636, 0.049521),
        (0.578604, 0.139091, 0.052050),
        (0.583489, 0.154545, 0.054876),
        (0.587963, 0.170000, 0.058000),
        (0.517037, 0.000000, 0.040000),
        (0.531654, 0.015455, 0.040149),
        (0.545859, 0.030909, 0.040595),
        (0.559277, 0.046364, 0.041339),
        (0.571592, 0.061818, 0.042380),
        (0.582581, 0.077273, 0.043719),
        (0.592127, 0.092727, 0.045355),
        (0.600229, 0.108182, 0.047289),
        (0.607004, 0.123636, 0.049521),
        (0.612678, 0.139091, 0.052050),
        (0.617563, 0.154545, 0.054876),
        (0.622037, 0.170000, 0.058000),
        (0.551111, 0.000000, 0.040000),
        (0.565728, 0.015455, 0.040149),
        (0.579934, 0.030909, 0.040595),
        (0.593351, 0.046364, 0.041339),
        (0.605666, 0.061818, 0.042380),
        (0.616655, 0.077273, 0.043719),
        (0.626201, 0.092727, 0.045355),
        (0.634303, 0.108182, 0.047289),
        (0.641078, 0.123636, 0.049521),
        (0.646752, 0.139091, 0.052050),
        (0.651637, 0.154545, 0.054876),
        (0.656111, 0.170000, 0.058000),
        (0.585185, 0.000000, 0.040000),
        (0.599802, 0.015455, 0.040149),
        (0.614008, 0.030909, 0.040595),
        (0.627425, 0.046364, 0.041339),
        (0.639740, 0.061818, 0.042380),
        (0.650729, 0.077273, 0.043719),
        (0.660275, 0.092727, 0.045355),
        (0.668377, 0.108182, 0.047289),
        (0.675152, 0.123636, 0.049521),
        (0.680826, 0.139091, 0.052050),
        (0.685711, 0.154545, 0.054876),
        (0.690185, 0.170000, 0.058000),
        (0.619259, 0.000000, 0.040000),
        (0.633876, 0.015455, 0.040149),
        (0.648082, 0.030909, 0.040595),
        (0.661499, 0.046364, 0.041339),
        (0.673814, 0.061818, 0.042380),
        (0.684803, 0.077273, 0.043719),
        (0.694349, 0.092727, 0.045355),
        (0.702451, 0.108182, 0.047289),
        (0.709226, 0.123636, 0.049521),
        (0.714900, 0.139091, 0.052050),
        (0.719785, 0.154545, 0.054876),
        (0.724259, 0.170000, 0.058000),
        (0.653333, 0.000000, 0.040000),
        (0.667950, 0.015455, 0.040149),
        (0.682156, 0.030909, 0.040595),
        (0.695573, 0.046364, 0.041339),
        (0.707889, 0.061818, 0.042380),
        (0.718877, 0.077273, 0.043719),
        (0.728423, 0.092727, 0.045355),
        (0.736525, 0.108182, 0.047289),
        (0.743300, 0.123636, 0.049521),
        (0.748974, 0.139091, 0.052050),
        (0.753859, 0.154545, 0.054876),
        (0.758333, 0.170000, 0.058000),
        (0.687407, 0.000000, 0.040000),
        (0.702024, 0.015455, 0.040149),
        (0.716230, 0.030909, 0.040595),
        (0.729647, 0.046364, 0.041339),
        (0.741963, 0.061818, 0.042380),
        (0.752951, 0.077273, 0.043719),
        (0.762497, 0.092727, 0.045355),
        (0.770599, 0.108182, 0.047289),
        (0.777375, 0.123636, 0.049521),
        (0.783048, 0.139091, 0.052050),
        (0.787933, 0.154545, 0.054876),
        (0.792407, 0.170000, 0.058000),
        (0.721481, 0.000000, 0.040000),
        (0.736098, 0.015455, 0.040149),
        (0.750304, 0.030909, 0.040595),
        (0.763721, 0.046364, 0.041339),
        (0.776037, 0.061818, 0.042380),
        (0.787026, 0.077273, 0.043719),
        (0.796571, 0.092727, 0.045355),
        (0.804673, 0.108182, 0.047289),
        (0.811449, 0.123636, 0.049521),
        (0.817122, 0.139091, 0.052050),
        (0.822007, 0.154545, 0.054876),
        (0.826481, 0.170000, 0.058000),
        (0.755556, 0.000000, 0.040000),
        (0.770172, 0.015455, 0.040149),
        (0.784378, 0.030909, 0.040595),
        (0.797795, 0.046364, 0.041339),
        (0.810111, 0.061818, 0.042380),
        (0.821100, 0.077273, 0.043719),
        (0.830645, 0.092727, 0.045355),
        (0.838747, 0.108182, 0.047289),
        (0.845523, 0.123636, 0.049521),
        (0.851196, 0.139091, 0.052050),
        (0.856081, 0.154545, 0.054876),
        (0.860556, 0.170000, 0.058000),
        (0.789630, 0.000000, 0.040000),
        (0.804246, 0.015455, 0.040149),
        (0.818452, 0.030909, 0.040595),
        (0.831869, 0.046364, 0.041339),
        (0.844185, 0.061818, 0.042380),
        (0.855174, 0.077273, 0.043719),
        (0.864719, 0.092727, 0.045355),
        (0.872821, 0.108182, 0.047289),
        (0.879597, 0.123636, 0.049521),
        (0.885270, 0.139091, 0.052050),
        (0.890155, 0.154545, 0.054876),
        (0.894630, 0.170000, 0.058000),
        (0.823704, 0.000000, 0.040000),
        (0.838320, 0.015455, 0.040149),
        (0.852526, 0.030909, 0.040595),
        (0.865944, 0.046364, 0.041339),
        (0.878259, 0.061818, 0.042380),
        (0.889248, 0.077273, 0.043719),
        (0.898793, 0.092727, 0.045355),
        (0.906895, 0.108182, 0.047289),
        (0.913671, 0.123636, 0.049521),
        (0.919344, 0.139091, 0.052050),
        (0.924229, 0.154545, 0.054876),
        (0.928704, 0.170000, 0.058000),
        (0.857778, 0.000000, 0.040000),
        (0.872394, 0.015455, 0.040149),
        (0.886600, 0.030909, 0.040595),
        (0.900018, 0.046364, 0.041339),
        (0.912333, 0.061818, 0.042380),
        (0.923322, 0.077273, 0.043719),
        (0.932867, 0.092727, 0.045355),
        (0.940969, 0.108182, 0.047289),
        (0.947745, 0.123636, 0.049521),
        (0.953418, 0.139091, 0.052050),
        (0.958304, 0.154545, 0.054876),
        (0.962778, 0.170000, 0.058000),
        (0.891852, 0.000000, 0.040000),
        (0.906468, 0.015455, 0.040149),
        (0.920674, 0.030909, 0.040595),
        (0.934092, 0.046364, 0.041339),
        (0.946407, 0.061818, 0.042380),
        (0.957396, 0.077273, 0.043719),
        (0.966941, 0.092727, 0.045355),
        (0.975043, 0.108182, 0.047289),
        (0.981819, 0.123636, 0.049521),
        (0.987492, 0.139091, 0.052050),
        (0.992378, 0.154545, 0.054876),
        (0.996852, 0.170000, 0.058000),
        (0.925926, 0.000000, 0.040000),
        (0.940543, 0.015455, 0.040149),
        (0.954748, 0.030909, 0.040595),
        (0.968166, 0.046364, 0.041339),
        (0.980481, 0.061818, 0.042380),
        (0.991470, 0.077273, 0.043719),
        (1.001015, 0.092727, 0.045355),
        (1.009117, 0.108182, 0.047289),
        (1.015893, 0.123636, 0.049521),
        (1.021567, 0.139091, 0.052050),
        (1.026452, 0.154545, 0.054876),
        (1.030926, 0.170000, 0.058000),
        (0.960000, 0.000000, 0.040000),
        (0.974617, 0.015455, 0.040149),
        (0.988822, 0.030909, 0.040595),
        (1.002240, 0.046364, 0.041339),
        (1.014555, 0.061818, 0.042380),
        (1.025544, 0.077273, 0.043719),
        (1.035090, 0.092727, 0.045355),
        (1.043192, 0.108182, 0.047289),
        (1.049967, 0.123636, 0.049521),
        (1.055641, 0.139091, 0.052050),
        (1.060526, 0.154545, 0.054876),
        (1.065000, 0.170000, 0.058000),
        (0.040000, 0.000000, 0.074074),
        (0.054617, 0.015455, 0.074223),
        (0.068822, 0.030909, 0.074669),
        (0.082240, 0.046364, 0.075413),
        (0.094555, 0.061818, 0.076454),
        (0.105544, 0.077273, 0.077793),
        (0.115090, 0.092727, 0.079429),
        (0.123192, 0.108182, 0.081363),
        (0.129967, 0.123636, 0.083595),
        (0.135641, 0.139091, 0.086124),
        (0.140526, 0.154545, 0.088950),
        (0.145000, 0.170000, 0.092074),
        (0.074074, 0.000000, 0.074074),
        (0.088691, 0.015455, 0.074223),
        (0.102897, 0.030909, 0.074669),
        (0.116314, 0.046364, 0.075413),
        (0.128629, 0.061818, 0.076454),
        (0.139618, 0.077273, 0.077793),
        (0.149164, 0.092727, 0.079429),
        (0.157266, 0.108182, 0.081363),
        (0.164041, 0.123636, 0.083595),
        (0.169715, 0.139091, 0.086124),
        (0.174600, 0.154545, 0.088950),
        (0.179074, 0.170000, 0.092074),
        (0.108148, 0.000000, 0.074074),
        (0.122765, 0.015455, 0.074223),
        (0.136971, 0.030909, 0.074669),
        (0.150388, 0.046364, 0.075413),
        (0.162703, 0.061818, 0.076454),
        (0.173692, 0.077273, 0.077793),
        (0.183238, 0.092727, 0.079429),
        (0.191340, 0.108182, 0.081363),
        (0.198115, 0.123636, 0.083595),
        (0.203789, 0.139091, 0.086124),
        (0.208674, 0.154545, 0.088950),
        (0.213148, 0.170000, 0.092074),
        (0.142222, 0.000000, 0.074074),
        (0.156839, 0.015455, 0.074223),
        (0.171045, 0.030909, 0.074669),
        (0.184462, 0.046364, 0.075413),
        (0.196777, 0.061818, 0.076454),
        (0.207766, 0.077273, 0.077793),
        (0.217312, 0.092727, 0.079429),
        (0.225414, 0.108182, 0.081363),
        (0.232189, 0.123636, 0.083595),
        (0.237863, 0.139091, 0.086124),
        (0.242748, 0.154545, 0.088950),
        (0.247222, 0.170000, 0.092074),
        (0.176296, 0.000000, 0.074074),
        (0.190913, 0.015455, 0.074223),
        (0.205119, 0.030909, 0.074669),
        (0.218536, 0.046364, 0.075413),
        (0.230851, 0.061818, 0.076454),
        (0.241840, 0.077273, 0.077793),
        (0.251386, 0.092727, 0.079429),
        (0.259488, 0.108182, 0.081363),
        (0.266263, 0.123636, 0.083595),
        (0.271937, 0.139091, 0.086124),
        (0.276822, 0.154545, 0.088950),
        (0.281296, 0.170000, 0.092074),
        (0.210370, 0.000000, 0.074074),
        (0.224987, 0.015455, 0.074223),
        (0.239193, 0.030909, 0.074669),
        (0.252610, 0.046364, 0.075413),
        (0.264926, 0.061818, 0.076454),
        (0.275914, 0.077273, 0.077793),
        (0.285460, 0.092727, 0.079429),
        (0.293562, 0.108182, 0.081363),
        (0.300337, 0.123636, 0.083595),
        (0.306011, 0.139091, 0.086124),
        (0.310896, 0.154545, 0.088950),
        (0.315370, 0.170000, 0.092074),
        (0.244444, 0.000000, 0.074074),
        (0.259061, 0.015455, 0.074223),
        (0.273267, 0.030909, 0.074669),
        (0.286684, 0.046364, 0.075413),
        (0.299000, 0.061818, 0.076454),
        (0.309989, 0.077273, 0.077793),
        (0.319534, 0.092727, 0.079429),
        (0.327636, 0.108182, 0.081363),
        (0.334412, 0.123636, 0.083595),
        (0.340085, 0.139091, 0.086124),
        (0.344970, 0.154545, 0.088950),
        (0.349444, 0.170000, 0.092074),
        (0.278519, 0.000000, 0.074074),
        (0.293135, 0.015455, 0.074223),
        (0.307341, 0.030909, 0.074669),
        (0.320758, 0.046364, 0.075413),
        (0.333074, 0.061818, 0.076454),
        (0.344063, 0.077273, 0.077793),
        (0.353608, 0.092727, 0.079429),
        (0.361710, 0.108182, 0.081363),
        (0.368486, 0.123636, 0.083595),
        (0.374159, 0.139091, 0.086124),
        (0.379044, 0.154545, 0.088950),
        (0.383519, 0.170000, 0.092074),
        (0.312593, 0.000000, 0.074074),
        (0.327209, 0.015455, 0.074223),
        (0.341415, 0.030909, 0.074669),
        (0.354832, 0.046364, 0.075413),
        (0.367148, 0.061818, 0.076454),
        (0.378137, 0.077273, 0.077793),
        (0.387682, 0.092727, 0.079429),
        (0.395784, 0.108182, 0.081363),
        (0.402560, 0.123636, 0.083595),
        (0.408233, 0.139091, 0.086124),
        (0.413118, 0.154545, 0.088950),
        (0.417593, 0.170000, 0.092074),
        (0.346667, 0.000000, 0.074074),
        (0.361283, 0.015455, 0.074223),
        (0.375489, 0.030909, 0.074669),
        (0.388907, 0.046364, 0.075413),
        (0.401222, 0.061818, 0.076454),
        (0.412211, 0.077273, 0.077793),
        (0.421756, 0.092727, 0.079429),
        (0.429858, 0.108182, 0.081363),
        (0.436634, 0.123636, 0.083595),
        (0.442307, 0.139091, 0.086124),
        (0.447192, 0.154545, 0.088950),
        (0.451667, 0.170000, 0.092074),
        (0.380741, 0.000000, 0.074074),
        (0.395357, 0.015455, 0.074223),
        (0.409563, 0.030909, 0.074669),
        (0.422981, 0.046364, 0.075413),
        (0.435296, 0.061818, 0.076454),
        (0.446285, 0.077273, 0.077793),
        (0.455830, 0.092727, 0.079429),
        (0.463932, 0.108182, 0.081363),
        (0.470708, 0.123636, 0.083595),
        (0.476381, 0.139091, 0.086124),
        (0.481266, 0.154545, 0.088950),
        (0.485741, 0.170000, 0.092074),
        (0.414815, 0.000000, 0.074074),
        (0.429431, 0.015455, 0.074223),
        (0.443637, 0.030909, 0.074669),
        (0.457055, 0.046364, 0.075413),
        (0.469370, 0.061818, 0.076454),
        (0.480359, 0.077273, 0.077793),
        (0.489904, 0.092727, 0.079429),
        (0.498006, 0.108182, 0.081363),
        (0.504782, 0.123636, 0.083595),
        (0.510455, 0.139091, 0.086124),
        (0.515341, 0.154545, 0.088950),
        (0.519815, 0.170000, 0.092074),
        (0.448889, 0.000000, 0.074074),
        (0.463506, 0.015455, 0.074223),
        (0.477711, 0.030909, 0.074669),
        (0.491129, 0.046364, 0.075413),
        (0.503444, 0.061818, 0.076454),
        (0.514433, 0.077273, 0.077793),
        (0.523978, 0.092727, 0.079429),
        (0.532080, 0.108182, 0.081363),
        (0.538856, 0.123636, 0.083595),
        (0.544530, 0.139091, 0.086124),
        (0.549415, 0.154545, 0.088950),
        (0.553889, 0.170000, 0.092074),
        (0.482963, 0.000000, 0.074074),
        (0.497580, 0.015455, 0.074223),
        (0.511785, 0.030909, 0.074669),
        (0.525203, 0.046364, 0.075413),
        (0.537518, 0.061818, 0.076454),
        (0.548507, 0.077273, 0.077793),
        (0.558052, 0.092727, 0.079429),
        (0.566155, 0.108182, 0.081363),
        (0.572930, 0.123636, 0.083595),
        (0.578604, 0.139091, 0.086124),
        (0.583489, 0.154545, 0.088950),
        (0.587963, 0.170000, 0.092074),
        (0.517037, 0.000000, 0.074074),
        (0.531654, 0.015455, 0.074223),
        (0.545859, 0.030909, 0.074669),
        (0.559277, 0.046364, 0.075413),
        (0.571592, 0.061818, 0.076454),
        (0.582581, 0.077273, 0.077793),
        (0.592127, 0.092727, 0.079429),
        (0.600229, 0.108182, 0.081363),
        (0.607004, 0.123636, 0.083595),
        (0.612678, 0.139091, 0.086124),
        (0.617563, 0.154545, 0.088950),
        (0.622037, 0.170000, 0.092074),
        (0.551111, 0.000000, 0.074074),
        (0.565728, 0.015455, 0.074223),
        (0.579934, 0.030909, 0.074669),
        (0.593351, 0.046364, 0.075413),
        (0.605666, 0.061818, 0.076454),
        (0.616655, 0.077273, 0.077793),
        (0.626201, 0.092727, 0.079429),
        (0.634303, 0.108182, 0.081363),
        (0.641078, 0.123636, 0.083595),
        (0.646752, 0.139091, 0.086124),
        (0.651637, 0.154545, 0.088950),
        (0.656111, 0.170000, 0.092074),
        (0.585185, 0.000000, 0.074074),
        (0.599802, 0.015455, 0.074223),
        (0.614008, 0.030909, 0.074669),
        (0.627425, 0.046364, 0.075413),
        (0.639740, 0.061818, 0.076454),
        (0.650729, 0.077273, 0.077793),
        (0.660275, 0.092727, 0.079429),
        (0.668377, 0.108182, 0.081363),
        (0.675152, 0.123636, 0.083595),
        (0.680826, 0.139091, 0.086124),
        (0.685711, 0.154545, 0.088950),
        (0.690185, 0.170000, 0.092074),
        (0.619259, 0.000000, 0.074074),
        (0.633876, 0.015455, 0.074223),
        (0.648082, 0.030909, 0.074669),
        (0.661499, 0.046364, 0.075413),
        (0.673814, 0.061818, 0.076454),
        (0.684803, 0.077273, 0.077793),
        (0.694349, 0.092727, 0.079429),
        (0.702451, 0.108182, 0.081363),
        (0.709226, 0.123636, 0.083595),
        (0.714900, 0.139091, 0.086124),
        (0.719785, 0.154545, 0.088950),
        (0.724259, 0.170000, 0.092074),
        (0.653333, 0.000000, 0.074074),
        (0.667950, 0.015455, 0.074223),
        (0.682156, 0.030909, 0.074669),
        (0.695573, 0.046364, 0.075413),
        (0.707889, 0.061818, 0.076454),
        (0.718877, 0.077273, 0.077793),
        (0.728423, 0.092727, 0.079429),
        (0.736525, 0.108182, 0.081363),
        (0.743300, 0.123636, 0.083595),
        (0.748974, 0.139091, 0.086124),
        (0.753859, 0.154545, 0.088950),
        (0.758333, 0.170000, 0.092074),
        (0.687407, 0.000000, 0.074074),
        (0.702024, 0.015455, 0.074223),
        (0.716230, 0.030909, 0.074669),
        (0.729647, 0.046364, 0.075413),
        (0.741963, 0.061818, 0.076454),
        (0.752951, 0.077273, 0.077793),
        (0.762497, 0.092727, 0.079429),
        (0.770599, 0.108182, 0.081363),
        (0.777375, 0.123636, 0.083595),
        (0.783048, 0.139091, 0.086124),
        (0.787933, 0.154545, 0.088950),
        (0.792407, 0.170000, 0.092074),
        (0.721481, 0.000000, 0.074074),
        (0.736098, 0.015455, 0.074223),
        (0.750304, 0.030909, 0.074669),
        (0.763721, 0.046364, 0.075413),
        (0.776037, 0.061818, 0.076454),
        (0.787026, 0.077273, 0.077793),
        (0.796571, 0.092727, 0.079429),
        (0.804673, 0.108182, 0.081363),
        (0.811449, 0.123636, 0.083595),
        (0.817122, 0.139091, 0.086124),
        (0.822007, 0.154545, 0.088950),
        (0.826481, 0.170000, 0.092074),
        (0.755556, 0.000000, 0.074074),
        (0.770172, 0.015455, 0.074223),
        (0.784378, 0.030909, 0.074669),
        (0.797795, 0.046364, 0.075413),
        (0.810111, 0.061818, 0.076454),
        (0.821100, 0.077273, 0.077793),
        (0.830645, 0.092727, 0.079429),
        (0.838747, 0.108182, 0.081363),
        (0.845523, 0.123636, 0.083595),
        (0.851196, 0.139091, 0.086124),
        (0.856081, 0.154545, 0.088950),
        (0.860556, 0.170000, 0.092074),
        (0.789630, 0.000000, 0.074074),
        (0.804246, 0.015455, 0.074223),
        (0.818452, 0.030909, 0.074669),
        (0.831869, 0.046364, 0.075413),
        (0.844185, 0.061818, 0.076454),
        (0.855174, 0.077273, 0.077793),
        (0.864719, 0.092727, 0.079429),
        (0.872821, 0.108182, 0.081363),
        (0.879597, 0.123636, 0.083595),
        (0.885270, 0.139091, 0.086124),
        (0.890155, 0.154545, 0.088950),
        (0.894630, 0.170000, 0.092074),
        (0.823704, 0.000000, 0.074074),
        (0.838320, 0.015455, 0.074223),
        (0.852526, 0.030909, 0.074669),
        (0.865944, 0.046364, 0.075413),
        (0.878259, 0.061818, 0.076454),
        (0.889248, 0.077273, 0.077793),
        (0.898793, 0.092727, 0.079429),
        (0.906895, 0.108182, 0.081363),
        (0.913671, 0.123636, 0.083595),
        (0.919344, 0.139091, 0.086124),
        (0.924229, 0.154545, 0.088950),
        (0.928704, 0.170000, 0.092074),
        (0.857778, 0.000000, 0.074074),
        (0.872394, 0.015455, 0.074223),
        (0.886600, 0.030909, 0.074669),
        (0.900018, 0.046364, 0.075413),
        (0.912333, 0.061818, 0.076454),
        (0.923322, 0.077273, 0.077793),
        (0.932867, 0.092727, 0.079429),
        (0.940969, 0.108182, 0.081363),
        (0.947745, 0.123636, 0.083595),
        (0.953418, 0.139091, 0.086124),
        (0.958304, 0.154545, 0.088950),
        (0.962778, 0.170000, 0.092074),
        (0.891852, 0.000000, 0.074074),
        (0.906468, 0.015455, 0.074223),
        (0.920674, 0.030909, 0.074669),
        (0.934092, 0.046364, 0.075413),
        (0.946407, 0.061818, 0.076454),
        (0.957396, 0.077273, 0.077793),
        (0.966941, 0.092727, 0.079429),
        (0.975043, 0.108182, 0.081363),
        (0.981819, 0.123636, 0.083595),
        (0.987492, 0.139091, 0.086124),
        (0.992378, 0.154545, 0.088950),
        (0.996852, 0.170000, 0.092074),
        (0.925926, 0.000000, 0.074074),
        (0.940543, 0.015455, 0.074223),
        (0.954748, 0.030909, 0.074669),
        (0.968166, 0.046364, 0.075413),
        (0.980481, 0.061818, 0.076454),
        (0.991470, 0.077273, 0.077793),
        (1.001015, 0.092727, 0.079429),
        (1.009117, 0.108182, 0.081363),
        (1.015893, 0.123636, 0.083595),
        (1.021567, 0.139091, 0.086124),
        (1.026452, 0.154545, 0.088950),
        (1.030926, 0.170000, 0.092074),
        (0.960000, 0.000000, 0.074074),
        (0.974617, 0.015455, 0.074223),
        (0.988822, 0.030909, 0.074669),
        (1.002240, 0.046364, 0.075413),
        (1.014555, 0.061818, 0.076454),
        (1.025544, 0.077273, 0.077793),
        (1.035090, 0.092727, 0.079429),
        (1.043192, 0.108182, 0.081363),
        (1.049967, 0.123636, 0.083595),
        (1.055641, 0.139091, 0.086124),
        (1.060526, 0.154545, 0.088950),
        (1.065000, 0.170000, 0.092074),
        (0.040000, 0.000000, 0.108148),
        (0.054617, 0.015455, 0.108297),
        (0.068822, 0.030909, 0.108743),
        (0.082240, 0.046364, 0.109487),
        (0.094555, 0.061818, 0.110528),
        (0.105544, 0.077273, 0.111867),
        (0.115090, 0.092727, 0.113504),
        (0.123192, 0.108182, 0.115437),
        (0.129967, 0.123636, 0.117669),
        (0.135641, 0.139091, 0.120198),
        (0.140526, 0.154545, 0.123024),
        (0.145000, 0.170000, 0.126148),
        (0.074074, 0.000000, 0.108148),
        (0.088691, 0.015455, 0.108297),
        (0.102897, 0.030909, 0.108743),
        (0.116314, 0.046364, 0.109487),
        (0.128629, 0.061818, 0.110528),
        (0.139618, 0.077273, 0.111867),
        (0.149164, 0.092727, 0.113504),
        (0.157266, 0.108182, 0.115437),
        (0.164041, 0.123636, 0.117669),
        (0.169715, 0.139091, 0.120198),
        (0.174600, 0.154545, 0.123024),
        (0.179074, 0.170000, 0.126148),
        (0.108148, 0.000000, 0.108148),
        (0.122765, 0.015455, 0.108297),
        (0.136971, 0.030909, 0.108743),
        (0.150388, 0.046364, 0.109487),
        (0.162703, 0.061818, 0.110528),
        (0.173692, 0.077273, 0.111867),
        (0.183238, 0.092727, 0.113504),
        (0.191340, 0.108182, 0.115437),
        (0.198115, 0.123636, 0.117669),
        (0.203789, 0.139091, 0.120198),
        (0.208674, 0.154545, 0.123024),
        (0.213148, 0.170000, 0.126148),
        (0.142222, 0.000000, 0.108148),
        (0.156839, 0.015455, 0.108297),
        (0.171045, 0.030909, 0.108743),
        (0.184462, 0.046364, 0.109487),
        (0.196777, 0.061818, 0.110528),
        (0.207766, 0.077273, 0.111867),
        (0.217312, 0.092727, 0.113504),
        (0.225414, 0.108182, 0.115437),
        (0.232189, 0.123636, 0.117669),
        (0.237863, 0.139091, 0.120198),
        (0.242748, 0.154545, 0.123024),
        (0.247222, 0.170000, 0.126148),
        (0.176296, 0.000000, 0.108148),
        (0.190913, 0.015455, 0.108297),
        (0.205119, 0.030909, 0.108743),
        (0.218536, 0.046364, 0.109487),
        (0.230851, 0.061818, 0.110528),
        (0.241840, 0.077273, 0.111867),
        (0.251386, 0.092727, 0.113504),
        (0.259488, 0.108182, 0.115437),
        (0.266263, 0.123636, 0.117669),
        (0.271937, 0.139091, 0.120198),
        (0.276822, 0.154545, 0.123024),
        (0.281296, 0.170000, 0.126148),
        (0.210370, 0.000000, 0.108148),
        (0.224987, 0.015455, 0.108297),
        (0.239193, 0.030909, 0.108743),
        (0.252610, 0.046364, 0.109487),
        (0.264926, 0.061818, 0.110528),
        (0.275914, 0.077273, 0.111867),
        (0.285460, 0.092727, 0.113504),
        (0.293562, 0.108182, 0.115437),
        (0.300337, 0.123636, 0.117669),
        (0.306011, 0.139091, 0.120198),
        (0.310896, 0.154545, 0.123024),
        (0.315370, 0.170000, 0.126148),
        (0.244444, 0.000000, 0.108148),
        (0.259061, 0.015455, 0.108297),
        (0.273267, 0.030909, 0.108743),
        (0.286684, 0.046364, 0.109487),
        (0.299000, 0.061818, 0.110528),
        (0.309989, 0.077273, 0.111867),
        (0.319534, 0.092727, 0.113504),
        (0.327636, 0.108182, 0.115437),
        (0.334412, 0.123636, 0.117669),
        (0.340085, 0.139091, 0.120198),
        (0.344970, 0.154545, 0.123024),
        (0.349444, 0.170000, 0.126148),
        (0.278519, 0.000000, 0.108148),
        (0.293135, 0.015455, 0.108297),
        (0.307341, 0.030909, 0.108743),
        (0.320758, 0.046364, 0.109487),
        (0.333074, 0.061818, 0.110528),
        (0.344063, 0.077273, 0.111867),
        (0.353608, 0.092727, 0.113504),
        (0.361710, 0.108182, 0.115437),
        (0.368486, 0.123636, 0.117669),
        (0.374159, 0.139091, 0.120198),
        (0.379044, 0.154545, 0.123024),
        (0.383519, 0.170000, 0.126148),
        (0.312593, 0.000000, 0.108148),
        (0.327209, 0.015455, 0.108297),
        (0.341415, 0.030909, 0.108743),
        (0.354832, 0.046364, 0.109487),
        (0.367148, 0.061818, 0.110528),
        (0.378137, 0.077273, 0.111867),
        (0.387682, 0.092727, 0.113504),
        (0.395784, 0.108182, 0.115437),
        (0.402560, 0.123636, 0.117669),
        (0.408233, 0.139091, 0.120198),
        (0.413118, 0.154545, 0.123024),
        (0.417593, 0.170000, 0.126148),
        (0.346667, 0.000000, 0.108148),
        (0.361283, 0.015455, 0.108297),
        (0.375489, 0.030909, 0.108743),
        (0.388907, 0.046364, 0.109487),
        (0.401222, 0.061818, 0.110528),
        (0.412211, 0.077273, 0.111867),
        (0.421756, 0.092727, 0.113504),
        (0.429858, 0.108182, 0.115437),
        (0.436634, 0.123636, 0.117669),
        (0.442307, 0.139091, 0.120198),
        (0.447192, 0.154545, 0.123024),
        (0.451667, 0.170000, 0.126148),
        (0.380741, 0.000000, 0.108148),
        (0.395357, 0.015455, 0.108297),
        (0.409563, 0.030909, 0.108743),
        (0.422981, 0.046364, 0.109487),
        (0.435296, 0.061818, 0.110528),
        (0.446285, 0.077273, 0.111867),
        (0.455830, 0.092727, 0.113504),
        (0.463932, 0.108182, 0.115437),
        (0.470708, 0.123636, 0.117669),
        (0.476381, 0.139091, 0.120198),
        (0.481266, 0.154545, 0.123024),
        (0.485741, 0.170000, 0.126148),
        (0.414815, 0.000000, 0.108148),
        (0.429431, 0.015455, 0.108297),
        (0.443637, 0.030909, 0.108743),
        (0.457055, 0.046364, 0.109487),
        (0.469370, 0.061818, 0.110528),
        (0.480359, 0.077273, 0.111867),
        (0.489904, 0.092727, 0.113504),
        (0.498006, 0.108182, 0.115437),
        (0.504782, 0.123636, 0.117669),
        (0.510455, 0.139091, 0.120198),
        (0.515341, 0.154545, 0.123024),
        (0.519815, 0.170000, 0.126148),
        (0.448889, 0.000000, 0.108148),
        (0.463506, 0.015455, 0.108297),
        (0.477711, 0.030909, 0.108743),
        (0.491129, 0.046364, 0.109487),
        (0.503444, 0.061818, 0.110528),
        (0.514433, 0.077273, 0.111867),
        (0.523978, 0.092727, 0.113504),
        (0.532080, 0.108182, 0.115437),
        (0.538856, 0.123636, 0.117669),
        (0.544530, 0.139091, 0.120198),
        (0.549415, 0.154545, 0.123024),
        (0.553889, 0.170000, 0.126148),
        (0.482963, 0.000000, 0.108148),
        (0.497580, 0.015455, 0.108297),
        (0.511785, 0.030909, 0.108743),
        (0.525203, 0.046364, 0.109487),
        (0.537518, 0.061818, 0.110528),
        (0.548507, 0.077273, 0.111867),
        (0.558052, 0.092727, 0.113504),
        (0.566155, 0.108182, 0.115437),
        (0.572930, 0.123636, 0.117669),
        (0.578604, 0.139091, 0.120198),
        (0.583489, 0.154545, 0.123024),
        (0.587963, 0.170000, 0.126148),
        (0.517037, 0.000000, 0.108148),
        (0.531654, 0.015455, 0.108297),
        (0.545859, 0.030909, 0.108743),
        (0.559277, 0.046364, 0.109487),
        (0.571592, 0.061818, 0.110528),
        (0.582581, 0.077273, 0.111867),
        (0.592127, 0.092727, 0.113504),
        (0.600229, 0.108182, 0.115437),
        (0.607004, 0.123636, 0.117669),
        (0.612678, 0.139091, 0.120198),
        (0.617563, 0.154545, 0.123024),
        (0.622037, 0.170000, 0.126148),
        (0.551111, 0.000000, 0.108148),
        (0.565728, 0.015455, 0.108297),
        (0.579934, 0.030909, 0.108743),
        (0.593351, 0.046364, 0.109487),
        (0.605666, 0.061818, 0.110528),
        (0.616655, 0.077273, 0.111867),
        (0.626201, 0.092727, 0.113504),
        (0.634303, 0.108182, 0.115437),
        (0.641078, 0.123636, 0.117669),
        (0.646752, 0.139091, 0.120198),
        (0.651637, 0.154545, 0.123024),
        (0.656111, 0.170000, 0.126148),
        (0.585185, 0.000000, 0.108148),
        (0.599802, 0.015455, 0.108297),
        (0.614008, 0.030909, 0.108743),
        (0.627425, 0.046364, 0.109487),
        (0.639740, 0.061818, 0.110528),
        (0.650729, 0.077273, 0.111867),
        (0.660275, 0.092727, 0.113504),
        (0.668377, 0.108182, 0.115437),
        (0.675152, 0.123636, 0.117669),
        (0.680826, 0.139091, 0.120198),
        (0.685711, 0.154545, 0.123024),
        (0.690185, 0.170000, 0.126148),
        (0.619259, 0.000000, 0.108148),
        (0.633876, 0.015455, 0.108297),
        (0.648082, 0.030909, 0.108743),
        (0.661499, 0.046364, 0.109487),
        (0.673814, 0.061818, 0.110528),
        (0.684803, 0.077273, 0.111867),
        (0.694349, 0.092727, 0.113504),
        (0.702451, 0.108182, 0.115437),
        (0.709226, 0.123636, 0.117669),
        (0.714900, 0.139091, 0.120198),
        (0.719785, 0.154545, 0.123024),
        (0.724259, 0.170000, 0.126148),
        (0.653333, 0.000000, 0.108148),
        (0.667950, 0.015455, 0.108297),
        (0.682156, 0.030909, 0.108743),
        (0.695573, 0.046364, 0.109487),
        (0.707889, 0.061818, 0.110528),
        (0.718877, 0.077273, 0.111867),
        (0.728423, 0.092727, 0.113504),
        (0.736525, 0.108182, 0.115437),
        (0.743300, 0.123636, 0.117669),
        (0.748974, 0.139091, 0.120198),
        (0.753859, 0.154545, 0.123024),
        (0.758333, 0.170000, 0.126148),
        (0.687407, 0.000000, 0.108148),
        (0.702024, 0.015455, 0.108297),
        (0.716230, 0.030909, 0.108743),
        (0.729647, 0.046364, 0.109487),
        (0.741963, 0.061818, 0.110528),
        (0.752951, 0.077273, 0.111867),
        (0.762497, 0.092727, 0.113504),
        (0.770599, 0.108182, 0.115437),
        (0.777375, 0.123636, 0.117669),
        (0.783048, 0.139091, 0.120198),
        (0.787933, 0.154545, 0.123024),
        (0.792407, 0.170000, 0.126148),
        (0.721481, 0.000000, 0.108148),
        (0.736098, 0.015455, 0.108297),
        (0.750304, 0.030909, 0.108743),
        (0.763721, 0.046364, 0.109487),
        (0.776037, 0.061818, 0.110528),
        (0.787026, 0.077273, 0.111867),
        (0.796571, 0.092727, 0.113504),
        (0.804673, 0.108182, 0.115437),
        (0.811449, 0.123636, 0.117669),
        (0.817122, 0.139091, 0.120198),
        (0.822007, 0.154545, 0.123024),
        (0.826481, 0.170000, 0.126148),
        (0.755556, 0.000000, 0.108148),
        (0.770172, 0.015455, 0.108297),
        (0.784378, 0.030909, 0.108743),
        (0.797795, 0.046364, 0.109487),
        (0.810111, 0.061818, 0.110528),
        (0.821100, 0.077273, 0.111867),
        (0.830645, 0.092727, 0.113504),
        (0.838747, 0.108182, 0.115437),
        (0.845523, 0.123636, 0.117669),
        (0.851196, 0.139091, 0.120198),
        (0.856081, 0.154545, 0.123024),
        (0.860556, 0.170000, 0.126148),
        (0.789630, 0.000000, 0.108148),
        (0.804246, 0.015455, 0.108297),
        (0.818452, 0.030909, 0.108743),
        (0.831869, 0.046364, 0.109487),
        (0.844185, 0.061818, 0.110528),
        (0.855174, 0.077273, 0.111867),
        (0.864719, 0.092727, 0.113504),
        (0.872821, 0.108182, 0.115437),
        (0.879597, 0.123636, 0.117669),
        (0.885270, 0.139091, 0.120198),
        (0.890155, 0.154545, 0.123024),
        (0.894630, 0.170000, 0.126148),
        (0.823704, 0.000000, 0.108148),
        (0.838320, 0.015455, 0.108297),
        (0.852526, 0.030909, 0.108743),
        (0.865944, 0.046364, 0.109487),
        (0.878259, 0.061818, 0.110528),
        (0.889248, 0.077273, 0.111867),
        (0.898793, 0.092727, 0.113504),
        (0.906895, 0.108182, 0.115437),
        (0.913671, 0.123636, 0.117669),
        (0.919344, 0.139091, 0.120198),
        (0.924229, 0.154545, 0.123024),
        (0.928704, 0.170000, 0.126148),
        (0.857778, 0.000000, 0.108148),
        (0.872394, 0.015455, 0.108297),
        (0.886600, 0.030909, 0.108743),
        (0.900018, 0.046364, 0.109487),
        (0.912333, 0.061818, 0.110528),
        (0.923322, 0.077273, 0.111867),
        (0.932867, 0.092727, 0.113504),
        (0.940969, 0.108182, 0.115437),
        (0.947745, 0.123636, 0.117669),
        (0.953418, 0.139091, 0.120198),
        (0.958304, 0.154545, 0.123024),
        (0.962778, 0.170000, 0.126148),
        (0.891852, 0.000000, 0.108148),
        (0.906468, 0.015455, 0.108297),
        (0.920674, 0.030909, 0.108743),
        (0.934092, 0.046364, 0.109487),
        (0.946407, 0.061818, 0.110528),
        (0.957396, 0.077273, 0.111867),
        (0.966941, 0.092727, 0.113504),
        (0.975043, 0.108182, 0.115437),
        (0.981819, 0.123636, 0.117669),
        (0.987492, 0.139091, 0.120198),
        (0.992378, 0.154545, 0.123024),
        (0.996852, 0.170000, 0.126148),
        (0.925926, 0.000000, 0.108148),
        (0.940543, 0.015455, 0.108297),
        (0.954748, 0.030909, 0.108743),
        (0.968166, 0.046364, 0.109487),
        (0.980481, 0.061818, 0.110528),
        (0.991470, 0.077273, 0.111867),
        (1.001015, 0.092727, 0.113504),
        (1.009117, 0.108182, 0.115437),
        (1.015893, 0.123636, 0.117669),
        (1.021567, 0.139091, 0.120198),
        (1.026452, 0.154545, 0.123024),
        (1.030926, 0.170000, 0.126148),
        (0.960000, 0.000000, 0.108148),
        (0.974617, 0.015455, 0.108297),
        (0.988822, 0.030909, 0.108743),
        (1.002240, 0.046364, 0.109487),
        (1.014555, 0.061818, 0.110528),
        (1.025544, 0.077273, 0.111867),
        (1.035090, 0.092727, 0.113504),
        (1.043192, 0.108182, 0.115437),
        (1.049967, 0.123636, 0.117669),
        (1.055641, 0.139091, 0.120198),
        (1.060526, 0.154545, 0.123024),
        (1.065000, 0.170000, 0.126148),
        (0.040000, 0.000000, 0.142222),
        (0.054617, 0.015455, 0.142371),
        (0.068822, 0.030909, 0.142817),
        (0.082240, 0.046364, 0.143561),
        (0.094555, 0.061818, 0.144602),
        (0.105544, 0.077273, 0.145941),
        (0.115090, 0.092727, 0.147578),
        (0.123192, 0.108182, 0.149511),
        (0.129967, 0.123636, 0.151743),
        (0.135641, 0.139091, 0.154272),
        (0.140526, 0.154545, 0.157098),
        (0.145000, 0.170000, 0.160222),
        (0.074074, 0.000000, 0.142222),
        (0.088691, 0.015455, 0.142371),
        (0.102897, 0.030909, 0.142817),
        (0.116314, 0.046364, 0.143561),
        (0.128629, 0.061818, 0.144602),
        (0.139618, 0.077273, 0.145941),
        (0.149164, 0.092727, 0.147578),
        (0.157266, 0.108182, 0.149511),
        (0.164041, 0.123636, 0.151743),
        (0.169715, 0.139091, 0.154272),
        (0.174600, 0.154545, 0.157098),
        (0.179074, 0.170000, 0.160222),
        (0.108148, 0.000000, 0.142222),
        (0.122765, 0.015455, 0.142371),
        (0.136971, 0.030909, 0.142817),
        (0.150388, 0.046364, 0.143561),
        (0.162703, 0.061818, 0.144602),
        (0.173692, 0.077273, 0.145941),
        (0.183238, 0.092727, 0.147578),
        (0.191340, 0.108182, 0.149511),
        (0.198115, 0.123636, 0.151743),
        (0.203789, 0.139091, 0.154272),
        (0.208674, 0.154545, 0.157098),
        (0.213148, 0.170000, 0.160222),
        (0.142222, 0.000000, 0.142222),
        (0.156839, 0.015455, 0.142371),
        (0.171045, 0.030909, 0.142817),
        (0.184462, 0.046364, 0.143561),
        (0.196777, 0.061818, 0.144602),
        (0.207766, 0.077273, 0.145941),
        (0.217312, 0.092727, 0.147578),
        (0.225414, 0.108182, 0.149511),
        (0.232189, 0.123636, 0.151743),
        (0.237863, 0.139091, 0.154272),
        (0.242748, 0.154545, 0.157098),
        (0.247222, 0.170000, 0.160222),
        (0.176296, 0.000000, 0.142222),
        (0.190913, 0.015455, 0.142371),
        (0.205119, 0.030909, 0.142817),
        (0.218536, 0.046364, 0.143561),
        (0.230851, 0.061818, 0.144602),
        (0.241840, 0.077273, 0.145941),
        (0.251386, 0.092727, 0.147578),
        (0.259488, 0.108182, 0.149511),
        (0.266263, 0.123636, 0.151743),
        (0.271937, 0.139091, 0.154272),
        (0.276822, 0.154545, 0.157098),
        (0.281296, 0.170000, 0.160222),
        (0.210370, 0.000000, 0.142222),
        (0.224987, 0.015455, 0.142371),
        (0.239193, 0.030909, 0.142817),
        (0.252610, 0.046364, 0.143561),
        (0.264926, 0.061818, 0.144602),
        (0.275914, 0.077273, 0.145941),
        (0.285460, 0.092727, 0.147578),
        (0.293562, 0.108182, 0.149511),
        (0.300337, 0.123636, 0.151743),
        (0.306011, 0.139091, 0.154272),
        (0.310896, 0.154545, 0.157098),
        (0.315370, 0.170000, 0.160222),
        (0.244444, 0.000000, 0.142222),
        (0.259061, 0.015455, 0.142371),
        (0.273267, 0.030909, 0.142817),
        (0.286684, 0.046364, 0.143561),
        (0.299000, 0.061818, 0.144602),
        (0.309989, 0.077273, 0.145941),
        (0.319534, 0.092727, 0.147578),
        (0.327636, 0.108182, 0.149511),
        (0.334412, 0.123636, 0.151743),
        (0.340085, 0.139091, 0.154272),
        (0.344970, 0.154545, 0.157098),
        (0.349444, 0.170000, 0.160222),
        (0.278519, 0.000000, 0.142222),
        (0.293135, 0.015455, 0.142371),
        (0.307341, 0.030909, 0.142817),
        (0.320758, 0.046364, 0.143561),
        (0.333074, 0.061818, 0.144602),
        (0.344063, 0.077273, 0.145941),
        (0.353608, 0.092727, 0.147578),
        (0.361710, 0.108182, 0.149511),
        (0.368486, 0.123636, 0.151743),
        (0.374159, 0.139091, 0.154272),
        (0.379044, 0.154545, 0.157098),
        (0.383519, 0.170000, 0.160222),
        (0.312593, 0.000000, 0.142222),
        (0.327209, 0.015455, 0.142371),
        (0.341415, 0.030909, 0.142817),
        (0.354832, 0.046364, 0.143561),
        (0.367148, 0.061818, 0.144602),
        (0.378137, 0.077273, 0.145941),
        (0.387682, 0.092727, 0.147578),
        (0.395784, 0.108182, 0.149511),
        (0.402560, 0.123636, 0.151743),
        (0.408233, 0.139091, 0.154272),
        (0.413118, 0.154545, 0.157098),
        (0.417593, 0.170000, 0.160222),
        (0.346667, 0.000000, 0.142222),
        (0.361283, 0.015455, 0.142371),
        (0.375489, 0.030909, 0.142817),
        (0.388907, 0.046364, 0.143561),
        (0.401222, 0.061818, 0.144602),
        (0.412211, 0.077273, 0.145941),
        (0.421756, 0.092727, 0.147578),
        (0.429858, 0.108182, 0.149511),
        (0.436634, 0.123636, 0.151743),
        (0.442307, 0.139091, 0.154272),
        (0.447192, 0.154545, 0.157098),
        (0.451667, 0.170000, 0.160222),
        (0.380741, 0.000000, 0.142222),
        (0.395357, 0.015455, 0.142371),
        (0.409563, 0.030909, 0.142817),
        (0.422981, 0.046364, 0.143561),
        (0.435296, 0.061818, 0.144602),
        (0.446285, 0.077273, 0.145941),
        (0.455830, 0.092727, 0.147578),
        (0.463932, 0.108182, 0.149511),
        (0.470708, 0.123636, 0.151743),
        (0.476381, 0.139091, 0.154272),
        (0.481266, 0.154545, 0.157098),
        (0.485741, 0.170000, 0.160222),
        (0.414815, 0.000000, 0.142222),
        (0.429431, 0.015455, 0.142371),
        (0.443637, 0.030909, 0.142817),
        (0.457055, 0.046364, 0.143561),
        (0.469370, 0.061818, 0.144602),
        (0.480359, 0.077273, 0.145941),
        (0.489904, 0.092727, 0.147578),
        (0.498006, 0.108182, 0.149511),
        (0.504782, 0.123636, 0.151743),
        (0.510455, 0.139091, 0.154272),
        (0.515341, 0.154545, 0.157098),
        (0.519815, 0.170000, 0.160222),
        (0.448889, 0.000000, 0.142222),
        (0.463506, 0.015455, 0.142371),
        (0.477711, 0.030909, 0.142817),
        (0.491129, 0.046364, 0.143561),
        (0.503444, 0.061818, 0.144602),
        (0.514433, 0.077273, 0.145941),
        (0.523978, 0.092727, 0.147578),
        (0.532080, 0.108182, 0.149511),
        (0.538856, 0.123636, 0.151743),
        (0.544530, 0.139091, 0.154272),
        (0.549415, 0.154545, 0.157098),
        (0.553889, 0.170000, 0.160222),
        (0.482963, 0.000000, 0.142222),
        (0.497580, 0.015455, 0.142371),
        (0.511785, 0.030909, 0.142817),
        (0.525203, 0.046364, 0.143561),
        (0.537518, 0.061818, 0.144602),
        (0.548507, 0.077273, 0.145941),
        (0.558052, 0.092727, 0.147578),
        (0.566155, 0.108182, 0.149511),
        (0.572930, 0.123636, 0.151743),
        (0.578604, 0.139091, 0.154272),
        (0.583489, 0.154545, 0.157098),
        (0.587963, 0.170000, 0.160222),
        (0.517037, 0.000000, 0.142222),
        (0.531654, 0.015455, 0.142371),
        (0.545859, 0.030909, 0.142817),
        (0.559277, 0.046364, 0.143561),
        (0.571592, 0.061818, 0.144602),
        (0.582581, 0.077273, 0.145941),
        (0.592127, 0.092727, 0.147578),
        (0.600229, 0.108182, 0.149511),
        (0.607004, 0.123636, 0.151743),
        (0.612678, 0.139091, 0.154272),
        (0.617563, 0.154545, 0.157098),
        (0.622037, 0.170000, 0.160222),
        (0.551111, 0.000000, 0.142222),
        (0.565728, 0.015455, 0.142371),
        (0.579934, 0.030909, 0.142817),
        (0.593351, 0.046364, 0.143561),
        (0.605666, 0.061818, 0.144602),
        (0.616655, 0.077273, 0.145941),
        (0.626201, 0.092727, 0.147578),
        (0.634303, 0.108182, 0.149511),
        (0.641078, 0.123636, 0.151743),
        (0.646752, 0.139091, 0.154272),
        (0.651637, 0.154545, 0.157098),
        (0.656111, 0.170000, 0.160222),
        (0.585185, 0.000000, 0.142222),
        (0.599802, 0.015455, 0.142371),
        (0.614008, 0.030909, 0.142817),
        (0.627425, 0.046364, 0.143561),
        (0.639740, 0.061818, 0.144602),
        (0.650729, 0.077273, 0.145941),
        (0.660275, 0.092727, 0.147578),
        (0.668377, 0.108182, 0.149511),
        (0.675152, 0.123636, 0.151743),
        (0.680826, 0.139091, 0.154272),
        (0.685711, 0.154545, 0.157098),
        (0.690185, 0.170000, 0.160222),
        (0.619259, 0.000000, 0.142222),
        (0.633876, 0.015455, 0.142371),
        (0.648082, 0.030909, 0.142817),
        (0.661499, 0.046364, 0.143561),
        (0.673814, 0.061818, 0.144602),
        (0.684803, 0.077273, 0.145941),
        (0.694349, 0.092727, 0.147578),
        (0.702451, 0.108182, 0.149511),
        (0.709226, 0.123636, 0.151743),
        (0.714900, 0.139091, 0.154272),
        (0.719785, 0.154545, 0.157098),
        (0.724259, 0.170000, 0.160222),
        (0.653333, 0.000000, 0.142222),
        (0.667950, 0.015455, 0.142371),
        (0.682156, 0.030909, 0.142817),
        (0.695573, 0.046364, 0.143561),
        (0.707889, 0.061818, 0.144602),
        (0.718877, 0.077273, 0.145941),
        (0.728423, 0.092727, 0.147578),
        (0.736525, 0.108182, 0.149511),
        (0.743300, 0.123636, 0.151743),
        (0.748974, 0.139091, 0.154272),
        (0.753859, 0.154545, 0.157098),
        (0.758333, 0.170000, 0.160222),
        (0.687407, 0.000000, 0.142222),
        (0.702024, 0.015455, 0.142371),
        (0.716230, 0.030909, 0.142817),
        (0.729647, 0.046364, 0.143561),
        (0.741963, 0.061818, 0.144602),
        (0.752951, 0.077273, 0.145941),
        (0.762497, 0.092727, 0.147578),
        (0.770599, 0.108182, 0.149511),
        (0.777375, 0.123636, 0.151743),
        (0.783048, 0.139091, 0.154272),
        (0.787933, 0.154545, 0.157098),
        (0.792407, 0.170000, 0.160222),
        (0.721481, 0.000000, 0.142222),
        (0.736098, 0.015455, 0.142371),
        (0.750304, 0.030909, 0.142817),
        (0.763721, 0.046364, 0.143561),
        (0.776037, 0.061818, 0.144602),
        (0.787026, 0.077273, 0.145941),
        (0.796571, 0.092727, 0.147578),
        (0.804673, 0.108182, 0.149511),
        (0.811449, 0.123636, 0.151743),
        (0.817122, 0.139091, 0.154272),
        (0.822007, 0.154545, 0.157098),
        (0.826481, 0.170000, 0.160222),
        (0.755556, 0.000000, 0.142222),
        (0.770172, 0.015455, 0.142371),
        (0.784378, 0.030909, 0.142817),
        (0.797795, 0.046364, 0.143561),
        (0.810111, 0.061818, 0.144602),
        (0.821100, 0.077273, 0.145941),
        (0.830645, 0.092727, 0.147578),
        (0.838747, 0.108182, 0.149511),
        (0.845523, 0.123636, 0.151743),
        (0.851196, 0.139091, 0.154272),
        (0.856081, 0.154545, 0.157098),
        (0.860556, 0.170000, 0.160222),
        (0.789630, 0.000000, 0.142222),
        (0.804246, 0.015455, 0.142371),
        (0.818452, 0.030909, 0.142817),
        (0.831869, 0.046364, 0.143561),
        (0.844185, 0.061818, 0.144602),
        (0.855174, 0.077273, 0.145941),
        (0.864719, 0.092727, 0.147578),
        (0.872821, 0.108182, 0.149511),
        (0.879597, 0.123636, 0.151743),
        (0.885270, 0.139091, 0.154272),
        (0.890155, 0.154545, 0.157098),
        (0.894630, 0.170000, 0.160222),
        (0.823704, 0.000000, 0.142222),
        (0.838320, 0.015455, 0.142371),
        (0.852526, 0.030909, 0.142817),
        (0.865944, 0.046364, 0.143561),
        (0.878259, 0.061818, 0.144602),
        (0.889248, 0.077273, 0.145941),
        (0.898793, 0.092727, 0.147578),
        (0.906895, 0.108182, 0.149511),
        (0.913671, 0.123636, 0.151743),
        (0.919344, 0.139091, 0.154272),
        (0.924229, 0.154545, 0.157098),
        (0.928704, 0.170000, 0.160222),
        (0.857778, 0.000000, 0.142222),
        (0.872394, 0.015455, 0.142371),
        (0.886600, 0.030909, 0.142817),
        (0.900018, 0.046364, 0.143561),
        (0.912333, 0.061818, 0.144602),
        (0.923322, 0.077273, 0.145941),
        (0.932867, 0.092727, 0.147578),
        (0.940969, 0.108182, 0.149511),
        (0.947745, 0.123636, 0.151743),
        (0.953418, 0.139091, 0.154272),
        (0.958304, 0.154545, 0.157098),
        (0.962778, 0.170000, 0.160222),
        (0.891852, 0.000000, 0.142222),
        (0.906468, 0.015455, 0.142371),
        (0.920674, 0.030909, 0.142817),
        (0.934092, 0.046364, 0.143561),
        (0.946407, 0.061818, 0.144602),
        (0.957396, 0.077273, 0.145941),
        (0.966941, 0.092727, 0.147578),
        (0.975043, 0.108182, 0.149511),
        (0.981819, 0.123636, 0.151743),
        (0.987492, 0.139091, 0.154272),
        (0.992378, 0.154545, 0.157098),
        (0.996852, 0.170000, 0.160222),
        (0.925926, 0.000000, 0.142222),
        (0.940543, 0.015455, 0.142371),
        (0.954748, 0.030909, 0.142817),
        (0.968166, 0.046364, 0.143561),
        (0.980481, 0.061818, 0.144602),
        (0.991470, 0.077273, 0.145941),
        (1.001015, 0.092727, 0.147578),
        (1.009117, 0.108182, 0.149511),
        (1.015893, 0.123636, 0.151743),
        (1.021567, 0.139091, 0.154272),
        (1.026452, 0.154545, 0.157098),
        (1.030926, 0.170000, 0.160222),
        (0.960000, 0.000000, 0.142222),
        (0.974617, 0.015455, 0.142371),
        (0.988822, 0.030909, 0.142817),
        (1.002240, 0.046364, 0.143561),
        (1.014555, 0.061818, 0.144602),
        (1.025544, 0.077273, 0.145941),
        (1.035090, 0.092727, 0.147578),
        (1.043192, 0.108182, 0.149511),
        (1.049967, 0.123636, 0.151743),
        (1.055641, 0.139091, 0.154272),
        (1.060526, 0.154545, 0.157098),
        (1.065000, 0.170000, 0.160222),
        (0.040000, 0.000000, 0.176296),
        (0.054617, 0.015455, 0.176445),
        (0.068822, 0.030909, 0.176891),
        (0.082240, 0.046364, 0.177635),
        (0.094555, 0.061818, 0.178676),
        (0.105544, 0.077273, 0.180015),
        (0.115090, 0.092727, 0.181652),
        (0.123192, 0.108182, 0.183586),
        (0.129967, 0.123636, 0.185817),
        (0.135641, 0.139091, 0.188346),
        (0.140526, 0.154545, 0.191172),
        (0.145000, 0.170000, 0.194296),
        (0.074074, 0.000000, 0.176296),
        (0.088691, 0.015455, 0.176445),
        (0.102897, 0.030909, 0.176891),
        (0.116314, 0.046364, 0.177635),
        (0.128629, 0.061818, 0.178676),
        (0.139618, 0.077273, 0.180015),
        (0.149164, 0.092727, 0.181652),
        (0.157266, 0.108182, 0.183586),
        (0.164041, 0.123636, 0.185817),
        (0.169715, 0.139091, 0.188346),
        (0.174600, 0.154545, 0.191172),
        (0.179074, 0.170000, 0.194296),
        (0.108148, 0.000000, 0.176296),
        (0.122765, 0.015455, 0.176445),
        (0.136971, 0.030909, 0.176891),
        (0.150388, 0.046364, 0.177635),
        (0.162703, 0.061818, 0.178676),
        (0.173692, 0.077273, 0.180015),
        (0.183238, 0.092727, 0.181652),
        (0.191340, 0.108182, 0.183586),
        (0.198115, 0.123636, 0.185817),
        (0.203789, 0.139091, 0.188346),
        (0.208674, 0.154545, 0.191172),
        (0.213148, 0.170000, 0.194296),
        (0.142222, 0.000000, 0.176296),
        (0.156839, 0.015455, 0.176445),
        (0.171045, 0.030909, 0.176891),
        (0.184462, 0.046364, 0.177635),
        (0.196777, 0.061818, 0.178676),
        (0.207766, 0.077273, 0.180015),
        (0.217312, 0.092727, 0.181652),
        (0.225414, 0.108182, 0.183586),
        (0.232189, 0.123636, 0.185817),
        (0.237863, 0.139091, 0.188346),
        (0.242748, 0.154545, 0.191172),
        (0.247222, 0.170000, 0.194296),
        (0.176296, 0.000000, 0.176296),
        (0.190913, 0.015455, 0.176445),
        (0.205119, 0.030909, 0.176891),
        (0.218536, 0.046364, 0.177635),
        (0.230851, 0.061818, 0.178676),
        (0.241840, 0.077273, 0.180015),
        (0.251386, 0.092727, 0.181652),
        (0.259488, 0.108182, 0.183586),
        (0.266263, 0.123636, 0.185817),
        (0.271937, 0.139091, 0.188346),
        (0.276822, 0.154545, 0.191172),
        (0.281296, 0.170000, 0.194296),
        (0.210370, 0.000000, 0.176296),
        (0.224987, 0.015455, 0.176445),
        (0.239193, 0.030909, 0.176891),
        (0.252610, 0.046364, 0.177635),
        (0.264926, 0.061818, 0.178676),
        (0.275914, 0.077273, 0.180015),
        (0.285460, 0.092727, 0.181652),
        (0.293562, 0.108182, 0.183586),
        (0.300337, 0.123636, 0.185817),
        (0.306011, 0.139091, 0.188346),
        (0.310896, 0.154545, 0.191172),
        (0.315370, 0.170000, 0.194296),
        (0.244444, 0.000000, 0.176296),
        (0.259061, 0.015455, 0.176445),
        (0.273267, 0.030909, 0.176891),
        (0.286684, 0.046364, 0.177635),
        (0.299000, 0.061818, 0.178676),
        (0.309989, 0.077273, 0.180015),
        (0.319534, 0.092727, 0.181652),
        (0.327636, 0.108182, 0.183586),
        (0.334412, 0.123636, 0.185817),
        (0.340085, 0.139091, 0.188346),
        (0.344970, 0.154545, 0.191172),
        (0.349444, 0.170000, 0.194296),
        (0.278519, 0.000000, 0.176296),
        (0.293135, 0.015455, 0.176445),
        (0.307341, 0.030909, 0.176891),
        (0.320758, 0.046364, 0.177635),
        (0.333074, 0.061818, 0.178676),
        (0.344063, 0.077273, 0.180015),
        (0.353608, 0.092727, 0.181652),
        (0.361710, 0.108182, 0.183586),
        (0.368486, 0.123636, 0.185817),
        (0.374159, 0.139091, 0.188346),
        (0.379044, 0.154545, 0.191172),
        (0.383519, 0.170000, 0.194296),
        (0.312593, 0.000000, 0.176296),
        (0.327209, 0.015455, 0.176445),
        (0.341415, 0.030909, 0.176891),
        (0.354832, 0.046364, 0.177635),
        (0.367148, 0.061818, 0.178676),
        (0.378137, 0.077273, 0.180015),
        (0.387682, 0.092727, 0.181652),
        (0.395784, 0.108182, 0.183586),
        (0.402560, 0.123636, 0.185817),
        (0.408233, 0.139091, 0.188346),
        (0.413118, 0.154545, 0.191172),
        (0.417593, 0.170000, 0.194296),
        (0.346667, 0.000000, 0.176296),
        (0.361283, 0.015455, 0.176445),
        (0.375489, 0.030909, 0.176891),
        (0.388907, 0.046364, 0.177635),
        (0.401222, 0.061818, 0.178676),
        (0.412211, 0.077273, 0.180015),
        (0.421756, 0.092727, 0.181652),
        (0.429858, 0.108182, 0.183586),
        (0.436634, 0.123636, 0.185817),
        (0.442307, 0.139091, 0.188346),
        (0.447192, 0.154545, 0.191172),
        (0.451667, 0.170000, 0.194296),
        (0.380741, 0.000000, 0.176296),
        (0.395357, 0.015455, 0.176445),
        (0.409563, 0.030909, 0.176891),
        (0.422981, 0.046364, 0.177635),
        (0.435296, 0.061818, 0.178676),
        (0.446285, 0.077273, 0.180015),
        (0.455830, 0.092727, 0.181652),
        (0.463932, 0.108182, 0.183586),
        (0.470708, 0.123636, 0.185817),
        (0.476381, 0.139091, 0.188346),
        (0.481266, 0.154545, 0.191172),
        (0.485741, 0.170000, 0.194296),
        (0.414815, 0.000000, 0.176296),
        (0.429431, 0.015455, 0.176445),
        (0.443637, 0.030909, 0.176891),
        (0.457055, 0.046364, 0.177635),
        (0.469370, 0.061818, 0.178676),
        (0.480359, 0.077273, 0.180015),
        (0.489904, 0.092727, 0.181652),
        (0.498006, 0.108182, 0.183586),
        (0.504782, 0.123636, 0.185817),
        (0.510455, 0.139091, 0.188346),
        (0.515341, 0.154545, 0.191172),
        (0.519815, 0.170000, 0.194296),
        (0.448889, 0.000000, 0.176296),
        (0.463506, 0.015455, 0.176445),
        (0.477711, 0.030909, 0.176891),
        (0.491129, 0.046364, 0.177635),
        (0.503444, 0.061818, 0.178676),
        (0.514433, 0.077273, 0.180015),
        (0.523978, 0.092727, 0.181652),
        (0.532080, 0.108182, 0.183586),
        (0.538856, 0.123636, 0.185817),
        (0.544530, 0.139091, 0.188346),
        (0.549415, 0.154545, 0.191172),
        (0.553889, 0.170000, 0.194296),
        (0.482963, 0.000000, 0.176296),
        (0.497580, 0.015455, 0.176445),
        (0.511785, 0.030909, 0.176891),
        (0.525203, 0.046364, 0.177635),
        (0.537518, 0.061818, 0.178676),
        (0.548507, 0.077273, 0.180015),
        (0.558052, 0.092727, 0.181652),
        (0.566155, 0.108182, 0.183586),
        (0.572930, 0.123636, 0.185817),
        (0.578604, 0.139091, 0.188346),
        (0.583489, 0.154545, 0.191172),
        (0.587963, 0.170000, 0.194296),
        (0.517037, 0.000000, 0.176296),
        (0.531654, 0.015455, 0.176445),
        (0.545859, 0.030909, 0.176891),
        (0.559277, 0.046364, 0.177635),
        (0.571592, 0.061818, 0.178676),
        (0.582581, 0.077273, 0.180015),
        (0.592127, 0.092727, 0.181652),
        (0.600229, 0.108182, 0.183586),
        (0.607004, 0.123636, 0.185817),
        (0.612678, 0.139091, 0.188346),
        (0.617563, 0.154545, 0.191172),
        (0.622037, 0.170000, 0.194296),
        (0.551111, 0.000000, 0.176296),
        (0.565728, 0.015455, 0.176445),
        (0.579934, 0.030909, 0.176891),
        (0.593351, 0.046364, 0.177635),
        (0.605666, 0.061818, 0.178676),
        (0.616655, 0.077273, 0.180015),
        (0.626201, 0.092727, 0.181652),
        (0.634303, 0.108182, 0.183586),
        (0.641078, 0.123636, 0.185817),
        (0.646752, 0.139091, 0.188346),
        (0.651637, 0.154545, 0.191172),
        (0.656111, 0.170000, 0.194296),
        (0.585185, 0.000000, 0.176296),
        (0.599802, 0.015455, 0.176445),
        (0.614008, 0.030909, 0.176891),
        (0.627425, 0.046364, 0.177635),
        (0.639740, 0.061818, 0.178676),
        (0.650729, 0.077273, 0.180015),
        (0.660275, 0.092727, 0.181652),
        (0.668377, 0.108182, 0.183586),
        (0.675152, 0.123636, 0.185817),
        (0.680826, 0.139091, 0.188346),
        (0.685711, 0.154545, 0.191172),
        (0.690185, 0.170000, 0.194296),
        (0.619259, 0.000000, 0.176296),
        (0.633876, 0.015455, 0.176445),
        (0.648082, 0.030909, 0.176891),
        (0.661499, 0.046364, 0.177635),
        (0.673814, 0.061818, 0.178676),
        (0.684803, 0.077273, 0.180015),
        (0.694349, 0.092727, 0.181652),
        (0.702451, 0.108182, 0.183586),
        (0.709226, 0.123636, 0.185817),
        (0.714900, 0.139091, 0.188346),
        (0.719785, 0.154545, 0.191172),
        (0.724259, 0.170000, 0.194296),
        (0.653333, 0.000000, 0.176296),
        (0.667950, 0.015455, 0.176445),
        (0.682156, 0.030909, 0.176891),
        (0.695573, 0.046364, 0.177635),
        (0.707889, 0.061818, 0.178676),
        (0.718877, 0.077273, 0.180015),
        (0.728423, 0.092727, 0.181652),
        (0.736525, 0.108182, 0.183586),
        (0.743300, 0.123636, 0.185817),
        (0.748974, 0.139091, 0.188346),
        (0.753859, 0.154545, 0.191172),
        (0.758333, 0.170000, 0.194296),
        (0.687407, 0.000000, 0.176296),
        (0.702024, 0.015455, 0.176445),
        (0.716230, 0.030909, 0.176891),
        (0.729647, 0.046364, 0.177635),
        (0.741963, 0.061818, 0.178676),
        (0.752951, 0.077273, 0.180015),
        (0.762497, 0.092727, 0.181652),
        (0.770599, 0.108182, 0.183586),
        (0.777375, 0.123636, 0.185817),
        (0.783048, 0.139091, 0.188346),
        (0.787933, 0.154545, 0.191172),
        (0.792407, 0.170000, 0.194296),
        (0.721481, 0.000000, 0.176296),
        (0.736098, 0.015455, 0.176445),
        (0.750304, 0.030909, 0.176891),
        (0.763721, 0.046364, 0.177635),
        (0.776037, 0.061818, 0.178676),
        (0.787026, 0.077273, 0.180015),
        (0.796571, 0.092727, 0.181652),
        (0.804673, 0.108182, 0.183586),
        (0.811449, 0.123636, 0.185817),
        (0.817122, 0.139091, 0.188346),
        (0.822007, 0.154545, 0.191172),
        (0.826481, 0.170000, 0.194296),
        (0.755556, 0.000000, 0.176296),
        (0.770172, 0.015455, 0.176445),
        (0.784378, 0.030909, 0.176891),
        (0.797795, 0.046364, 0.177635),
        (0.810111, 0.061818, 0.178676),
        (0.821100, 0.077273, 0.180015),
        (0.830645, 0.092727, 0.181652),
        (0.838747, 0.108182, 0.183586),
        (0.845523, 0.123636, 0.185817),
        (0.851196, 0.139091, 0.188346),
        (0.856081, 0.154545, 0.191172),
        (0.860556, 0.170000, 0.194296),
        (0.789630, 0.000000, 0.176296),
        (0.804246, 0.015455, 0.176445),
        (0.818452, 0.030909, 0.176891),
        (0.831869, 0.046364, 0.177635),
        (0.844185, 0.061818, 0.178676),
        (0.855174, 0.077273, 0.180015),
        (0.864719, 0.092727, 0.181652),
        (0.872821, 0.108182, 0.183586),
        (0.879597, 0.123636, 0.185817),
        (0.885270, 0.139091, 0.188346),
        (0.890155, 0.154545, 0.191172),
        (0.894630, 0.170000, 0.194296),
        (0.823704, 0.000000, 0.176296),
        (0.838320, 0.015455, 0.176445),
        (0.852526, 0.030909, 0.176891),
        (0.865944, 0.046364, 0.177635),
        (0.878259, 0.061818, 0.178676),
        (0.889248, 0.077273, 0.180015),
        (0.898793, 0.092727, 0.181652),
        (0.906895, 0.108182, 0.183586),
        (0.913671, 0.123636, 0.185817),
        (0.919344, 0.139091, 0.188346),
        (0.924229, 0.154545, 0.191172),
        (0.928704, 0.170000, 0.194296),
        (0.857778, 0.000000, 0.176296),
        (0.872394, 0.015455, 0.176445),
        (0.886600, 0.030909, 0.176891),
        (0.900018, 0.046364, 0.177635),
        (0.912333, 0.061818, 0.178676),
        (0.923322, 0.077273, 0.180015),
        (0.932867, 0.092727, 0.181652),
        (0.940969, 0.108182, 0.183586),
        (0.947745, 0.123636, 0.185817),
        (0.953418, 0.139091, 0.188346),
        (0.958304, 0.154545, 0.191172),
        (0.962778, 0.170000, 0.194296),
        (0.891852, 0.000000, 0.176296),
        (0.906468, 0.015455, 0.176445),
        (0.920674, 0.030909, 0.176891),
        (0.934092, 0.046364, 0.177635),
        (0.946407, 0.061818, 0.178676),
        (0.957396, 0.077273, 0.180015),
        (0.966941, 0.092727, 0.181652),
        (0.975043, 0.108182, 0.183586),
        (0.981819, 0.123636, 0.185817),
        (0.987492, 0.139091, 0.188346),
        (0.992378, 0.154545, 0.191172),
        (0.996852, 0.170000, 0.194296),
        (0.925926, 0.000000, 0.176296),
        (0.940543, 0.015455, 0.176445),
        (0.954748, 0.030909, 0.176891),
        (0.968166, 0.046364, 0.177635),
        (0.980481, 0.061818, 0.178676),
        (0.991470, 0.077273, 0.180015),
        (1.001015, 0.092727, 0.181652),
        (1.009117, 0.108182, 0.183586),
        (1.015893, 0.123636, 0.185817),
        (1.021567, 0.139091, 0.188346),
        (1.026452, 0.154545, 0.191172),
        (1.030926, 0.170000, 0.194296),
        (0.960000, 0.000000, 0.176296),
        (0.974617, 0.015455, 0.176445),
        (0.988822, 0.030909, 0.176891),
        (1.002240, 0.046364, 0.177635),
        (1.014555, 0.061818, 0.178676),
        (1.025544, 0.077273, 0.180015),
        (1.035090, 0.092727, 0.181652),
        (1.043192, 0.108182, 0.183586),
        (1.049967, 0.123636, 0.185817),
        (1.055641, 0.139091, 0.188346),
        (1.060526, 0.154545, 0.191172),
        (1.065000, 0.170000, 0.194296),
        (0.040000, 0.000000, 0.210370),
        (0.054617, 0.015455, 0.210519),
        (0.068822, 0.030909, 0.210965),
        (0.082240, 0.046364, 0.211709),
        (0.094555, 0.061818, 0.212751),
        (0.105544, 0.077273, 0.214089),
        (0.115090, 0.092727, 0.215726),
        (0.123192, 0.108182, 0.217660),
        (0.129967, 0.123636, 0.219891),
        (0.135641, 0.139091, 0.222420),
        (0.140526, 0.154545, 0.225246),
        (0.145000, 0.170000, 0.228370),
        (0.074074, 0.000000, 0.210370),
        (0.088691, 0.015455, 0.210519),
        (0.102897, 0.030909, 0.210965),
        (0.116314, 0.046364, 0.211709),
        (0.128629, 0.061818, 0.212751),
        (0.139618, 0.077273, 0.214089),
        (0.149164, 0.092727, 0.215726),
        (0.157266, 0.108182, 0.217660),
        (0.164041, 0.123636, 0.219891),
        (0.169715, 0.139091, 0.222420),
        (0.174600, 0.154545, 0.225246),
        (0.179074, 0.170000, 0.228370),
        (0.108148, 0.000000, 0.210370),
        (0.122765, 0.015455, 0.210519),
        (0.136971, 0.030909, 0.210965),
        (0.150388, 0.046364, 0.211709),
        (0.162703, 0.061818, 0.212751),
        (0.173692, 0.077273, 0.214089),
        (0.183238, 0.092727, 0.215726),
        (0.191340, 0.108182, 0.217660),
        (0.198115, 0.123636, 0.219891),
        (0.203789, 0.139091, 0.222420),
        (0.208674, 0.154545, 0.225246),
        (0.213148, 0.170000, 0.228370),
        (0.142222, 0.000000, 0.210370),
        (0.156839, 0.015455, 0.210519),
        (0.171045, 0.030909, 0.210965),
        (0.184462, 0.046364, 0.211709),
        (0.196777, 0.061818, 0.212751),
        (0.207766, 0.077273, 0.214089),
        (0.217312, 0.092727, 0.215726),
        (0.225414, 0.108182, 0.217660),
        (0.232189, 0.123636, 0.219891),
        (0.237863, 0.139091, 0.222420),
        (0.242748, 0.154545, 0.225246),
        (0.247222, 0.170000, 0.228370),
        (0.176296, 0.000000, 0.210370),
        (0.190913, 0.015455, 0.210519),
        (0.205119, 0.030909, 0.210965),
        (0.218536, 0.046364, 0.211709),
        (0.230851, 0.061818, 0.212751),
        (0.241840, 0.077273, 0.214089),
        (0.251386, 0.092727, 0.215726),
        (0.259488, 0.108182, 0.217660),
        (0.266263, 0.123636, 0.219891),
        (0.271937, 0.139091, 0.222420),
        (0.276822, 0.154545, 0.225246),
        (0.281296, 0.170000, 0.228370),
        (0.210370, 0.000000, 0.210370),
        (0.224987, 0.015455, 0.210519),
        (0.239193, 0.030909, 0.210965),
        (0.252610, 0.046364, 0.211709),
        (0.264926, 0.061818, 0.212751),
        (0.275914, 0.077273, 0.214089),
        (0.285460, 0.092727, 0.215726),
        (0.293562, 0.108182, 0.217660),
        (0.300337, 0.123636, 0.219891),
        (0.306011, 0.139091, 0.222420),
        (0.310896, 0.154545, 0.225246),
        (0.315370, 0.170000, 0.228370),
        (0.244444, 0.000000, 0.210370),
        (0.259061, 0.015455, 0.210519),
        (0.273267, 0.030909, 0.210965),
        (0.286684, 0.046364, 0.211709),
        (0.299000, 0.061818, 0.212751),
        (0.309989, 0.077273, 0.214089),
        (0.319534, 0.092727, 0.215726),
        (0.327636, 0.108182, 0.217660),
        (0.334412, 0.123636, 0.219891),
        (0.340085, 0.139091, 0.222420),
        (0.344970, 0.154545, 0.225246),
        (0.349444, 0.170000, 0.228370),
        (0.278519, 0.000000, 0.210370),
        (0.293135, 0.015455, 0.210519),
        (0.307341, 0.030909, 0.210965),
        (0.320758, 0.046364, 0.211709),
        (0.333074, 0.061818, 0.212751),
        (0.344063, 0.077273, 0.214089),
        (0.353608, 0.092727, 0.215726),
        (0.361710, 0.108182, 0.217660),
        (0.368486, 0.123636, 0.219891),
        (0.374159, 0.139091, 0.222420),
        (0.379044, 0.154545, 0.225246),
        (0.383519, 0.170000, 0.228370),
        (0.312593, 0.000000, 0.210370),
        (0.327209, 0.015455, 0.210519),
        (0.341415, 0.030909, 0.210965),
        (0.354832, 0.046364, 0.211709),
        (0.367148, 0.061818, 0.212751),
        (0.378137, 0.077273, 0.214089),
        (0.387682, 0.092727, 0.215726),
        (0.395784, 0.108182, 0.217660),
        (0.402560, 0.123636, 0.219891),
        (0.408233, 0.139091, 0.222420),
        (0.413118, 0.154545, 0.225246),
        (0.417593, 0.170000, 0.228370),
        (0.346667, 0.000000, 0.210370),
        (0.361283, 0.015455, 0.210519),
        (0.375489, 0.030909, 0.210965),
        (0.388907, 0.046364, 0.211709),
        (0.401222, 0.061818, 0.212751),
        (0.412211, 0.077273, 0.214089),
        (0.421756, 0.092727, 0.215726),
        (0.429858, 0.108182, 0.217660),
        (0.436634, 0.123636, 0.219891),
        (0.442307, 0.139091, 0.222420),
        (0.447192, 0.154545, 0.225246),
        (0.451667, 0.170000, 0.228370),
        (0.380741, 0.000000, 0.210370),
        (0.395357, 0.015455, 0.210519),
        (0.409563, 0.030909, 0.210965),
        (0.422981, 0.046364, 0.211709),
        (0.435296, 0.061818, 0.212751),
        (0.446285, 0.077273, 0.214089),
        (0.455830, 0.092727, 0.215726),
        (0.463932, 0.108182, 0.217660),
        (0.470708, 0.123636, 0.219891),
        (0.476381, 0.139091, 0.222420),
        (0.481266, 0.154545, 0.225246),
        (0.485741, 0.170000, 0.228370),
        (0.414815, 0.000000, 0.210370),
        (0.429431, 0.015455, 0.210519),
        (0.443637, 0.030909, 0.210965),
        (0.457055, 0.046364, 0.211709),
        (0.469370, 0.061818, 0.212751),
        (0.480359, 0.077273, 0.214089),
        (0.489904, 0.092727, 0.215726),
        (0.498006, 0.108182, 0.217660),
        (0.504782, 0.123636, 0.219891),
        (0.510455, 0.139091, 0.222420),
        (0.515341, 0.154545, 0.225246),
        (0.519815, 0.170000, 0.228370),
        (0.448889, 0.000000, 0.210370),
        (0.463506, 0.015455, 0.210519),
        (0.477711, 0.030909, 0.210965),
        (0.491129, 0.046364, 0.211709),
        (0.503444, 0.061818, 0.212751),
        (0.514433, 0.077273, 0.214089),
        (0.523978, 0.092727, 0.215726),
        (0.532080, 0.108182, 0.217660),
        (0.538856, 0.123636, 0.219891),
        (0.544530, 0.139091, 0.222420),
        (0.549415, 0.154545, 0.225246),
        (0.553889, 0.170000, 0.228370),
        (0.482963, 0.000000, 0.210370),
        (0.497580, 0.015455, 0.210519),
        (0.511785, 0.030909, 0.210965),
        (0.525203, 0.046364, 0.211709),
        (0.537518, 0.061818, 0.212751),
        (0.548507, 0.077273, 0.214089),
        (0.558052, 0.092727, 0.215726),
        (0.566155, 0.108182, 0.217660),
        (0.572930, 0.123636, 0.219891),
        (0.578604, 0.139091, 0.222420),
        (0.583489, 0.154545, 0.225246),
        (0.587963, 0.170000, 0.228370),
        (0.517037, 0.000000, 0.210370),
        (0.531654, 0.015455, 0.210519),
        (0.545859, 0.030909, 0.210965),
        (0.559277, 0.046364, 0.211709),
        (0.571592, 0.061818, 0.212751),
        (0.582581, 0.077273, 0.214089),
        (0.592127, 0.092727, 0.215726),
        (0.600229, 0.108182, 0.217660),
        (0.607004, 0.123636, 0.219891),
        (0.612678, 0.139091, 0.222420),
        (0.617563, 0.154545, 0.225246),
        (0.622037, 0.170000, 0.228370),
        (0.551111, 0.000000, 0.210370),
        (0.565728, 0.015455, 0.210519),
        (0.579934, 0.030909, 0.210965),
        (0.593351, 0.046364, 0.211709),
        (0.605666, 0.061818, 0.212751),
        (0.616655, 0.077273, 0.214089),
        (0.626201, 0.092727, 0.215726),
        (0.634303, 0.108182, 0.217660),
        (0.641078, 0.123636, 0.219891),
        (0.646752, 0.139091, 0.222420),
        (0.651637, 0.154545, 0.225246),
        (0.656111, 0.170000, 0.228370),
        (0.585185, 0.000000, 0.210370),
        (0.599802, 0.015455, 0.210519),
        (0.614008, 0.030909, 0.210965),
        (0.627425, 0.046364, 0.211709),
        (0.639740, 0.061818, 0.212751),
        (0.650729, 0.077273, 0.214089),
        (0.660275, 0.092727, 0.215726),
        (0.668377, 0.108182, 0.217660),
        (0.675152, 0.123636, 0.219891),
        (0.680826, 0.139091, 0.222420),
        (0.685711, 0.154545, 0.225246),
        (0.690185, 0.170000, 0.228370),
        (0.619259, 0.000000, 0.210370),
        (0.633876, 0.015455, 0.210519),
        (0.648082, 0.030909, 0.210965),
        (0.661499, 0.046364, 0.211709),
        (0.673814, 0.061818, 0.212751),
        (0.684803, 0.077273, 0.214089),
        (0.694349, 0.092727, 0.215726),
        (0.702451, 0.108182, 0.217660),
        (0.709226, 0.123636, 0.219891),
        (0.714900, 0.139091, 0.222420),
        (0.719785, 0.154545, 0.225246),
        (0.724259, 0.170000, 0.228370),
        (0.653333, 0.000000, 0.210370),
        (0.667950, 0.015455, 0.210519),
        (0.682156, 0.030909, 0.210965),
        (0.695573, 0.046364, 0.211709),
        (0.707889, 0.061818, 0.212751),
        (0.718877, 0.077273, 0.214089),
        (0.728423, 0.092727, 0.215726),
        (0.736525, 0.108182, 0.217660),
        (0.743300, 0.123636, 0.219891),
        (0.748974, 0.139091, 0.222420),
        (0.753859, 0.154545, 0.225246),
        (0.758333, 0.170000, 0.228370),
        (0.687407, 0.000000, 0.210370),
        (0.702024, 0.015455, 0.210519),
        (0.716230, 0.030909, 0.210965),
        (0.729647, 0.046364, 0.211709),
        (0.741963, 0.061818, 0.212751),
        (0.752951, 0.077273, 0.214089),
        (0.762497, 0.092727, 0.215726),
        (0.770599, 0.108182, 0.217660),
        (0.777375, 0.123636, 0.219891),
        (0.783048, 0.139091, 0.222420),
        (0.787933, 0.154545, 0.225246),
        (0.792407, 0.170000, 0.228370),
        (0.721481, 0.000000, 0.210370),
        (0.736098, 0.015455, 0.210519),
        (0.750304, 0.030909, 0.210965),
        (0.763721, 0.046364, 0.211709),
        (0.776037, 0.061818, 0.212751),
        (0.787026, 0.077273, 0.214089),
        (0.796571, 0.092727, 0.215726),
        (0.804673, 0.108182, 0.217660),
        (0.811449, 0.123636, 0.219891),
        (0.817122, 0.139091, 0.222420),
        (0.822007, 0.154545, 0.225246),
        (0.826481, 0.170000, 0.228370),
        (0.755556, 0.000000, 0.210370),
        (0.770172, 0.015455, 0.210519),
        (0.784378, 0.030909, 0.210965),
        (0.797795, 0.046364, 0.211709),
        (0.810111, 0.061818, 0.212751),
        (0.821100, 0.077273, 0.214089),
        (0.830645, 0.092727, 0.215726),
        (0.838747, 0.108182, 0.217660),
        (0.845523, 0.123636, 0.219891),
        (0.851196, 0.139091, 0.222420),
        (0.856081, 0.154545, 0.225246),
        (0.860556, 0.170000, 0.228370),
        (0.789630, 0.000000, 0.210370),
        (0.804246, 0.015455, 0.210519),
        (0.818452, 0.030909, 0.210965),
        (0.831869, 0.046364, 0.211709),
        (0.844185, 0.061818, 0.212751),
        (0.855174, 0.077273, 0.214089),
        (0.864719, 0.092727, 0.215726),
        (0.872821, 0.108182, 0.217660),
        (0.879597, 0.123636, 0.219891),
        (0.885270, 0.139091, 0.222420),
        (0.890155, 0.154545, 0.225246),
        (0.894630, 0.170000, 0.228370),
        (0.823704, 0.000000, 0.210370),
        (0.838320, 0.015455, 0.210519),
        (0.852526, 0.030909, 0.210965),
        (0.865944, 0.046364, 0.211709),
        (0.878259, 0.061818, 0.212751),
        (0.889248, 0.077273, 0.214089),
        (0.898793, 0.092727, 0.215726),
        (0.906895, 0.108182, 0.217660),
        (0.913671, 0.123636, 0.219891),
        (0.919344, 0.139091, 0.222420),
        (0.924229, 0.154545, 0.225246),
        (0.928704, 0.170000, 0.228370),
        (0.857778, 0.000000, 0.210370),
        (0.872394, 0.015455, 0.210519),
        (0.886600, 0.030909, 0.210965),
        (0.900018, 0.046364, 0.211709),
        (0.912333, 0.061818, 0.212751),
        (0.923322, 0.077273, 0.214089),
        (0.932867, 0.092727, 0.215726),
        (0.940969, 0.108182, 0.217660),
        (0.947745, 0.123636, 0.219891),
        (0.953418, 0.139091, 0.222420),
        (0.958304, 0.154545, 0.225246),
        (0.962778, 0.170000, 0.228370),
        (0.891852, 0.000000, 0.210370),
        (0.906468, 0.015455, 0.210519),
        (0.920674, 0.030909, 0.210965),
        (0.934092, 0.046364, 0.211709),
        (0.946407, 0.061818, 0.212751),
        (0.957396, 0.077273, 0.214089),
        (0.966941, 0.092727, 0.215726),
        (0.975043, 0.108182, 0.217660),
        (0.981819, 0.123636, 0.219891),
        (0.987492, 0.139091, 0.222420),
        (0.992378, 0.154545, 0.225246),
        (0.996852, 0.170000, 0.228370),
        (0.925926, 0.000000, 0.210370),
        (0.940543, 0.015455, 0.210519),
        (0.954748, 0.030909, 0.210965),
        (0.968166, 0.046364, 0.211709),
        (0.980481, 0.061818, 0.212751),
        (0.991470, 0.077273, 0.214089),
        (1.001015, 0.092727, 0.215726),
        (1.009117, 0.108182, 0.217660),
        (1.015893, 0.123636, 0.219891),
        (1.021567, 0.139091, 0.222420),
        (1.026452, 0.154545, 0.225246),
        (1.030926, 0.170000, 0.228370),
        (0.960000, 0.000000, 0.210370),
        (0.974617, 0.015455, 0.210519),
        (0.988822, 0.030909, 0.210965),
        (1.002240, 0.046364, 0.211709),
        (1.014555, 0.061818, 0.212751),
        (1.025544, 0.077273, 0.214089),
        (1.035090, 0.092727, 0.215726),
        (1.043192, 0.108182, 0.217660),
        (1.049967, 0.123636, 0.219891),
        (1.055641, 0.139091, 0.222420),
        (1.060526, 0.154545, 0.225246),
        (1.065000, 0.170000, 0.228370),
        (0.040000, 0.000000, 0.244444),
        (0.054617, 0.015455, 0.244593),
        (0.068822, 0.030909, 0.245039),
        (0.082240, 0.046364, 0.245783),
        (0.094555, 0.061818, 0.246825),
        (0.105544, 0.077273, 0.248163),
        (0.115090, 0.092727, 0.249800),
        (0.123192, 0.108182, 0.251734),
        (0.129967, 0.123636, 0.253965),
        (0.135641, 0.139091, 0.256494),
        (0.140526, 0.154545, 0.259320),
        (0.145000, 0.170000, 0.262444),
        (0.074074, 0.000000, 0.244444),
        (0.088691, 0.015455, 0.244593),
        (0.102897, 0.030909, 0.245039),
        (0.116314, 0.046364, 0.245783),
        (0.128629, 0.061818, 0.246825),
        (0.139618, 0.077273, 0.248163),
        (0.149164, 0.092727, 0.249800),
        (0.157266, 0.108182, 0.251734),
        (0.164041, 0.123636, 0.253965),
        (0.169715, 0.139091, 0.256494),
        (0.174600, 0.154545, 0.259320),
        (0.179074, 0.170000, 0.262444),
        (0.108148, 0.000000, 0.244444),
        (0.122765, 0.015455, 0.244593),
        (0.136971, 0.030909, 0.245039),
        (0.150388, 0.046364, 0.245783),
        (0.162703, 0.061818, 0.246825),
        (0.173692, 0.077273, 0.248163),
        (0.183238, 0.092727, 0.249800),
        (0.191340, 0.108182, 0.251734),
        (0.198115, 0.123636, 0.253965),
        (0.203789, 0.139091, 0.256494),
        (0.208674, 0.154545, 0.259320),
        (0.213148, 0.170000, 0.262444),
        (0.142222, 0.000000, 0.244444),
        (0.156839, 0.015455, 0.244593),
        (0.171045, 0.030909, 0.245039),
        (0.184462, 0.046364, 0.245783),
        (0.196777, 0.061818, 0.246825),
        (0.207766, 0.077273, 0.248163),
        (0.217312, 0.092727, 0.249800),
        (0.225414, 0.108182, 0.251734),
        (0.232189, 0.123636, 0.253965),
        (0.237863, 0.139091, 0.256494),
        (0.242748, 0.154545, 0.259320),
        (0.247222, 0.170000, 0.262444),
        (0.176296, 0.000000, 0.244444),
        (0.190913, 0.015455, 0.244593),
        (0.205119, 0.030909, 0.245039),
        (0.218536, 0.046364, 0.245783),
        (0.230851, 0.061818, 0.246825),
        (0.241840, 0.077273, 0.248163),
        (0.251386, 0.092727, 0.249800),
        (0.259488, 0.108182, 0.251734),
        (0.266263, 0.123636, 0.253965),
        (0.271937, 0.139091, 0.256494),
        (0.276822, 0.154545, 0.259320),
        (0.281296, 0.170000, 0.262444),
        (0.210370, 0.000000, 0.244444),
        (0.224987, 0.015455, 0.244593),
        (0.239193, 0.030909, 0.245039),
        (0.252610, 0.046364, 0.245783),
        (0.264926, 0.061818, 0.246825),
        (0.275914, 0.077273, 0.248163),
        (0.285460, 0.092727, 0.249800),
        (0.293562, 0.108182, 0.251734),
        (0.300337, 0.123636, 0.253965),
        (0.306011, 0.139091, 0.256494),
        (0.310896, 0.154545, 0.259320),
        (0.315370, 0.170000, 0.262444),
        (0.244444, 0.000000, 0.244444),
        (0.259061, 0.015455, 0.244593),
        (0.273267, 0.030909, 0.245039),
        (0.286684, 0.046364, 0.245783),
        (0.299000, 0.061818, 0.246825),
        (0.309989, 0.077273, 0.248163),
        (0.319534, 0.092727, 0.249800),
        (0.327636, 0.108182, 0.251734),
        (0.334412, 0.123636, 0.253965),
        (0.340085, 0.139091, 0.256494),
        (0.344970, 0.154545, 0.259320),
        (0.349444, 0.170000, 0.262444),
        (0.278519, 0.000000, 0.244444),
        (0.293135, 0.015455, 0.244593),
        (0.307341, 0.030909, 0.245039),
        (0.320758, 0.046364, 0.245783),
        (0.333074, 0.061818, 0.246825),
        (0.344063, 0.077273, 0.248163),
        (0.353608, 0.092727, 0.249800),
        (0.361710, 0.108182, 0.251734),
        (0.368486, 0.123636, 0.253965),
        (0.374159, 0.139091, 0.256494),
        (0.379044, 0.154545, 0.259320),
        (0.383519, 0.170000, 0.262444),
        (0.312593, 0.000000, 0.244444),
        (0.327209, 0.015455, 0.244593),
        (0.341415, 0.030909, 0.245039),
        (0.354832, 0.046364, 0.245783),
        (0.367148, 0.061818, 0.246825),
        (0.378137, 0.077273, 0.248163),
        (0.387682, 0.092727, 0.249800),
        (0.395784, 0.108182, 0.251734),
        (0.402560, 0.123636, 0.253965),
        (0.408233, 0.139091, 0.256494),
        (0.413118, 0.154545, 0.259320),
        (0.417593, 0.170000, 0.262444),
        (0.346667, 0.000000, 0.244444),
        (0.361283, 0.015455, 0.244593),
        (0.375489, 0.030909, 0.245039),
        (0.388907, 0.046364, 0.245783),
        (0.401222, 0.061818, 0.246825),
        (0.412211, 0.077273, 0.248163),
        (0.421756, 0.092727, 0.249800),
        (0.429858, 0.108182, 0.251734),
        (0.436634, 0.123636, 0.253965),
        (0.442307, 0.139091, 0.256494),
        (0.447192, 0.154545, 0.259320),
        (0.451667, 0.170000, 0.262444),
        (0.380741, 0.000000, 0.244444),
        (0.395357, 0.015455, 0.244593),
        (0.409563, 0.030909, 0.245039),
        (0.422981, 0.046364, 0.245783),
        (0.435296, 0.061818, 0.246825),
        (0.446285, 0.077273, 0.248163),
        (0.455830, 0.092727, 0.249800),
        (0.463932, 0.108182, 0.251734),
        (0.470708, 0.123636, 0.253965),
        (0.476381, 0.139091, 0.256494),
        (0.481266, 0.154545, 0.259320),
        (0.485741, 0.170000, 0.262444),
        (0.414815, 0.000000, 0.244444),
        (0.429431, 0.015455, 0.244593),
        (0.443637, 0.030909, 0.245039),
        (0.457055, 0.046364, 0.245783),
        (0.469370, 0.061818, 0.246825),
        (0.480359, 0.077273, 0.248163),
        (0.489904, 0.092727, 0.249800),
        (0.498006, 0.108182, 0.251734),
        (0.504782, 0.123636, 0.253965),
        (0.510455, 0.139091, 0.256494),
        (0.515341, 0.154545, 0.259320),
        (0.519815, 0.170000, 0.262444),
        (0.448889, 0.000000, 0.244444),
        (0.463506, 0.015455, 0.244593),
        (0.477711, 0.030909, 0.245039),
        (0.491129, 0.046364, 0.245783),
        (0.503444, 0.061818, 0.246825),
        (0.514433, 0.077273, 0.248163),
        (0.523978, 0.092727, 0.249800),
        (0.532080, 0.108182, 0.251734),
        (0.538856, 0.123636, 0.253965),
        (0.544530, 0.139091, 0.256494),
        (0.549415, 0.154545, 0.259320),
        (0.553889, 0.170000, 0.262444),
        (0.482963, 0.000000, 0.244444),
        (0.497580, 0.015455, 0.244593),
        (0.511785, 0.030909, 0.245039),
        (0.525203, 0.046364, 0.245783),
        (0.537518, 0.061818, 0.246825),
        (0.548507, 0.077273, 0.248163),
        (0.558052, 0.092727, 0.249800),
        (0.566155, 0.108182, 0.251734),
        (0.572930, 0.123636, 0.253965),
        (0.578604, 0.139091, 0.256494),
        (0.583489, 0.154545, 0.259320),
        (0.587963, 0.170000, 0.262444),
        (0.517037, 0.000000, 0.244444),
        (0.531654, 0.015455, 0.244593),
        (0.545859, 0.030909, 0.245039),
        (0.559277, 0.046364, 0.245783),
        (0.571592, 0.061818, 0.246825),
        (0.582581, 0.077273, 0.248163),
        (0.592127, 0.092727, 0.249800),
        (0.600229, 0.108182, 0.251734),
        (0.607004, 0.123636, 0.253965),
        (0.612678, 0.139091, 0.256494),
        (0.617563, 0.154545, 0.259320),
        (0.622037, 0.170000, 0.262444),
        (0.551111, 0.000000, 0.244444),
        (0.565728, 0.015455, 0.244593),
        (0.579934, 0.030909, 0.245039),
        (0.593351, 0.046364, 0.245783),
        (0.605666, 0.061818, 0.246825),
        (0.616655, 0.077273, 0.248163),
        (0.626201, 0.092727, 0.249800),
        (0.634303, 0.108182, 0.251734),
        (0.641078, 0.123636, 0.253965),
        (0.646752, 0.139091, 0.256494),
        (0.651637, 0.154545, 0.259320),
        (0.656111, 0.170000, 0.262444),
        (0.585185, 0.000000, 0.244444),
        (0.599802, 0.015455, 0.244593),
        (0.614008, 0.030909, 0.245039),
        (0.627425, 0.046364, 0.245783),
        (0.639740, 0.061818, 0.246825),
        (0.650729, 0.077273, 0.248163),
        (0.660275, 0.092727, 0.249800),
        (0.668377, 0.108182, 0.251734),
        (0.675152, 0.123636, 0.253965),
        (0.680826, 0.139091, 0.256494),
        (0.685711, 0.154545, 0.259320),
        (0.690185, 0.170000, 0.262444),
        (0.619259, 0.000000, 0.244444),
        (0.633876, 0.015455, 0.244593),
        (0.648082, 0.030909, 0.245039),
        (0.661499, 0.046364, 0.245783),
        (0.673814, 0.061818, 0.246825),
        (0.684803, 0.077273, 0.248163),
        (0.694349, 0.092727, 0.249800),
        (0.702451, 0.108182, 0.251734),
        (0.709226, 0.123636, 0.253965),
        (0.714900, 0.139091, 0.256494),
        (0.719785, 0.154545, 0.259320),
        (0.724259, 0.170000, 0.262444),
        (0.653333, 0.000000, 0.244444),
        (0.667950, 0.015455, 0.244593),
        (0.682156, 0.030909, 0.245039),
        (0.695573, 0.046364, 0.245783),
        (0.707889, 0.061818, 0.246825),
        (0.718877, 0.077273, 0.248163),
        (0.728423, 0.092727, 0.249800),
        (0.736525, 0.108182, 0.251734),
        (0.743300, 0.123636, 0.253965),
        (0.748974, 0.139091, 0.256494),
        (0.753859, 0.154545, 0.259320),
        (0.758333, 0.170000, 0.262444),
        (0.687407, 0.000000, 0.244444),
        (0.702024, 0.015455, 0.244593),
        (0.716230, 0.030909, 0.245039),
        (0.729647, 0.046364, 0.245783),
        (0.741963, 0.061818, 0.246825),
        (0.752951, 0.077273, 0.248163),
        (0.762497, 0.092727, 0.249800),
        (0.770599, 0.108182, 0.251734),
        (0.777375, 0.123636, 0.253965),
        (0.783048, 0.139091, 0.256494),
        (0.787933, 0.154545, 0.259320),
        (0.792407, 0.170000, 0.262444),
        (0.721481, 0.000000, 0.244444),
        (0.736098, 0.015455, 0.244593),
        (0.750304, 0.030909, 0.245039),
        (0.763721, 0.046364, 0.245783),
        (0.776037, 0.061818, 0.246825),
        (0.787026, 0.077273, 0.248163),
        (0.796571, 0.092727, 0.249800),
        (0.804673, 0.108182, 0.251734),
        (0.811449, 0.123636, 0.253965),
        (0.817122, 0.139091, 0.256494),
        (0.822007, 0.154545, 0.259320),
        (0.826481, 0.170000, 0.262444),
        (0.755556, 0.000000, 0.244444),
        (0.770172, 0.015455, 0.244593),
        (0.784378, 0.030909, 0.245039),
        (0.797795, 0.046364, 0.245783),
        (0.810111, 0.061818, 0.246825),
        (0.821100, 0.077273, 0.248163),
        (0.830645, 0.092727, 0.249800),
        (0.838747, 0.108182, 0.251734),
        (0.845523, 0.123636, 0.253965),
        (0.851196, 0.139091, 0.256494),
        (0.856081, 0.154545, 0.259320),
        (0.860556, 0.170000, 0.262444),
        (0.789630, 0.000000, 0.244444),
        (0.804246, 0.015455, 0.244593),
        (0.818452, 0.030909, 0.245039),
        (0.831869, 0.046364, 0.245783),
        (0.844185, 0.061818, 0.246825),
        (0.855174, 0.077273, 0.248163),
        (0.864719, 0.092727, 0.249800),
        (0.872821, 0.108182, 0.251734),
        (0.879597, 0.123636, 0.253965),
        (0.885270, 0.139091, 0.256494),
        (0.890155, 0.154545, 0.259320),
        (0.894630, 0.170000, 0.262444),
        (0.823704, 0.000000, 0.244444),
        (0.838320, 0.015455, 0.244593),
        (0.852526, 0.030909, 0.245039),
        (0.865944, 0.046364, 0.245783),
        (0.878259, 0.061818, 0.246825),
        (0.889248, 0.077273, 0.248163),
        (0.898793, 0.092727, 0.249800),
        (0.906895, 0.108182, 0.251734),
        (0.913671, 0.123636, 0.253965),
        (0.919344, 0.139091, 0.256494),
        (0.924229, 0.154545, 0.259320),
        (0.928704, 0.170000, 0.262444),
        (0.857778, 0.000000, 0.244444),
        (0.872394, 0.015455, 0.244593),
        (0.886600, 0.030909, 0.245039),
        (0.900018, 0.046364, 0.245783),
        (0.912333, 0.061818, 0.246825),
        (0.923322, 0.077273, 0.248163),
        (0.932867, 0.092727, 0.249800),
        (0.940969, 0.108182, 0.251734),
        (0.947745, 0.123636, 0.253965),
        (0.953418, 0.139091, 0.256494),
        (0.958304, 0.154545, 0.259320),
        (0.962778, 0.170000, 0.262444),
        (0.891852, 0.000000, 0.244444),
        (0.906468, 0.015455, 0.244593),
        (0.920674, 0.030909, 0.245039),
        (0.934092, 0.046364, 0.245783),
        (0.946407, 0.061818, 0.246825),
        (0.957396, 0.077273, 0.248163),
        (0.966941, 0.092727, 0.249800),
        (0.975043, 0.108182, 0.251734),
        (0.981819, 0.123636, 0.253965),
        (0.987492, 0.139091, 0.256494),
        (0.992378, 0.154545, 0.259320),
        (0.996852, 0.170000, 0.262444),
        (0.925926, 0.000000, 0.244444),
        (0.940543, 0.015455, 0.244593),
        (0.954748, 0.030909, 0.245039),
        (0.968166, 0.046364, 0.245783),
        (0.980481, 0.061818, 0.246825),
        (0.991470, 0.077273, 0.248163),
        (1.001015, 0.092727, 0.249800),
        (1.009117, 0.108182, 0.251734),
        (1.015893, 0.123636, 0.253965),
        (1.021567, 0.139091, 0.256494),
        (1.026452, 0.154545, 0.259320),
        (1.030926, 0.170000, 0.262444),
        (0.960000, 0.000000, 0.244444),
        (0.974617, 0.015455, 0.244593),
        (0.988822, 0.030909, 0.245039),
        (1.002240, 0.046364, 0.245783),
        (1.014555, 0.061818, 0.246825),
        (1.025544, 0.077273, 0.248163),
        (1.035090, 0.092727, 0.249800),
        (1.043192, 0.108182, 0.251734),
        (1.049967, 0.123636, 0.253965),
        (1.055641, 0.139091, 0.256494),
        (1.060526, 0.154545, 0.259320),
        (1.065000, 0.170000, 0.262444),
        (0.040000, 0.000000, 0.278519),
        (0.054617, 0.015455, 0.278667),
        (0.068822, 0.030909, 0.279114),
        (0.082240, 0.046364, 0.279857),
        (0.094555, 0.061818, 0.280899),
        (0.105544, 0.077273, 0.282238),
        (0.115090, 0.092727, 0.283874),
        (0.123192, 0.108182, 0.285808),
        (0.129967, 0.123636, 0.288039),
        (0.135641, 0.139091, 0.290568),
        (0.140526, 0.154545, 0.293395),
        (0.145000, 0.170000, 0.296519),
        (0.074074, 0.000000, 0.278519),
        (0.088691, 0.015455, 0.278667),
        (0.102897, 0.030909, 0.279114),
        (0.116314, 0.046364, 0.279857),
        (0.128629, 0.061818, 0.280899),
        (0.139618, 0.077273, 0.282238),
        (0.149164, 0.092727, 0.283874),
        (0.157266, 0.108182, 0.285808),
        (0.164041, 0.123636, 0.288039),
        (0.169715, 0.139091, 0.290568),
        (0.174600, 0.154545, 0.293395),
        (0.179074, 0.170000, 0.296519),
        (0.108148, 0.000000, 0.278519),
        (0.122765, 0.015455, 0.278667),
        (0.136971, 0.030909, 0.279114),
        (0.150388, 0.046364, 0.279857),
        (0.162703, 0.061818, 0.280899),
        (0.173692, 0.077273, 0.282238),
        (0.183238, 0.092727, 0.283874),
        (0.191340, 0.108182, 0.285808),
        (0.198115, 0.123636, 0.288039),
        (0.203789, 0.139091, 0.290568),
        (0.208674, 0.154545, 0.293395),
        (0.213148, 0.170000, 0.296519),
        (0.142222, 0.000000, 0.278519),
        (0.156839, 0.015455, 0.278667),
        (0.171045, 0.030909, 0.279114),
        (0.184462, 0.046364, 0.279857),
        (0.196777, 0.061818, 0.280899),
        (0.207766, 0.077273, 0.282238),
        (0.217312, 0.092727, 0.283874),
        (0.225414, 0.108182, 0.285808),
        (0.232189, 0.123636, 0.288039),
        (0.237863, 0.139091, 0.290568),
        (0.242748, 0.154545, 0.293395),
        (0.247222, 0.170000, 0.296519),
        (0.176296, 0.000000, 0.278519),
        (0.190913, 0.015455, 0.278667),
        (0.205119, 0.030909, 0.279114),
        (0.218536, 0.046364, 0.279857),
        (0.230851, 0.061818, 0.280899),
        (0.241840, 0.077273, 0.282238),
        (0.251386, 0.092727, 0.283874),
        (0.259488, 0.108182, 0.285808),
        (0.266263, 0.123636, 0.288039),
        (0.271937, 0.139091, 0.290568),
        (0.276822, 0.154545, 0.293395),
        (0.281296, 0.170000, 0.296519),
        (0.210370, 0.000000, 0.278519),
        (0.224987, 0.015455, 0.278667),
        (0.239193, 0.030909, 0.279114),
        (0.252610, 0.046364, 0.279857),
        (0.264926, 0.061818, 0.280899),
        (0.275914, 0.077273, 0.282238),
        (0.285460, 0.092727, 0.283874),
        (0.293562, 0.108182, 0.285808),
        (0.300337, 0.123636, 0.288039),
        (0.306011, 0.139091, 0.290568),
        (0.310896, 0.154545, 0.293395),
        (0.315370, 0.170000, 0.296519),
        (0.244444, 0.000000, 0.278519),
        (0.259061, 0.015455, 0.278667),
        (0.273267, 0.030909, 0.279114),
        (0.286684, 0.046364, 0.279857),
        (0.299000, 0.061818, 0.280899),
        (0.309989, 0.077273, 0.282238),
        (0.319534, 0.092727, 0.283874),
        (0.327636, 0.108182, 0.285808),
        (0.334412, 0.123636, 0.288039),
        (0.340085, 0.139091, 0.290568),
        (0.344970, 0.154545, 0.293395),
        (0.349444, 0.170000, 0.296519),
        (0.278519, 0.000000, 0.278519),
        (0.293135, 0.015455, 0.278667),
        (0.307341, 0.030909, 0.279114),
        (0.320758, 0.046364, 0.279857),
        (0.333074, 0.061818, 0.280899),
        (0.344063, 0.077273, 0.282238),
        (0.353608, 0.092727, 0.283874),
        (0.361710, 0.108182, 0.285808),
        (0.368486, 0.123636, 0.288039),
        (0.374159, 0.139091, 0.290568),
        (0.379044, 0.154545, 0.293395),
        (0.383519, 0.170000, 0.296519),
        (0.312593, 0.000000, 0.278519),
        (0.327209, 0.015455, 0.278667),
        (0.341415, 0.030909, 0.279114),
        (0.354832, 0.046364, 0.279857),
        (0.367148, 0.061818, 0.280899),
        (0.378137, 0.077273, 0.282238),
        (0.387682, 0.092727, 0.283874),
        (0.395784, 0.108182, 0.285808),
        (0.402560, 0.123636, 0.288039),
        (0.408233, 0.139091, 0.290568),
        (0.413118, 0.154545, 0.293395),
        (0.417593, 0.170000, 0.296519),
        (0.346667, 0.000000, 0.278519),
        (0.361283, 0.015455, 0.278667),
        (0.375489, 0.030909, 0.279114),
        (0.388907, 0.046364, 0.279857),
        (0.401222, 0.061818, 0.280899),
        (0.412211, 0.077273, 0.282238),
        (0.421756, 0.092727, 0.283874),
        (0.429858, 0.108182, 0.285808),
        (0.436634, 0.123636, 0.288039),
        (0.442307, 0.139091, 0.290568),
        (0.447192, 0.154545, 0.293395),
        (0.451667, 0.170000, 0.296519),
        (0.380741, 0.000000, 0.278519),
        (0.395357, 0.015455, 0.278667),
        (0.409563, 0.030909, 0.279114),
        (0.422981, 0.046364, 0.279857),
        (0.435296, 0.061818, 0.280899),
        (0.446285, 0.077273, 0.282238),
        (0.455830, 0.092727, 0.283874),
        (0.463932, 0.108182, 0.285808),
        (0.470708, 0.123636, 0.288039),
        (0.476381, 0.139091, 0.290568),
        (0.481266, 0.154545, 0.293395),
        (0.485741, 0.170000, 0.296519),
        (0.414815, 0.000000, 0.278519),
        (0.429431, 0.015455, 0.278667),
        (0.443637, 0.030909, 0.279114),
        (0.457055, 0.046364, 0.279857),
        (0.469370, 0.061818, 0.280899),
        (0.480359, 0.077273, 0.282238),
        (0.489904, 0.092727, 0.283874),
        (0.498006, 0.108182, 0.285808),
        (0.504782, 0.123636, 0.288039),
        (0.510455, 0.139091, 0.290568),
        (0.515341, 0.154545, 0.293395),
        (0.519815, 0.170000, 0.296519),
        (0.448889, 0.000000, 0.278519),
        (0.463506, 0.015455, 0.278667),
        (0.477711, 0.030909, 0.279114),
        (0.491129, 0.046364, 0.279857),
        (0.503444, 0.061818, 0.280899),
        (0.514433, 0.077273, 0.282238),
        (0.523978, 0.092727, 0.283874),
        (0.532080, 0.108182, 0.285808),
        (0.538856, 0.123636, 0.288039),
        (0.544530, 0.139091, 0.290568),
        (0.549415, 0.154545, 0.293395),
        (0.553889, 0.170000, 0.296519),
        (0.482963, 0.000000, 0.278519),
        (0.497580, 0.015455, 0.278667),
        (0.511785, 0.030909, 0.279114),
        (0.525203, 0.046364, 0.279857),
        (0.537518, 0.061818, 0.280899),
        (0.548507, 0.077273, 0.282238),
        (0.558052, 0.092727, 0.283874),
        (0.566155, 0.108182, 0.285808),
        (0.572930, 0.123636, 0.288039),
        (0.578604, 0.139091, 0.290568),
        (0.583489, 0.154545, 0.293395),
        (0.587963, 0.170000, 0.296519),
        (0.517037, 0.000000, 0.278519),
        (0.531654, 0.015455, 0.278667),
        (0.545859, 0.030909, 0.279114),
        (0.559277, 0.046364, 0.279857),
        (0.571592, 0.061818, 0.280899),
        (0.582581, 0.077273, 0.282238),
        (0.592127, 0.092727, 0.283874),
        (0.600229, 0.108182, 0.285808),
        (0.607004, 0.123636, 0.288039),
        (0.612678, 0.139091, 0.290568),
        (0.617563, 0.154545, 0.293395),
        (0.622037, 0.170000, 0.296519),
        (0.551111, 0.000000, 0.278519),
        (0.565728, 0.015455, 0.278667),
        (0.579934, 0.030909, 0.279114),
        (0.593351, 0.046364, 0.279857),
        (0.605666, 0.061818, 0.280899),
        (0.616655, 0.077273, 0.282238),
        (0.626201, 0.092727, 0.283874),
        (0.634303, 0.108182, 0.285808),
        (0.641078, 0.123636, 0.288039),
        (0.646752, 0.139091, 0.290568),
        (0.651637, 0.154545, 0.293395),
        (0.656111, 0.170000, 0.296519),
        (0.585185, 0.000000, 0.278519),
        (0.599802, 0.015455, 0.278667),
        (0.614008, 0.030909, 0.279114),
        (0.627425, 0.046364, 0.279857),
        (0.639740, 0.061818, 0.280899),
        (0.650729, 0.077273, 0.282238),
        (0.660275, 0.092727, 0.283874),
        (0.668377, 0.108182, 0.285808),
        (0.675152, 0.123636, 0.288039),
        (0.680826, 0.139091, 0.290568),
        (0.685711, 0.154545, 0.293395),
        (0.690185, 0.170000, 0.296519),
        (0.619259, 0.000000, 0.278519),
        (0.633876, 0.015455, 0.278667),
        (0.648082, 0.030909, 0.279114),
        (0.661499, 0.046364, 0.279857),
        (0.673814, 0.061818, 0.280899),
        (0.684803, 0.077273, 0.282238),
        (0.694349, 0.092727, 0.283874),
        (0.702451, 0.108182, 0.285808),
        (0.709226, 0.123636, 0.288039),
        (0.714900, 0.139091, 0.290568),
        (0.719785, 0.154545, 0.293395),
        (0.724259, 0.170000, 0.296519),
        (0.653333, 0.000000, 0.278519),
        (0.667950, 0.015455, 0.278667),
        (0.682156, 0.030909, 0.279114),
        (0.695573, 0.046364, 0.279857),
        (0.707889, 0.061818, 0.280899),
        (0.718877, 0.077273, 0.282238),
        (0.728423, 0.092727, 0.283874),
        (0.736525, 0.108182, 0.285808),
        (0.743300, 0.123636, 0.288039),
        (0.748974, 0.139091, 0.290568),
        (0.753859, 0.154545, 0.293395),
        (0.758333, 0.170000, 0.296519),
        (0.687407, 0.000000, 0.278519),
        (0.702024, 0.015455, 0.278667),
        (0.716230, 0.030909, 0.279114),
        (0.729647, 0.046364, 0.279857),
        (0.741963, 0.061818, 0.280899),
        (0.752951, 0.077273, 0.282238),
        (0.762497, 0.092727, 0.283874),
        (0.770599, 0.108182, 0.285808),
        (0.777375, 0.123636, 0.288039),
        (0.783048, 0.139091, 0.290568),
        (0.787933, 0.154545, 0.293395),
        (0.792407, 0.170000, 0.296519),
        (0.721481, 0.000000, 0.278519),
        (0.736098, 0.015455, 0.278667),
        (0.750304, 0.030909, 0.279114),
        (0.763721, 0.046364, 0.279857),
        (0.776037, 0.061818, 0.280899),
        (0.787026, 0.077273, 0.282238),
        (0.796571, 0.092727, 0.283874),
        (0.804673, 0.108182, 0.285808),
        (0.811449, 0.123636, 0.288039),
        (0.817122, 0.139091, 0.290568),
        (0.822007, 0.154545, 0.293395),
        (0.826481, 0.170000, 0.296519),
        (0.755556, 0.000000, 0.278519),
        (0.770172, 0.015455, 0.278667),
        (0.784378, 0.030909, 0.279114),
        (0.797795, 0.046364, 0.279857),
        (0.810111, 0.061818, 0.280899),
        (0.821100, 0.077273, 0.282238),
        (0.830645, 0.092727, 0.283874),
        (0.838747, 0.108182, 0.285808),
        (0.845523, 0.123636, 0.288039),
        (0.851196, 0.139091, 0.290568),
        (0.856081, 0.154545, 0.293395),
        (0.860556, 0.170000, 0.296519),
        (0.789630, 0.000000, 0.278519),
        (0.804246, 0.015455, 0.278667),
        (0.818452, 0.030909, 0.279114),
        (0.831869, 0.046364, 0.279857),
        (0.844185, 0.061818, 0.280899),
        (0.855174, 0.077273, 0.282238),
        (0.864719, 0.092727, 0.283874),
        (0.872821, 0.108182, 0.285808),
        (0.879597, 0.123636, 0.288039),
        (0.885270, 0.139091, 0.290568),
        (0.890155, 0.154545, 0.293395),
        (0.894630, 0.170000, 0.296519),
        (0.823704, 0.000000, 0.278519),
        (0.838320, 0.015455, 0.278667),
        (0.852526, 0.030909, 0.279114),
        (0.865944, 0.046364, 0.279857),
        (0.878259, 0.061818, 0.280899),
        (0.889248, 0.077273, 0.282238),
        (0.898793, 0.092727, 0.283874),
        (0.906895, 0.108182, 0.285808),
        (0.913671, 0.123636, 0.288039),
        (0.919344, 0.139091, 0.290568),
        (0.924229, 0.154545, 0.293395),
        (0.928704, 0.170000, 0.296519),
        (0.857778, 0.000000, 0.278519),
        (0.872394, 0.015455, 0.278667),
        (0.886600, 0.030909, 0.279114),
        (0.900018, 0.046364, 0.279857),
        (0.912333, 0.061818, 0.280899),
        (0.923322, 0.077273, 0.282238),
        (0.932867, 0.092727, 0.283874),
        (0.940969, 0.108182, 0.285808),
        (0.947745, 0.123636, 0.288039),
        (0.953418, 0.139091, 0.290568),
        (0.958304, 0.154545, 0.293395),
        (0.962778, 0.170000, 0.296519),
        (0.891852, 0.000000, 0.278519),
        (0.906468, 0.015455, 0.278667),
        (0.920674, 0.030909, 0.279114),
        (0.934092, 0.046364, 0.279857),
        (0.946407, 0.061818, 0.280899),
        (0.957396, 0.077273, 0.282238),
        (0.966941, 0.092727, 0.283874),
        (0.975043, 0.108182, 0.285808),
        (0.981819, 0.123636, 0.288039),
        (0.987492, 0.139091, 0.290568),
        (0.992378, 0.154545, 0.293395),
        (0.996852, 0.170000, 0.296519),
        (0.925926, 0.000000, 0.278519),
        (0.940543, 0.015455, 0.278667),
        (0.954748, 0.030909, 0.279114),
        (0.968166, 0.046364, 0.279857),
        (0.980481, 0.061818, 0.280899),
        (0.991470, 0.077273, 0.282238),
        (1.001015, 0.092727, 0.283874),
        (1.009117, 0.108182, 0.285808),
        (1.015893, 0.123636, 0.288039),
        (1.021567, 0.139091, 0.290568),
        (1.026452, 0.154545, 0.293395),
        (1.030926, 0.170000, 0.296519),
        (0.960000, 0.000000, 0.278519),
        (0.974617, 0.015455, 0.278667),
        (0.988822, 0.030909, 0.279114),
        (1.002240, 0.046364, 0.279857),
        (1.014555, 0.061818, 0.280899),
        (1.025544, 0.077273, 0.282238),
        (1.035090, 0.092727, 0.283874),
        (1.043192, 0.108182, 0.285808),
        (1.049967, 0.123636, 0.288039),
        (1.055641, 0.139091, 0.290568),
        (1.060526, 0.154545, 0.293395),
        (1.065000, 0.170000, 0.296519),
        (0.040000, 0.000000, 0.312593),
        (0.054617, 0.015455, 0.312741),
        (0.068822, 0.030909, 0.313188),
        (0.082240, 0.046364, 0.313931),
        (0.094555, 0.061818, 0.314973),
        (0.105544, 0.077273, 0.316312),
        (0.115090, 0.092727, 0.317948),
        (0.123192, 0.108182, 0.319882),
        (0.129967, 0.123636, 0.322113),
        (0.135641, 0.139091, 0.324642),
        (0.140526, 0.154545, 0.327469),
        (0.145000, 0.170000, 0.330593),
        (0.074074, 0.000000, 0.312593),
        (0.088691, 0.015455, 0.312741),
        (0.102897, 0.030909, 0.313188),
        (0.116314, 0.046364, 0.313931),
        (0.128629, 0.061818, 0.314973),
        (0.139618, 0.077273, 0.316312),
        (0.149164, 0.092727, 0.317948),
        (0.157266, 0.108182, 0.319882),
        (0.164041, 0.123636, 0.322113),
        (0.169715, 0.139091, 0.324642),
        (0.174600, 0.154545, 0.327469),
        (0.179074, 0.170000, 0.330593),
        (0.108148, 0.000000, 0.312593),
        (0.122765, 0.015455, 0.312741),
        (0.136971, 0.030909, 0.313188),
        (0.150388, 0.046364, 0.313931),
        (0.162703, 0.061818, 0.314973),
        (0.173692, 0.077273, 0.316312),
        (0.183238, 0.092727, 0.317948),
        (0.191340, 0.108182, 0.319882),
        (0.198115, 0.123636, 0.322113),
        (0.203789, 0.139091, 0.324642),
        (0.208674, 0.154545, 0.327469),
        (0.213148, 0.170000, 0.330593),
        (0.142222, 0.000000, 0.312593),
        (0.156839, 0.015455, 0.312741),
        (0.171045, 0.030909, 0.313188),
        (0.184462, 0.046364, 0.313931),
        (0.196777, 0.061818, 0.314973),
        (0.207766, 0.077273, 0.316312),
        (0.217312, 0.092727, 0.317948),
        (0.225414, 0.108182, 0.319882),
        (0.232189, 0.123636, 0.322113),
        (0.237863, 0.139091, 0.324642),
        (0.242748, 0.154545, 0.327469),
        (0.247222, 0.170000, 0.330593),
        (0.176296, 0.000000, 0.312593),
        (0.190913, 0.015455, 0.312741),
        (0.205119, 0.030909, 0.313188),
        (0.218536, 0.046364, 0.313931),
        (0.230851, 0.061818, 0.314973),
        (0.241840, 0.077273, 0.316312),
        (0.251386, 0.092727, 0.317948),
        (0.259488, 0.108182, 0.319882),
        (0.266263, 0.123636, 0.322113),
        (0.271937, 0.139091, 0.324642),
        (0.276822, 0.154545, 0.327469),
        (0.281296, 0.170000, 0.330593),
        (0.210370, 0.000000, 0.312593),
        (0.224987, 0.015455, 0.312741),
        (0.239193, 0.030909, 0.313188),
        (0.252610, 0.046364, 0.313931),
        (0.264926, 0.061818, 0.314973),
        (0.275914, 0.077273, 0.316312),
        (0.285460, 0.092727, 0.317948),
        (0.293562, 0.108182, 0.319882),
        (0.300337, 0.123636, 0.322113),
        (0.306011, 0.139091, 0.324642),
        (0.310896, 0.154545, 0.327469),
        (0.315370, 0.170000, 0.330593),
        (0.244444, 0.000000, 0.312593),
        (0.259061, 0.015455, 0.312741),
        (0.273267, 0.030909, 0.313188),
        (0.286684, 0.046364, 0.313931),
        (0.299000, 0.061818, 0.314973),
        (0.309989, 0.077273, 0.316312),
        (0.319534, 0.092727, 0.317948),
        (0.327636, 0.108182, 0.319882),
        (0.334412, 0.123636, 0.322113),
        (0.340085, 0.139091, 0.324642),
        (0.344970, 0.154545, 0.327469),
        (0.349444, 0.170000, 0.330593),
        (0.278519, 0.000000, 0.312593),
        (0.293135, 0.015455, 0.312741),
        (0.307341, 0.030909, 0.313188),
        (0.320758, 0.046364, 0.313931),
        (0.333074, 0.061818, 0.314973),
        (0.344063, 0.077273, 0.316312),
        (0.353608, 0.092727, 0.317948),
        (0.361710, 0.108182, 0.319882),
        (0.368486, 0.123636, 0.322113),
        (0.374159, 0.139091, 0.324642),
        (0.379044, 0.154545, 0.327469),
        (0.383519, 0.170000, 0.330593),
        (0.312593, 0.000000, 0.312593),
        (0.327209, 0.015455, 0.312741),
        (0.341415, 0.030909, 0.313188),
        (0.354832, 0.046364, 0.313931),
        (0.367148, 0.061818, 0.314973),
        (0.378137, 0.077273, 0.316312),
        (0.387682, 0.092727, 0.317948),
        (0.395784, 0.108182, 0.319882),
        (0.402560, 0.123636, 0.322113),
        (0.408233, 0.139091, 0.324642),
        (0.413118, 0.154545, 0.327469),
        (0.417593, 0.170000, 0.330593),
        (0.346667, 0.000000, 0.312593),
        (0.361283, 0.015455, 0.312741),
        (0.375489, 0.030909, 0.313188),
        (0.388907, 0.046364, 0.313931),
        (0.401222, 0.061818, 0.314973),
        (0.412211, 0.077273, 0.316312),
        (0.421756, 0.092727, 0.317948),
        (0.429858, 0.108182, 0.319882),
        (0.436634, 0.123636, 0.322113),
        (0.442307, 0.139091, 0.324642),
        (0.447192, 0.154545, 0.327469),
        (0.451667, 0.170000, 0.330593),
        (0.380741, 0.000000, 0.312593),
        (0.395357, 0.015455, 0.312741),
        (0.409563, 0.030909, 0.313188),
        (0.422981, 0.046364, 0.313931),
        (0.435296, 0.061818, 0.314973),
        (0.446285, 0.077273, 0.316312),
        (0.455830, 0.092727, 0.317948),
        (0.463932, 0.108182, 0.319882),
        (0.470708, 0.123636, 0.322113),
        (0.476381, 0.139091, 0.324642),
        (0.481266, 0.154545, 0.327469),
        (0.485741, 0.170000, 0.330593),
        (0.414815, 0.000000, 0.312593),
        (0.429431, 0.015455, 0.312741),
        (0.443637, 0.030909, 0.313188),
        (0.457055, 0.046364, 0.313931),
        (0.469370, 0.061818, 0.314973),
        (0.480359, 0.077273, 0.316312),
        (0.489904, 0.092727, 0.317948),
        (0.498006, 0.108182, 0.319882),
        (0.504782, 0.123636, 0.322113),
        (0.510455, 0.139091, 0.324642),
        (0.515341, 0.154545, 0.327469),
        (0.519815, 0.170000, 0.330593),
        (0.448889, 0.000000, 0.312593),
        (0.463506, 0.015455, 0.312741),
        (0.477711, 0.030909, 0.313188),
        (0.491129, 0.046364, 0.313931),
        (0.503444, 0.061818, 0.314973),
        (0.514433, 0.077273, 0.316312),
        (0.523978, 0.092727, 0.317948),
        (0.532080, 0.108182, 0.319882),
        (0.538856, 0.123636, 0.322113),
        (0.544530, 0.139091, 0.324642),
        (0.549415, 0.154545, 0.327469),
        (0.553889, 0.170000, 0.330593),
        (0.482963, 0.000000, 0.312593),
        (0.497580, 0.015455, 0.312741),
        (0.511785, 0.030909, 0.313188),
        (0.525203, 0.046364, 0.313931),
        (0.537518, 0.061818, 0.314973),
        (0.548507, 0.077273, 0.316312),
        (0.558052, 0.092727, 0.317948),
        (0.566155, 0.108182, 0.319882),
        (0.572930, 0.123636, 0.322113),
        (0.578604, 0.139091, 0.324642),
        (0.583489, 0.154545, 0.327469),
        (0.587963, 0.170000, 0.330593),
        (0.517037, 0.000000, 0.312593),
        (0.531654, 0.015455, 0.312741),
        (0.545859, 0.030909, 0.313188),
        (0.559277, 0.046364, 0.313931),
        (0.571592, 0.061818, 0.314973),
        (0.582581, 0.077273, 0.316312),
        (0.592127, 0.092727, 0.317948),
        (0.600229, 0.108182, 0.319882),
        (0.607004, 0.123636, 0.322113),
        (0.612678, 0.139091, 0.324642),
        (0.617563, 0.154545, 0.327469),
        (0.622037, 0.170000, 0.330593),
        (0.551111, 0.000000, 0.312593),
        (0.565728, 0.015455, 0.312741),
        (0.579934, 0.030909, 0.313188),
        (0.593351, 0.046364, 0.313931),
        (0.605666, 0.061818, 0.314973),
        (0.616655, 0.077273, 0.316312),
        (0.626201, 0.092727, 0.317948),
        (0.634303, 0.108182, 0.319882),
        (0.641078, 0.123636, 0.322113),
        (0.646752, 0.139091, 0.324642),
        (0.651637, 0.154545, 0.327469),
        (0.656111, 0.170000, 0.330593),
        (0.585185, 0.000000, 0.312593),
        (0.599802, 0.015455, 0.312741),
        (0.614008, 0.030909, 0.313188),
        (0.627425, 0.046364, 0.313931),
        (0.639740, 0.061818, 0.314973),
        (0.650729, 0.077273, 0.316312),
        (0.660275, 0.092727, 0.317948),
        (0.668377, 0.108182, 0.319882),
        (0.675152, 0.123636, 0.322113),
        (0.680826, 0.139091, 0.324642),
        (0.685711, 0.154545, 0.327469),
        (0.690185, 0.170000, 0.330593),
        (0.619259, 0.000000, 0.312593),
        (0.633876, 0.015455, 0.312741),
        (0.648082, 0.030909, 0.313188),
        (0.661499, 0.046364, 0.313931),
        (0.673814, 0.061818, 0.314973),
        (0.684803, 0.077273, 0.316312),
        (0.694349, 0.092727, 0.317948),
        (0.702451, 0.108182, 0.319882),
        (0.709226, 0.123636, 0.322113),
        (0.714900, 0.139091, 0.324642),
        (0.719785, 0.154545, 0.327469),
        (0.724259, 0.170000, 0.330593),
        (0.653333, 0.000000, 0.312593),
        (0.667950, 0.015455, 0.312741),
        (0.682156, 0.030909, 0.313188),
        (0.695573, 0.046364, 0.313931),
        (0.707889, 0.061818, 0.314973),
        (0.718877, 0.077273, 0.316312),
        (0.728423, 0.092727, 0.317948),
        (0.736525, 0.108182, 0.319882),
        (0.743300, 0.123636, 0.322113),
        (0.748974, 0.139091, 0.324642),
        (0.753859, 0.154545, 0.327469),
        (0.758333, 0.170000, 0.330593),
        (0.687407, 0.000000, 0.312593),
        (0.702024, 0.015455, 0.312741),
        (0.716230, 0.030909, 0.313188),
        (0.729647, 0.046364, 0.313931),
        (0.741963, 0.061818, 0.314973),
        (0.752951, 0.077273, 0.316312),
        (0.762497, 0.092727, 0.317948),
        (0.770599, 0.108182, 0.319882),
        (0.777375, 0.123636, 0.322113),
        (0.783048, 0.139091, 0.324642),
        (0.787933, 0.154545, 0.327469),
        (0.792407, 0.170000, 0.330593),
        (0.721481, 0.000000, 0.312593),
        (0.736098, 0.015455, 0.312741),
        (0.750304, 0.030909, 0.313188),
        (0.763721, 0.046364, 0.313931),
        (0.776037, 0.061818, 0.314973),
        (0.787026, 0.077273, 0.316312),
        (0.796571, 0.092727, 0.317948),
        (0.804673, 0.108182, 0.319882),
        (0.811449, 0.123636, 0.322113),
        (0.817122, 0.139091, 0.324642),
        (0.822007, 0.154545, 0.327469),
        (0.826481, 0.170000, 0.330593),
        (0.755556, 0.000000, 0.312593),
        (0.770172, 0.015455, 0.312741),
        (0.784378, 0.030909, 0.313188),
        (0.797795, 0.046364, 0.313931),
        (0.810111, 0.061818, 0.314973),
        (0.821100, 0.077273, 0.316312),
        (0.830645, 0.092727, 0.317948),
        (0.838747, 0.108182, 0.319882),
        (0.845523, 0.123636, 0.322113),
        (0.851196, 0.139091, 0.324642),
        (0.856081, 0.154545, 0.327469),
        (0.860556, 0.170000, 0.330593),
        (0.789630, 0.000000, 0.312593),
        (0.804246, 0.015455, 0.312741),
        (0.818452, 0.030909, 0.313188),
        (0.831869, 0.046364, 0.313931),
        (0.844185, 0.061818, 0.314973),
        (0.855174, 0.077273, 0.316312),
        (0.864719, 0.092727, 0.317948),
        (0.872821, 0.108182, 0.319882),
        (0.879597, 0.123636, 0.322113),
        (0.885270, 0.139091, 0.324642),
        (0.890155, 0.154545, 0.327469),
        (0.894630, 0.170000, 0.330593),
        (0.823704, 0.000000, 0.312593),
        (0.838320, 0.015455, 0.312741),
        (0.852526, 0.030909, 0.313188),
        (0.865944, 0.046364, 0.313931),
        (0.878259, 0.061818, 0.314973),
        (0.889248, 0.077273, 0.316312),
        (0.898793, 0.092727, 0.317948),
        (0.906895, 0.108182, 0.319882),
        (0.913671, 0.123636, 0.322113),
        (0.919344, 0.139091, 0.324642),
        (0.924229, 0.154545, 0.327469),
        (0.928704, 0.170000, 0.330593),
        (0.857778, 0.000000, 0.312593),
        (0.872394, 0.015455, 0.312741),
        (0.886600, 0.030909, 0.313188),
        (0.900018, 0.046364, 0.313931),
        (0.912333, 0.061818, 0.314973),
        (0.923322, 0.077273, 0.316312),
        (0.932867, 0.092727, 0.317948),
        (0.940969, 0.108182, 0.319882),
        (0.947745, 0.123636, 0.322113),
        (0.953418, 0.139091, 0.324642),
        (0.958304, 0.154545, 0.327469),
        (0.962778, 0.170000, 0.330593),
        (0.891852, 0.000000, 0.312593),
        (0.906468, 0.015455, 0.312741),
        (0.920674, 0.030909, 0.313188),
        (0.934092, 0.046364, 0.313931),
        (0.946407, 0.061818, 0.314973),
        (0.957396, 0.077273, 0.316312),
        (0.966941, 0.092727, 0.317948),
        (0.975043, 0.108182, 0.319882),
        (0.981819, 0.123636, 0.322113),
        (0.987492, 0.139091, 0.324642),
        (0.992378, 0.154545, 0.327469),
        (0.996852, 0.170000, 0.330593),
        (0.925926, 0.000000, 0.312593),
        (0.940543, 0.015455, 0.312741),
        (0.954748, 0.030909, 0.313188),
        (0.968166, 0.046364, 0.313931),
        (0.980481, 0.061818, 0.314973),
        (0.991470, 0.077273, 0.316312),
        (1.001015, 0.092727, 0.317948),
        (1.009117, 0.108182, 0.319882),
        (1.015893, 0.123636, 0.322113),
        (1.021567, 0.139091, 0.324642),
        (1.026452, 0.154545, 0.327469),
        (1.030926, 0.170000, 0.330593),
        (0.960000, 0.000000, 0.312593),
        (0.974617, 0.015455, 0.312741),
        (0.988822, 0.030909, 0.313188),
        (1.002240, 0.046364, 0.313931),
        (1.014555, 0.061818, 0.314973),
        (1.025544, 0.077273, 0.316312),
        (1.035090, 0.092727, 0.317948),
        (1.043192, 0.108182, 0.319882),
        (1.049967, 0.123636, 0.322113),
        (1.055641, 0.139091, 0.324642),
        (1.060526, 0.154545, 0.327469),
        (1.065000, 0.170000, 0.330593),
        (0.040000, 0.000000, 0.346667),
        (0.054617, 0.015455, 0.346815),
        (0.068822, 0.030909, 0.347262),
        (0.082240, 0.046364, 0.348006),
        (0.094555, 0.061818, 0.349047),
        (0.105544, 0.077273, 0.350386),
        (0.115090, 0.092727, 0.352022),
        (0.123192, 0.108182, 0.353956),
        (0.129967, 0.123636, 0.356187),
        (0.135641, 0.139091, 0.358716),
        (0.140526, 0.154545, 0.361543),
        (0.145000, 0.170000, 0.364667),
        (0.074074, 0.000000, 0.346667),
        (0.088691, 0.015455, 0.346815),
        (0.102897, 0.030909, 0.347262),
        (0.116314, 0.046364, 0.348006),
        (0.128629, 0.061818, 0.349047),
        (0.139618, 0.077273, 0.350386),
        (0.149164, 0.092727, 0.352022),
        (0.157266, 0.108182, 0.353956),
        (0.164041, 0.123636, 0.356187),
        (0.169715, 0.139091, 0.358716),
        (0.174600, 0.154545, 0.361543),
        (0.179074, 0.170000, 0.364667),
        (0.108148, 0.000000, 0.346667),
        (0.122765, 0.015455, 0.346815),
        (0.136971, 0.030909, 0.347262),
        (0.150388, 0.046364, 0.348006),
        (0.162703, 0.061818, 0.349047),
        (0.173692, 0.077273, 0.350386),
        (0.183238, 0.092727, 0.352022),
        (0.191340, 0.108182, 0.353956),
        (0.198115, 0.123636, 0.356187),
        (0.203789, 0.139091, 0.358716),
        (0.208674, 0.154545, 0.361543),
        (0.213148, 0.170000, 0.364667),
        (0.142222, 0.000000, 0.346667),
        (0.156839, 0.015455, 0.346815),
        (0.171045, 0.030909, 0.347262),
        (0.184462, 0.046364, 0.348006),
        (0.196777, 0.061818, 0.349047),
        (0.207766, 0.077273, 0.350386),
        (0.217312, 0.092727, 0.352022),
        (0.225414, 0.108182, 0.353956),
        (0.232189, 0.123636, 0.356187),
        (0.237863, 0.139091, 0.358716),
        (0.242748, 0.154545, 0.361543),
        (0.247222, 0.170000, 0.364667),
        (0.176296, 0.000000, 0.346667),
        (0.190913, 0.015455, 0.346815),
        (0.205119, 0.030909, 0.347262),
        (0.218536, 0.046364, 0.348006),
        (0.230851, 0.061818, 0.349047),
        (0.241840, 0.077273, 0.350386),
        (0.251386, 0.092727, 0.352022),
        (0.259488, 0.108182, 0.353956),
        (0.266263, 0.123636, 0.356187),
        (0.271937, 0.139091, 0.358716),
        (0.276822, 0.154545, 0.361543),
        (0.281296, 0.170000, 0.364667),
        (0.210370, 0.000000, 0.346667),
        (0.224987, 0.015455, 0.346815),
        (0.239193, 0.030909, 0.347262),
        (0.252610, 0.046364, 0.348006),
        (0.264926, 0.061818, 0.349047),
        (0.275914, 0.077273, 0.350386),
        (0.285460, 0.092727, 0.352022),
        (0.293562, 0.108182, 0.353956),
        (0.300337, 0.123636, 0.356187),
        (0.306011, 0.139091, 0.358716),
        (0.310896, 0.154545, 0.361543),
        (0.315370, 0.170000, 0.364667),
        (0.244444, 0.000000, 0.346667),
        (0.259061, 0.015455, 0.346815),
        (0.273267, 0.030909, 0.347262),
        (0.286684, 0.046364, 0.348006),
        (0.299000, 0.061818, 0.349047),
        (0.309989, 0.077273, 0.350386),
        (0.319534, 0.092727, 0.352022),
        (0.327636, 0.108182, 0.353956),
        (0.334412, 0.123636, 0.356187),
        (0.340085, 0.139091, 0.358716),
        (0.344970, 0.154545, 0.361543),
        (0.349444, 0.170000, 0.364667),
        (0.278519, 0.000000, 0.346667),
        (0.293135, 0.015455, 0.346815),
        (0.307341, 0.030909, 0.347262),
        (0.320758, 0.046364, 0.348006),
        (0.333074, 0.061818, 0.349047),
        (0.344063, 0.077273, 0.350386),
        (0.353608, 0.092727, 0.352022),
        (0.361710, 0.108182, 0.353956),
        (0.368486, 0.123636, 0.356187),
        (0.374159, 0.139091, 0.358716),
        (0.379044, 0.154545, 0.361543),
        (0.383519, 0.170000, 0.364667),
        (0.312593, 0.000000, 0.346667),
        (0.327209, 0.015455, 0.346815),
        (0.341415, 0.030909, 0.347262),
        (0.354832, 0.046364, 0.348006),
        (0.367148, 0.061818, 0.349047),
        (0.378137, 0.077273, 0.350386),
        (0.387682, 0.092727, 0.352022),
        (0.395784, 0.108182, 0.353956),
        (0.402560, 0.123636, 0.356187),
        (0.408233, 0.139091, 0.358716),
        (0.413118, 0.154545, 0.361543),
        (0.417593, 0.170000, 0.364667),
        (0.346667, 0.000000, 0.346667),
        (0.361283, 0.015455, 0.346815),
        (0.375489, 0.030909, 0.347262),
        (0.388907, 0.046364, 0.348006),
        (0.401222, 0.061818, 0.349047),
        (0.412211, 0.077273, 0.350386),
        (0.421756, 0.092727, 0.352022),
        (0.429858, 0.108182, 0.353956),
        (0.436634, 0.123636, 0.356187),
        (0.442307, 0.139091, 0.358716),
        (0.447192, 0.154545, 0.361543),
        (0.451667, 0.170000, 0.364667),
        (0.380741, 0.000000, 0.346667),
        (0.395357, 0.015455, 0.346815),
        (0.409563, 0.030909, 0.347262),
        (0.422981, 0.046364, 0.348006),
        (0.435296, 0.061818, 0.349047),
        (0.446285, 0.077273, 0.350386),
        (0.455830, 0.092727, 0.352022),
        (0.463932, 0.108182, 0.353956),
        (0.470708, 0.123636, 0.356187),
        (0.476381, 0.139091, 0.358716),
        (0.481266, 0.154545, 0.361543),
        (0.485741, 0.170000, 0.364667),
        (0.414815, 0.000000, 0.346667),
        (0.429431, 0.015455, 0.346815),
        (0.443637, 0.030909, 0.347262),
        (0.457055, 0.046364, 0.348006),
        (0.469370, 0.061818, 0.349047),
        (0.480359, 0.077273, 0.350386),
        (0.489904, 0.092727, 0.352022),
        (0.498006, 0.108182, 0.353956),
        (0.504782, 0.123636, 0.356187),
        (0.510455, 0.139091, 0.358716),
        (0.515341, 0.154545, 0.361543),
        (0.519815, 0.170000, 0.364667),
        (0.448889, 0.000000, 0.346667),
        (0.463506, 0.015455, 0.346815),
        (0.477711, 0.030909, 0.347262),
        (0.491129, 0.046364, 0.348006),
        (0.503444, 0.061818, 0.349047),
        (0.514433, 0.077273, 0.350386),
        (0.523978, 0.092727, 0.352022),
        (0.532080, 0.108182, 0.353956),
        (0.538856, 0.123636, 0.356187),
        (0.544530, 0.139091, 0.358716),
        (0.549415, 0.154545, 0.361543),
        (0.553889, 0.170000, 0.364667),
        (0.482963, 0.000000, 0.346667),
        (0.497580, 0.015455, 0.346815),
        (0.511785, 0.030909, 0.347262),
        (0.525203, 0.046364, 0.348006),
        (0.537518, 0.061818, 0.349047),
        (0.548507, 0.077273, 0.350386),
        (0.558052, 0.092727, 0.352022),
        (0.566155, 0.108182, 0.353956),
        (0.572930, 0.123636, 0.356187),
        (0.578604, 0.139091, 0.358716),
        (0.583489, 0.154545, 0.361543),
        (0.587963, 0.170000, 0.364667),
        (0.517037, 0.000000, 0.346667),
        (0.531654, 0.015455, 0.346815),
        (0.545859, 0.030909, 0.347262),
        (0.559277, 0.046364, 0.348006),
        (0.571592, 0.061818, 0.349047),
        (0.582581, 0.077273, 0.350386),
        (0.592127, 0.092727, 0.352022),
        (0.600229, 0.108182, 0.353956),
        (0.607004, 0.123636, 0.356187),
        (0.612678, 0.139091, 0.358716),
        (0.617563, 0.154545, 0.361543),
        (0.622037, 0.170000, 0.364667),
        (0.551111, 0.000000, 0.346667),
        (0.565728, 0.015455, 0.346815),
        (0.579934, 0.030909, 0.347262),
        (0.593351, 0.046364, 0.348006),
        (0.605666, 0.061818, 0.349047),
        (0.616655, 0.077273, 0.350386),
        (0.626201, 0.092727, 0.352022),
        (0.634303, 0.108182, 0.353956),
        (0.641078, 0.123636, 0.356187),
        (0.646752, 0.139091, 0.358716),
        (0.651637, 0.154545, 0.361543),
        (0.656111, 0.170000, 0.364667),
        (0.585185, 0.000000, 0.346667),
        (0.599802, 0.015455, 0.346815),
        (0.614008, 0.030909, 0.347262),
        (0.627425, 0.046364, 0.348006),
        (0.639740, 0.061818, 0.349047),
        (0.650729, 0.077273, 0.350386),
        (0.660275, 0.092727, 0.352022),
        (0.668377, 0.108182, 0.353956),
        (0.675152, 0.123636, 0.356187),
        (0.680826, 0.139091, 0.358716),
        (0.685711, 0.154545, 0.361543),
        (0.690185, 0.170000, 0.364667),
        (0.619259, 0.000000, 0.346667),
        (0.633876, 0.015455, 0.346815),
        (0.648082, 0.030909, 0.347262),
        (0.661499, 0.046364, 0.348006),
        (0.673814, 0.061818, 0.349047),
        (0.684803, 0.077273, 0.350386),
        (0.694349, 0.092727, 0.352022),
        (0.702451, 0.108182, 0.353956),
        (0.709226, 0.123636, 0.356187),
        (0.714900, 0.139091, 0.358716),
        (0.719785, 0.154545, 0.361543),
        (0.724259, 0.170000, 0.364667),
        (0.653333, 0.000000, 0.346667),
        (0.667950, 0.015455, 0.346815),
        (0.682156, 0.030909, 0.347262),
        (0.695573, 0.046364, 0.348006),
        (0.707889, 0.061818, 0.349047),
        (0.718877, 0.077273, 0.350386),
        (0.728423, 0.092727, 0.352022),
        (0.736525, 0.108182, 0.353956),
        (0.743300, 0.123636, 0.356187),
        (0.748974, 0.139091, 0.358716),
        (0.753859, 0.154545, 0.361543),
        (0.758333, 0.170000, 0.364667),
        (0.687407, 0.000000, 0.346667),
        (0.702024, 0.015455, 0.346815),
        (0.716230, 0.030909, 0.347262),
        (0.729647, 0.046364, 0.348006),
        (0.741963, 0.061818, 0.349047),
        (0.752951, 0.077273, 0.350386),
        (0.762497, 0.092727, 0.352022),
        (0.770599, 0.108182, 0.353956),
        (0.777375, 0.123636, 0.356187),
        (0.783048, 0.139091, 0.358716),
        (0.787933, 0.154545, 0.361543),
        (0.792407, 0.170000, 0.364667),
        (0.721481, 0.000000, 0.346667),
        (0.736098, 0.015455, 0.346815),
        (0.750304, 0.030909, 0.347262),
        (0.763721, 0.046364, 0.348006),
        (0.776037, 0.061818, 0.349047),
        (0.787026, 0.077273, 0.350386),
        (0.796571, 0.092727, 0.352022),
        (0.804673, 0.108182, 0.353956),
        (0.811449, 0.123636, 0.356187),
        (0.817122, 0.139091, 0.358716),
        (0.822007, 0.154545, 0.361543),
        (0.826481, 0.170000, 0.364667),
        (0.755556, 0.000000, 0.346667),
        (0.770172, 0.015455, 0.346815),
        (0.784378, 0.030909, 0.347262),
        (0.797795, 0.046364, 0.348006),
        (0.810111, 0.061818, 0.349047),
        (0.821100, 0.077273, 0.350386),
        (0.830645, 0.092727, 0.352022),
        (0.838747, 0.108182, 0.353956),
        (0.845523, 0.123636, 0.356187),
        (0.851196, 0.139091, 0.358716),
        (0.856081, 0.154545, 0.361543),
        (0.860556, 0.170000, 0.364667),
        (0.789630, 0.000000, 0.346667),
        (0.804246, 0.015455, 0.346815),
        (0.818452, 0.030909, 0.347262),
        (0.831869, 0.046364, 0.348006),
        (0.844185, 0.061818, 0.349047),
        (0.855174, 0.077273, 0.350386),
        (0.864719, 0.092727, 0.352022),
        (0.872821, 0.108182, 0.353956),
        (0.879597, 0.123636, 0.356187),
        (0.885270, 0.139091, 0.358716),
        (0.890155, 0.154545, 0.361543),
        (0.894630, 0.170000, 0.364667),
        (0.823704, 0.000000, 0.346667),
        (0.838320, 0.015455, 0.346815),
        (0.852526, 0.030909, 0.347262),
        (0.865944, 0.046364, 0.348006),
        (0.878259, 0.061818, 0.349047),
        (0.889248, 0.077273, 0.350386),
        (0.898793, 0.092727, 0.352022),
        (0.906895, 0.108182, 0.353956),
        (0.913671, 0.123636, 0.356187),
        (0.919344, 0.139091, 0.358716),
        (0.924229, 0.154545, 0.361543),
        (0.928704, 0.170000, 0.364667),
        (0.857778, 0.000000, 0.346667),
        (0.872394, 0.015455, 0.346815),
        (0.886600, 0.030909, 0.347262),
        (0.900018, 0.046364, 0.348006),
        (0.912333, 0.061818, 0.349047),
        (0.923322, 0.077273, 0.350386),
        (0.932867, 0.092727, 0.352022),
        (0.940969, 0.108182, 0.353956),
        (0.947745, 0.123636, 0.356187),
        (0.953418, 0.139091, 0.358716),
        (0.958304, 0.154545, 0.361543),
        (0.962778, 0.170000, 0.364667),
        (0.891852, 0.000000, 0.346667),
        (0.906468, 0.015455, 0.346815),
        (0.920674, 0.030909, 0.347262),
        (0.934092, 0.046364, 0.348006),
        (0.946407, 0.061818, 0.349047),
        (0.957396, 0.077273, 0.350386),
        (0.966941, 0.092727, 0.352022),
        (0.975043, 0.108182, 0.353956),
        (0.981819, 0.123636, 0.356187),
        (0.987492, 0.139091, 0.358716),
        (0.992378, 0.154545, 0.361543),
        (0.996852, 0.170000, 0.364667),
        (0.925926, 0.000000, 0.346667),
        (0.940543, 0.015455, 0.346815),
        (0.954748, 0.030909, 0.347262),
        (0.968166, 0.046364, 0.348006),
        (0.980481, 0.061818, 0.349047),
        (0.991470, 0.077273, 0.350386),
        (1.001015, 0.092727, 0.352022),
        (1.009117, 0.108182, 0.353956),
        (1.015893, 0.123636, 0.356187),
        (1.021567, 0.139091, 0.358716),
        (1.026452, 0.154545, 0.361543),
        (1.030926, 0.170000, 0.364667),
        (0.960000, 0.000000, 0.346667),
        (0.974617, 0.015455, 0.346815),
        (0.988822, 0.030909, 0.347262),
        (1.002240, 0.046364, 0.348006),
        (1.014555, 0.061818, 0.349047),
        (1.025544, 0.077273, 0.350386),
        (1.035090, 0.092727, 0.352022),
        (1.043192, 0.108182, 0.353956),
        (1.049967, 0.123636, 0.356187),
        (1.055641, 0.139091, 0.358716),
        (1.060526, 0.154545, 0.361543),
        (1.065000, 0.170000, 0.364667),
        (0.040000, 0.000000, 0.380741),
        (0.054617, 0.015455, 0.380890),
        (0.068822, 0.030909, 0.381336),
        (0.082240, 0.046364, 0.382080),
        (0.094555, 0.061818, 0.383121),
        (0.105544, 0.077273, 0.384460),
        (0.115090, 0.092727, 0.386096),
        (0.123192, 0.108182, 0.388030),
        (0.129967, 0.123636, 0.390261),
        (0.135641, 0.139091, 0.392790),
        (0.140526, 0.154545, 0.395617),
        (0.145000, 0.170000, 0.398741),
        (0.074074, 0.000000, 0.380741),
        (0.088691, 0.015455, 0.380890),
        (0.102897, 0.030909, 0.381336),
        (0.116314, 0.046364, 0.382080),
        (0.128629, 0.061818, 0.383121),
        (0.139618, 0.077273, 0.384460),
        (0.149164, 0.092727, 0.386096),
        (0.157266, 0.108182, 0.388030),
        (0.164041, 0.123636, 0.390261),
        (0.169715, 0.139091, 0.392790),
        (0.174600, 0.154545, 0.395617),
        (0.179074, 0.170000, 0.398741),
        (0.108148, 0.000000, 0.380741),
        (0.122765, 0.015455, 0.380890),
        (0.136971, 0.030909, 0.381336),
        (0.150388, 0.046364, 0.382080),
        (0.162703, 0.061818, 0.383121),
        (0.173692, 0.077273, 0.384460),
        (0.183238, 0.092727, 0.386096),
        (0.191340, 0.108182, 0.388030),
        (0.198115, 0.123636, 0.390261),
        (0.203789, 0.139091, 0.392790),
        (0.208674, 0.154545, 0.395617),
        (0.213148, 0.170000, 0.398741),
        (0.142222, 0.000000, 0.380741),
        (0.156839, 0.015455, 0.380890),
        (0.171045, 0.030909, 0.381336),
        (0.184462, 0.046364, 0.382080),
        (0.196777, 0.061818, 0.383121),
        (0.207766, 0.077273, 0.384460),
        (0.217312, 0.092727, 0.386096),
        (0.225414, 0.108182, 0.388030),
        (0.232189, 0.123636, 0.390261),
        (0.237863, 0.139091, 0.392790),
        (0.242748, 0.154545, 0.395617),
        (0.247222, 0.170000, 0.398741),
        (0.176296, 0.000000, 0.380741),
        (0.190913, 0.015455, 0.380890),
        (0.205119, 0.030909, 0.381336),
        (0.218536, 0.046364, 0.382080),
        (0.230851, 0.061818, 0.383121),
        (0.241840, 0.077273, 0.384460),
        (0.251386, 0.092727, 0.386096),
        (0.259488, 0.108182, 0.388030),
        (0.266263, 0.123636, 0.390261),
        (0.271937, 0.139091, 0.392790),
        (0.276822, 0.154545, 0.395617),
        (0.281296, 0.170000, 0.398741),
        (0.210370, 0.000000, 0.380741),
        (0.224987, 0.015455, 0.380890),
        (0.239193, 0.030909, 0.381336),
        (0.252610, 0.046364, 0.382080),
        (0.264926, 0.061818, 0.383121),
        (0.275914, 0.077273, 0.384460),
        (0.285460, 0.092727, 0.386096),
        (0.293562, 0.108182, 0.388030),
        (0.300337, 0.123636, 0.390261),
        (0.306011, 0.139091, 0.392790),
        (0.310896, 0.154545, 0.395617),
        (0.315370, 0.170000, 0.398741),
        (0.244444, 0.000000, 0.380741),
        (0.259061, 0.015455, 0.380890),
        (0.273267, 0.030909, 0.381336),
        (0.286684, 0.046364, 0.382080),
        (0.299000, 0.061818, 0.383121),
        (0.309989, 0.077273, 0.384460),
        (0.319534, 0.092727, 0.386096),
        (0.327636, 0.108182, 0.388030),
        (0.334412, 0.123636, 0.390261),
        (0.340085, 0.139091, 0.392790),
        (0.344970, 0.154545, 0.395617),
        (0.349444, 0.170000, 0.398741),
        (0.278519, 0.000000, 0.380741),
        (0.293135, 0.015455, 0.380890),
        (0.307341, 0.030909, 0.381336),
        (0.320758, 0.046364, 0.382080),
        (0.333074, 0.061818, 0.383121),
        (0.344063, 0.077273, 0.384460),
        (0.353608, 0.092727, 0.386096),
        (0.361710, 0.108182, 0.388030),
        (0.368486, 0.123636, 0.390261),
        (0.374159, 0.139091, 0.392790),
        (0.379044, 0.154545, 0.395617),
        (0.383519, 0.170000, 0.398741),
        (0.312593, 0.000000, 0.380741),
        (0.327209, 0.015455, 0.380890),
        (0.341415, 0.030909, 0.381336),
        (0.354832, 0.046364, 0.382080),
        (0.367148, 0.061818, 0.383121),
        (0.378137, 0.077273, 0.384460),
        (0.387682, 0.092727, 0.386096),
        (0.395784, 0.108182, 0.388030),
        (0.402560, 0.123636, 0.390261),
        (0.408233, 0.139091, 0.392790),
        (0.413118, 0.154545, 0.395617),
        (0.417593, 0.170000, 0.398741),
        (0.346667, 0.000000, 0.380741),
        (0.361283, 0.015455, 0.380890),
        (0.375489, 0.030909, 0.381336),
        (0.388907, 0.046364, 0.382080),
        (0.401222, 0.061818, 0.383121),
        (0.412211, 0.077273, 0.384460),
        (0.421756, 0.092727, 0.386096),
        (0.429858, 0.108182, 0.388030),
        (0.436634, 0.123636, 0.390261),
        (0.442307, 0.139091, 0.392790),
        (0.447192, 0.154545, 0.395617),
        (0.451667, 0.170000, 0.398741),
        (0.380741, 0.000000, 0.380741),
        (0.395357, 0.015455, 0.380890),
        (0.409563, 0.030909, 0.381336),
        (0.422981, 0.046364, 0.382080),
        (0.435296, 0.061818, 0.383121),
        (0.446285, 0.077273, 0.384460),
        (0.455830, 0.092727, 0.386096),
        (0.463932, 0.108182, 0.388030),
        (0.470708, 0.123636, 0.390261),
        (0.476381, 0.139091, 0.392790),
        (0.481266, 0.154545, 0.395617),
        (0.485741, 0.170000, 0.398741),
        (0.414815, 0.000000, 0.380741),
        (0.429431, 0.015455, 0.380890),
        (0.443637, 0.030909, 0.381336),
        (0.457055, 0.046364, 0.382080),
        (0.469370, 0.061818, 0.383121),
        (0.480359, 0.077273, 0.384460),
        (0.489904, 0.092727, 0.386096),
        (0.498006, 0.108182, 0.388030),
        (0.504782, 0.123636, 0.390261),
        (0.510455, 0.139091, 0.392790),
        (0.515341, 0.154545, 0.395617),
        (0.519815, 0.170000, 0.398741),
        (0.448889, 0.000000, 0.380741),
        (0.463506, 0.015455, 0.380890),
        (0.477711, 0.030909, 0.381336),
        (0.491129, 0.046364, 0.382080),
        (0.503444, 0.061818, 0.383121),
        (0.514433, 0.077273, 0.384460),
        (0.523978, 0.092727, 0.386096),
        (0.532080, 0.108182, 0.388030),
        (0.538856, 0.123636, 0.390261),
        (0.544530, 0.139091, 0.392790),
        (0.549415, 0.154545, 0.395617),
        (0.553889, 0.170000, 0.398741),
        (0.482963, 0.000000, 0.380741),
        (0.497580, 0.015455, 0.380890),
        (0.511785, 0.030909, 0.381336),
        (0.525203, 0.046364, 0.382080),
        (0.537518, 0.061818, 0.383121),
        (0.548507, 0.077273, 0.384460),
        (0.558052, 0.092727, 0.386096),
        (0.566155, 0.108182, 0.388030),
        (0.572930, 0.123636, 0.390261),
        (0.578604, 0.139091, 0.392790),
        (0.583489, 0.154545, 0.395617),
        (0.587963, 0.170000, 0.398741),
        (0.517037, 0.000000, 0.380741),
        (0.531654, 0.015455, 0.380890),
        (0.545859, 0.030909, 0.381336),
        (0.559277, 0.046364, 0.382080),
        (0.571592, 0.061818, 0.383121),
        (0.582581, 0.077273, 0.384460),
        (0.592127, 0.092727, 0.386096),
        (0.600229, 0.108182, 0.388030),
        (0.607004, 0.123636, 0.390261),
        (0.612678, 0.139091, 0.392790),
        (0.617563, 0.154545, 0.395617),
        (0.622037, 0.170000, 0.398741),
        (0.551111, 0.000000, 0.380741),
        (0.565728, 0.015455, 0.380890),
        (0.579934, 0.030909, 0.381336),
        (0.593351, 0.046364, 0.382080),
        (0.605666, 0.061818, 0.383121),
        (0.616655, 0.077273, 0.384460),
        (0.626201, 0.092727, 0.386096),
        (0.634303, 0.108182, 0.388030),
        (0.641078, 0.123636, 0.390261),
        (0.646752, 0.139091, 0.392790),
        (0.651637, 0.154545, 0.395617),
        (0.656111, 0.170000, 0.398741),
        (0.585185, 0.000000, 0.380741),
        (0.599802, 0.015455, 0.380890),
        (0.614008, 0.030909, 0.381336),
        (0.627425, 0.046364, 0.382080),
        (0.639740, 0.061818, 0.383121),
        (0.650729, 0.077273, 0.384460),
        (0.660275, 0.092727, 0.386096),
        (0.668377, 0.108182, 0.388030),
        (0.675152, 0.123636, 0.390261),
        (0.680826, 0.139091, 0.392790),
        (0.685711, 0.154545, 0.395617),
        (0.690185, 0.170000, 0.398741),
        (0.619259, 0.000000, 0.380741),
        (0.633876, 0.015455, 0.380890),
        (0.648082, 0.030909, 0.381336),
        (0.661499, 0.046364, 0.382080),
        (0.673814, 0.061818, 0.383121),
        (0.684803, 0.077273, 0.384460),
        (0.694349, 0.092727, 0.386096),
        (0.702451, 0.108182, 0.388030),
        (0.709226, 0.123636, 0.390261),
        (0.714900, 0.139091, 0.392790),
        (0.719785, 0.154545, 0.395617),
        (0.724259, 0.170000, 0.398741),
        (0.653333, 0.000000, 0.380741),
        (0.667950, 0.015455, 0.380890),
        (0.682156, 0.030909, 0.381336),
        (0.695573, 0.046364, 0.382080),
        (0.707889, 0.061818, 0.383121),
        (0.718877, 0.077273, 0.384460),
        (0.728423, 0.092727, 0.386096),
        (0.736525, 0.108182, 0.388030),
        (0.743300, 0.123636, 0.390261),
        (0.748974, 0.139091, 0.392790),
        (0.753859, 0.154545, 0.395617),
        (0.758333, 0.170000, 0.398741),
        (0.687407, 0.000000, 0.380741),
        (0.702024, 0.015455, 0.380890),
        (0.716230, 0.030909, 0.381336),
        (0.729647, 0.046364, 0.382080),
        (0.741963, 0.061818, 0.383121),
        (0.752951, 0.077273, 0.384460),
        (0.762497, 0.092727, 0.386096),
        (0.770599, 0.108182, 0.388030),
        (0.777375, 0.123636, 0.390261),
        (0.783048, 0.139091, 0.392790),
        (0.787933, 0.154545, 0.395617),
        (0.792407, 0.170000, 0.398741),
        (0.721481, 0.000000, 0.380741),
        (0.736098, 0.015455, 0.380890),
        (0.750304, 0.030909, 0.381336),
        (0.763721, 0.046364, 0.382080),
        (0.776037, 0.061818, 0.383121),
        (0.787026, 0.077273, 0.384460),
        (0.796571, 0.092727, 0.386096),
        (0.804673, 0.108182, 0.388030),
        (0.811449, 0.123636, 0.390261),
        (0.817122, 0.139091, 0.392790),
        (0.822007, 0.154545, 0.395617),
        (0.826481, 0.170000, 0.398741),
        (0.755556, 0.000000, 0.380741),
        (0.770172, 0.015455, 0.380890),
        (0.784378, 0.030909, 0.381336),
        (0.797795, 0.046364, 0.382080),
        (0.810111, 0.061818, 0.383121),
        (0.821100, 0.077273, 0.384460),
        (0.830645, 0.092727, 0.386096),
        (0.838747, 0.108182, 0.388030),
        (0.845523, 0.123636, 0.390261),
        (0.851196, 0.139091, 0.392790),
        (0.856081, 0.154545, 0.395617),
        (0.860556, 0.170000, 0.398741),
        (0.789630, 0.000000, 0.380741),
        (0.804246, 0.015455, 0.380890),
        (0.818452, 0.030909, 0.381336),
        (0.831869, 0.046364, 0.382080),
        (0.844185, 0.061818, 0.383121),
        (0.855174, 0.077273, 0.384460),
        (0.864719, 0.092727, 0.386096),
        (0.872821, 0.108182, 0.388030),
        (0.879597, 0.123636, 0.390261),
        (0.885270, 0.139091, 0.392790),
        (0.890155, 0.154545, 0.395617),
        (0.894630, 0.170000, 0.398741),
        (0.823704, 0.000000, 0.380741),
        (0.838320, 0.015455, 0.380890),
        (0.852526, 0.030909, 0.381336),
        (0.865944, 0.046364, 0.382080),
        (0.878259, 0.061818, 0.383121),
        (0.889248, 0.077273, 0.384460),
        (0.898793, 0.092727, 0.386096),
        (0.906895, 0.108182, 0.388030),
        (0.913671, 0.123636, 0.390261),
        (0.919344, 0.139091, 0.392790),
        (0.924229, 0.154545, 0.395617),
        (0.928704, 0.170000, 0.398741),
        (0.857778, 0.000000, 0.380741),
        (0.872394, 0.015455, 0.380890),
        (0.886600, 0.030909, 0.381336),
        (0.900018, 0.046364, 0.382080),
        (0.912333, 0.061818, 0.383121),
        (0.923322, 0.077273, 0.384460),
        (0.932867, 0.092727, 0.386096),
        (0.940969, 0.108182, 0.388030),
        (0.947745, 0.123636, 0.390261),
        (0.953418, 0.139091, 0.392790),
        (0.958304, 0.154545, 0.395617),
        (0.962778, 0.170000, 0.398741),
        (0.891852, 0.000000, 0.380741),
        (0.906468, 0.015455, 0.380890),
        (0.920674, 0.030909, 0.381336),
        (0.934092, 0.046364, 0.382080),
        (0.946407, 0.061818, 0.383121),
        (0.957396, 0.077273, 0.384460),
        (0.966941, 0.092727, 0.386096),
        (0.975043, 0.108182, 0.388030),
        (0.981819, 0.123636, 0.390261),
        (0.987492, 0.139091, 0.392790),
        (0.992378, 0.154545, 0.395617),
        (0.996852, 0.170000, 0.398741),
        (0.925926, 0.000000, 0.380741),
        (0.940543, 0.015455, 0.380890),
        (0.954748, 0.030909, 0.381336),
        (0.968166, 0.046364, 0.382080),
        (0.980481, 0.061818, 0.383121),
        (0.991470, 0.077273, 0.384460),
        (1.001015, 0.092727, 0.386096),
        (1.009117, 0.108182, 0.388030),
        (1.015893, 0.123636, 0.390261),
        (1.021567, 0.139091, 0.392790),
        (1.026452, 0.154545, 0.395617),
        (1.030926, 0.170000, 0.398741),
        (0.960000, 0.000000, 0.380741),
        (0.974617, 0.015455, 0.380890),
        (0.988822, 0.030909, 0.381336),
        (1.002240, 0.046364, 0.382080),
        (1.014555, 0.061818, 0.383121),
        (1.025544, 0.077273, 0.384460),
        (1.035090, 0.092727, 0.386096),
        (1.043192, 0.108182, 0.388030),
        (1.049967, 0.123636, 0.390261),
        (1.055641, 0.139091, 0.392790),
        (1.060526, 0.154545, 0.395617),
        (1.065000, 0.170000, 0.398741),
        (0.040000, 0.000000, 0.414815),
        (0.054617, 0.015455, 0.414964),
        (0.068822, 0.030909, 0.415410),
        (0.082240, 0.046364, 0.416154),
        (0.094555, 0.061818, 0.417195),
        (0.105544, 0.077273, 0.418534),
        (0.115090, 0.092727, 0.420170),
        (0.123192, 0.108182, 0.422104),
        (0.129967, 0.123636, 0.424335),
        (0.135641, 0.139091, 0.426864),
        (0.140526, 0.154545, 0.429691),
        (0.145000, 0.170000, 0.432815),
        (0.074074, 0.000000, 0.414815),
        (0.088691, 0.015455, 0.414964),
        (0.102897, 0.030909, 0.415410),
        (0.116314, 0.046364, 0.416154),
        (0.128629, 0.061818, 0.417195),
        (0.139618, 0.077273, 0.418534),
        (0.149164, 0.092727, 0.420170),
        (0.157266, 0.108182, 0.422104),
        (0.164041, 0.123636, 0.424335),
        (0.169715, 0.139091, 0.426864),
        (0.174600, 0.154545, 0.429691),
        (0.179074, 0.170000, 0.432815),
        (0.108148, 0.000000, 0.414815),
        (0.122765, 0.015455, 0.414964),
        (0.136971, 0.030909, 0.415410),
        (0.150388, 0.046364, 0.416154),
        (0.162703, 0.061818, 0.417195),
        (0.173692, 0.077273, 0.418534),
        (0.183238, 0.092727, 0.420170),
        (0.191340, 0.108182, 0.422104),
        (0.198115, 0.123636, 0.424335),
        (0.203789, 0.139091, 0.426864),
        (0.208674, 0.154545, 0.429691),
        (0.213148, 0.170000, 0.432815),
        (0.142222, 0.000000, 0.414815),
        (0.156839, 0.015455, 0.414964),
        (0.171045, 0.030909, 0.415410),
        (0.184462, 0.046364, 0.416154),
        (0.196777, 0.061818, 0.417195),
        (0.207766, 0.077273, 0.418534),
        (0.217312, 0.092727, 0.420170),
        (0.225414, 0.108182, 0.422104),
        (0.232189, 0.123636, 0.424335),
        (0.237863, 0.139091, 0.426864),
        (0.242748, 0.154545, 0.429691),
        (0.247222, 0.170000, 0.432815),
        (0.176296, 0.000000, 0.414815),
        (0.190913, 0.015455, 0.414964),
        (0.205119, 0.030909, 0.415410),
        (0.218536, 0.046364, 0.416154),
        (0.230851, 0.061818, 0.417195),
        (0.241840, 0.077273, 0.418534),
        (0.251386, 0.092727, 0.420170),
        (0.259488, 0.108182, 0.422104),
        (0.266263, 0.123636, 0.424335),
        (0.271937, 0.139091, 0.426864),
        (0.276822, 0.154545, 0.429691),
        (0.281296, 0.170000, 0.432815),
        (0.210370, 0.000000, 0.414815),
        (0.224987, 0.015455, 0.414964),
        (0.239193, 0.030909, 0.415410),
        (0.252610, 0.046364, 0.416154),
        (0.264926, 0.061818, 0.417195),
        (0.275914, 0.077273, 0.418534),
        (0.285460, 0.092727, 0.420170),
        (0.293562, 0.108182, 0.422104),
        (0.300337, 0.123636, 0.424335),
        (0.306011, 0.139091, 0.426864),
        (0.310896, 0.154545, 0.429691),
        (0.315370, 0.170000, 0.432815),
        (0.244444, 0.000000, 0.414815),
        (0.259061, 0.015455, 0.414964),
        (0.273267, 0.030909, 0.415410),
        (0.286684, 0.046364, 0.416154),
        (0.299000, 0.061818, 0.417195),
        (0.309989, 0.077273, 0.418534),
        (0.319534, 0.092727, 0.420170),
        (0.327636, 0.108182, 0.422104),
        (0.334412, 0.123636, 0.424335),
        (0.340085, 0.139091, 0.426864),
        (0.344970, 0.154545, 0.429691),
        (0.349444, 0.170000, 0.432815),
        (0.278519, 0.000000, 0.414815),
        (0.293135, 0.015455, 0.414964),
        (0.307341, 0.030909, 0.415410),
        (0.320758, 0.046364, 0.416154),
        (0.333074, 0.061818, 0.417195),
        (0.344063, 0.077273, 0.418534),
        (0.353608, 0.092727, 0.420170),
        (0.361710, 0.108182, 0.422104),
        (0.368486, 0.123636, 0.424335),
        (0.374159, 0.139091, 0.426864),
        (0.379044, 0.154545, 0.429691),
        (0.383519, 0.170000, 0.432815),
        (0.312593, 0.000000, 0.414815),
        (0.327209, 0.015455, 0.414964),
        (0.341415, 0.030909, 0.415410),
        (0.354832, 0.046364, 0.416154),
        (0.367148, 0.061818, 0.417195),
        (0.378137, 0.077273, 0.418534),
        (0.387682, 0.092727, 0.420170),
        (0.395784, 0.108182, 0.422104),
        (0.402560, 0.123636, 0.424335),
        (0.408233, 0.139091, 0.426864),
        (0.413118, 0.154545, 0.429691),
        (0.417593, 0.170000, 0.432815),
        (0.346667, 0.000000, 0.414815),
        (0.361283, 0.015455, 0.414964),
        (0.375489, 0.030909, 0.415410),
        (0.388907, 0.046364, 0.416154),
        (0.401222, 0.061818, 0.417195),
        (0.412211, 0.077273, 0.418534),
        (0.421756, 0.092727, 0.420170),
        (0.429858, 0.108182, 0.422104),
        (0.436634, 0.123636, 0.424335),
        (0.442307, 0.139091, 0.426864),
        (0.447192, 0.154545, 0.429691),
        (0.451667, 0.170000, 0.432815),
        (0.380741, 0.000000, 0.414815),
        (0.395357, 0.015455, 0.414964),
        (0.409563, 0.030909, 0.415410),
        (0.422981, 0.046364, 0.416154),
        (0.435296, 0.061818, 0.417195),
        (0.446285, 0.077273, 0.418534),
        (0.455830, 0.092727, 0.420170),
        (0.463932, 0.108182, 0.422104),
        (0.470708, 0.123636, 0.424335),
        (0.476381, 0.139091, 0.426864),
        (0.481266, 0.154545, 0.429691),
        (0.485741, 0.170000, 0.432815),
        (0.414815, 0.000000, 0.414815),
        (0.429431, 0.015455, 0.414964),
        (0.443637, 0.030909, 0.415410),
        (0.457055, 0.046364, 0.416154),
        (0.469370, 0.061818, 0.417195),
        (0.480359, 0.077273, 0.418534),
        (0.489904, 0.092727, 0.420170),
        (0.498006, 0.108182, 0.422104),
        (0.504782, 0.123636, 0.424335),
        (0.510455, 0.139091, 0.426864),
        (0.515341, 0.154545, 0.429691),
        (0.519815, 0.170000, 0.432815),
        (0.448889, 0.000000, 0.414815),
        (0.463506, 0.015455, 0.414964),
        (0.477711, 0.030909, 0.415410),
        (0.491129, 0.046364, 0.416154),
        (0.503444, 0.061818, 0.417195),
        (0.514433, 0.077273, 0.418534),
        (0.523978, 0.092727, 0.420170),
        (0.532080, 0.108182, 0.422104),
        (0.538856, 0.123636, 0.424335),
        (0.544530, 0.139091, 0.426864),
        (0.549415, 0.154545, 0.429691),
        (0.553889, 0.170000, 0.432815),
        (0.482963, 0.000000, 0.414815),
        (0.497580, 0.015455, 0.414964),
        (0.511785, 0.030909, 0.415410),
        (0.525203, 0.046364, 0.416154),
        (0.537518, 0.061818, 0.417195),
        (0.548507, 0.077273, 0.418534),
        (0.558052, 0.092727, 0.420170),
        (0.566155, 0.108182, 0.422104),
        (0.572930, 0.123636, 0.424335),
        (0.578604, 0.139091, 0.426864),
        (0.583489, 0.154545, 0.429691),
        (0.587963, 0.170000, 0.432815),
        (0.517037, 0.000000, 0.414815),
        (0.531654, 0.015455, 0.414964),
        (0.545859, 0.030909, 0.415410),
        (0.559277, 0.046364, 0.416154),
        (0.571592, 0.061818, 0.417195),
        (0.582581, 0.077273, 0.418534),
        (0.592127, 0.092727, 0.420170),
        (0.600229, 0.108182, 0.422104),
        (0.607004, 0.123636, 0.424335),
        (0.612678, 0.139091, 0.426864),
        (0.617563, 0.154545, 0.429691),
        (0.622037, 0.170000, 0.432815),
        (0.551111, 0.000000, 0.414815),
        (0.565728, 0.015455, 0.414964),
        (0.579934, 0.030909, 0.415410),
        (0.593351, 0.046364, 0.416154),
        (0.605666, 0.061818, 0.417195),
        (0.616655, 0.077273, 0.418534),
        (0.626201, 0.092727, 0.420170),
        (0.634303, 0.108182, 0.422104),
        (0.641078, 0.123636, 0.424335),
        (0.646752, 0.139091, 0.426864),
        (0.651637, 0.154545, 0.429691),
        (0.656111, 0.170000, 0.432815),
        (0.585185, 0.000000, 0.414815),
        (0.599802, 0.015455, 0.414964),
        (0.614008, 0.030909, 0.415410),
        (0.627425, 0.046364, 0.416154),
        (0.639740, 0.061818, 0.417195),
        (0.650729, 0.077273, 0.418534),
        (0.660275, 0.092727, 0.420170),
        (0.668377, 0.108182, 0.422104),
        (0.675152, 0.123636, 0.424335),
        (0.680826, 0.139091, 0.426864),
        (0.685711, 0.154545, 0.429691),
        (0.690185, 0.170000, 0.432815),
        (0.619259, 0.000000, 0.414815),
        (0.633876, 0.015455, 0.414964),
        (0.648082, 0.030909, 0.415410),
        (0.661499, 0.046364, 0.416154),
        (0.673814, 0.061818, 0.417195),
        (0.684803, 0.077273, 0.418534),
        (0.694349, 0.092727, 0.420170),
        (0.702451, 0.108182, 0.422104),
        (0.709226, 0.123636, 0.424335),
        (0.714900, 0.139091, 0.426864),
        (0.719785, 0.154545, 0.429691),
        (0.724259, 0.170000, 0.432815),
        (0.653333, 0.000000, 0.414815),
        (0.667950, 0.015455, 0.414964),
        (0.682156, 0.030909, 0.415410),
        (0.695573, 0.046364, 0.416154),
        (0.707889, 0.061818, 0.417195),
        (0.718877, 0.077273, 0.418534),
        (0.728423, 0.092727, 0.420170),
        (0.736525, 0.108182, 0.422104),
        (0.743300, 0.123636, 0.424335),
        (0.748974, 0.139091, 0.426864),
        (0.753859, 0.154545, 0.429691),
        (0.758333, 0.170000, 0.432815),
        (0.687407, 0.000000, 0.414815),
        (0.702024, 0.015455, 0.414964),
        (0.716230, 0.030909, 0.415410),
        (0.729647, 0.046364, 0.416154),
        (0.741963, 0.061818, 0.417195),
        (0.752951, 0.077273, 0.418534),
        (0.762497, 0.092727, 0.420170),
        (0.770599, 0.108182, 0.422104),
        (0.777375, 0.123636, 0.424335),
        (0.783048, 0.139091, 0.426864),
        (0.787933, 0.154545, 0.429691),
        (0.792407, 0.170000, 0.432815),
        (0.721481, 0.000000, 0.414815),
        (0.736098, 0.015455, 0.414964),
        (0.750304, 0.030909, 0.415410),
        (0.763721, 0.046364, 0.416154),
        (0.776037, 0.061818, 0.417195),
        (0.787026, 0.077273, 0.418534),
        (0.796571, 0.092727, 0.420170),
        (0.804673, 0.108182, 0.422104),
        (0.811449, 0.123636, 0.424335),
        (0.817122, 0.139091, 0.426864),
        (0.822007, 0.154545, 0.429691),
        (0.826481, 0.170000, 0.432815),
        (0.755556, 0.000000, 0.414815),
        (0.770172, 0.015455, 0.414964),
        (0.784378, 0.030909, 0.415410),
        (0.797795, 0.046364, 0.416154),
        (0.810111, 0.061818, 0.417195),
        (0.821100, 0.077273, 0.418534),
        (0.830645, 0.092727, 0.420170),
        (0.838747, 0.108182, 0.422104),
        (0.845523, 0.123636, 0.424335),
        (0.851196, 0.139091, 0.426864),
        (0.856081, 0.154545, 0.429691),
        (0.860556, 0.170000, 0.432815),
        (0.789630, 0.000000, 0.414815),
        (0.804246, 0.015455, 0.414964),
        (0.818452, 0.030909, 0.415410),
        (0.831869, 0.046364, 0.416154),
        (0.844185, 0.061818, 0.417195),
        (0.855174, 0.077273, 0.418534),
        (0.864719, 0.092727, 0.420170),
        (0.872821, 0.108182, 0.422104),
        (0.879597, 0.123636, 0.424335),
        (0.885270, 0.139091, 0.426864),
        (0.890155, 0.154545, 0.429691),
        (0.894630, 0.170000, 0.432815),
        (0.823704, 0.000000, 0.414815),
        (0.838320, 0.015455, 0.414964),
        (0.852526, 0.030909, 0.415410),
        (0.865944, 0.046364, 0.416154),
        (0.878259, 0.061818, 0.417195),
        (0.889248, 0.077273, 0.418534),
        (0.898793, 0.092727, 0.420170),
        (0.906895, 0.108182, 0.422104),
        (0.913671, 0.123636, 0.424335),
        (0.919344, 0.139091, 0.426864),
        (0.924229, 0.154545, 0.429691),
        (0.928704, 0.170000, 0.432815),
        (0.857778, 0.000000, 0.414815),
        (0.872394, 0.015455, 0.414964),
        (0.886600, 0.030909, 0.415410),
        (0.900018, 0.046364, 0.416154),
        (0.912333, 0.061818, 0.417195),
        (0.923322, 0.077273, 0.418534),
        (0.932867, 0.092727, 0.420170),
        (0.940969, 0.108182, 0.422104),
        (0.947745, 0.123636, 0.424335),
        (0.953418, 0.139091, 0.426864),
        (0.958304, 0.154545, 0.429691),
        (0.962778, 0.170000, 0.432815),
        (0.891852, 0.000000, 0.414815),
        (0.906468, 0.015455, 0.414964),
        (0.920674, 0.030909, 0.415410),
        (0.934092, 0.046364, 0.416154),
        (0.946407, 0.061818, 0.417195),
        (0.957396, 0.077273, 0.418534),
        (0.966941, 0.092727, 0.420170),
        (0.975043, 0.108182, 0.422104),
        (0.981819, 0.123636, 0.424335),
        (0.987492, 0.139091, 0.426864),
        (0.992378, 0.154545, 0.429691),
        (0.996852, 0.170000, 0.432815),
        (0.925926, 0.000000, 0.414815),
        (0.940543, 0.015455, 0.414964),
        (0.954748, 0.030909, 0.415410),
        (0.968166, 0.046364, 0.416154),
        (0.980481, 0.061818, 0.417195),
        (0.991470, 0.077273, 0.418534),
        (1.001015, 0.092727, 0.420170),
        (1.009117, 0.108182, 0.422104),
        (1.015893, 0.123636, 0.424335),
        (1.021567, 0.139091, 0.426864),
        (1.026452, 0.154545, 0.429691),
        (1.030926, 0.170000, 0.432815),
        (0.960000, 0.000000, 0.414815),
        (0.974617, 0.015455, 0.414964),
        (0.988822, 0.030909, 0.415410),
        (1.002240, 0.046364, 0.416154),
        (1.014555, 0.061818, 0.417195),
        (1.025544, 0.077273, 0.418534),
        (1.035090, 0.092727, 0.420170),
        (1.043192, 0.108182, 0.422104),
        (1.049967, 0.123636, 0.424335),
        (1.055641, 0.139091, 0.426864),
        (1.060526, 0.154545, 0.429691),
        (1.065000, 0.170000, 0.432815),
        (0.040000, 0.000000, 0.448889),
        (0.054617, 0.015455, 0.449038),
        (0.068822, 0.030909, 0.449484),
        (0.082240, 0.046364, 0.450228),
        (0.094555, 0.061818, 0.451269),
        (0.105544, 0.077273, 0.452608),
        (0.115090, 0.092727, 0.454244),
        (0.123192, 0.108182, 0.456178),
        (0.129967, 0.123636, 0.458410),
        (0.135641, 0.139091, 0.460938),
        (0.140526, 0.154545, 0.463765),
        (0.145000, 0.170000, 0.466889),
        (0.074074, 0.000000, 0.448889),
        (0.088691, 0.015455, 0.449038),
        (0.102897, 0.030909, 0.449484),
        (0.116314, 0.046364, 0.450228),
        (0.128629, 0.061818, 0.451269),
        (0.139618, 0.077273, 0.452608),
        (0.149164, 0.092727, 0.454244),
        (0.157266, 0.108182, 0.456178),
        (0.164041, 0.123636, 0.458410),
        (0.169715, 0.139091, 0.460938),
        (0.174600, 0.154545, 0.463765),
        (0.179074, 0.170000, 0.466889),
        (0.108148, 0.000000, 0.448889),
        (0.122765, 0.015455, 0.449038),
        (0.136971, 0.030909, 0.449484),
        (0.150388, 0.046364, 0.450228),
        (0.162703, 0.061818, 0.451269),
        (0.173692, 0.077273, 0.452608),
        (0.183238, 0.092727, 0.454244),
        (0.191340, 0.108182, 0.456178),
        (0.198115, 0.123636, 0.458410),
        (0.203789, 0.139091, 0.460938),
        (0.208674, 0.154545, 0.463765),
        (0.213148, 0.170000, 0.466889),
        (0.142222, 0.000000, 0.448889),
        (0.156839, 0.015455, 0.449038),
        (0.171045, 0.030909, 0.449484),
        (0.184462, 0.046364, 0.450228),
        (0.196777, 0.061818, 0.451269),
        (0.207766, 0.077273, 0.452608),
        (0.217312, 0.092727, 0.454244),
        (0.225414, 0.108182, 0.456178),
        (0.232189, 0.123636, 0.458410),
        (0.237863, 0.139091, 0.460938),
        (0.242748, 0.154545, 0.463765),
        (0.247222, 0.170000, 0.466889),
        (0.176296, 0.000000, 0.448889),
        (0.190913, 0.015455, 0.449038),
        (0.205119, 0.030909, 0.449484),
        (0.218536, 0.046364, 0.450228),
        (0.230851, 0.061818, 0.451269),
        (0.241840, 0.077273, 0.452608),
        (0.251386, 0.092727, 0.454244),
        (0.259488, 0.108182, 0.456178),
        (0.266263, 0.123636, 0.458410),
        (0.271937, 0.139091, 0.460938),
        (0.276822, 0.154545, 0.463765),
        (0.281296, 0.170000, 0.466889),
        (0.210370, 0.000000, 0.448889),
        (0.224987, 0.015455, 0.449038),
        (0.239193, 0.030909, 0.449484),
        (0.252610, 0.046364, 0.450228),
        (0.264926, 0.061818, 0.451269),
        (0.275914, 0.077273, 0.452608),
        (0.285460, 0.092727, 0.454244),
        (0.293562, 0.108182, 0.456178),
        (0.300337, 0.123636, 0.458410),
        (0.306011, 0.139091, 0.460938),
        (0.310896, 0.154545, 0.463765),
        (0.315370, 0.170000, 0.466889),
        (0.244444, 0.000000, 0.448889),
        (0.259061, 0.015455, 0.449038),
        (0.273267, 0.030909, 0.449484),
        (0.286684, 0.046364, 0.450228),
        (0.299000, 0.061818, 0.451269),
        (0.309989, 0.077273, 0.452608),
        (0.319534, 0.092727, 0.454244),
        (0.327636, 0.108182, 0.456178),
        (0.334412, 0.123636, 0.458410),
        (0.340085, 0.139091, 0.460938),
        (0.344970, 0.154545, 0.463765),
        (0.349444, 0.170000, 0.466889),
        (0.278519, 0.000000, 0.448889),
        (0.293135, 0.015455, 0.449038),
        (0.307341, 0.030909, 0.449484),
        (0.320758, 0.046364, 0.450228),
        (0.333074, 0.061818, 0.451269),
        (0.344063, 0.077273, 0.452608),
        (0.353608, 0.092727, 0.454244),
        (0.361710, 0.108182, 0.456178),
        (0.368486, 0.123636, 0.458410),
        (0.374159, 0.139091, 0.460938),
        (0.379044, 0.154545, 0.463765),
        (0.383519, 0.170000, 0.466889),
        (0.312593, 0.000000, 0.448889),
        (0.327209, 0.015455, 0.449038),
        (0.341415, 0.030909, 0.449484),
        (0.354832, 0.046364, 0.450228),
        (0.367148, 0.061818, 0.451269),
        (0.378137, 0.077273, 0.452608),
        (0.387682, 0.092727, 0.454244),
        (0.395784, 0.108182, 0.456178),
        (0.402560, 0.123636, 0.458410),
        (0.408233, 0.139091, 0.460938),
        (0.413118, 0.154545, 0.463765),
        (0.417593, 0.170000, 0.466889),
        (0.346667, 0.000000, 0.448889),
        (0.361283, 0.015455, 0.449038),
        (0.375489, 0.030909, 0.449484),
        (0.388907, 0.046364, 0.450228),
        (0.401222, 0.061818, 0.451269),
        (0.412211, 0.077273, 0.452608),
        (0.421756, 0.092727, 0.454244),
        (0.429858, 0.108182, 0.456178),
        (0.436634, 0.123636, 0.458410),
        (0.442307, 0.139091, 0.460938),
        (0.447192, 0.154545, 0.463765),
        (0.451667, 0.170000, 0.466889),
        (0.380741, 0.000000, 0.448889),
        (0.395357, 0.015455, 0.449038),
        (0.409563, 0.030909, 0.449484),
        (0.422981, 0.046364, 0.450228),
        (0.435296, 0.061818, 0.451269),
        (0.446285, 0.077273, 0.452608),
        (0.455830, 0.092727, 0.454244),
        (0.463932, 0.108182, 0.456178),
        (0.470708, 0.123636, 0.458410),
        (0.476381, 0.139091, 0.460938),
        (0.481266, 0.154545, 0.463765),
        (0.485741, 0.170000, 0.466889),
        (0.414815, 0.000000, 0.448889),
        (0.429431, 0.015455, 0.449038),
        (0.443637, 0.030909, 0.449484),
        (0.457055, 0.046364, 0.450228),
        (0.469370, 0.061818, 0.451269),
        (0.480359, 0.077273, 0.452608),
        (0.489904, 0.092727, 0.454244),
        (0.498006, 0.108182, 0.456178),
        (0.504782, 0.123636, 0.458410),
        (0.510455, 0.139091, 0.460938),
        (0.515341, 0.154545, 0.463765),
        (0.519815, 0.170000, 0.466889),
        (0.448889, 0.000000, 0.448889),
        (0.463506, 0.015455, 0.449038),
        (0.477711, 0.030909, 0.449484),
        (0.491129, 0.046364, 0.450228),
        (0.503444, 0.061818, 0.451269),
        (0.514433, 0.077273, 0.452608),
        (0.523978, 0.092727, 0.454244),
        (0.532080, 0.108182, 0.456178),
        (0.538856, 0.123636, 0.458410),
        (0.544530, 0.139091, 0.460938),
        (0.549415, 0.154545, 0.463765),
        (0.553889, 0.170000, 0.466889),
        (0.482963, 0.000000, 0.448889),
        (0.497580, 0.015455, 0.449038),
        (0.511785, 0.030909, 0.449484),
        (0.525203, 0.046364, 0.450228),
        (0.537518, 0.061818, 0.451269),
        (0.548507, 0.077273, 0.452608),
        (0.558052, 0.092727, 0.454244),
        (0.566155, 0.108182, 0.456178),
        (0.572930, 0.123636, 0.458410),
        (0.578604, 0.139091, 0.460938),
        (0.583489, 0.154545, 0.463765),
        (0.587963, 0.170000, 0.466889),
        (0.517037, 0.000000, 0.448889),
        (0.531654, 0.015455, 0.449038),
        (0.545859, 0.030909, 0.449484),
        (0.559277, 0.046364, 0.450228),
        (0.571592, 0.061818, 0.451269),
        (0.582581, 0.077273, 0.452608),
        (0.592127, 0.092727, 0.454244),
        (0.600229, 0.108182, 0.456178),
        (0.607004, 0.123636, 0.458410),
        (0.612678, 0.139091, 0.460938),
        (0.617563, 0.154545, 0.463765),
        (0.622037, 0.170000, 0.466889),
        (0.551111, 0.000000, 0.448889),
        (0.565728, 0.015455, 0.449038),
        (0.579934, 0.030909, 0.449484),
        (0.593351, 0.046364, 0.450228),
        (0.605666, 0.061818, 0.451269),
        (0.616655, 0.077273, 0.452608),
        (0.626201, 0.092727, 0.454244),
        (0.634303, 0.108182, 0.456178),
        (0.641078, 0.123636, 0.458410),
        (0.646752, 0.139091, 0.460938),
        (0.651637, 0.154545, 0.463765),
        (0.656111, 0.170000, 0.466889),
        (0.585185, 0.000000, 0.448889),
        (0.599802, 0.015455, 0.449038),
        (0.614008, 0.030909, 0.449484),
        (0.627425, 0.046364, 0.450228),
        (0.639740, 0.061818, 0.451269),
        (0.650729, 0.077273, 0.452608),
        (0.660275, 0.092727, 0.454244),
        (0.668377, 0.108182, 0.456178),
        (0.675152, 0.123636, 0.458410),
        (0.680826, 0.139091, 0.460938),
        (0.685711, 0.154545, 0.463765),
        (0.690185, 0.170000, 0.466889),
        (0.619259, 0.000000, 0.448889),
        (0.633876, 0.015455, 0.449038),
        (0.648082, 0.030909, 0.449484),
        (0.661499, 0.046364, 0.450228),
        (0.673814, 0.061818, 0.451269),
        (0.684803, 0.077273, 0.452608),
        (0.694349, 0.092727, 0.454244),
        (0.702451, 0.108182, 0.456178),
        (0.709226, 0.123636, 0.458410),
        (0.714900, 0.139091, 0.460938),
        (0.719785, 0.154545, 0.463765),
        (0.724259, 0.170000, 0.466889),
        (0.653333, 0.000000, 0.448889),
        (0.667950, 0.015455, 0.449038),
        (0.682156, 0.030909, 0.449484),
        (0.695573, 0.046364, 0.450228),
        (0.707889, 0.061818, 0.451269),
        (0.718877, 0.077273, 0.452608),
        (0.728423, 0.092727, 0.454244),
        (0.736525, 0.108182, 0.456178),
        (0.743300, 0.123636, 0.458410),
        (0.748974, 0.139091, 0.460938),
        (0.753859, 0.154545, 0.463765),
        (0.758333, 0.170000, 0.466889),
        (0.687407, 0.000000, 0.448889),
        (0.702024, 0.015455, 0.449038),
        (0.716230, 0.030909, 0.449484),
        (0.729647, 0.046364, 0.450228),
        (0.741963, 0.061818, 0.451269),
        (0.752951, 0.077273, 0.452608),
        (0.762497, 0.092727, 0.454244),
        (0.770599, 0.108182, 0.456178),
        (0.777375, 0.123636, 0.458410),
        (0.783048, 0.139091, 0.460938),
        (0.787933, 0.154545, 0.463765),
        (0.792407, 0.170000, 0.466889),
        (0.721481, 0.000000, 0.448889),
        (0.736098, 0.015455, 0.449038),
        (0.750304, 0.030909, 0.449484),
        (0.763721, 0.046364, 0.450228),
        (0.776037, 0.061818, 0.451269),
        (0.787026, 0.077273, 0.452608),
        (0.796571, 0.092727, 0.454244),
        (0.804673, 0.108182, 0.456178),
        (0.811449, 0.123636, 0.458410),
        (0.817122, 0.139091, 0.460938),
        (0.822007, 0.154545, 0.463765),
        (0.826481, 0.170000, 0.466889),
        (0.755556, 0.000000, 0.448889),
        (0.770172, 0.015455, 0.449038),
        (0.784378, 0.030909, 0.449484),
        (0.797795, 0.046364, 0.450228),
        (0.810111, 0.061818, 0.451269),
        (0.821100, 0.077273, 0.452608),
        (0.830645, 0.092727, 0.454244),
        (0.838747, 0.108182, 0.456178),
        (0.845523, 0.123636, 0.458410),
        (0.851196, 0.139091, 0.460938),
        (0.856081, 0.154545, 0.463765),
        (0.860556, 0.170000, 0.466889),
        (0.789630, 0.000000, 0.448889),
        (0.804246, 0.015455, 0.449038),
        (0.818452, 0.030909, 0.449484),
        (0.831869, 0.046364, 0.450228),
        (0.844185, 0.061818, 0.451269),
        (0.855174, 0.077273, 0.452608),
        (0.864719, 0.092727, 0.454244),
        (0.872821, 0.108182, 0.456178),
        (0.879597, 0.123636, 0.458410),
        (0.885270, 0.139091, 0.460938),
        (0.890155, 0.154545, 0.463765),
        (0.894630, 0.170000, 0.466889),
        (0.823704, 0.000000, 0.448889),
        (0.838320, 0.015455, 0.449038),
        (0.852526, 0.030909, 0.449484),
        (0.865944, 0.046364, 0.450228),
        (0.878259, 0.061818, 0.451269),
        (0.889248, 0.077273, 0.452608),
        (0.898793, 0.092727, 0.454244),
        (0.906895, 0.108182, 0.456178),
        (0.913671, 0.123636, 0.458410),
        (0.919344, 0.139091, 0.460938),
        (0.924229, 0.154545, 0.463765),
        (0.928704, 0.170000, 0.466889),
        (0.857778, 0.000000, 0.448889),
        (0.872394, 0.015455, 0.449038),
        (0.886600, 0.030909, 0.449484),
        (0.900018, 0.046364, 0.450228),
        (0.912333, 0.061818, 0.451269),
        (0.923322, 0.077273, 0.452608),
        (0.932867, 0.092727, 0.454244),
        (0.940969, 0.108182, 0.456178),
        (0.947745, 0.123636, 0.458410),
        (0.953418, 0.139091, 0.460938),
        (0.958304, 0.154545, 0.463765),
        (0.962778, 0.170000, 0.466889),
        (0.891852, 0.000000, 0.448889),
        (0.906468, 0.015455, 0.449038),
        (0.920674, 0.030909, 0.449484),
        (0.934092, 0.046364, 0.450228),
        (0.946407, 0.061818, 0.451269),
        (0.957396, 0.077273, 0.452608),
        (0.966941, 0.092727, 0.454244),
        (0.975043, 0.108182, 0.456178),
        (0.981819, 0.123636, 0.458410),
        (0.987492, 0.139091, 0.460938),
        (0.992378, 0.154545, 0.463765),
        (0.996852, 0.170000, 0.466889),
        (0.925926, 0.000000, 0.448889),
        (0.940543, 0.015455, 0.449038),
        (0.954748, 0.030909, 0.449484),
        (0.968166, 0.046364, 0.450228),
        (0.980481, 0.061818, 0.451269),
        (0.991470, 0.077273, 0.452608),
        (1.001015, 0.092727, 0.454244),
        (1.009117, 0.108182, 0.456178),
        (1.015893, 0.123636, 0.458410),
        (1.021567, 0.139091, 0.460938),
        (1.026452, 0.154545, 0.463765),
        (1.030926, 0.170000, 0.466889),
        (0.960000, 0.000000, 0.448889),
        (0.974617, 0.015455, 0.449038),
        (0.988822, 0.030909, 0.449484),
        (1.002240, 0.046364, 0.450228),
        (1.014555, 0.061818, 0.451269),
        (1.025544, 0.077273, 0.452608),
        (1.035090, 0.092727, 0.454244),
        (1.043192, 0.108182, 0.456178),
        (1.049967, 0.123636, 0.458410),
        (1.055641, 0.139091, 0.460938),
        (1.060526, 0.154545, 0.463765),
        (1.065000, 0.170000, 0.466889),
        (0.040000, 0.000000, 0.482963),
        (0.054617, 0.015455, 0.483112),
        (0.068822, 0.030909, 0.483558),
        (0.082240, 0.046364, 0.484302),
        (0.094555, 0.061818, 0.485343),
        (0.105544, 0.077273, 0.486682),
        (0.115090, 0.092727, 0.488318),
        (0.123192, 0.108182, 0.490252),
        (0.129967, 0.123636, 0.492484),
        (0.135641, 0.139091, 0.495013),
        (0.140526, 0.154545, 0.497839),
        (0.145000, 0.170000, 0.500963),
        (0.074074, 0.000000, 0.482963),
        (0.088691, 0.015455, 0.483112),
        (0.102897, 0.030909, 0.483558),
        (0.116314, 0.046364, 0.484302),
        (0.128629, 0.061818, 0.485343),
        (0.139618, 0.077273, 0.486682),
        (0.149164, 0.092727, 0.488318),
        (0.157266, 0.108182, 0.490252),
        (0.164041, 0.123636, 0.492484),
        (0.169715, 0.139091, 0.495013),
        (0.174600, 0.154545, 0.497839),
        (0.179074, 0.170000, 0.500963),
        (0.108148, 0.000000, 0.482963),
        (0.122765, 0.015455, 0.483112),
        (0.136971, 0.030909, 0.483558),
        (0.150388, 0.046364, 0.484302),
        (0.162703, 0.061818, 0.485343),
        (0.173692, 0.077273, 0.486682),
        (0.183238, 0.092727, 0.488318),
        (0.191340, 0.108182, 0.490252),
        (0.198115, 0.123636, 0.492484),
        (0.203789, 0.139091, 0.495013),
        (0.208674, 0.154545, 0.497839),
        (0.213148, 0.170000, 0.500963),
        (0.142222, 0.000000, 0.482963),
        (0.156839, 0.015455, 0.483112),
        (0.171045, 0.030909, 0.483558),
        (0.184462, 0.046364, 0.484302),
        (0.196777, 0.061818, 0.485343),
        (0.207766, 0.077273, 0.486682),
        (0.217312, 0.092727, 0.488318),
        (0.225414, 0.108182, 0.490252),
        (0.232189, 0.123636, 0.492484),
        (0.237863, 0.139091, 0.495013),
        (0.242748, 0.154545, 0.497839),
        (0.247222, 0.170000, 0.500963),
        (0.176296, 0.000000, 0.482963),
        (0.190913, 0.015455, 0.483112),
        (0.205119, 0.030909, 0.483558),
        (0.218536, 0.046364, 0.484302),
        (0.230851, 0.061818, 0.485343),
        (0.241840, 0.077273, 0.486682),
        (0.251386, 0.092727, 0.488318),
        (0.259488, 0.108182, 0.490252),
        (0.266263, 0.123636, 0.492484),
        (0.271937, 0.139091, 0.495013),
        (0.276822, 0.154545, 0.497839),
        (0.281296, 0.170000, 0.500963),
        (0.210370, 0.000000, 0.482963),
        (0.224987, 0.015455, 0.483112),
        (0.239193, 0.030909, 0.483558),
        (0.252610, 0.046364, 0.484302),
        (0.264926, 0.061818, 0.485343),
        (0.275914, 0.077273, 0.486682),
        (0.285460, 0.092727, 0.488318),
        (0.293562, 0.108182, 0.490252),
        (0.300337, 0.123636, 0.492484),
        (0.306011, 0.139091, 0.495013),
        (0.310896, 0.154545, 0.497839),
        (0.315370, 0.170000, 0.500963),
        (0.244444, 0.000000, 0.482963),
        (0.259061, 0.015455, 0.483112),
        (0.273267, 0.030909, 0.483558),
        (0.286684, 0.046364, 0.484302),
        (0.299000, 0.061818, 0.485343),
        (0.309989, 0.077273, 0.486682),
        (0.319534, 0.092727, 0.488318),
        (0.327636, 0.108182, 0.490252),
        (0.334412, 0.123636, 0.492484),
        (0.340085, 0.139091, 0.495013),
        (0.344970, 0.154545, 0.497839),
        (0.349444, 0.170000, 0.500963),
        (0.278519, 0.000000, 0.482963),
        (0.293135, 0.015455, 0.483112),
        (0.307341, 0.030909, 0.483558),
        (0.320758, 0.046364, 0.484302),
        (0.333074, 0.061818, 0.485343),
        (0.344063, 0.077273, 0.486682),
        (0.353608, 0.092727, 0.488318),
        (0.361710, 0.108182, 0.490252),
        (0.368486, 0.123636, 0.492484),
        (0.374159, 0.139091, 0.495013),
        (0.379044, 0.154545, 0.497839),
        (0.383519, 0.170000, 0.500963),
        (0.312593, 0.000000, 0.482963),
        (0.327209, 0.015455, 0.483112),
        (0.341415, 0.030909, 0.483558),
        (0.354832, 0.046364, 0.484302),
        (0.367148, 0.061818, 0.485343),
        (0.378137, 0.077273, 0.486682),
        (0.387682, 0.092727, 0.488318),
        (0.395784, 0.108182, 0.490252),
        (0.402560, 0.123636, 0.492484),
        (0.408233, 0.139091, 0.495013),
        (0.413118, 0.154545, 0.497839),
        (0.417593, 0.170000, 0.500963),
        (0.346667, 0.000000, 0.482963),
        (0.361283, 0.015455, 0.483112),
        (0.375489, 0.030909, 0.483558),
        (0.388907, 0.046364, 0.484302),
        (0.401222, 0.061818, 0.485343),
        (0.412211, 0.077273, 0.486682),
        (0.421756, 0.092727, 0.488318),
        (0.429858, 0.108182, 0.490252),
        (0.436634, 0.123636, 0.492484),
        (0.442307, 0.139091, 0.495013),
        (0.447192, 0.154545, 0.497839),
        (0.451667, 0.170000, 0.500963),
        (0.380741, 0.000000, 0.482963),
        (0.395357, 0.015455, 0.483112),
        (0.409563, 0.030909, 0.483558),
        (0.422981, 0.046364, 0.484302),
        (0.435296, 0.061818, 0.485343),
        (0.446285, 0.077273, 0.486682),
        (0.455830, 0.092727, 0.488318),
        (0.463932, 0.108182, 0.490252),
        (0.470708, 0.123636, 0.492484),
        (0.476381, 0.139091, 0.495013),
        (0.481266, 0.154545, 0.497839),
        (0.485741, 0.170000, 0.500963),
        (0.414815, 0.000000, 0.482963),
        (0.429431, 0.015455, 0.483112),
        (0.443637, 0.030909, 0.483558),
        (0.457055, 0.046364, 0.484302),
        (0.469370, 0.061818, 0.485343),
        (0.480359, 0.077273, 0.486682),
        (0.489904, 0.092727, 0.488318),
        (0.498006, 0.108182, 0.490252),
        (0.504782, 0.123636, 0.492484),
        (0.510455, 0.139091, 0.495013),
        (0.515341, 0.154545, 0.497839),
        (0.519815, 0.170000, 0.500963),
        (0.448889, 0.000000, 0.482963),
        (0.463506, 0.015455, 0.483112),
        (0.477711, 0.030909, 0.483558),
        (0.491129, 0.046364, 0.484302),
        (0.503444, 0.061818, 0.485343),
        (0.514433, 0.077273, 0.486682),
        (0.523978, 0.092727, 0.488318),
        (0.532080, 0.108182, 0.490252),
        (0.538856, 0.123636, 0.492484),
        (0.544530, 0.139091, 0.495013),
        (0.549415, 0.154545, 0.497839),
        (0.553889, 0.170000, 0.500963),
        (0.482963, 0.000000, 0.482963),
        (0.497580, 0.015455, 0.483112),
        (0.511785, 0.030909, 0.483558),
        (0.525203, 0.046364, 0.484302),
        (0.537518, 0.061818, 0.485343),
        (0.548507, 0.077273, 0.486682),
        (0.558052, 0.092727, 0.488318),
        (0.566155, 0.108182, 0.490252),
        (0.572930, 0.123636, 0.492484),
        (0.578604, 0.139091, 0.495013),
        (0.583489, 0.154545, 0.497839),
        (0.587963, 0.170000, 0.500963),
        (0.517037, 0.000000, 0.482963),
        (0.531654, 0.015455, 0.483112),
        (0.545859, 0.030909, 0.483558),
        (0.559277, 0.046364, 0.484302),
        (0.571592, 0.061818, 0.485343),
        (0.582581, 0.077273, 0.486682),
        (0.592127, 0.092727, 0.488318),
        (0.600229, 0.108182, 0.490252),
        (0.607004, 0.123636, 0.492484),
        (0.612678, 0.139091, 0.495013),
        (0.617563, 0.154545, 0.497839),
        (0.622037, 0.170000, 0.500963),
        (0.551111, 0.000000, 0.482963),
        (0.565728, 0.015455, 0.483112),
        (0.579934, 0.030909, 0.483558),
        (0.593351, 0.046364, 0.484302),
        (0.605666, 0.061818, 0.485343),
        (0.616655, 0.077273, 0.486682),
        (0.626201, 0.092727, 0.488318),
        (0.634303, 0.108182, 0.490252),
        (0.641078, 0.123636, 0.492484),
        (0.646752, 0.139091, 0.495013),
        (0.651637, 0.154545, 0.497839),
        (0.656111, 0.170000, 0.500963),
        (0.585185, 0.000000, 0.482963),
        (0.599802, 0.015455, 0.483112),
        (0.614008, 0.030909, 0.483558),
        (0.627425, 0.046364, 0.484302),
        (0.639740, 0.061818, 0.485343),
        (0.650729, 0.077273, 0.486682),
        (0.660275, 0.092727, 0.488318),
        (0.668377, 0.108182, 0.490252),
        (0.675152, 0.123636, 0.492484),
        (0.680826, 0.139091, 0.495013),
        (0.685711, 0.154545, 0.497839),
        (0.690185, 0.170000, 0.500963),
        (0.619259, 0.000000, 0.482963),
        (0.633876, 0.015455, 0.483112),
        (0.648082, 0.030909, 0.483558),
        (0.661499, 0.046364, 0.484302),
        (0.673814, 0.061818, 0.485343),
        (0.684803, 0.077273, 0.486682),
        (0.694349, 0.092727, 0.488318),
        (0.702451, 0.108182, 0.490252),
        (0.709226, 0.123636, 0.492484),
        (0.714900, 0.139091, 0.495013),
        (0.719785, 0.154545, 0.497839),
        (0.724259, 0.170000, 0.500963),
        (0.653333, 0.000000, 0.482963),
        (0.667950, 0.015455, 0.483112),
        (0.682156, 0.030909, 0.483558),
        (0.695573, 0.046364, 0.484302),
        (0.707889, 0.061818, 0.485343),
        (0.718877, 0.077273, 0.486682),
        (0.728423, 0.092727, 0.488318),
        (0.736525, 0.108182, 0.490252),
        (0.743300, 0.123636, 0.492484),
        (0.748974, 0.139091, 0.495013),
        (0.753859, 0.154545, 0.497839),
        (0.758333, 0.170000, 0.500963),
        (0.687407, 0.000000, 0.482963),
        (0.702024, 0.015455, 0.483112),
        (0.716230, 0.030909, 0.483558),
        (0.729647, 0.046364, 0.484302),
        (0.741963, 0.061818, 0.485343),
        (0.752951, 0.077273, 0.486682),
        (0.762497, 0.092727, 0.488318),
        (0.770599, 0.108182, 0.490252),
        (0.777375, 0.123636, 0.492484),
        (0.783048, 0.139091, 0.495013),
        (0.787933, 0.154545, 0.497839),
        (0.792407, 0.170000, 0.500963),
        (0.721481, 0.000000, 0.482963),
        (0.736098, 0.015455, 0.483112),
        (0.750304, 0.030909, 0.483558),
        (0.763721, 0.046364, 0.484302),
        (0.776037, 0.061818, 0.485343),
        (0.787026, 0.077273, 0.486682),
        (0.796571, 0.092727, 0.488318),
        (0.804673, 0.108182, 0.490252),
        (0.811449, 0.123636, 0.492484),
        (0.817122, 0.139091, 0.495013),
        (0.822007, 0.154545, 0.497839),
        (0.826481, 0.170000, 0.500963),
        (0.755556, 0.000000, 0.482963),
        (0.770172, 0.015455, 0.483112),
        (0.784378, 0.030909, 0.483558),
        (0.797795, 0.046364, 0.484302),
        (0.810111, 0.061818, 0.485343),
        (0.821100, 0.077273, 0.486682),
        (0.830645, 0.092727, 0.488318),
        (0.838747, 0.108182, 0.490252),
        (0.845523, 0.123636, 0.492484),
        (0.851196, 0.139091, 0.495013),
        (0.856081, 0.154545, 0.497839),
        (0.860556, 0.170000, 0.500963),
        (0.789630, 0.000000, 0.482963),
        (0.804246, 0.015455, 0.483112),
        (0.818452, 0.030909, 0.483558),
        (0.831869, 0.046364, 0.484302),
        (0.844185, 0.061818, 0.485343),
        (0.855174, 0.077273, 0.486682),
        (0.864719, 0.092727, 0.488318),
        (0.872821, 0.108182, 0.490252),
        (0.879597, 0.123636, 0.492484),
        (0.885270, 0.139091, 0.495013),
        (0.890155, 0.154545, 0.497839),
        (0.894630, 0.170000, 0.500963),
        (0.823704, 0.000000, 0.482963),
        (0.838320, 0.015455, 0.483112),
        (0.852526, 0.030909, 0.483558),
        (0.865944, 0.046364, 0.484302),
        (0.878259, 0.061818, 0.485343),
        (0.889248, 0.077273, 0.486682),
        (0.898793, 0.092727, 0.488318),
        (0.906895, 0.108182, 0.490252),
        (0.913671, 0.123636, 0.492484),
        (0.919344, 0.139091, 0.495013),
        (0.924229, 0.154545, 0.497839),
        (0.928704, 0.170000, 0.500963),
        (0.857778, 0.000000, 0.482963),
        (0.872394, 0.015455, 0.483112),
        (0.886600, 0.030909, 0.483558),
        (0.900018, 0.046364, 0.484302),
        (0.912333, 0.061818, 0.485343),
        (0.923322, 0.077273, 0.486682),
        (0.932867, 0.092727, 0.488318),
        (0.940969, 0.108182, 0.490252),
        (0.947745, 0.123636, 0.492484),
        (0.953418, 0.139091, 0.495013),
        (0.958304, 0.154545, 0.497839),
        (0.962778, 0.170000, 0.500963),
        (0.891852, 0.000000, 0.482963),
        (0.906468, 0.015455, 0.483112),
        (0.920674, 0.030909, 0.483558),
        (0.934092, 0.046364, 0.484302),
        (0.946407, 0.061818, 0.485343),
        (0.957396, 0.077273, 0.486682),
        (0.966941, 0.092727, 0.488318),
        (0.975043, 0.108182, 0.490252),
        (0.981819, 0.123636, 0.492484),
        (0.987492, 0.139091, 0.495013),
        (0.992378, 0.154545, 0.497839),
        (0.996852, 0.170000, 0.500963),
        (0.925926, 0.000000, 0.482963),
        (0.940543, 0.015455, 0.483112),
        (0.954748, 0.030909, 0.483558),
        (0.968166, 0.046364, 0.484302),
        (0.980481, 0.061818, 0.485343),
        (0.991470, 0.077273, 0.486682),
        (1.001015, 0.092727, 0.488318),
        (1.009117, 0.108182, 0.490252),
        (1.015893, 0.123636, 0.492484),
        (1.021567, 0.139091, 0.495013),
        (1.026452, 0.154545, 0.497839),
        (1.030926, 0.170000, 0.500963),
        (0.960000, 0.000000, 0.482963),
        (0.974617, 0.015455, 0.483112),
        (0.988822, 0.030909, 0.483558),
        (1.002240, 0.046364, 0.484302),
        (1.014555, 0.061818, 0.485343),
        (1.025544, 0.077273, 0.486682),
        (1.035090, 0.092727, 0.488318),
        (1.043192, 0.108182, 0.490252),
        (1.049967, 0.123636, 0.492484),
        (1.055641, 0.139091, 0.495013),
        (1.060526, 0.154545, 0.497839),
        (1.065000, 0.170000, 0.500963),
        (0.040000, 0.000000, 0.517037),
        (0.054617, 0.015455, 0.517186),
        (0.068822, 0.030909, 0.517632),
        (0.082240, 0.046364, 0.518376),
        (0.094555, 0.061818, 0.519417),
        (0.105544, 0.077273, 0.520756),
        (0.115090, 0.092727, 0.522392),
        (0.123192, 0.108182, 0.524326),
        (0.129967, 0.123636, 0.526558),
        (0.135641, 0.139091, 0.529087),
        (0.140526, 0.154545, 0.531913),
        (0.145000, 0.170000, 0.535037),
        (0.074074, 0.000000, 0.517037),
        (0.088691, 0.015455, 0.517186),
        (0.102897, 0.030909, 0.517632),
        (0.116314, 0.046364, 0.518376),
        (0.128629, 0.061818, 0.519417),
        (0.139618, 0.077273, 0.520756),
        (0.149164, 0.092727, 0.522392),
        (0.157266, 0.108182, 0.524326),
        (0.164041, 0.123636, 0.526558),
        (0.169715, 0.139091, 0.529087),
        (0.174600, 0.154545, 0.531913),
        (0.179074, 0.170000, 0.535037),
        (0.108148, 0.000000, 0.517037),
        (0.122765, 0.015455, 0.517186),
        (0.136971, 0.030909, 0.517632),
        (0.150388, 0.046364, 0.518376),
        (0.162703, 0.061818, 0.519417),
        (0.173692, 0.077273, 0.520756),
        (0.183238, 0.092727, 0.522392),
        (0.191340, 0.108182, 0.524326),
        (0.198115, 0.123636, 0.526558),
        (0.203789, 0.139091, 0.529087),
        (0.208674, 0.154545, 0.531913),
        (0.213148, 0.170000, 0.535037),
        (0.142222, 0.000000, 0.517037),
        (0.156839, 0.015455, 0.517186),
        (0.171045, 0.030909, 0.517632),
        (0.184462, 0.046364, 0.518376),
        (0.196777, 0.061818, 0.519417),
        (0.207766, 0.077273, 0.520756),
        (0.217312, 0.092727, 0.522392),
        (0.225414, 0.108182, 0.524326),
        (0.232189, 0.123636, 0.526558),
        (0.237863, 0.139091, 0.529087),
        (0.242748, 0.154545, 0.531913),
        (0.247222, 0.170000, 0.535037),
        (0.176296, 0.000000, 0.517037),
        (0.190913, 0.015455, 0.517186),
        (0.205119, 0.030909, 0.517632),
        (0.218536, 0.046364, 0.518376),
        (0.230851, 0.061818, 0.519417),
        (0.241840, 0.077273, 0.520756),
        (0.251386, 0.092727, 0.522392),
        (0.259488, 0.108182, 0.524326),
        (0.266263, 0.123636, 0.526558),
        (0.271937, 0.139091, 0.529087),
        (0.276822, 0.154545, 0.531913),
        (0.281296, 0.170000, 0.535037),
        (0.210370, 0.000000, 0.517037),
        (0.224987, 0.015455, 0.517186),
        (0.239193, 0.030909, 0.517632),
        (0.252610, 0.046364, 0.518376),
        (0.264926, 0.061818, 0.519417),
        (0.275914, 0.077273, 0.520756),
        (0.285460, 0.092727, 0.522392),
        (0.293562, 0.108182, 0.524326),
        (0.300337, 0.123636, 0.526558),
        (0.306011, 0.139091, 0.529087),
        (0.310896, 0.154545, 0.531913),
        (0.315370, 0.170000, 0.535037),
        (0.244444, 0.000000, 0.517037),
        (0.259061, 0.015455, 0.517186),
        (0.273267, 0.030909, 0.517632),
        (0.286684, 0.046364, 0.518376),
        (0.299000, 0.061818, 0.519417),
        (0.309989, 0.077273, 0.520756),
        (0.319534, 0.092727, 0.522392),
        (0.327636, 0.108182, 0.524326),
        (0.334412, 0.123636, 0.526558),
        (0.340085, 0.139091, 0.529087),
        (0.344970, 0.154545, 0.531913),
        (0.349444, 0.170000, 0.535037),
        (0.278519, 0.000000, 0.517037),
        (0.293135, 0.015455, 0.517186),
        (0.307341, 0.030909, 0.517632),
        (0.320758, 0.046364, 0.518376),
        (0.333074, 0.061818, 0.519417),
        (0.344063, 0.077273, 0.520756),
        (0.353608, 0.092727, 0.522392),
        (0.361710, 0.108182, 0.524326),
        (0.368486, 0.123636, 0.526558),
        (0.374159, 0.139091, 0.529087),
        (0.379044, 0.154545, 0.531913),
        (0.383519, 0.170000, 0.535037),
        (0.312593, 0.000000, 0.517037),
        (0.327209, 0.015455, 0.517186),
        (0.341415, 0.030909, 0.517632),
        (0.354832, 0.046364, 0.518376),
        (0.367148, 0.061818, 0.519417),
        (0.378137, 0.077273, 0.520756),
        (0.387682, 0.092727, 0.522392),
        (0.395784, 0.108182, 0.524326),
        (0.402560, 0.123636, 0.526558),
        (0.408233, 0.139091, 0.529087),
        (0.413118, 0.154545, 0.531913),
        (0.417593, 0.170000, 0.535037),
        (0.346667, 0.000000, 0.517037),
        (0.361283, 0.015455, 0.517186),
        (0.375489, 0.030909, 0.517632),
        (0.388907, 0.046364, 0.518376),
        (0.401222, 0.061818, 0.519417),
        (0.412211, 0.077273, 0.520756),
        (0.421756, 0.092727, 0.522392),
        (0.429858, 0.108182, 0.524326),
        (0.436634, 0.123636, 0.526558),
        (0.442307, 0.139091, 0.529087),
        (0.447192, 0.154545, 0.531913),
        (0.451667, 0.170000, 0.535037),
        (0.380741, 0.000000, 0.517037),
        (0.395357, 0.015455, 0.517186),
        (0.409563, 0.030909, 0.517632),
        (0.422981, 0.046364, 0.518376),
        (0.435296, 0.061818, 0.519417),
        (0.446285, 0.077273, 0.520756),
        (0.455830, 0.092727, 0.522392),
        (0.463932, 0.108182, 0.524326),
        (0.470708, 0.123636, 0.526558),
        (0.476381, 0.139091, 0.529087),
        (0.481266, 0.154545, 0.531913),
        (0.485741, 0.170000, 0.535037),
        (0.414815, 0.000000, 0.517037),
        (0.429431, 0.015455, 0.517186),
        (0.443637, 0.030909, 0.517632),
        (0.457055, 0.046364, 0.518376),
        (0.469370, 0.061818, 0.519417),
        (0.480359, 0.077273, 0.520756),
        (0.489904, 0.092727, 0.522392),
        (0.498006, 0.108182, 0.524326),
        (0.504782, 0.123636, 0.526558),
        (0.510455, 0.139091, 0.529087),
        (0.515341, 0.154545, 0.531913),
        (0.519815, 0.170000, 0.535037),
        (0.448889, 0.000000, 0.517037),
        (0.463506, 0.015455, 0.517186),
        (0.477711, 0.030909, 0.517632),
        (0.491129, 0.046364, 0.518376),
        (0.503444, 0.061818, 0.519417),
        (0.514433, 0.077273, 0.520756),
        (0.523978, 0.092727, 0.522392),
        (0.532080, 0.108182, 0.524326),
        (0.538856, 0.123636, 0.526558),
        (0.544530, 0.139091, 0.529087),
        (0.549415, 0.154545, 0.531913),
        (0.553889, 0.170000, 0.535037),
        (0.482963, 0.000000, 0.517037),
        (0.497580, 0.015455, 0.517186),
        (0.511785, 0.030909, 0.517632),
        (0.525203, 0.046364, 0.518376),
        (0.537518, 0.061818, 0.519417),
        (0.548507, 0.077273, 0.520756),
        (0.558052, 0.092727, 0.522392),
        (0.566155, 0.108182, 0.524326),
        (0.572930, 0.123636, 0.526558),
        (0.578604, 0.139091, 0.529087),
        (0.583489, 0.154545, 0.531913),
        (0.587963, 0.170000, 0.535037),
        (0.517037, 0.000000, 0.517037),
        (0.531654, 0.015455, 0.517186),
        (0.545859, 0.030909, 0.517632),
        (0.559277, 0.046364, 0.518376),
        (0.571592, 0.061818, 0.519417),
        (0.582581, 0.077273, 0.520756),
        (0.592127, 0.092727, 0.522392),
        (0.600229, 0.108182, 0.524326),
        (0.607004, 0.123636, 0.526558),
        (0.612678, 0.139091, 0.529087),
        (0.617563, 0.154545, 0.531913),
        (0.622037, 0.170000, 0.535037),
        (0.551111, 0.000000, 0.517037),
        (0.565728, 0.015455, 0.517186),
        (0.579934, 0.030909, 0.517632),
        (0.593351, 0.046364, 0.518376),
        (0.605666, 0.061818, 0.519417),
        (0.616655, 0.077273, 0.520756),
        (0.626201, 0.092727, 0.522392),
        (0.634303, 0.108182, 0.524326),
        (0.641078, 0.123636, 0.526558),
        (0.646752, 0.139091, 0.529087),
        (0.651637, 0.154545, 0.531913),
        (0.656111, 0.170000, 0.535037),
        (0.585185, 0.000000, 0.517037),
        (0.599802, 0.015455, 0.517186),
        (0.614008, 0.030909, 0.517632),
        (0.627425, 0.046364, 0.518376),
        (0.639740, 0.061818, 0.519417),
        (0.650729, 0.077273, 0.520756),
        (0.660275, 0.092727, 0.522392),
        (0.668377, 0.108182, 0.524326),
        (0.675152, 0.123636, 0.526558),
        (0.680826, 0.139091, 0.529087),
        (0.685711, 0.154545, 0.531913),
        (0.690185, 0.170000, 0.535037),
        (0.619259, 0.000000, 0.517037),
        (0.633876, 0.015455, 0.517186),
        (0.648082, 0.030909, 0.517632),
        (0.661499, 0.046364, 0.518376),
        (0.673814, 0.061818, 0.519417),
        (0.684803, 0.077273, 0.520756),
        (0.694349, 0.092727, 0.522392),
        (0.702451, 0.108182, 0.524326),
        (0.709226, 0.123636, 0.526558),
        (0.714900, 0.139091, 0.529087),
        (0.719785, 0.154545, 0.531913),
        (0.724259, 0.170000, 0.535037),
        (0.653333, 0.000000, 0.517037),
        (0.667950, 0.015455, 0.517186),
        (0.682156, 0.030909, 0.517632),
        (0.695573, 0.046364, 0.518376),
        (0.707889, 0.061818, 0.519417),
        (0.718877, 0.077273, 0.520756),
        (0.728423, 0.092727, 0.522392),
        (0.736525, 0.108182, 0.524326),
        (0.743300, 0.123636, 0.526558),
        (0.748974, 0.139091, 0.529087),
        (0.753859, 0.154545, 0.531913),
        (0.758333, 0.170000, 0.535037),
        (0.687407, 0.000000, 0.517037),
        (0.702024, 0.015455, 0.517186),
        (0.716230, 0.030909, 0.517632),
        (0.729647, 0.046364, 0.518376),
        (0.741963, 0.061818, 0.519417),
        (0.752951, 0.077273, 0.520756),
        (0.762497, 0.092727, 0.522392),
        (0.770599, 0.108182, 0.524326),
        (0.777375, 0.123636, 0.526558),
        (0.783048, 0.139091, 0.529087),
        (0.787933, 0.154545, 0.531913),
        (0.792407, 0.170000, 0.535037),
        (0.721481, 0.000000, 0.517037),
        (0.736098, 0.015455, 0.517186),
        (0.750304, 0.030909, 0.517632),
        (0.763721, 0.046364, 0.518376),
        (0.776037, 0.061818, 0.519417),
        (0.787026, 0.077273, 0.520756),
        (0.796571, 0.092727, 0.522392),
        (0.804673, 0.108182, 0.524326),
        (0.811449, 0.123636, 0.526558),
        (0.817122, 0.139091, 0.529087),
        (0.822007, 0.154545, 0.531913),
        (0.826481, 0.170000, 0.535037),
        (0.755556, 0.000000, 0.517037),
        (0.770172, 0.015455, 0.517186),
        (0.784378, 0.030909, 0.517632),
        (0.797795, 0.046364, 0.518376),
        (0.810111, 0.061818, 0.519417),
        (0.821100, 0.077273, 0.520756),
        (0.830645, 0.092727, 0.522392),
        (0.838747, 0.108182, 0.524326),
        (0.845523, 0.123636, 0.526558),
        (0.851196, 0.139091, 0.529087),
        (0.856081, 0.154545, 0.531913),
        (0.860556, 0.170000, 0.535037),
        (0.789630, 0.000000, 0.517037),
        (0.804246, 0.015455, 0.517186),
        (0.818452, 0.030909, 0.517632),
        (0.831869, 0.046364, 0.518376),
        (0.844185, 0.061818, 0.519417),
        (0.855174, 0.077273, 0.520756),
        (0.864719, 0.092727, 0.522392),
        (0.872821, 0.108182, 0.524326),
        (0.879597, 0.123636, 0.526558),
        (0.885270, 0.139091, 0.529087),
        (0.890155, 0.154545, 0.531913),
        (0.894630, 0.170000, 0.535037),
        (0.823704, 0.000000, 0.517037),
        (0.838320, 0.015455, 0.517186),
        (0.852526, 0.030909, 0.517632),
        (0.865944, 0.046364, 0.518376),
        (0.878259, 0.061818, 0.519417),
        (0.889248, 0.077273, 0.520756),
        (0.898793, 0.092727, 0.522392),
        (0.906895, 0.108182, 0.524326),
        (0.913671, 0.123636, 0.526558),
        (0.919344, 0.139091, 0.529087),
        (0.924229, 0.154545, 0.531913),
        (0.928704, 0.170000, 0.535037),
        (0.857778, 0.000000, 0.517037),
        (0.872394, 0.015455, 0.517186),
        (0.886600, 0.030909, 0.517632),
        (0.900018, 0.046364, 0.518376),
        (0.912333, 0.061818, 0.519417),
        (0.923322, 0.077273, 0.520756),
        (0.932867, 0.092727, 0.522392),
        (0.940969, 0.108182, 0.524326),
        (0.947745, 0.123636, 0.526558),
        (0.953418, 0.139091, 0.529087),
        (0.958304, 0.154545, 0.531913),
        (0.962778, 0.170000, 0.535037),
        (0.891852, 0.000000, 0.517037),
        (0.906468, 0.015455, 0.517186),
        (0.920674, 0.030909, 0.517632),
        (0.934092, 0.046364, 0.518376),
        (0.946407, 0.061818, 0.519417),
        (0.957396, 0.077273, 0.520756),
        (0.966941, 0.092727, 0.522392),
        (0.975043, 0.108182, 0.524326),
        (0.981819, 0.123636, 0.526558),
        (0.987492, 0.139091, 0.529087),
        (0.992378, 0.154545, 0.531913),
        (0.996852, 0.170000, 0.535037),
        (0.925926, 0.000000, 0.517037),
        (0.940543, 0.015455, 0.517186),
        (0.954748, 0.030909, 0.517632),
        (0.968166, 0.046364, 0.518376),
        (0.980481, 0.061818, 0.519417),
        (0.991470, 0.077273, 0.520756),
        (1.001015, 0.092727, 0.522392),
        (1.009117, 0.108182, 0.524326),
        (1.015893, 0.123636, 0.526558),
        (1.021567, 0.139091, 0.529087),
        (1.026452, 0.154545, 0.531913),
        (1.030926, 0.170000, 0.535037),
        (0.960000, 0.000000, 0.517037),
        (0.974617, 0.015455, 0.517186),
        (0.988822, 0.030909, 0.517632),
        (1.002240, 0.046364, 0.518376),
        (1.014555, 0.061818, 0.519417),
        (1.025544, 0.077273, 0.520756),
        (1.035090, 0.092727, 0.522392),
        (1.043192, 0.108182, 0.524326),
        (1.049967, 0.123636, 0.526558),
        (1.055641, 0.139091, 0.529087),
        (1.060526, 0.154545, 0.531913),
        (1.065000, 0.170000, 0.535037),
        (0.040000, 0.000000, 0.551111),
        (0.054617, 0.015455, 0.551260),
        (0.068822, 0.030909, 0.551706),
        (0.082240, 0.046364, 0.552450),
        (0.094555, 0.061818, 0.553491),
        (0.105544, 0.077273, 0.554830),
        (0.115090, 0.092727, 0.556466),
        (0.123192, 0.108182, 0.558400),
        (0.129967, 0.123636, 0.560632),
        (0.135641, 0.139091, 0.563161),
        (0.140526, 0.154545, 0.565987),
        (0.145000, 0.170000, 0.569111),
        (0.074074, 0.000000, 0.551111),
        (0.088691, 0.015455, 0.551260),
        (0.102897, 0.030909, 0.551706),
        (0.116314, 0.046364, 0.552450),
        (0.128629, 0.061818, 0.553491),
        (0.139618, 0.077273, 0.554830),
        (0.149164, 0.092727, 0.556466),
        (0.157266, 0.108182, 0.558400),
        (0.164041, 0.123636, 0.560632),
        (0.169715, 0.139091, 0.563161),
        (0.174600, 0.154545, 0.565987),
        (0.179074, 0.170000, 0.569111),
        (0.108148, 0.000000, 0.551111),
        (0.122765, 0.015455, 0.551260),
        (0.136971, 0.030909, 0.551706),
        (0.150388, 0.046364, 0.552450),
        (0.162703, 0.061818, 0.553491),
        (0.173692, 0.077273, 0.554830),
        (0.183238, 0.092727, 0.556466),
        (0.191340, 0.108182, 0.558400),
        (0.198115, 0.123636, 0.560632),
        (0.203789, 0.139091, 0.563161),
        (0.208674, 0.154545, 0.565987),
        (0.213148, 0.170000, 0.569111),
        (0.142222, 0.000000, 0.551111),
        (0.156839, 0.015455, 0.551260),
        (0.171045, 0.030909, 0.551706),
        (0.184462, 0.046364, 0.552450),
        (0.196777, 0.061818, 0.553491),
        (0.207766, 0.077273, 0.554830),
        (0.217312, 0.092727, 0.556466),
        (0.225414, 0.108182, 0.558400),
        (0.232189, 0.123636, 0.560632),
        (0.237863, 0.139091, 0.563161),
        (0.242748, 0.154545, 0.565987),
        (0.247222, 0.170000, 0.569111),
        (0.176296, 0.000000, 0.551111),
        (0.190913, 0.015455, 0.551260),
        (0.205119, 0.030909, 0.551706),
        (0.218536, 0.046364, 0.552450),
        (0.230851, 0.061818, 0.553491),
        (0.241840, 0.077273, 0.554830),
        (0.251386, 0.092727, 0.556466),
        (0.259488, 0.108182, 0.558400),
        (0.266263, 0.123636, 0.560632),
        (0.271937, 0.139091, 0.563161),
        (0.276822, 0.154545, 0.565987),
        (0.281296, 0.170000, 0.569111),
        (0.210370, 0.000000, 0.551111),
        (0.224987, 0.015455, 0.551260),
        (0.239193, 0.030909, 0.551706),
        (0.252610, 0.046364, 0.552450),
        (0.264926, 0.061818, 0.553491),
        (0.275914, 0.077273, 0.554830),
        (0.285460, 0.092727, 0.556466),
        (0.293562, 0.108182, 0.558400),
        (0.300337, 0.123636, 0.560632),
        (0.306011, 0.139091, 0.563161),
        (0.310896, 0.154545, 0.565987),
        (0.315370, 0.170000, 0.569111),
        (0.244444, 0.000000, 0.551111),
        (0.259061, 0.015455, 0.551260),
        (0.273267, 0.030909, 0.551706),
        (0.286684, 0.046364, 0.552450),
        (0.299000, 0.061818, 0.553491),
        (0.309989, 0.077273, 0.554830),
        (0.319534, 0.092727, 0.556466),
        (0.327636, 0.108182, 0.558400),
        (0.334412, 0.123636, 0.560632),
        (0.340085, 0.139091, 0.563161),
        (0.344970, 0.154545, 0.565987),
        (0.349444, 0.170000, 0.569111),
        (0.278519, 0.000000, 0.551111),
        (0.293135, 0.015455, 0.551260),
        (0.307341, 0.030909, 0.551706),
        (0.320758, 0.046364, 0.552450),
        (0.333074, 0.061818, 0.553491),
        (0.344063, 0.077273, 0.554830),
        (0.353608, 0.092727, 0.556466),
        (0.361710, 0.108182, 0.558400),
        (0.368486, 0.123636, 0.560632),
        (0.374159, 0.139091, 0.563161),
        (0.379044, 0.154545, 0.565987),
        (0.383519, 0.170000, 0.569111),
        (0.312593, 0.000000, 0.551111),
        (0.327209, 0.015455, 0.551260),
        (0.341415, 0.030909, 0.551706),
        (0.354832, 0.046364, 0.552450),
        (0.367148, 0.061818, 0.553491),
        (0.378137, 0.077273, 0.554830),
        (0.387682, 0.092727, 0.556466),
        (0.395784, 0.108182, 0.558400),
        (0.402560, 0.123636, 0.560632),
        (0.408233, 0.139091, 0.563161),
        (0.413118, 0.154545, 0.565987),
        (0.417593, 0.170000, 0.569111),
        (0.346667, 0.000000, 0.551111),
        (0.361283, 0.015455, 0.551260),
        (0.375489, 0.030909, 0.551706),
        (0.388907, 0.046364, 0.552450),
        (0.401222, 0.061818, 0.553491),
        (0.412211, 0.077273, 0.554830),
        (0.421756, 0.092727, 0.556466),
        (0.429858, 0.108182, 0.558400),
        (0.436634, 0.123636, 0.560632),
        (0.442307, 0.139091, 0.563161),
        (0.447192, 0.154545, 0.565987),
        (0.451667, 0.170000, 0.569111),
        (0.380741, 0.000000, 0.551111),
        (0.395357, 0.015455, 0.551260),
        (0.409563, 0.030909, 0.551706),
        (0.422981, 0.046364, 0.552450),
        (0.435296, 0.061818, 0.553491),
        (0.446285, 0.077273, 0.554830),
        (0.455830, 0.092727, 0.556466),
        (0.463932, 0.108182, 0.558400),
        (0.470708, 0.123636, 0.560632),
        (0.476381, 0.139091, 0.563161),
        (0.481266, 0.154545, 0.565987),
        (0.485741, 0.170000, 0.569111),
        (0.414815, 0.000000, 0.551111),
        (0.429431, 0.015455, 0.551260),
        (0.443637, 0.030909, 0.551706),
        (0.457055, 0.046364, 0.552450),
        (0.469370, 0.061818, 0.553491),
        (0.480359, 0.077273, 0.554830),
        (0.489904, 0.092727, 0.556466),
        (0.498006, 0.108182, 0.558400),
        (0.504782, 0.123636, 0.560632),
        (0.510455, 0.139091, 0.563161),
        (0.515341, 0.154545, 0.565987),
        (0.519815, 0.170000, 0.569111),
        (0.448889, 0.000000, 0.551111),
        (0.463506, 0.015455, 0.551260),
        (0.477711, 0.030909, 0.551706),
        (0.491129, 0.046364, 0.552450),
        (0.503444, 0.061818, 0.553491),
        (0.514433, 0.077273, 0.554830),
        (0.523978, 0.092727, 0.556466),
        (0.532080, 0.108182, 0.558400),
        (0.538856, 0.123636, 0.560632),
        (0.544530, 0.139091, 0.563161),
        (0.549415, 0.154545, 0.565987),
        (0.553889, 0.170000, 0.569111),
        (0.482963, 0.000000, 0.551111),
        (0.497580, 0.015455, 0.551260),
        (0.511785, 0.030909, 0.551706),
        (0.525203, 0.046364, 0.552450),
        (0.537518, 0.061818, 0.553491),
        (0.548507, 0.077273, 0.554830),
        (0.558052, 0.092727, 0.556466),
        (0.566155, 0.108182, 0.558400),
        (0.572930, 0.123636, 0.560632),
        (0.578604, 0.139091, 0.563161),
        (0.583489, 0.154545, 0.565987),
        (0.587963, 0.170000, 0.569111),
        (0.517037, 0.000000, 0.551111),
        (0.531654, 0.015455, 0.551260),
        (0.545859, 0.030909, 0.551706),
        (0.559277, 0.046364, 0.552450),
        (0.571592, 0.061818, 0.553491),
        (0.582581, 0.077273, 0.554830),
        (0.592127, 0.092727, 0.556466),
        (0.600229, 0.108182, 0.558400),
        (0.607004, 0.123636, 0.560632),
        (0.612678, 0.139091, 0.563161),
        (0.617563, 0.154545, 0.565987),
        (0.622037, 0.170000, 0.569111),
        (0.551111, 0.000000, 0.551111),
        (0.565728, 0.015455, 0.551260),
        (0.579934, 0.030909, 0.551706),
        (0.593351, 0.046364, 0.552450),
        (0.605666, 0.061818, 0.553491),
        (0.616655, 0.077273, 0.554830),
        (0.626201, 0.092727, 0.556466),
        (0.634303, 0.108182, 0.558400),
        (0.641078, 0.123636, 0.560632),
        (0.646752, 0.139091, 0.563161),
        (0.651637, 0.154545, 0.565987),
        (0.656111, 0.170000, 0.569111),
        (0.585185, 0.000000, 0.551111),
        (0.599802, 0.015455, 0.551260),
        (0.614008, 0.030909, 0.551706),
        (0.627425, 0.046364, 0.552450),
        (0.639740, 0.061818, 0.553491),
        (0.650729, 0.077273, 0.554830),
        (0.660275, 0.092727, 0.556466),
        (0.668377, 0.108182, 0.558400),
        (0.675152, 0.123636, 0.560632),
        (0.680826, 0.139091, 0.563161),
        (0.685711, 0.154545, 0.565987),
        (0.690185, 0.170000, 0.569111),
        (0.619259, 0.000000, 0.551111),
        (0.633876, 0.015455, 0.551260),
        (0.648082, 0.030909, 0.551706),
        (0.661499, 0.046364, 0.552450),
        (0.673814, 0.061818, 0.553491),
        (0.684803, 0.077273, 0.554830),
        (0.694349, 0.092727, 0.556466),
        (0.702451, 0.108182, 0.558400),
        (0.709226, 0.123636, 0.560632),
        (0.714900, 0.139091, 0.563161),
        (0.719785, 0.154545, 0.565987),
        (0.724259, 0.170000, 0.569111),
        (0.653333, 0.000000, 0.551111),
        (0.667950, 0.015455, 0.551260),
        (0.682156, 0.030909, 0.551706),
        (0.695573, 0.046364, 0.552450),
        (0.707889, 0.061818, 0.553491),
        (0.718877, 0.077273, 0.554830),
        (0.728423, 0.092727, 0.556466),
        (0.736525, 0.108182, 0.558400),
        (0.743300, 0.123636, 0.560632),
        (0.748974, 0.139091, 0.563161),
        (0.753859, 0.154545, 0.565987),
        (0.758333, 0.170000, 0.569111),
        (0.687407, 0.000000, 0.551111),
        (0.702024, 0.015455, 0.551260),
        (0.716230, 0.030909, 0.551706),
        (0.729647, 0.046364, 0.552450),
        (0.741963, 0.061818, 0.553491),
        (0.752951, 0.077273, 0.554830),
        (0.762497, 0.092727, 0.556466),
        (0.770599, 0.108182, 0.558400),
        (0.777375, 0.123636, 0.560632),
        (0.783048, 0.139091, 0.563161),
        (0.787933, 0.154545, 0.565987),
        (0.792407, 0.170000, 0.569111),
        (0.721481, 0.000000, 0.551111),
        (0.736098, 0.015455, 0.551260),
        (0.750304, 0.030909, 0.551706),
        (0.763721, 0.046364, 0.552450),
        (0.776037, 0.061818, 0.553491),
        (0.787026, 0.077273, 0.554830),
        (0.796571, 0.092727, 0.556466),
        (0.804673, 0.108182, 0.558400),
        (0.811449, 0.123636, 0.560632),
        (0.817122, 0.139091, 0.563161),
        (0.822007, 0.154545, 0.565987),
        (0.826481, 0.170000, 0.569111),
        (0.755556, 0.000000, 0.551111),
        (0.770172, 0.015455, 0.551260),
        (0.784378, 0.030909, 0.551706),
        (0.797795, 0.046364, 0.552450),
        (0.810111, 0.061818, 0.553491),
        (0.821100, 0.077273, 0.554830),
        (0.830645, 0.092727, 0.556466),
        (0.838747, 0.108182, 0.558400),
        (0.845523, 0.123636, 0.560632),
        (0.851196, 0.139091, 0.563161),
        (0.856081, 0.154545, 0.565987),
        (0.860556, 0.170000, 0.569111),
        (0.789630, 0.000000, 0.551111),
        (0.804246, 0.015455, 0.551260),
        (0.818452, 0.030909, 0.551706),
        (0.831869, 0.046364, 0.552450),
        (0.844185, 0.061818, 0.553491),
        (0.855174, 0.077273, 0.554830),
        (0.864719, 0.092727, 0.556466),
        (0.872821, 0.108182, 0.558400),
        (0.879597, 0.123636, 0.560632),
        (0.885270, 0.139091, 0.563161),
        (0.890155, 0.154545, 0.565987),
        (0.894630, 0.170000, 0.569111),
        (0.823704, 0.000000, 0.551111),
        (0.838320, 0.015455, 0.551260),
        (0.852526, 0.030909, 0.551706),
        (0.865944, 0.046364, 0.552450),
        (0.878259, 0.061818, 0.553491),
        (0.889248, 0.077273, 0.554830),
        (0.898793, 0.092727, 0.556466),
        (0.906895, 0.108182, 0.558400),
        (0.913671, 0.123636, 0.560632),
        (0.919344, 0.139091, 0.563161),
        (0.924229, 0.154545, 0.565987),
        (0.928704, 0.170000, 0.569111),
        (0.857778, 0.000000, 0.551111),
        (0.872394, 0.015455, 0.551260),
        (0.886600, 0.030909, 0.551706),
        (0.900018, 0.046364, 0.552450),
        (0.912333, 0.061818, 0.553491),
        (0.923322, 0.077273, 0.554830),
        (0.932867, 0.092727, 0.556466),
        (0.940969, 0.108182, 0.558400),
        (0.947745, 0.123636, 0.560632),
        (0.953418, 0.139091, 0.563161),
        (0.958304, 0.154545, 0.565987),
        (0.962778, 0.170000, 0.569111),
        (0.891852, 0.000000, 0.551111),
        (0.906468, 0.015455, 0.551260),
        (0.920674, 0.030909, 0.551706),
        (0.934092, 0.046364, 0.552450),
        (0.946407, 0.061818, 0.553491),
        (0.957396, 0.077273, 0.554830),
        (0.966941, 0.092727, 0.556466),
        (0.975043, 0.108182, 0.558400),
        (0.981819, 0.123636, 0.560632),
        (0.987492, 0.139091, 0.563161),
        (0.992378, 0.154545, 0.565987),
        (0.996852, 0.170000, 0.569111),
        (0.925926, 0.000000, 0.551111),
        (0.940543, 0.015455, 0.551260),
        (0.954748, 0.030909, 0.551706),
        (0.968166, 0.046364, 0.552450),
        (0.980481, 0.061818, 0.553491),
        (0.991470, 0.077273, 0.554830),
        (1.001015, 0.092727, 0.556466),
        (1.009117, 0.108182, 0.558400),
        (1.015893, 0.123636, 0.560632),
        (1.021567, 0.139091, 0.563161),
        (1.026452, 0.154545, 0.565987),
        (1.030926, 0.170000, 0.569111),
        (0.960000, 0.000000, 0.551111),
        (0.974617, 0.015455, 0.551260),
        (0.988822, 0.030909, 0.551706),
        (1.002240, 0.046364, 0.552450),
        (1.014555, 0.061818, 0.553491),
        (1.025544, 0.077273, 0.554830),
        (1.035090, 0.092727, 0.556466),
        (1.043192, 0.108182, 0.558400),
        (1.049967, 0.123636, 0.560632),
        (1.055641, 0.139091, 0.563161),
        (1.060526, 0.154545, 0.565987),
        (1.065000, 0.170000, 0.569111),
        (0.040000, 0.000000, 0.585185),
        (0.054617, 0.015455, 0.585334),
        (0.068822, 0.030909, 0.585780),
        (0.082240, 0.046364, 0.586524),
        (0.094555, 0.061818, 0.587565),
        (0.105544, 0.077273, 0.588904),
        (0.115090, 0.092727, 0.590541),
        (0.123192, 0.108182, 0.592474),
        (0.129967, 0.123636, 0.594706),
        (0.135641, 0.139091, 0.597235),
        (0.140526, 0.154545, 0.600061),
        (0.145000, 0.170000, 0.603185),
        (0.074074, 0.000000, 0.585185),
        (0.088691, 0.015455, 0.585334),
        (0.102897, 0.030909, 0.585780),
        (0.116314, 0.046364, 0.586524),
        (0.128629, 0.061818, 0.587565),
        (0.139618, 0.077273, 0.588904),
        (0.149164, 0.092727, 0.590541),
        (0.157266, 0.108182, 0.592474),
        (0.164041, 0.123636, 0.594706),
        (0.169715, 0.139091, 0.597235),
        (0.174600, 0.154545, 0.600061),
        (0.179074, 0.170000, 0.603185),
        (0.108148, 0.000000, 0.585185),
        (0.122765, 0.015455, 0.585334),
        (0.136971, 0.030909, 0.585780),
        (0.150388, 0.046364, 0.586524),
        (0.162703, 0.061818, 0.587565),
        (0.173692, 0.077273, 0.588904),
        (0.183238, 0.092727, 0.590541),
        (0.191340, 0.108182, 0.592474),
        (0.198115, 0.123636, 0.594706),
        (0.203789, 0.139091, 0.597235),
        (0.208674, 0.154545, 0.600061),
        (0.213148, 0.170000, 0.603185),
        (0.142222, 0.000000, 0.585185),
        (0.156839, 0.015455, 0.585334),
        (0.171045, 0.030909, 0.585780),
        (0.184462, 0.046364, 0.586524),
        (0.196777, 0.061818, 0.587565),
        (0.207766, 0.077273, 0.588904),
        (0.217312, 0.092727, 0.590541),
        (0.225414, 0.108182, 0.592474),
        (0.232189, 0.123636, 0.594706),
        (0.237863, 0.139091, 0.597235),
        (0.242748, 0.154545, 0.600061),
        (0.247222, 0.170000, 0.603185),
        (0.176296, 0.000000, 0.585185),
        (0.190913, 0.015455, 0.585334),
        (0.205119, 0.030909, 0.585780),
        (0.218536, 0.046364, 0.586524),
        (0.230851, 0.061818, 0.587565),
        (0.241840, 0.077273, 0.588904),
        (0.251386, 0.092727, 0.590541),
        (0.259488, 0.108182, 0.592474),
        (0.266263, 0.123636, 0.594706),
        (0.271937, 0.139091, 0.597235),
        (0.276822, 0.154545, 0.600061),
        (0.281296, 0.170000, 0.603185),
        (0.210370, 0.000000, 0.585185),
        (0.224987, 0.015455, 0.585334),
        (0.239193, 0.030909, 0.585780),
        (0.252610, 0.046364, 0.586524),
        (0.264926, 0.061818, 0.587565),
        (0.275914, 0.077273, 0.588904),
        (0.285460, 0.092727, 0.590541),
        (0.293562, 0.108182, 0.592474),
        (0.300337, 0.123636, 0.594706),
        (0.306011, 0.139091, 0.597235),
        (0.310896, 0.154545, 0.600061),
        (0.315370, 0.170000, 0.603185),
        (0.244444, 0.000000, 0.585185),
        (0.259061, 0.015455, 0.585334),
        (0.273267, 0.030909, 0.585780),
        (0.286684, 0.046364, 0.586524),
        (0.299000, 0.061818, 0.587565),
        (0.309989, 0.077273, 0.588904),
        (0.319534, 0.092727, 0.590541),
        (0.327636, 0.108182, 0.592474),
        (0.334412, 0.123636, 0.594706),
        (0.340085, 0.139091, 0.597235),
        (0.344970, 0.154545, 0.600061),
        (0.349444, 0.170000, 0.603185),
        (0.278519, 0.000000, 0.585185),
        (0.293135, 0.015455, 0.585334),
        (0.307341, 0.030909, 0.585780),
        (0.320758, 0.046364, 0.586524),
        (0.333074, 0.061818, 0.587565),
        (0.344063, 0.077273, 0.588904),
        (0.353608, 0.092727, 0.590541),
        (0.361710, 0.108182, 0.592474),
        (0.368486, 0.123636, 0.594706),
        (0.374159, 0.139091, 0.597235),
        (0.379044, 0.154545, 0.600061),
        (0.383519, 0.170000, 0.603185),
        (0.312593, 0.000000, 0.585185),
        (0.327209, 0.015455, 0.585334),
        (0.341415, 0.030909, 0.585780),
        (0.354832, 0.046364, 0.586524),
        (0.367148, 0.061818, 0.587565),
        (0.378137, 0.077273, 0.588904),
        (0.387682, 0.092727, 0.590541),
        (0.395784, 0.108182, 0.592474),
        (0.402560, 0.123636, 0.594706),
        (0.408233, 0.139091, 0.597235),
        (0.413118, 0.154545, 0.600061),
        (0.417593, 0.170000, 0.603185),
        (0.346667, 0.000000, 0.585185),
        (0.361283, 0.015455, 0.585334),
        (0.375489, 0.030909, 0.585780),
        (0.388907, 0.046364, 0.586524),
        (0.401222, 0.061818, 0.587565),
        (0.412211, 0.077273, 0.588904),
        (0.421756, 0.092727, 0.590541),
        (0.429858, 0.108182, 0.592474),
        (0.436634, 0.123636, 0.594706),
        (0.442307, 0.139091, 0.597235),
        (0.447192, 0.154545, 0.600061),
        (0.451667, 0.170000, 0.603185),
        (0.380741, 0.000000, 0.585185),
        (0.395357, 0.015455, 0.585334),
        (0.409563, 0.030909, 0.585780),
        (0.422981, 0.046364, 0.586524),
        (0.435296, 0.061818, 0.587565),
        (0.446285, 0.077273, 0.588904),
        (0.455830, 0.092727, 0.590541),
        (0.463932, 0.108182, 0.592474),
        (0.470708, 0.123636, 0.594706),
        (0.476381, 0.139091, 0.597235),
        (0.481266, 0.154545, 0.600061),
        (0.485741, 0.170000, 0.603185),
        (0.414815, 0.000000, 0.585185),
        (0.429431, 0.015455, 0.585334),
        (0.443637, 0.030909, 0.585780),
        (0.457055, 0.046364, 0.586524),
        (0.469370, 0.061818, 0.587565),
        (0.480359, 0.077273, 0.588904),
        (0.489904, 0.092727, 0.590541),
        (0.498006, 0.108182, 0.592474),
        (0.504782, 0.123636, 0.594706),
        (0.510455, 0.139091, 0.597235),
        (0.515341, 0.154545, 0.600061),
        (0.519815, 0.170000, 0.603185),
        (0.448889, 0.000000, 0.585185),
        (0.463506, 0.015455, 0.585334),
        (0.477711, 0.030909, 0.585780),
        (0.491129, 0.046364, 0.586524),
        (0.503444, 0.061818, 0.587565),
        (0.514433, 0.077273, 0.588904),
        (0.523978, 0.092727, 0.590541),
        (0.532080, 0.108182, 0.592474),
        (0.538856, 0.123636, 0.594706),
        (0.544530, 0.139091, 0.597235),
        (0.549415, 0.154545, 0.600061),
        (0.553889, 0.170000, 0.603185),
        (0.482963, 0.000000, 0.585185),
        (0.497580, 0.015455, 0.585334),
        (0.511785, 0.030909, 0.585780),
        (0.525203, 0.046364, 0.586524),
        (0.537518, 0.061818, 0.587565),
        (0.548507, 0.077273, 0.588904),
        (0.558052, 0.092727, 0.590541),
        (0.566155, 0.108182, 0.592474),
        (0.572930, 0.123636, 0.594706),
        (0.578604, 0.139091, 0.597235),
        (0.583489, 0.154545, 0.600061),
        (0.587963, 0.170000, 0.603185),
        (0.517037, 0.000000, 0.585185),
        (0.531654, 0.015455, 0.585334),
        (0.545859, 0.030909, 0.585780),
        (0.559277, 0.046364, 0.586524),
        (0.571592, 0.061818, 0.587565),
        (0.582581, 0.077273, 0.588904),
        (0.592127, 0.092727, 0.590541),
        (0.600229, 0.108182, 0.592474),
        (0.607004, 0.123636, 0.594706),
        (0.612678, 0.139091, 0.597235),
        (0.617563, 0.154545, 0.600061),
        (0.622037, 0.170000, 0.603185),
        (0.551111, 0.000000, 0.585185),
        (0.565728, 0.015455, 0.585334),
        (0.579934, 0.030909, 0.585780),
        (0.593351, 0.046364, 0.586524),
        (0.605666, 0.061818, 0.587565),
        (0.616655, 0.077273, 0.588904),
        (0.626201, 0.092727, 0.590541),
        (0.634303, 0.108182, 0.592474),
        (0.641078, 0.123636, 0.594706),
        (0.646752, 0.139091, 0.597235),
        (0.651637, 0.154545, 0.600061),
        (0.656111, 0.170000, 0.603185),
        (0.585185, 0.000000, 0.585185),
        (0.599802, 0.015455, 0.585334),
        (0.614008, 0.030909, 0.585780),
        (0.627425, 0.046364, 0.586524),
        (0.639740, 0.061818, 0.587565),
        (0.650729, 0.077273, 0.588904),
        (0.660275, 0.092727, 0.590541),
        (0.668377, 0.108182, 0.592474),
        (0.675152, 0.123636, 0.594706),
        (0.680826, 0.139091, 0.597235),
        (0.685711, 0.154545, 0.600061),
        (0.690185, 0.170000, 0.603185),
        (0.619259, 0.000000, 0.585185),
        (0.633876, 0.015455, 0.585334),
        (0.648082, 0.030909, 0.585780),
        (0.661499, 0.046364, 0.586524),
        (0.673814, 0.061818, 0.587565),
        (0.684803, 0.077273, 0.588904),
        (0.694349, 0.092727, 0.590541),
        (0.702451, 0.108182, 0.592474),
        (0.709226, 0.123636, 0.594706),
        (0.714900, 0.139091, 0.597235),
        (0.719785, 0.154545, 0.600061),
        (0.724259, 0.170000, 0.603185),
        (0.653333, 0.000000, 0.585185),
        (0.667950, 0.015455, 0.585334),
        (0.682156, 0.030909, 0.585780),
        (0.695573, 0.046364, 0.586524),
        (0.707889, 0.061818, 0.587565),
        (0.718877, 0.077273, 0.588904),
        (0.728423, 0.092727, 0.590541),
        (0.736525, 0.108182, 0.592474),
        (0.743300, 0.123636, 0.594706),
        (0.748974, 0.139091, 0.597235),
        (0.753859, 0.154545, 0.600061),
        (0.758333, 0.170000, 0.603185),
        (0.687407, 0.000000, 0.585185),
        (0.702024, 0.015455, 0.585334),
        (0.716230, 0.030909, 0.585780),
        (0.729647, 0.046364, 0.586524),
        (0.741963, 0.061818, 0.587565),
        (0.752951, 0.077273, 0.588904),
        (0.762497, 0.092727, 0.590541),
        (0.770599, 0.108182, 0.592474),
        (0.777375, 0.123636, 0.594706),
        (0.783048, 0.139091, 0.597235),
        (0.787933, 0.154545, 0.600061),
        (0.792407, 0.170000, 0.603185),
        (0.721481, 0.000000, 0.585185),
        (0.736098, 0.015455, 0.585334),
        (0.750304, 0.030909, 0.585780),
        (0.763721, 0.046364, 0.586524),
        (0.776037, 0.061818, 0.587565),
        (0.787026, 0.077273, 0.588904),
        (0.796571, 0.092727, 0.590541),
        (0.804673, 0.108182, 0.592474),
        (0.811449, 0.123636, 0.594706),
        (0.817122, 0.139091, 0.597235),
        (0.822007, 0.154545, 0.600061),
        (0.826481, 0.170000, 0.603185),
        (0.755556, 0.000000, 0.585185),
        (0.770172, 0.015455, 0.585334),
        (0.784378, 0.030909, 0.585780),
        (0.797795, 0.046364, 0.586524),
        (0.810111, 0.061818, 0.587565),
        (0.821100, 0.077273, 0.588904),
        (0.830645, 0.092727, 0.590541),
        (0.838747, 0.108182, 0.592474),
        (0.845523, 0.123636, 0.594706),
        (0.851196, 0.139091, 0.597235),
        (0.856081, 0.154545, 0.600061),
        (0.860556, 0.170000, 0.603185),
        (0.789630, 0.000000, 0.585185),
        (0.804246, 0.015455, 0.585334),
        (0.818452, 0.030909, 0.585780),
        (0.831869, 0.046364, 0.586524),
        (0.844185, 0.061818, 0.587565),
        (0.855174, 0.077273, 0.588904),
        (0.864719, 0.092727, 0.590541),
        (0.872821, 0.108182, 0.592474),
        (0.879597, 0.123636, 0.594706),
        (0.885270, 0.139091, 0.597235),
        (0.890155, 0.154545, 0.600061),
        (0.894630, 0.170000, 0.603185),
        (0.823704, 0.000000, 0.585185),
        (0.838320, 0.015455, 0.585334),
        (0.852526, 0.030909, 0.585780),
        (0.865944, 0.046364, 0.586524),
        (0.878259, 0.061818, 0.587565),
        (0.889248, 0.077273, 0.588904),
        (0.898793, 0.092727, 0.590541),
        (0.906895, 0.108182, 0.592474),
        (0.913671, 0.123636, 0.594706),
        (0.919344, 0.139091, 0.597235),
        (0.924229, 0.154545, 0.600061),
        (0.928704, 0.170000, 0.603185),
        (0.857778, 0.000000, 0.585185),
        (0.872394, 0.015455, 0.585334),
        (0.886600, 0.030909, 0.585780),
        (0.900018, 0.046364, 0.586524),
        (0.912333, 0.061818, 0.587565),
        (0.923322, 0.077273, 0.588904),
        (0.932867, 0.092727, 0.590541),
        (0.940969, 0.108182, 0.592474),
        (0.947745, 0.123636, 0.594706),
        (0.953418, 0.139091, 0.597235),
        (0.958304, 0.154545, 0.600061),
        (0.962778, 0.170000, 0.603185),
        (0.891852, 0.000000, 0.585185),
        (0.906468, 0.015455, 0.585334),
        (0.920674, 0.030909, 0.585780),
        (0.934092, 0.046364, 0.586524),
        (0.946407, 0.061818, 0.587565),
        (0.957396, 0.077273, 0.588904),
        (0.966941, 0.092727, 0.590541),
        (0.975043, 0.108182, 0.592474),
        (0.981819, 0.123636, 0.594706),
        (0.987492, 0.139091, 0.597235),
        (0.992378, 0.154545, 0.600061),
        (0.996852, 0.170000, 0.603185),
        (0.925926, 0.000000, 0.585185),
        (0.940543, 0.015455, 0.585334),
        (0.954748, 0.030909, 0.585780),
        (0.968166, 0.046364, 0.586524),
        (0.980481, 0.061818, 0.587565),
        (0.991470, 0.077273, 0.588904),
        (1.001015, 0.092727, 0.590541),
        (1.009117, 0.108182, 0.592474),
        (1.015893, 0.123636, 0.594706),
        (1.021567, 0.139091, 0.597235),
        (1.026452, 0.154545, 0.600061),
        (1.030926, 0.170000, 0.603185),
        (0.960000, 0.000000, 0.585185),
        (0.974617, 0.015455, 0.585334),
        (0.988822, 0.030909, 0.585780),
        (1.002240, 0.046364, 0.586524),
        (1.014555, 0.061818, 0.587565),
        (1.025544, 0.077273, 0.588904),
        (1.035090, 0.092727, 0.590541),
        (1.043192, 0.108182, 0.592474),
        (1.049967, 0.123636, 0.594706),
        (1.055641, 0.139091, 0.597235),
        (1.060526, 0.154545, 0.600061),
        (1.065000, 0.170000, 0.603185),
        (0.040000, 0.000000, 0.619259),
        (0.054617, 0.015455, 0.619408),
        (0.068822, 0.030909, 0.619854),
        (0.082240, 0.046364, 0.620598),
        (0.094555, 0.061818, 0.621639),
        (0.105544, 0.077273, 0.622978),
        (0.115090, 0.092727, 0.624615),
        (0.123192, 0.108182, 0.626549),
        (0.129967, 0.123636, 0.628780),
        (0.135641, 0.139091, 0.631309),
        (0.140526, 0.154545, 0.634135),
        (0.145000, 0.170000, 0.637259),
        (0.074074, 0.000000, 0.619259),
        (0.088691, 0.015455, 0.619408),
        (0.102897, 0.030909, 0.619854),
        (0.116314, 0.046364, 0.620598),
        (0.128629, 0.061818, 0.621639),
        (0.139618, 0.077273, 0.622978),
        (0.149164, 0.092727, 0.624615),
        (0.157266, 0.108182, 0.626549),
        (0.164041, 0.123636, 0.628780),
        (0.169715, 0.139091, 0.631309),
        (0.174600, 0.154545, 0.634135),
        (0.179074, 0.170000, 0.637259),
        (0.108148, 0.000000, 0.619259),
        (0.122765, 0.015455, 0.619408),
        (0.136971, 0.030909, 0.619854),
        (0.150388, 0.046364, 0.620598),
        (0.162703, 0.061818, 0.621639),
        (0.173692, 0.077273, 0.622978),
        (0.183238, 0.092727, 0.624615),
        (0.191340, 0.108182, 0.626549),
        (0.198115, 0.123636, 0.628780),
        (0.203789, 0.139091, 0.631309),
        (0.208674, 0.154545, 0.634135),
        (0.213148, 0.170000, 0.637259),
        (0.142222, 0.000000, 0.619259),
        (0.156839, 0.015455, 0.619408),
        (0.171045, 0.030909, 0.619854),
        (0.184462, 0.046364, 0.620598),
        (0.196777, 0.061818, 0.621639),
        (0.207766, 0.077273, 0.622978),
        (0.217312, 0.092727, 0.624615),
        (0.225414, 0.108182, 0.626549),
        (0.232189, 0.123636, 0.628780),
        (0.237863, 0.139091, 0.631309),
        (0.242748, 0.154545, 0.634135),
        (0.247222, 0.170000, 0.637259),
        (0.176296, 0.000000, 0.619259),
        (0.190913, 0.015455, 0.619408),
        (0.205119, 0.030909, 0.619854),
        (0.218536, 0.046364, 0.620598),
        (0.230851, 0.061818, 0.621639),
        (0.241840, 0.077273, 0.622978),
        (0.251386, 0.092727, 0.624615),
        (0.259488, 0.108182, 0.626549),
        (0.266263, 0.123636, 0.628780),
        (0.271937, 0.139091, 0.631309),
        (0.276822, 0.154545, 0.634135),
        (0.281296, 0.170000, 0.637259),
        (0.210370, 0.000000, 0.619259),
        (0.224987, 0.015455, 0.619408),
        (0.239193, 0.030909, 0.619854),
        (0.252610, 0.046364, 0.620598),
        (0.264926, 0.061818, 0.621639),
        (0.275914, 0.077273, 0.622978),
        (0.285460, 0.092727, 0.624615),
        (0.293562, 0.108182, 0.626549),
        (0.300337, 0.123636, 0.628780),
        (0.306011, 0.139091, 0.631309),
        (0.310896, 0.154545, 0.634135),
        (0.315370, 0.170000, 0.637259),
        (0.244444, 0.000000, 0.619259),
        (0.259061, 0.015455, 0.619408),
        (0.273267, 0.030909, 0.619854),
        (0.286684, 0.046364, 0.620598),
        (0.299000, 0.061818, 0.621639),
        (0.309989, 0.077273, 0.622978),
        (0.319534, 0.092727, 0.624615),
        (0.327636, 0.108182, 0.626549),
        (0.334412, 0.123636, 0.628780),
        (0.340085, 0.139091, 0.631309),
        (0.344970, 0.154545, 0.634135),
        (0.349444, 0.170000, 0.637259),
        (0.278519, 0.000000, 0.619259),
        (0.293135, 0.015455, 0.619408),
        (0.307341, 0.030909, 0.619854),
        (0.320758, 0.046364, 0.620598),
        (0.333074, 0.061818, 0.621639),
        (0.344063, 0.077273, 0.622978),
        (0.353608, 0.092727, 0.624615),
        (0.361710, 0.108182, 0.626549),
        (0.368486, 0.123636, 0.628780),
        (0.374159, 0.139091, 0.631309),
        (0.379044, 0.154545, 0.634135),
        (0.383519, 0.170000, 0.637259),
        (0.312593, 0.000000, 0.619259),
        (0.327209, 0.015455, 0.619408),
        (0.341415, 0.030909, 0.619854),
        (0.354832, 0.046364, 0.620598),
        (0.367148, 0.061818, 0.621639),
        (0.378137, 0.077273, 0.622978),
        (0.387682, 0.092727, 0.624615),
        (0.395784, 0.108182, 0.626549),
        (0.402560, 0.123636, 0.628780),
        (0.408233, 0.139091, 0.631309),
        (0.413118, 0.154545, 0.634135),
        (0.417593, 0.170000, 0.637259),
        (0.346667, 0.000000, 0.619259),
        (0.361283, 0.015455, 0.619408),
        (0.375489, 0.030909, 0.619854),
        (0.388907, 0.046364, 0.620598),
        (0.401222, 0.061818, 0.621639),
        (0.412211, 0.077273, 0.622978),
        (0.421756, 0.092727, 0.624615),
        (0.429858, 0.108182, 0.626549),
        (0.436634, 0.123636, 0.628780),
        (0.442307, 0.139091, 0.631309),
        (0.447192, 0.154545, 0.634135),
        (0.451667, 0.170000, 0.637259),
        (0.380741, 0.000000, 0.619259),
        (0.395357, 0.015455, 0.619408),
        (0.409563, 0.030909, 0.619854),
        (0.422981, 0.046364, 0.620598),
        (0.435296, 0.061818, 0.621639),
        (0.446285, 0.077273, 0.622978),
        (0.455830, 0.092727, 0.624615),
        (0.463932, 0.108182, 0.626549),
        (0.470708, 0.123636, 0.628780),
        (0.476381, 0.139091, 0.631309),
        (0.481266, 0.154545, 0.634135),
        (0.485741, 0.170000, 0.637259),
        (0.414815, 0.000000, 0.619259),
        (0.429431, 0.015455, 0.619408),
        (0.443637, 0.030909, 0.619854),
        (0.457055, 0.046364, 0.620598),
        (0.469370, 0.061818, 0.621639),
        (0.480359, 0.077273, 0.622978),
        (0.489904, 0.092727, 0.624615),
        (0.498006, 0.108182, 0.626549),
        (0.504782, 0.123636, 0.628780),
        (0.510455, 0.139091, 0.631309),
        (0.515341, 0.154545, 0.634135),
        (0.519815, 0.170000, 0.637259),
        (0.448889, 0.000000, 0.619259),
        (0.463506, 0.015455, 0.619408),
        (0.477711, 0.030909, 0.619854),
        (0.491129, 0.046364, 0.620598),
        (0.503444, 0.061818, 0.621639),
        (0.514433, 0.077273, 0.622978),
        (0.523978, 0.092727, 0.624615),
        (0.532080, 0.108182, 0.626549),
        (0.538856, 0.123636, 0.628780),
        (0.544530, 0.139091, 0.631309),
        (0.549415, 0.154545, 0.634135),
        (0.553889, 0.170000, 0.637259),
        (0.482963, 0.000000, 0.619259),
        (0.497580, 0.015455, 0.619408),
        (0.511785, 0.030909, 0.619854),
        (0.525203, 0.046364, 0.620598),
        (0.537518, 0.061818, 0.621639),
        (0.548507, 0.077273, 0.622978),
        (0.558052, 0.092727, 0.624615),
        (0.566155, 0.108182, 0.626549),
        (0.572930, 0.123636, 0.628780),
        (0.578604, 0.139091, 0.631309),
        (0.583489, 0.154545, 0.634135),
        (0.587963, 0.170000, 0.637259),
        (0.517037, 0.000000, 0.619259),
        (0.531654, 0.015455, 0.619408),
        (0.545859, 0.030909, 0.619854),
        (0.559277, 0.046364, 0.620598),
        (0.571592, 0.061818, 0.621639),
        (0.582581, 0.077273, 0.622978),
        (0.592127, 0.092727, 0.624615),
        (0.600229, 0.108182, 0.626549),
        (0.607004, 0.123636, 0.628780),
        (0.612678, 0.139091, 0.631309),
        (0.617563, 0.154545, 0.634135),
        (0.622037, 0.170000, 0.637259),
        (0.551111, 0.000000, 0.619259),
        (0.565728, 0.015455, 0.619408),
        (0.579934, 0.030909, 0.619854),
        (0.593351, 0.046364, 0.620598),
        (0.605666, 0.061818, 0.621639),
        (0.616655, 0.077273, 0.622978),
        (0.626201, 0.092727, 0.624615),
        (0.634303, 0.108182, 0.626549),
        (0.641078, 0.123636, 0.628780),
        (0.646752, 0.139091, 0.631309),
        (0.651637, 0.154545, 0.634135),
        (0.656111, 0.170000, 0.637259),
        (0.585185, 0.000000, 0.619259),
        (0.599802, 0.015455, 0.619408),
        (0.614008, 0.030909, 0.619854),
        (0.627425, 0.046364, 0.620598),
        (0.639740, 0.061818, 0.621639),
        (0.650729, 0.077273, 0.622978),
        (0.660275, 0.092727, 0.624615),
        (0.668377, 0.108182, 0.626549),
        (0.675152, 0.123636, 0.628780),
        (0.680826, 0.139091, 0.631309),
        (0.685711, 0.154545, 0.634135),
        (0.690185, 0.170000, 0.637259),
        (0.619259, 0.000000, 0.619259),
        (0.633876, 0.015455, 0.619408),
        (0.648082, 0.030909, 0.619854),
        (0.661499, 0.046364, 0.620598),
        (0.673814, 0.061818, 0.621639),
        (0.684803, 0.077273, 0.622978),
        (0.694349, 0.092727, 0.624615),
        (0.702451, 0.108182, 0.626549),
        (0.709226, 0.123636, 0.628780),
        (0.714900, 0.139091, 0.631309),
        (0.719785, 0.154545, 0.634135),
        (0.724259, 0.170000, 0.637259),
        (0.653333, 0.000000, 0.619259),
        (0.667950, 0.015455, 0.619408),
        (0.682156, 0.030909, 0.619854),
        (0.695573, 0.046364, 0.620598),
        (0.707889, 0.061818, 0.621639),
        (0.718877, 0.077273, 0.622978),
        (0.728423, 0.092727, 0.624615),
        (0.736525, 0.108182, 0.626549),
        (0.743300, 0.123636, 0.628780),
        (0.748974, 0.139091, 0.631309),
        (0.753859, 0.154545, 0.634135),
        (0.758333, 0.170000, 0.637259),
        (0.687407, 0.000000, 0.619259),
        (0.702024, 0.015455, 0.619408),
        (0.716230, 0.030909, 0.619854),
        (0.729647, 0.046364, 0.620598),
        (0.741963, 0.061818, 0.621639),
        (0.752951, 0.077273, 0.622978),
        (0.762497, 0.092727, 0.624615),
        (0.770599, 0.108182, 0.626549),
        (0.777375, 0.123636, 0.628780),
        (0.783048, 0.139091, 0.631309),
        (0.787933, 0.154545, 0.634135),
        (0.792407, 0.170000, 0.637259),
        (0.721481, 0.000000, 0.619259),
        (0.736098, 0.015455, 0.619408),
        (0.750304, 0.030909, 0.619854),
        (0.763721, 0.046364, 0.620598),
        (0.776037, 0.061818, 0.621639),
        (0.787026, 0.077273, 0.622978),
        (0.796571, 0.092727, 0.624615),
        (0.804673, 0.108182, 0.626549),
        (0.811449, 0.123636, 0.628780),
        (0.817122, 0.139091, 0.631309),
        (0.822007, 0.154545, 0.634135),
        (0.826481, 0.170000, 0.637259),
        (0.755556, 0.000000, 0.619259),
        (0.770172, 0.015455, 0.619408),
        (0.784378, 0.030909, 0.619854),
        (0.797795, 0.046364, 0.620598),
        (0.810111, 0.061818, 0.621639),
        (0.821100, 0.077273, 0.622978),
        (0.830645, 0.092727, 0.624615),
        (0.838747, 0.108182, 0.626549),
        (0.845523, 0.123636, 0.628780),
        (0.851196, 0.139091, 0.631309),
        (0.856081, 0.154545, 0.634135),
        (0.860556, 0.170000, 0.637259),
        (0.789630, 0.000000, 0.619259),
        (0.804246, 0.015455, 0.619408),
        (0.818452, 0.030909, 0.619854),
        (0.831869, 0.046364, 0.620598),
        (0.844185, 0.061818, 0.621639),
        (0.855174, 0.077273, 0.622978),
        (0.864719, 0.092727, 0.624615),
        (0.872821, 0.108182, 0.626549),
        (0.879597, 0.123636, 0.628780),
        (0.885270, 0.139091, 0.631309),
        (0.890155, 0.154545, 0.634135),
        (0.894630, 0.170000, 0.637259),
        (0.823704, 0.000000, 0.619259),
        (0.838320, 0.015455, 0.619408),
        (0.852526, 0.030909, 0.619854),
        (0.865944, 0.046364, 0.620598),
        (0.878259, 0.061818, 0.621639),
        (0.889248, 0.077273, 0.622978),
        (0.898793, 0.092727, 0.624615),
        (0.906895, 0.108182, 0.626549),
        (0.913671, 0.123636, 0.628780),
        (0.919344, 0.139091, 0.631309),
        (0.924229, 0.154545, 0.634135),
        (0.928704, 0.170000, 0.637259),
        (0.857778, 0.000000, 0.619259),
        (0.872394, 0.015455, 0.619408),
        (0.886600, 0.030909, 0.619854),
        (0.900018, 0.046364, 0.620598),
        (0.912333, 0.061818, 0.621639),
        (0.923322, 0.077273, 0.622978),
        (0.932867, 0.092727, 0.624615),
        (0.940969, 0.108182, 0.626549),
        (0.947745, 0.123636, 0.628780),
        (0.953418, 0.139091, 0.631309),
        (0.958304, 0.154545, 0.634135),
        (0.962778, 0.170000, 0.637259),
        (0.891852, 0.000000, 0.619259),
        (0.906468, 0.015455, 0.619408),
        (0.920674, 0.030909, 0.619854),
        (0.934092, 0.046364, 0.620598),
        (0.946407, 0.061818, 0.621639),
        (0.957396, 0.077273, 0.622978),
        (0.966941, 0.092727, 0.624615),
        (0.975043, 0.108182, 0.626549),
        (0.981819, 0.123636, 0.628780),
        (0.987492, 0.139091, 0.631309),
        (0.992378, 0.154545, 0.634135),
        (0.996852, 0.170000, 0.637259),
        (0.925926, 0.000000, 0.619259),
        (0.940543, 0.015455, 0.619408),
        (0.954748, 0.030909, 0.619854),
        (0.968166, 0.046364, 0.620598),
        (0.980481, 0.061818, 0.621639),
        (0.991470, 0.077273, 0.622978),
        (1.001015, 0.092727, 0.624615),
        (1.009117, 0.108182, 0.626549),
        (1.015893, 0.123636, 0.628780),
        (1.021567, 0.139091, 0.631309),
        (1.026452, 0.154545, 0.634135),
        (1.030926, 0.170000, 0.637259),
        (0.960000, 0.000000, 0.619259),
        (0.974617, 0.015455, 0.619408),
        (0.988822, 0.030909, 0.619854),
        (1.002240, 0.046364, 0.620598),
        (1.014555, 0.061818, 0.621639),
        (1.025544, 0.077273, 0.622978),
        (1.035090, 0.092727, 0.624615),
        (1.043192, 0.108182, 0.626549),
        (1.049967, 0.123636, 0.628780),
        (1.055641, 0.139091, 0.631309),
        (1.060526, 0.154545, 0.634135),
        (1.065000, 0.170000, 0.637259),
        (0.040000, 0.000000, 0.653333),
        (0.054617, 0.015455, 0.653482),
        (0.068822, 0.030909, 0.653928),
        (0.082240, 0.046364, 0.654672),
        (0.094555, 0.061818, 0.655713),
        (0.105544, 0.077273, 0.657052),
        (0.115090, 0.092727, 0.658689),
        (0.123192, 0.108182, 0.660623),
        (0.129967, 0.123636, 0.662854),
        (0.135641, 0.139091, 0.665383),
        (0.140526, 0.154545, 0.668209),
        (0.145000, 0.170000, 0.671333),
        (0.074074, 0.000000, 0.653333),
        (0.088691, 0.015455, 0.653482),
        (0.102897, 0.030909, 0.653928),
        (0.116314, 0.046364, 0.654672),
        (0.128629, 0.061818, 0.655713),
        (0.139618, 0.077273, 0.657052),
        (0.149164, 0.092727, 0.658689),
        (0.157266, 0.108182, 0.660623),
        (0.164041, 0.123636, 0.662854),
        (0.169715, 0.139091, 0.665383),
        (0.174600, 0.154545, 0.668209),
        (0.179074, 0.170000, 0.671333),
        (0.108148, 0.000000, 0.653333),
        (0.122765, 0.015455, 0.653482),
        (0.136971, 0.030909, 0.653928),
        (0.150388, 0.046364, 0.654672),
        (0.162703, 0.061818, 0.655713),
        (0.173692, 0.077273, 0.657052),
        (0.183238, 0.092727, 0.658689),
        (0.191340, 0.108182, 0.660623),
        (0.198115, 0.123636, 0.662854),
        (0.203789, 0.139091, 0.665383),
        (0.208674, 0.154545, 0.668209),
        (0.213148, 0.170000, 0.671333),
        (0.142222, 0.000000, 0.653333),
        (0.156839, 0.015455, 0.653482),
        (0.171045, 0.030909, 0.653928),
        (0.184462, 0.046364, 0.654672),
        (0.196777, 0.061818, 0.655713),
        (0.207766, 0.077273, 0.657052),
        (0.217312, 0.092727, 0.658689),
        (0.225414, 0.108182, 0.660623),
        (0.232189, 0.123636, 0.662854),
        (0.237863, 0.139091, 0.665383),
        (0.242748, 0.154545, 0.668209),
        (0.247222, 0.170000, 0.671333),
        (0.176296, 0.000000, 0.653333),
        (0.190913, 0.015455, 0.653482),
        (0.205119, 0.030909, 0.653928),
        (0.218536, 0.046364, 0.654672),
        (0.230851, 0.061818, 0.655713),
        (0.241840, 0.077273, 0.657052),
        (0.251386, 0.092727, 0.658689),
        (0.259488, 0.108182, 0.660623),
        (0.266263, 0.123636, 0.662854),
        (0.271937, 0.139091, 0.665383),
        (0.276822, 0.154545, 0.668209),
        (0.281296, 0.170000, 0.671333),
        (0.210370, 0.000000, 0.653333),
        (0.224987, 0.015455, 0.653482),
        (0.239193, 0.030909, 0.653928),
        (0.252610, 0.046364, 0.654672),
        (0.264926, 0.061818, 0.655713),
        (0.275914, 0.077273, 0.657052),
        (0.285460, 0.092727, 0.658689),
        (0.293562, 0.108182, 0.660623),
        (0.300337, 0.123636, 0.662854),
        (0.306011, 0.139091, 0.665383),
        (0.310896, 0.154545, 0.668209),
        (0.315370, 0.170000, 0.671333),
        (0.244444, 0.000000, 0.653333),
        (0.259061, 0.015455, 0.653482),
        (0.273267, 0.030909, 0.653928),
        (0.286684, 0.046364, 0.654672),
        (0.299000, 0.061818, 0.655713),
        (0.309989, 0.077273, 0.657052),
        (0.319534, 0.092727, 0.658689),
        (0.327636, 0.108182, 0.660623),
        (0.334412, 0.123636, 0.662854),
        (0.340085, 0.139091, 0.665383),
        (0.344970, 0.154545, 0.668209),
        (0.349444, 0.170000, 0.671333),
        (0.278519, 0.000000, 0.653333),
        (0.293135, 0.015455, 0.653482),
        (0.307341, 0.030909, 0.653928),
        (0.320758, 0.046364, 0.654672),
        (0.333074, 0.061818, 0.655713),
        (0.344063, 0.077273, 0.657052),
        (0.353608, 0.092727, 0.658689),
        (0.361710, 0.108182, 0.660623),
        (0.368486, 0.123636, 0.662854),
        (0.374159, 0.139091, 0.665383),
        (0.379044, 0.154545, 0.668209),
        (0.383519, 0.170000, 0.671333),
        (0.312593, 0.000000, 0.653333),
        (0.327209, 0.015455, 0.653482),
        (0.341415, 0.030909, 0.653928),
        (0.354832, 0.046364, 0.654672),
        (0.367148, 0.061818, 0.655713),
        (0.378137, 0.077273, 0.657052),
        (0.387682, 0.092727, 0.658689),
        (0.395784, 0.108182, 0.660623),
        (0.402560, 0.123636, 0.662854),
        (0.408233, 0.139091, 0.665383),
        (0.413118, 0.154545, 0.668209),
        (0.417593, 0.170000, 0.671333),
        (0.346667, 0.000000, 0.653333),
        (0.361283, 0.015455, 0.653482),
        (0.375489, 0.030909, 0.653928),
        (0.388907, 0.046364, 0.654672),
        (0.401222, 0.061818, 0.655713),
        (0.412211, 0.077273, 0.657052),
        (0.421756, 0.092727, 0.658689),
        (0.429858, 0.108182, 0.660623),
        (0.436634, 0.123636, 0.662854),
        (0.442307, 0.139091, 0.665383),
        (0.447192, 0.154545, 0.668209),
        (0.451667, 0.170000, 0.671333),
        (0.380741, 0.000000, 0.653333),
        (0.395357, 0.015455, 0.653482),
        (0.409563, 0.030909, 0.653928),
        (0.422981, 0.046364, 0.654672),
        (0.435296, 0.061818, 0.655713),
        (0.446285, 0.077273, 0.657052),
        (0.455830, 0.092727, 0.658689),
        (0.463932, 0.108182, 0.660623),
        (0.470708, 0.123636, 0.662854),
        (0.476381, 0.139091, 0.665383),
        (0.481266, 0.154545, 0.668209),
        (0.485741, 0.170000, 0.671333),
        (0.414815, 0.000000, 0.653333),
        (0.429431, 0.015455, 0.653482),
        (0.443637, 0.030909, 0.653928),
        (0.457055, 0.046364, 0.654672),
        (0.469370, 0.061818, 0.655713),
        (0.480359, 0.077273, 0.657052),
        (0.489904, 0.092727, 0.658689),
        (0.498006, 0.108182, 0.660623),
        (0.504782, 0.123636, 0.662854),
        (0.510455, 0.139091, 0.665383),
        (0.515341, 0.154545, 0.668209),
        (0.519815, 0.170000, 0.671333),
        (0.448889, 0.000000, 0.653333),
        (0.463506, 0.015455, 0.653482),
        (0.477711, 0.030909, 0.653928),
        (0.491129, 0.046364, 0.654672),
        (0.503444, 0.061818, 0.655713),
        (0.514433, 0.077273, 0.657052),
        (0.523978, 0.092727, 0.658689),
        (0.532080, 0.108182, 0.660623),
        (0.538856, 0.123636, 0.662854),
        (0.544530, 0.139091, 0.665383),
        (0.549415, 0.154545, 0.668209),
        (0.553889, 0.170000, 0.671333),
        (0.482963, 0.000000, 0.653333),
        (0.497580, 0.015455, 0.653482),
        (0.511785, 0.030909, 0.653928),
        (0.525203, 0.046364, 0.654672),
        (0.537518, 0.061818, 0.655713),
        (0.548507, 0.077273, 0.657052),
        (0.558052, 0.092727, 0.658689),
        (0.566155, 0.108182, 0.660623),
        (0.572930, 0.123636, 0.662854),
        (0.578604, 0.139091, 0.665383),
        (0.583489, 0.154545, 0.668209),
        (0.587963, 0.170000, 0.671333),
        (0.517037, 0.000000, 0.653333),
        (0.531654, 0.015455, 0.653482),
        (0.545859, 0.030909, 0.653928),
        (0.559277, 0.046364, 0.654672),
        (0.571592, 0.061818, 0.655713),
        (0.582581, 0.077273, 0.657052),
        (0.592127, 0.092727, 0.658689),
        (0.600229, 0.108182, 0.660623),
        (0.607004, 0.123636, 0.662854),
        (0.612678, 0.139091, 0.665383),
        (0.617563, 0.154545, 0.668209),
        (0.622037, 0.170000, 0.671333),
        (0.551111, 0.000000, 0.653333),
        (0.565728, 0.015455, 0.653482),
        (0.579934, 0.030909, 0.653928),
        (0.593351, 0.046364, 0.654672),
        (0.605666, 0.061818, 0.655713),
        (0.616655, 0.077273, 0.657052),
        (0.626201, 0.092727, 0.658689),
        (0.634303, 0.108182, 0.660623),
        (0.641078, 0.123636, 0.662854),
        (0.646752, 0.139091, 0.665383),
        (0.651637, 0.154545, 0.668209),
        (0.656111, 0.170000, 0.671333),
        (0.585185, 0.000000, 0.653333),
        (0.599802, 0.015455, 0.653482),
        (0.614008, 0.030909, 0.653928),
        (0.627425, 0.046364, 0.654672),
        (0.639740, 0.061818, 0.655713),
        (0.650729, 0.077273, 0.657052),
        (0.660275, 0.092727, 0.658689),
        (0.668377, 0.108182, 0.660623),
        (0.675152, 0.123636, 0.662854),
        (0.680826, 0.139091, 0.665383),
        (0.685711, 0.154545, 0.668209),
        (0.690185, 0.170000, 0.671333),
        (0.619259, 0.000000, 0.653333),
        (0.633876, 0.015455, 0.653482),
        (0.648082, 0.030909, 0.653928),
        (0.661499, 0.046364, 0.654672),
        (0.673814, 0.061818, 0.655713),
        (0.684803, 0.077273, 0.657052),
        (0.694349, 0.092727, 0.658689),
        (0.702451, 0.108182, 0.660623),
        (0.709226, 0.123636, 0.662854),
        (0.714900, 0.139091, 0.665383),
        (0.719785, 0.154545, 0.668209),
        (0.724259, 0.170000, 0.671333),
        (0.653333, 0.000000, 0.653333),
        (0.667950, 0.015455, 0.653482),
        (0.682156, 0.030909, 0.653928),
        (0.695573, 0.046364, 0.654672),
        (0.707889, 0.061818, 0.655713),
        (0.718877, 0.077273, 0.657052),
        (0.728423, 0.092727, 0.658689),
        (0.736525, 0.108182, 0.660623),
        (0.743300, 0.123636, 0.662854),
        (0.748974, 0.139091, 0.665383),
        (0.753859, 0.154545, 0.668209),
        (0.758333, 0.170000, 0.671333),
        (0.687407, 0.000000, 0.653333),
        (0.702024, 0.015455, 0.653482),
        (0.716230, 0.030909, 0.653928),
        (0.729647, 0.046364, 0.654672),
        (0.741963, 0.061818, 0.655713),
        (0.752951, 0.077273, 0.657052),
        (0.762497, 0.092727, 0.658689),
        (0.770599, 0.108182, 0.660623),
        (0.777375, 0.123636, 0.662854),
        (0.783048, 0.139091, 0.665383),
        (0.787933, 0.154545, 0.668209),
        (0.792407, 0.170000, 0.671333),
        (0.721481, 0.000000, 0.653333),
        (0.736098, 0.015455, 0.653482),
        (0.750304, 0.030909, 0.653928),
        (0.763721, 0.046364, 0.654672),
        (0.776037, 0.061818, 0.655713),
        (0.787026, 0.077273, 0.657052),
        (0.796571, 0.092727, 0.658689),
        (0.804673, 0.108182, 0.660623),
        (0.811449, 0.123636, 0.662854),
        (0.817122, 0.139091, 0.665383),
        (0.822007, 0.154545, 0.668209),
        (0.826481, 0.170000, 0.671333),
        (0.755556, 0.000000, 0.653333),
        (0.770172, 0.015455, 0.653482),
        (0.784378, 0.030909, 0.653928),
        (0.797795, 0.046364, 0.654672),
        (0.810111, 0.061818, 0.655713),
        (0.821100, 0.077273, 0.657052),
        (0.830645, 0.092727, 0.658689),
        (0.838747, 0.108182, 0.660623),
        (0.845523, 0.123636, 0.662854),
        (0.851196, 0.139091, 0.665383),
        (0.856081, 0.154545, 0.668209),
        (0.860556, 0.170000, 0.671333),
        (0.789630, 0.000000, 0.653333),
        (0.804246, 0.015455, 0.653482),
        (0.818452, 0.030909, 0.653928),
        (0.831869, 0.046364, 0.654672),
        (0.844185, 0.061818, 0.655713),
        (0.855174, 0.077273, 0.657052),
        (0.864719, 0.092727, 0.658689),
        (0.872821, 0.108182, 0.660623),
        (0.879597, 0.123636, 0.662854),
        (0.885270, 0.139091, 0.665383),
        (0.890155, 0.154545, 0.668209),
        (0.894630, 0.170000, 0.671333),
        (0.823704, 0.000000, 0.653333),
        (0.838320, 0.015455, 0.653482),
        (0.852526, 0.030909, 0.653928),
        (0.865944, 0.046364, 0.654672),
        (0.878259, 0.061818, 0.655713),
        (0.889248, 0.077273, 0.657052),
        (0.898793, 0.092727, 0.658689),
        (0.906895, 0.108182, 0.660623),
        (0.913671, 0.123636, 0.662854),
        (0.919344, 0.139091, 0.665383),
        (0.924229, 0.154545, 0.668209),
        (0.928704, 0.170000, 0.671333),
        (0.857778, 0.000000, 0.653333),
        (0.872394, 0.015455, 0.653482),
        (0.886600, 0.030909, 0.653928),
        (0.900018, 0.046364, 0.654672),
        (0.912333, 0.061818, 0.655713),
        (0.923322, 0.077273, 0.657052),
        (0.932867, 0.092727, 0.658689),
        (0.940969, 0.108182, 0.660623),
        (0.947745, 0.123636, 0.662854),
        (0.953418, 0.139091, 0.665383),
        (0.958304, 0.154545, 0.668209),
        (0.962778, 0.170000, 0.671333),
        (0.891852, 0.000000, 0.653333),
        (0.906468, 0.015455, 0.653482),
        (0.920674, 0.030909, 0.653928),
        (0.934092, 0.046364, 0.654672),
        (0.946407, 0.061818, 0.655713),
        (0.957396, 0.077273, 0.657052),
        (0.966941, 0.092727, 0.658689),
        (0.975043, 0.108182, 0.660623),
        (0.981819, 0.123636, 0.662854),
        (0.987492, 0.139091, 0.665383),
        (0.992378, 0.154545, 0.668209),
        (0.996852, 0.170000, 0.671333),
        (0.925926, 0.000000, 0.653333),
        (0.940543, 0.015455, 0.653482),
        (0.954748, 0.030909, 0.653928),
        (0.968166, 0.046364, 0.654672),
        (0.980481, 0.061818, 0.655713),
        (0.991470, 0.077273, 0.657052),
        (1.001015, 0.092727, 0.658689),
        (1.009117, 0.108182, 0.660623),
        (1.015893, 0.123636, 0.662854),
        (1.021567, 0.139091, 0.665383),
        (1.026452, 0.154545, 0.668209),
        (1.030926, 0.170000, 0.671333),
        (0.960000, 0.000000, 0.653333),
        (0.974617, 0.015455, 0.653482),
        (0.988822, 0.030909, 0.653928),
        (1.002240, 0.046364, 0.654672),
        (1.014555, 0.061818, 0.655713),
        (1.025544, 0.077273, 0.657052),
        (1.035090, 0.092727, 0.658689),
        (1.043192, 0.108182, 0.660623),
        (1.049967, 0.123636, 0.662854),
        (1.055641, 0.139091, 0.665383),
        (1.060526, 0.154545, 0.668209),
        (1.065000, 0.170000, 0.671333),
        (0.040000, 0.000000, 0.687407),
        (0.054617, 0.015455, 0.687556),
        (0.068822, 0.030909, 0.688002),
        (0.082240, 0.046364, 0.688746),
        (0.094555, 0.061818, 0.689788),
        (0.105544, 0.077273, 0.691126),
        (0.115090, 0.092727, 0.692763),
        (0.123192, 0.108182, 0.694697),
        (0.129967, 0.123636, 0.696928),
        (0.135641, 0.139091, 0.699457),
        (0.140526, 0.154545, 0.702283),
        (0.145000, 0.170000, 0.705407),
        (0.074074, 0.000000, 0.687407),
        (0.088691, 0.015455, 0.687556),
        (0.102897, 0.030909, 0.688002),
        (0.116314, 0.046364, 0.688746),
        (0.128629, 0.061818, 0.689788),
        (0.139618, 0.077273, 0.691126),
        (0.149164, 0.092727, 0.692763),
        (0.157266, 0.108182, 0.694697),
        (0.164041, 0.123636, 0.696928),
        (0.169715, 0.139091, 0.699457),
        (0.174600, 0.154545, 0.702283),
        (0.179074, 0.170000, 0.705407),
        (0.108148, 0.000000, 0.687407),
        (0.122765, 0.015455, 0.687556),
        (0.136971, 0.030909, 0.688002),
        (0.150388, 0.046364, 0.688746),
        (0.162703, 0.061818, 0.689788),
        (0.173692, 0.077273, 0.691126),
        (0.183238, 0.092727, 0.692763),
        (0.191340, 0.108182, 0.694697),
        (0.198115, 0.123636, 0.696928),
        (0.203789, 0.139091, 0.699457),
        (0.208674, 0.154545, 0.702283),
        (0.213148, 0.170000, 0.705407),
        (0.142222, 0.000000, 0.687407),
        (0.156839, 0.015455, 0.687556),
        (0.171045, 0.030909, 0.688002),
        (0.184462, 0.046364, 0.688746),
        (0.196777, 0.061818, 0.689788),
        (0.207766, 0.077273, 0.691126),
        (0.217312, 0.092727, 0.692763),
        (0.225414, 0.108182, 0.694697),
        (0.232189, 0.123636, 0.696928),
        (0.237863, 0.139091, 0.699457),
        (0.242748, 0.154545, 0.702283),
        (0.247222, 0.170000, 0.705407),
        (0.176296, 0.000000, 0.687407),
        (0.190913, 0.015455, 0.687556),
        (0.205119, 0.030909, 0.688002),
        (0.218536, 0.046364, 0.688746),
        (0.230851, 0.061818, 0.689788),
        (0.241840, 0.077273, 0.691126),
        (0.251386, 0.092727, 0.692763),
        (0.259488, 0.108182, 0.694697),
        (0.266263, 0.123636, 0.696928),
        (0.271937, 0.139091, 0.699457),
        (0.276822, 0.154545, 0.702283),
        (0.281296, 0.170000, 0.705407),
        (0.210370, 0.000000, 0.687407),
        (0.224987, 0.015455, 0.687556),
        (0.239193, 0.030909, 0.688002),
        (0.252610, 0.046364, 0.688746),
        (0.264926, 0.061818, 0.689788),
        (0.275914, 0.077273, 0.691126),
        (0.285460, 0.092727, 0.692763),
        (0.293562, 0.108182, 0.694697),
        (0.300337, 0.123636, 0.696928),
        (0.306011, 0.139091, 0.699457),
        (0.310896, 0.154545, 0.702283),
        (0.315370, 0.170000, 0.705407),
        (0.244444, 0.000000, 0.687407),
        (0.259061, 0.015455, 0.687556),
        (0.273267, 0.030909, 0.688002),
        (0.286684, 0.046364, 0.688746),
        (0.299000, 0.061818, 0.689788),
        (0.309989, 0.077273, 0.691126),
        (0.319534, 0.092727, 0.692763),
        (0.327636, 0.108182, 0.694697),
        (0.334412, 0.123636, 0.696928),
        (0.340085, 0.139091, 0.699457),
        (0.344970, 0.154545, 0.702283),
        (0.349444, 0.170000, 0.705407),
        (0.278519, 0.000000, 0.687407),
        (0.293135, 0.015455, 0.687556),
        (0.307341, 0.030909, 0.688002),
        (0.320758, 0.046364, 0.688746),
        (0.333074, 0.061818, 0.689788),
        (0.344063, 0.077273, 0.691126),
        (0.353608, 0.092727, 0.692763),
        (0.361710, 0.108182, 0.694697),
        (0.368486, 0.123636, 0.696928),
        (0.374159, 0.139091, 0.699457),
        (0.379044, 0.154545, 0.702283),
        (0.383519, 0.170000, 0.705407),
        (0.312593, 0.000000, 0.687407),
        (0.327209, 0.015455, 0.687556),
        (0.341415, 0.030909, 0.688002),
        (0.354832, 0.046364, 0.688746),
        (0.367148, 0.061818, 0.689788),
        (0.378137, 0.077273, 0.691126),
        (0.387682, 0.092727, 0.692763),
        (0.395784, 0.108182, 0.694697),
        (0.402560, 0.123636, 0.696928),
        (0.408233, 0.139091, 0.699457),
        (0.413118, 0.154545, 0.702283),
        (0.417593, 0.170000, 0.705407),
        (0.346667, 0.000000, 0.687407),
        (0.361283, 0.015455, 0.687556),
        (0.375489, 0.030909, 0.688002),
        (0.388907, 0.046364, 0.688746),
        (0.401222, 0.061818, 0.689788),
        (0.412211, 0.077273, 0.691126),
        (0.421756, 0.092727, 0.692763),
        (0.429858, 0.108182, 0.694697),
        (0.436634, 0.123636, 0.696928),
        (0.442307, 0.139091, 0.699457),
        (0.447192, 0.154545, 0.702283),
        (0.451667, 0.170000, 0.705407),
        (0.380741, 0.000000, 0.687407),
        (0.395357, 0.015455, 0.687556),
        (0.409563, 0.030909, 0.688002),
        (0.422981, 0.046364, 0.688746),
        (0.435296, 0.061818, 0.689788),
        (0.446285, 0.077273, 0.691126),
        (0.455830, 0.092727, 0.692763),
        (0.463932, 0.108182, 0.694697),
        (0.470708, 0.123636, 0.696928),
        (0.476381, 0.139091, 0.699457),
        (0.481266, 0.154545, 0.702283),
        (0.485741, 0.170000, 0.705407),
        (0.414815, 0.000000, 0.687407),
        (0.429431, 0.015455, 0.687556),
        (0.443637, 0.030909, 0.688002),
        (0.457055, 0.046364, 0.688746),
        (0.469370, 0.061818, 0.689788),
        (0.480359, 0.077273, 0.691126),
        (0.489904, 0.092727, 0.692763),
        (0.498006, 0.108182, 0.694697),
        (0.504782, 0.123636, 0.696928),
        (0.510455, 0.139091, 0.699457),
        (0.515341, 0.154545, 0.702283),
        (0.519815, 0.170000, 0.705407),
        (0.448889, 0.000000, 0.687407),
        (0.463506, 0.015455, 0.687556),
        (0.477711, 0.030909, 0.688002),
        (0.491129, 0.046364, 0.688746),
        (0.503444, 0.061818, 0.689788),
        (0.514433, 0.077273, 0.691126),
        (0.523978, 0.092727, 0.692763),
        (0.532080, 0.108182, 0.694697),
        (0.538856, 0.123636, 0.696928),
        (0.544530, 0.139091, 0.699457),
        (0.549415, 0.154545, 0.702283),
        (0.553889, 0.170000, 0.705407),
        (0.482963, 0.000000, 0.687407),
        (0.497580, 0.015455, 0.687556),
        (0.511785, 0.030909, 0.688002),
        (0.525203, 0.046364, 0.688746),
        (0.537518, 0.061818, 0.689788),
        (0.548507, 0.077273, 0.691126),
        (0.558052, 0.092727, 0.692763),
        (0.566155, 0.108182, 0.694697),
        (0.572930, 0.123636, 0.696928),
        (0.578604, 0.139091, 0.699457),
        (0.583489, 0.154545, 0.702283),
        (0.587963, 0.170000, 0.705407),
        (0.517037, 0.000000, 0.687407),
        (0.531654, 0.015455, 0.687556),
        (0.545859, 0.030909, 0.688002),
        (0.559277, 0.046364, 0.688746),
        (0.571592, 0.061818, 0.689788),
        (0.582581, 0.077273, 0.691126),
        (0.592127, 0.092727, 0.692763),
        (0.600229, 0.108182, 0.694697),
        (0.607004, 0.123636, 0.696928),
        (0.612678, 0.139091, 0.699457),
        (0.617563, 0.154545, 0.702283),
        (0.622037, 0.170000, 0.705407),
        (0.551111, 0.000000, 0.687407),
        (0.565728, 0.015455, 0.687556),
        (0.579934, 0.030909, 0.688002),
        (0.593351, 0.046364, 0.688746),
        (0.605666, 0.061818, 0.689788),
        (0.616655, 0.077273, 0.691126),
        (0.626201, 0.092727, 0.692763),
        (0.634303, 0.108182, 0.694697),
        (0.641078, 0.123636, 0.696928),
        (0.646752, 0.139091, 0.699457),
        (0.651637, 0.154545, 0.702283),
        (0.656111, 0.170000, 0.705407),
        (0.585185, 0.000000, 0.687407),
        (0.599802, 0.015455, 0.687556),
        (0.614008, 0.030909, 0.688002),
        (0.627425, 0.046364, 0.688746),
        (0.639740, 0.061818, 0.689788),
        (0.650729, 0.077273, 0.691126),
        (0.660275, 0.092727, 0.692763),
        (0.668377, 0.108182, 0.694697),
        (0.675152, 0.123636, 0.696928),
        (0.680826, 0.139091, 0.699457),
        (0.685711, 0.154545, 0.702283),
        (0.690185, 0.170000, 0.705407),
        (0.619259, 0.000000, 0.687407),
        (0.633876, 0.015455, 0.687556),
        (0.648082, 0.030909, 0.688002),
        (0.661499, 0.046364, 0.688746),
        (0.673814, 0.061818, 0.689788),
        (0.684803, 0.077273, 0.691126),
        (0.694349, 0.092727, 0.692763),
        (0.702451, 0.108182, 0.694697),
        (0.709226, 0.123636, 0.696928),
        (0.714900, 0.139091, 0.699457),
        (0.719785, 0.154545, 0.702283),
        (0.724259, 0.170000, 0.705407),
        (0.653333, 0.000000, 0.687407),
        (0.667950, 0.015455, 0.687556),
        (0.682156, 0.030909, 0.688002),
        (0.695573, 0.046364, 0.688746),
        (0.707889, 0.061818, 0.689788),
        (0.718877, 0.077273, 0.691126),
        (0.728423, 0.092727, 0.692763),
        (0.736525, 0.108182, 0.694697),
        (0.743300, 0.123636, 0.696928),
        (0.748974, 0.139091, 0.699457),
        (0.753859, 0.154545, 0.702283),
        (0.758333, 0.170000, 0.705407),
        (0.687407, 0.000000, 0.687407),
        (0.702024, 0.015455, 0.687556),
        (0.716230, 0.030909, 0.688002),
        (0.729647, 0.046364, 0.688746),
        (0.741963, 0.061818, 0.689788),
        (0.752951, 0.077273, 0.691126),
        (0.762497, 0.092727, 0.692763),
        (0.770599, 0.108182, 0.694697),
        (0.777375, 0.123636, 0.696928),
        (0.783048, 0.139091, 0.699457),
        (0.787933, 0.154545, 0.702283),
        (0.792407, 0.170000, 0.705407),
        (0.721481, 0.000000, 0.687407),
        (0.736098, 0.015455, 0.687556),
        (0.750304, 0.030909, 0.688002),
        (0.763721, 0.046364, 0.688746),
        (0.776037, 0.061818, 0.689788),
        (0.787026, 0.077273, 0.691126),
        (0.796571, 0.092727, 0.692763),
        (0.804673, 0.108182, 0.694697),
        (0.811449, 0.123636, 0.696928),
        (0.817122, 0.139091, 0.699457),
        (0.822007, 0.154545, 0.702283),
        (0.826481, 0.170000, 0.705407),
        (0.755556, 0.000000, 0.687407),
        (0.770172, 0.015455, 0.687556),
        (0.784378, 0.030909, 0.688002),
        (0.797795, 0.046364, 0.688746),
        (0.810111, 0.061818, 0.689788),
        (0.821100, 0.077273, 0.691126),
        (0.830645, 0.092727, 0.692763),
        (0.838747, 0.108182, 0.694697),
        (0.845523, 0.123636, 0.696928),
        (0.851196, 0.139091, 0.699457),
        (0.856081, 0.154545, 0.702283),
        (0.860556, 0.170000, 0.705407),
        (0.789630, 0.000000, 0.687407),
        (0.804246, 0.015455, 0.687556),
        (0.818452, 0.030909, 0.688002),
        (0.831869, 0.046364, 0.688746),
        (0.844185, 0.061818, 0.689788),
        (0.855174, 0.077273, 0.691126),
        (0.864719, 0.092727, 0.692763),
        (0.872821, 0.108182, 0.694697),
        (0.879597, 0.123636, 0.696928),
        (0.885270, 0.139091, 0.699457),
        (0.890155, 0.154545, 0.702283),
        (0.894630, 0.170000, 0.705407),
        (0.823704, 0.000000, 0.687407),
        (0.838320, 0.015455, 0.687556),
        (0.852526, 0.030909, 0.688002),
        (0.865944, 0.046364, 0.688746),
        (0.878259, 0.061818, 0.689788),
        (0.889248, 0.077273, 0.691126),
        (0.898793, 0.092727, 0.692763),
        (0.906895, 0.108182, 0.694697),
        (0.913671, 0.123636, 0.696928),
        (0.919344, 0.139091, 0.699457),
        (0.924229, 0.154545, 0.702283),
        (0.928704, 0.170000, 0.705407),
        (0.857778, 0.000000, 0.687407),
        (0.872394, 0.015455, 0.687556),
        (0.886600, 0.030909, 0.688002),
        (0.900018, 0.046364, 0.688746),
        (0.912333, 0.061818, 0.689788),
        (0.923322, 0.077273, 0.691126),
        (0.932867, 0.092727, 0.692763),
        (0.940969, 0.108182, 0.694697),
        (0.947745, 0.123636, 0.696928),
        (0.953418, 0.139091, 0.699457),
        (0.958304, 0.154545, 0.702283),
        (0.962778, 0.170000, 0.705407),
        (0.891852, 0.000000, 0.687407),
        (0.906468, 0.015455, 0.687556),
        (0.920674, 0.030909, 0.688002),
        (0.934092, 0.046364, 0.688746),
        (0.946407, 0.061818, 0.689788),
        (0.957396, 0.077273, 0.691126),
        (0.966941, 0.092727, 0.692763),
        (0.975043, 0.108182, 0.694697),
        (0.981819, 0.123636, 0.696928),
        (0.987492, 0.139091, 0.699457),
        (0.992378, 0.154545, 0.702283),
        (0.996852, 0.170000, 0.705407),
        (0.925926, 0.000000, 0.687407),
        (0.940543, 0.015455, 0.687556),
        (0.954748, 0.030909, 0.688002),
        (0.968166, 0.046364, 0.688746),
        (0.980481, 0.061818, 0.689788),
        (0.991470, 0.077273, 0.691126),
        (1.001015, 0.092727, 0.692763),
        (1.009117, 0.108182, 0.694697),
        (1.015893, 0.123636, 0.696928),
        (1.021567, 0.139091, 0.699457),
        (1.026452, 0.154545, 0.702283),
        (1.030926, 0.170000, 0.705407),
        (0.960000, 0.000000, 0.687407),
        (0.974617, 0.015455, 0.687556),
        (0.988822, 0.030909, 0.688002),
        (1.002240, 0.046364, 0.688746),
        (1.014555, 0.061818, 0.689788),
        (1.025544, 0.077273, 0.691126),
        (1.035090, 0.092727, 0.692763),
        (1.043192, 0.108182, 0.694697),
        (1.049967, 0.123636, 0.696928),
        (1.055641, 0.139091, 0.699457),
        (1.060526, 0.154545, 0.702283),
        (1.065000, 0.170000, 0.705407),
        (0.040000, 0.000000, 0.721481),
        (0.054617, 0.015455, 0.721630),
        (0.068822, 0.030909, 0.722077),
        (0.082240, 0.046364, 0.722820),
        (0.094555, 0.061818, 0.723862),
        (0.105544, 0.077273, 0.725200),
        (0.115090, 0.092727, 0.726837),
        (0.123192, 0.108182, 0.728771),
        (0.129967, 0.123636, 0.731002),
        (0.135641, 0.139091, 0.733531),
        (0.140526, 0.154545, 0.736358),
        (0.145000, 0.170000, 0.739481),
        (0.074074, 0.000000, 0.721481),
        (0.088691, 0.015455, 0.721630),
        (0.102897, 0.030909, 0.722077),
        (0.116314, 0.046364, 0.722820),
        (0.128629, 0.061818, 0.723862),
        (0.139618, 0.077273, 0.725200),
        (0.149164, 0.092727, 0.726837),
        (0.157266, 0.108182, 0.728771),
        (0.164041, 0.123636, 0.731002),
        (0.169715, 0.139091, 0.733531),
        (0.174600, 0.154545, 0.736358),
        (0.179074, 0.170000, 0.739481),
        (0.108148, 0.000000, 0.721481),
        (0.122765, 0.015455, 0.721630),
        (0.136971, 0.030909, 0.722077),
        (0.150388, 0.046364, 0.722820),
        (0.162703, 0.061818, 0.723862),
        (0.173692, 0.077273, 0.725200),
        (0.183238, 0.092727, 0.726837),
        (0.191340, 0.108182, 0.728771),
        (0.198115, 0.123636, 0.731002),
        (0.203789, 0.139091, 0.733531),
        (0.208674, 0.154545, 0.736358),
        (0.213148, 0.170000, 0.739481),
        (0.142222, 0.000000, 0.721481),
        (0.156839, 0.015455, 0.721630),
        (0.171045, 0.030909, 0.722077),
        (0.184462, 0.046364, 0.722820),
        (0.196777, 0.061818, 0.723862),
        (0.207766, 0.077273, 0.725200),
        (0.217312, 0.092727, 0.726837),
        (0.225414, 0.108182, 0.728771),
        (0.232189, 0.123636, 0.731002),
        (0.237863, 0.139091, 0.733531),
        (0.242748, 0.154545, 0.736358),
        (0.247222, 0.170000, 0.739481),
        (0.176296, 0.000000, 0.721481),
        (0.190913, 0.015455, 0.721630),
        (0.205119, 0.030909, 0.722077),
        (0.218536, 0.046364, 0.722820),
        (0.230851, 0.061818, 0.723862),
        (0.241840, 0.077273, 0.725200),
        (0.251386, 0.092727, 0.726837),
        (0.259488, 0.108182, 0.728771),
        (0.266263, 0.123636, 0.731002),
        (0.271937, 0.139091, 0.733531),
        (0.276822, 0.154545, 0.736358),
        (0.281296, 0.170000, 0.739481),
        (0.210370, 0.000000, 0.721481),
        (0.224987, 0.015455, 0.721630),
        (0.239193, 0.030909, 0.722077),
        (0.252610, 0.046364, 0.722820),
        (0.264926, 0.061818, 0.723862),
        (0.275914, 0.077273, 0.725200),
        (0.285460, 0.092727, 0.726837),
        (0.293562, 0.108182, 0.728771),
        (0.300337, 0.123636, 0.731002),
        (0.306011, 0.139091, 0.733531),
        (0.310896, 0.154545, 0.736358),
        (0.315370, 0.170000, 0.739481),
        (0.244444, 0.000000, 0.721481),
        (0.259061, 0.015455, 0.721630),
        (0.273267, 0.030909, 0.722077),
        (0.286684, 0.046364, 0.722820),
        (0.299000, 0.061818, 0.723862),
        (0.309989, 0.077273, 0.725200),
        (0.319534, 0.092727, 0.726837),
        (0.327636, 0.108182, 0.728771),
        (0.334412, 0.123636, 0.731002),
        (0.340085, 0.139091, 0.733531),
        (0.344970, 0.154545, 0.736358),
        (0.349444, 0.170000, 0.739481),
        (0.278519, 0.000000, 0.721481),
        (0.293135, 0.015455, 0.721630),
        (0.307341, 0.030909, 0.722077),
        (0.320758, 0.046364, 0.722820),
        (0.333074, 0.061818, 0.723862),
        (0.344063, 0.077273, 0.725200),
        (0.353608, 0.092727, 0.726837),
        (0.361710, 0.108182, 0.728771),
        (0.368486, 0.123636, 0.731002),
        (0.374159, 0.139091, 0.733531),
        (0.379044, 0.154545, 0.736358),
        (0.383519, 0.170000, 0.739481),
        (0.312593, 0.000000, 0.721481),
        (0.327209, 0.015455, 0.721630),
        (0.341415, 0.030909, 0.722077),
        (0.354832, 0.046364, 0.722820),
        (0.367148, 0.061818, 0.723862),
        (0.378137, 0.077273, 0.725200),
        (0.387682, 0.092727, 0.726837),
        (0.395784, 0.108182, 0.728771),
        (0.402560, 0.123636, 0.731002),
        (0.408233, 0.139091, 0.733531),
        (0.413118, 0.154545, 0.736358),
        (0.417593, 0.170000, 0.739481),
        (0.346667, 0.000000, 0.721481),
        (0.361283, 0.015455, 0.721630),
        (0.375489, 0.030909, 0.722077),
        (0.388907, 0.046364, 0.722820),
        (0.401222, 0.061818, 0.723862),
        (0.412211, 0.077273, 0.725200),
        (0.421756, 0.092727, 0.726837),
        (0.429858, 0.108182, 0.728771),
        (0.436634, 0.123636, 0.731002),
        (0.442307, 0.139091, 0.733531),
        (0.447192, 0.154545, 0.736358),
        (0.451667, 0.170000, 0.739481),
        (0.380741, 0.000000, 0.721481),
        (0.395357, 0.015455, 0.721630),
        (0.409563, 0.030909, 0.722077),
        (0.422981, 0.046364, 0.722820),
        (0.435296, 0.061818, 0.723862),
        (0.446285, 0.077273, 0.725200),
        (0.455830, 0.092727, 0.726837),
        (0.463932, 0.108182, 0.728771),
        (0.470708, 0.123636, 0.731002),
        (0.476381, 0.139091, 0.733531),
        (0.481266, 0.154545, 0.736358),
        (0.485741, 0.170000, 0.739481),
        (0.414815, 0.000000, 0.721481),
        (0.429431, 0.015455, 0.721630),
        (0.443637, 0.030909, 0.722077),
        (0.457055, 0.046364, 0.722820),
        (0.469370, 0.061818, 0.723862),
        (0.480359, 0.077273, 0.725200),
        (0.489904, 0.092727, 0.726837),
        (0.498006, 0.108182, 0.728771),
        (0.504782, 0.123636, 0.731002),
        (0.510455, 0.139091, 0.733531),
        (0.515341, 0.154545, 0.736358),
        (0.519815, 0.170000, 0.739481),
        (0.448889, 0.000000, 0.721481),
        (0.463506, 0.015455, 0.721630),
        (0.477711, 0.030909, 0.722077),
        (0.491129, 0.046364, 0.722820),
        (0.503444, 0.061818, 0.723862),
        (0.514433, 0.077273, 0.725200),
        (0.523978, 0.092727, 0.726837),
        (0.532080, 0.108182, 0.728771),
        (0.538856, 0.123636, 0.731002),
        (0.544530, 0.139091, 0.733531),
        (0.549415, 0.154545, 0.736358),
        (0.553889, 0.170000, 0.739481),
        (0.482963, 0.000000, 0.721481),
        (0.497580, 0.015455, 0.721630),
        (0.511785, 0.030909, 0.722077),
        (0.525203, 0.046364, 0.722820),
        (0.537518, 0.061818, 0.723862),
        (0.548507, 0.077273, 0.725200),
        (0.558052, 0.092727, 0.726837),
        (0.566155, 0.108182, 0.728771),
        (0.572930, 0.123636, 0.731002),
        (0.578604, 0.139091, 0.733531),
        (0.583489, 0.154545, 0.736358),
        (0.587963, 0.170000, 0.739481),
        (0.517037, 0.000000, 0.721481),
        (0.531654, 0.015455, 0.721630),
        (0.545859, 0.030909, 0.722077),
        (0.559277, 0.046364, 0.722820),
        (0.571592, 0.061818, 0.723862),
        (0.582581, 0.077273, 0.725200),
        (0.592127, 0.092727, 0.726837),
        (0.600229, 0.108182, 0.728771),
        (0.607004, 0.123636, 0.731002),
        (0.612678, 0.139091, 0.733531),
        (0.617563, 0.154545, 0.736358),
        (0.622037, 0.170000, 0.739481),
        (0.551111, 0.000000, 0.721481),
        (0.565728, 0.015455, 0.721630),
        (0.579934, 0.030909, 0.722077),
        (0.593351, 0.046364, 0.722820),
        (0.605666, 0.061818, 0.723862),
        (0.616655, 0.077273, 0.725200),
        (0.626201, 0.092727, 0.726837),
        (0.634303, 0.108182, 0.728771),
        (0.641078, 0.123636, 0.731002),
        (0.646752, 0.139091, 0.733531),
        (0.651637, 0.154545, 0.736358),
        (0.656111, 0.170000, 0.739481),
        (0.585185, 0.000000, 0.721481),
        (0.599802, 0.015455, 0.721630),
        (0.614008, 0.030909, 0.722077),
        (0.627425, 0.046364, 0.722820),
        (0.639740, 0.061818, 0.723862),
        (0.650729, 0.077273, 0.725200),
        (0.660275, 0.092727, 0.726837),
        (0.668377, 0.108182, 0.728771),
        (0.675152, 0.123636, 0.731002),
        (0.680826, 0.139091, 0.733531),
        (0.685711, 0.154545, 0.736358),
        (0.690185, 0.170000, 0.739481),
        (0.619259, 0.000000, 0.721481),
        (0.633876, 0.015455, 0.721630),
        (0.648082, 0.030909, 0.722077),
        (0.661499, 0.046364, 0.722820),
        (0.673814, 0.061818, 0.723862),
        (0.684803, 0.077273, 0.725200),
        (0.694349, 0.092727, 0.726837),
        (0.702451, 0.108182, 0.728771),
        (0.709226, 0.123636, 0.731002),
        (0.714900, 0.139091, 0.733531),
        (0.719785, 0.154545, 0.736358),
        (0.724259, 0.170000, 0.739481),
        (0.653333, 0.000000, 0.721481),
        (0.667950, 0.015455, 0.721630),
        (0.682156, 0.030909, 0.722077),
        (0.695573, 0.046364, 0.722820),
        (0.707889, 0.061818, 0.723862),
        (0.718877, 0.077273, 0.725200),
        (0.728423, 0.092727, 0.726837),
        (0.736525, 0.108182, 0.728771),
        (0.743300, 0.123636, 0.731002),
        (0.748974, 0.139091, 0.733531),
        (0.753859, 0.154545, 0.736358),
        (0.758333, 0.170000, 0.739481),
        (0.687407, 0.000000, 0.721481),
        (0.702024, 0.015455, 0.721630),
        (0.716230, 0.030909, 0.722077),
        (0.729647, 0.046364, 0.722820),
        (0.741963, 0.061818, 0.723862),
        (0.752951, 0.077273, 0.725200),
        (0.762497, 0.092727, 0.726837),
        (0.770599, 0.108182, 0.728771),
        (0.777375, 0.123636, 0.731002),
        (0.783048, 0.139091, 0.733531),
        (0.787933, 0.154545, 0.736358),
        (0.792407, 0.170000, 0.739481),
        (0.721481, 0.000000, 0.721481),
        (0.736098, 0.015455, 0.721630),
        (0.750304, 0.030909, 0.722077),
        (0.763721, 0.046364, 0.722820),
        (0.776037, 0.061818, 0.723862),
        (0.787026, 0.077273, 0.725200),
        (0.796571, 0.092727, 0.726837),
        (0.804673, 0.108182, 0.728771),
        (0.811449, 0.123636, 0.731002),
        (0.817122, 0.139091, 0.733531),
        (0.822007, 0.154545, 0.736358),
        (0.826481, 0.170000, 0.739481),
        (0.755556, 0.000000, 0.721481),
        (0.770172, 0.015455, 0.721630),
        (0.784378, 0.030909, 0.722077),
        (0.797795, 0.046364, 0.722820),
        (0.810111, 0.061818, 0.723862),
        (0.821100, 0.077273, 0.725200),
        (0.830645, 0.092727, 0.726837),
        (0.838747, 0.108182, 0.728771),
        (0.845523, 0.123636, 0.731002),
        (0.851196, 0.139091, 0.733531),
        (0.856081, 0.154545, 0.736358),
        (0.860556, 0.170000, 0.739481),
        (0.789630, 0.000000, 0.721481),
        (0.804246, 0.015455, 0.721630),
        (0.818452, 0.030909, 0.722077),
        (0.831869, 0.046364, 0.722820),
        (0.844185, 0.061818, 0.723862),
        (0.855174, 0.077273, 0.725200),
        (0.864719, 0.092727, 0.726837),
        (0.872821, 0.108182, 0.728771),
        (0.879597, 0.123636, 0.731002),
        (0.885270, 0.139091, 0.733531),
        (0.890155, 0.154545, 0.736358),
        (0.894630, 0.170000, 0.739481),
        (0.823704, 0.000000, 0.721481),
        (0.838320, 0.015455, 0.721630),
        (0.852526, 0.030909, 0.722077),
        (0.865944, 0.046364, 0.722820),
        (0.878259, 0.061818, 0.723862),
        (0.889248, 0.077273, 0.725200),
        (0.898793, 0.092727, 0.726837),
        (0.906895, 0.108182, 0.728771),
        (0.913671, 0.123636, 0.731002),
        (0.919344, 0.139091, 0.733531),
        (0.924229, 0.154545, 0.736358),
        (0.928704, 0.170000, 0.739481),
        (0.857778, 0.000000, 0.721481),
        (0.872394, 0.015455, 0.721630),
        (0.886600, 0.030909, 0.722077),
        (0.900018, 0.046364, 0.722820),
        (0.912333, 0.061818, 0.723862),
        (0.923322, 0.077273, 0.725200),
        (0.932867, 0.092727, 0.726837),
        (0.940969, 0.108182, 0.728771),
        (0.947745, 0.123636, 0.731002),
        (0.953418, 0.139091, 0.733531),
        (0.958304, 0.154545, 0.736358),
        (0.962778, 0.170000, 0.739481),
        (0.891852, 0.000000, 0.721481),
        (0.906468, 0.015455, 0.721630),
        (0.920674, 0.030909, 0.722077),
        (0.934092, 0.046364, 0.722820),
        (0.946407, 0.061818, 0.723862),
        (0.957396, 0.077273, 0.725200),
        (0.966941, 0.092727, 0.726837),
        (0.975043, 0.108182, 0.728771),
        (0.981819, 0.123636, 0.731002),
        (0.987492, 0.139091, 0.733531),
        (0.992378, 0.154545, 0.736358),
        (0.996852, 0.170000, 0.739481),
        (0.925926, 0.000000, 0.721481),
        (0.940543, 0.015455, 0.721630),
        (0.954748, 0.030909, 0.722077),
        (0.968166, 0.046364, 0.722820),
        (0.980481, 0.061818, 0.723862),
        (0.991470, 0.077273, 0.725200),
        (1.001015, 0.092727, 0.726837),
        (1.009117, 0.108182, 0.728771),
        (1.015893, 0.123636, 0.731002),
        (1.021567, 0.139091, 0.733531),
        (1.026452, 0.154545, 0.736358),
        (1.030926, 0.170000, 0.739481),
        (0.960000, 0.000000, 0.721481),
        (0.974617, 0.015455, 0.721630),
        (0.988822, 0.030909, 0.722077),
        (1.002240, 0.046364, 0.722820),
        (1.014555, 0.061818, 0.723862),
        (1.025544, 0.077273, 0.725200),
        (1.035090, 0.092727, 0.726837),
        (1.043192, 0.108182, 0.728771),
        (1.049967, 0.123636, 0.731002),
        (1.055641, 0.139091, 0.733531),
        (1.060526, 0.154545, 0.736358),
        (1.065000, 0.170000, 0.739481),
        (0.040000, 0.000000, 0.755556),
        (0.054617, 0.015455, 0.755704),
        (0.068822, 0.030909, 0.756151),
        (0.082240, 0.046364, 0.756894),
        (0.094555, 0.061818, 0.757936),
        (0.105544, 0.077273, 0.759275),
        (0.115090, 0.092727, 0.760911),
        (0.123192, 0.108182, 0.762845),
        (0.129967, 0.123636, 0.765076),
        (0.135641, 0.139091, 0.767605),
        (0.140526, 0.154545, 0.770432),
        (0.145000, 0.170000, 0.773556),
        (0.074074, 0.000000, 0.755556),
        (0.088691, 0.015455, 0.755704),
        (0.102897, 0.030909, 0.756151),
        (0.116314, 0.046364, 0.756894),
        (0.128629, 0.061818, 0.757936),
        (0.139618, 0.077273, 0.759275),
        (0.149164, 0.092727, 0.760911),
        (0.157266, 0.108182, 0.762845),
        (0.164041, 0.123636, 0.765076),
        (0.169715, 0.139091, 0.767605),
        (0.174600, 0.154545, 0.770432),
        (0.179074, 0.170000, 0.773556),
        (0.108148, 0.000000, 0.755556),
        (0.122765, 0.015455, 0.755704),
        (0.136971, 0.030909, 0.756151),
        (0.150388, 0.046364, 0.756894),
        (0.162703, 0.061818, 0.757936),
        (0.173692, 0.077273, 0.759275),
        (0.183238, 0.092727, 0.760911),
        (0.191340, 0.108182, 0.762845),
        (0.198115, 0.123636, 0.765076),
        (0.203789, 0.139091, 0.767605),
        (0.208674, 0.154545, 0.770432),
        (0.213148, 0.170000, 0.773556),
        (0.142222, 0.000000, 0.755556),
        (0.156839, 0.015455, 0.755704),
        (0.171045, 0.030909, 0.756151),
        (0.184462, 0.046364, 0.756894),
        (0.196777, 0.061818, 0.757936),
        (0.207766, 0.077273, 0.759275),
        (0.217312, 0.092727, 0.760911),
        (0.225414, 0.108182, 0.762845),
        (0.232189, 0.123636, 0.765076),
        (0.237863, 0.139091, 0.767605),
        (0.242748, 0.154545, 0.770432),
        (0.247222, 0.170000, 0.773556),
        (0.176296, 0.000000, 0.755556),
        (0.190913, 0.015455, 0.755704),
        (0.205119, 0.030909, 0.756151),
        (0.218536, 0.046364, 0.756894),
        (0.230851, 0.061818, 0.757936),
        (0.241840, 0.077273, 0.759275),
        (0.251386, 0.092727, 0.760911),
        (0.259488, 0.108182, 0.762845),
        (0.266263, 0.123636, 0.765076),
        (0.271937, 0.139091, 0.767605),
        (0.276822, 0.154545, 0.770432),
        (0.281296, 0.170000, 0.773556),
        (0.210370, 0.000000, 0.755556),
        (0.224987, 0.015455, 0.755704),
        (0.239193, 0.030909, 0.756151),
        (0.252610, 0.046364, 0.756894),
        (0.264926, 0.061818, 0.757936),
        (0.275914, 0.077273, 0.759275),
        (0.285460, 0.092727, 0.760911),
        (0.293562, 0.108182, 0.762845),
        (0.300337, 0.123636, 0.765076),
        (0.306011, 0.139091, 0.767605),
        (0.310896, 0.154545, 0.770432),
        (0.315370, 0.170000, 0.773556),
        (0.244444, 0.000000, 0.755556),
        (0.259061, 0.015455, 0.755704),
        (0.273267, 0.030909, 0.756151),
        (0.286684, 0.046364, 0.756894),
        (0.299000, 0.061818, 0.757936),
        (0.309989, 0.077273, 0.759275),
        (0.319534, 0.092727, 0.760911),
        (0.327636, 0.108182, 0.762845),
        (0.334412, 0.123636, 0.765076),
        (0.340085, 0.139091, 0.767605),
        (0.344970, 0.154545, 0.770432),
        (0.349444, 0.170000, 0.773556),
        (0.278519, 0.000000, 0.755556),
        (0.293135, 0.015455, 0.755704),
        (0.307341, 0.030909, 0.756151),
        (0.320758, 0.046364, 0.756894),
        (0.333074, 0.061818, 0.757936),
        (0.344063, 0.077273, 0.759275),
        (0.353608, 0.092727, 0.760911),
        (0.361710, 0.108182, 0.762845),
        (0.368486, 0.123636, 0.765076),
        (0.374159, 0.139091, 0.767605),
        (0.379044, 0.154545, 0.770432),
        (0.383519, 0.170000, 0.773556),
        (0.312593, 0.000000, 0.755556),
        (0.327209, 0.015455, 0.755704),
        (0.341415, 0.030909, 0.756151),
        (0.354832, 0.046364, 0.756894),
        (0.367148, 0.061818, 0.757936),
        (0.378137, 0.077273, 0.759275),
        (0.387682, 0.092727, 0.760911),
        (0.395784, 0.108182, 0.762845),
        (0.402560, 0.123636, 0.765076),
        (0.408233, 0.139091, 0.767605),
        (0.413118, 0.154545, 0.770432),
        (0.417593, 0.170000, 0.773556),
        (0.346667, 0.000000, 0.755556),
        (0.361283, 0.015455, 0.755704),
        (0.375489, 0.030909, 0.756151),
        (0.388907, 0.046364, 0.756894),
        (0.401222, 0.061818, 0.757936),
        (0.412211, 0.077273, 0.759275),
        (0.421756, 0.092727, 0.760911),
        (0.429858, 0.108182, 0.762845),
        (0.436634, 0.123636, 0.765076),
        (0.442307, 0.139091, 0.767605),
        (0.447192, 0.154545, 0.770432),
        (0.451667, 0.170000, 0.773556),
        (0.380741, 0.000000, 0.755556),
        (0.395357, 0.015455, 0.755704),
        (0.409563, 0.030909, 0.756151),
        (0.422981, 0.046364, 0.756894),
        (0.435296, 0.061818, 0.757936),
        (0.446285, 0.077273, 0.759275),
        (0.455830, 0.092727, 0.760911),
        (0.463932, 0.108182, 0.762845),
        (0.470708, 0.123636, 0.765076),
        (0.476381, 0.139091, 0.767605),
        (0.481266, 0.154545, 0.770432),
        (0.485741, 0.170000, 0.773556),
        (0.414815, 0.000000, 0.755556),
        (0.429431, 0.015455, 0.755704),
        (0.443637, 0.030909, 0.756151),
        (0.457055, 0.046364, 0.756894),
        (0.469370, 0.061818, 0.757936),
        (0.480359, 0.077273, 0.759275),
        (0.489904, 0.092727, 0.760911),
        (0.498006, 0.108182, 0.762845),
        (0.504782, 0.123636, 0.765076),
        (0.510455, 0.139091, 0.767605),
        (0.515341, 0.154545, 0.770432),
        (0.519815, 0.170000, 0.773556),
        (0.448889, 0.000000, 0.755556),
        (0.463506, 0.015455, 0.755704),
        (0.477711, 0.030909, 0.756151),
        (0.491129, 0.046364, 0.756894),
        (0.503444, 0.061818, 0.757936),
        (0.514433, 0.077273, 0.759275),
        (0.523978, 0.092727, 0.760911),
        (0.532080, 0.108182, 0.762845),
        (0.538856, 0.123636, 0.765076),
        (0.544530, 0.139091, 0.767605),
        (0.549415, 0.154545, 0.770432),
        (0.553889, 0.170000, 0.773556),
        (0.482963, 0.000000, 0.755556),
        (0.497580, 0.015455, 0.755704),
        (0.511785, 0.030909, 0.756151),
        (0.525203, 0.046364, 0.756894),
        (0.537518, 0.061818, 0.757936),
        (0.548507, 0.077273, 0.759275),
        (0.558052, 0.092727, 0.760911),
        (0.566155, 0.108182, 0.762845),
        (0.572930, 0.123636, 0.765076),
        (0.578604, 0.139091, 0.767605),
        (0.583489, 0.154545, 0.770432),
        (0.587963, 0.170000, 0.773556),
        (0.517037, 0.000000, 0.755556),
        (0.531654, 0.015455, 0.755704),
        (0.545859, 0.030909, 0.756151),
        (0.559277, 0.046364, 0.756894),
        (0.571592, 0.061818, 0.757936),
        (0.582581, 0.077273, 0.759275),
        (0.592127, 0.092727, 0.760911),
        (0.600229, 0.108182, 0.762845),
        (0.607004, 0.123636, 0.765076),
        (0.612678, 0.139091, 0.767605),
        (0.617563, 0.154545, 0.770432),
        (0.622037, 0.170000, 0.773556),
        (0.551111, 0.000000, 0.755556),
        (0.565728, 0.015455, 0.755704),
        (0.579934, 0.030909, 0.756151),
        (0.593351, 0.046364, 0.756894),
        (0.605666, 0.061818, 0.757936),
        (0.616655, 0.077273, 0.759275),
        (0.626201, 0.092727, 0.760911),
        (0.634303, 0.108182, 0.762845),
        (0.641078, 0.123636, 0.765076),
        (0.646752, 0.139091, 0.767605),
        (0.651637, 0.154545, 0.770432),
        (0.656111, 0.170000, 0.773556),
        (0.585185, 0.000000, 0.755556),
        (0.599802, 0.015455, 0.755704),
        (0.614008, 0.030909, 0.756151),
        (0.627425, 0.046364, 0.756894),
        (0.639740, 0.061818, 0.757936),
        (0.650729, 0.077273, 0.759275),
        (0.660275, 0.092727, 0.760911),
        (0.668377, 0.108182, 0.762845),
        (0.675152, 0.123636, 0.765076),
        (0.680826, 0.139091, 0.767605),
        (0.685711, 0.154545, 0.770432),
        (0.690185, 0.170000, 0.773556),
        (0.619259, 0.000000, 0.755556),
        (0.633876, 0.015455, 0.755704),
        (0.648082, 0.030909, 0.756151),
        (0.661499, 0.046364, 0.756894),
        (0.673814, 0.061818, 0.757936),
        (0.684803, 0.077273, 0.759275),
        (0.694349, 0.092727, 0.760911),
        (0.702451, 0.108182, 0.762845),
        (0.709226, 0.123636, 0.765076),
        (0.714900, 0.139091, 0.767605),
        (0.719785, 0.154545, 0.770432),
        (0.724259, 0.170000, 0.773556),
        (0.653333, 0.000000, 0.755556),
        (0.667950, 0.015455, 0.755704),
        (0.682156, 0.030909, 0.756151),
        (0.695573, 0.046364, 0.756894),
        (0.707889, 0.061818, 0.757936),
        (0.718877, 0.077273, 0.759275),
        (0.728423, 0.092727, 0.760911),
        (0.736525, 0.108182, 0.762845),
        (0.743300, 0.123636, 0.765076),
        (0.748974, 0.139091, 0.767605),
        (0.753859, 0.154545, 0.770432),
        (0.758333, 0.170000, 0.773556),
        (0.687407, 0.000000, 0.755556),
        (0.702024, 0.015455, 0.755704),
        (0.716230, 0.030909, 0.756151),
        (0.729647, 0.046364, 0.756894),
        (0.741963, 0.061818, 0.757936),
        (0.752951, 0.077273, 0.759275),
        (0.762497, 0.092727, 0.760911),
        (0.770599, 0.108182, 0.762845),
        (0.777375, 0.123636, 0.765076),
        (0.783048, 0.139091, 0.767605),
        (0.787933, 0.154545, 0.770432),
        (0.792407, 0.170000, 0.773556),
        (0.721481, 0.000000, 0.755556),
        (0.736098, 0.015455, 0.755704),
        (0.750304, 0.030909, 0.756151),
        (0.763721, 0.046364, 0.756894),
        (0.776037, 0.061818, 0.757936),
        (0.787026, 0.077273, 0.759275),
        (0.796571, 0.092727, 0.760911),
        (0.804673, 0.108182, 0.762845),
        (0.811449, 0.123636, 0.765076),
        (0.817122, 0.139091, 0.767605),
        (0.822007, 0.154545, 0.770432),
        (0.826481, 0.170000, 0.773556),
        (0.755556, 0.000000, 0.755556),
        (0.770172, 0.015455, 0.755704),
        (0.784378, 0.030909, 0.756151),
        (0.797795, 0.046364, 0.756894),
        (0.810111, 0.061818, 0.757936),
        (0.821100, 0.077273, 0.759275),
        (0.830645, 0.092727, 0.760911),
        (0.838747, 0.108182, 0.762845),
        (0.845523, 0.123636, 0.765076),
        (0.851196, 0.139091, 0.767605),
        (0.856081, 0.154545, 0.770432),
        (0.860556, 0.170000, 0.773556),
        (0.789630, 0.000000, 0.755556),
        (0.804246, 0.015455, 0.755704),
        (0.818452, 0.030909, 0.756151),
        (0.831869, 0.046364, 0.756894),
        (0.844185, 0.061818, 0.757936),
        (0.855174, 0.077273, 0.759275),
        (0.864719, 0.092727, 0.760911),
        (0.872821, 0.108182, 0.762845),
        (0.879597, 0.123636, 0.765076),
        (0.885270, 0.139091, 0.767605),
        (0.890155, 0.154545, 0.770432),
        (0.894630, 0.170000, 0.773556),
        (0.823704, 0.000000, 0.755556),
        (0.838320, 0.015455, 0.755704),
        (0.852526, 0.030909, 0.756151),
        (0.865944, 0.046364, 0.756894),
        (0.878259, 0.061818, 0.757936),
        (0.889248, 0.077273, 0.759275),
        (0.898793, 0.092727, 0.760911),
        (0.906895, 0.108182, 0.762845),
        (0.913671, 0.123636, 0.765076),
        (0.919344, 0.139091, 0.767605),
        (0.924229, 0.154545, 0.770432),
        (0.928704, 0.170000, 0.773556),
        (0.857778, 0.000000, 0.755556),
        (0.872394, 0.015455, 0.755704),
        (0.886600, 0.030909, 0.756151),
        (0.900018, 0.046364, 0.756894),
        (0.912333, 0.061818, 0.757936),
        (0.923322, 0.077273, 0.759275),
        (0.932867, 0.092727, 0.760911),
        (0.940969, 0.108182, 0.762845),
        (0.947745, 0.123636, 0.765076),
        (0.953418, 0.139091, 0.767605),
        (0.958304, 0.154545, 0.770432),
        (0.962778, 0.170000, 0.773556),
        (0.891852, 0.000000, 0.755556),
        (0.906468, 0.015455, 0.755704),
        (0.920674, 0.030909, 0.756151),
        (0.934092, 0.046364, 0.756894),
        (0.946407, 0.061818, 0.757936),
        (0.957396, 0.077273, 0.759275),
        (0.966941, 0.092727, 0.760911),
        (0.975043, 0.108182, 0.762845),
        (0.981819, 0.123636, 0.765076),
        (0.987492, 0.139091, 0.767605),
        (0.992378, 0.154545, 0.770432),
        (0.996852, 0.170000, 0.773556),
        (0.925926, 0.000000, 0.755556),
        (0.940543, 0.015455, 0.755704),
        (0.954748, 0.030909, 0.756151),
        (0.968166, 0.046364, 0.756894),
        (0.980481, 0.061818, 0.757936),
        (0.991470, 0.077273, 0.759275),
        (1.001015, 0.092727, 0.760911),
        (1.009117, 0.108182, 0.762845),
        (1.015893, 0.123636, 0.765076),
        (1.021567, 0.139091, 0.767605),
        (1.026452, 0.154545, 0.770432),
        (1.030926, 0.170000, 0.773556),
        (0.960000, 0.000000, 0.755556),
        (0.974617, 0.015455, 0.755704),
        (0.988822, 0.030909, 0.756151),
        (1.002240, 0.046364, 0.756894),
        (1.014555, 0.061818, 0.757936),
        (1.025544, 0.077273, 0.759275),
        (1.035090, 0.092727, 0.760911),
        (1.043192, 0.108182, 0.762845),
        (1.049967, 0.123636, 0.765076),
        (1.055641, 0.139091, 0.767605),
        (1.060526, 0.154545, 0.770432),
        (1.065000, 0.170000, 0.773556),
        (0.040000, 0.000000, 0.789630),
        (0.054617, 0.015455, 0.789778),
        (0.068822, 0.030909, 0.790225),
        (0.082240, 0.046364, 0.790968),
        (0.094555, 0.061818, 0.792010),
        (0.105544, 0.077273, 0.793349),
        (0.115090, 0.092727, 0.794985),
        (0.123192, 0.108182, 0.796919),
        (0.129967, 0.123636, 0.799150),
        (0.135641, 0.139091, 0.801679),
        (0.140526, 0.154545, 0.804506),
        (0.145000, 0.170000, 0.807630),
        (0.074074, 0.000000, 0.789630),
        (0.088691, 0.015455, 0.789778),
        (0.102897, 0.030909, 0.790225),
        (0.116314, 0.046364, 0.790968),
        (0.128629, 0.061818, 0.792010),
        (0.139618, 0.077273, 0.793349),
        (0.149164, 0.092727, 0.794985),
        (0.157266, 0.108182, 0.796919),
        (0.164041, 0.123636, 0.799150),
        (0.169715, 0.139091, 0.801679),
        (0.174600, 0.154545, 0.804506),
        (0.179074, 0.170000, 0.807630),
        (0.108148, 0.000000, 0.789630),
        (0.122765, 0.015455, 0.789778),
        (0.136971, 0.030909, 0.790225),
        (0.150388, 0.046364, 0.790968),
        (0.162703, 0.061818, 0.792010),
        (0.173692, 0.077273, 0.793349),
        (0.183238, 0.092727, 0.794985),
        (0.191340, 0.108182, 0.796919),
        (0.198115, 0.123636, 0.799150),
        (0.203789, 0.139091, 0.801679),
        (0.208674, 0.154545, 0.804506),
        (0.213148, 0.170000, 0.807630),
        (0.142222, 0.000000, 0.789630),
        (0.156839, 0.015455, 0.789778),
        (0.171045, 0.030909, 0.790225),
        (0.184462, 0.046364, 0.790968),
        (0.196777, 0.061818, 0.792010),
        (0.207766, 0.077273, 0.793349),
        (0.217312, 0.092727, 0.794985),
        (0.225414, 0.108182, 0.796919),
        (0.232189, 0.123636, 0.799150),
        (0.237863, 0.139091, 0.801679),
        (0.242748, 0.154545, 0.804506),
        (0.247222, 0.170000, 0.807630),
        (0.176296, 0.000000, 0.789630),
        (0.190913, 0.015455, 0.789778),
        (0.205119, 0.030909, 0.790225),
        (0.218536, 0.046364, 0.790968),
        (0.230851, 0.061818, 0.792010),
        (0.241840, 0.077273, 0.793349),
        (0.251386, 0.092727, 0.794985),
        (0.259488, 0.108182, 0.796919),
        (0.266263, 0.123636, 0.799150),
        (0.271937, 0.139091, 0.801679),
        (0.276822, 0.154545, 0.804506),
        (0.281296, 0.170000, 0.807630),
        (0.210370, 0.000000, 0.789630),
        (0.224987, 0.015455, 0.789778),
        (0.239193, 0.030909, 0.790225),
        (0.252610, 0.046364, 0.790968),
        (0.264926, 0.061818, 0.792010),
        (0.275914, 0.077273, 0.793349),
        (0.285460, 0.092727, 0.794985),
        (0.293562, 0.108182, 0.796919),
        (0.300337, 0.123636, 0.799150),
        (0.306011, 0.139091, 0.801679),
        (0.310896, 0.154545, 0.804506),
        (0.315370, 0.170000, 0.807630),
        (0.244444, 0.000000, 0.789630),
        (0.259061, 0.015455, 0.789778),
        (0.273267, 0.030909, 0.790225),
        (0.286684, 0.046364, 0.790968),
        (0.299000, 0.061818, 0.792010),
        (0.309989, 0.077273, 0.793349),
        (0.319534, 0.092727, 0.794985),
        (0.327636, 0.108182, 0.796919),
        (0.334412, 0.123636, 0.799150),
        (0.340085, 0.139091, 0.801679),
        (0.344970, 0.154545, 0.804506),
        (0.349444, 0.170000, 0.807630),
        (0.278519, 0.000000, 0.789630),
        (0.293135, 0.015455, 0.789778),
        (0.307341, 0.030909, 0.790225),
        (0.320758, 0.046364, 0.790968),
        (0.333074, 0.061818, 0.792010),
        (0.344063, 0.077273, 0.793349),
        (0.353608, 0.092727, 0.794985),
        (0.361710, 0.108182, 0.796919),
        (0.368486, 0.123636, 0.799150),
        (0.374159, 0.139091, 0.801679),
        (0.379044, 0.154545, 0.804506),
        (0.383519, 0.170000, 0.807630),
        (0.312593, 0.000000, 0.789630),
        (0.327209, 0.015455, 0.789778),
        (0.341415, 0.030909, 0.790225),
        (0.354832, 0.046364, 0.790968),
        (0.367148, 0.061818, 0.792010),
        (0.378137, 0.077273, 0.793349),
        (0.387682, 0.092727, 0.794985),
        (0.395784, 0.108182, 0.796919),
        (0.402560, 0.123636, 0.799150),
        (0.408233, 0.139091, 0.801679),
        (0.413118, 0.154545, 0.804506),
        (0.417593, 0.170000, 0.807630),
        (0.346667, 0.000000, 0.789630),
        (0.361283, 0.015455, 0.789778),
        (0.375489, 0.030909, 0.790225),
        (0.388907, 0.046364, 0.790968),
        (0.401222, 0.061818, 0.792010),
        (0.412211, 0.077273, 0.793349),
        (0.421756, 0.092727, 0.794985),
        (0.429858, 0.108182, 0.796919),
        (0.436634, 0.123636, 0.799150),
        (0.442307, 0.139091, 0.801679),
        (0.447192, 0.154545, 0.804506),
        (0.451667, 0.170000, 0.807630),
        (0.380741, 0.000000, 0.789630),
        (0.395357, 0.015455, 0.789778),
        (0.409563, 0.030909, 0.790225),
        (0.422981, 0.046364, 0.790968),
        (0.435296, 0.061818, 0.792010),
        (0.446285, 0.077273, 0.793349),
        (0.455830, 0.092727, 0.794985),
        (0.463932, 0.108182, 0.796919),
        (0.470708, 0.123636, 0.799150),
        (0.476381, 0.139091, 0.801679),
        (0.481266, 0.154545, 0.804506),
        (0.485741, 0.170000, 0.807630),
        (0.414815, 0.000000, 0.789630),
        (0.429431, 0.015455, 0.789778),
        (0.443637, 0.030909, 0.790225),
        (0.457055, 0.046364, 0.790968),
        (0.469370, 0.061818, 0.792010),
        (0.480359, 0.077273, 0.793349),
        (0.489904, 0.092727, 0.794985),
        (0.498006, 0.108182, 0.796919),
        (0.504782, 0.123636, 0.799150),
        (0.510455, 0.139091, 0.801679),
        (0.515341, 0.154545, 0.804506),
        (0.519815, 0.170000, 0.807630),
        (0.448889, 0.000000, 0.789630),
        (0.463506, 0.015455, 0.789778),
        (0.477711, 0.030909, 0.790225),
        (0.491129, 0.046364, 0.790968),
        (0.503444, 0.061818, 0.792010),
        (0.514433, 0.077273, 0.793349),
        (0.523978, 0.092727, 0.794985),
        (0.532080, 0.108182, 0.796919),
        (0.538856, 0.123636, 0.799150),
        (0.544530, 0.139091, 0.801679),
        (0.549415, 0.154545, 0.804506),
        (0.553889, 0.170000, 0.807630),
        (0.482963, 0.000000, 0.789630),
        (0.497580, 0.015455, 0.789778),
        (0.511785, 0.030909, 0.790225),
        (0.525203, 0.046364, 0.790968),
        (0.537518, 0.061818, 0.792010),
        (0.548507, 0.077273, 0.793349),
        (0.558052, 0.092727, 0.794985),
        (0.566155, 0.108182, 0.796919),
        (0.572930, 0.123636, 0.799150),
        (0.578604, 0.139091, 0.801679),
        (0.583489, 0.154545, 0.804506),
        (0.587963, 0.170000, 0.807630),
        (0.517037, 0.000000, 0.789630),
        (0.531654, 0.015455, 0.789778),
        (0.545859, 0.030909, 0.790225),
        (0.559277, 0.046364, 0.790968),
        (0.571592, 0.061818, 0.792010),
        (0.582581, 0.077273, 0.793349),
        (0.592127, 0.092727, 0.794985),
        (0.600229, 0.108182, 0.796919),
        (0.607004, 0.123636, 0.799150),
        (0.612678, 0.139091, 0.801679),
        (0.617563, 0.154545, 0.804506),
        (0.622037, 0.170000, 0.807630),
        (0.551111, 0.000000, 0.789630),
        (0.565728, 0.015455, 0.789778),
        (0.579934, 0.030909, 0.790225),
        (0.593351, 0.046364, 0.790968),
        (0.605666, 0.061818, 0.792010),
        (0.616655, 0.077273, 0.793349),
        (0.626201, 0.092727, 0.794985),
        (0.634303, 0.108182, 0.796919),
        (0.641078, 0.123636, 0.799150),
        (0.646752, 0.139091, 0.801679),
        (0.651637, 0.154545, 0.804506),
        (0.656111, 0.170000, 0.807630),
        (0.585185, 0.000000, 0.789630),
        (0.599802, 0.015455, 0.789778),
        (0.614008, 0.030909, 0.790225),
        (0.627425, 0.046364, 0.790968),
        (0.639740, 0.061818, 0.792010),
        (0.650729, 0.077273, 0.793349),
        (0.660275, 0.092727, 0.794985),
        (0.668377, 0.108182, 0.796919),
        (0.675152, 0.123636, 0.799150),
        (0.680826, 0.139091, 0.801679),
        (0.685711, 0.154545, 0.804506),
        (0.690185, 0.170000, 0.807630),
        (0.619259, 0.000000, 0.789630),
        (0.633876, 0.015455, 0.789778),
        (0.648082, 0.030909, 0.790225),
        (0.661499, 0.046364, 0.790968),
        (0.673814, 0.061818, 0.792010),
        (0.684803, 0.077273, 0.793349),
        (0.694349, 0.092727, 0.794985),
        (0.702451, 0.108182, 0.796919),
        (0.709226, 0.123636, 0.799150),
        (0.714900, 0.139091, 0.801679),
        (0.719785, 0.154545, 0.804506),
        (0.724259, 0.170000, 0.807630),
        (0.653333, 0.000000, 0.789630),
        (0.667950, 0.015455, 0.789778),
        (0.682156, 0.030909, 0.790225),
        (0.695573, 0.046364, 0.790968),
        (0.707889, 0.061818, 0.792010),
        (0.718877, 0.077273, 0.793349),
        (0.728423, 0.092727, 0.794985),
        (0.736525, 0.108182, 0.796919),
        (0.743300, 0.123636, 0.799150),
        (0.748974, 0.139091, 0.801679),
        (0.753859, 0.154545, 0.804506),
        (0.758333, 0.170000, 0.807630),
        (0.687407, 0.000000, 0.789630),
        (0.702024, 0.015455, 0.789778),
        (0.716230, 0.030909, 0.790225),
        (0.729647, 0.046364, 0.790968),
        (0.741963, 0.061818, 0.792010),
        (0.752951, 0.077273, 0.793349),
        (0.762497, 0.092727, 0.794985),
        (0.770599, 0.108182, 0.796919),
        (0.777375, 0.123636, 0.799150),
        (0.783048, 0.139091, 0.801679),
        (0.787933, 0.154545, 0.804506),
        (0.792407, 0.170000, 0.807630),
        (0.721481, 0.000000, 0.789630),
        (0.736098, 0.015455, 0.789778),
        (0.750304, 0.030909, 0.790225),
        (0.763721, 0.046364, 0.790968),
        (0.776037, 0.061818, 0.792010),
        (0.787026, 0.077273, 0.793349),
        (0.796571, 0.092727, 0.794985),
        (0.804673, 0.108182, 0.796919),
        (0.811449, 0.123636, 0.799150),
        (0.817122, 0.139091, 0.801679),
        (0.822007, 0.154545, 0.804506),
        (0.826481, 0.170000, 0.807630),
        (0.755556, 0.000000, 0.789630),
        (0.770172, 0.015455, 0.789778),
        (0.784378, 0.030909, 0.790225),
        (0.797795, 0.046364, 0.790968),
        (0.810111, 0.061818, 0.792010),
        (0.821100, 0.077273, 0.793349),
        (0.830645, 0.092727, 0.794985),
        (0.838747, 0.108182, 0.796919),
        (0.845523, 0.123636, 0.799150),
        (0.851196, 0.139091, 0.801679),
        (0.856081, 0.154545, 0.804506),
        (0.860556, 0.170000, 0.807630),
        (0.789630, 0.000000, 0.789630),
        (0.804246, 0.015455, 0.789778),
        (0.818452, 0.030909, 0.790225),
        (0.831869, 0.046364, 0.790968),
        (0.844185, 0.061818, 0.792010),
        (0.855174, 0.077273, 0.793349),
        (0.864719, 0.092727, 0.794985),
        (0.872821, 0.108182, 0.796919),
        (0.879597, 0.123636, 0.799150),
        (0.885270, 0.139091, 0.801679),
        (0.890155, 0.154545, 0.804506),
        (0.894630, 0.170000, 0.807630),
        (0.823704, 0.000000, 0.789630),
        (0.838320, 0.015455, 0.789778),
        (0.852526, 0.030909, 0.790225),
        (0.865944, 0.046364, 0.790968),
        (0.878259, 0.061818, 0.792010),
        (0.889248, 0.077273, 0.793349),
        (0.898793, 0.092727, 0.794985),
        (0.906895, 0.108182, 0.796919),
        (0.913671, 0.123636, 0.799150),
        (0.919344, 0.139091, 0.801679),
        (0.924229, 0.154545, 0.804506),
        (0.928704, 0.170000, 0.807630),
        (0.857778, 0.000000, 0.789630),
        (0.872394, 0.015455, 0.789778),
        (0.886600, 0.030909, 0.790225),
        (0.900018, 0.046364, 0.790968),
        (0.912333, 0.061818, 0.792010),
        (0.923322, 0.077273, 0.793349),
        (0.932867, 0.092727, 0.794985),
        (0.940969, 0.108182, 0.796919),
        (0.947745, 0.123636, 0.799150),
        (0.953418, 0.139091, 0.801679),
        (0.958304, 0.154545, 0.804506),
        (0.962778, 0.170000, 0.807630),
        (0.891852, 0.000000, 0.789630),
        (0.906468, 0.015455, 0.789778),
        (0.920674, 0.030909, 0.790225),
        (0.934092, 0.046364, 0.790968),
        (0.946407, 0.061818, 0.792010),
        (0.957396, 0.077273, 0.793349),
        (0.966941, 0.092727, 0.794985),
        (0.975043, 0.108182, 0.796919),
        (0.981819, 0.123636, 0.799150),
        (0.987492, 0.139091, 0.801679),
        (0.992378, 0.154545, 0.804506),
        (0.996852, 0.170000, 0.807630),
        (0.925926, 0.000000, 0.789630),
        (0.940543, 0.015455, 0.789778),
        (0.954748, 0.030909, 0.790225),
        (0.968166, 0.046364, 0.790968),
        (0.980481, 0.061818, 0.792010),
        (0.991470, 0.077273, 0.793349),
        (1.001015, 0.092727, 0.794985),
        (1.009117, 0.108182, 0.796919),
        (1.015893, 0.123636, 0.799150),
        (1.021567, 0.139091, 0.801679),
        (1.026452, 0.154545, 0.804506),
        (1.030926, 0.170000, 0.807630),
        (0.960000, 0.000000, 0.789630),
        (0.974617, 0.015455, 0.789778),
        (0.988822, 0.030909, 0.790225),
        (1.002240, 0.046364, 0.790968),
        (1.014555, 0.061818, 0.792010),
        (1.025544, 0.077273, 0.793349),
        (1.035090, 0.092727, 0.794985),
        (1.043192, 0.108182, 0.796919),
        (1.049967, 0.123636, 0.799150),
        (1.055641, 0.139091, 0.801679),
        (1.060526, 0.154545, 0.804506),
        (1.065000, 0.170000, 0.807630),
        (0.040000, 0.000000, 0.823704),
        (0.054617, 0.015455, 0.823852),
        (0.068822, 0.030909, 0.824299),
        (0.082240, 0.046364, 0.825043),
        (0.094555, 0.061818, 0.826084),
        (0.105544, 0.077273, 0.827423),
        (0.115090, 0.092727, 0.829059),
        (0.123192, 0.108182, 0.830993),
        (0.129967, 0.123636, 0.833224),
        (0.135641, 0.139091, 0.835753),
        (0.140526, 0.154545, 0.838580),
        (0.145000, 0.170000, 0.841704),
        (0.074074, 0.000000, 0.823704),
        (0.088691, 0.015455, 0.823852),
        (0.102897, 0.030909, 0.824299),
        (0.116314, 0.046364, 0.825043),
        (0.128629, 0.061818, 0.826084),
        (0.139618, 0.077273, 0.827423),
        (0.149164, 0.092727, 0.829059),
        (0.157266, 0.108182, 0.830993),
        (0.164041, 0.123636, 0.833224),
        (0.169715, 0.139091, 0.835753),
        (0.174600, 0.154545, 0.838580),
        (0.179074, 0.170000, 0.841704),
        (0.108148, 0.000000, 0.823704),
        (0.122765, 0.015455, 0.823852),
        (0.136971, 0.030909, 0.824299),
        (0.150388, 0.046364, 0.825043),
        (0.162703, 0.061818, 0.826084),
        (0.173692, 0.077273, 0.827423),
        (0.183238, 0.092727, 0.829059),
        (0.191340, 0.108182, 0.830993),
        (0.198115, 0.123636, 0.833224),
        (0.203789, 0.139091, 0.835753),
        (0.208674, 0.154545, 0.838580),
        (0.213148, 0.170000, 0.841704),
        (0.142222, 0.000000, 0.823704),
        (0.156839, 0.015455, 0.823852),
        (0.171045, 0.030909, 0.824299),
        (0.184462, 0.046364, 0.825043),
        (0.196777, 0.061818, 0.826084),
        (0.207766, 0.077273, 0.827423),
        (0.217312, 0.092727, 0.829059),
        (0.225414, 0.108182, 0.830993),
        (0.232189, 0.123636, 0.833224),
        (0.237863, 0.139091, 0.835753),
        (0.242748, 0.154545, 0.838580),
        (0.247222, 0.170000, 0.841704),
        (0.176296, 0.000000, 0.823704),
        (0.190913, 0.015455, 0.823852),
        (0.205119, 0.030909, 0.824299),
        (0.218536, 0.046364, 0.825043),
        (0.230851, 0.061818, 0.826084),
        (0.241840, 0.077273, 0.827423),
        (0.251386, 0.092727, 0.829059),
        (0.259488, 0.108182, 0.830993),
        (0.266263, 0.123636, 0.833224),
        (0.271937, 0.139091, 0.835753),
        (0.276822, 0.154545, 0.838580),
        (0.281296, 0.170000, 0.841704),
        (0.210370, 0.000000, 0.823704),
        (0.224987, 0.015455, 0.823852),
        (0.239193, 0.030909, 0.824299),
        (0.252610, 0.046364, 0.825043),
        (0.264926, 0.061818, 0.826084),
        (0.275914, 0.077273, 0.827423),
        (0.285460, 0.092727, 0.829059),
        (0.293562, 0.108182, 0.830993),
        (0.300337, 0.123636, 0.833224),
        (0.306011, 0.139091, 0.835753),
        (0.310896, 0.154545, 0.838580),
        (0.315370, 0.170000, 0.841704),
        (0.244444, 0.000000, 0.823704),
        (0.259061, 0.015455, 0.823852),
        (0.273267, 0.030909, 0.824299),
        (0.286684, 0.046364, 0.825043),
        (0.299000, 0.061818, 0.826084),
        (0.309989, 0.077273, 0.827423),
        (0.319534, 0.092727, 0.829059),
        (0.327636, 0.108182, 0.830993),
        (0.334412, 0.123636, 0.833224),
        (0.340085, 0.139091, 0.835753),
        (0.344970, 0.154545, 0.838580),
        (0.349444, 0.170000, 0.841704),
        (0.278519, 0.000000, 0.823704),
        (0.293135, 0.015455, 0.823852),
        (0.307341, 0.030909, 0.824299),
        (0.320758, 0.046364, 0.825043),
        (0.333074, 0.061818, 0.826084),
        (0.344063, 0.077273, 0.827423),
        (0.353608, 0.092727, 0.829059),
        (0.361710, 0.108182, 0.830993),
        (0.368486, 0.123636, 0.833224),
        (0.374159, 0.139091, 0.835753),
        (0.379044, 0.154545, 0.838580),
        (0.383519, 0.170000, 0.841704),
        (0.312593, 0.000000, 0.823704),
        (0.327209, 0.015455, 0.823852),
        (0.341415, 0.030909, 0.824299),
        (0.354832, 0.046364, 0.825043),
        (0.367148, 0.061818, 0.826084),
        (0.378137, 0.077273, 0.827423),
        (0.387682, 0.092727, 0.829059),
        (0.395784, 0.108182, 0.830993),
        (0.402560, 0.123636, 0.833224),
        (0.408233, 0.139091, 0.835753),
        (0.413118, 0.154545, 0.838580),
        (0.417593, 0.170000, 0.841704),
        (0.346667, 0.000000, 0.823704),
        (0.361283, 0.015455, 0.823852),
        (0.375489, 0.030909, 0.824299),
        (0.388907, 0.046364, 0.825043),
        (0.401222, 0.061818, 0.826084),
        (0.412211, 0.077273, 0.827423),
        (0.421756, 0.092727, 0.829059),
        (0.429858, 0.108182, 0.830993),
        (0.436634, 0.123636, 0.833224),
        (0.442307, 0.139091, 0.835753),
        (0.447192, 0.154545, 0.838580),
        (0.451667, 0.170000, 0.841704),
        (0.380741, 0.000000, 0.823704),
        (0.395357, 0.015455, 0.823852),
        (0.409563, 0.030909, 0.824299),
        (0.422981, 0.046364, 0.825043),
        (0.435296, 0.061818, 0.826084),
        (0.446285, 0.077273, 0.827423),
        (0.455830, 0.092727, 0.829059),
        (0.463932, 0.108182, 0.830993),
        (0.470708, 0.123636, 0.833224),
        (0.476381, 0.139091, 0.835753),
        (0.481266, 0.154545, 0.838580),
        (0.485741, 0.170000, 0.841704),
        (0.414815, 0.000000, 0.823704),
        (0.429431, 0.015455, 0.823852),
        (0.443637, 0.030909, 0.824299),
        (0.457055, 0.046364, 0.825043),
        (0.469370, 0.061818, 0.826084),
        (0.480359, 0.077273, 0.827423),
        (0.489904, 0.092727, 0.829059),
        (0.498006, 0.108182, 0.830993),
        (0.504782, 0.123636, 0.833224),
        (0.510455, 0.139091, 0.835753),
        (0.515341, 0.154545, 0.838580),
        (0.519815, 0.170000, 0.841704),
        (0.448889, 0.000000, 0.823704),
        (0.463506, 0.015455, 0.823852),
        (0.477711, 0.030909, 0.824299),
        (0.491129, 0.046364, 0.825043),
        (0.503444, 0.061818, 0.826084),
        (0.514433, 0.077273, 0.827423),
        (0.523978, 0.092727, 0.829059),
        (0.532080, 0.108182, 0.830993),
        (0.538856, 0.123636, 0.833224),
        (0.544530, 0.139091, 0.835753),
        (0.549415, 0.154545, 0.838580),
        (0.553889, 0.170000, 0.841704),
        (0.482963, 0.000000, 0.823704),
        (0.497580, 0.015455, 0.823852),
        (0.511785, 0.030909, 0.824299),
        (0.525203, 0.046364, 0.825043),
        (0.537518, 0.061818, 0.826084),
        (0.548507, 0.077273, 0.827423),
        (0.558052, 0.092727, 0.829059),
        (0.566155, 0.108182, 0.830993),
        (0.572930, 0.123636, 0.833224),
        (0.578604, 0.139091, 0.835753),
        (0.583489, 0.154545, 0.838580),
        (0.587963, 0.170000, 0.841704),
        (0.517037, 0.000000, 0.823704),
        (0.531654, 0.015455, 0.823852),
        (0.545859, 0.030909, 0.824299),
        (0.559277, 0.046364, 0.825043),
        (0.571592, 0.061818, 0.826084),
        (0.582581, 0.077273, 0.827423),
        (0.592127, 0.092727, 0.829059),
        (0.600229, 0.108182, 0.830993),
        (0.607004, 0.123636, 0.833224),
        (0.612678, 0.139091, 0.835753),
        (0.617563, 0.154545, 0.838580),
        (0.622037, 0.170000, 0.841704),
        (0.551111, 0.000000, 0.823704),
        (0.565728, 0.015455, 0.823852),
        (0.579934, 0.030909, 0.824299),
        (0.593351, 0.046364, 0.825043),
        (0.605666, 0.061818, 0.826084),
        (0.616655, 0.077273, 0.827423),
        (0.626201, 0.092727, 0.829059),
        (0.634303, 0.108182, 0.830993),
        (0.641078, 0.123636, 0.833224),
        (0.646752, 0.139091, 0.835753),
        (0.651637, 0.154545, 0.838580),
        (0.656111, 0.170000, 0.841704),
        (0.585185, 0.000000, 0.823704),
        (0.599802, 0.015455, 0.823852),
        (0.614008, 0.030909, 0.824299),
        (0.627425, 0.046364, 0.825043),
        (0.639740, 0.061818, 0.826084),
        (0.650729, 0.077273, 0.827423),
        (0.660275, 0.092727, 0.829059),
        (0.668377, 0.108182, 0.830993),
        (0.675152, 0.123636, 0.833224),
        (0.680826, 0.139091, 0.835753),
        (0.685711, 0.154545, 0.838580),
        (0.690185, 0.170000, 0.841704),
        (0.619259, 0.000000, 0.823704),
        (0.633876, 0.015455, 0.823852),
        (0.648082, 0.030909, 0.824299),
        (0.661499, 0.046364, 0.825043),
        (0.673814, 0.061818, 0.826084),
        (0.684803, 0.077273, 0.827423),
        (0.694349, 0.092727, 0.829059),
        (0.702451, 0.108182, 0.830993),
        (0.709226, 0.123636, 0.833224),
        (0.714900, 0.139091, 0.835753),
        (0.719785, 0.154545, 0.838580),
        (0.724259, 0.170000, 0.841704),
        (0.653333, 0.000000, 0.823704),
        (0.667950, 0.015455, 0.823852),
        (0.682156, 0.030909, 0.824299),
        (0.695573, 0.046364, 0.825043),
        (0.707889, 0.061818, 0.826084),
        (0.718877, 0.077273, 0.827423),
        (0.728423, 0.092727, 0.829059),
        (0.736525, 0.108182, 0.830993),
        (0.743300, 0.123636, 0.833224),
        (0.748974, 0.139091, 0.835753),
        (0.753859, 0.154545, 0.838580),
        (0.758333, 0.170000, 0.841704),
        (0.687407, 0.000000, 0.823704),
        (0.702024, 0.015455, 0.823852),
        (0.716230, 0.030909, 0.824299),
        (0.729647, 0.046364, 0.825043),
        (0.741963, 0.061818, 0.826084),
        (0.752951, 0.077273, 0.827423),
        (0.762497, 0.092727, 0.829059),
        (0.770599, 0.108182, 0.830993),
        (0.777375, 0.123636, 0.833224),
        (0.783048, 0.139091, 0.835753),
        (0.787933, 0.154545, 0.838580),
        (0.792407, 0.170000, 0.841704),
        (0.721481, 0.000000, 0.823704),
        (0.736098, 0.015455, 0.823852),
        (0.750304, 0.030909, 0.824299),
        (0.763721, 0.046364, 0.825043),
        (0.776037, 0.061818, 0.826084),
        (0.787026, 0.077273, 0.827423),
        (0.796571, 0.092727, 0.829059),
        (0.804673, 0.108182, 0.830993),
        (0.811449, 0.123636, 0.833224),
        (0.817122, 0.139091, 0.835753),
        (0.822007, 0.154545, 0.838580),
        (0.826481, 0.170000, 0.841704),
        (0.755556, 0.000000, 0.823704),
        (0.770172, 0.015455, 0.823852),
        (0.784378, 0.030909, 0.824299),
        (0.797795, 0.046364, 0.825043),
        (0.810111, 0.061818, 0.826084),
        (0.821100, 0.077273, 0.827423),
        (0.830645, 0.092727, 0.829059),
        (0.838747, 0.108182, 0.830993),
        (0.845523, 0.123636, 0.833224),
        (0.851196, 0.139091, 0.835753),
        (0.856081, 0.154545, 0.838580),
        (0.860556, 0.170000, 0.841704),
        (0.789630, 0.000000, 0.823704),
        (0.804246, 0.015455, 0.823852),
        (0.818452, 0.030909, 0.824299),
        (0.831869, 0.046364, 0.825043),
        (0.844185, 0.061818, 0.826084),
        (0.855174, 0.077273, 0.827423),
        (0.864719, 0.092727, 0.829059),
        (0.872821, 0.108182, 0.830993),
        (0.879597, 0.123636, 0.833224),
        (0.885270, 0.139091, 0.835753),
        (0.890155, 0.154545, 0.838580),
        (0.894630, 0.170000, 0.841704),
        (0.823704, 0.000000, 0.823704),
        (0.838320, 0.015455, 0.823852),
        (0.852526, 0.030909, 0.824299),
        (0.865944, 0.046364, 0.825043),
        (0.878259, 0.061818, 0.826084),
        (0.889248, 0.077273, 0.827423),
        (0.898793, 0.092727, 0.829059),
        (0.906895, 0.108182, 0.830993),
        (0.913671, 0.123636, 0.833224),
        (0.919344, 0.139091, 0.835753),
        (0.924229, 0.154545, 0.838580),
        (0.928704, 0.170000, 0.841704),
        (0.857778, 0.000000, 0.823704),
        (0.872394, 0.015455, 0.823852),
        (0.886600, 0.030909, 0.824299),
        (0.900018, 0.046364, 0.825043),
        (0.912333, 0.061818, 0.826084),
        (0.923322, 0.077273, 0.827423),
        (0.932867, 0.092727, 0.829059),
        (0.940969, 0.108182, 0.830993),
        (0.947745, 0.123636, 0.833224),
        (0.953418, 0.139091, 0.835753),
        (0.958304, 0.154545, 0.838580),
        (0.962778, 0.170000, 0.841704),
        (0.891852, 0.000000, 0.823704),
        (0.906468, 0.015455, 0.823852),
        (0.920674, 0.030909, 0.824299),
        (0.934092, 0.046364, 0.825043),
        (0.946407, 0.061818, 0.826084),
        (0.957396, 0.077273, 0.827423),
        (0.966941, 0.092727, 0.829059),
        (0.975043, 0.108182, 0.830993),
        (0.981819, 0.123636, 0.833224),
        (0.987492, 0.139091, 0.835753),
        (0.992378, 0.154545, 0.838580),
        (0.996852, 0.170000, 0.841704),
        (0.925926, 0.000000, 0.823704),
        (0.940543, 0.015455, 0.823852),
        (0.954748, 0.030909, 0.824299),
        (0.968166, 0.046364, 0.825043),
        (0.980481, 0.061818, 0.826084),
        (0.991470, 0.077273, 0.827423),
        (1.001015, 0.092727, 0.829059),
        (1.009117, 0.108182, 0.830993),
        (1.015893, 0.123636, 0.833224),
        (1.021567, 0.139091, 0.835753),
        (1.026452, 0.154545, 0.838580),
        (1.030926, 0.170000, 0.841704),
        (0.960000, 0.000000, 0.823704),
        (0.974617, 0.015455, 0.823852),
        (0.988822, 0.030909, 0.824299),
        (1.002240, 0.046364, 0.825043),
        (1.014555, 0.061818, 0.826084),
        (1.025544, 0.077273, 0.827423),
        (1.035090, 0.092727, 0.829059),
        (1.043192, 0.108182, 0.830993),
        (1.049967, 0.123636, 0.833224),
        (1.055641, 0.139091, 0.835753),
        (1.060526, 0.154545, 0.838580),
        (1.065000, 0.170000, 0.841704),
        (0.040000, 0.000000, 0.857778),
        (0.054617, 0.015455, 0.857927),
        (0.068822, 0.030909, 0.858373),
        (0.082240, 0.046364, 0.859117),
        (0.094555, 0.061818, 0.860158),
        (0.105544, 0.077273, 0.861497),
        (0.115090, 0.092727, 0.863133),
        (0.123192, 0.108182, 0.865067),
        (0.129967, 0.123636, 0.867298),
        (0.135641, 0.139091, 0.869827),
        (0.140526, 0.154545, 0.872654),
        (0.145000, 0.170000, 0.875778),
        (0.074074, 0.000000, 0.857778),
        (0.088691, 0.015455, 0.857927),
        (0.102897, 0.030909, 0.858373),
        (0.116314, 0.046364, 0.859117),
        (0.128629, 0.061818, 0.860158),
        (0.139618, 0.077273, 0.861497),
        (0.149164, 0.092727, 0.863133),
        (0.157266, 0.108182, 0.865067),
        (0.164041, 0.123636, 0.867298),
        (0.169715, 0.139091, 0.869827),
        (0.174600, 0.154545, 0.872654),
        (0.179074, 0.170000, 0.875778),
        (0.108148, 0.000000, 0.857778),
        (0.122765, 0.015455, 0.857927),
        (0.136971, 0.030909, 0.858373),
        (0.150388, 0.046364, 0.859117),
        (0.162703, 0.061818, 0.860158),
        (0.173692, 0.077273, 0.861497),
        (0.183238, 0.092727, 0.863133),
        (0.191340, 0.108182, 0.865067),
        (0.198115, 0.123636, 0.867298),
        (0.203789, 0.139091, 0.869827),
        (0.208674, 0.154545, 0.872654),
        (0.213148, 0.170000, 0.875778),
        (0.142222, 0.000000, 0.857778),
        (0.156839, 0.015455, 0.857927),
        (0.171045, 0.030909, 0.858373),
        (0.184462, 0.046364, 0.859117),
        (0.196777, 0.061818, 0.860158),
        (0.207766, 0.077273, 0.861497),
        (0.217312, 0.092727, 0.863133),
        (0.225414, 0.108182, 0.865067),
        (0.232189, 0.123636, 0.867298),
        (0.237863, 0.139091, 0.869827),
        (0.242748, 0.154545, 0.872654),
        (0.247222, 0.170000, 0.875778),
        (0.176296, 0.000000, 0.857778),
        (0.190913, 0.015455, 0.857927),
        (0.205119, 0.030909, 0.858373),
        (0.218536, 0.046364, 0.859117),
        (0.230851, 0.061818, 0.860158),
        (0.241840, 0.077273, 0.861497),
        (0.251386, 0.092727, 0.863133),
        (0.259488, 0.108182, 0.865067),
        (0.266263, 0.123636, 0.867298),
        (0.271937, 0.139091, 0.869827),
        (0.276822, 0.154545, 0.872654),
        (0.281296, 0.170000, 0.875778),
        (0.210370, 0.000000, 0.857778),
        (0.224987, 0.015455, 0.857927),
        (0.239193, 0.030909, 0.858373),
        (0.252610, 0.046364, 0.859117),
        (0.264926, 0.061818, 0.860158),
        (0.275914, 0.077273, 0.861497),
        (0.285460, 0.092727, 0.863133),
        (0.293562, 0.108182, 0.865067),
        (0.300337, 0.123636, 0.867298),
        (0.306011, 0.139091, 0.869827),
        (0.310896, 0.154545, 0.872654),
        (0.315370, 0.170000, 0.875778),
        (0.244444, 0.000000, 0.857778),
        (0.259061, 0.015455, 0.857927),
        (0.273267, 0.030909, 0.858373),
        (0.286684, 0.046364, 0.859117),
        (0.299000, 0.061818, 0.860158),
        (0.309989, 0.077273, 0.861497),
        (0.319534, 0.092727, 0.863133),
        (0.327636, 0.108182, 0.865067),
        (0.334412, 0.123636, 0.867298),
        (0.340085, 0.139091, 0.869827),
        (0.344970, 0.154545, 0.872654),
        (0.349444, 0.170000, 0.875778),
        (0.278519, 0.000000, 0.857778),
        (0.293135, 0.015455, 0.857927),
        (0.307341, 0.030909, 0.858373),
        (0.320758, 0.046364, 0.859117),
        (0.333074, 0.061818, 0.860158),
        (0.344063, 0.077273, 0.861497),
        (0.353608, 0.092727, 0.863133),
        (0.361710, 0.108182, 0.865067),
        (0.368486, 0.123636, 0.867298),
        (0.374159, 0.139091, 0.869827),
        (0.379044, 0.154545, 0.872654),
        (0.383519, 0.170000, 0.875778),
        (0.312593, 0.000000, 0.857778),
        (0.327209, 0.015455, 0.857927),
        (0.341415, 0.030909, 0.858373),
        (0.354832, 0.046364, 0.859117),
        (0.367148, 0.061818, 0.860158),
        (0.378137, 0.077273, 0.861497),
        (0.387682, 0.092727, 0.863133),
        (0.395784, 0.108182, 0.865067),
        (0.402560, 0.123636, 0.867298),
        (0.408233, 0.139091, 0.869827),
        (0.413118, 0.154545, 0.872654),
        (0.417593, 0.170000, 0.875778),
        (0.346667, 0.000000, 0.857778),
        (0.361283, 0.015455, 0.857927),
        (0.375489, 0.030909, 0.858373),
        (0.388907, 0.046364, 0.859117),
        (0.401222, 0.061818, 0.860158),
        (0.412211, 0.077273, 0.861497),
        (0.421756, 0.092727, 0.863133),
        (0.429858, 0.108182, 0.865067),
        (0.436634, 0.123636, 0.867298),
        (0.442307, 0.139091, 0.869827),
        (0.447192, 0.154545, 0.872654),
        (0.451667, 0.170000, 0.875778),
        (0.380741, 0.000000, 0.857778),
        (0.395357, 0.015455, 0.857927),
        (0.409563, 0.030909, 0.858373),
        (0.422981, 0.046364, 0.859117),
        (0.435296, 0.061818, 0.860158),
        (0.446285, 0.077273, 0.861497),
        (0.455830, 0.092727, 0.863133),
        (0.463932, 0.108182, 0.865067),
        (0.470708, 0.123636, 0.867298),
        (0.476381, 0.139091, 0.869827),
        (0.481266, 0.154545, 0.872654),
        (0.485741, 0.170000, 0.875778),
        (0.414815, 0.000000, 0.857778),
        (0.429431, 0.015455, 0.857927),
        (0.443637, 0.030909, 0.858373),
        (0.457055, 0.046364, 0.859117),
        (0.469370, 0.061818, 0.860158),
        (0.480359, 0.077273, 0.861497),
        (0.489904, 0.092727, 0.863133),
        (0.498006, 0.108182, 0.865067),
        (0.504782, 0.123636, 0.867298),
        (0.510455, 0.139091, 0.869827),
        (0.515341, 0.154545, 0.872654),
        (0.519815, 0.170000, 0.875778),
        (0.448889, 0.000000, 0.857778),
        (0.463506, 0.015455, 0.857927),
        (0.477711, 0.030909, 0.858373),
        (0.491129, 0.046364, 0.859117),
        (0.503444, 0.061818, 0.860158),
        (0.514433, 0.077273, 0.861497),
        (0.523978, 0.092727, 0.863133),
        (0.532080, 0.108182, 0.865067),
        (0.538856, 0.123636, 0.867298),
        (0.544530, 0.139091, 0.869827),
        (0.549415, 0.154545, 0.872654),
        (0.553889, 0.170000, 0.875778),
        (0.482963, 0.000000, 0.857778),
        (0.497580, 0.015455, 0.857927),
        (0.511785, 0.030909, 0.858373),
        (0.525203, 0.046364, 0.859117),
        (0.537518, 0.061818, 0.860158),
        (0.548507, 0.077273, 0.861497),
        (0.558052, 0.092727, 0.863133),
        (0.566155, 0.108182, 0.865067),
        (0.572930, 0.123636, 0.867298),
        (0.578604, 0.139091, 0.869827),
        (0.583489, 0.154545, 0.872654),
        (0.587963, 0.170000, 0.875778),
        (0.517037, 0.000000, 0.857778),
        (0.531654, 0.015455, 0.857927),
        (0.545859, 0.030909, 0.858373),
        (0.559277, 0.046364, 0.859117),
        (0.571592, 0.061818, 0.860158),
        (0.582581, 0.077273, 0.861497),
        (0.592127, 0.092727, 0.863133),
        (0.600229, 0.108182, 0.865067),
        (0.607004, 0.123636, 0.867298),
        (0.612678, 0.139091, 0.869827),
        (0.617563, 0.154545, 0.872654),
        (0.622037, 0.170000, 0.875778),
        (0.551111, 0.000000, 0.857778),
        (0.565728, 0.015455, 0.857927),
        (0.579934, 0.030909, 0.858373),
        (0.593351, 0.046364, 0.859117),
        (0.605666, 0.061818, 0.860158),
        (0.616655, 0.077273, 0.861497),
        (0.626201, 0.092727, 0.863133),
        (0.634303, 0.108182, 0.865067),
        (0.641078, 0.123636, 0.867298),
        (0.646752, 0.139091, 0.869827),
        (0.651637, 0.154545, 0.872654),
        (0.656111, 0.170000, 0.875778),
        (0.585185, 0.000000, 0.857778),
        (0.599802, 0.015455, 0.857927),
        (0.614008, 0.030909, 0.858373),
        (0.627425, 0.046364, 0.859117),
        (0.639740, 0.061818, 0.860158),
        (0.650729, 0.077273, 0.861497),
        (0.660275, 0.092727, 0.863133),
        (0.668377, 0.108182, 0.865067),
        (0.675152, 0.123636, 0.867298),
        (0.680826, 0.139091, 0.869827),
        (0.685711, 0.154545, 0.872654),
        (0.690185, 0.170000, 0.875778),
        (0.619259, 0.000000, 0.857778),
        (0.633876, 0.015455, 0.857927),
        (0.648082, 0.030909, 0.858373),
        (0.661499, 0.046364, 0.859117),
        (0.673814, 0.061818, 0.860158),
        (0.684803, 0.077273, 0.861497),
        (0.694349, 0.092727, 0.863133),
        (0.702451, 0.108182, 0.865067),
        (0.709226, 0.123636, 0.867298),
        (0.714900, 0.139091, 0.869827),
        (0.719785, 0.154545, 0.872654),
        (0.724259, 0.170000, 0.875778),
        (0.653333, 0.000000, 0.857778),
        (0.667950, 0.015455, 0.857927),
        (0.682156, 0.030909, 0.858373),
        (0.695573, 0.046364, 0.859117),
        (0.707889, 0.061818, 0.860158),
        (0.718877, 0.077273, 0.861497),
        (0.728423, 0.092727, 0.863133),
        (0.736525, 0.108182, 0.865067),
        (0.743300, 0.123636, 0.867298),
        (0.748974, 0.139091, 0.869827),
        (0.753859, 0.154545, 0.872654),
        (0.758333, 0.170000, 0.875778),
        (0.687407, 0.000000, 0.857778),
        (0.702024, 0.015455, 0.857927),
        (0.716230, 0.030909, 0.858373),
        (0.729647, 0.046364, 0.859117),
        (0.741963, 0.061818, 0.860158),
        (0.752951, 0.077273, 0.861497),
        (0.762497, 0.092727, 0.863133),
        (0.770599, 0.108182, 0.865067),
        (0.777375, 0.123636, 0.867298),
        (0.783048, 0.139091, 0.869827),
        (0.787933, 0.154545, 0.872654),
        (0.792407, 0.170000, 0.875778),
        (0.721481, 0.000000, 0.857778),
        (0.736098, 0.015455, 0.857927),
        (0.750304, 0.030909, 0.858373),
        (0.763721, 0.046364, 0.859117),
        (0.776037, 0.061818, 0.860158),
        (0.787026, 0.077273, 0.861497),
        (0.796571, 0.092727, 0.863133),
        (0.804673, 0.108182, 0.865067),
        (0.811449, 0.123636, 0.867298),
        (0.817122, 0.139091, 0.869827),
        (0.822007, 0.154545, 0.872654),
        (0.826481, 0.170000, 0.875778),
        (0.755556, 0.000000, 0.857778),
        (0.770172, 0.015455, 0.857927),
        (0.784378, 0.030909, 0.858373),
        (0.797795, 0.046364, 0.859117),
        (0.810111, 0.061818, 0.860158),
        (0.821100, 0.077273, 0.861497),
        (0.830645, 0.092727, 0.863133),
        (0.838747, 0.108182, 0.865067),
        (0.845523, 0.123636, 0.867298),
        (0.851196, 0.139091, 0.869827),
        (0.856081, 0.154545, 0.872654),
        (0.860556, 0.170000, 0.875778),
        (0.789630, 0.000000, 0.857778),
        (0.804246, 0.015455, 0.857927),
        (0.818452, 0.030909, 0.858373),
        (0.831869, 0.046364, 0.859117),
        (0.844185, 0.061818, 0.860158),
        (0.855174, 0.077273, 0.861497),
        (0.864719, 0.092727, 0.863133),
        (0.872821, 0.108182, 0.865067),
        (0.879597, 0.123636, 0.867298),
        (0.885270, 0.139091, 0.869827),
        (0.890155, 0.154545, 0.872654),
        (0.894630, 0.170000, 0.875778),
        (0.823704, 0.000000, 0.857778),
        (0.838320, 0.015455, 0.857927),
        (0.852526, 0.030909, 0.858373),
        (0.865944, 0.046364, 0.859117),
        (0.878259, 0.061818, 0.860158),
        (0.889248, 0.077273, 0.861497),
        (0.898793, 0.092727, 0.863133),
        (0.906895, 0.108182, 0.865067),
        (0.913671, 0.123636, 0.867298),
        (0.919344, 0.139091, 0.869827),
        (0.924229, 0.154545, 0.872654),
        (0.928704, 0.170000, 0.875778),
        (0.857778, 0.000000, 0.857778),
        (0.872394, 0.015455, 0.857927),
        (0.886600, 0.030909, 0.858373),
        (0.900018, 0.046364, 0.859117),
        (0.912333, 0.061818, 0.860158),
        (0.923322, 0.077273, 0.861497),
        (0.932867, 0.092727, 0.863133),
        (0.940969, 0.108182, 0.865067),
        (0.947745, 0.123636, 0.867298),
        (0.953418, 0.139091, 0.869827),
        (0.958304, 0.154545, 0.872654),
        (0.962778, 0.170000, 0.875778),
        (0.891852, 0.000000, 0.857778),
        (0.906468, 0.015455, 0.857927),
        (0.920674, 0.030909, 0.858373),
        (0.934092, 0.046364, 0.859117),
        (0.946407, 0.061818, 0.860158),
        (0.957396, 0.077273, 0.861497),
        (0.966941, 0.092727, 0.863133),
        (0.975043, 0.108182, 0.865067),
        (0.981819, 0.123636, 0.867298),
        (0.987492, 0.139091, 0.869827),
        (0.992378, 0.154545, 0.872654),
        (0.996852, 0.170000, 0.875778),
        (0.925926, 0.000000, 0.857778),
        (0.940543, 0.015455, 0.857927),
        (0.954748, 0.030909, 0.858373),
        (0.968166, 0.046364, 0.859117),
        (0.980481, 0.061818, 0.860158),
        (0.991470, 0.077273, 0.861497),
        (1.001015, 0.092727, 0.863133),
        (1.009117, 0.108182, 0.865067),
        (1.015893, 0.123636, 0.867298),
        (1.021567, 0.139091, 0.869827),
        (1.026452, 0.154545, 0.872654),
        (1.030926, 0.170000, 0.875778),
        (0.960000, 0.000000, 0.857778),
        (0.974617, 0.015455, 0.857927),
        (0.988822, 0.030909, 0.858373),
        (1.002240, 0.046364, 0.859117),
        (1.014555, 0.061818, 0.860158),
        (1.025544, 0.077273, 0.861497),
        (1.035090, 0.092727, 0.863133),
        (1.043192, 0.108182, 0.865067),
        (1.049967, 0.123636, 0.867298),
        (1.055641, 0.139091, 0.869827),
        (1.060526, 0.154545, 0.872654),
        (1.065000, 0.170000, 0.875778),
        (0.040000, 0.000000, 0.891852),
        (0.054617, 0.015455, 0.892001),
        (0.068822, 0.030909, 0.892447),
        (0.082240, 0.046364, 0.893191),
        (0.094555, 0.061818, 0.894232),
        (0.105544, 0.077273, 0.895571),
        (0.115090, 0.092727, 0.897207),
        (0.123192, 0.108182, 0.899141),
        (0.129967, 0.123636, 0.901373),
        (0.135641, 0.139091, 0.903901),
        (0.140526, 0.154545, 0.906728),
        (0.145000, 0.170000, 0.909852),
        (0.074074, 0.000000, 0.891852),
        (0.088691, 0.015455, 0.892001),
        (0.102897, 0.030909, 0.892447),
        (0.116314, 0.046364, 0.893191),
        (0.128629, 0.061818, 0.894232),
        (0.139618, 0.077273, 0.895571),
        (0.149164, 0.092727, 0.897207),
        (0.157266, 0.108182, 0.899141),
        (0.164041, 0.123636, 0.901373),
        (0.169715, 0.139091, 0.903901),
        (0.174600, 0.154545, 0.906728),
        (0.179074, 0.170000, 0.909852),
        (0.108148, 0.000000, 0.891852),
        (0.122765, 0.015455, 0.892001),
        (0.136971, 0.030909, 0.892447),
        (0.150388, 0.046364, 0.893191),
        (0.162703, 0.061818, 0.894232),
        (0.173692, 0.077273, 0.895571),
        (0.183238, 0.092727, 0.897207),
        (0.191340, 0.108182, 0.899141),
        (0.198115, 0.123636, 0.901373),
        (0.203789, 0.139091, 0.903901),
        (0.208674, 0.154545, 0.906728),
        (0.213148, 0.170000, 0.909852),
        (0.142222, 0.000000, 0.891852),
        (0.156839, 0.015455, 0.892001),
        (0.171045, 0.030909, 0.892447),
        (0.184462, 0.046364, 0.893191),
        (0.196777, 0.061818, 0.894232),
        (0.207766, 0.077273, 0.895571),
        (0.217312, 0.092727, 0.897207),
        (0.225414, 0.108182, 0.899141),
        (0.232189, 0.123636, 0.901373),
        (0.237863, 0.139091, 0.903901),
        (0.242748, 0.154545, 0.906728),
        (0.247222, 0.170000, 0.909852),
        (0.176296, 0.000000, 0.891852),
        (0.190913, 0.015455, 0.892001),
        (0.205119, 0.030909, 0.892447),
        (0.218536, 0.046364, 0.893191),
        (0.230851, 0.061818, 0.894232),
        (0.241840, 0.077273, 0.895571),
        (0.251386, 0.092727, 0.897207),
        (0.259488, 0.108182, 0.899141),
        (0.266263, 0.123636, 0.901373),
        (0.271937, 0.139091, 0.903901),
        (0.276822, 0.154545, 0.906728),
        (0.281296, 0.170000, 0.909852),
        (0.210370, 0.000000, 0.891852),
        (0.224987, 0.015455, 0.892001),
        (0.239193, 0.030909, 0.892447),
        (0.252610, 0.046364, 0.893191),
        (0.264926, 0.061818, 0.894232),
        (0.275914, 0.077273, 0.895571),
        (0.285460, 0.092727, 0.897207),
        (0.293562, 0.108182, 0.899141),
        (0.300337, 0.123636, 0.901373),
        (0.306011, 0.139091, 0.903901),
        (0.310896, 0.154545, 0.906728),
        (0.315370, 0.170000, 0.909852),
        (0.244444, 0.000000, 0.891852),
        (0.259061, 0.015455, 0.892001),
        (0.273267, 0.030909, 0.892447),
        (0.286684, 0.046364, 0.893191),
        (0.299000, 0.061818, 0.894232),
        (0.309989, 0.077273, 0.895571),
        (0.319534, 0.092727, 0.897207),
        (0.327636, 0.108182, 0.899141),
        (0.334412, 0.123636, 0.901373),
        (0.340085, 0.139091, 0.903901),
        (0.344970, 0.154545, 0.906728),
        (0.349444, 0.170000, 0.909852),
        (0.278519, 0.000000, 0.891852),
        (0.293135, 0.015455, 0.892001),
        (0.307341, 0.030909, 0.892447),
        (0.320758, 0.046364, 0.893191),
        (0.333074, 0.061818, 0.894232),
        (0.344063, 0.077273, 0.895571),
        (0.353608, 0.092727, 0.897207),
        (0.361710, 0.108182, 0.899141),
        (0.368486, 0.123636, 0.901373),
        (0.374159, 0.139091, 0.903901),
        (0.379044, 0.154545, 0.906728),
        (0.383519, 0.170000, 0.909852),
        (0.312593, 0.000000, 0.891852),
        (0.327209, 0.015455, 0.892001),
        (0.341415, 0.030909, 0.892447),
        (0.354832, 0.046364, 0.893191),
        (0.367148, 0.061818, 0.894232),
        (0.378137, 0.077273, 0.895571),
        (0.387682, 0.092727, 0.897207),
        (0.395784, 0.108182, 0.899141),
        (0.402560, 0.123636, 0.901373),
        (0.408233, 0.139091, 0.903901),
        (0.413118, 0.154545, 0.906728),
        (0.417593, 0.170000, 0.909852),
        (0.346667, 0.000000, 0.891852),
        (0.361283, 0.015455, 0.892001),
        (0.375489, 0.030909, 0.892447),
        (0.388907, 0.046364, 0.893191),
        (0.401222, 0.061818, 0.894232),
        (0.412211, 0.077273, 0.895571),
        (0.421756, 0.092727, 0.897207),
        (0.429858, 0.108182, 0.899141),
        (0.436634, 0.123636, 0.901373),
        (0.442307, 0.139091, 0.903901),
        (0.447192, 0.154545, 0.906728),
        (0.451667, 0.170000, 0.909852),
        (0.380741, 0.000000, 0.891852),
        (0.395357, 0.015455, 0.892001),
        (0.409563, 0.030909, 0.892447),
        (0.422981, 0.046364, 0.893191),
        (0.435296, 0.061818, 0.894232),
        (0.446285, 0.077273, 0.895571),
        (0.455830, 0.092727, 0.897207),
        (0.463932, 0.108182, 0.899141),
        (0.470708, 0.123636, 0.901373),
        (0.476381, 0.139091, 0.903901),
        (0.481266, 0.154545, 0.906728),
        (0.485741, 0.170000, 0.909852),
        (0.414815, 0.000000, 0.891852),
        (0.429431, 0.015455, 0.892001),
        (0.443637, 0.030909, 0.892447),
        (0.457055, 0.046364, 0.893191),
        (0.469370, 0.061818, 0.894232),
        (0.480359, 0.077273, 0.895571),
        (0.489904, 0.092727, 0.897207),
        (0.498006, 0.108182, 0.899141),
        (0.504782, 0.123636, 0.901373),
        (0.510455, 0.139091, 0.903901),
        (0.515341, 0.154545, 0.906728),
        (0.519815, 0.170000, 0.909852),
        (0.448889, 0.000000, 0.891852),
        (0.463506, 0.015455, 0.892001),
        (0.477711, 0.030909, 0.892447),
        (0.491129, 0.046364, 0.893191),
        (0.503444, 0.061818, 0.894232),
        (0.514433, 0.077273, 0.895571),
        (0.523978, 0.092727, 0.897207),
        (0.532080, 0.108182, 0.899141),
        (0.538856, 0.123636, 0.901373),
        (0.544530, 0.139091, 0.903901),
        (0.549415, 0.154545, 0.906728),
        (0.553889, 0.170000, 0.909852),
        (0.482963, 0.000000, 0.891852),
        (0.497580, 0.015455, 0.892001),
        (0.511785, 0.030909, 0.892447),
        (0.525203, 0.046364, 0.893191),
        (0.537518, 0.061818, 0.894232),
        (0.548507, 0.077273, 0.895571),
        (0.558052, 0.092727, 0.897207),
        (0.566155, 0.108182, 0.899141),
        (0.572930, 0.123636, 0.901373),
        (0.578604, 0.139091, 0.903901),
        (0.583489, 0.154545, 0.906728),
        (0.587963, 0.170000, 0.909852),
        (0.517037, 0.000000, 0.891852),
        (0.531654, 0.015455, 0.892001),
        (0.545859, 0.030909, 0.892447),
        (0.559277, 0.046364, 0.893191),
        (0.571592, 0.061818, 0.894232),
        (0.582581, 0.077273, 0.895571),
        (0.592127, 0.092727, 0.897207),
        (0.600229, 0.108182, 0.899141),
        (0.607004, 0.123636, 0.901373),
        (0.612678, 0.139091, 0.903901),
        (0.617563, 0.154545, 0.906728),
        (0.622037, 0.170000, 0.909852),
        (0.551111, 0.000000, 0.891852),
        (0.565728, 0.015455, 0.892001),
        (0.579934, 0.030909, 0.892447),
        (0.593351, 0.046364, 0.893191),
        (0.605666, 0.061818, 0.894232),
        (0.616655, 0.077273, 0.895571),
        (0.626201, 0.092727, 0.897207),
        (0.634303, 0.108182, 0.899141),
        (0.641078, 0.123636, 0.901373),
        (0.646752, 0.139091, 0.903901),
        (0.651637, 0.154545, 0.906728),
        (0.656111, 0.170000, 0.909852),
        (0.585185, 0.000000, 0.891852),
        (0.599802, 0.015455, 0.892001),
        (0.614008, 0.030909, 0.892447),
        (0.627425, 0.046364, 0.893191),
        (0.639740, 0.061818, 0.894232),
        (0.650729, 0.077273, 0.895571),
        (0.660275, 0.092727, 0.897207),
        (0.668377, 0.108182, 0.899141),
        (0.675152, 0.123636, 0.901373),
        (0.680826, 0.139091, 0.903901),
        (0.685711, 0.154545, 0.906728),
        (0.690185, 0.170000, 0.909852),
        (0.619259, 0.000000, 0.891852),
        (0.633876, 0.015455, 0.892001),
        (0.648082, 0.030909, 0.892447),
        (0.661499, 0.046364, 0.893191),
        (0.673814, 0.061818, 0.894232),
        (0.684803, 0.077273, 0.895571),
        (0.694349, 0.092727, 0.897207),
        (0.702451, 0.108182, 0.899141),
        (0.709226, 0.123636, 0.901373),
        (0.714900, 0.139091, 0.903901),
        (0.719785, 0.154545, 0.906728),
        (0.724259, 0.170000, 0.909852),
        (0.653333, 0.000000, 0.891852),
        (0.667950, 0.015455, 0.892001),
        (0.682156, 0.030909, 0.892447),
        (0.695573, 0.046364, 0.893191),
        (0.707889, 0.061818, 0.894232),
        (0.718877, 0.077273, 0.895571),
        (0.728423, 0.092727, 0.897207),
        (0.736525, 0.108182, 0.899141),
        (0.743300, 0.123636, 0.901373),
        (0.748974, 0.139091, 0.903901),
        (0.753859, 0.154545, 0.906728),
        (0.758333, 0.170000, 0.909852),
        (0.687407, 0.000000, 0.891852),
        (0.702024, 0.015455, 0.892001),
        (0.716230, 0.030909, 0.892447),
        (0.729647, 0.046364, 0.893191),
        (0.741963, 0.061818, 0.894232),
        (0.752951, 0.077273, 0.895571),
        (0.762497, 0.092727, 0.897207),
        (0.770599, 0.108182, 0.899141),
        (0.777375, 0.123636, 0.901373),
        (0.783048, 0.139091, 0.903901),
        (0.787933, 0.154545, 0.906728),
        (0.792407, 0.170000, 0.909852),
        (0.721481, 0.000000, 0.891852),
        (0.736098, 0.015455, 0.892001),
        (0.750304, 0.030909, 0.892447),
        (0.763721, 0.046364, 0.893191),
        (0.776037, 0.061818, 0.894232),
        (0.787026, 0.077273, 0.895571),
        (0.796571, 0.092727, 0.897207),
        (0.804673, 0.108182, 0.899141),
        (0.811449, 0.123636, 0.901373),
        (0.817122, 0.139091, 0.903901),
        (0.822007, 0.154545, 0.906728),
        (0.826481, 0.170000, 0.909852),
        (0.755556, 0.000000, 0.891852),
        (0.770172, 0.015455, 0.892001),
        (0.784378, 0.030909, 0.892447),
        (0.797795, 0.046364, 0.893191),
        (0.810111, 0.061818, 0.894232),
        (0.821100, 0.077273, 0.895571),
        (0.830645, 0.092727, 0.897207),
        (0.838747, 0.108182, 0.899141),
        (0.845523, 0.123636, 0.901373),
        (0.851196, 0.139091, 0.903901),
        (0.856081, 0.154545, 0.906728),
        (0.860556, 0.170000, 0.909852),
        (0.789630, 0.000000, 0.891852),
        (0.804246, 0.015455, 0.892001),
        (0.818452, 0.030909, 0.892447),
        (0.831869, 0.046364, 0.893191),
        (0.844185, 0.061818, 0.894232),
        (0.855174, 0.077273, 0.895571),
        (0.864719, 0.092727, 0.897207),
        (0.872821, 0.108182, 0.899141),
        (0.879597, 0.123636, 0.901373),
        (0.885270, 0.139091, 0.903901),
        (0.890155, 0.154545, 0.906728),
        (0.894630, 0.170000, 0.909852),
        (0.823704, 0.000000, 0.891852),
        (0.838320, 0.015455, 0.892001),
        (0.852526, 0.030909, 0.892447),
        (0.865944, 0.046364, 0.893191),
        (0.878259, 0.061818, 0.894232),
        (0.889248, 0.077273, 0.895571),
        (0.898793, 0.092727, 0.897207),
        (0.906895, 0.108182, 0.899141),
        (0.913671, 0.123636, 0.901373),
        (0.919344, 0.139091, 0.903901),
        (0.924229, 0.154545, 0.906728),
        (0.928704, 0.170000, 0.909852),
        (0.857778, 0.000000, 0.891852),
        (0.872394, 0.015455, 0.892001),
        (0.886600, 0.030909, 0.892447),
        (0.900018, 0.046364, 0.893191),
        (0.912333, 0.061818, 0.894232),
        (0.923322, 0.077273, 0.895571),
        (0.932867, 0.092727, 0.897207),
        (0.940969, 0.108182, 0.899141),
        (0.947745, 0.123636, 0.901373),
        (0.953418, 0.139091, 0.903901),
        (0.958304, 0.154545, 0.906728),
        (0.962778, 0.170000, 0.909852),
        (0.891852, 0.000000, 0.891852),
        (0.906468, 0.015455, 0.892001),
        (0.920674, 0.030909, 0.892447),
        (0.934092, 0.046364, 0.893191),
        (0.946407, 0.061818, 0.894232),
        (0.957396, 0.077273, 0.895571),
        (0.966941, 0.092727, 0.897207),
        (0.975043, 0.108182, 0.899141),
        (0.981819, 0.123636, 0.901373),
        (0.987492, 0.139091, 0.903901),
        (0.992378, 0.154545, 0.906728),
        (0.996852, 0.170000, 0.909852),
        (0.925926, 0.000000, 0.891852),
        (0.940543, 0.015455, 0.892001),
        (0.954748, 0.030909, 0.892447),
        (0.968166, 0.046364, 0.893191),
        (0.980481, 0.061818, 0.894232),
        (0.991470, 0.077273, 0.895571),
        (1.001015, 0.092727, 0.897207),
        (1.009117, 0.108182, 0.899141),
        (1.015893, 0.123636, 0.901373),
        (1.021567, 0.139091, 0.903901),
        (1.026452, 0.154545, 0.906728),
        (1.030926, 0.170000, 0.909852),
        (0.960000, 0.000000, 0.891852),
        (0.974617, 0.015455, 0.892001),
        (0.988822, 0.030909, 0.892447),
        (1.002240, 0.046364, 0.893191),
        (1.014555, 0.061818, 0.894232),
        (1.025544, 0.077273, 0.895571),
        (1.035090, 0.092727, 0.897207),
        (1.043192, 0.108182, 0.899141),
        (1.049967, 0.123636, 0.901373),
        (1.055641, 0.139091, 0.903901),
        (1.060526, 0.154545, 0.906728),
        (1.065000, 0.170000, 0.909852),
        (0.040000, 0.000000, 0.925926),
        (0.054617, 0.015455, 0.926075),
        (0.068822, 0.030909, 0.926521),
        (0.082240, 0.046364, 0.927265),
        (0.094555, 0.061818, 0.928306),
        (0.105544, 0.077273, 0.929645),
        (0.115090, 0.092727, 0.931281),
        (0.123192, 0.108182, 0.933215),
        (0.129967, 0.123636, 0.935447),
        (0.135641, 0.139091, 0.937976),
        (0.140526, 0.154545, 0.940802),
        (0.145000, 0.170000, 0.943926),
        (0.074074, 0.000000, 0.925926),
        (0.088691, 0.015455, 0.926075),
        (0.102897, 0.030909, 0.926521),
        (0.116314, 0.046364, 0.927265),
        (0.128629, 0.061818, 0.928306),
        (0.139618, 0.077273, 0.929645),
        (0.149164, 0.092727, 0.931281),
        (0.157266, 0.108182, 0.933215),
        (0.164041, 0.123636, 0.935447),
        (0.169715, 0.139091, 0.937976),
        (0.174600, 0.154545, 0.940802),
        (0.179074, 0.170000, 0.943926),
        (0.108148, 0.000000, 0.925926),
        (0.122765, 0.015455, 0.926075),
        (0.136971, 0.030909, 0.926521),
        (0.150388, 0.046364, 0.927265),
        (0.162703, 0.061818, 0.928306),
        (0.173692, 0.077273, 0.929645),
        (0.183238, 0.092727, 0.931281),
        (0.191340, 0.108182, 0.933215),
        (0.198115, 0.123636, 0.935447),
        (0.203789, 0.139091, 0.937976),
        (0.208674, 0.154545, 0.940802),
        (0.213148, 0.170000, 0.943926),
        (0.142222, 0.000000, 0.925926),
        (0.156839, 0.015455, 0.926075),
        (0.171045, 0.030909, 0.926521),
        (0.184462, 0.046364, 0.927265),
        (0.196777, 0.061818, 0.928306),
        (0.207766, 0.077273, 0.929645),
        (0.217312, 0.092727, 0.931281),
        (0.225414, 0.108182, 0.933215),
        (0.232189, 0.123636, 0.935447),
        (0.237863, 0.139091, 0.937976),
        (0.242748, 0.154545, 0.940802),
        (0.247222, 0.170000, 0.943926),
        (0.176296, 0.000000, 0.925926),
        (0.190913, 0.015455, 0.926075),
        (0.205119, 0.030909, 0.926521),
        (0.218536, 0.046364, 0.927265),
        (0.230851, 0.061818, 0.928306),
        (0.241840, 0.077273, 0.929645),
        (0.251386, 0.092727, 0.931281),
        (0.259488, 0.108182, 0.933215),
        (0.266263, 0.123636, 0.935447),
        (0.271937, 0.139091, 0.937976),
        (0.276822, 0.154545, 0.940802),
        (0.281296, 0.170000, 0.943926),
        (0.210370, 0.000000, 0.925926),
        (0.224987, 0.015455, 0.926075),
        (0.239193, 0.030909, 0.926521),
        (0.252610, 0.046364, 0.927265),
        (0.264926, 0.061818, 0.928306),
        (0.275914, 0.077273, 0.929645),
        (0.285460, 0.092727, 0.931281),
        (0.293562, 0.108182, 0.933215),
        (0.300337, 0.123636, 0.935447),
        (0.306011, 0.139091, 0.937976),
        (0.310896, 0.154545, 0.940802),
        (0.315370, 0.170000, 0.943926),
        (0.244444, 0.000000, 0.925926),
        (0.259061, 0.015455, 0.926075),
        (0.273267, 0.030909, 0.926521),
        (0.286684, 0.046364, 0.927265),
        (0.299000, 0.061818, 0.928306),
        (0.309989, 0.077273, 0.929645),
        (0.319534, 0.092727, 0.931281),
        (0.327636, 0.108182, 0.933215),
        (0.334412, 0.123636, 0.935447),
        (0.340085, 0.139091, 0.937976),
        (0.344970, 0.154545, 0.940802),
        (0.349444, 0.170000, 0.943926),
        (0.278519, 0.000000, 0.925926),
        (0.293135, 0.015455, 0.926075),
        (0.307341, 0.030909, 0.926521),
        (0.320758, 0.046364, 0.927265),
        (0.333074, 0.061818, 0.928306),
        (0.344063, 0.077273, 0.929645),
        (0.353608, 0.092727, 0.931281),
        (0.361710, 0.108182, 0.933215),
        (0.368486, 0.123636, 0.935447),
        (0.374159, 0.139091, 0.937976),
        (0.379044, 0.154545, 0.940802),
        (0.383519, 0.170000, 0.943926),
        (0.312593, 0.000000, 0.925926),
        (0.327209, 0.015455, 0.926075),
        (0.341415, 0.030909, 0.926521),
        (0.354832, 0.046364, 0.927265),
        (0.367148, 0.061818, 0.928306),
        (0.378137, 0.077273, 0.929645),
        (0.387682, 0.092727, 0.931281),
        (0.395784, 0.108182, 0.933215),
        (0.402560, 0.123636, 0.935447),
        (0.408233, 0.139091, 0.937976),
        (0.413118, 0.154545, 0.940802),
        (0.417593, 0.170000, 0.943926),
        (0.346667, 0.000000, 0.925926),
        (0.361283, 0.015455, 0.926075),
        (0.375489, 0.030909, 0.926521),
        (0.388907, 0.046364, 0.927265),
        (0.401222, 0.061818, 0.928306),
        (0.412211, 0.077273, 0.929645),
        (0.421756, 0.092727, 0.931281),
        (0.429858, 0.108182, 0.933215),
        (0.436634, 0.123636, 0.935447),
        (0.442307, 0.139091, 0.937976),
        (0.447192, 0.154545, 0.940802),
        (0.451667, 0.170000, 0.943926),
        (0.380741, 0.000000, 0.925926),
        (0.395357, 0.015455, 0.926075),
        (0.409563, 0.030909, 0.926521),
        (0.422981, 0.046364, 0.927265),
        (0.435296, 0.061818, 0.928306),
        (0.446285, 0.077273, 0.929645),
        (0.455830, 0.092727, 0.931281),
        (0.463932, 0.108182, 0.933215),
        (0.470708, 0.123636, 0.935447),
        (0.476381, 0.139091, 0.937976),
        (0.481266, 0.154545, 0.940802),
        (0.485741, 0.170000, 0.943926),
        (0.414815, 0.000000, 0.925926),
        (0.429431, 0.015455, 0.926075),
        (0.443637, 0.030909, 0.926521),
        (0.457055, 0.046364, 0.927265),
        (0.469370, 0.061818, 0.928306),
        (0.480359, 0.077273, 0.929645),
        (0.489904, 0.092727, 0.931281),
        (0.498006, 0.108182, 0.933215),
        (0.504782, 0.123636, 0.935447),
        (0.510455, 0.139091, 0.937976),
        (0.515341, 0.154545, 0.940802),
        (0.519815, 0.170000, 0.943926),
        (0.448889, 0.000000, 0.925926),
        (0.463506, 0.015455, 0.926075),
        (0.477711, 0.030909, 0.926521),
        (0.491129, 0.046364, 0.927265),
        (0.503444, 0.061818, 0.928306),
        (0.514433, 0.077273, 0.929645),
        (0.523978, 0.092727, 0.931281),
        (0.532080, 0.108182, 0.933215),
        (0.538856, 0.123636, 0.935447),
        (0.544530, 0.139091, 0.937976),
        (0.549415, 0.154545, 0.940802),
        (0.553889, 0.170000, 0.943926),
        (0.482963, 0.000000, 0.925926),
        (0.497580, 0.015455, 0.926075),
        (0.511785, 0.030909, 0.926521),
        (0.525203, 0.046364, 0.927265),
        (0.537518, 0.061818, 0.928306),
        (0.548507, 0.077273, 0.929645),
        (0.558052, 0.092727, 0.931281),
        (0.566155, 0.108182, 0.933215),
        (0.572930, 0.123636, 0.935447),
        (0.578604, 0.139091, 0.937976),
        (0.583489, 0.154545, 0.940802),
        (0.587963, 0.170000, 0.943926),
        (0.517037, 0.000000, 0.925926),
        (0.531654, 0.015455, 0.926075),
        (0.545859, 0.030909, 0.926521),
        (0.559277, 0.046364, 0.927265),
        (0.571592, 0.061818, 0.928306),
        (0.582581, 0.077273, 0.929645),
        (0.592127, 0.092727, 0.931281),
        (0.600229, 0.108182, 0.933215),
        (0.607004, 0.123636, 0.935447),
        (0.612678, 0.139091, 0.937976),
        (0.617563, 0.154545, 0.940802),
        (0.622037, 0.170000, 0.943926),
        (0.551111, 0.000000, 0.925926),
        (0.565728, 0.015455, 0.926075),
        (0.579934, 0.030909, 0.926521),
        (0.593351, 0.046364, 0.927265),
        (0.605666, 0.061818, 0.928306),
        (0.616655, 0.077273, 0.929645),
        (0.626201, 0.092727, 0.931281),
        (0.634303, 0.108182, 0.933215),
        (0.641078, 0.123636, 0.935447),
        (0.646752, 0.139091, 0.937976),
        (0.651637, 0.154545, 0.940802),
        (0.656111, 0.170000, 0.943926),
        (0.585185, 0.000000, 0.925926),
        (0.599802, 0.015455, 0.926075),
        (0.614008, 0.030909, 0.926521),
        (0.627425, 0.046364, 0.927265),
        (0.639740, 0.061818, 0.928306),
        (0.650729, 0.077273, 0.929645),
        (0.660275, 0.092727, 0.931281),
        (0.668377, 0.108182, 0.933215),
        (0.675152, 0.123636, 0.935447),
        (0.680826, 0.139091, 0.937976),
        (0.685711, 0.154545, 0.940802),
        (0.690185, 0.170000, 0.943926),
        (0.619259, 0.000000, 0.925926),
        (0.633876, 0.015455, 0.926075),
        (0.648082, 0.030909, 0.926521),
        (0.661499, 0.046364, 0.927265),
        (0.673814, 0.061818, 0.928306),
        (0.684803, 0.077273, 0.929645),
        (0.694349, 0.092727, 0.931281),
        (0.702451, 0.108182, 0.933215),
        (0.709226, 0.123636, 0.935447),
        (0.714900, 0.139091, 0.937976),
        (0.719785, 0.154545, 0.940802),
        (0.724259, 0.170000, 0.943926),
        (0.653333, 0.000000, 0.925926),
        (0.667950, 0.015455, 0.926075),
        (0.682156, 0.030909, 0.926521),
        (0.695573, 0.046364, 0.927265),
        (0.707889, 0.061818, 0.928306),
        (0.718877, 0.077273, 0.929645),
        (0.728423, 0.092727, 0.931281),
        (0.736525, 0.108182, 0.933215),
        (0.743300, 0.123636, 0.935447),
        (0.748974, 0.139091, 0.937976),
        (0.753859, 0.154545, 0.940802),
        (0.758333, 0.170000, 0.943926),
        (0.687407, 0.000000, 0.925926),
        (0.702024, 0.015455, 0.926075),
        (0.716230, 0.030909, 0.926521),
        (0.729647, 0.046364, 0.927265),
        (0.741963, 0.061818, 0.928306),
        (0.752951, 0.077273, 0.929645),
        (0.762497, 0.092727, 0.931281),
        (0.770599, 0.108182, 0.933215),
        (0.777375, 0.123636, 0.935447),
        (0.783048, 0.139091, 0.937976),
        (0.787933, 0.154545, 0.940802),
        (0.792407, 0.170000, 0.943926),
        (0.721481, 0.000000, 0.925926),
        (0.736098, 0.015455, 0.926075),
        (0.750304, 0.030909, 0.926521),
        (0.763721, 0.046364, 0.927265),
        (0.776037, 0.061818, 0.928306),
        (0.787026, 0.077273, 0.929645),
        (0.796571, 0.092727, 0.931281),
        (0.804673, 0.108182, 0.933215),
        (0.811449, 0.123636, 0.935447),
        (0.817122, 0.139091, 0.937976),
        (0.822007, 0.154545, 0.940802),
        (0.826481, 0.170000, 0.943926),
        (0.755556, 0.000000, 0.925926),
        (0.770172, 0.015455, 0.926075),
        (0.784378, 0.030909, 0.926521),
        (0.797795, 0.046364, 0.927265),
        (0.810111, 0.061818, 0.928306),
        (0.821100, 0.077273, 0.929645),
        (0.830645, 0.092727, 0.931281),
        (0.838747, 0.108182, 0.933215),
        (0.845523, 0.123636, 0.935447),
        (0.851196, 0.139091, 0.937976),
        (0.856081, 0.154545, 0.940802),
        (0.860556, 0.170000, 0.943926),
        (0.789630, 0.000000, 0.925926),
        (0.804246, 0.015455, 0.926075),
        (0.818452, 0.030909, 0.926521),
        (0.831869, 0.046364, 0.927265),
        (0.844185, 0.061818, 0.928306),
        (0.855174, 0.077273, 0.929645),
        (0.864719, 0.092727, 0.931281),
        (0.872821, 0.108182, 0.933215),
        (0.879597, 0.123636, 0.935447),
        (0.885270, 0.139091, 0.937976),
        (0.890155, 0.154545, 0.940802),
        (0.894630, 0.170000, 0.943926),
        (0.823704, 0.000000, 0.925926),
        (0.838320, 0.015455, 0.926075),
        (0.852526, 0.030909, 0.926521),
        (0.865944, 0.046364, 0.927265),
        (0.878259, 0.061818, 0.928306),
        (0.889248, 0.077273, 0.929645),
        (0.898793, 0.092727, 0.931281),
        (0.906895, 0.108182, 0.933215),
        (0.913671, 0.123636, 0.935447),
        (0.919344, 0.139091, 0.937976),
        (0.924229, 0.154545, 0.940802),
        (0.928704, 0.170000, 0.943926),
        (0.857778, 0.000000, 0.925926),
        (0.872394, 0.015455, 0.926075),
        (0.886600, 0.030909, 0.926521),
        (0.900018, 0.046364, 0.927265),
        (0.912333, 0.061818, 0.928306),
        (0.923322, 0.077273, 0.929645),
        (0.932867, 0.092727, 0.931281),
        (0.940969, 0.108182, 0.933215),
        (0.947745, 0.123636, 0.935447),
        (0.953418, 0.139091, 0.937976),
        (0.958304, 0.154545, 0.940802),
        (0.962778, 0.170000, 0.943926),
        (0.891852, 0.000000, 0.925926),
        (0.906468, 0.015455, 0.926075),
        (0.920674, 0.030909, 0.926521),
        (0.934092, 0.046364, 0.927265),
        (0.946407, 0.061818, 0.928306),
        (0.957396, 0.077273, 0.929645),
        (0.966941, 0.092727, 0.931281),
        (0.975043, 0.108182, 0.933215),
        (0.981819, 0.123636, 0.935447),
        (0.987492, 0.139091, 0.937976),
        (0.992378, 0.154545, 0.940802),
        (0.996852, 0.170000, 0.943926),
        (0.925926, 0.000000, 0.925926),
        (0.940543, 0.015455, 0.926075),
        (0.954748, 0.030909, 0.926521),
        (0.968166, 0.046364, 0.927265),
        (0.980481, 0.061818, 0.928306),
        (0.991470, 0.077273, 0.929645),
        (1.001015, 0.092727, 0.931281),
        (1.009117, 0.108182, 0.933215),
        (1.015893, 0.123636, 0.935447),
        (1.021567, 0.139091, 0.937976),
        (1.026452, 0.154545, 0.940802),
        (1.030926, 0.170000, 0.943926),
        (0.960000, 0.000000, 0.925926),
        (0.974617, 0.015455, 0.926075),
        (0.988822, 0.030909, 0.926521),
        (1.002240, 0.046364, 0.927265),
        (1.014555, 0.061818, 0.928306),
        (1.025544, 0.077273, 0.929645),
        (1.035090, 0.092727, 0.931281),
        (1.043192, 0.108182, 0.933215),
        (1.049967, 0.123636, 0.935447),
        (1.055641, 0.139091, 0.937976),
        (1.060526, 0.154545, 0.940802),
        (1.065000, 0.170000, 0.943926),
        (0.040000, 0.000000, 0.960000),
        (0.054617, 0.015455, 0.960149),
        (0.068822, 0.030909, 0.960595),
        (0.082240, 0.046364, 0.961339),
        (0.094555, 0.061818, 0.962380),
        (0.105544, 0.077273, 0.963719),
        (0.115090, 0.092727, 0.965355),
        (0.123192, 0.108182, 0.967289),
        (0.129967, 0.123636, 0.969521),
        (0.135641, 0.139091, 0.972050),
        (0.140526, 0.154545, 0.974876),
        (0.145000, 0.170000, 0.978000),
        (0.074074, 0.000000, 0.960000),
        (0.088691, 0.015455, 0.960149),
        (0.102897, 0.030909, 0.960595),
        (0.116314, 0.046364, 0.961339),
        (0.128629, 0.061818, 0.962380),
        (0.139618, 0.077273, 0.963719),
        (0.149164, 0.092727, 0.965355),
        (0.157266, 0.108182, 0.967289),
        (0.164041, 0.123636, 0.969521),
        (0.169715, 0.139091, 0.972050),
        (0.174600, 0.154545, 0.974876),
        (0.179074, 0.170000, 0.978000),
        (0.108148, 0.000000, 0.960000),
        (0.122765, 0.015455, 0.960149),
        (0.136971, 0.030909, 0.960595),
        (0.150388, 0.046364, 0.961339),
        (0.162703, 0.061818, 0.962380),
        (0.173692, 0.077273, 0.963719),
        (0.183238, 0.092727, 0.965355),
        (0.191340, 0.108182, 0.967289),
        (0.198115, 0.123636, 0.969521),
        (0.203789, 0.139091, 0.972050),
        (0.208674, 0.154545, 0.974876),
        (0.213148, 0.170000, 0.978000),
        (0.142222, 0.000000, 0.960000),
        (0.156839, 0.015455, 0.960149),
        (0.171045, 0.030909, 0.960595),
        (0.184462, 0.046364, 0.961339),
        (0.196777, 0.061818, 0.962380),
        (0.207766, 0.077273, 0.963719),
        (0.217312, 0.092727, 0.965355),
        (0.225414, 0.108182, 0.967289),
        (0.232189, 0.123636, 0.969521),
        (0.237863, 0.139091, 0.972050),
        (0.242748, 0.154545, 0.974876),
        (0.247222, 0.170000, 0.978000),
        (0.176296, 0.000000, 0.960000),
        (0.190913, 0.015455, 0.960149),
        (0.205119, 0.030909, 0.960595),
        (0.218536, 0.046364, 0.961339),
        (0.230851, 0.061818, 0.962380),
        (0.241840, 0.077273, 0.963719),
        (0.251386, 0.092727, 0.965355),
        (0.259488, 0.108182, 0.967289),
        (0.266263, 0.123636, 0.969521),
        (0.271937, 0.139091, 0.972050),
        (0.276822, 0.154545, 0.974876),
        (0.281296, 0.170000, 0.978000),
        (0.210370, 0.000000, 0.960000),
        (0.224987, 0.015455, 0.960149),
        (0.239193, 0.030909, 0.960595),
        (0.252610, 0.046364, 0.961339),
        (0.264926, 0.061818, 0.962380),
        (0.275914, 0.077273, 0.963719),
        (0.285460, 0.092727, 0.965355),
        (0.293562, 0.108182, 0.967289),
        (0.300337, 0.123636, 0.969521),
        (0.306011, 0.139091, 0.972050),
        (0.310896, 0.154545, 0.974876),
        (0.315370, 0.170000, 0.978000),
        (0.244444, 0.000000, 0.960000),
        (0.259061, 0.015455, 0.960149),
        (0.273267, 0.030909, 0.960595),
        (0.286684, 0.046364, 0.961339),
        (0.299000, 0.061818, 0.962380),
        (0.309989, 0.077273, 0.963719),
        (0.319534, 0.092727, 0.965355),
        (0.327636, 0.108182, 0.967289),
        (0.334412, 0.123636, 0.969521),
        (0.340085, 0.139091, 0.972050),
        (0.344970, 0.154545, 0.974876),
        (0.349444, 0.170000, 0.978000),
        (0.278519, 0.000000, 0.960000),
        (0.293135, 0.015455, 0.960149),
        (0.307341, 0.030909, 0.960595),
        (0.320758, 0.046364, 0.961339),
        (0.333074, 0.061818, 0.962380),
        (0.344063, 0.077273, 0.963719),
        (0.353608, 0.092727, 0.965355),
        (0.361710, 0.108182, 0.967289),
        (0.368486, 0.123636, 0.969521),
        (0.374159, 0.139091, 0.972050),
        (0.379044, 0.154545, 0.974876),
        (0.383519, 0.170000, 0.978000),
        (0.312593, 0.000000, 0.960000),
        (0.327209, 0.015455, 0.960149),
        (0.341415, 0.030909, 0.960595),
        (0.354832, 0.046364, 0.961339),
        (0.367148, 0.061818, 0.962380),
        (0.378137, 0.077273, 0.963719),
        (0.387682, 0.092727, 0.965355),
        (0.395784, 0.108182, 0.967289),
        (0.402560, 0.123636, 0.969521),
        (0.408233, 0.139091, 0.972050),
        (0.413118, 0.154545, 0.974876),
        (0.417593, 0.170000, 0.978000),
        (0.346667, 0.000000, 0.960000),
        (0.361283, 0.015455, 0.960149),
        (0.375489, 0.030909, 0.960595),
        (0.388907, 0.046364, 0.961339),
        (0.401222, 0.061818, 0.962380),
        (0.412211, 0.077273, 0.963719),
        (0.421756, 0.092727, 0.965355),
        (0.429858, 0.108182, 0.967289),
        (0.436634, 0.123636, 0.969521),
        (0.442307, 0.139091, 0.972050),
        (0.447192, 0.154545, 0.974876),
        (0.451667, 0.170000, 0.978000),
        (0.380741, 0.000000, 0.960000),
        (0.395357, 0.015455, 0.960149),
        (0.409563, 0.030909, 0.960595),
        (0.422981, 0.046364, 0.961339),
        (0.435296, 0.061818, 0.962380),
        (0.446285, 0.077273, 0.963719),
        (0.455830, 0.092727, 0.965355),
        (0.463932, 0.108182, 0.967289),
        (0.470708, 0.123636, 0.969521),
        (0.476381, 0.139091, 0.972050),
        (0.481266, 0.154545, 0.974876),
        (0.485741, 0.170000, 0.978000),
        (0.414815, 0.000000, 0.960000),
        (0.429431, 0.015455, 0.960149),
        (0.443637, 0.030909, 0.960595),
        (0.457055, 0.046364, 0.961339),
        (0.469370, 0.061818, 0.962380),
        (0.480359, 0.077273, 0.963719),
        (0.489904, 0.092727, 0.965355),
        (0.498006, 0.108182, 0.967289),
        (0.504782, 0.123636, 0.969521),
        (0.510455, 0.139091, 0.972050),
        (0.515341, 0.154545, 0.974876),
        (0.519815, 0.170000, 0.978000),
        (0.448889, 0.000000, 0.960000),
        (0.463506, 0.015455, 0.960149),
        (0.477711, 0.030909, 0.960595),
        (0.491129, 0.046364, 0.961339),
        (0.503444, 0.061818, 0.962380),
        (0.514433, 0.077273, 0.963719),
        (0.523978, 0.092727, 0.965355),
        (0.532080, 0.108182, 0.967289),
        (0.538856, 0.123636, 0.969521),
        (0.544530, 0.139091, 0.972050),
        (0.549415, 0.154545, 0.974876),
        (0.553889, 0.170000, 0.978000),
        (0.482963, 0.000000, 0.960000),
        (0.497580, 0.015455, 0.960149),
        (0.511785, 0.030909, 0.960595),
        (0.525203, 0.046364, 0.961339),
        (0.537518, 0.061818, 0.962380),
        (0.548507, 0.077273, 0.963719),
        (0.558052, 0.092727, 0.965355),
        (0.566155, 0.108182, 0.967289),
        (0.572930, 0.123636, 0.969521),
        (0.578604, 0.139091, 0.972050),
        (0.583489, 0.154545, 0.974876),
        (0.587963, 0.170000, 0.978000),
        (0.517037, 0.000000, 0.960000),
        (0.531654, 0.015455, 0.960149),
        (0.545859, 0.030909, 0.960595),
        (0.559277, 0.046364, 0.961339),
        (0.571592, 0.061818, 0.962380),
        (0.582581, 0.077273, 0.963719),
        (0.592127, 0.092727, 0.965355),
        (0.600229, 0.108182, 0.967289),
        (0.607004, 0.123636, 0.969521),
        (0.612678, 0.139091, 0.972050),
        (0.617563, 0.154545, 0.974876),
        (0.622037, 0.170000, 0.978000),
        (0.551111, 0.000000, 0.960000),
        (0.565728, 0.015455, 0.960149),
        (0.579934, 0.030909, 0.960595),
        (0.593351, 0.046364, 0.961339),
        (0.605666, 0.061818, 0.962380),
        (0.616655, 0.077273, 0.963719),
        (0.626201, 0.092727, 0.965355),
        (0.634303, 0.108182, 0.967289),
        (0.641078, 0.123636, 0.969521),
        (0.646752, 0.139091, 0.972050),
        (0.651637, 0.154545, 0.974876),
        (0.656111, 0.170000, 0.978000),
        (0.585185, 0.000000, 0.960000),
        (0.599802, 0.015455, 0.960149),
        (0.614008, 0.030909, 0.960595),
        (0.627425, 0.046364, 0.961339),
        (0.639740, 0.061818, 0.962380),
        (0.650729, 0.077273, 0.963719),
        (0.660275, 0.092727, 0.965355),
        (0.668377, 0.108182, 0.967289),
        (0.675152, 0.123636, 0.969521),
        (0.680826, 0.139091, 0.972050),
        (0.685711, 0.154545, 0.974876),
        (0.690185, 0.170000, 0.978000),
        (0.619259, 0.000000, 0.960000),
        (0.633876, 0.015455, 0.960149),
        (0.648082, 0.030909, 0.960595),
        (0.661499, 0.046364, 0.961339),
        (0.673814, 0.061818, 0.962380),
        (0.684803, 0.077273, 0.963719),
        (0.694349, 0.092727, 0.965355),
        (0.702451, 0.108182, 0.967289),
        (0.709226, 0.123636, 0.969521),
        (0.714900, 0.139091, 0.972050),
        (0.719785, 0.154545, 0.974876),
        (0.724259, 0.170000, 0.978000),
        (0.653333, 0.000000, 0.960000),
        (0.667950, 0.015455, 0.960149),
        (0.682156, 0.030909, 0.960595),
        (0.695573, 0.046364, 0.961339),
        (0.707889, 0.061818, 0.962380),
        (0.718877, 0.077273, 0.963719),
        (0.728423, 0.092727, 0.965355),
        (0.736525, 0.108182, 0.967289),
        (0.743300, 0.123636, 0.969521),
        (0.748974, 0.139091, 0.972050),
        (0.753859, 0.154545, 0.974876),
        (0.758333, 0.170000, 0.978000),
        (0.687407, 0.000000, 0.960000),
        (0.702024, 0.015455, 0.960149),
        (0.716230, 0.030909, 0.960595),
        (0.729647, 0.046364, 0.961339),
        (0.741963, 0.061818, 0.962380),
        (0.752951, 0.077273, 0.963719),
        (0.762497, 0.092727, 0.965355),
        (0.770599, 0.108182, 0.967289),
        (0.777375, 0.123636, 0.969521),
        (0.783048, 0.139091, 0.972050),
        (0.787933, 0.154545, 0.974876),
        (0.792407, 0.170000, 0.978000),
        (0.721481, 0.000000, 0.960000),
        (0.736098, 0.015455, 0.960149),
        (0.750304, 0.030909, 0.960595),
        (0.763721, 0.046364, 0.961339),
        (0.776037, 0.061818, 0.962380),
        (0.787026, 0.077273, 0.963719),
        (0.796571, 0.092727, 0.965355),
        (0.804673, 0.108182, 0.967289),
        (0.811449, 0.123636, 0.969521),
        (0.817122, 0.139091, 0.972050),
        (0.822007, 0.154545, 0.974876),
        (0.826481, 0.170000, 0.978000),
        (0.755556, 0.000000, 0.960000),
        (0.770172, 0.015455, 0.960149),
        (0.784378, 0.030909, 0.960595),
        (0.797795, 0.046364, 0.961339),
        (0.810111, 0.061818, 0.962380),
        (0.821100, 0.077273, 0.963719),
        (0.830645, 0.092727, 0.965355),
        (0.838747, 0.108182, 0.967289),
        (0.845523, 0.123636, 0.969521),
        (0.851196, 0.139091, 0.972050),
        (0.856081, 0.154545, 0.974876),
        (0.860556, 0.170000, 0.978000),
        (0.789630, 0.000000, 0.960000),
        (0.804246, 0.015455, 0.960149),
        (0.818452, 0.030909, 0.960595),
        (0.831869, 0.046364, 0.961339),
        (0.844185, 0.061818, 0.962380),
        (0.855174, 0.077273, 0.963719),
        (0.864719, 0.092727, 0.965355),
        (0.872821, 0.108182, 0.967289),
        (0.879597, 0.123636, 0.969521),
        (0.885270, 0.139091, 0.972050),
        (0.890155, 0.154545, 0.974876),
        (0.894630, 0.170000, 0.978000),
        (0.823704, 0.000000, 0.960000),
        (0.838320, 0.015455, 0.960149),
        (0.852526, 0.030909, 0.960595),
        (0.865944, 0.046364, 0.961339),
        (0.878259, 0.061818, 0.962380),
        (0.889248, 0.077273, 0.963719),
        (0.898793, 0.092727, 0.965355),
        (0.906895, 0.108182, 0.967289),
        (0.913671, 0.123636, 0.969521),
        (0.919344, 0.139091, 0.972050),
        (0.924229, 0.154545, 0.974876),
        (0.928704, 0.170000, 0.978000),
        (0.857778, 0.000000, 0.960000),
        (0.872394, 0.015455, 0.960149),
        (0.886600, 0.030909, 0.960595),
        (0.900018, 0.046364, 0.961339),
        (0.912333, 0.061818, 0.962380),
        (0.923322, 0.077273, 0.963719),
        (0.932867, 0.092727, 0.965355),
        (0.940969, 0.108182, 0.967289),
        (0.947745, 0.123636, 0.969521),
        (0.953418, 0.139091, 0.972050),
        (0.958304, 0.154545, 0.974876),
        (0.962778, 0.170000, 0.978000),
        (0.891852, 0.000000, 0.960000),
        (0.906468, 0.015455, 0.960149),
        (0.920674, 0.030909, 0.960595),
        (0.934092, 0.046364, 0.961339),
        (0.946407, 0.061818, 0.962380),
        (0.957396, 0.077273, 0.963719),
        (0.966941, 0.092727, 0.965355),
        (0.975043, 0.108182, 0.967289),
        (0.981819, 0.123636, 0.969521),
        (0.987492, 0.139091, 0.972050),
        (0.992378, 0.154545, 0.974876),
        (0.996852, 0.170000, 0.978000),
        (0.925926, 0.000000, 0.960000),
        (0.940543, 0.015455, 0.960149),
        (0.954748, 0.030909, 0.960595),
        (0.968166, 0.046364, 0.961339),
        (0.980481, 0.061818, 0.962380),
        (0.991470, 0.077273, 0.963719),
        (1.001015, 0.092727, 0.965355),
        (1.009117, 0.108182, 0.967289),
        (1.015893, 0.123636, 0.969521),
        (1.021567, 0.139091, 0.972050),
        (1.026452, 0.154545, 0.974876),
        (1.030926, 0.170000, 0.978000),
        (0.960000, 0.000000, 0.960000),
        (0.974617, 0.015455, 0.960149),
        (0.988822, 0.030909, 0.960595),
        (1.002240, 0.046364, 0.961339),
        (1.014555, 0.061818, 0.962380),
        (1.025544, 0.077273, 0.963719),
        (1.035090, 0.092727, 0.965355),
        (1.043192, 0.108182, 0.967289),
        (1.049967, 0.123636, 0.969521),
        (1.055641, 0.139091, 0.972050),
        (1.060526, 0.154545, 0.974876),
        (1.065000, 0.170000, 0.978000)
    ]
    point3f[] primvars:rest = [
        (0.040000, 0.000000, 0.040000),
        (0.054617, 0.015455, 0.040149),
        (0.068822, 0.030909, 0.040595),
        (0.082240, 0.046364, 0.041339),
        (0.094555, 0.061818, 0.042380),
        (0.105544, 0.077273, 0.043719),
        (0.115090, 0.092727, 0.045355),
        (0.123192, 0.108182, 0.047289),
        (0.129967, 0.123636, 0.049521),
        (0.135641, 0.139091, 0.052050),
        (0.140526, 0.154545, 0.054876),
        (0.145000, 0.170000, 0.058000),
        (0.074074, 0.000000, 0.040000),
        (0.088691, 0.015455, 0.040149),
        (0.102897, 0.030909, 0.040595),
        (0.116314, 0.046364, 0.041339),
        (0.128629, 0.061818, 0.042380),
        (0.139618, 0.077273, 0.043719),
        (0.149164, 0.092727, 0.045355),
        (0.157266, 0.108182, 0.047289),
        (0.164041, 0.123636, 0.049521),
        (0.169715, 0.139091, 0.052050),
        (0.174600, 0.154545, 0.054876),
        (0.179074, 0.170000, 0.058000),
        (0.108148, 0.000000, 0.040000),
        (0.122765, 0.015455, 0.040149),
        (0.136971, 0.030909, 0.040595),
        (0.150388, 0.046364, 0.041339),
        (0.162703, 0.061818, 0.042380),
        (0.173692, 0.077273, 0.043719),
        (0.183238, 0.092727, 0.045355),
        (0.191340, 0.108182, 0.047289),
        (0.198115, 0.123636, 0.049521),
        (0.203789, 0.139091, 0.052050),
        (0.208674, 0.154545, 0.054876),
        (0.213148, 0.170000, 0.058000),
        (0.142222, 0.000000, 0.040000),
        (0.156839, 0.015455, 0.040149),
        (0.171045, 0.030909, 0.040595),
        (0.184462, 0.046364, 0.041339),
        (0.196777, 0.061818, 0.042380),
        (0.207766, 0.077273, 0.043719),
        (0.217312, 0.092727, 0.045355),
        (0.225414, 0.108182, 0.047289),
        (0.232189, 0.123636, 0.049521),
        (0.237863, 0.139091, 0.052050),
        (0.242748, 0.154545, 0.054876),
        (0.247222, 0.170000, 0.058000),
        (0.176296, 0.000000, 0.040000),
        (0.190913, 0.015455, 0.040149),
        (0.205119, 0.030909, 0.040595),
        (0.218536, 0.046364, 0.041339),
        (0.230851, 0.061818, 0.042380),
        (0.241840, 0.077273, 0.043719),
        (0.251386, 0.092727, 0.045355),
        (0.259488, 0.108182, 0.047289),
        (0.266263, 0.123636, 0.049521),
        (0.271937, 0.139091, 0.052050),
        (0.276822, 0.154545, 0.054876),
        (0.281296, 0.170000, 0.058000),
        (0.210370, 0.000000, 0.040000),
        (0.224987, 0.015455, 0.040149),
        (0.239193, 0.030909, 0.040595),
        (0.252610, 0.046364, 0.041339),
        (0.264926, 0.061818, 0.042380),
        (0.275914, 0.077273, 0.043719),
        (0.285460, 0.092727, 0.045355),
        (0.293562, 0.108182, 0.047289),
        (0.300337, 0.123636, 0.049521),
        (0.306011, 0.139091, 0.052050),
        (0.310896, 0.154545, 0.054876),
        (0.315370, 0.170000, 0.058000),
        (0.244444, 0.000000, 0.040000),
        (0.259061, 0.015455, 0.040149),
        (0.273267, 0.030909, 0.040595),
        (0.286684, 0.046364, 0.041339),
        (0.299000, 0.061818, 0.042380),
        (0.309989, 0.077273, 0.043719),
        (0.319534, 0.092727, 0.045355),
        (0.327636, 0.108182, 0.047289),
        (0.334412, 0.123636, 0.049521),
        (0.340085, 0.139091, 0.052050),
        (0.344970, 0.154545, 0.054876),
        (0.349444, 0.170000, 0.058000),
        (0.278519, 0.000000, 0.040000),
        (0.293135, 0.015455, 0.040149),
        (0.307341, 0.030909, 0.040595),
        (0.320758, 0.046364, 0.041339),
        (0.333074, 0.061818, 0.042380),
        (0.344063, 0.077273, 0.043719),
        (0.353608, 0.092727, 0.045355),
        (0.361710, 0.108182, 0.047289),
        (0.368486, 0.123636, 0.049521),
        (0.374159, 0.139091, 0.052050),
        (0.379044, 0.154545, 0.054876),
        (0.383519, 0.170000, 0.058000),
        (0.312593, 0.000000, 0.040000),
        (0.327209, 0.015455, 0.040149),
        (0.341415, 0.030909, 0.040595),
        (0.354832, 0.046364, 0.041339),
        (0.367148, 0.061818, 0.042380),
        (0.378137, 0.077273, 0.043719),
        (0.387682, 0.092727, 0.045355),
        (0.395784, 0.108182, 0.047289),
        (0.402560, 0.123636, 0.049521),
        (0.408233, 0.139091, 0.052050),
        (0.413118, 0.154545, 0.054876),
        (0.417593, 0.170000, 0.058000),
        (0.346667, 0.000000, 0.040000),
        (0.361283, 0.015455, 0.040149),
        (0.375489, 0.030909, 0.040595),
        (0.388907, 0.046364, 0.041339),
        (0.401222, 0.061818, 0.042380),
        (0.412211, 0.077273, 0.043719),
        (0.421756, 0.092727, 0.045355),
        (0.429858, 0.108182, 0.047289),
        (0.436634, 0.123636, 0.049521),
        (0.442307, 0.139091, 0.052050),
        (0.447192, 0.154545, 0.054876),
        (0.451667, 0.170000, 0.058000),
        (0.380741, 0.000000, 0.040000),
        (0.395357, 0.015455, 0.040149),
        (0.409563, 0.030909, 0.040595),
        (0.422981, 0.046364, 0.041339),
        (0.435296, 0.061818, 0.042380),
        (0.446285, 0.077273, 0.043719),
        (0.455830, 0.092727, 0.045355),
        (0.463932, 0.108182, 0.047289),
        (0.470708, 0.123636, 0.049521),
        (0.476381, 0.139091, 0.052050),
        (0.481266, 0.154545, 0.054876),
        (0.485741, 0.170000, 0.058000),
        (0.414815, 0.000000, 0.040000),
        (0.429431, 0.015455, 0.040149),
        (0.443637, 0.030909, 0.040595),
        (0.457055, 0.046364, 0.041339),
        (0.469370, 0.061818, 0.042380),
        (0.480359, 0.077273, 0.043719),
        (0.489904, 0.092727, 0.045355),
        (0.498006, 0.108182, 0.047289),
        (0.504782, 0.123636, 0.049521),
        (0.510455, 0.139091, 0.052050),
        (0.515341, 0.154545, 0.054876),
        (0.519815, 0.170000, 0.058000),
        (0.448889, 0.000000, 0.040000),
        (0.463506, 0.015455, 0.040149),
        (0.477711, 0.030909, 0.040595),
        (0.491129, 0.046364, 0.041339),
        (0.503444, 0.061818, 0.042380),
        (0.514433, 0.077273, 0.043719),
        (0.523978, 0.092727, 0.045355),
        (0.532080, 0.108182, 0.047289),
        (0.538856, 0.123636, 0.049521),
        (0.544530, 0.139091, 0.052050),
        (0.549415, 0.154545, 0.054876),
        (0.553889, 0.170000, 0.058000),
        (0.482963, 0.000000, 0.040000),
        (0.497580, 0.015455, 0.040149),
        (0.511785, 0.030909, 0.040595),
        (0.525203, 0.046364, 0.041339),
        (0.537518, 0.061818, 0.042380),
        (0.548507, 0.077273, 0.043719),
        (0.558052, 0.092727, 0.045355),
        (0.566155, 0.108182, 0.047289),
        (0.572930, 0.123636, 0.049521),
        (0.578604, 0.139091, 0.052050),
        (0.583489, 0.154545, 0.054876),
        (0.587963, 0.170000, 0.058000),
        (0.517037, 0.000000, 0.040000),
        (0.531654, 0.015455, 0.040149),
        (0.545859, 0.030909, 0.040595),
        (0.559277, 0.046364, 0.041339),
        (0.571592, 0.061818, 0.042380),
        (0.582581, 0.077273, 0.043719),
        (0.592127, 0.092727, 0.045355),
        (0.600229, 0.108182, 0.047289),
        (0.607004, 0.123636, 0.049521),
        (0.612678, 0.139091, 0.052050),
        (0.617563, 0.154545, 0.054876),
        (0.622037, 0.170000, 0.058000),
        (0.551111, 0.000000, 0.040000),
        (0.565728, 0.015455, 0.040149),
        (0.579934, 0.030909, 0.040595),
        (0.593351, 0.046364, 0.041339),
        (0.605666, 0.061818, 0.042380),
        (0.616655, 0.077273, 0.043719),
        (0.626201, 0.092727, 0.045355),
        (0.634303, 0.108182, 0.047289),
        (0.641078, 0.123636, 0.049521),
        (0.646752, 0.139091, 0.052050),
        (0.651637, 0.154545, 0.054876),
        (0.656111, 0.170000, 0.058000),
        (0.585185, 0.000000, 0.040000),
        (0.599802, 0.015455, 0.040149),
        (0.614008, 0.030909, 0.040595),
        (0.627425, 0.046364, 0.041339),
        (0.639740, 0.061818, 0.042380),
        (0.650729, 0.077273, 0.043719),
        (0.660275, 0.092727, 0.045355),
        (0.668377, 0.108182, 0.047289),
        (0.675152, 0.123636, 0.049521),
        (0.680826, 0.139091, 0.052050),
        (0.685711, 0.154545, 0.054876),
        (0.690185, 0.170000, 0.058000),
        (0.619259, 0.000000, 0.040000),
        (0.633876, 0.015455, 0.040149),
        (0.648082, 0.030909, 0.040595),
        (0.661499, 0.046364, 0.041339),
        (0.673814, 0.061818, 0.042380),
        (0.684803, 0.077273, 0.043719),
        (0.694349, 0.092727, 0.045355),
        (0.702451, 0.108182, 0.047289),
        (0.709226, 0.123636, 0.049521),
        (0.714900, 0.139091, 0.052050),
        (0.719785, 0.154545, 0.054876),
        (0.724259, 0.170000, 0.058000),
        (0.653333, 0.000000, 0.040000),
        (0.667950, 0.015455, 0.040149),
        (0.682156, 0.030909, 0.040595),
        (0.695573, 0.046364, 0.041339),
        (0.707889, 0.061818, 0.042380),
        (0.718877, 0.077273, 0.043719),
        (0.728423, 0.092727, 0.045355),
        (0.736525, 0.108182, 0.047289),
        (0.743300, 0.123636, 0.049521),
        (0.748974, 0.139091, 0.052050),
        (0.753859, 0.154545, 0.054876),
        (0.758333, 0.170000, 0.058000),
        (0.687407, 0.000000, 0.040000),
        (0.702024, 0.015455, 0.040149),
        (0.716230, 0.030909, 0.040595),
        (0.729647, 0.046364, 0.041339),
        (0.741963, 0.061818, 0.042380),
        (0.752951, 0.077273, 0.043719),
        (0.762497, 0.092727, 0.045355),
        (0.770599, 0.108182, 0.047289),
        (0.777375, 0.123636, 0.049521),
        (0.783048, 0.139091, 0.052050),
        (0.787933, 0.154545, 0.054876),
        (0.792407, 0.170000, 0.058000),
        (0.721481, 0.000000, 0.040000),
        (0.736098, 0.015455, 0.040149),
        (0.750304, 0.030909, 0.040595),
        (0.763721, 0.046364, 0.041339),
        (0.776037, 0.061818, 0.042380),
        (0.787026, 0.077273, 0.043719),
        (0.796571, 0.092727, 0.045355),
        (0.804673, 0.108182, 0.047289),
        (0.811449, 0.123636, 0.049521),
        (0.817122, 0.139091, 0.052050),
        (0.822007, 0.154545, 0.054876),
        (0.826481, 0.170000, 0.058000),
        (0.755556, 0.000000, 0.040000),
        (0.770172, 0.015455, 0.040149),
        (0.784378, 0.030909, 0.040595),
        (0.797795, 0.046364, 0.041339),
        (0.810111, 0.061818, 0.042380),
        (0.821100, 0.077273, 0.043719),
        (0.830645, 0.092727, 0.045355),
        (0.838747, 0.108182, 0.047289),
        (0.845523, 0.123636, 0.049521),
        (0.851196, 0.139091, 0.052050),
        (0.856081, 0.154545, 0.054876),
        (0.860556, 0.170000, 0.058000),
        (0.789630, 0.000000, 0.040000),
        (0.804246, 0.015455, 0.040149),
        (0.818452, 0.030909, 0.040595),
        (0.831869, 0.046364, 0.041339),
        (0.844185, 0.061818, 0.042380),
        (0.855174, 0.077273, 0.043719),
        (0.864719, 0.092727, 0.045355),
        (0.872821, 0.108182, 0.047289),
        (0.879597, 0.123636, 0.049521),
        (0.885270, 0.139091, 0.052050),
        (0.890155, 0.154545, 0.054876),
        (0.894630, 0.170000, 0.058000),
        (0.823704, 0.000000, 0.040000),
        (0.838320, 0.015455, 0.040149),
        (0.852526, 0.030909, 0.040595),
        (0.865944, 0.046364, 0.041339),
        (0.878259, 0.061818, 0.042380),
        (0.889248, 0.077273, 0.043719),
        (0.898793, 0.092727, 0.045355),
        (0.906895, 0.108182, 0.047289),
        (0.913671, 0.123636, 0.049521),
        (0.919344, 0.139091, 0.052050),
        (0.924229, 0.154545, 0.054876),
        (0.928704, 0.170000, 0.058000),
        (0.857778, 0.000000, 0.040000),
        (0.872394, 0.015455, 0.040149),
        (0.886600, 0.030909, 0.040595),
        (0.900018, 0.046364, 0.041339),
        (0.912333, 0.061818, 0.042380),
        (0.923322, 0.077273, 0.043719),
        (0.932867, 0.092727, 0.045355),
        (0.940969, 0.108182, 0.047289),
        (0.947745, 0.123636, 0.049521),
        (0.953418, 0.139091, 0.052050),
        (0.958304, 0.154545, 0.054876),
        (0.962778, 0.170000, 0.058000),
        (0.891852, 0.000000, 0.040000),
        (0.906468, 0.015455, 0.040149),
        (0.920674, 0.030909, 0.040595),
        (0.934092, 0.046364, 0.041339),
        (0.946407, 0.061818, 0.042380),
        (0.957396, 0.077273, 0.043719),
        (0.966941, 0.092727, 0.045355),
        (0.975043, 0.108182, 0.047289),
        (0.981819, 0.123636, 0.049521),
        (0.987492, 0.139091, 0.052050),
        (0.992378, 0.154545, 0.054876),
        (0.996852, 0.170000, 0.058000),
        (0.925926, 0.000000, 0.040000),
        (0.940543, 0.015455, 0.040149),
        (0.954748, 0.030909, 0.040595),
        (0.968166, 0.046364, 0.041339),
        (0.980481, 0.061818, 0.042380),
        (0.991470, 0.077273, 0.043719),
        (1.001015, 0.092727, 0.045355),
        (1.009117, 0.108182, 0.047289),
        (1.015893, 0.123636, 0.049521),
        (1.021567, 0.139091, 0.052050),
        (1.026452, 0.154545, 0.054876),
        (1.030926, 0.170000, 0.058000),
        (0.960000, 0.000000, 0.040000),
        (0.974617, 0.015455, 0.040149),
        (0.988822, 0.030909, 0.040595),
        (1.002240, 0.046364, 0.041339),
        (1.014555, 0.061818, 0.042380),
        (1.025544, 0.077273, 0.043719),
        (1.035090, 0.092727, 0.045355),
        (1.043192, 0.108182, 0.047289),
        (1.049967, 0.123636, 0.049521),
        (1.055641, 0.139091, 0.052050),
        (1.060526, 0.154545, 0.054876),
        (1.065000, 0.170000, 0.058000),
        (0.040000, 0.000000, 0.074074),
        (0.054617, 0.015455, 0.074223),
        (0.068822, 0.030909, 0.074669),
        (0.082240, 0.046364, 0.075413),
        (0.094555, 0.061818, 0.076454),
        (0.105544, 0.077273, 0.077793),
        (0.115090, 0.092727, 0.079429),
        (0.123192, 0.108182, 0.081363),
        (0.129967, 0.123636, 0.083595),
        (0.135641, 0.139091, 0.086124),
        (0.140526, 0.154545, 0.088950),
        (0.145000, 0.170000, 0.092074),
        (0.074074, 0.000000, 0.074074),
        (0.088691, 0.015455, 0.074223),
        (0.102897, 0.030909, 0.074669),
        (0.116314, 0.046364, 0.075413),
        (0.128629, 0.061818, 0.076454),
        (0.139618, 0.077273, 0.077793),
        (0.149164, 0.092727, 0.079429),
        (0.157266, 0.108182, 0.081363),
        (0.164041, 0.123636, 0.083595),
        (0.169715, 0.139091, 0.086124),
        (0.174600, 0.154545, 0.088950),
        (0.179074, 0.170000, 0.092074),
        (0.108148, 0.000000, 0.074074),
        (0.122765, 0.015455, 0.074223),
        (0.136971, 0.030909, 0.074669),
        (0.150388, 0.046364, 0.075413),
        (0.162703, 0.061818, 0.076454),
        (0.173692, 0.077273, 0.077793),
        (0.183238, 0.092727, 0.079429),
        (0.191340, 0.108182, 0.081363),
        (0.198115, 0.123636, 0.083595),
        (0.203789, 0.139091, 0.086124),
        (0.208674, 0.154545, 0.088950),
        (0.213148, 0.170000, 0.092074),
        (0.142222, 0.000000, 0.074074),
        (0.156839, 0.015455, 0.074223),
        (0.171045, 0.030909, 0.074669),
        (0.184462, 0.046364, 0.075413),
        (0.196777, 0.061818, 0.076454),
        (0.207766, 0.077273, 0.077793),
        (0.217312, 0.092727, 0.079429),
        (0.225414, 0.108182, 0.081363),
        (0.232189, 0.123636, 0.083595),
        (0.237863, 0.139091, 0.086124),
        (0.242748, 0.154545, 0.088950),
        (0.247222, 0.170000, 0.092074),
        (0.176296, 0.000000, 0.074074),
        (0.190913, 0.015455, 0.074223),
        (0.205119, 0.030909, 0.074669),
        (0.218536, 0.046364, 0.075413),
        (0.230851, 0.061818, 0.076454),
        (0.241840, 0.077273, 0.077793),
        (0.251386, 0.092727, 0.079429),
        (0.259488, 0.108182, 0.081363),
        (0.266263, 0.123636, 0.083595),
        (0.271937, 0.139091, 0.086124),
        (0.276822, 0.154545, 0.088950),
        (0.281296, 0.170000, 0.092074),
        (0.210370, 0.000000, 0.074074),
        (0.224987, 0.015455, 0.074223),
        (0.239193, 0.030909, 0.074669),
        (0.252610, 0.046364, 0.075413),
        (0.264926, 0.061818, 0.076454),
        (0.275914, 0.077273, 0.077793),
        (0.285460, 0.092727, 0.079429),
        (0.293562, 0.108182, 0.081363),
        (0.300337, 0.123636, 0.083595),
        (0.306011, 0.139091, 0.086124),
        (0.310896, 0.154545, 0.088950),
        (0.315370, 0.170000, 0.092074),
        (0.244444, 0.000000, 0.074074),
        (0.259061, 0.015455, 0.074223),
        (0.273267, 0.030909, 0.074669),
        (0.286684, 0.046364, 0.075413),
        (0.299000, 0.061818, 0.076454),
        (0.309989, 0.077273, 0.077793),
        (0.319534, 0.092727, 0.079429),
        (0.327636, 0.108182, 0.081363),
        (0.334412, 0.123636, 0.083595),
        (0.340085, 0.139091, 0.086124),
        (0.344970, 0.154545, 0.088950),
        (0.349444, 0.170000, 0.092074),
        (0.278519, 0.000000, 0.074074),
        (0.293135, 0.015455, 0.074223),
        (0.307341, 0.030909, 0.074669),
        (0.320758, 0.046364, 0.075413),
        (0.333074, 0.061818, 0.076454),
        (0.344063, 0.077273, 0.077793),
        (0.353608, 0.092727, 0.079429),
        (0.361710, 0.108182, 0.081363),
        (0.368486, 0.123636, 0.083595),
        (0.374159, 0.139091, 0.086124),
        (0.379044, 0.154545, 0.088950),
        (0.383519, 0.170000, 0.092074),
        (0.312593, 0.000000, 0.074074),
        (0.327209, 0.015455, 0.074223),
        (0.341415, 0.030909, 0.074669),
        (0.354832, 0.046364, 0.075413),
        (0.367148, 0.061818, 0.076454),
        (0.378137, 0.077273, 0.077793),
        (0.387682, 0.092727, 0.079429),
        (0.395784, 0.108182, 0.081363),
        (0.402560, 0.123636, 0.083595),
        (0.408233, 0.139091, 0.086124),
        (0.413118, 0.154545, 0.088950),
        (0.417593, 0.170000, 0.092074),
        (0.346667, 0.000000, 0.074074),
        (0.361283, 0.015455, 0.074223),
        (0.375489, 0.030909, 0.074669),
        (0.388907, 0.046364, 0.075413),
        (0.401222, 0.061818, 0.076454),
        (0.412211, 0.077273, 0.077793),
        (0.421756, 0.092727, 0.079429),
        (0.429858, 0.108182, 0.081363),
        (0.436634, 0.123636, 0.083595),
        (0.442307, 0.139091, 0.086124),
        (0.447192, 0.154545, 0.088950),
        (0.451667, 0.170000, 0.092074),
        (0.380741, 0.000000, 0.074074),
        (0.395357, 0.015455, 0.074223),
        (0.409563, 0.030909, 0.074669),
        (0.422981, 0.046364, 0.075413),
        (0.435296, 0.061818, 0.076454),
        (0.446285, 0.077273, 0.077793),
        (0.455830, 0.092727, 0.079429),
        (0.463932, 0.108182, 0.081363),
        (0.470708, 0.123636, 0.083595),
        (0.476381, 0.139091, 0.086124),
        (0.481266, 0.154545, 0.088950),
        (0.485741, 0.170000, 0.092074),
        (0.414815, 0.000000, 0.074074),
        (0.429431, 0.015455, 0.074223),
        (0.443637, 0.030909, 0.074669),
        (0.457055, 0.046364, 0.075413),
        (0.469370, 0.061818, 0.076454),
        (0.480359, 0.077273, 0.077793),
        (0.489904, 0.092727, 0.079429),
        (0.498006, 0.108182, 0.081363),
        (0.504782, 0.123636, 0.083595),
        (0.510455, 0.139091, 0.086124),
        (0.515341, 0.154545, 0.088950),
        (0.519815, 0.170000, 0.092074),
        (0.448889, 0.000000, 0.074074),
        (0.463506, 0.015455, 0.074223),
        (0.477711, 0.030909, 0.074669),
        (0.491129, 0.046364, 0.075413),
        (0.503444, 0.061818, 0.076454),
        (0.514433, 0.077273, 0.077793),
        (0.523978, 0.092727, 0.079429),
        (0.532080, 0.108182, 0.081363),
        (0.538856, 0.123636, 0.083595),
        (0.544530, 0.139091, 0.086124),
        (0.549415, 0.154545, 0.088950),
        (0.553889, 0.170000, 0.092074),
        (0.482963, 0.000000, 0.074074),
        (0.497580, 0.015455, 0.074223),
        (0.511785, 0.030909, 0.074669),
        (0.525203, 0.046364, 0.075413),
        (0.537518, 0.061818, 0.076454),
        (0.548507, 0.077273, 0.077793),
        (0.558052, 0.092727, 0.079429),
        (0.566155, 0.108182, 0.081363),
        (0.572930, 0.123636, 0.083595),
        (0.578604, 0.139091, 0.086124),
        (0.583489, 0.154545, 0.088950),
        (0.587963, 0.170000, 0.092074),
        (0.517037, 0.000000, 0.074074),
        (0.531654, 0.015455, 0.074223),
        (0.545859, 0.030909, 0.074669),
        (0.559277, 0.046364, 0.075413),
        (0.571592, 0.061818, 0.076454),
        (0.582581, 0.077273, 0.077793),
        (0.592127, 0.092727, 0.079429),
        (0.600229, 0.108182, 0.081363),
        (0.607004, 0.123636, 0.083595),
        (0.612678, 0.139091, 0.086124),
        (0.617563, 0.154545, 0.088950),
        (0.622037, 0.170000, 0.092074),
        (0.551111, 0.000000, 0.074074),
        (0.565728, 0.015455, 0.074223),
        (0.579934, 0.030909, 0.074669),
        (0.593351, 0.046364, 0.075413),
        (0.605666, 0.061818, 0.076454),
        (0.616655, 0.077273, 0.077793),
        (0.626201, 0.092727, 0.079429),
        (0.634303, 0.108182, 0.081363),
        (0.641078, 0.123636, 0.083595),
        (0.646752, 0.139091, 0.086124),
        (0.651637, 0.154545, 0.088950),
        (0.656111, 0.170000, 0.092074),
        (0.585185, 0.000000, 0.074074),
        (0.599802, 0.015455, 0.074223),
        (0.614008, 0.030909, 0.074669),
        (0.627425, 0.046364, 0.075413),
        (0.639740, 0.061818, 0.076454),
        (0.650729, 0.077273, 0.077793),
        (0.660275, 0.092727, 0.079429),
        (0.668377, 0.108182, 0.081363),
        (0.675152, 0.123636, 0.083595),
        (0.680826, 0.139091, 0.086124),
        (0.685711, 0.154545, 0.088950),
        (0.690185, 0.170000, 0.092074),
        (0.619259, 0.000000, 0.074074),
        (0.633876, 0.015455, 0.074223),
        (0.648082, 0.030909, 0.074669),
        (0.661499, 0.046364, 0.075413),
        (0.673814, 0.061818, 0.076454),
        (0.684803, 0.077273, 0.077793),
        (0.694349, 0.092727, 0.079429),
        (0.702451, 0.108182, 0.081363),
        (0.709226, 0.123636, 0.083595),
        (0.714900, 0.139091, 0.086124),
        (0.719785, 0.154545, 0.088950),
        (0.724259, 0.170000, 0.092074),
        (0.653333, 0.000000, 0.074074),
        (0.667950, 0.015455, 0.074223),
        (0.682156, 0.030909, 0.074669),
        (0.695573, 0.046364, 0.075413),
        (0.707889, 0.061818, 0.076454),
        (0.718877, 0.077273, 0.077793),
        (0.728423, 0.092727, 0.079429),
        (0.736525, 0.108182, 0.081363),
        (0.743300, 0.123636, 0.083595),
        (0.748974, 0.139091, 0.086124),
        (0.753859, 0.154545, 0.088950),
        (0.758333, 0.170000, 0.092074),
        (0.687407, 0.000000, 0.074074),
        (0.702024, 0.015455, 0.074223),
        (0.716230, 0.030909, 0.074669),
        (0.729647, 0.046364, 0.075413),
        (0.741963, 0.061818, 0.076454),
        (0.752951, 0.077273, 0.077793),
        (0.762497, 0.092727, 0.079429),
        (0.770599, 0.108182, 0.081363),
        (0.777375, 0.123636, 0.083595),
        (0.783048, 0.139091, 0.086124),
        (0.787933, 0.154545, 0.088950),
        (0.792407, 0.170000, 0.092074),
        (0.721481, 0.000000, 0.074074),
        (0.736098, 0.015455, 0.074223),
        (0.750304, 0.030909, 0.074669),
        (0.763721, 0.046364, 0.075413),
        (0.776037, 0.061818, 0.076454),
        (0.787026, 0.077273, 0.077793),
        (0.796571, 0.092727, 0.079429),
        (0.804673, 0.108182, 0.081363),
        (0.811449, 0.123636, 0.083595),
        (0.817122, 0.139091, 0.086124),
        (0.822007, 0.154545, 0.088950),
        (0.826481, 0.170000, 0.092074),
        (0.755556, 0.000000, 0.074074),
        (0.770172, 0.015455, 0.074223),
        (0.784378, 0.030909, 0.074669),
        (0.797795, 0.046364, 0.075413),
        (0.810111, 0.061818, 0.076454),
        (0.821100, 0.077273, 0.077793),
        (0.830645, 0.092727, 0.079429),
        (0.838747, 0.108182, 0.081363),
        (0.845523, 0.123636, 0.083595),
        (0.851196, 0.139091, 0.086124),
        (0.856081, 0.154545, 0.088950),
        (0.860556, 0.170000, 0.092074),
        (0.789630, 0.000000, 0.074074),
        (0.804246, 0.015455, 0.074223),
        (0.818452, 0.030909, 0.074669),
        (0.831869, 0.046364, 0.075413),
        (0.844185, 0.061818, 0.076454),
        (0.855174, 0.077273, 0.077793),
        (0.864719, 0.092727, 0.079429),
        (0.872821, 0.108182, 0.081363),
        (0.879597, 0.123636, 0.083595),
        (0.885270, 0.139091, 0.086124),
        (0.890155, 0.154545, 0.088950),
        (0.894630, 0.170000, 0.092074),
        (0.823704, 0.000000, 0.074074),
        (0.838320, 0.015455, 0.074223),
        (0.852526, 0.030909, 0.074669),
        (0.865944, 0.046364, 0.075413),
        (0.878259, 0.061818, 0.076454),
        (0.889248, 0.077273, 0.077793),
        (0.898793, 0.092727, 0.079429),
        (0.906895, 0.108182, 0.081363),
        (0.913671, 0.123636, 0.083595),
        (0.919344, 0.139091, 0.086124),
        (0.924229, 0.154545, 0.088950),
        (0.928704, 0.170000, 0.092074),
        (0.857778, 0.000000, 0.074074),
        (0.872394, 0.015455, 0.074223),
        (0.886600, 0.030909, 0.074669),
        (0.900018, 0.046364, 0.075413),
        (0.912333, 0.061818, 0.076454),
        (0.923322, 0.077273, 0.077793),
        (0.932867, 0.092727, 0.079429),
        (0.940969, 0.108182, 0.081363),
        (0.947745, 0.123636, 0.083595),
        (0.953418, 0.139091, 0.086124),
        (0.958304, 0.154545, 0.088950),
        (0.962778, 0.170000, 0.092074),
        (0.891852, 0.000000, 0.074074),
        (0.906468, 0.015455, 0.074223),
        (0.920674, 0.030909, 0.074669),
        (0.934092, 0.046364, 0.075413),
        (0.946407, 0.061818, 0.076454),
        (0.957396, 0.077273, 0.077793),
        (0.966941, 0.092727, 0.079429),
        (0.975043, 0.108182, 0.081363),
        (0.981819, 0.123636, 0.083595),
        (0.987492, 0.139091, 0.086124),
        (0.992378, 0.154545, 0.088950),
        (0.996852, 0.170000, 0.092074),
        (0.925926, 0.000000, 0.074074),
        (0.940543, 0.015455, 0.074223),
        (0.954748, 0.030909, 0.074669),
        (0.968166, 0.046364, 0.075413),
        (0.980481, 0.061818, 0.076454),
        (0.991470, 0.077273, 0.077793),
        (1.001015, 0.092727, 0.079429),
        (1.009117, 0.108182, 0.081363),
        (1.015893, 0.123636, 0.083595),
        (1.021567, 0.139091, 0.086124),
        (1.026452, 0.154545, 0.088950),
        (1.030926, 0.170000, 0.092074),
        (0.960000, 0.000000, 0.074074),
        (0.974617, 0.015455, 0.074223),
        (0.988822, 0.030909, 0.074669),
        (1.002240, 0.046364, 0.075413),
        (1.014555, 0.061818, 0.076454),
        (1.025544, 0.077273, 0.077793),
        (1.035090, 0.092727, 0.079429),
        (1.043192, 0.108182, 0.081363),
        (1.049967, 0.123636, 0.083595),
        (1.055641, 0.139091, 0.086124),
        (1.060526, 0.154545, 0.088950),
        (1.065000, 0.170000, 0.092074),
        (0.040000, 0.000000, 0.108148),
        (0.054617, 0.015455, 0.108297),
        (0.068822, 0.030909, 0.108743),
        (0.082240, 0.046364, 0.109487),
        (0.094555, 0.061818, 0.110528),
        (0.105544, 0.077273, 0.111867),
        (0.115090, 0.092727, 0.113504),
        (0.123192, 0.108182, 0.115437),
        (0.129967, 0.123636, 0.117669),
        (0.135641, 0.139091, 0.120198),
        (0.140526, 0.154545, 0.123024),
        (0.145000, 0.170000, 0.126148),
        (0.074074, 0.000000, 0.108148),
        (0.088691, 0.015455, 0.108297),
        (0.102897, 0.030909, 0.108743),
        (0.116314, 0.046364, 0.109487),
        (0.128629, 0.061818, 0.110528),
        (0.139618, 0.077273, 0.111867),
        (0.149164, 0.092727, 0.113504),
        (0.157266, 0.108182, 0.115437),
        (0.164041, 0.123636, 0.117669),
        (0.169715, 0.139091, 0.120198),
        (0.174600, 0.154545, 0.123024),
        (0.179074, 0.170000, 0.126148),
        (0.108148, 0.000000, 0.108148),
        (0.122765, 0.015455, 0.108297),
        (0.136971, 0.030909, 0.108743),
        (0.150388, 0.046364, 0.109487),
        (0.162703, 0.061818, 0.110528),
        (0.173692, 0.077273, 0.111867),
        (0.183238, 0.092727, 0.113504),
        (0.191340, 0.108182, 0.115437),
        (0.198115, 0.123636, 0.117669),
        (0.203789, 0.139091, 0.120198),
        (0.208674, 0.154545, 0.123024),
        (0.213148, 0.170000, 0.126148),
        (0.142222, 0.000000, 0.108148),
        (0.156839, 0.015455, 0.108297),
        (0.171045, 0.030909, 0.108743),
        (0.184462, 0.046364, 0.109487),
        (0.196777, 0.061818, 0.110528),
        (0.207766, 0.077273, 0.111867),
        (0.217312, 0.092727, 0.113504),
        (0.225414, 0.108182, 0.115437),
        (0.232189, 0.123636, 0.117669),
        (0.237863, 0.139091, 0.120198),
        (0.242748, 0.154545, 0.123024),
        (0.247222, 0.170000, 0.126148),
        (0.176296, 0.000000, 0.108148),
        (0.190913, 0.015455, 0.108297),
        (0.205119, 0.030909, 0.108743),
        (0.218536, 0.046364, 0.109487),
        (0.230851, 0.061818, 0.110528),
        (0.241840, 0.077273, 0.111867),
        (0.251386, 0.092727, 0.113504),
        (0.259488, 0.108182, 0.115437),
        (0.266263, 0.123636, 0.117669),
        (0.271937, 0.139091, 0.120198),
        (0.276822, 0.154545, 0.123024),
        (0.281296, 0.170000, 0.126148),
        (0.210370, 0.000000, 0.108148),
        (0.224987, 0.015455, 0.108297),
        (0.239193, 0.030909, 0.108743),
        (0.252610, 0.046364, 0.109487),
        (0.264926, 0.061818, 0.110528),
        (0.275914, 0.077273, 0.111867),
        (0.285460, 0.092727, 0.113504),
        (0.293562, 0.108182, 0.115437),
        (0.300337, 0.123636, 0.117669),
        (0.306011, 0.139091, 0.120198),
        (0.310896, 0.154545, 0.123024),
        (0.315370, 0.170000, 0.126148),
        (0.244444, 0.000000, 0.108148),
        (0.259061, 0.015455, 0.108297),
        (0.273267, 0.030909, 0.108743),
        (0.286684, 0.046364, 0.109487),
        (0.299000, 0.061818, 0.110528),
        (0.309989, 0.077273, 0.111867),
        (0.319534, 0.092727, 0.113504),
        (0.327636, 0.108182, 0.115437),
        (0.334412, 0.123636, 0.117669),
        (0.340085, 0.139091, 0.120198),
        (0.344970, 0.154545, 0.123024),
        (0.349444, 0.170000, 0.126148),
        (0.278519, 0.000000, 0.108148),
        (0.293135, 0.015455, 0.108297),
        (0.307341, 0.030909, 0.108743),
        (0.320758, 0.046364, 0.109487),
        (0.333074, 0.061818, 0.110528),
        (0.344063, 0.077273, 0.111867),
        (0.353608, 0.092727, 0.113504),
        (0.361710, 0.108182, 0.115437),
        (0.368486, 0.123636, 0.117669),
        (0.374159, 0.139091, 0.120198),
        (0.379044, 0.154545, 0.123024),
        (0.383519, 0.170000, 0.126148),
        (0.312593, 0.000000, 0.108148),
        (0.327209, 0.015455, 0.108297),
        (0.341415, 0.030909, 0.108743),
        (0.354832, 0.046364, 0.109487),
        (0.367148, 0.061818, 0.110528),
        (0.378137, 0.077273, 0.111867),
        (0.387682, 0.092727, 0.113504),
        (0.395784, 0.108182, 0.115437),
        (0.402560, 0.123636, 0.117669),
        (0.408233, 0.139091, 0.120198),
        (0.413118, 0.154545, 0.123024),
        (0.417593, 0.170000, 0.126148),
        (0.346667, 0.000000, 0.108148),
        (0.361283, 0.015455, 0.108297),
        (0.375489, 0.030909, 0.108743),
        (0.388907, 0.046364, 0.109487),
        (0.401222, 0.061818, 0.110528),
        (0.412211, 0.077273, 0.111867),
        (0.421756, 0.092727, 0.113504),
        (0.429858, 0.108182, 0.115437),
        (0.436634, 0.123636, 0.117669),
        (0.442307, 0.139091, 0.120198),
        (0.447192, 0.154545, 0.123024),
        (0.451667, 0.170000, 0.126148),
        (0.380741, 0.000000, 0.108148),
        (0.395357, 0.015455, 0.108297),
        (0.409563, 0.030909, 0.108743),
        (0.422981, 0.046364, 0.109487),
        (0.435296, 0.061818, 0.110528),
        (0.446285, 0.077273, 0.111867),
        (0.455830, 0.092727, 0.113504),
        (0.463932, 0.108182, 0.115437),
        (0.470708, 0.123636, 0.117669),
        (0.476381, 0.139091, 0.120198),
        (0.481266, 0.154545, 0.123024),
        (0.485741, 0.170000, 0.126148),
        (0.414815, 0.000000, 0.108148),
        (0.429431, 0.015455, 0.108297),
        (0.443637, 0.030909, 0.108743),
        (0.457055, 0.046364, 0.109487),
        (0.469370, 0.061818, 0.110528),
        (0.480359, 0.077273, 0.111867),
        (0.489904, 0.092727, 0.113504),
        (0.498006, 0.108182, 0.115437),
        (0.504782, 0.123636, 0.117669),
        (0.510455, 0.139091, 0.120198),
        (0.515341, 0.154545, 0.123024),
        (0.519815, 0.170000, 0.126148),
        (0.448889, 0.000000, 0.108148),
        (0.463506, 0.015455, 0.108297),
        (0.477711, 0.030909, 0.108743),
        (0.491129, 0.046364, 0.109487),
        (0.503444, 0.061818, 0.110528),
        (0.514433, 0.077273, 0.111867),
        (0.523978, 0.092727, 0.113504),
        (0.532080, 0.108182, 0.115437),
        (0.538856, 0.123636, 0.117669),
        (0.544530, 0.139091, 0.120198),
        (0.549415, 0.154545, 0.123024),
        (0.553889, 0.170000, 0.126148),
        (0.482963, 0.000000, 0.108148),
        (0.497580, 0.015455, 0.108297),
        (0.511785, 0.030909, 0.108743),
        (0.525203, 0.046364, 0.109487),
        (0.537518, 0.061818, 0.110528),
        (0.548507, 0.077273, 0.111867),
        (0.558052, 0.092727, 0.113504),
        (0.566155, 0.108182, 0.115437),
        (0.572930, 0.123636, 0.117669),
        (0.578604, 0.139091, 0.120198),
        (0.583489, 0.154545, 0.123024),
        (0.587963, 0.170000, 0.126148),
        (0.517037, 0.000000, 0.108148),
        (0.531654, 0.015455, 0.108297),
        (0.545859, 0.030909, 0.108743),
        (0.559277, 0.046364, 0.109487),
        (0.571592, 0.061818, 0.110528),
        (0.582581, 0.077273, 0.111867),
        (0.592127, 0.092727, 0.113504),
        (0.600229, 0.108182, 0.115437),
        (0.607004, 0.123636, 0.117669),
        (0.612678, 0.139091, 0.120198),
        (0.617563, 0.154545, 0.123024),
        (0.622037, 0.170000, 0.126148),
        (0.551111, 0.000000, 0.108148),
        (0.565728, 0.015455, 0.108297),
        (0.579934, 0.030909, 0.108743),
        (0.593351, 0.046364, 0.109487),
        (0.605666, 0.061818, 0.110528),
        (0.616655, 0.077273, 0.111867),
        (0.626201, 0.092727, 0.113504),
        (0.634303, 0.108182, 0.115437),
        (0.641078, 0.123636, 0.117669),
        (0.646752, 0.139091, 0.120198),
        (0.651637, 0.154545, 0.123024),
        (0.656111, 0.170000, 0.126148),
        (0.585185, 0.000000, 0.108148),
        (0.599802, 0.015455, 0.108297),
        (0.614008, 0.030909, 0.108743),
        (0.627425, 0.046364, 0.109487),
        (0.639740, 0.061818, 0.110528),
        (0.650729, 0.077273, 0.111867),
        (0.660275, 0.092727, 0.113504),
        (0.668377, 0.108182, 0.115437),
        (0.675152, 0.123636, 0.117669),
        (0.680826, 0.139091, 0.120198),
        (0.685711, 0.154545, 0.123024),
        (0.690185, 0.170000, 0.126148),
        (0.619259, 0.000000, 0.108148),
        (0.633876, 0.015455, 0.108297),
        (0.648082, 0.030909, 0.108743),
        (0.661499, 0.046364, 0.109487),
        (0.673814, 0.061818, 0.110528),
        (0.684803, 0.077273, 0.111867),
        (0.694349, 0.092727, 0.113504),
        (0.702451, 0.108182, 0.115437),
        (0.709226, 0.123636, 0.117669),
        (0.714900, 0.139091, 0.120198),
        (0.719785, 0.154545, 0.123024),
        (0.724259, 0.170000, 0.126148),
        (0.653333, 0.000000, 0.108148),
        (0.667950, 0.015455, 0.108297),
        (0.682156, 0.030909, 0.108743),
        (0.695573, 0.046364, 0.109487),
        (0.707889, 0.061818, 0.110528),
        (0.718877, 0.077273, 0.111867),
        (0.728423, 0.092727, 0.113504),
        (0.736525, 0.108182, 0.115437),
        (0.743300, 0.123636, 0.117669),
        (0.748974, 0.139091, 0.120198),
        (0.753859, 0.154545, 0.123024),
        (0.758333, 0.170000, 0.126148),
        (0.687407, 0.000000, 0.108148),
        (0.702024, 0.015455, 0.108297),
        (0.716230, 0.030909, 0.108743),
        (0.729647, 0.046364, 0.109487),
        (0.741963, 0.061818, 0.110528),
        (0.752951, 0.077273, 0.111867),
        (0.762497, 0.092727, 0.113504),
        (0.770599, 0.108182, 0.115437),
        (0.777375, 0.123636, 0.117669),
        (0.783048, 0.139091, 0.120198),
        (0.787933, 0.154545, 0.123024),
        (0.792407, 0.170000, 0.126148),
        (0.721481, 0.000000, 0.108148),
        (0.736098, 0.015455, 0.108297),
        (0.750304, 0.030909, 0.108743),
        (0.763721, 0.046364, 0.109487),
        (0.776037, 0.061818, 0.110528),
        (0.787026, 0.077273, 0.111867),
        (0.796571, 0.092727, 0.113504),
        (0.804673, 0.108182, 0.115437),
        (0.811449, 0.123636, 0.117669),
        (0.817122, 0.139091, 0.120198),
        (0.822007, 0.154545, 0.123024),
        (0.826481, 0.170000, 0.126148),
        (0.755556, 0.000000, 0.108148),
        (0.770172, 0.015455, 0.108297),
        (0.784378, 0.030909, 0.108743),
        (0.797795, 0.046364, 0.109487),
        (0.810111, 0.061818, 0.110528),
        (0.821100, 0.077273, 0.111867),
        (0.830645, 0.092727, 0.113504),
        (0.838747, 0.108182, 0.115437),
        (0.845523, 0.123636, 0.117669),
        (0.851196, 0.139091, 0.120198),
        (0.856081, 0.154545, 0.123024),
        (0.860556, 0.170000, 0.126148),
        (0.789630, 0.000000, 0.108148),
        (0.804246, 0.015455, 0.108297),
        (0.818452, 0.030909, 0.108743),
        (0.831869, 0.046364, 0.109487),
        (0.844185, 0.061818, 0.110528),
        (0.855174, 0.077273, 0.111867),
        (0.864719, 0.092727, 0.113504),
        (0.872821, 0.108182, 0.115437),
        (0.879597, 0.123636, 0.117669),
        (0.885270, 0.139091, 0.120198),
        (0.890155, 0.154545, 0.123024),
        (0.894630, 0.170000, 0.126148),
        (0.823704, 0.000000, 0.108148),
        (0.838320, 0.015455, 0.108297),
        (0.852526, 0.030909, 0.108743),
        (0.865944, 0.046364, 0.109487),
        (0.878259, 0.061818, 0.110528),
        (0.889248, 0.077273, 0.111867),
        (0.898793, 0.092727, 0.113504),
        (0.906895, 0.108182, 0.115437),
        (0.913671, 0.123636, 0.117669),
        (0.919344, 0.139091, 0.120198),
        (0.924229, 0.154545, 0.123024),
        (0.928704, 0.170000, 0.126148),
        (0.857778, 0.000000, 0.108148),
        (0.872394, 0.015455, 0.108297),
        (0.886600, 0.030909, 0.108743),
        (0.900018, 0.046364, 0.109487),
        (0.912333, 0.061818, 0.110528),
        (0.923322, 0.077273, 0.111867),
        (0.932867, 0.092727, 0.113504),
        (0.940969, 0.108182, 0.115437),
        (0.947745, 0.123636, 0.117669),
        (0.953418, 0.139091, 0.120198),
        (0.958304, 0.154545, 0.123024),
        (0.962778, 0.170000, 0.126148),
        (0.891852, 0.000000, 0.108148),
        (0.906468, 0.015455, 0.108297),
        (0.920674, 0.030909, 0.108743),
        (0.934092, 0.046364, 0.109487),
        (0.946407, 0.061818, 0.110528),
        (0.957396, 0.077273, 0.111867),
        (0.966941, 0.092727, 0.113504),
        (0.975043, 0.108182, 0.115437),
        (0.981819, 0.123636, 0.117669),
        (0.987492, 0.139091, 0.120198),
        (0.992378, 0.154545, 0.123024),
        (0.996852, 0.170000, 0.126148),
        (0.925926, 0.000000, 0.108148),
        (0.940543, 0.015455, 0.108297),
        (0.954748, 0.030909, 0.108743),
        (0.968166, 0.046364, 0.109487),
        (0.980481, 0.061818, 0.110528),
        (0.991470, 0.077273, 0.111867),
        (1.001015, 0.092727, 0.113504),
        (1.009117, 0.108182, 0.115437),
        (1.015893, 0.123636, 0.117669),
        (1.021567, 0.139091, 0.120198),
        (1.026452, 0.154545, 0.123024),
        (1.030926, 0.170000, 0.126148),
        (0.960000, 0.000000, 0.108148),
        (0.974617, 0.015455, 0.108297),
        (0.988822, 0.030909, 0.108743),
        (1.002240, 0.046364, 0.109487),
        (1.014555, 0.061818, 0.110528),
        (1.025544, 0.077273, 0.111867),
        (1.035090, 0.092727, 0.113504),
        (1.043192, 0.108182, 0.115437),
        (1.049967, 0.123636, 0.117669),
        (1.055641, 0.139091, 0.120198),
        (1.060526, 0.154545, 0.123024),
        (1.065000, 0.170000, 0.126148),
        (0.040000, 0.000000, 0.142222),
        (0.054617, 0.015455, 0.142371),
        (0.068822, 0.030909, 0.142817),
        (0.082240, 0.046364, 0.143561),
        (0.094555, 0.061818, 0.144602),
        (0.105544, 0.077273, 0.145941),
        (0.115090, 0.092727, 0.147578),
        (0.123192, 0.108182, 0.149511),
        (0.129967, 0.123636, 0.151743),
        (0.135641, 0.139091, 0.154272),
        (0.140526, 0.154545, 0.157098),
        (0.145000, 0.170000, 0.160222),
        (0.074074, 0.000000, 0.142222),
        (0.088691, 0.015455, 0.142371),
        (0.102897, 0.030909, 0.142817),
        (0.116314, 0.046364, 0.143561),
        (0.128629, 0.061818, 0.144602),
        (0.139618, 0.077273, 0.145941),
        (0.149164, 0.092727, 0.147578),
        (0.157266, 0.108182, 0.149511),
        (0.164041, 0.123636, 0.151743),
        (0.169715, 0.139091, 0.154272),
        (0.174600, 0.154545, 0.157098),
        (0.179074, 0.170000, 0.160222),
        (0.108148, 0.000000, 0.142222),
        (0.122765, 0.015455, 0.142371),
        (0.136971, 0.030909, 0.142817),
        (0.150388, 0.046364, 0.143561),
        (0.162703, 0.061818, 0.144602),
        (0.173692, 0.077273, 0.145941),
        (0.183238, 0.092727, 0.147578),
        (0.191340, 0.108182, 0.149511),
        (0.198115, 0.123636, 0.151743),
        (0.203789, 0.139091, 0.154272),
        (0.208674, 0.154545, 0.157098),
        (0.213148, 0.170000, 0.160222),
        (0.142222, 0.000000, 0.142222),
        (0.156839, 0.015455, 0.142371),
        (0.171045, 0.030909, 0.142817),
        (0.184462, 0.046364, 0.143561),
        (0.196777, 0.061818, 0.144602),
        (0.207766, 0.077273, 0.145941),
        (0.217312, 0.092727, 0.147578),
        (0.225414, 0.108182, 0.149511),
        (0.232189, 0.123636, 0.151743),
        (0.237863, 0.139091, 0.154272),
        (0.242748, 0.154545, 0.157098),
        (0.247222, 0.170000, 0.160222),
        (0.176296, 0.000000, 0.142222),
        (0.190913, 0.015455, 0.142371),
        (0.205119, 0.030909, 0.142817),
        (0.218536, 0.046364, 0.143561),
        (0.230851, 0.061818, 0.144602),
        (0.241840, 0.077273, 0.145941),
        (0.251386, 0.092727, 0.147578),
        (0.259488, 0.108182, 0.149511),
        (0.266263, 0.123636, 0.151743),
        (0.271937, 0.139091, 0.154272),
        (0.276822, 0.154545, 0.157098),
        (0.281296, 0.170000, 0.160222),
        (0.210370, 0.000000, 0.142222),
        (0.224987, 0.015455, 0.142371),
        (0.239193, 0.030909, 0.142817),
        (0.252610, 0.046364, 0.143561),
        (0.264926, 0.061818, 0.144602),
        (0.275914, 0.077273, 0.145941),
        (0.285460, 0.092727, 0.147578),
        (0.293562, 0.108182, 0.149511),
        (0.300337, 0.123636, 0.151743),
        (0.306011, 0.139091, 0.154272),
        (0.310896, 0.154545, 0.157098),
        (0.315370, 0.170000, 0.160222),
        (0.244444, 0.000000, 0.142222),
        (0.259061, 0.015455, 0.142371),
        (0.273267, 0.030909, 0.142817),
        (0.286684, 0.046364, 0.143561),
        (0.299000, 0.061818, 0.144602),
        (0.309989, 0.077273, 0.145941),
        (0.319534, 0.092727, 0.147578),
        (0.327636, 0.108182, 0.149511),
        (0.334412, 0.123636, 0.151743),
        (0.340085, 0.139091, 0.154272),
        (0.344970, 0.154545, 0.157098),
        (0.349444, 0.170000, 0.160222),
        (0.278519, 0.000000, 0.142222),
        (0.293135, 0.015455, 0.142371),
        (0.307341, 0.030909, 0.142817),
        (0.320758, 0.046364, 0.143561),
        (0.333074, 0.061818, 0.144602),
        (0.344063, 0.077273, 0.145941),
        (0.353608, 0.092727, 0.147578),
        (0.361710, 0.108182, 0.149511),
        (0.368486, 0.123636, 0.151743),
        (0.374159, 0.139091, 0.154272),
        (0.379044, 0.154545, 0.157098),
        (0.383519, 0.170000, 0.160222),
        (0.312593, 0.000000, 0.142222),
        (0.327209, 0.015455, 0.142371),
        (0.341415, 0.030909, 0.142817),
        (0.354832, 0.046364, 0.143561),
        (0.367148, 0.061818, 0.144602),
        (0.378137, 0.077273, 0.145941),
        (0.387682, 0.092727, 0.147578),
        (0.395784, 0.108182, 0.149511),
        (0.402560, 0.123636, 0.151743),
        (0.408233, 0.139091, 0.154272),
        (0.413118, 0.154545, 0.157098),
        (0.417593, 0.170000, 0.160222),
        (0.346667, 0.000000, 0.142222),
        (0.361283, 0.015455, 0.142371),
        (0.375489, 0.030909, 0.142817),
        (0.388907, 0.046364, 0.143561),
        (0.401222, 0.061818, 0.144602),
        (0.412211, 0.077273, 0.145941),
        (0.421756, 0.092727, 0.147578),
        (0.429858, 0.108182, 0.149511),
        (0.436634, 0.123636, 0.151743),
        (0.442307, 0.139091, 0.154272),
        (0.447192, 0.154545, 0.157098),
        (0.451667, 0.170000, 0.160222),
        (0.380741, 0.000000, 0.142222),
        (0.395357, 0.015455, 0.142371),
        (0.409563, 0.030909, 0.142817),
        (0.422981, 0.046364, 0.143561),
        (0.435296, 0.061818, 0.144602),
        (0.446285, 0.077273, 0.145941),
        (0.455830, 0.092727, 0.147578),
        (0.463932, 0.108182, 0.149511),
        (0.470708, 0.123636, 0.151743),
        (0.476381, 0.139091, 0.154272),
        (0.481266, 0.154545, 0.157098),
        (0.485741, 0.170000, 0.160222),
        (0.414815, 0.000000, 0.142222),
        (0.429431, 0.015455, 0.142371),
        (0.443637, 0.030909, 0.142817),
        (0.457055, 0.046364, 0.143561),
        (0.469370, 0.061818, 0.144602),
        (0.480359, 0.077273, 0.145941),
        (0.489904, 0.092727, 0.147578),
        (0.498006, 0.108182, 0.149511),
        (0.504782, 0.123636, 0.151743),
        (0.510455, 0.139091, 0.154272),
        (0.515341, 0.154545, 0.157098),
        (0.519815, 0.170000, 0.160222),
        (0.448889, 0.000000, 0.142222),
        (0.463506, 0.015455, 0.142371),
        (0.477711, 0.030909, 0.142817),
        (0.491129, 0.046364, 0.143561),
        (0.503444, 0.061818, 0.144602),
        (0.514433, 0.077273, 0.145941),
        (0.523978, 0.092727, 0.147578),
        (0.532080, 0.108182, 0.149511),
        (0.538856, 0.123636, 0.151743),
        (0.544530, 0.139091, 0.154272),
        (0.549415, 0.154545, 0.157098),
        (0.553889, 0.170000, 0.160222),
        (0.482963, 0.000000, 0.142222),
        (0.497580, 0.015455, 0.142371),
        (0.511785, 0.030909, 0.142817),
        (0.525203, 0.046364, 0.143561),
        (0.537518, 0.061818, 0.144602),
        (0.548507, 0.077273, 0.145941),
        (0.558052, 0.092727, 0.147578),
        (0.566155, 0.108182, 0.149511),
        (0.572930, 0.123636, 0.151743),
        (0.578604, 0.139091, 0.154272),
        (0.583489, 0.154545, 0.157098),
        (0.587963, 0.170000, 0.160222),
        (0.517037, 0.000000, 0.142222),
        (0.531654, 0.015455, 0.142371),
        (0.545859, 0.030909, 0.142817),
        (0.559277, 0.046364, 0.143561),
        (0.571592, 0.061818, 0.144602),
        (0.582581, 0.077273, 0.145941),
        (0.592127, 0.092727, 0.147578),
        (0.600229, 0.108182, 0.149511),
        (0.607004, 0.123636, 0.151743),
        (0.612678, 0.139091, 0.154272),
        (0.617563, 0.154545, 0.157098),
        (0.622037, 0.170000, 0.160222),
        (0.551111, 0.000000, 0.142222),
        (0.565728, 0.015455, 0.142371),
        (0.579934, 0.030909, 0.142817),
        (0.593351, 0.046364, 0.143561),
        (0.605666, 0.061818, 0.144602),
        (0.616655, 0.077273, 0.145941),
        (0.626201, 0.092727, 0.147578),
        (0.634303, 0.108182, 0.149511),
        (0.641078, 0.123636, 0.151743),
        (0.646752, 0.139091, 0.154272),
        (0.651637, 0.154545, 0.157098),
        (0.656111, 0.170000, 0.160222),
        (0.585185, 0.000000, 0.142222),
        (0.599802, 0.015455, 0.142371),
        (0.614008, 0.030909, 0.142817),
        (0.627425, 0.046364, 0.143561),
        (0.639740, 0.061818, 0.144602),
        (0.650729, 0.077273, 0.145941),
        (0.660275, 0.092727, 0.147578),
        (0.668377, 0.108182, 0.149511),
        (0.675152, 0.123636, 0.151743),
        (0.680826, 0.139091, 0.154272),
        (0.685711, 0.154545, 0.157098),
        (0.690185, 0.170000, 0.160222),
        (0.619259, 0.000000, 0.142222),
        (0.633876, 0.015455, 0.142371),
        (0.648082, 0.030909, 0.142817),
        (0.661499, 0.046364, 0.143561),
        (0.673814, 0.061818, 0.144602),
        (0.684803, 0.077273, 0.145941),
        (0.694349, 0.092727, 0.147578),
        (0.702451, 0.108182, 0.149511),
        (0.709226, 0.123636, 0.151743),
        (0.714900, 0.139091, 0.154272),
        (0.719785, 0.154545, 0.157098),
        (0.724259, 0.170000, 0.160222),
        (0.653333, 0.000000, 0.142222),
        (0.667950, 0.015455, 0.142371),
        (0.682156, 0.030909, 0.142817),
        (0.695573, 0.046364, 0.143561),
        (0.707889, 0.061818, 0.144602),
        (0.718877, 0.077273, 0.145941),
        (0.728423, 0.092727, 0.147578),
        (0.736525, 0.108182, 0.149511),
        (0.743300, 0.123636, 0.151743),
        (0.748974, 0.139091, 0.154272),
        (0.753859, 0.154545, 0.157098),
        (0.758333, 0.170000, 0.160222),
        (0.687407, 0.000000, 0.142222),
        (0.702024, 0.015455, 0.142371),
        (0.716230, 0.030909, 0.142817),
        (0.729647, 0.046364, 0.143561),
        (0.741963, 0.061818, 0.144602),
        (0.752951, 0.077273, 0.145941),
        (0.762497, 0.092727, 0.147578),
        (0.770599, 0.108182, 0.149511),
        (0.777375, 0.123636, 0.151743),
        (0.783048, 0.139091, 0.154272),
        (0.787933, 0.154545, 0.157098),
        (0.792407, 0.170000, 0.160222),
        (0.721481, 0.000000, 0.142222),
        (0.736098, 0.015455, 0.142371),
        (0.750304, 0.030909, 0.142817),
        (0.763721, 0.046364, 0.143561),
        (0.776037, 0.061818, 0.144602),
        (0.787026, 0.077273, 0.145941),
        (0.796571, 0.092727, 0.147578),
        (0.804673, 0.108182, 0.149511),
        (0.811449, 0.123636, 0.151743),
        (0.817122, 0.139091, 0.154272),
        (0.822007, 0.154545, 0.157098),
        (0.826481, 0.170000, 0.160222),
        (0.755556, 0.000000, 0.142222),
        (0.770172, 0.015455, 0.142371),
        (0.784378, 0.030909, 0.142817),
        (0.797795, 0.046364, 0.143561),
        (0.810111, 0.061818, 0.144602),
        (0.821100, 0.077273, 0.145941),
        (0.830645, 0.092727, 0.147578),
        (0.838747, 0.108182, 0.149511),
        (0.845523, 0.123636, 0.151743),
        (0.851196, 0.139091, 0.154272),
        (0.856081, 0.154545, 0.157098),
        (0.860556, 0.170000, 0.160222),
        (0.789630, 0.000000, 0.142222),
        (0.804246, 0.015455, 0.142371),
        (0.818452, 0.030909, 0.142817),
        (0.831869, 0.046364, 0.143561),
        (0.844185, 0.061818, 0.144602),
        (0.855174, 0.077273, 0.145941),
        (0.864719, 0.092727, 0.147578),
        (0.872821, 0.108182, 0.149511),
        (0.879597, 0.123636, 0.151743),
        (0.885270, 0.139091, 0.154272),
        (0.890155, 0.154545, 0.157098),
        (0.894630, 0.170000, 0.160222),
        (0.823704, 0.000000, 0.142222),
        (0.838320, 0.015455, 0.142371),
        (0.852526, 0.030909, 0.142817),
        (0.865944, 0.046364, 0.143561),
        (0.878259, 0.061818, 0.144602),
        (0.889248, 0.077273, 0.145941),
        (0.898793, 0.092727, 0.147578),
        (0.906895, 0.108182, 0.149511),
        (0.913671, 0.123636, 0.151743),
        (0.919344, 0.139091, 0.154272),
        (0.924229, 0.154545, 0.157098),
        (0.928704, 0.170000, 0.160222),
        (0.857778, 0.000000, 0.142222),
        (0.872394, 0.015455, 0.142371),
        (0.886600, 0.030909, 0.142817),
        (0.900018, 0.046364, 0.143561),
        (0.912333, 0.061818, 0.144602),
        (0.923322, 0.077273, 0.145941),
        (0.932867, 0.092727, 0.147578),
        (0.940969, 0.108182, 0.149511),
        (0.947745, 0.123636, 0.151743),
        (0.953418, 0.139091, 0.154272),
        (0.958304, 0.154545, 0.157098),
        (0.962778, 0.170000, 0.160222),
        (0.891852, 0.000000, 0.142222),
        (0.906468, 0.015455, 0.142371),
        (0.920674, 0.030909, 0.142817),
        (0.934092, 0.046364, 0.143561),
        (0.946407, 0.061818, 0.144602),
        (0.957396, 0.077273, 0.145941),
        (0.966941, 0.092727, 0.147578),
        (0.975043, 0.108182, 0.149511),
        (0.981819, 0.123636, 0.151743),
        (0.987492, 0.139091, 0.154272),
        (0.992378, 0.154545, 0.157098),
        (0.996852, 0.170000, 0.160222),
        (0.925926, 0.000000, 0.142222),
        (0.940543, 0.015455, 0.142371),
        (0.954748, 0.030909, 0.142817),
        (0.968166, 0.046364, 0.143561),
        (0.980481, 0.061818, 0.144602),
        (0.991470, 0.077273, 0.145941),
        (1.001015, 0.092727, 0.147578),
        (1.009117, 0.108182, 0.149511),
        (1.015893, 0.123636, 0.151743),
        (1.021567, 0.139091, 0.154272),
        (1.026452, 0.154545, 0.157098),
        (1.030926, 0.170000, 0.160222),
        (0.960000, 0.000000, 0.142222),
        (0.974617, 0.015455, 0.142371),
        (0.988822, 0.030909, 0.142817),
        (1.002240, 0.046364, 0.143561),
        (1.014555, 0.061818, 0.144602),
        (1.025544, 0.077273, 0.145941),
        (1.035090, 0.092727, 0.147578),
        (1.043192, 0.108182, 0.149511),
        (1.049967, 0.123636, 0.151743),
        (1.055641, 0.139091, 0.154272),
        (1.060526, 0.154545, 0.157098),
        (1.065000, 0.170000, 0.160222),
        (0.040000, 0.000000, 0.176296),
        (0.054617, 0.015455, 0.176445),
        (0.068822, 0.030909, 0.176891),
        (0.082240, 0.046364, 0.177635),
        (0.094555, 0.061818, 0.178676),
        (0.105544, 0.077273, 0.180015),
        (0.115090, 0.092727, 0.181652),
        (0.123192, 0.108182, 0.183586),
        (0.129967, 0.123636, 0.185817),
        (0.135641, 0.139091, 0.188346),
        (0.140526, 0.154545, 0.191172),
        (0.145000, 0.170000, 0.194296),
        (0.074074, 0.000000, 0.176296),
        (0.088691, 0.015455, 0.176445),
        (0.102897, 0.030909, 0.176891),
        (0.116314, 0.046364, 0.177635),
        (0.128629, 0.061818, 0.178676),
        (0.139618, 0.077273, 0.180015),
        (0.149164, 0.092727, 0.181652),
        (0.157266, 0.108182, 0.183586),
        (0.164041, 0.123636, 0.185817),
        (0.169715, 0.139091, 0.188346),
        (0.174600, 0.154545, 0.191172),
        (0.179074, 0.170000, 0.194296),
        (0.108148, 0.000000, 0.176296),
        (0.122765, 0.015455, 0.176445),
        (0.136971, 0.030909, 0.176891),
        (0.150388, 0.046364, 0.177635),
        (0.162703, 0.061818, 0.178676),
        (0.173692, 0.077273, 0.180015),
        (0.183238, 0.092727, 0.181652),
        (0.191340, 0.108182, 0.183586),
        (0.198115, 0.123636, 0.185817),
        (0.203789, 0.139091, 0.188346),
        (0.208674, 0.154545, 0.191172),
        (0.213148, 0.170000, 0.194296),
        (0.142222, 0.000000, 0.176296),
        (0.156839, 0.015455, 0.176445),
        (0.171045, 0.030909, 0.176891),
        (0.184462, 0.046364, 0.177635),
        (0.196777, 0.061818, 0.178676),
        (0.207766, 0.077273, 0.180015),
        (0.217312, 0.092727, 0.181652),
        (0.225414, 0.108182, 0.183586),
        (0.232189, 0.123636, 0.185817),
        (0.237863, 0.139091, 0.188346),
        (0.242748, 0.154545, 0.191172),
        (0.247222, 0.170000, 0.194296),
        (0.176296, 0.000000, 0.176296),
        (0.190913, 0.015455, 0.176445),
        (0.205119, 0.030909, 0.176891),
        (0.218536, 0.046364, 0.177635),
        (0.230851, 0.061818, 0.178676),
        (0.241840, 0.077273, 0.180015),
        (0.251386, 0.092727, 0.181652),
        (0.259488, 0.108182, 0.183586),
        (0.266263, 0.123636, 0.185817),
        (0.271937, 0.139091, 0.188346),
        (0.276822, 0.154545, 0.191172),
        (0.281296, 0.170000, 0.194296),
        (0.210370, 0.000000, 0.176296),
        (0.224987, 0.015455, 0.176445),
        (0.239193, 0.030909, 0.176891),
        (0.252610, 0.046364, 0.177635),
        (0.264926, 0.061818, 0.178676),
        (0.275914, 0.077273, 0.180015),
        (0.285460, 0.092727, 0.181652),
        (0.293562, 0.108182, 0.183586),
        (0.300337, 0.123636, 0.185817),
        (0.306011, 0.139091, 0.188346),
        (0.310896, 0.154545, 0.191172),
        (0.315370, 0.170000, 0.194296),
        (0.244444, 0.000000, 0.176296),
        (0.259061, 0.015455, 0.176445),
        (0.273267, 0.030909, 0.176891),
        (0.286684, 0.046364, 0.177635),
        (0.299000, 0.061818, 0.178676),
        (0.309989, 0.077273, 0.180015),
        (0.319534, 0.092727, 0.181652),
        (0.327636, 0.108182, 0.183586),
        (0.334412, 0.123636, 0.185817),
        (0.340085, 0.139091, 0.188346),
        (0.344970, 0.154545, 0.191172),
        (0.349444, 0.170000, 0.194296),
        (0.278519, 0.000000, 0.176296),
        (0.293135, 0.015455, 0.176445),
        (0.307341, 0.030909, 0.176891),
        (0.320758, 0.046364, 0.177635),
        (0.333074, 0.061818, 0.178676),
        (0.344063, 0.077273, 0.180015),
        (0.353608, 0.092727, 0.181652),
        (0.361710, 0.108182, 0.183586),
        (0.368486, 0.123636, 0.185817),
        (0.374159, 0.139091, 0.188346),
        (0.379044, 0.154545, 0.191172),
        (0.383519, 0.170000, 0.194296),
        (0.312593, 0.000000, 0.176296),
        (0.327209, 0.015455, 0.176445),
        (0.341415, 0.030909, 0.176891),
        (0.354832, 0.046364, 0.177635),
        (0.367148, 0.061818, 0.178676),
        (0.378137, 0.077273, 0.180015),
        (0.387682, 0.092727, 0.181652),
        (0.395784, 0.108182, 0.183586),
        (0.402560, 0.123636, 0.185817),
        (0.408233, 0.139091, 0.188346),
        (0.413118, 0.154545, 0.191172),
        (0.417593, 0.170000, 0.194296),
        (0.346667, 0.000000, 0.176296),
        (0.361283, 0.015455, 0.176445),
        (0.375489, 0.030909, 0.176891),
        (0.388907, 0.046364, 0.177635),
        (0.401222, 0.061818, 0.178676),
        (0.412211, 0.077273, 0.180015),
        (0.421756, 0.092727, 0.181652),
        (0.429858, 0.108182, 0.183586),
        (0.436634, 0.123636, 0.185817),
        (0.442307, 0.139091, 0.188346),
        (0.447192, 0.154545, 0.191172),
        (0.451667, 0.170000, 0.194296),
        (0.380741, 0.000000, 0.176296),
        (0.395357, 0.015455, 0.176445),
        (0.409563, 0.030909, 0.176891),
        (0.422981, 0.046364, 0.177635),
        (0.435296, 0.061818, 0.178676),
        (0.446285, 0.077273, 0.180015),
        (0.455830, 0.092727, 0.181652),
        (0.463932, 0.108182, 0.183586),
        (0.470708, 0.123636, 0.185817),
        (0.476381, 0.139091, 0.188346),
        (0.481266, 0.154545, 0.191172),
        (0.485741, 0.170000, 0.194296),
        (0.414815, 0.000000, 0.176296),
        (0.429431, 0.015455, 0.176445),
        (0.443637, 0.030909, 0.176891),
        (0.457055, 0.046364, 0.177635),
        (0.469370, 0.061818, 0.178676),
        (0.480359, 0.077273, 0.180015),
        (0.489904, 0.092727, 0.181652),
        (0.498006, 0.108182, 0.183586),
        (0.504782, 0.123636, 0.185817),
        (0.510455, 0.139091, 0.188346),
        (0.515341, 0.154545, 0.191172),
        (0.519815, 0.170000, 0.194296),
        (0.448889, 0.000000, 0.176296),
        (0.463506, 0.015455, 0.176445),
        (0.477711, 0.030909, 0.176891),
        (0.491129, 0.046364, 0.177635),
        (0.503444, 0.061818, 0.178676),
        (0.514433, 0.077273, 0.180015),
        (0.523978, 0.092727, 0.181652),
        (0.532080, 0.108182, 0.183586),
        (0.538856, 0.123636, 0.185817),
        (0.544530, 0.139091, 0.188346),
        (0.549415, 0.154545, 0.191172),
        (0.553889, 0.170000, 0.194296),
        (0.482963, 0.000000, 0.176296),
        (0.497580, 0.015455, 0.176445),
        (0.511785, 0.030909, 0.176891),
        (0.525203, 0.046364, 0.177635),
        (0.537518, 0.061818, 0.178676),
        (0.548507, 0.077273, 0.180015),
        (0.558052, 0.092727, 0.181652),
        (0.566155, 0.108182, 0.183586),
        (0.572930, 0.123636, 0.185817),
        (0.578604, 0.139091, 0.188346),
        (0.583489, 0.154545, 0.191172),
        (0.587963, 0.170000, 0.194296),
        (0.517037, 0.000000, 0.176296),
        (0.531654, 0.015455, 0.176445),
        (0.545859, 0.030909, 0.176891),
        (0.559277, 0.046364, 0.177635),
        (0.571592, 0.061818, 0.178676),
        (0.582581, 0.077273, 0.180015),
        (0.592127, 0.092727, 0.181652),
        (0.600229, 0.108182, 0.183586),
        (0.607004, 0.123636, 0.185817),
        (0.612678, 0.139091, 0.188346),
        (0.617563, 0.154545, 0.191172),
        (0.622037, 0.170000, 0.194296),
        (0.551111, 0.000000, 0.176296),
        (0.565728, 0.015455, 0.176445),
        (0.579934, 0.030909, 0.176891),
        (0.593351, 0.046364, 0.177635),
        (0.605666, 0.061818, 0.178676),
        (0.616655, 0.077273, 0.180015),
        (0.626201, 0.092727, 0.181652),
        (0.634303, 0.108182, 0.183586),
        (0.641078, 0.123636, 0.185817),
        (0.646752, 0.139091, 0.188346),
        (0.651637, 0.154545, 0.191172),
        (0.656111, 0.170000, 0.194296),
        (0.585185, 0.000000, 0.176296),
        (0.599802, 0.015455, 0.176445),
        (0.614008, 0.030909, 0.176891),
        (0.627425, 0.046364, 0.177635),
        (0.639740, 0.061818, 0.178676),
        (0.650729, 0.077273, 0.180015),
        (0.660275, 0.092727, 0.181652),
        (0.668377, 0.108182, 0.183586),
        (0.675152, 0.123636, 0.185817),
        (0.680826, 0.139091, 0.188346),
        (0.685711, 0.154545, 0.191172),
        (0.690185, 0.170000, 0.194296),
        (0.619259, 0.000000, 0.176296),
        (0.633876, 0.015455, 0.176445),
        (0.648082, 0.030909, 0.176891),
        (0.661499, 0.046364, 0.177635),
        (0.673814, 0.061818, 0.178676),
        (0.684803, 0.077273, 0.180015),
        (0.694349, 0.092727, 0.181652),
        (0.702451, 0.108182, 0.183586),
        (0.709226, 0.123636, 0.185817),
        (0.714900, 0.139091, 0.188346),
        (0.719785, 0.154545, 0.191172),
        (0.724259, 0.170000, 0.194296),
        (0.653333, 0.000000, 0.176296),
        (0.667950, 0.015455, 0.176445),
        (0.682156, 0.030909, 0.176891),
        (0.695573, 0.046364, 0.177635),
        (0.707889, 0.061818, 0.178676),
        (0.718877, 0.077273, 0.180015),
        (0.728423, 0.092727, 0.181652),
        (0.736525, 0.108182, 0.183586),
        (0.743300, 0.123636, 0.185817),
        (0.748974, 0.139091, 0.188346),
        (0.753859, 0.154545, 0.191172),
        (0.758333, 0.170000, 0.194296),
        (0.687407, 0.000000, 0.176296),
        (0.702024, 0.015455, 0.176445),
        (0.716230, 0.030909, 0.176891),
        (0.729647, 0.046364, 0.177635),
        (0.741963, 0.061818, 0.178676),
        (0.752951, 0.077273, 0.180015),
        (0.762497, 0.092727, 0.181652),
        (0.770599, 0.108182, 0.183586),
        (0.777375, 0.123636, 0.185817),
        (0.783048, 0.139091, 0.188346),
        (0.787933, 0.154545, 0.191172),
        (0.792407, 0.170000, 0.194296),
        (0.721481, 0.000000, 0.176296),
        (0.736098, 0.015455, 0.176445),
        (0.750304, 0.030909, 0.176891),
        (0.763721, 0.046364, 0.177635),
        (0.776037, 0.061818, 0.178676),
        (0.787026, 0.077273, 0.180015),
        (0.796571, 0.092727, 0.181652),
        (0.804673, 0.108182, 0.183586),
        (0.811449, 0.123636, 0.185817),
        (0.817122, 0.139091, 0.188346),
        (0.822007, 0.154545, 0.191172),
        (0.826481, 0.170000, 0.194296),
        (0.755556, 0.000000, 0.176296),
        (0.770172, 0.015455, 0.176445),
        (0.784378, 0.030909, 0.176891),
        (0.797795, 0.046364, 0.177635),
        (0.810111, 0.061818, 0.178676),
        (0.821100, 0.077273, 0.180015),
        (0.830645, 0.092727, 0.181652),
        (0.838747, 0.108182, 0.183586),
        (0.845523, 0.123636, 0.185817),
        (0.851196, 0.139091, 0.188346),
        (0.856081, 0.154545, 0.191172),
        (0.860556, 0.170000, 0.194296),
        (0.789630, 0.000000, 0.176296),
        (0.804246, 0.015455, 0.176445),
        (0.818452, 0.030909, 0.176891),
        (0.831869, 0.046364, 0.177635),
        (0.844185, 0.061818, 0.178676),
        (0.855174, 0.077273, 0.180015),
        (0.864719, 0.092727, 0.181652),
        (0.872821, 0.108182, 0.183586),
        (0.879597, 0.123636, 0.185817),
        (0.885270, 0.139091, 0.188346),
        (0.890155, 0.154545, 0.191172),
        (0.894630, 0.170000, 0.194296),
        (0.823704, 0.000000, 0.176296),
        (0.838320, 0.015455, 0.176445),
        (0.852526, 0.030909, 0.176891),
        (0.865944, 0.046364, 0.177635),
        (0.878259, 0.061818, 0.178676),
        (0.889248, 0.077273, 0.180015),
        (0.898793, 0.092727, 0.181652),
        (0.906895, 0.108182, 0.183586),
        (0.913671, 0.123636, 0.185817),
        (0.919344, 0.139091, 0.188346),
        (0.924229, 0.154545, 0.191172),
        (0.928704, 0.170000, 0.194296),
        (0.857778, 0.000000, 0.176296),
        (0.872394, 0.015455, 0.176445),
        (0.886600, 0.030909, 0.176891),
        (0.900018, 0.046364, 0.177635),
        (0.912333, 0.061818, 0.178676),
        (0.923322, 0.077273, 0.180015),
        (0.932867, 0.092727, 0.181652),
        (0.940969, 0.108182, 0.183586),
        (0.947745, 0.123636, 0.185817),
        (0.953418, 0.139091, 0.188346),
        (0.958304, 0.154545, 0.191172),
        (0.962778, 0.170000, 0.194296),
        (0.891852, 0.000000, 0.176296),
        (0.906468, 0.015455, 0.176445),
        (0.920674, 0.030909, 0.176891),
        (0.934092, 0.046364, 0.177635),
        (0.946407, 0.061818, 0.178676),
        (0.957396, 0.077273, 0.180015),
        (0.966941, 0.092727, 0.181652),
        (0.975043, 0.108182, 0.183586),
        (0.981819, 0.123636, 0.185817),
        (0.987492, 0.139091, 0.188346),
        (0.992378, 0.154545, 0.191172),
        (0.996852, 0.170000, 0.194296),
        (0.925926, 0.000000, 0.176296),
        (0.940543, 0.015455, 0.176445),
        (0.954748, 0.030909, 0.176891),
        (0.968166, 0.046364, 0.177635),
        (0.980481, 0.061818, 0.178676),
        (0.991470, 0.077273, 0.180015),
        (1.001015, 0.092727, 0.181652),
        (1.009117, 0.108182, 0.183586),
        (1.015893, 0.123636, 0.185817),
        (1.021567, 0.139091, 0.188346),
        (1.026452, 0.154545, 0.191172),
        (1.030926, 0.170000, 0.194296),
        (0.960000, 0.000000, 0.176296),
        (0.974617, 0.015455, 0.176445),
        (0.988822, 0.030909, 0.176891),
        (1.002240, 0.046364, 0.177635),
        (1.014555, 0.061818, 0.178676),
        (1.025544, 0.077273, 0.180015),
        (1.035090, 0.092727, 0.181652),
        (1.043192, 0.108182, 0.183586),
        (1.049967, 0.123636, 0.185817),
        (1.055641, 0.139091, 0.188346),
        (1.060526, 0.154545, 0.191172),
        (1.065000, 0.170000, 0.194296),
        (0.040000, 0.000000, 0.210370),
        (0.054617, 0.015455, 0.210519),
        (0.068822, 0.030909, 0.210965),
        (0.082240, 0.046364, 0.211709),
        (0.094555, 0.061818, 0.212751),
        (0.105544, 0.077273, 0.214089),
        (0.115090, 0.092727, 0.215726),
        (0.123192, 0.108182, 0.217660),
        (0.129967, 0.123636, 0.219891),
        (0.135641, 0.139091, 0.222420),
        (0.140526, 0.154545, 0.225246),
        (0.145000, 0.170000, 0.228370),
        (0.074074, 0.000000, 0.210370),
        (0.088691, 0.015455, 0.210519),
        (0.102897, 0.030909, 0.210965),
        (0.116314, 0.046364, 0.211709),
        (0.128629, 0.061818, 0.212751),
        (0.139618, 0.077273, 0.214089),
        (0.149164, 0.092727, 0.215726),
        (0.157266, 0.108182, 0.217660),
        (0.164041, 0.123636, 0.219891),
        (0.169715, 0.139091, 0.222420),
        (0.174600, 0.154545, 0.225246),
        (0.179074, 0.170000, 0.228370),
        (0.108148, 0.000000, 0.210370),
        (0.122765, 0.015455, 0.210519),
        (0.136971, 0.030909, 0.210965),
        (0.150388, 0.046364, 0.211709),
        (0.162703, 0.061818, 0.212751),
        (0.173692, 0.077273, 0.214089),
        (0.183238, 0.092727, 0.215726),
        (0.191340, 0.108182, 0.217660),
        (0.198115, 0.123636, 0.219891),
        (0.203789, 0.139091, 0.222420),
        (0.208674, 0.154545, 0.225246),
        (0.213148, 0.170000, 0.228370),
        (0.142222, 0.000000, 0.210370),
        (0.156839, 0.015455, 0.210519),
        (0.171045, 0.030909, 0.210965),
        (0.184462, 0.046364, 0.211709),
        (0.196777, 0.061818, 0.212751),
        (0.207766, 0.077273, 0.214089),
        (0.217312, 0.092727, 0.215726),
        (0.225414, 0.108182, 0.217660),
        (0.232189, 0.123636, 0.219891),
        (0.237863, 0.139091, 0.222420),
        (0.242748, 0.154545, 0.225246),
        (0.247222, 0.170000, 0.228370),
        (0.176296, 0.000000, 0.210370),
        (0.190913, 0.015455, 0.210519),
        (0.205119, 0.030909, 0.210965),
        (0.218536, 0.046364, 0.211709),
        (0.230851, 0.061818, 0.212751),
        (0.241840, 0.077273, 0.214089),
        (0.251386, 0.092727, 0.215726),
        (0.259488, 0.108182, 0.217660),
        (0.266263, 0.123636, 0.219891),
        (0.271937, 0.139091, 0.222420),
        (0.276822, 0.154545, 0.225246),
        (0.281296, 0.170000, 0.228370),
        (0.210370, 0.000000, 0.210370),
        (0.224987, 0.015455, 0.210519),
        (0.239193, 0.030909, 0.210965),
        (0.252610, 0.046364, 0.211709),
        (0.264926, 0.061818, 0.212751),
        (0.275914, 0.077273, 0.214089),
        (0.285460, 0.092727, 0.215726),
        (0.293562, 0.108182, 0.217660),
        (0.300337, 0.123636, 0.219891),
        (0.306011, 0.139091, 0.222420),
        (0.310896, 0.154545, 0.225246),
        (0.315370, 0.170000, 0.228370),
        (0.244444, 0.000000, 0.210370),
        (0.259061, 0.015455, 0.210519),
        (0.273267, 0.030909, 0.210965),
        (0.286684, 0.046364, 0.211709),
        (0.299000, 0.061818, 0.212751),
        (0.309989, 0.077273, 0.214089),
        (0.319534, 0.092727, 0.215726),
        (0.327636, 0.108182, 0.217660),
        (0.334412, 0.123636, 0.219891),
        (0.340085, 0.139091, 0.222420),
        (0.344970, 0.154545, 0.225246),
        (0.349444, 0.170000, 0.228370),
        (0.278519, 0.000000, 0.210370),
        (0.293135, 0.015455, 0.210519),
        (0.307341, 0.030909, 0.210965),
        (0.320758, 0.046364, 0.211709),
        (0.333074, 0.061818, 0.212751),
        (0.344063, 0.077273, 0.214089),
        (0.353608, 0.092727, 0.215726),
        (0.361710, 0.108182, 0.217660),
        (0.368486, 0.123636, 0.219891),
        (0.374159, 0.139091, 0.222420),
        (0.379044, 0.154545, 0.225246),
        (0.383519, 0.170000, 0.228370),
        (0.312593, 0.000000, 0.210370),
        (0.327209, 0.015455, 0.210519),
        (0.341415, 0.030909, 0.210965),
        (0.354832, 0.046364, 0.211709),
        (0.367148, 0.061818, 0.212751),
        (0.378137, 0.077273, 0.214089),
        (0.387682, 0.092727, 0.215726),
        (0.395784, 0.108182, 0.217660),
        (0.402560, 0.123636, 0.219891),
        (0.408233, 0.139091, 0.222420),
        (0.413118, 0.154545, 0.225246),
        (0.417593, 0.170000, 0.228370),
        (0.346667, 0.000000, 0.210370),
        (0.361283, 0.015455, 0.210519),
        (0.375489, 0.030909, 0.210965),
        (0.388907, 0.046364, 0.211709),
        (0.401222, 0.061818, 0.212751),
        (0.412211, 0.077273, 0.214089),
        (0.421756, 0.092727, 0.215726),
        (0.429858, 0.108182, 0.217660),
        (0.436634, 0.123636, 0.219891),
        (0.442307, 0.139091, 0.222420),
        (0.447192, 0.154545, 0.225246),
        (0.451667, 0.170000, 0.228370),
        (0.380741, 0.000000, 0.210370),
        (0.395357, 0.015455, 0.210519),
        (0.409563, 0.030909, 0.210965),
        (0.422981, 0.046364, 0.211709),
        (0.435296, 0.061818, 0.212751),
        (0.446285, 0.077273, 0.214089),
        (0.455830, 0.092727, 0.215726),
        (0.463932, 0.108182, 0.217660),
        (0.470708, 0.123636, 0.219891),
        (0.476381, 0.139091, 0.222420),
        (0.481266, 0.154545, 0.225246),
        (0.485741, 0.170000, 0.228370),
        (0.414815, 0.000000, 0.210370),
        (0.429431, 0.015455, 0.210519),
        (0.443637, 0.030909, 0.210965),
        (0.457055, 0.046364, 0.211709),
        (0.469370, 0.061818, 0.212751),
        (0.480359, 0.077273, 0.214089),
        (0.489904, 0.092727, 0.215726),
        (0.498006, 0.108182, 0.217660),
        (0.504782, 0.123636, 0.219891),
        (0.510455, 0.139091, 0.222420),
        (0.515341, 0.154545, 0.225246),
        (0.519815, 0.170000, 0.228370),
        (0.448889, 0.000000, 0.210370),
        (0.463506, 0.015455, 0.210519),
        (0.477711, 0.030909, 0.210965),
        (0.491129, 0.046364, 0.211709),
        (0.503444, 0.061818, 0.212751),
        (0.514433, 0.077273, 0.214089),
        (0.523978, 0.092727, 0.215726),
        (0.532080, 0.108182, 0.217660),
        (0.538856, 0.123636, 0.219891),
        (0.544530, 0.139091, 0.222420),
        (0.549415, 0.154545, 0.225246),
        (0.553889, 0.170000, 0.228370),
        (0.482963, 0.000000, 0.210370),
        (0.497580, 0.015455, 0.210519),
        (0.511785, 0.030909, 0.210965),
        (0.525203, 0.046364, 0.211709),
        (0.537518, 0.061818, 0.212751),
        (0.548507, 0.077273, 0.214089),
        (0.558052, 0.092727, 0.215726),
        (0.566155, 0.108182, 0.217660),
        (0.572930, 0.123636, 0.219891),
        (0.578604, 0.139091, 0.222420),
        (0.583489, 0.154545, 0.225246),
        (0.587963, 0.170000, 0.228370),
        (0.517037, 0.000000, 0.210370),
        (0.531654, 0.015455, 0.210519),
        (0.545859, 0.030909, 0.210965),
        (0.559277, 0.046364, 0.211709),
        (0.571592, 0.061818, 0.212751),
        (0.582581, 0.077273, 0.214089),
        (0.592127, 0.092727, 0.215726),
        (0.600229, 0.108182, 0.217660),
        (0.607004, 0.123636, 0.219891),
        (0.612678, 0.139091, 0.222420),
        (0.617563, 0.154545, 0.225246),
        (0.622037, 0.170000, 0.228370),
        (0.551111, 0.000000, 0.210370),
        (0.565728, 0.015455, 0.210519),
        (0.579934, 0.030909, 0.210965),
        (0.593351, 0.046364, 0.211709),
        (0.605666, 0.061818, 0.212751),
        (0.616655, 0.077273, 0.214089),
        (0.626201, 0.092727, 0.215726),
        (0.634303, 0.108182, 0.217660),
        (0.641078, 0.123636, 0.219891),
        (0.646752, 0.139091, 0.222420),
        (0.651637, 0.154545, 0.225246),
        (0.656111, 0.170000, 0.228370),
        (0.585185, 0.000000, 0.210370),
        (0.599802, 0.015455, 0.210519),
        (0.614008, 0.030909, 0.210965),
        (0.627425, 0.046364, 0.211709),
        (0.639740, 0.061818, 0.212751),
        (0.650729, 0.077273, 0.214089),
        (0.660275, 0.092727, 0.215726),
        (0.668377, 0.108182, 0.217660),
        (0.675152, 0.123636, 0.219891),
        (0.680826, 0.139091, 0.222420),
        (0.685711, 0.154545, 0.225246),
        (0.690185, 0.170000, 0.228370),
        (0.619259, 0.000000, 0.210370),
        (0.633876, 0.015455, 0.210519),
        (0.648082, 0.030909, 0.210965),
        (0.661499, 0.046364, 0.211709),
        (0.673814, 0.061818, 0.212751),
        (0.684803, 0.077273, 0.214089),
        (0.694349, 0.092727, 0.215726),
        (0.702451, 0.108182, 0.217660),
        (0.709226, 0.123636, 0.219891),
        (0.714900, 0.139091, 0.222420),
        (0.719785, 0.154545, 0.225246),
        (0.724259, 0.170000, 0.228370),
        (0.653333, 0.000000, 0.210370),
        (0.667950, 0.015455, 0.210519),
        (0.682156, 0.030909, 0.210965),
        (0.695573, 0.046364, 0.211709),
        (0.707889, 0.061818, 0.212751),
        (0.718877, 0.077273, 0.214089),
        (0.728423, 0.092727, 0.215726),
        (0.736525, 0.108182, 0.217660),
        (0.743300, 0.123636, 0.219891),
        (0.748974, 0.139091, 0.222420),
        (0.753859, 0.154545, 0.225246),
        (0.758333, 0.170000, 0.228370),
        (0.687407, 0.000000, 0.210370),
        (0.702024, 0.015455, 0.210519),
        (0.716230, 0.030909, 0.210965),
        (0.729647, 0.046364, 0.211709),
        (0.741963, 0.061818, 0.212751),
        (0.752951, 0.077273, 0.214089),
        (0.762497, 0.092727, 0.215726),
        (0.770599, 0.108182, 0.217660),
        (0.777375, 0.123636, 0.219891),
        (0.783048, 0.139091, 0.222420),
        (0.787933, 0.154545, 0.225246),
        (0.792407, 0.170000, 0.228370),
        (0.721481, 0.000000, 0.210370),
        (0.736098, 0.015455, 0.210519),
        (0.750304, 0.030909, 0.210965),
        (0.763721, 0.046364, 0.211709),
        (0.776037, 0.061818, 0.212751),
        (0.787026, 0.077273, 0.214089),
        (0.796571, 0.092727, 0.215726),
        (0.804673, 0.108182, 0.217660),
        (0.811449, 0.123636, 0.219891),
        (0.817122, 0.139091, 0.222420),
        (0.822007, 0.154545, 0.225246),
        (0.826481, 0.170000, 0.228370),
        (0.755556, 0.000000, 0.210370),
        (0.770172, 0.015455, 0.210519),
        (0.784378, 0.030909, 0.210965),
        (0.797795, 0.046364, 0.211709),
        (0.810111, 0.061818, 0.212751),
        (0.821100, 0.077273, 0.214089),
        (0.830645, 0.092727, 0.215726),
        (0.838747, 0.108182, 0.217660),
        (0.845523, 0.123636, 0.219891),
        (0.851196, 0.139091, 0.222420),
        (0.856081, 0.154545, 0.225246),
        (0.860556, 0.170000, 0.228370),
        (0.789630, 0.000000, 0.210370),
        (0.804246, 0.015455, 0.210519),
        (0.818452, 0.030909, 0.210965),
        (0.831869, 0.046364, 0.211709),
        (0.844185, 0.061818, 0.212751),
        (0.855174, 0.077273, 0.214089),
        (0.864719, 0.092727, 0.215726),
        (0.872821, 0.108182, 0.217660),
        (0.879597, 0.123636, 0.219891),
        (0.885270, 0.139091, 0.222420),
        (0.890155, 0.154545, 0.225246),
        (0.894630, 0.170000, 0.228370),
        (0.823704, 0.000000, 0.210370),
        (0.838320, 0.015455, 0.210519),
        (0.852526, 0.030909, 0.210965),
        (0.865944, 0.046364, 0.211709),
        (0.878259, 0.061818, 0.212751),
        (0.889248, 0.077273, 0.214089),
        (0.898793, 0.092727, 0.215726),
        (0.906895, 0.108182, 0.217660),
        (0.913671, 0.123636, 0.219891),
        (0.919344, 0.139091, 0.222420),
        (0.924229, 0.154545, 0.225246),
        (0.928704, 0.170000, 0.228370),
        (0.857778, 0.000000, 0.210370),
        (0.872394, 0.015455, 0.210519),
        (0.886600, 0.030909, 0.210965),
        (0.900018, 0.046364, 0.211709),
        (0.912333, 0.061818, 0.212751),
        (0.923322, 0.077273, 0.214089),
        (0.932867, 0.092727, 0.215726),
        (0.940969, 0.108182, 0.217660),
        (0.947745, 0.123636, 0.219891),
        (0.953418, 0.139091, 0.222420),
        (0.958304, 0.154545, 0.225246),
        (0.962778, 0.170000, 0.228370),
        (0.891852, 0.000000, 0.210370),
        (0.906468, 0.015455, 0.210519),
        (0.920674, 0.030909, 0.210965),
        (0.934092, 0.046364, 0.211709),
        (0.946407, 0.061818, 0.212751),
        (0.957396, 0.077273, 0.214089),
        (0.966941, 0.092727, 0.215726),
        (0.975043, 0.108182, 0.217660),
        (0.981819, 0.123636, 0.219891),
        (0.987492, 0.139091, 0.222420),
        (0.992378, 0.154545, 0.225246),
        (0.996852, 0.170000, 0.228370),
        (0.925926, 0.000000, 0.210370),
        (0.940543, 0.015455, 0.210519),
        (0.954748, 0.030909, 0.210965),
        (0.968166, 0.046364, 0.211709),
        (0.980481, 0.061818, 0.212751),
        (0.991470, 0.077273, 0.214089),
        (1.001015, 0.092727, 0.215726),
        (1.009117, 0.108182, 0.217660),
        (1.015893, 0.123636, 0.219891),
        (1.021567, 0.139091, 0.222420),
        (1.026452, 0.154545, 0.225246),
        (1.030926, 0.170000, 0.228370),
        (0.960000, 0.000000, 0.210370),
        (0.974617, 0.015455, 0.210519),
        (0.988822, 0.030909, 0.210965),
        (1.002240, 0.046364, 0.211709),
        (1.014555, 0.061818, 0.212751),
        (1.025544, 0.077273, 0.214089),
        (1.035090, 0.092727, 0.215726),
        (1.043192, 0.108182, 0.217660),
        (1.049967, 0.123636, 0.219891),
        (1.055641, 0.139091, 0.222420),
        (1.060526, 0.154545, 0.225246),
        (1.065000, 0.170000, 0.228370),
        (0.040000, 0.000000, 0.244444),
        (0.054617, 0.015455, 0.244593),
        (0.068822, 0.030909, 0.245039),
        (0.082240, 0.046364, 0.245783),
        (0.094555, 0.061818, 0.246825),
        (0.105544, 0.077273, 0.248163),
        (0.115090, 0.092727, 0.249800),
        (0.123192, 0.108182, 0.251734),
        (0.129967, 0.123636, 0.253965),
        (0.135641, 0.139091, 0.256494),
        (0.140526, 0.154545, 0.259320),
        (0.145000, 0.170000, 0.262444),
        (0.074074, 0.000000, 0.244444),
        (0.088691, 0.015455, 0.244593),
        (0.102897, 0.030909, 0.245039),
        (0.116314, 0.046364, 0.245783),
        (0.128629, 0.061818, 0.246825),
        (0.139618, 0.077273, 0.248163),
        (0.149164, 0.092727, 0.249800),
        (0.157266, 0.108182, 0.251734),
        (0.164041, 0.123636, 0.253965),
        (0.169715, 0.139091, 0.256494),
        (0.174600, 0.154545, 0.259320),
        (0.179074, 0.170000, 0.262444),
        (0.108148, 0.000000, 0.244444),
        (0.122765, 0.015455, 0.244593),
        (0.136971, 0.030909, 0.245039),
        (0.150388, 0.046364, 0.245783),
        (0.162703, 0.061818, 0.246825),
        (0.173692, 0.077273, 0.248163),
        (0.183238, 0.092727, 0.249800),
        (0.191340, 0.108182, 0.251734),
        (0.198115, 0.123636, 0.253965),
        (0.203789, 0.139091, 0.256494),
        (0.208674, 0.154545, 0.259320),
        (0.213148, 0.170000, 0.262444),
        (0.142222, 0.000000, 0.244444),
        (0.156839, 0.015455, 0.244593),
        (0.171045, 0.030909, 0.245039),
        (0.184462, 0.046364, 0.245783),
        (0.196777, 0.061818, 0.246825),
        (0.207766, 0.077273, 0.248163),
        (0.217312, 0.092727, 0.249800),
        (0.225414, 0.108182, 0.251734),
        (0.232189, 0.123636, 0.253965),
        (0.237863, 0.139091, 0.256494),
        (0.242748, 0.154545, 0.259320),
        (0.247222, 0.170000, 0.262444),
        (0.176296, 0.000000, 0.244444),
        (0.190913, 0.015455, 0.244593),
        (0.205119, 0.030909, 0.245039),
        (0.218536, 0.046364, 0.245783),
        (0.230851, 0.061818, 0.246825),
        (0.241840, 0.077273, 0.248163),
        (0.251386, 0.092727, 0.249800),
        (0.259488, 0.108182, 0.251734),
        (0.266263, 0.123636, 0.253965),
        (0.271937, 0.139091, 0.256494),
        (0.276822, 0.154545, 0.259320),
        (0.281296, 0.170000, 0.262444),
        (0.210370, 0.000000, 0.244444),
        (0.224987, 0.015455, 0.244593),
        (0.239193, 0.030909, 0.245039),
        (0.252610, 0.046364, 0.245783),
        (0.264926, 0.061818, 0.246825),
        (0.275914, 0.077273, 0.248163),
        (0.285460, 0.092727, 0.249800),
        (0.293562, 0.108182, 0.251734),
        (0.300337, 0.123636, 0.253965),
        (0.306011, 0.139091, 0.256494),
        (0.310896, 0.154545, 0.259320),
        (0.315370, 0.170000, 0.262444),
        (0.244444, 0.000000, 0.244444),
        (0.259061, 0.015455, 0.244593),
        (0.273267, 0.030909, 0.245039),
        (0.286684, 0.046364, 0.245783),
        (0.299000, 0.061818, 0.246825),
        (0.309989, 0.077273, 0.248163),
        (0.319534, 0.092727, 0.249800),
        (0.327636, 0.108182, 0.251734),
        (0.334412, 0.123636, 0.253965),
        (0.340085, 0.139091, 0.256494),
        (0.344970, 0.154545, 0.259320),
        (0.349444, 0.170000, 0.262444),
        (0.278519, 0.000000, 0.244444),
        (0.293135, 0.015455, 0.244593),
        (0.307341, 0.030909, 0.245039),
        (0.320758, 0.046364, 0.245783),
        (0.333074, 0.061818, 0.246825),
        (0.344063, 0.077273, 0.248163),
        (0.353608, 0.092727, 0.249800),
        (0.361710, 0.108182, 0.251734),
        (0.368486, 0.123636, 0.253965),
        (0.374159, 0.139091, 0.256494),
        (0.379044, 0.154545, 0.259320),
        (0.383519, 0.170000, 0.262444),
        (0.312593, 0.000000, 0.244444),
        (0.327209, 0.015455, 0.244593),
        (0.341415, 0.030909, 0.245039),
        (0.354832, 0.046364, 0.245783),
        (0.367148, 0.061818, 0.246825),
        (0.378137, 0.077273, 0.248163),
        (0.387682, 0.092727, 0.249800),
        (0.395784, 0.108182, 0.251734),
        (0.402560, 0.123636, 0.253965),
        (0.408233, 0.139091, 0.256494),
        (0.413118, 0.154545, 0.259320),
        (0.417593, 0.170000, 0.262444),
        (0.346667, 0.000000, 0.244444),
        (0.361283, 0.015455, 0.244593),
        (0.375489, 0.030909, 0.245039),
        (0.388907, 0.046364, 0.245783),
        (0.401222, 0.061818, 0.246825),
        (0.412211, 0.077273, 0.248163),
        (0.421756, 0.092727, 0.249800),
        (0.429858, 0.108182, 0.251734),
        (0.436634, 0.123636, 0.253965),
        (0.442307, 0.139091, 0.256494),
        (0.447192, 0.154545, 0.259320),
        (0.451667, 0.170000, 0.262444),
        (0.380741, 0.000000, 0.244444),
        (0.395357, 0.015455, 0.244593),
        (0.409563, 0.030909, 0.245039),
        (0.422981, 0.046364, 0.245783),
        (0.435296, 0.061818, 0.246825),
        (0.446285, 0.077273, 0.248163),
        (0.455830, 0.092727, 0.249800),
        (0.463932, 0.108182, 0.251734),
        (0.470708, 0.123636, 0.253965),
        (0.476381, 0.139091, 0.256494),
        (0.481266, 0.154545, 0.259320),
        (0.485741, 0.170000, 0.262444),
        (0.414815, 0.000000, 0.244444),
        (0.429431, 0.015455, 0.244593),
        (0.443637, 0.030909, 0.245039),
        (0.457055, 0.046364, 0.245783),
        (0.469370, 0.061818, 0.246825),
        (0.480359, 0.077273, 0.248163),
        (0.489904, 0.092727, 0.249800),
        (0.498006, 0.108182, 0.251734),
        (0.504782, 0.123636, 0.253965),
        (0.510455, 0.139091, 0.256494),
        (0.515341, 0.154545, 0.259320),
        (0.519815, 0.170000, 0.262444),
        (0.448889, 0.000000, 0.244444),
        (0.463506, 0.015455, 0.244593),
        (0.477711, 0.030909, 0.245039),
        (0.491129, 0.046364, 0.245783),
        (0.503444, 0.061818, 0.246825),
        (0.514433, 0.077273, 0.248163),
        (0.523978, 0.092727, 0.249800),
        (0.532080, 0.108182, 0.251734),
        (0.538856, 0.123636, 0.253965),
        (0.544530, 0.139091, 0.256494),
        (0.549415, 0.154545, 0.259320),
        (0.553889, 0.170000, 0.262444),
        (0.482963, 0.000000, 0.244444),
        (0.497580, 0.015455, 0.244593),
        (0.511785, 0.030909, 0.245039),
        (0.525203, 0.046364, 0.245783),
        (0.537518, 0.061818, 0.246825),
        (0.548507, 0.077273, 0.248163),
        (0.558052, 0.092727, 0.249800),
        (0.566155, 0.108182, 0.251734),
        (0.572930, 0.123636, 0.253965),
        (0.578604, 0.139091, 0.256494),
        (0.583489, 0.154545, 0.259320),
        (0.587963, 0.170000, 0.262444),
        (0.517037, 0.000000, 0.244444),
        (0.531654, 0.015455, 0.244593),
        (0.545859, 0.030909, 0.245039),
        (0.559277, 0.046364, 0.245783),
        (0.571592, 0.061818, 0.246825),
        (0.582581, 0.077273, 0.248163),
        (0.592127, 0.092727, 0.249800),
        (0.600229, 0.108182, 0.251734),
        (0.607004, 0.123636, 0.253965),
        (0.612678, 0.139091, 0.256494),
        (0.617563, 0.154545, 0.259320),
        (0.622037, 0.170000, 0.262444),
        (0.551111, 0.000000, 0.244444),
        (0.565728, 0.015455, 0.244593),
        (0.579934, 0.030909, 0.245039),
        (0.593351, 0.046364, 0.245783),
        (0.605666, 0.061818, 0.246825),
        (0.616655, 0.077273, 0.248163),
        (0.626201, 0.092727, 0.249800),
        (0.634303, 0.108182, 0.251734),
        (0.641078, 0.123636, 0.253965),
        (0.646752, 0.139091, 0.256494),
        (0.651637, 0.154545, 0.259320),
        (0.656111, 0.170000, 0.262444),
        (0.585185, 0.000000, 0.244444),
        (0.599802, 0.015455, 0.244593),
        (0.614008, 0.030909, 0.245039),
        (0.627425, 0.046364, 0.245783),
        (0.639740, 0.061818, 0.246825),
        (0.650729, 0.077273, 0.248163),
        (0.660275, 0.092727, 0.249800),
        (0.668377, 0.108182, 0.251734),
        (0.675152, 0.123636, 0.253965),
        (0.680826, 0.139091, 0.256494),
        (0.685711, 0.154545, 0.259320),
        (0.690185, 0.170000, 0.262444),
        (0.619259, 0.000000, 0.244444),
        (0.633876, 0.015455, 0.244593),
        (0.648082, 0.030909, 0.245039),
        (0.661499, 0.046364, 0.245783),
        (0.673814, 0.061818, 0.246825),
        (0.684803, 0.077273, 0.248163),
        (0.694349, 0.092727, 0.249800),
        (0.702451, 0.108182, 0.251734),
        (0.709226, 0.123636, 0.253965),
        (0.714900, 0.139091, 0.256494),
        (0.719785, 0.154545, 0.259320),
        (0.724259, 0.170000, 0.262444),
        (0.653333, 0.000000, 0.244444),
        (0.667950, 0.015455, 0.244593),
        (0.682156, 0.030909, 0.245039),
        (0.695573, 0.046364, 0.245783),
        (0.707889, 0.061818, 0.246825),
        (0.718877, 0.077273, 0.248163),
        (0.728423, 0.092727, 0.249800),
        (0.736525, 0.108182, 0.251734),
        (0.743300, 0.123636, 0.253965),
        (0.748974, 0.139091, 0.256494),
        (0.753859, 0.154545, 0.259320),
        (0.758333, 0.170000, 0.262444),
        (0.687407, 0.000000, 0.244444),
        (0.702024, 0.015455, 0.244593),
        (0.716230, 0.030909, 0.245039),
        (0.729647, 0.046364, 0.245783),
        (0.741963, 0.061818, 0.246825),
        (0.752951, 0.077273, 0.248163),
        (0.762497, 0.092727, 0.249800),
        (0.770599, 0.108182, 0.251734),
        (0.777375, 0.123636, 0.253965),
        (0.783048, 0.139091, 0.256494),
        (0.787933, 0.154545, 0.259320),
        (0.792407, 0.170000, 0.262444),
        (0.721481, 0.000000, 0.244444),
        (0.736098, 0.015455, 0.244593),
        (0.750304, 0.030909, 0.245039),
        (0.763721, 0.046364, 0.245783),
        (0.776037, 0.061818, 0.246825),
        (0.787026, 0.077273, 0.248163),
        (0.796571, 0.092727, 0.249800),
        (0.804673, 0.108182, 0.251734),
        (0.811449, 0.123636, 0.253965),
        (0.817122, 0.139091, 0.256494),
        (0.822007, 0.154545, 0.259320),
        (0.826481, 0.170000, 0.262444),
        (0.755556, 0.000000, 0.244444),
        (0.770172, 0.015455, 0.244593),
        (0.784378, 0.030909, 0.245039),
        (0.797795, 0.046364, 0.245783),
        (0.810111, 0.061818, 0.246825),
        (0.821100, 0.077273, 0.248163),
        (0.830645, 0.092727, 0.249800),
        (0.838747, 0.108182, 0.251734),
        (0.845523, 0.123636, 0.253965),
        (0.851196, 0.139091, 0.256494),
        (0.856081, 0.154545, 0.259320),
        (0.860556, 0.170000, 0.262444),
        (0.789630, 0.000000, 0.244444),
        (0.804246, 0.015455, 0.244593),
        (0.818452, 0.030909, 0.245039),
        (0.831869, 0.046364, 0.245783),
        (0.844185, 0.061818, 0.246825),
        (0.855174, 0.077273, 0.248163),
        (0.864719, 0.092727, 0.249800),
        (0.872821, 0.108182, 0.251734),
        (0.879597, 0.123636, 0.253965),
        (0.885270, 0.139091, 0.256494),
        (0.890155, 0.154545, 0.259320),
        (0.894630, 0.170000, 0.262444),
        (0.823704, 0.000000, 0.244444),
        (0.838320, 0.015455, 0.244593),
        (0.852526, 0.030909, 0.245039),
        (0.865944, 0.046364, 0.245783),
        (0.878259, 0.061818, 0.246825),
        (0.889248, 0.077273, 0.248163),
        (0.898793, 0.092727, 0.249800),
        (0.906895, 0.108182, 0.251734),
        (0.913671, 0.123636, 0.253965),
        (0.919344, 0.139091, 0.256494),
        (0.924229, 0.154545, 0.259320),
        (0.928704, 0.170000, 0.262444),
        (0.857778, 0.000000, 0.244444),
        (0.872394, 0.015455, 0.244593),
        (0.886600, 0.030909, 0.245039),
        (0.900018, 0.046364, 0.245783),
        (0.912333, 0.061818, 0.246825),
        (0.923322, 0.077273, 0.248163),
        (0.932867, 0.092727, 0.249800),
        (0.940969, 0.108182, 0.251734),
        (0.947745, 0.123636, 0.253965),
        (0.953418, 0.139091, 0.256494),
        (0.958304, 0.154545, 0.259320),
        (0.962778, 0.170000, 0.262444),
        (0.891852, 0.000000, 0.244444),
        (0.906468, 0.015455, 0.244593),
        (0.920674, 0.030909, 0.245039),
        (0.934092, 0.046364, 0.245783),
        (0.946407, 0.061818, 0.246825),
        (0.957396, 0.077273, 0.248163),
        (0.966941, 0.092727, 0.249800),
        (0.975043, 0.108182, 0.251734),
        (0.981819, 0.123636, 0.253965),
        (0.987492, 0.139091, 0.256494),
        (0.992378, 0.154545, 0.259320),
        (0.996852, 0.170000, 0.262444),
        (0.925926, 0.000000, 0.244444),
        (0.940543, 0.015455, 0.244593),
        (0.954748, 0.030909, 0.245039),
        (0.968166, 0.046364, 0.245783),
        (0.980481, 0.061818, 0.246825),
        (0.991470, 0.077273, 0.248163),
        (1.001015, 0.092727, 0.249800),
        (1.009117, 0.108182, 0.251734),
        (1.015893, 0.123636, 0.253965),
        (1.021567, 0.139091, 0.256494),
        (1.026452, 0.154545, 0.259320),
        (1.030926, 0.170000, 0.262444),
        (0.960000, 0.000000, 0.244444),
        (0.974617, 0.015455, 0.244593),
        (0.988822, 0.030909, 0.245039),
        (1.002240, 0.046364, 0.245783),
        (1.014555, 0.061818, 0.246825),
        (1.025544, 0.077273, 0.248163),
        (1.035090, 0.092727, 0.249800),
        (1.043192, 0.108182, 0.251734),
        (1.049967, 0.123636, 0.253965),
        (1.055641, 0.139091, 0.256494),
        (1.060526, 0.154545, 0.259320),
        (1.065000, 0.170000, 0.262444),
        (0.040000, 0.000000, 0.278519),
        (0.054617, 0.015455, 0.278667),
        (0.068822, 0.030909, 0.279114),
        (0.082240, 0.046364, 0.279857),
        (0.094555, 0.061818, 0.280899),
        (0.105544, 0.077273, 0.282238),
        (0.115090, 0.092727, 0.283874),
        (0.123192, 0.108182, 0.285808),
        (0.129967, 0.123636, 0.288039),
        (0.135641, 0.139091, 0.290568),
        (0.140526, 0.154545, 0.293395),
        (0.145000, 0.170000, 0.296519),
        (0.074074, 0.000000, 0.278519),
        (0.088691, 0.015455, 0.278667),
        (0.102897, 0.030909, 0.279114),
        (0.116314, 0.046364, 0.279857),
        (0.128629, 0.061818, 0.280899),
        (0.139618, 0.077273, 0.282238),
        (0.149164, 0.092727, 0.283874),
        (0.157266, 0.108182, 0.285808),
        (0.164041, 0.123636, 0.288039),
        (0.169715, 0.139091, 0.290568),
        (0.174600, 0.154545, 0.293395),
        (0.179074, 0.170000, 0.296519),
        (0.108148, 0.000000, 0.278519),
        (0.122765, 0.015455, 0.278667),
        (0.136971, 0.030909, 0.279114),
        (0.150388, 0.046364, 0.279857),
        (0.162703, 0.061818, 0.280899),
        (0.173692, 0.077273, 0.282238),
        (0.183238, 0.092727, 0.283874),
        (0.191340, 0.108182, 0.285808),
        (0.198115, 0.123636, 0.288039),
        (0.203789, 0.139091, 0.290568),
        (0.208674, 0.154545, 0.293395),
        (0.213148, 0.170000, 0.296519),
        (0.142222, 0.000000, 0.278519),
        (0.156839, 0.015455, 0.278667),
        (0.171045, 0.030909, 0.279114),
        (0.184462, 0.046364, 0.279857),
        (0.196777, 0.061818, 0.280899),
        (0.207766, 0.077273, 0.282238),
        (0.217312, 0.092727, 0.283874),
        (0.225414, 0.108182, 0.285808),
        (0.232189, 0.123636, 0.288039),
        (0.237863, 0.139091, 0.290568),
        (0.242748, 0.154545, 0.293395),
        (0.247222, 0.170000, 0.296519),
        (0.176296, 0.000000, 0.278519),
        (0.190913, 0.015455, 0.278667),
        (0.205119, 0.030909, 0.279114),
        (0.218536, 0.046364, 0.279857),
        (0.230851, 0.061818, 0.280899),
        (0.241840, 0.077273, 0.282238),
        (0.251386, 0.092727, 0.283874),
        (0.259488, 0.108182, 0.285808),
        (0.266263, 0.123636, 0.288039),
        (0.271937, 0.139091, 0.290568),
        (0.276822, 0.154545, 0.293395),
        (0.281296, 0.170000, 0.296519),
        (0.210370, 0.000000, 0.278519),
        (0.224987, 0.015455, 0.278667),
        (0.239193, 0.030909, 0.279114),
        (0.252610, 0.046364, 0.279857),
        (0.264926, 0.061818, 0.280899),
        (0.275914, 0.077273, 0.282238),
        (0.285460, 0.092727, 0.283874),
        (0.293562, 0.108182, 0.285808),
        (0.300337, 0.123636, 0.288039),
        (0.306011, 0.139091, 0.290568),
        (0.310896, 0.154545, 0.293395),
        (0.315370, 0.170000, 0.296519),
        (0.244444, 0.000000, 0.278519),
        (0.259061, 0.015455, 0.278667),
        (0.273267, 0.030909, 0.279114),
        (0.286684, 0.046364, 0.279857),
        (0.299000, 0.061818, 0.280899),
        (0.309989, 0.077273, 0.282238),
        (0.319534, 0.092727, 0.283874),
        (0.327636, 0.108182, 0.285808),
        (0.334412, 0.123636, 0.288039),
        (0.340085, 0.139091, 0.290568),
        (0.344970, 0.154545, 0.293395),
        (0.349444, 0.170000, 0.296519),
        (0.278519, 0.000000, 0.278519),
        (0.293135, 0.015455, 0.278667),
        (0.307341, 0.030909, 0.279114),
        (0.320758, 0.046364, 0.279857),
        (0.333074, 0.061818, 0.280899),
        (0.344063, 0.077273, 0.282238),
        (0.353608, 0.092727, 0.283874),
        (0.361710, 0.108182, 0.285808),
        (0.368486, 0.123636, 0.288039),
        (0.374159, 0.139091, 0.290568),
        (0.379044, 0.154545, 0.293395),
        (0.383519, 0.170000, 0.296519),
        (0.312593, 0.000000, 0.278519),
        (0.327209, 0.015455, 0.278667),
        (0.341415, 0.030909, 0.279114),
        (0.354832, 0.046364, 0.279857),
        (0.367148, 0.061818, 0.280899),
        (0.378137, 0.077273, 0.282238),
        (0.387682, 0.092727, 0.283874),
        (0.395784, 0.108182, 0.285808),
        (0.402560, 0.123636, 0.288039),
        (0.408233, 0.139091, 0.290568),
        (0.413118, 0.154545, 0.293395),
        (0.417593, 0.170000, 0.296519),
        (0.346667, 0.000000, 0.278519),
        (0.361283, 0.015455, 0.278667),
        (0.375489, 0.030909, 0.279114),
        (0.388907, 0.046364, 0.279857),
        (0.401222, 0.061818, 0.280899),
        (0.412211, 0.077273, 0.282238),
        (0.421756, 0.092727, 0.283874),
        (0.429858, 0.108182, 0.285808),
        (0.436634, 0.123636, 0.288039),
        (0.442307, 0.139091, 0.290568),
        (0.447192, 0.154545, 0.293395),
        (0.451667, 0.170000, 0.296519),
        (0.380741, 0.000000, 0.278519),
        (0.395357, 0.015455, 0.278667),
        (0.409563, 0.030909, 0.279114),
        (0.422981, 0.046364, 0.279857),
        (0.435296, 0.061818, 0.280899),
        (0.446285, 0.077273, 0.282238),
        (0.455830, 0.092727, 0.283874),
        (0.463932, 0.108182, 0.285808),
        (0.470708, 0.123636, 0.288039),
        (0.476381, 0.139091, 0.290568),
        (0.481266, 0.154545, 0.293395),
        (0.485741, 0.170000, 0.296519),
        (0.414815, 0.000000, 0.278519),
        (0.429431, 0.015455, 0.278667),
        (0.443637, 0.030909, 0.279114),
        (0.457055, 0.046364, 0.279857),
        (0.469370, 0.061818, 0.280899),
        (0.480359, 0.077273, 0.282238),
        (0.489904, 0.092727, 0.283874),
        (0.498006, 0.108182, 0.285808),
        (0.504782, 0.123636, 0.288039),
        (0.510455, 0.139091, 0.290568),
        (0.515341, 0.154545, 0.293395),
        (0.519815, 0.170000, 0.296519),
        (0.448889, 0.000000, 0.278519),
        (0.463506, 0.015455, 0.278667),
        (0.477711, 0.030909, 0.279114),
        (0.491129, 0.046364, 0.279857),
        (0.503444, 0.061818, 0.280899),
        (0.514433, 0.077273, 0.282238),
        (0.523978, 0.092727, 0.283874),
        (0.532080, 0.108182, 0.285808),
        (0.538856, 0.123636, 0.288039),
        (0.544530, 0.139091, 0.290568),
        (0.549415, 0.154545, 0.293395),
        (0.553889, 0.170000, 0.296519),
        (0.482963, 0.000000, 0.278519),
        (0.497580, 0.015455, 0.278667),
        (0.511785, 0.030909, 0.279114),
        (0.525203, 0.046364, 0.279857),
        (0.537518, 0.061818, 0.280899),
        (0.548507, 0.077273, 0.282238),
        (0.558052, 0.092727, 0.283874),
        (0.566155, 0.108182, 0.285808),
        (0.572930, 0.123636, 0.288039),
        (0.578604, 0.139091, 0.290568),
        (0.583489, 0.154545, 0.293395),
        (0.587963, 0.170000, 0.296519),
        (0.517037, 0.000000, 0.278519),
        (0.531654, 0.015455, 0.278667),
        (0.545859, 0.030909, 0.279114),
        (0.559277, 0.046364, 0.279857),
        (0.571592, 0.061818, 0.280899),
        (0.582581, 0.077273, 0.282238),
        (0.592127, 0.092727, 0.283874),
        (0.600229, 0.108182, 0.285808),
        (0.607004, 0.123636, 0.288039),
        (0.612678, 0.139091, 0.290568),
        (0.617563, 0.154545, 0.293395),
        (0.622037, 0.170000, 0.296519),
        (0.551111, 0.000000, 0.278519),
        (0.565728, 0.015455, 0.278667),
        (0.579934, 0.030909, 0.279114),
        (0.593351, 0.046364, 0.279857),
        (0.605666, 0.061818, 0.280899),
        (0.616655, 0.077273, 0.282238),
        (0.626201, 0.092727, 0.283874),
        (0.634303, 0.108182, 0.285808),
        (0.641078, 0.123636, 0.288039),
        (0.646752, 0.139091, 0.290568),
        (0.651637, 0.154545, 0.293395),
        (0.656111, 0.170000, 0.296519),
        (0.585185, 0.000000, 0.278519),
        (0.599802, 0.015455, 0.278667),
        (0.614008, 0.030909, 0.279114),
        (0.627425, 0.046364, 0.279857),
        (0.639740, 0.061818, 0.280899),
        (0.650729, 0.077273, 0.282238),
        (0.660275, 0.092727, 0.283874),
        (0.668377, 0.108182, 0.285808),
        (0.675152, 0.123636, 0.288039),
        (0.680826, 0.139091, 0.290568),
        (0.685711, 0.154545, 0.293395),
        (0.690185, 0.170000, 0.296519),
        (0.619259, 0.000000, 0.278519),
        (0.633876, 0.015455, 0.278667),
        (0.648082, 0.030909, 0.279114),
        (0.661499, 0.046364, 0.279857),
        (0.673814, 0.061818, 0.280899),
        (0.684803, 0.077273, 0.282238),
        (0.694349, 0.092727, 0.283874),
        (0.702451, 0.108182, 0.285808),
        (0.709226, 0.123636, 0.288039),
        (0.714900, 0.139091, 0.290568),
        (0.719785, 0.154545, 0.293395),
        (0.724259, 0.170000, 0.296519),
        (0.653333, 0.000000, 0.278519),
        (0.667950, 0.015455, 0.278667),
        (0.682156, 0.030909, 0.279114),
        (0.695573, 0.046364, 0.279857),
        (0.707889, 0.061818, 0.280899),
        (0.718877, 0.077273, 0.282238),
        (0.728423, 0.092727, 0.283874),
        (0.736525, 0.108182, 0.285808),
        (0.743300, 0.123636, 0.288039),
        (0.748974, 0.139091, 0.290568),
        (0.753859, 0.154545, 0.293395),
        (0.758333, 0.170000, 0.296519),
        (0.687407, 0.000000, 0.278519),
        (0.702024, 0.015455, 0.278667),
        (0.716230, 0.030909, 0.279114),
        (0.729647, 0.046364, 0.279857),
        (0.741963, 0.061818, 0.280899),
        (0.752951, 0.077273, 0.282238),
        (0.762497, 0.092727, 0.283874),
        (0.770599, 0.108182, 0.285808),
        (0.777375, 0.123636, 0.288039),
        (0.783048, 0.139091, 0.290568),
        (0.787933, 0.154545, 0.293395),
        (0.792407, 0.170000, 0.296519),
        (0.721481, 0.000000, 0.278519),
        (0.736098, 0.015455, 0.278667),
        (0.750304, 0.030909, 0.279114),
        (0.763721, 0.046364, 0.279857),
        (0.776037, 0.061818, 0.280899),
        (0.787026, 0.077273, 0.282238),
        (0.796571, 0.092727, 0.283874),
        (0.804673, 0.108182, 0.285808),
        (0.811449, 0.123636, 0.288039),
        (0.817122, 0.139091, 0.290568),
        (0.822007, 0.154545, 0.293395),
        (0.826481, 0.170000, 0.296519),
        (0.755556, 0.000000, 0.278519),
        (0.770172, 0.015455, 0.278667),
        (0.784378, 0.030909, 0.279114),
        (0.797795, 0.046364, 0.279857),
        (0.810111, 0.061818, 0.280899),
        (0.821100, 0.077273, 0.282238),
        (0.830645, 0.092727, 0.283874),
        (0.838747, 0.108182, 0.285808),
        (0.845523, 0.123636, 0.288039),
        (0.851196, 0.139091, 0.290568),
        (0.856081, 0.154545, 0.293395),
        (0.860556, 0.170000, 0.296519),
        (0.789630, 0.000000, 0.278519),
        (0.804246, 0.015455, 0.278667),
        (0.818452, 0.030909, 0.279114),
        (0.831869, 0.046364, 0.279857),
        (0.844185, 0.061818, 0.280899),
        (0.855174, 0.077273, 0.282238),
        (0.864719, 0.092727, 0.283874),
        (0.872821, 0.108182, 0.285808),
        (0.879597, 0.123636, 0.288039),
        (0.885270, 0.139091, 0.290568),
        (0.890155, 0.154545, 0.293395),
        (0.894630, 0.170000, 0.296519),
        (0.823704, 0.000000, 0.278519),
        (0.838320, 0.015455, 0.278667),
        (0.852526, 0.030909, 0.279114),
        (0.865944, 0.046364, 0.279857),
        (0.878259, 0.061818, 0.280899),
        (0.889248, 0.077273, 0.282238),
        (0.898793, 0.092727, 0.283874),
        (0.906895, 0.108182, 0.285808),
        (0.913671, 0.123636, 0.288039),
        (0.919344, 0.139091, 0.290568),
        (0.924229, 0.154545, 0.293395),
        (0.928704, 0.170000, 0.296519),
        (0.857778, 0.000000, 0.278519),
        (0.872394, 0.015455, 0.278667),
        (0.886600, 0.030909, 0.279114),
        (0.900018, 0.046364, 0.279857),
        (0.912333, 0.061818, 0.280899),
        (0.923322, 0.077273, 0.282238),
        (0.932867, 0.092727, 0.283874),
        (0.940969, 0.108182, 0.285808),
        (0.947745, 0.123636, 0.288039),
        (0.953418, 0.139091, 0.290568),
        (0.958304, 0.154545, 0.293395),
        (0.962778, 0.170000, 0.296519),
        (0.891852, 0.000000, 0.278519),
        (0.906468, 0.015455, 0.278667),
        (0.920674, 0.030909, 0.279114),
        (0.934092, 0.046364, 0.279857),
        (0.946407, 0.061818, 0.280899),
        (0.957396, 0.077273, 0.282238),
        (0.966941, 0.092727, 0.283874),
        (0.975043, 0.108182, 0.285808),
        (0.981819, 0.123636, 0.288039),
        (0.987492, 0.139091, 0.290568),
        (0.992378, 0.154545, 0.293395),
        (0.996852, 0.170000, 0.296519),
        (0.925926, 0.000000, 0.278519),
        (0.940543, 0.015455, 0.278667),
        (0.954748, 0.030909, 0.279114),
        (0.968166, 0.046364, 0.279857),
        (0.980481, 0.061818, 0.280899),
        (0.991470, 0.077273, 0.282238),
        (1.001015, 0.092727, 0.283874),
        (1.009117, 0.108182, 0.285808),
        (1.015893, 0.123636, 0.288039),
        (1.021567, 0.139091, 0.290568),
        (1.026452, 0.154545, 0.293395),
        (1.030926, 0.170000, 0.296519),
        (0.960000, 0.000000, 0.278519),
        (0.974617, 0.015455, 0.278667),
        (0.988822, 0.030909, 0.279114),
        (1.002240, 0.046364, 0.279857),
        (1.014555, 0.061818, 0.280899),
        (1.025544, 0.077273, 0.282238),
        (1.035090, 0.092727, 0.283874),
        (1.043192, 0.108182, 0.285808),
        (1.049967, 0.123636, 0.288039),
        (1.055641, 0.139091, 0.290568),
        (1.060526, 0.154545, 0.293395),
        (1.065000, 0.170000, 0.296519),
        (0.040000, 0.000000, 0.312593),
        (0.054617, 0.015455, 0.312741),
        (0.068822, 0.030909, 0.313188),
        (0.082240, 0.046364, 0.313931),
        (0.094555, 0.061818, 0.314973),
        (0.105544, 0.077273, 0.316312),
        (0.115090, 0.092727, 0.317948),
        (0.123192, 0.108182, 0.319882),
        (0.129967, 0.123636, 0.322113),
        (0.135641, 0.139091, 0.324642),
        (0.140526, 0.154545, 0.327469),
        (0.145000, 0.170000, 0.330593),
        (0.074074, 0.000000, 0.312593),
        (0.088691, 0.015455, 0.312741),
        (0.102897, 0.030909, 0.313188),
        (0.116314, 0.046364, 0.313931),
        (0.128629, 0.061818, 0.314973),
        (0.139618, 0.077273, 0.316312),
        (0.149164, 0.092727, 0.317948),
        (0.157266, 0.108182, 0.319882),
        (0.164041, 0.123636, 0.322113),
        (0.169715, 0.139091, 0.324642),
        (0.174600, 0.154545, 0.327469),
        (0.179074, 0.170000, 0.330593),
        (0.108148, 0.000000, 0.312593),
        (0.122765, 0.015455, 0.312741),
        (0.136971, 0.030909, 0.313188),
        (0.150388, 0.046364, 0.313931),
        (0.162703, 0.061818, 0.314973),
        (0.173692, 0.077273, 0.316312),
        (0.183238, 0.092727, 0.317948),
        (0.191340, 0.108182, 0.319882),
        (0.198115, 0.123636, 0.322113),
        (0.203789, 0.139091, 0.324642),
        (0.208674, 0.154545, 0.327469),
        (0.213148, 0.170000, 0.330593),
        (0.142222, 0.000000, 0.312593),
        (0.156839, 0.015455, 0.312741),
        (0.171045, 0.030909, 0.313188),
        (0.184462, 0.046364, 0.313931),
        (0.196777, 0.061818, 0.314973),
        (0.207766, 0.077273, 0.316312),
        (0.217312, 0.092727, 0.317948),
        (0.225414, 0.108182, 0.319882),
        (0.232189, 0.123636, 0.322113),
        (0.237863, 0.139091, 0.324642),
        (0.242748, 0.154545, 0.327469),
        (0.247222, 0.170000, 0.330593),
        (0.176296, 0.000000, 0.312593),
        (0.190913, 0.015455, 0.312741),
        (0.205119, 0.030909, 0.313188),
        (0.218536, 0.046364, 0.313931),
        (0.230851, 0.061818, 0.314973),
        (0.241840, 0.077273, 0.316312),
        (0.251386, 0.092727, 0.317948),
        (0.259488, 0.108182, 0.319882),
        (0.266263, 0.123636, 0.322113),
        (0.271937, 0.139091, 0.324642),
        (0.276822, 0.154545, 0.327469),
        (0.281296, 0.170000, 0.330593),
        (0.210370, 0.000000, 0.312593),
        (0.224987, 0.015455, 0.312741),
        (0.239193, 0.030909, 0.313188),
        (0.252610, 0.046364, 0.313931),
        (0.264926, 0.061818, 0.314973),
        (0.275914, 0.077273, 0.316312),
        (0.285460, 0.092727, 0.317948),
        (0.293562, 0.108182, 0.319882),
        (0.300337, 0.123636, 0.322113),
        (0.306011, 0.139091, 0.324642),
        (0.310896, 0.154545, 0.327469),
        (0.315370, 0.170000, 0.330593),
        (0.244444, 0.000000, 0.312593),
        (0.259061, 0.015455, 0.312741),
        (0.273267, 0.030909, 0.313188),
        (0.286684, 0.046364, 0.313931),
        (0.299000, 0.061818, 0.314973),
        (0.309989, 0.077273, 0.316312),
        (0.319534, 0.092727, 0.317948),
        (0.327636, 0.108182, 0.319882),
        (0.334412, 0.123636, 0.322113),
        (0.340085, 0.139091, 0.324642),
        (0.344970, 0.154545, 0.327469),
        (0.349444, 0.170000, 0.330593),
        (0.278519, 0.000000, 0.312593),
        (0.293135, 0.015455, 0.312741),
        (0.307341, 0.030909, 0.313188),
        (0.320758, 0.046364, 0.313931),
        (0.333074, 0.061818, 0.314973),
        (0.344063, 0.077273, 0.316312),
        (0.353608, 0.092727, 0.317948),
        (0.361710, 0.108182, 0.319882),
        (0.368486, 0.123636, 0.322113),
        (0.374159, 0.139091, 0.324642),
        (0.379044, 0.154545, 0.327469),
        (0.383519, 0.170000, 0.330593),
        (0.312593, 0.000000, 0.312593),
        (0.327209, 0.015455, 0.312741),
        (0.341415, 0.030909, 0.313188),
        (0.354832, 0.046364, 0.313931),
        (0.367148, 0.061818, 0.314973),
        (0.378137, 0.077273, 0.316312),
        (0.387682, 0.092727, 0.317948),
        (0.395784, 0.108182, 0.319882),
        (0.402560, 0.123636, 0.322113),
        (0.408233, 0.139091, 0.324642),
        (0.413118, 0.154545, 0.327469),
        (0.417593, 0.170000, 0.330593),
        (0.346667, 0.000000, 0.312593),
        (0.361283, 0.015455, 0.312741),
        (0.375489, 0.030909, 0.313188),
        (0.388907, 0.046364, 0.313931),
        (0.401222, 0.061818, 0.314973),
        (0.412211, 0.077273, 0.316312),
        (0.421756, 0.092727, 0.317948),
        (0.429858, 0.108182, 0.319882),
        (0.436634, 0.123636, 0.322113),
        (0.442307, 0.139091, 0.324642),
        (0.447192, 0.154545, 0.327469),
        (0.451667, 0.170000, 0.330593),
        (0.380741, 0.000000, 0.312593),
        (0.395357, 0.015455, 0.312741),
        (0.409563, 0.030909, 0.313188),
        (0.422981, 0.046364, 0.313931),
        (0.435296, 0.061818, 0.314973),
        (0.446285, 0.077273, 0.316312),
        (0.455830, 0.092727, 0.317948),
        (0.463932, 0.108182, 0.319882),
        (0.470708, 0.123636, 0.322113),
        (0.476381, 0.139091, 0.324642),
        (0.481266, 0.154545, 0.327469),
        (0.485741, 0.170000, 0.330593),
        (0.414815, 0.000000, 0.312593),
        (0.429431, 0.015455, 0.312741),
        (0.443637, 0.030909, 0.313188),
        (0.457055, 0.046364, 0.313931),
        (0.469370, 0.061818, 0.314973),
        (0.480359, 0.077273, 0.316312),
        (0.489904, 0.092727, 0.317948),
        (0.498006, 0.108182, 0.319882),
        (0.504782, 0.123636, 0.322113),
        (0.510455, 0.139091, 0.324642),
        (0.515341, 0.154545, 0.327469),
        (0.519815, 0.170000, 0.330593),
        (0.448889, 0.000000, 0.312593),
        (0.463506, 0.015455, 0.312741),
        (0.477711, 0.030909, 0.313188),
        (0.491129, 0.046364, 0.313931),
        (0.503444, 0.061818, 0.314973),
        (0.514433, 0.077273, 0.316312),
        (0.523978, 0.092727, 0.317948),
        (0.532080, 0.108182, 0.319882),
        (0.538856, 0.123636, 0.322113),
        (0.544530, 0.139091, 0.324642),
        (0.549415, 0.154545, 0.327469),
        (0.553889, 0.170000, 0.330593),
        (0.482963, 0.000000, 0.312593),
        (0.497580, 0.015455, 0.312741),
        (0.511785, 0.030909, 0.313188),
        (0.525203, 0.046364, 0.313931),
        (0.537518, 0.061818, 0.314973),
        (0.548507, 0.077273, 0.316312),
        (0.558052, 0.092727, 0.317948),
        (0.566155, 0.108182, 0.319882),
        (0.572930, 0.123636, 0.322113),
        (0.578604, 0.139091, 0.324642),
        (0.583489, 0.154545, 0.327469),
        (0.587963, 0.170000, 0.330593),
        (0.517037, 0.000000, 0.312593),
        (0.531654, 0.015455, 0.312741),
        (0.545859, 0.030909, 0.313188),
        (0.559277, 0.046364, 0.313931),
        (0.571592, 0.061818, 0.314973),
        (0.582581, 0.077273, 0.316312),
        (0.592127, 0.092727, 0.317948),
        (0.600229, 0.108182, 0.319882),
        (0.607004, 0.123636, 0.322113),
        (0.612678, 0.139091, 0.324642),
        (0.617563, 0.154545, 0.327469),
        (0.622037, 0.170000, 0.330593),
        (0.551111, 0.000000, 0.312593),
        (0.565728, 0.015455, 0.312741),
        (0.579934, 0.030909, 0.313188),
        (0.593351, 0.046364, 0.313931),
        (0.605666, 0.061818, 0.314973),
        (0.616655, 0.077273, 0.316312),
        (0.626201, 0.092727, 0.317948),
        (0.634303, 0.108182, 0.319882),
        (0.641078, 0.123636, 0.322113),
        (0.646752, 0.139091, 0.324642),
        (0.651637, 0.154545, 0.327469),
        (0.656111, 0.170000, 0.330593),
        (0.585185, 0.000000, 0.312593),
        (0.599802, 0.015455, 0.312741),
        (0.614008, 0.030909, 0.313188),
        (0.627425, 0.046364, 0.313931),
        (0.639740, 0.061818, 0.314973),
        (0.650729, 0.077273, 0.316312),
        (0.660275, 0.092727, 0.317948),
        (0.668377, 0.108182, 0.319882),
        (0.675152, 0.123636, 0.322113),
        (0.680826, 0.139091, 0.324642),
        (0.685711, 0.154545, 0.327469),
        (0.690185, 0.170000, 0.330593),
        (0.619259, 0.000000, 0.312593),
        (0.633876, 0.015455, 0.312741),
        (0.648082, 0.030909, 0.313188),
        (0.661499, 0.046364, 0.313931),
        (0.673814, 0.061818, 0.314973),
        (0.684803, 0.077273, 0.316312),
        (0.694349, 0.092727, 0.317948),
        (0.702451, 0.108182, 0.319882),
        (0.709226, 0.123636, 0.322113),
        (0.714900, 0.139091, 0.324642),
        (0.719785, 0.154545, 0.327469),
        (0.724259, 0.170000, 0.330593),
        (0.653333, 0.000000, 0.312593),
        (0.667950, 0.015455, 0.312741),
        (0.682156, 0.030909, 0.313188),
        (0.695573, 0.046364, 0.313931),
        (0.707889, 0.061818, 0.314973),
        (0.718877, 0.077273, 0.316312),
        (0.728423, 0.092727, 0.317948),
        (0.736525, 0.108182, 0.319882),
        (0.743300, 0.123636, 0.322113),
        (0.748974, 0.139091, 0.324642),
        (0.753859, 0.154545, 0.327469),
        (0.758333, 0.170000, 0.330593),
        (0.687407, 0.000000, 0.312593),
        (0.702024, 0.015455, 0.312741),
        (0.716230, 0.030909, 0.313188),
        (0.729647, 0.046364, 0.313931),
        (0.741963, 0.061818, 0.314973),
        (0.752951, 0.077273, 0.316312),
        (0.762497, 0.092727, 0.317948),
        (0.770599, 0.108182, 0.319882),
        (0.777375, 0.123636, 0.322113),
        (0.783048, 0.139091, 0.324642),
        (0.787933, 0.154545, 0.327469),
        (0.792407, 0.170000, 0.330593),
        (0.721481, 0.000000, 0.312593),
        (0.736098, 0.015455, 0.312741),
        (0.750304, 0.030909, 0.313188),
        (0.763721, 0.046364, 0.313931),
        (0.776037, 0.061818, 0.314973),
        (0.787026, 0.077273, 0.316312),
        (0.796571, 0.092727, 0.317948),
        (0.804673, 0.108182, 0.319882),
        (0.811449, 0.123636, 0.322113),
        (0.817122, 0.139091, 0.324642),
        (0.822007, 0.154545, 0.327469),
        (0.826481, 0.170000, 0.330593),
        (0.755556, 0.000000, 0.312593),
        (0.770172, 0.015455, 0.312741),
        (0.784378, 0.030909, 0.313188),
        (0.797795, 0.046364, 0.313931),
        (0.810111, 0.061818, 0.314973),
        (0.821100, 0.077273, 0.316312),
        (0.830645, 0.092727, 0.317948),
        (0.838747, 0.108182, 0.319882),
        (0.845523, 0.123636, 0.322113),
        (0.851196, 0.139091, 0.324642),
        (0.856081, 0.154545, 0.327469),
        (0.860556, 0.170000, 0.330593),
        (0.789630, 0.000000, 0.312593),
        (0.804246, 0.015455, 0.312741),
        (0.818452, 0.030909, 0.313188),
        (0.831869, 0.046364, 0.313931),
        (0.844185, 0.061818, 0.314973),
        (0.855174, 0.077273, 0.316312),
        (0.864719, 0.092727, 0.317948),
        (0.872821, 0.108182, 0.319882),
        (0.879597, 0.123636, 0.322113),
        (0.885270, 0.139091, 0.324642),
        (0.890155, 0.154545, 0.327469),
        (0.894630, 0.170000, 0.330593),
        (0.823704, 0.000000, 0.312593),
        (0.838320, 0.015455, 0.312741),
        (0.852526, 0.030909, 0.313188),
        (0.865944, 0.046364, 0.313931),
        (0.878259, 0.061818, 0.314973),
        (0.889248, 0.077273, 0.316312),
        (0.898793, 0.092727, 0.317948),
        (0.906895, 0.108182, 0.319882),
        (0.913671, 0.123636, 0.322113),
        (0.919344, 0.139091, 0.324642),
        (0.924229, 0.154545, 0.327469),
        (0.928704, 0.170000, 0.330593),
        (0.857778, 0.000000, 0.312593),
        (0.872394, 0.015455, 0.312741),
        (0.886600, 0.030909, 0.313188),
        (0.900018, 0.046364, 0.313931),
        (0.912333, 0.061818, 0.314973),
        (0.923322, 0.077273, 0.316312),
        (0.932867, 0.092727, 0.317948),
        (0.940969, 0.108182, 0.319882),
        (0.947745, 0.123636, 0.322113),
        (0.953418, 0.139091, 0.324642),
        (0.958304, 0.154545, 0.327469),
        (0.962778, 0.170000, 0.330593),
        (0.891852, 0.000000, 0.312593),
        (0.906468, 0.015455, 0.312741),
        (0.920674, 0.030909, 0.313188),
        (0.934092, 0.046364, 0.313931),
        (0.946407, 0.061818, 0.314973),
        (0.957396, 0.077273, 0.316312),
        (0.966941, 0.092727, 0.317948),
        (0.975043, 0.108182, 0.319882),
        (0.981819, 0.123636, 0.322113),
        (0.987492, 0.139091, 0.324642),
        (0.992378, 0.154545, 0.327469),
        (0.996852, 0.170000, 0.330593),
        (0.925926, 0.000000, 0.312593),
        (0.940543, 0.015455, 0.312741),
        (0.954748, 0.030909, 0.313188),
        (0.968166, 0.046364, 0.313931),
        (0.980481, 0.061818, 0.314973),
        (0.991470, 0.077273, 0.316312),
        (1.001015, 0.092727, 0.317948),
        (1.009117, 0.108182, 0.319882),
        (1.015893, 0.123636, 0.322113),
        (1.021567, 0.139091, 0.324642),
        (1.026452, 0.154545, 0.327469),
        (1.030926, 0.170000, 0.330593),
        (0.960000, 0.000000, 0.312593),
        (0.974617, 0.015455, 0.312741),
        (0.988822, 0.030909, 0.313188),
        (1.002240, 0.046364, 0.313931),
        (1.014555, 0.061818, 0.314973),
        (1.025544, 0.077273, 0.316312),
        (1.035090, 0.092727, 0.317948),
        (1.043192, 0.108182, 0.319882),
        (1.049967, 0.123636, 0.322113),
        (1.055641, 0.139091, 0.324642),
        (1.060526, 0.154545, 0.327469),
        (1.065000, 0.170000, 0.330593),
        (0.040000, 0.000000, 0.346667),
        (0.054617, 0.015455, 0.346815),
        (0.068822, 0.030909, 0.347262),
        (0.082240, 0.046364, 0.348006),
        (0.094555, 0.061818, 0.349047),
        (0.105544, 0.077273, 0.350386),
        (0.115090, 0.092727, 0.352022),
        (0.123192, 0.108182, 0.353956),
        (0.129967, 0.123636, 0.356187),
        (0.135641, 0.139091, 0.358716),
        (0.140526, 0.154545, 0.361543),
        (0.145000, 0.170000, 0.364667),
        (0.074074, 0.000000, 0.346667),
        (0.088691, 0.015455, 0.346815),
        (0.102897, 0.030909, 0.347262),
        (0.116314, 0.046364, 0.348006),
        (0.128629, 0.061818, 0.349047),
        (0.139618, 0.077273, 0.350386),
        (0.149164, 0.092727, 0.352022),
        (0.157266, 0.108182, 0.353956),
        (0.164041, 0.123636, 0.356187),
        (0.169715, 0.139091, 0.358716),
        (0.174600, 0.154545, 0.361543),
        (0.179074, 0.170000, 0.364667),
        (0.108148, 0.000000, 0.346667),
        (0.122765, 0.015455, 0.346815),
        (0.136971, 0.030909, 0.347262),
        (0.150388, 0.046364, 0.348006),
        (0.162703, 0.061818, 0.349047),
        (0.173692, 0.077273, 0.350386),
        (0.183238, 0.092727, 0.352022),
        (0.191340, 0.108182, 0.353956),
        (0.198115, 0.123636, 0.356187),
        (0.203789, 0.139091, 0.358716),
        (0.208674, 0.154545, 0.361543),
        (0.213148, 0.170000, 0.364667),
        (0.142222, 0.000000, 0.346667),
        (0.156839, 0.015455, 0.346815),
        (0.171045, 0.030909, 0.347262),
        (0.184462, 0.046364, 0.348006),
        (0.196777, 0.061818, 0.349047),
        (0.207766, 0.077273, 0.350386),
        (0.217312, 0.092727, 0.352022),
        (0.225414, 0.108182, 0.353956),
        (0.232189, 0.123636, 0.356187),
        (0.237863, 0.139091, 0.358716),
        (0.242748, 0.154545, 0.361543),
        (0.247222, 0.170000, 0.364667),
        (0.176296, 0.000000, 0.346667),
        (0.190913, 0.015455, 0.346815),
        (0.205119, 0.030909, 0.347262),
        (0.218536, 0.046364, 0.348006),
        (0.230851, 0.061818, 0.349047),
        (0.241840, 0.077273, 0.350386),
        (0.251386, 0.092727, 0.352022),
        (0.259488, 0.108182, 0.353956),
        (0.266263, 0.123636, 0.356187),
        (0.271937, 0.139091, 0.358716),
        (0.276822, 0.154545, 0.361543),
        (0.281296, 0.170000, 0.364667),
        (0.210370, 0.000000, 0.346667),
        (0.224987, 0.015455, 0.346815),
        (0.239193, 0.030909, 0.347262),
        (0.252610, 0.046364, 0.348006),
        (0.264926, 0.061818, 0.349047),
        (0.275914, 0.077273, 0.350386),
        (0.285460, 0.092727, 0.352022),
        (0.293562, 0.108182, 0.353956),
        (0.300337, 0.123636, 0.356187),
        (0.306011, 0.139091, 0.358716),
        (0.310896, 0.154545, 0.361543),
        (0.315370, 0.170000, 0.364667),
        (0.244444, 0.000000, 0.346667),
        (0.259061, 0.015455, 0.346815),
        (0.273267, 0.030909, 0.347262),
        (0.286684, 0.046364, 0.348006),
        (0.299000, 0.061818, 0.349047),
        (0.309989, 0.077273, 0.350386),
        (0.319534, 0.092727, 0.352022),
        (0.327636, 0.108182, 0.353956),
        (0.334412, 0.123636, 0.356187),
        (0.340085, 0.139091, 0.358716),
        (0.344970, 0.154545, 0.361543),
        (0.349444, 0.170000, 0.364667),
        (0.278519, 0.000000, 0.346667),
        (0.293135, 0.015455, 0.346815),
        (0.307341, 0.030909, 0.347262),
        (0.320758, 0.046364, 0.348006),
        (0.333074, 0.061818, 0.349047),
        (0.344063, 0.077273, 0.350386),
        (0.353608, 0.092727, 0.352022),
        (0.361710, 0.108182, 0.353956),
        (0.368486, 0.123636, 0.356187),
        (0.374159, 0.139091, 0.358716),
        (0.379044, 0.154545, 0.361543),
        (0.383519, 0.170000, 0.364667),
        (0.312593, 0.000000, 0.346667),
        (0.327209, 0.015455, 0.346815),
        (0.341415, 0.030909, 0.347262),
        (0.354832, 0.046364, 0.348006),
        (0.367148, 0.061818, 0.349047),
        (0.378137, 0.077273, 0.350386),
        (0.387682, 0.092727, 0.352022),
        (0.395784, 0.108182, 0.353956),
        (0.402560, 0.123636, 0.356187),
        (0.408233, 0.139091, 0.358716),
        (0.413118, 0.154545, 0.361543),
        (0.417593, 0.170000, 0.364667),
        (0.346667, 0.000000, 0.346667),
        (0.361283, 0.015455, 0.346815),
        (0.375489, 0.030909, 0.347262),
        (0.388907, 0.046364, 0.348006),
        (0.401222, 0.061818, 0.349047),
        (0.412211, 0.077273, 0.350386),
        (0.421756, 0.092727, 0.352022),
        (0.429858, 0.108182, 0.353956),
        (0.436634, 0.123636, 0.356187),
        (0.442307, 0.139091, 0.358716),
        (0.447192, 0.154545, 0.361543),
        (0.451667, 0.170000, 0.364667),
        (0.380741, 0.000000, 0.346667),
        (0.395357, 0.015455, 0.346815),
        (0.409563, 0.030909, 0.347262),
        (0.422981, 0.046364, 0.348006),
        (0.435296, 0.061818, 0.349047),
        (0.446285, 0.077273, 0.350386),
        (0.455830, 0.092727, 0.352022),
        (0.463932, 0.108182, 0.353956),
        (0.470708, 0.123636, 0.356187),
        (0.476381, 0.139091, 0.358716),
        (0.481266, 0.154545, 0.361543),
        (0.485741, 0.170000, 0.364667),
        (0.414815, 0.000000, 0.346667),
        (0.429431, 0.015455, 0.346815),
        (0.443637, 0.030909, 0.347262),
        (0.457055, 0.046364, 0.348006),
        (0.469370, 0.061818, 0.349047),
        (0.480359, 0.077273, 0.350386),
        (0.489904, 0.092727, 0.352022),
        (0.498006, 0.108182, 0.353956),
        (0.504782, 0.123636, 0.356187),
        (0.510455, 0.139091, 0.358716),
        (0.515341, 0.154545, 0.361543),
        (0.519815, 0.170000, 0.364667),
        (0.448889, 0.000000, 0.346667),
        (0.463506, 0.015455, 0.346815),
        (0.477711, 0.030909, 0.347262),
        (0.491129, 0.046364, 0.348006),
        (0.503444, 0.061818, 0.349047),
        (0.514433, 0.077273, 0.350386),
        (0.523978, 0.092727, 0.352022),
        (0.532080, 0.108182, 0.353956),
        (0.538856, 0.123636, 0.356187),
        (0.544530, 0.139091, 0.358716),
        (0.549415, 0.154545, 0.361543),
        (0.553889, 0.170000, 0.364667),
        (0.482963, 0.000000, 0.346667),
        (0.497580, 0.015455, 0.346815),
        (0.511785, 0.030909, 0.347262),
        (0.525203, 0.046364, 0.348006),
        (0.537518, 0.061818, 0.349047),
        (0.548507, 0.077273, 0.350386),
        (0.558052, 0.092727, 0.352022),
        (0.566155, 0.108182, 0.353956),
        (0.572930, 0.123636, 0.356187),
        (0.578604, 0.139091, 0.358716),
        (0.583489, 0.154545, 0.361543),
        (0.587963, 0.170000, 0.364667),
        (0.517037, 0.000000, 0.346667),
        (0.531654, 0.015455, 0.346815),
        (0.545859, 0.030909, 0.347262),
        (0.559277, 0.046364, 0.348006),
        (0.571592, 0.061818, 0.349047),
        (0.582581, 0.077273, 0.350386),
        (0.592127, 0.092727, 0.352022),
        (0.600229, 0.108182, 0.353956),
        (0.607004, 0.123636, 0.356187),
        (0.612678, 0.139091, 0.358716),
        (0.617563, 0.154545, 0.361543),
        (0.622037, 0.170000, 0.364667),
        (0.551111, 0.000000, 0.346667),
        (0.565728, 0.015455, 0.346815),
        (0.579934, 0.030909, 0.347262),
        (0.593351, 0.046364, 0.348006),
        (0.605666, 0.061818, 0.349047),
        (0.616655, 0.077273, 0.350386),
        (0.626201, 0.092727, 0.352022),
        (0.634303, 0.108182, 0.353956),
        (0.641078, 0.123636, 0.356187),
        (0.646752, 0.139091, 0.358716),
        (0.651637, 0.154545, 0.361543),
        (0.656111, 0.170000, 0.364667),
        (0.585185, 0.000000, 0.346667),
        (0.599802, 0.015455, 0.346815),
        (0.614008, 0.030909, 0.347262),
        (0.627425, 0.046364, 0.348006),
        (0.639740, 0.061818, 0.349047),
        (0.650729, 0.077273, 0.350386),
        (0.660275, 0.092727, 0.352022),
        (0.668377, 0.108182, 0.353956),
        (0.675152, 0.123636, 0.356187),
        (0.680826, 0.139091, 0.358716),
        (0.685711, 0.154545, 0.361543),
        (0.690185, 0.170000, 0.364667),
        (0.619259, 0.000000, 0.346667),
        (0.633876, 0.015455, 0.346815),
        (0.648082, 0.030909, 0.347262),
        (0.661499, 0.046364, 0.348006),
        (0.673814, 0.061818, 0.349047),
        (0.684803, 0.077273, 0.350386),
        (0.694349, 0.092727, 0.352022),
        (0.702451, 0.108182, 0.353956),
        (0.709226, 0.123636, 0.356187),
        (0.714900, 0.139091, 0.358716),
        (0.719785, 0.154545, 0.361543),
        (0.724259, 0.170000, 0.364667),
        (0.653333, 0.000000, 0.346667),
        (0.667950, 0.015455, 0.346815),
        (0.682156, 0.030909, 0.347262),
        (0.695573, 0.046364, 0.348006),
        (0.707889, 0.061818, 0.349047),
        (0.718877, 0.077273, 0.350386),
        (0.728423, 0.092727, 0.352022),
        (0.736525, 0.108182, 0.353956),
        (0.743300, 0.123636, 0.356187),
        (0.748974, 0.139091, 0.358716),
        (0.753859, 0.154545, 0.361543),
        (0.758333, 0.170000, 0.364667),
        (0.687407, 0.000000, 0.346667),
        (0.702024, 0.015455, 0.346815),
        (0.716230, 0.030909, 0.347262),
        (0.729647, 0.046364, 0.348006),
        (0.741963, 0.061818, 0.349047),
        (0.752951, 0.077273, 0.350386),
        (0.762497, 0.092727, 0.352022),
        (0.770599, 0.108182, 0.353956),
        (0.777375, 0.123636, 0.356187),
        (0.783048, 0.139091, 0.358716),
        (0.787933, 0.154545, 0.361543),
        (0.792407, 0.170000, 0.364667),
        (0.721481, 0.000000, 0.346667),
        (0.736098, 0.015455, 0.346815),
        (0.750304, 0.030909, 0.347262),
        (0.763721, 0.046364, 0.348006),
        (0.776037, 0.061818, 0.349047),
        (0.787026, 0.077273, 0.350386),
        (0.796571, 0.092727, 0.352022),
        (0.804673, 0.108182, 0.353956),
        (0.811449, 0.123636, 0.356187),
        (0.817122, 0.139091, 0.358716),
        (0.822007, 0.154545, 0.361543),
        (0.826481, 0.170000, 0.364667),
        (0.755556, 0.000000, 0.346667),
        (0.770172, 0.015455, 0.346815),
        (0.784378, 0.030909, 0.347262),
        (0.797795, 0.046364, 0.348006),
        (0.810111, 0.061818, 0.349047),
        (0.821100, 0.077273, 0.350386),
        (0.830645, 0.092727, 0.352022),
        (0.838747, 0.108182, 0.353956),
        (0.845523, 0.123636, 0.356187),
        (0.851196, 0.139091, 0.358716),
        (0.856081, 0.154545, 0.361543),
        (0.860556, 0.170000, 0.364667),
        (0.789630, 0.000000, 0.346667),
        (0.804246, 0.015455, 0.346815),
        (0.818452, 0.030909, 0.347262),
        (0.831869, 0.046364, 0.348006),
        (0.844185, 0.061818, 0.349047),
        (0.855174, 0.077273, 0.350386),
        (0.864719, 0.092727, 0.352022),
        (0.872821, 0.108182, 0.353956),
        (0.879597, 0.123636, 0.356187),
        (0.885270, 0.139091, 0.358716),
        (0.890155, 0.154545, 0.361543),
        (0.894630, 0.170000, 0.364667),
        (0.823704, 0.000000, 0.346667),
        (0.838320, 0.015455, 0.346815),
        (0.852526, 0.030909, 0.347262),
        (0.865944, 0.046364, 0.348006),
        (0.878259, 0.061818, 0.349047),
        (0.889248, 0.077273, 0.350386),
        (0.898793, 0.092727, 0.352022),
        (0.906895, 0.108182, 0.353956),
        (0.913671, 0.123636, 0.356187),
        (0.919344, 0.139091, 0.358716),
        (0.924229, 0.154545, 0.361543),
        (0.928704, 0.170000, 0.364667),
        (0.857778, 0.000000, 0.346667),
        (0.872394, 0.015455, 0.346815),
        (0.886600, 0.030909, 0.347262),
        (0.900018, 0.046364, 0.348006),
        (0.912333, 0.061818, 0.349047),
        (0.923322, 0.077273, 0.350386),
        (0.932867, 0.092727, 0.352022),
        (0.940969, 0.108182, 0.353956),
        (0.947745, 0.123636, 0.356187),
        (0.953418, 0.139091, 0.358716),
        (0.958304, 0.154545, 0.361543),
        (0.962778, 0.170000, 0.364667),
        (0.891852, 0.000000, 0.346667),
        (0.906468, 0.015455, 0.346815),
        (0.920674, 0.030909, 0.347262),
        (0.934092, 0.046364, 0.348006),
        (0.946407, 0.061818, 0.349047),
        (0.957396, 0.077273, 0.350386),
        (0.966941, 0.092727, 0.352022),
        (0.975043, 0.108182, 0.353956),
        (0.981819, 0.123636, 0.356187),
        (0.987492, 0.139091, 0.358716),
        (0.992378, 0.154545, 0.361543),
        (0.996852, 0.170000, 0.364667),
        (0.925926, 0.000000, 0.346667),
        (0.940543, 0.015455, 0.346815),
        (0.954748, 0.030909, 0.347262),
        (0.968166, 0.046364, 0.348006),
        (0.980481, 0.061818, 0.349047),
        (0.991470, 0.077273, 0.350386),
        (1.001015, 0.092727, 0.352022),
        (1.009117, 0.108182, 0.353956),
        (1.015893, 0.123636, 0.356187),
        (1.021567, 0.139091, 0.358716),
        (1.026452, 0.154545, 0.361543),
        (1.030926, 0.170000, 0.364667),
        (0.960000, 0.000000, 0.346667),
        (0.974617, 0.015455, 0.346815),
        (0.988822, 0.030909, 0.347262),
        (1.002240, 0.046364, 0.348006),
        (1.014555, 0.061818, 0.349047),
        (1.025544, 0.077273, 0.350386),
        (1.035090, 0.092727, 0.352022),
        (1.043192, 0.108182, 0.353956),
        (1.049967, 0.123636, 0.356187),
        (1.055641, 0.139091, 0.358716),
        (1.060526, 0.154545, 0.361543),
        (1.065000, 0.170000, 0.364667),
        (0.040000, 0.000000, 0.380741),
        (0.054617, 0.015455, 0.380890),
        (0.068822, 0.030909, 0.381336),
        (0.082240, 0.046364, 0.382080),
        (0.094555, 0.061818, 0.383121),
        (0.105544, 0.077273, 0.384460),
        (0.115090, 0.092727, 0.386096),
        (0.123192, 0.108182, 0.388030),
        (0.129967, 0.123636, 0.390261),
        (0.135641, 0.139091, 0.392790),
        (0.140526, 0.154545, 0.395617),
        (0.145000, 0.170000, 0.398741),
        (0.074074, 0.000000, 0.380741),
        (0.088691, 0.015455, 0.380890),
        (0.102897, 0.030909, 0.381336),
        (0.116314, 0.046364, 0.382080),
        (0.128629, 0.061818, 0.383121),
        (0.139618, 0.077273, 0.384460),
        (0.149164, 0.092727, 0.386096),
        (0.157266, 0.108182, 0.388030),
        (0.164041, 0.123636, 0.390261),
        (0.169715, 0.139091, 0.392790),
        (0.174600, 0.154545, 0.395617),
        (0.179074, 0.170000, 0.398741),
        (0.108148, 0.000000, 0.380741),
        (0.122765, 0.015455, 0.380890),
        (0.136971, 0.030909, 0.381336),
        (0.150388, 0.046364, 0.382080),
        (0.162703, 0.061818, 0.383121),
        (0.173692, 0.077273, 0.384460),
        (0.183238, 0.092727, 0.386096),
        (0.191340, 0.108182, 0.388030),
        (0.198115, 0.123636, 0.390261),
        (0.203789, 0.139091, 0.392790),
        (0.208674, 0.154545, 0.395617),
        (0.213148, 0.170000, 0.398741),
        (0.142222, 0.000000, 0.380741),
        (0.156839, 0.015455, 0.380890),
        (0.171045, 0.030909, 0.381336),
        (0.184462, 0.046364, 0.382080),
        (0.196777, 0.061818, 0.383121),
        (0.207766, 0.077273, 0.384460),
        (0.217312, 0.092727, 0.386096),
        (0.225414, 0.108182, 0.388030),
        (0.232189, 0.123636, 0.390261),
        (0.237863, 0.139091, 0.392790),
        (0.242748, 0.154545, 0.395617),
        (0.247222, 0.170000, 0.398741),
        (0.176296, 0.000000, 0.380741),
        (0.190913, 0.015455, 0.380890),
        (0.205119, 0.030909, 0.381336),
        (0.218536, 0.046364, 0.382080),
        (0.230851, 0.061818, 0.383121),
        (0.241840, 0.077273, 0.384460),
        (0.251386, 0.092727, 0.386096),
        (0.259488, 0.108182, 0.388030),
        (0.266263, 0.123636, 0.390261),
        (0.271937, 0.139091, 0.392790),
        (0.276822, 0.154545, 0.395617),
        (0.281296, 0.170000, 0.398741),
        (0.210370, 0.000000, 0.380741),
        (0.224987, 0.015455, 0.380890),
        (0.239193, 0.030909, 0.381336),
        (0.252610, 0.046364, 0.382080),
        (0.264926, 0.061818, 0.383121),
        (0.275914, 0.077273, 0.384460),
        (0.285460, 0.092727, 0.386096),
        (0.293562, 0.108182, 0.388030),
        (0.300337, 0.123636, 0.390261),
        (0.306011, 0.139091, 0.392790),
        (0.310896, 0.154545, 0.395617),
        (0.315370, 0.170000, 0.398741),
        (0.244444, 0.000000, 0.380741),
        (0.259061, 0.015455, 0.380890),
        (0.273267, 0.030909, 0.381336),
        (0.286684, 0.046364, 0.382080),
        (0.299000, 0.061818, 0.383121),
        (0.309989, 0.077273, 0.384460),
        (0.319534, 0.092727, 0.386096),
        (0.327636, 0.108182, 0.388030),
        (0.334412, 0.123636, 0.390261),
        (0.340085, 0.139091, 0.392790),
        (0.344970, 0.154545, 0.395617),
        (0.349444, 0.170000, 0.398741),
        (0.278519, 0.000000, 0.380741),
        (0.293135, 0.015455, 0.380890),
        (0.307341, 0.030909, 0.381336),
        (0.320758, 0.046364, 0.382080),
        (0.333074, 0.061818, 0.383121),
        (0.344063, 0.077273, 0.384460),
        (0.353608, 0.092727, 0.386096),
        (0.361710, 0.108182, 0.388030),
        (0.368486, 0.123636, 0.390261),
        (0.374159, 0.139091, 0.392790),
        (0.379044, 0.154545, 0.395617),
        (0.383519, 0.170000, 0.398741),
        (0.312593, 0.000000, 0.380741),
        (0.327209, 0.015455, 0.380890),
        (0.341415, 0.030909, 0.381336),
        (0.354832, 0.046364, 0.382080),
        (0.367148, 0.061818, 0.383121),
        (0.378137, 0.077273, 0.384460),
        (0.387682, 0.092727, 0.386096),
        (0.395784, 0.108182, 0.388030),
        (0.402560, 0.123636, 0.390261),
        (0.408233, 0.139091, 0.392790),
        (0.413118, 0.154545, 0.395617),
        (0.417593, 0.170000, 0.398741),
        (0.346667, 0.000000, 0.380741),
        (0.361283, 0.015455, 0.380890),
        (0.375489, 0.030909, 0.381336),
        (0.388907, 0.046364, 0.382080),
        (0.401222, 0.061818, 0.383121),
        (0.412211, 0.077273, 0.384460),
        (0.421756, 0.092727, 0.386096),
        (0.429858, 0.108182, 0.388030),
        (0.436634, 0.123636, 0.390261),
        (0.442307, 0.139091, 0.392790),
        (0.447192, 0.154545, 0.395617),
        (0.451667, 0.170000, 0.398741),
        (0.380741, 0.000000, 0.380741),
        (0.395357, 0.015455, 0.380890),
        (0.409563, 0.030909, 0.381336),
        (0.422981, 0.046364, 0.382080),
        (0.435296, 0.061818, 0.383121),
        (0.446285, 0.077273, 0.384460),
        (0.455830, 0.092727, 0.386096),
        (0.463932, 0.108182, 0.388030),
        (0.470708, 0.123636, 0.390261),
        (0.476381, 0.139091, 0.392790),
        (0.481266, 0.154545, 0.395617),
        (0.485741, 0.170000, 0.398741),
        (0.414815, 0.000000, 0.380741),
        (0.429431, 0.015455, 0.380890),
        (0.443637, 0.030909, 0.381336),
        (0.457055, 0.046364, 0.382080),
        (0.469370, 0.061818, 0.383121),
        (0.480359, 0.077273, 0.384460),
        (0.489904, 0.092727, 0.386096),
        (0.498006, 0.108182, 0.388030),
        (0.504782, 0.123636, 0.390261),
        (0.510455, 0.139091, 0.392790),
        (0.515341, 0.154545, 0.395617),
        (0.519815, 0.170000, 0.398741),
        (0.448889, 0.000000, 0.380741),
        (0.463506, 0.015455, 0.380890),
        (0.477711, 0.030909, 0.381336),
        (0.491129, 0.046364, 0.382080),
        (0.503444, 0.061818, 0.383121),
        (0.514433, 0.077273, 0.384460),
        (0.523978, 0.092727, 0.386096),
        (0.532080, 0.108182, 0.388030),
        (0.538856, 0.123636, 0.390261),
        (0.544530, 0.139091, 0.392790),
        (0.549415, 0.154545, 0.395617),
        (0.553889, 0.170000, 0.398741),
        (0.482963, 0.000000, 0.380741),
        (0.497580, 0.015455, 0.380890),
        (0.511785, 0.030909, 0.381336),
        (0.525203, 0.046364, 0.382080),
        (0.537518, 0.061818, 0.383121),
        (0.548507, 0.077273, 0.384460),
        (0.558052, 0.092727, 0.386096),
        (0.566155, 0.108182, 0.388030),
        (0.572930, 0.123636, 0.390261),
        (0.578604, 0.139091, 0.392790),
        (0.583489, 0.154545, 0.395617),
        (0.587963, 0.170000, 0.398741),
        (0.517037, 0.000000, 0.380741),
        (0.531654, 0.015455, 0.380890),
        (0.545859, 0.030909, 0.381336),
        (0.559277, 0.046364, 0.382080),
        (0.571592, 0.061818, 0.383121),
        (0.582581, 0.077273, 0.384460),
        (0.592127, 0.092727, 0.386096),
        (0.600229, 0.108182, 0.388030),
        (0.607004, 0.123636, 0.390261),
        (0.612678, 0.139091, 0.392790),
        (0.617563, 0.154545, 0.395617),
        (0.622037, 0.170000, 0.398741),
        (0.551111, 0.000000, 0.380741),
        (0.565728, 0.015455, 0.380890),
        (0.579934, 0.030909, 0.381336),
        (0.593351, 0.046364, 0.382080),
        (0.605666, 0.061818, 0.383121),
        (0.616655, 0.077273, 0.384460),
        (0.626201, 0.092727, 0.386096),
        (0.634303, 0.108182, 0.388030),
        (0.641078, 0.123636, 0.390261),
        (0.646752, 0.139091, 0.392790),
        (0.651637, 0.154545, 0.395617),
        (0.656111, 0.170000, 0.398741),
        (0.585185, 0.000000, 0.380741),
        (0.599802, 0.015455, 0.380890),
        (0.614008, 0.030909, 0.381336),
        (0.627425, 0.046364, 0.382080),
        (0.639740, 0.061818, 0.383121),
        (0.650729, 0.077273, 0.384460),
        (0.660275, 0.092727, 0.386096),
        (0.668377, 0.108182, 0.388030),
        (0.675152, 0.123636, 0.390261),
        (0.680826, 0.139091, 0.392790),
        (0.685711, 0.154545, 0.395617),
        (0.690185, 0.170000, 0.398741),
        (0.619259, 0.000000, 0.380741),
        (0.633876, 0.015455, 0.380890),
        (0.648082, 0.030909, 0.381336),
        (0.661499, 0.046364, 0.382080),
        (0.673814, 0.061818, 0.383121),
        (0.684803, 0.077273, 0.384460),
        (0.694349, 0.092727, 0.386096),
        (0.702451, 0.108182, 0.388030),
        (0.709226, 0.123636, 0.390261),
        (0.714900, 0.139091, 0.392790),
        (0.719785, 0.154545, 0.395617),
        (0.724259, 0.170000, 0.398741),
        (0.653333, 0.000000, 0.380741),
        (0.667950, 0.015455, 0.380890),
        (0.682156, 0.030909, 0.381336),
        (0.695573, 0.046364, 0.382080),
        (0.707889, 0.061818, 0.383121),
        (0.718877, 0.077273, 0.384460),
        (0.728423, 0.092727, 0.386096),
        (0.736525, 0.108182, 0.388030),
        (0.743300, 0.123636, 0.390261),
        (0.748974, 0.139091, 0.392790),
        (0.753859, 0.154545, 0.395617),
        (0.758333, 0.170000, 0.398741),
        (0.687407, 0.000000, 0.380741),
        (0.702024, 0.015455, 0.380890),
        (0.716230, 0.030909, 0.381336),
        (0.729647, 0.046364, 0.382080),
        (0.741963, 0.061818, 0.383121),
        (0.752951, 0.077273, 0.384460),
        (0.762497, 0.092727, 0.386096),
        (0.770599, 0.108182, 0.388030),
        (0.777375, 0.123636, 0.390261),
        (0.783048, 0.139091, 0.392790),
        (0.787933, 0.154545, 0.395617),
        (0.792407, 0.170000, 0.398741),
        (0.721481, 0.000000, 0.380741),
        (0.736098, 0.015455, 0.380890),
        (0.750304, 0.030909, 0.381336),
        (0.763721, 0.046364, 0.382080),
        (0.776037, 0.061818, 0.383121),
        (0.787026, 0.077273, 0.384460),
        (0.796571, 0.092727, 0.386096),
        (0.804673, 0.108182, 0.388030),
        (0.811449, 0.123636, 0.390261),
        (0.817122, 0.139091, 0.392790),
        (0.822007, 0.154545, 0.395617),
        (0.826481, 0.170000, 0.398741),
        (0.755556, 0.000000, 0.380741),
        (0.770172, 0.015455, 0.380890),
        (0.784378, 0.030909, 0.381336),
        (0.797795, 0.046364, 0.382080),
        (0.810111, 0.061818, 0.383121),
        (0.821100, 0.077273, 0.384460),
        (0.830645, 0.092727, 0.386096),
        (0.838747, 0.108182, 0.388030),
        (0.845523, 0.123636, 0.390261),
        (0.851196, 0.139091, 0.392790),
        (0.856081, 0.154545, 0.395617),
        (0.860556, 0.170000, 0.398741),
        (0.789630, 0.000000, 0.380741),
        (0.804246, 0.015455, 0.380890),
        (0.818452, 0.030909, 0.381336),
        (0.831869, 0.046364, 0.382080),
        (0.844185, 0.061818, 0.383121),
        (0.855174, 0.077273, 0.384460),
        (0.864719, 0.092727, 0.386096),
        (0.872821, 0.108182, 0.388030),
        (0.879597, 0.123636, 0.390261),
        (0.885270, 0.139091, 0.392790),
        (0.890155, 0.154545, 0.395617),
        (0.894630, 0.170000, 0.398741),
        (0.823704, 0.000000, 0.380741),
        (0.838320, 0.015455, 0.380890),
        (0.852526, 0.030909, 0.381336),
        (0.865944, 0.046364, 0.382080),
        (0.878259, 0.061818, 0.383121),
        (0.889248, 0.077273, 0.384460),
        (0.898793, 0.092727, 0.386096),
        (0.906895, 0.108182, 0.388030),
        (0.913671, 0.123636, 0.390261),
        (0.919344, 0.139091, 0.392790),
        (0.924229, 0.154545, 0.395617),
        (0.928704, 0.170000, 0.398741),
        (0.857778, 0.000000, 0.380741),
        (0.872394, 0.015455, 0.380890),
        (0.886600, 0.030909, 0.381336),
        (0.900018, 0.046364, 0.382080),
        (0.912333, 0.061818, 0.383121),
        (0.923322, 0.077273, 0.384460),
        (0.932867, 0.092727, 0.386096),
        (0.940969, 0.108182, 0.388030),
        (0.947745, 0.123636, 0.390261),
        (0.953418, 0.139091, 0.392790),
        (0.958304, 0.154545, 0.395617),
        (0.962778, 0.170000, 0.398741),
        (0.891852, 0.000000, 0.380741),
        (0.906468, 0.015455, 0.380890),
        (0.920674, 0.030909, 0.381336),
        (0.934092, 0.046364, 0.382080),
        (0.946407, 0.061818, 0.383121),
        (0.957396, 0.077273, 0.384460),
        (0.966941, 0.092727, 0.386096),
        (0.975043, 0.108182, 0.388030),
        (0.981819, 0.123636, 0.390261),
        (0.987492, 0.139091, 0.392790),
        (0.992378, 0.154545, 0.395617),
        (0.996852, 0.170000, 0.398741),
        (0.925926, 0.000000, 0.380741),
        (0.940543, 0.015455, 0.380890),
        (0.954748, 0.030909, 0.381336),
        (0.968166, 0.046364, 0.382080),
        (0.980481, 0.061818, 0.383121),
        (0.991470, 0.077273, 0.384460),
        (1.001015, 0.092727, 0.386096),
        (1.009117, 0.108182, 0.388030),
        (1.015893, 0.123636, 0.390261),
        (1.021567, 0.139091, 0.392790),
        (1.026452, 0.154545, 0.395617),
        (1.030926, 0.170000, 0.398741),
        (0.960000, 0.000000, 0.380741),
        (0.974617, 0.015455, 0.380890),
        (0.988822, 0.030909, 0.381336),
        (1.002240, 0.046364, 0.382080),
        (1.014555, 0.061818, 0.383121),
        (1.025544, 0.077273, 0.384460),
        (1.035090, 0.092727, 0.386096),
        (1.043192, 0.108182, 0.388030),
        (1.049967, 0.123636, 0.390261),
        (1.055641, 0.139091, 0.392790),
        (1.060526, 0.154545, 0.395617),
        (1.065000, 0.170000, 0.398741),
        (0.040000, 0.000000, 0.414815),
        (0.054617, 0.015455, 0.414964),
        (0.068822, 0.030909, 0.415410),
        (0.082240, 0.046364, 0.416154),
        (0.094555, 0.061818, 0.417195),
        (0.105544, 0.077273, 0.418534),
        (0.115090, 0.092727, 0.420170),
        (0.123192, 0.108182, 0.422104),
        (0.129967, 0.123636, 0.424335),
        (0.135641, 0.139091, 0.426864),
        (0.140526, 0.154545, 0.429691),
        (0.145000, 0.170000, 0.432815),
        (0.074074, 0.000000, 0.414815),
        (0.088691, 0.015455, 0.414964),
        (0.102897, 0.030909, 0.415410),
        (0.116314, 0.046364, 0.416154),
        (0.128629, 0.061818, 0.417195),
        (0.139618, 0.077273, 0.418534),
        (0.149164, 0.092727, 0.420170),
        (0.157266, 0.108182, 0.422104),
        (0.164041, 0.123636, 0.424335),
        (0.169715, 0.139091, 0.426864),
        (0.174600, 0.154545, 0.429691),
        (0.179074, 0.170000, 0.432815),
        (0.108148, 0.000000, 0.414815),
        (0.122765, 0.015455, 0.414964),
        (0.136971, 0.030909, 0.415410),
        (0.150388, 0.046364, 0.416154),
        (0.162703, 0.061818, 0.417195),
        (0.173692, 0.077273, 0.418534),
        (0.183238, 0.092727, 0.420170),
        (0.191340, 0.108182, 0.422104),
        (0.198115, 0.123636, 0.424335),
        (0.203789, 0.139091, 0.426864),
        (0.208674, 0.154545, 0.429691),
        (0.213148, 0.170000, 0.432815),
        (0.142222, 0.000000, 0.414815),
        (0.156839, 0.015455, 0.414964),
        (0.171045, 0.030909, 0.415410),
        (0.184462, 0.046364, 0.416154),
        (0.196777, 0.061818, 0.417195),
        (0.207766, 0.077273, 0.418534),
        (0.217312, 0.092727, 0.420170),
        (0.225414, 0.108182, 0.422104),
        (0.232189, 0.123636, 0.424335),
        (0.237863, 0.139091, 0.426864),
        (0.242748, 0.154545, 0.429691),
        (0.247222, 0.170000, 0.432815),
        (0.176296, 0.000000, 0.414815),
        (0.190913, 0.015455, 0.414964),
        (0.205119, 0.030909, 0.415410),
        (0.218536, 0.046364, 0.416154),
        (0.230851, 0.061818, 0.417195),
        (0.241840, 0.077273, 0.418534),
        (0.251386, 0.092727, 0.420170),
        (0.259488, 0.108182, 0.422104),
        (0.266263, 0.123636, 0.424335),
        (0.271937, 0.139091, 0.426864),
        (0.276822, 0.154545, 0.429691),
        (0.281296, 0.170000, 0.432815),
        (0.210370, 0.000000, 0.414815),
        (0.224987, 0.015455, 0.414964),
        (0.239193, 0.030909, 0.415410),
        (0.252610, 0.046364, 0.416154),
        (0.264926, 0.061818, 0.417195),
        (0.275914, 0.077273, 0.418534),
        (0.285460, 0.092727, 0.420170),
        (0.293562, 0.108182, 0.422104),
        (0.300337, 0.123636, 0.424335),
        (0.306011, 0.139091, 0.426864),
        (0.310896, 0.154545, 0.429691),
        (0.315370, 0.170000, 0.432815),
        (0.244444, 0.000000, 0.414815),
        (0.259061, 0.015455, 0.414964),
        (0.273267, 0.030909, 0.415410),
        (0.286684, 0.046364, 0.416154),
        (0.299000, 0.061818, 0.417195),
        (0.309989, 0.077273, 0.418534),
        (0.319534, 0.092727, 0.420170),
        (0.327636, 0.108182, 0.422104),
        (0.334412, 0.123636, 0.424335),
        (0.340085, 0.139091, 0.426864),
        (0.344970, 0.154545, 0.429691),
        (0.349444, 0.170000, 0.432815),
        (0.278519, 0.000000, 0.414815),
        (0.293135, 0.015455, 0.414964),
        (0.307341, 0.030909, 0.415410),
        (0.320758, 0.046364, 0.416154),
        (0.333074, 0.061818, 0.417195),
        (0.344063, 0.077273, 0.418534),
        (0.353608, 0.092727, 0.420170),
        (0.361710, 0.108182, 0.422104),
        (0.368486, 0.123636, 0.424335),
        (0.374159, 0.139091, 0.426864),
        (0.379044, 0.154545, 0.429691),
        (0.383519, 0.170000, 0.432815),
        (0.312593, 0.000000, 0.414815),
        (0.327209, 0.015455, 0.414964),
        (0.341415, 0.030909, 0.415410),
        (0.354832, 0.046364, 0.416154),
        (0.367148, 0.061818, 0.417195),
        (0.378137, 0.077273, 0.418534),
        (0.387682, 0.092727, 0.420170),
        (0.395784, 0.108182, 0.422104),
        (0.402560, 0.123636, 0.424335),
        (0.408233, 0.139091, 0.426864),
        (0.413118, 0.154545, 0.429691),
        (0.417593, 0.170000, 0.432815),
        (0.346667, 0.000000, 0.414815),
        (0.361283, 0.015455, 0.414964),
        (0.375489, 0.030909, 0.415410),
        (0.388907, 0.046364, 0.416154),
        (0.401222, 0.061818, 0.417195),
        (0.412211, 0.077273, 0.418534),
        (0.421756, 0.092727, 0.420170),
        (0.429858, 0.108182, 0.422104),
        (0.436634, 0.123636, 0.424335),
        (0.442307, 0.139091, 0.426864),
        (0.447192, 0.154545, 0.429691),
        (0.451667, 0.170000, 0.432815),
        (0.380741, 0.000000, 0.414815),
        (0.395357, 0.015455, 0.414964),
        (0.409563, 0.030909, 0.415410),
        (0.422981, 0.046364, 0.416154),
        (0.435296, 0.061818, 0.417195),
        (0.446285, 0.077273, 0.418534),
        (0.455830, 0.092727, 0.420170),
        (0.463932, 0.108182, 0.422104),
        (0.470708, 0.123636, 0.424335),
        (0.476381, 0.139091, 0.426864),
        (0.481266, 0.154545, 0.429691),
        (0.485741, 0.170000, 0.432815),
        (0.414815, 0.000000, 0.414815),
        (0.429431, 0.015455, 0.414964),
        (0.443637, 0.030909, 0.415410),
        (0.457055, 0.046364, 0.416154),
        (0.469370, 0.061818, 0.417195),
        (0.480359, 0.077273, 0.418534),
        (0.489904, 0.092727, 0.420170),
        (0.498006, 0.108182, 0.422104),
        (0.504782, 0.123636, 0.424335),
        (0.510455, 0.139091, 0.426864),
        (0.515341, 0.154545, 0.429691),
        (0.519815, 0.170000, 0.432815),
        (0.448889, 0.000000, 0.414815),
        (0.463506, 0.015455, 0.414964),
        (0.477711, 0.030909, 0.415410),
        (0.491129, 0.046364, 0.416154),
        (0.503444, 0.061818, 0.417195),
        (0.514433, 0.077273, 0.418534),
        (0.523978, 0.092727, 0.420170),
        (0.532080, 0.108182, 0.422104),
        (0.538856, 0.123636, 0.424335),
        (0.544530, 0.139091, 0.426864),
        (0.549415, 0.154545, 0.429691),
        (0.553889, 0.170000, 0.432815),
        (0.482963, 0.000000, 0.414815),
        (0.497580, 0.015455, 0.414964),
        (0.511785, 0.030909, 0.415410),
        (0.525203, 0.046364, 0.416154),
        (0.537518, 0.061818, 0.417195),
        (0.548507, 0.077273, 0.418534),
        (0.558052, 0.092727, 0.420170),
        (0.566155, 0.108182, 0.422104),
        (0.572930, 0.123636, 0.424335),
        (0.578604, 0.139091, 0.426864),
        (0.583489, 0.154545, 0.429691),
        (0.587963, 0.170000, 0.432815),
        (0.517037, 0.000000, 0.414815),
        (0.531654, 0.015455, 0.414964),
        (0.545859, 0.030909, 0.415410),
        (0.559277, 0.046364, 0.416154),
        (0.571592, 0.061818, 0.417195),
        (0.582581, 0.077273, 0.418534),
        (0.592127, 0.092727, 0.420170),
        (0.600229, 0.108182, 0.422104),
        (0.607004, 0.123636, 0.424335),
        (0.612678, 0.139091, 0.426864),
        (0.617563, 0.154545, 0.429691),
        (0.622037, 0.170000, 0.432815),
        (0.551111, 0.000000, 0.414815),
        (0.565728, 0.015455, 0.414964),
        (0.579934, 0.030909, 0.415410),
        (0.593351, 0.046364, 0.416154),
        (0.605666, 0.061818, 0.417195),
        (0.616655, 0.077273, 0.418534),
        (0.626201, 0.092727, 0.420170),
        (0.634303, 0.108182, 0.422104),
        (0.641078, 0.123636, 0.424335),
        (0.646752, 0.139091, 0.426864),
        (0.651637, 0.154545, 0.429691),
        (0.656111, 0.170000, 0.432815),
        (0.585185, 0.000000, 0.414815),
        (0.599802, 0.015455, 0.414964),
        (0.614008, 0.030909, 0.415410),
        (0.627425, 0.046364, 0.416154),
        (0.639740, 0.061818, 0.417195),
        (0.650729, 0.077273, 0.418534),
        (0.660275, 0.092727, 0.420170),
        (0.668377, 0.108182, 0.422104),
        (0.675152, 0.123636, 0.424335),
        (0.680826, 0.139091, 0.426864),
        (0.685711, 0.154545, 0.429691),
        (0.690185, 0.170000, 0.432815),
        (0.619259, 0.000000, 0.414815),
        (0.633876, 0.015455, 0.414964),
        (0.648082, 0.030909, 0.415410),
        (0.661499, 0.046364, 0.416154),
        (0.673814, 0.061818, 0.417195),
        (0.684803, 0.077273, 0.418534),
        (0.694349, 0.092727, 0.420170),
        (0.702451, 0.108182, 0.422104),
        (0.709226, 0.123636, 0.424335),
        (0.714900, 0.139091, 0.426864),
        (0.719785, 0.154545, 0.429691),
        (0.724259, 0.170000, 0.432815),
        (0.653333, 0.000000, 0.414815),
        (0.667950, 0.015455, 0.414964),
        (0.682156, 0.030909, 0.415410),
        (0.695573, 0.046364, 0.416154),
        (0.707889, 0.061818, 0.417195),
        (0.718877, 0.077273, 0.418534),
        (0.728423, 0.092727, 0.420170),
        (0.736525, 0.108182, 0.422104),
        (0.743300, 0.123636, 0.424335),
        (0.748974, 0.139091, 0.426864),
        (0.753859, 0.154545, 0.429691),
        (0.758333, 0.170000, 0.432815),
        (0.687407, 0.000000, 0.414815),
        (0.702024, 0.015455, 0.414964),
        (0.716230, 0.030909, 0.415410),
        (0.729647, 0.046364, 0.416154),
        (0.741963, 0.061818, 0.417195),
        (0.752951, 0.077273, 0.418534),
        (0.762497, 0.092727, 0.420170),
        (0.770599, 0.108182, 0.422104),
        (0.777375, 0.123636, 0.424335),
        (0.783048, 0.139091, 0.426864),
        (0.787933, 0.154545, 0.429691),
        (0.792407, 0.170000, 0.432815),
        (0.721481, 0.000000, 0.414815),
        (0.736098, 0.015455, 0.414964),
        (0.750304, 0.030909, 0.415410),
        (0.763721, 0.046364, 0.416154),
        (0.776037, 0.061818, 0.417195),
        (0.787026, 0.077273, 0.418534),
        (0.796571, 0.092727, 0.420170),
        (0.804673, 0.108182, 0.422104),
        (0.811449, 0.123636, 0.424335),
        (0.817122, 0.139091, 0.426864),
        (0.822007, 0.154545, 0.429691),
        (0.826481, 0.170000, 0.432815),
        (0.755556, 0.000000, 0.414815),
        (0.770172, 0.015455, 0.414964),
        (0.784378, 0.030909, 0.415410),
        (0.797795, 0.046364, 0.416154),
        (0.810111, 0.061818, 0.417195),
        (0.821100, 0.077273, 0.418534),
        (0.830645, 0.092727, 0.420170),
        (0.838747, 0.108182, 0.422104),
        (0.845523, 0.123636, 0.424335),
        (0.851196, 0.139091, 0.426864),
        (0.856081, 0.154545, 0.429691),
        (0.860556, 0.170000, 0.432815),
        (0.789630, 0.000000, 0.414815),
        (0.804246, 0.015455, 0.414964),
        (0.818452, 0.030909, 0.415410),
        (0.831869, 0.046364, 0.416154),
        (0.844185, 0.061818, 0.417195),
        (0.855174, 0.077273, 0.418534),
        (0.864719, 0.092727, 0.420170),
        (0.872821, 0.108182, 0.422104),
        (0.879597, 0.123636, 0.424335),
        (0.885270, 0.139091, 0.426864),
        (0.890155, 0.154545, 0.429691),
        (0.894630, 0.170000, 0.432815),
        (0.823704, 0.000000, 0.414815),
        (0.838320, 0.015455, 0.414964),
        (0.852526, 0.030909, 0.415410),
        (0.865944, 0.046364, 0.416154),
        (0.878259, 0.061818, 0.417195),
        (0.889248, 0.077273, 0.418534),
        (0.898793, 0.092727, 0.420170),
        (0.906895, 0.108182, 0.422104),
        (0.913671, 0.123636, 0.424335),
        (0.919344, 0.139091, 0.426864),
        (0.924229, 0.154545, 0.429691),
        (0.928704, 0.170000, 0.432815),
        (0.857778, 0.000000, 0.414815),
        (0.872394, 0.015455, 0.414964),
        (0.886600, 0.030909, 0.415410),
        (0.900018, 0.046364, 0.416154),
        (0.912333, 0.061818, 0.417195),
        (0.923322, 0.077273, 0.418534),
        (0.932867, 0.092727, 0.420170),
        (0.940969, 0.108182, 0.422104),
        (0.947745, 0.123636, 0.424335),
        (0.953418, 0.139091, 0.426864),
        (0.958304, 0.154545, 0.429691),
        (0.962778, 0.170000, 0.432815),
        (0.891852, 0.000000, 0.414815),
        (0.906468, 0.015455, 0.414964),
        (0.920674, 0.030909, 0.415410),
        (0.934092, 0.046364, 0.416154),
        (0.946407, 0.061818, 0.417195),
        (0.957396, 0.077273, 0.418534),
        (0.966941, 0.092727, 0.420170),
        (0.975043, 0.108182, 0.422104),
        (0.981819, 0.123636, 0.424335),
        (0.987492, 0.139091, 0.426864),
        (0.992378, 0.154545, 0.429691),
        (0.996852, 0.170000, 0.432815),
        (0.925926, 0.000000, 0.414815),
        (0.940543, 0.015455, 0.414964),
        (0.954748, 0.030909, 0.415410),
        (0.968166, 0.046364, 0.416154),
        (0.980481, 0.061818, 0.417195),
        (0.991470, 0.077273, 0.418534),
        (1.001015, 0.092727, 0.420170),
        (1.009117, 0.108182, 0.422104),
        (1.015893, 0.123636, 0.424335),
        (1.021567, 0.139091, 0.426864),
        (1.026452, 0.154545, 0.429691),
        (1.030926, 0.170000, 0.432815),
        (0.960000, 0.000000, 0.414815),
        (0.974617, 0.015455, 0.414964),
        (0.988822, 0.030909, 0.415410),
        (1.002240, 0.046364, 0.416154),
        (1.014555, 0.061818, 0.417195),
        (1.025544, 0.077273, 0.418534),
        (1.035090, 0.092727, 0.420170),
        (1.043192, 0.108182, 0.422104),
        (1.049967, 0.123636, 0.424335),
        (1.055641, 0.139091, 0.426864),
        (1.060526, 0.154545, 0.429691),
        (1.065000, 0.170000, 0.432815),
        (0.040000, 0.000000, 0.448889),
        (0.054617, 0.015455, 0.449038),
        (0.068822, 0.030909, 0.449484),
        (0.082240, 0.046364, 0.450228),
        (0.094555, 0.061818, 0.451269),
        (0.105544, 0.077273, 0.452608),
        (0.115090, 0.092727, 0.454244),
        (0.123192, 0.108182, 0.456178),
        (0.129967, 0.123636, 0.458410),
        (0.135641, 0.139091, 0.460938),
        (0.140526, 0.154545, 0.463765),
        (0.145000, 0.170000, 0.466889),
        (0.074074, 0.000000, 0.448889),
        (0.088691, 0.015455, 0.449038),
        (0.102897, 0.030909, 0.449484),
        (0.116314, 0.046364, 0.450228),
        (0.128629, 0.061818, 0.451269),
        (0.139618, 0.077273, 0.452608),
        (0.149164, 0.092727, 0.454244),
        (0.157266, 0.108182, 0.456178),
        (0.164041, 0.123636, 0.458410),
        (0.169715, 0.139091, 0.460938),
        (0.174600, 0.154545, 0.463765),
        (0.179074, 0.170000, 0.466889),
        (0.108148, 0.000000, 0.448889),
        (0.122765, 0.015455, 0.449038),
        (0.136971, 0.030909, 0.449484),
        (0.150388, 0.046364, 0.450228),
        (0.162703, 0.061818, 0.451269),
        (0.173692, 0.077273, 0.452608),
        (0.183238, 0.092727, 0.454244),
        (0.191340, 0.108182, 0.456178),
        (0.198115, 0.123636, 0.458410),
        (0.203789, 0.139091, 0.460938),
        (0.208674, 0.154545, 0.463765),
        (0.213148, 0.170000, 0.466889),
        (0.142222, 0.000000, 0.448889),
        (0.156839, 0.015455, 0.449038),
        (0.171045, 0.030909, 0.449484),
        (0.184462, 0.046364, 0.450228),
        (0.196777, 0.061818, 0.451269),
        (0.207766, 0.077273, 0.452608),
        (0.217312, 0.092727, 0.454244),
        (0.225414, 0.108182, 0.456178),
        (0.232189, 0.123636, 0.458410),
        (0.237863, 0.139091, 0.460938),
        (0.242748, 0.154545, 0.463765),
        (0.247222, 0.170000, 0.466889),
        (0.176296, 0.000000, 0.448889),
        (0.190913, 0.015455, 0.449038),
        (0.205119, 0.030909, 0.449484),
        (0.218536, 0.046364, 0.450228),
        (0.230851, 0.061818, 0.451269),
        (0.241840, 0.077273, 0.452608),
        (0.251386, 0.092727, 0.454244),
        (0.259488, 0.108182, 0.456178),
        (0.266263, 0.123636, 0.458410),
        (0.271937, 0.139091, 0.460938),
        (0.276822, 0.154545, 0.463765),
        (0.281296, 0.170000, 0.466889),
        (0.210370, 0.000000, 0.448889),
        (0.224987, 0.015455, 0.449038),
        (0.239193, 0.030909, 0.449484),
        (0.252610, 0.046364, 0.450228),
        (0.264926, 0.061818, 0.451269),
        (0.275914, 0.077273, 0.452608),
        (0.285460, 0.092727, 0.454244),
        (0.293562, 0.108182, 0.456178),
        (0.300337, 0.123636, 0.458410),
        (0.306011, 0.139091, 0.460938),
        (0.310896, 0.154545, 0.463765),
        (0.315370, 0.170000, 0.466889),
        (0.244444, 0.000000, 0.448889),
        (0.259061, 0.015455, 0.449038),
        (0.273267, 0.030909, 0.449484),
        (0.286684, 0.046364, 0.450228),
        (0.299000, 0.061818, 0.451269),
        (0.309989, 0.077273, 0.452608),
        (0.319534, 0.092727, 0.454244),
        (0.327636, 0.108182, 0.456178),
        (0.334412, 0.123636, 0.458410),
        (0.340085, 0.139091, 0.460938),
        (0.344970, 0.154545, 0.463765),
        (0.349444, 0.170000, 0.466889),
        (0.278519, 0.000000, 0.448889),
        (0.293135, 0.015455, 0.449038),
        (0.307341, 0.030909, 0.449484),
        (0.320758, 0.046364, 0.450228),
        (0.333074, 0.061818, 0.451269),
        (0.344063, 0.077273, 0.452608),
        (0.353608, 0.092727, 0.454244),
        (0.361710, 0.108182, 0.456178),
        (0.368486, 0.123636, 0.458410),
        (0.374159, 0.139091, 0.460938),
        (0.379044, 0.154545, 0.463765),
        (0.383519, 0.170000, 0.466889),
        (0.312593, 0.000000, 0.448889),
        (0.327209, 0.015455, 0.449038),
        (0.341415, 0.030909, 0.449484),
        (0.354832, 0.046364, 0.450228),
        (0.367148, 0.061818, 0.451269),
        (0.378137, 0.077273, 0.452608),
        (0.387682, 0.092727, 0.454244),
        (0.395784, 0.108182, 0.456178),
        (0.402560, 0.123636, 0.458410),
        (0.408233, 0.139091, 0.460938),
        (0.413118, 0.154545, 0.463765),
        (0.417593, 0.170000, 0.466889),
        (0.346667, 0.000000, 0.448889),
        (0.361283, 0.015455, 0.449038),
        (0.375489, 0.030909, 0.449484),
        (0.388907, 0.046364, 0.450228),
        (0.401222, 0.061818, 0.451269),
        (0.412211, 0.077273, 0.452608),
        (0.421756, 0.092727, 0.454244),
        (0.429858, 0.108182, 0.456178),
        (0.436634, 0.123636, 0.458410),
        (0.442307, 0.139091, 0.460938),
        (0.447192, 0.154545, 0.463765),
        (0.451667, 0.170000, 0.466889),
        (0.380741, 0.000000, 0.448889),
        (0.395357, 0.015455, 0.449038),
        (0.409563, 0.030909, 0.449484),
        (0.422981, 0.046364, 0.450228),
        (0.435296, 0.061818, 0.451269),
        (0.446285, 0.077273, 0.452608),
        (0.455830, 0.092727, 0.454244),
        (0.463932, 0.108182, 0.456178),
        (0.470708, 0.123636, 0.458410),
        (0.476381, 0.139091, 0.460938),
        (0.481266, 0.154545, 0.463765),
        (0.485741, 0.170000, 0.466889),
        (0.414815, 0.000000, 0.448889),
        (0.429431, 0.015455, 0.449038),
        (0.443637, 0.030909, 0.449484),
        (0.457055, 0.046364, 0.450228),
        (0.469370, 0.061818, 0.451269),
        (0.480359, 0.077273, 0.452608),
        (0.489904, 0.092727, 0.454244),
        (0.498006, 0.108182, 0.456178),
        (0.504782, 0.123636, 0.458410),
        (0.510455, 0.139091, 0.460938),
        (0.515341, 0.154545, 0.463765),
        (0.519815, 0.170000, 0.466889),
        (0.448889, 0.000000, 0.448889),
        (0.463506, 0.015455, 0.449038),
        (0.477711, 0.030909, 0.449484),
        (0.491129, 0.046364, 0.450228),
        (0.503444, 0.061818, 0.451269),
        (0.514433, 0.077273, 0.452608),
        (0.523978, 0.092727, 0.454244),
        (0.532080, 0.108182, 0.456178),
        (0.538856, 0.123636, 0.458410),
        (0.544530, 0.139091, 0.460938),
        (0.549415, 0.154545, 0.463765),
        (0.553889, 0.170000, 0.466889),
        (0.482963, 0.000000, 0.448889),
        (0.497580, 0.015455, 0.449038),
        (0.511785, 0.030909, 0.449484),
        (0.525203, 0.046364, 0.450228),
        (0.537518, 0.061818, 0.451269),
        (0.548507, 0.077273, 0.452608),
        (0.558052, 0.092727, 0.454244),
        (0.566155, 0.108182, 0.456178),
        (0.572930, 0.123636, 0.458410),
        (0.578604, 0.139091, 0.460938),
        (0.583489, 0.154545, 0.463765),
        (0.587963, 0.170000, 0.466889),
        (0.517037, 0.000000, 0.448889),
        (0.531654, 0.015455, 0.449038),
        (0.545859, 0.030909, 0.449484),
        (0.559277, 0.046364, 0.450228),
        (0.571592, 0.061818, 0.451269),
        (0.582581, 0.077273, 0.452608),
        (0.592127, 0.092727, 0.454244),
        (0.600229, 0.108182, 0.456178),
        (0.607004, 0.123636, 0.458410),
        (0.612678, 0.139091, 0.460938),
        (0.617563, 0.154545, 0.463765),
        (0.622037, 0.170000, 0.466889),
        (0.551111, 0.000000, 0.448889),
        (0.565728, 0.015455, 0.449038),
        (0.579934, 0.030909, 0.449484),
        (0.593351, 0.046364, 0.450228),
        (0.605666, 0.061818, 0.451269),
        (0.616655, 0.077273, 0.452608),
        (0.626201, 0.092727, 0.454244),
        (0.634303, 0.108182, 0.456178),
        (0.641078, 0.123636, 0.458410),
        (0.646752, 0.139091, 0.460938),
        (0.651637, 0.154545, 0.463765),
        (0.656111, 0.170000, 0.466889),
        (0.585185, 0.000000, 0.448889),
        (0.599802, 0.015455, 0.449038),
        (0.614008, 0.030909, 0.449484),
        (0.627425, 0.046364, 0.450228),
        (0.639740, 0.061818, 0.451269),
        (0.650729, 0.077273, 0.452608),
        (0.660275, 0.092727, 0.454244),
        (0.668377, 0.108182, 0.456178),
        (0.675152, 0.123636, 0.458410),
        (0.680826, 0.139091, 0.460938),
        (0.685711, 0.154545, 0.463765),
        (0.690185, 0.170000, 0.466889),
        (0.619259, 0.000000, 0.448889),
        (0.633876, 0.015455, 0.449038),
        (0.648082, 0.030909, 0.449484),
        (0.661499, 0.046364, 0.450228),
        (0.673814, 0.061818, 0.451269),
        (0.684803, 0.077273, 0.452608),
        (0.694349, 0.092727, 0.454244),
        (0.702451, 0.108182, 0.456178),
        (0.709226, 0.123636, 0.458410),
        (0.714900, 0.139091, 0.460938),
        (0.719785, 0.154545, 0.463765),
        (0.724259, 0.170000, 0.466889),
        (0.653333, 0.000000, 0.448889),
        (0.667950, 0.015455, 0.449038),
        (0.682156, 0.030909, 0.449484),
        (0.695573, 0.046364, 0.450228),
        (0.707889, 0.061818, 0.451269),
        (0.718877, 0.077273, 0.452608),
        (0.728423, 0.092727, 0.454244),
        (0.736525, 0.108182, 0.456178),
        (0.743300, 0.123636, 0.458410),
        (0.748974, 0.139091, 0.460938),
        (0.753859, 0.154545, 0.463765),
        (0.758333, 0.170000, 0.466889),
        (0.687407, 0.000000, 0.448889),
        (0.702024, 0.015455, 0.449038),
        (0.716230, 0.030909, 0.449484),
        (0.729647, 0.046364, 0.450228),
        (0.741963, 0.061818, 0.451269),
        (0.752951, 0.077273, 0.452608),
        (0.762497, 0.092727, 0.454244),
        (0.770599, 0.108182, 0.456178),
        (0.777375, 0.123636, 0.458410),
        (0.783048, 0.139091, 0.460938),
        (0.787933, 0.154545, 0.463765),
        (0.792407, 0.170000, 0.466889),
        (0.721481, 0.000000, 0.448889),
        (0.736098, 0.015455, 0.449038),
        (0.750304, 0.030909, 0.449484),
        (0.763721, 0.046364, 0.450228),
        (0.776037, 0.061818, 0.451269),
        (0.787026, 0.077273, 0.452608),
        (0.796571, 0.092727, 0.454244),
        (0.804673, 0.108182, 0.456178),
        (0.811449, 0.123636, 0.458410),
        (0.817122, 0.139091, 0.460938),
        (0.822007, 0.154545, 0.463765),
        (0.826481, 0.170000, 0.466889),
        (0.755556, 0.000000, 0.448889),
        (0.770172, 0.015455, 0.449038),
        (0.784378, 0.030909, 0.449484),
        (0.797795, 0.046364, 0.450228),
        (0.810111, 0.061818, 0.451269),
        (0.821100, 0.077273, 0.452608),
        (0.830645, 0.092727, 0.454244),
        (0.838747, 0.108182, 0.456178),
        (0.845523, 0.123636, 0.458410),
        (0.851196, 0.139091, 0.460938),
        (0.856081, 0.154545, 0.463765),
        (0.860556, 0.170000, 0.466889),
        (0.789630, 0.000000, 0.448889),
        (0.804246, 0.015455, 0.449038),
        (0.818452, 0.030909, 0.449484),
        (0.831869, 0.046364, 0.450228),
        (0.844185, 0.061818, 0.451269),
        (0.855174, 0.077273, 0.452608),
        (0.864719, 0.092727, 0.454244),
        (0.872821, 0.108182, 0.456178),
        (0.879597, 0.123636, 0.458410),
        (0.885270, 0.139091, 0.460938),
        (0.890155, 0.154545, 0.463765),
        (0.894630, 0.170000, 0.466889),
        (0.823704, 0.000000, 0.448889),
        (0.838320, 0.015455, 0.449038),
        (0.852526, 0.030909, 0.449484),
        (0.865944, 0.046364, 0.450228),
        (0.878259, 0.061818, 0.451269),
        (0.889248, 0.077273, 0.452608),
        (0.898793, 0.092727, 0.454244),
        (0.906895, 0.108182, 0.456178),
        (0.913671, 0.123636, 0.458410),
        (0.919344, 0.139091, 0.460938),
        (0.924229, 0.154545, 0.463765),
        (0.928704, 0.170000, 0.466889),
        (0.857778, 0.000000, 0.448889),
        (0.872394, 0.015455, 0.449038),
        (0.886600, 0.030909, 0.449484),
        (0.900018, 0.046364, 0.450228),
        (0.912333, 0.061818, 0.451269),
        (0.923322, 0.077273, 0.452608),
        (0.932867, 0.092727, 0.454244),
        (0.940969, 0.108182, 0.456178),
        (0.947745, 0.123636, 0.458410),
        (0.953418, 0.139091, 0.460938),
        (0.958304, 0.154545, 0.463765),
        (0.962778, 0.170000, 0.466889),
        (0.891852, 0.000000, 0.448889),
        (0.906468, 0.015455, 0.449038),
        (0.920674, 0.030909, 0.449484),
        (0.934092, 0.046364, 0.450228),
        (0.946407, 0.061818, 0.451269),
        (0.957396, 0.077273, 0.452608),
        (0.966941, 0.092727, 0.454244),
        (0.975043, 0.108182, 0.456178),
        (0.981819, 0.123636, 0.458410),
        (0.987492, 0.139091, 0.460938),
        (0.992378, 0.154545, 0.463765),
        (0.996852, 0.170000, 0.466889),
        (0.925926, 0.000000, 0.448889),
        (0.940543, 0.015455, 0.449038),
        (0.954748, 0.030909, 0.449484),
        (0.968166, 0.046364, 0.450228),
        (0.980481, 0.061818, 0.451269),
        (0.991470, 0.077273, 0.452608),
        (1.001015, 0.092727, 0.454244),
        (1.009117, 0.108182, 0.456178),
        (1.015893, 0.123636, 0.458410),
        (1.021567, 0.139091, 0.460938),
        (1.026452, 0.154545, 0.463765),
        (1.030926, 0.170000, 0.466889),
        (0.960000, 0.000000, 0.448889),
        (0.974617, 0.015455, 0.449038),
        (0.988822, 0.030909, 0.449484),
        (1.002240, 0.046364, 0.450228),
        (1.014555, 0.061818, 0.451269),
        (1.025544, 0.077273, 0.452608),
        (1.035090, 0.092727, 0.454244),
        (1.043192, 0.108182, 0.456178),
        (1.049967, 0.123636, 0.458410),
        (1.055641, 0.139091, 0.460938),
        (1.060526, 0.154545, 0.463765),
        (1.065000, 0.170000, 0.466889),
        (0.040000, 0.000000, 0.482963),
        (0.054617, 0.015455, 0.483112),
        (0.068822, 0.030909, 0.483558),
        (0.082240, 0.046364, 0.484302),
        (0.094555, 0.061818, 0.485343),
        (0.105544, 0.077273, 0.486682),
        (0.115090, 0.092727, 0.488318),
        (0.123192, 0.108182, 0.490252),
        (0.129967, 0.123636, 0.492484),
        (0.135641, 0.139091, 0.495013),
        (0.140526, 0.154545, 0.497839),
        (0.145000, 0.170000, 0.500963),
        (0.074074, 0.000000, 0.482963),
        (0.088691, 0.015455, 0.483112),
        (0.102897, 0.030909, 0.483558),
        (0.116314, 0.046364, 0.484302),
        (0.128629, 0.061818, 0.485343),
        (0.139618, 0.077273, 0.486682),
        (0.149164, 0.092727, 0.488318),
        (0.157266, 0.108182, 0.490252),
        (0.164041, 0.123636, 0.492484),
        (0.169715, 0.139091, 0.495013),
        (0.174600, 0.154545, 0.497839),
        (0.179074, 0.170000, 0.500963),
        (0.108148, 0.000000, 0.482963),
        (0.122765, 0.015455, 0.483112),
        (0.136971, 0.030909, 0.483558),
        (0.150388, 0.046364, 0.484302),
        (0.162703, 0.061818, 0.485343),
        (0.173692, 0.077273, 0.486682),
        (0.183238, 0.092727, 0.488318),
        (0.191340, 0.108182, 0.490252),
        (0.198115, 0.123636, 0.492484),
        (0.203789, 0.139091, 0.495013),
        (0.208674, 0.154545, 0.497839),
        (0.213148, 0.170000, 0.500963),
        (0.142222, 0.000000, 0.482963),
        (0.156839, 0.015455, 0.483112),
        (0.171045, 0.030909, 0.483558),
        (0.184462, 0.046364, 0.484302),
        (0.196777, 0.061818, 0.485343),
        (0.207766, 0.077273, 0.486682),
        (0.217312, 0.092727, 0.488318),
        (0.225414, 0.108182, 0.490252),
        (0.232189, 0.123636, 0.492484),
        (0.237863, 0.139091, 0.495013),
        (0.242748, 0.154545, 0.497839),
        (0.247222, 0.170000, 0.500963),
        (0.176296, 0.000000, 0.482963),
        (0.190913, 0.015455, 0.483112),
        (0.205119, 0.030909, 0.483558),
        (0.218536, 0.046364, 0.484302),
        (0.230851, 0.061818, 0.485343),
        (0.241840, 0.077273, 0.486682),
        (0.251386, 0.092727, 0.488318),
        (0.259488, 0.108182, 0.490252),
        (0.266263, 0.123636, 0.492484),
        (0.271937, 0.139091, 0.495013),
        (0.276822, 0.154545, 0.497839),
        (0.281296, 0.170000, 0.500963),
        (0.210370, 0.000000, 0.482963),
        (0.224987, 0.015455, 0.483112),
        (0.239193, 0.030909, 0.483558),
        (0.252610, 0.046364, 0.484302),
        (0.264926, 0.061818, 0.485343),
        (0.275914, 0.077273, 0.486682),
        (0.285460, 0.092727, 0.488318),
        (0.293562, 0.108182, 0.490252),
        (0.300337, 0.123636, 0.492484),
        (0.306011, 0.139091, 0.495013),
        (0.310896, 0.154545, 0.497839),
        (0.315370, 0.170000, 0.500963),
        (0.244444, 0.000000, 0.482963),
        (0.259061, 0.015455, 0.483112),
        (0.273267, 0.030909, 0.483558),
        (0.286684, 0.046364, 0.484302),
        (0.299000, 0.061818, 0.485343),
        (0.309989, 0.077273, 0.486682),
        (0.319534, 0.092727, 0.488318),
        (0.327636, 0.108182, 0.490252),
        (0.334412, 0.123636, 0.492484),
        (0.340085, 0.139091, 0.495013),
        (0.344970, 0.154545, 0.497839),
        (0.349444, 0.170000, 0.500963),
        (0.278519, 0.000000, 0.482963),
        (0.293135, 0.015455, 0.483112),
        (0.307341, 0.030909, 0.483558),
        (0.320758, 0.046364, 0.484302),
        (0.333074, 0.061818, 0.485343),
        (0.344063, 0.077273, 0.486682),
        (0.353608, 0.092727, 0.488318),
        (0.361710, 0.108182, 0.490252),
        (0.368486, 0.123636, 0.492484),
        (0.374159, 0.139091, 0.495013),
        (0.379044, 0.154545, 0.497839),
        (0.383519, 0.170000, 0.500963),
        (0.312593, 0.000000, 0.482963),
        (0.327209, 0.015455, 0.483112),
        (0.341415, 0.030909, 0.483558),
        (0.354832, 0.046364, 0.484302),
        (0.367148, 0.061818, 0.485343),
        (0.378137, 0.077273, 0.486682),
        (0.387682, 0.092727, 0.488318),
        (0.395784, 0.108182, 0.490252),
        (0.402560, 0.123636, 0.492484),
        (0.408233, 0.139091, 0.495013),
        (0.413118, 0.154545, 0.497839),
        (0.417593, 0.170000, 0.500963),
        (0.346667, 0.000000, 0.482963),
        (0.361283, 0.015455, 0.483112),
        (0.375489, 0.030909, 0.483558),
        (0.388907, 0.046364, 0.484302),
        (0.401222, 0.061818, 0.485343),
        (0.412211, 0.077273, 0.486682),
        (0.421756, 0.092727, 0.488318),
        (0.429858, 0.108182, 0.490252),
        (0.436634, 0.123636, 0.492484),
        (0.442307, 0.139091, 0.495013),
        (0.447192, 0.154545, 0.497839),
        (0.451667, 0.170000, 0.500963),
        (0.380741, 0.000000, 0.482963),
        (0.395357, 0.015455, 0.483112),
        (0.409563, 0.030909, 0.483558),
        (0.422981, 0.046364, 0.484302),
        (0.435296, 0.061818, 0.485343),
        (0.446285, 0.077273, 0.486682),
        (0.455830, 0.092727, 0.488318),
        (0.463932, 0.108182, 0.490252),
        (0.470708, 0.123636, 0.492484),
        (0.476381, 0.139091, 0.495013),
        (0.481266, 0.154545, 0.497839),
        (0.485741, 0.170000, 0.500963),
        (0.414815, 0.000000, 0.482963),
        (0.429431, 0.015455, 0.483112),
        (0.443637, 0.030909, 0.483558),
        (0.457055, 0.046364, 0.484302),
        (0.469370, 0.061818, 0.485343),
        (0.480359, 0.077273, 0.486682),
        (0.489904, 0.092727, 0.488318),
        (0.498006, 0.108182, 0.490252),
        (0.504782, 0.123636, 0.492484),
        (0.510455, 0.139091, 0.495013),
        (0.515341, 0.154545, 0.497839),
        (0.519815, 0.170000, 0.500963),
        (0.448889, 0.000000, 0.482963),
        (0.463506, 0.015455, 0.483112),
        (0.477711, 0.030909, 0.483558),
        (0.491129, 0.046364, 0.484302),
        (0.503444, 0.061818, 0.485343),
        (0.514433, 0.077273, 0.486682),
        (0.523978, 0.092727, 0.488318),
        (0.532080, 0.108182, 0.490252),
        (0.538856, 0.123636, 0.492484),
        (0.544530, 0.139091, 0.495013),
        (0.549415, 0.154545, 0.497839),
        (0.553889, 0.170000, 0.500963),
        (0.482963, 0.000000, 0.482963),
        (0.497580, 0.015455, 0.483112),
        (0.511785, 0.030909, 0.483558),
        (0.525203, 0.046364, 0.484302),
        (0.537518, 0.061818, 0.485343),
        (0.548507, 0.077273, 0.486682),
        (0.558052, 0.092727, 0.488318),
        (0.566155, 0.108182, 0.490252),
        (0.572930, 0.123636, 0.492484),
        (0.578604, 0.139091, 0.495013),
        (0.583489, 0.154545, 0.497839),
        (0.587963, 0.170000, 0.500963),
        (0.517037, 0.000000, 0.482963),
        (0.531654, 0.015455, 0.483112),
        (0.545859, 0.030909, 0.483558),
        (0.559277, 0.046364, 0.484302),
        (0.571592, 0.061818, 0.485343),
        (0.582581, 0.077273, 0.486682),
        (0.592127, 0.092727, 0.488318),
        (0.600229, 0.108182, 0.490252),
        (0.607004, 0.123636, 0.492484),
        (0.612678, 0.139091, 0.495013),
        (0.617563, 0.154545, 0.497839),
        (0.622037, 0.170000, 0.500963),
        (0.551111, 0.000000, 0.482963),
        (0.565728, 0.015455, 0.483112),
        (0.579934, 0.030909, 0.483558),
        (0.593351, 0.046364, 0.484302),
        (0.605666, 0.061818, 0.485343),
        (0.616655, 0.077273, 0.486682),
        (0.626201, 0.092727, 0.488318),
        (0.634303, 0.108182, 0.490252),
        (0.641078, 0.123636, 0.492484),
        (0.646752, 0.139091, 0.495013),
        (0.651637, 0.154545, 0.497839),
        (0.656111, 0.170000, 0.500963),
        (0.585185, 0.000000, 0.482963),
        (0.599802, 0.015455, 0.483112),
        (0.614008, 0.030909, 0.483558),
        (0.627425, 0.046364, 0.484302),
        (0.639740, 0.061818, 0.485343),
        (0.650729, 0.077273, 0.486682),
        (0.660275, 0.092727, 0.488318),
        (0.668377, 0.108182, 0.490252),
        (0.675152, 0.123636, 0.492484),
        (0.680826, 0.139091, 0.495013),
        (0.685711, 0.154545, 0.497839),
        (0.690185, 0.170000, 0.500963),
        (0.619259, 0.000000, 0.482963),
        (0.633876, 0.015455, 0.483112),
        (0.648082, 0.030909, 0.483558),
        (0.661499, 0.046364, 0.484302),
        (0.673814, 0.061818, 0.485343),
        (0.684803, 0.077273, 0.486682),
        (0.694349, 0.092727, 0.488318),
        (0.702451, 0.108182, 0.490252),
        (0.709226, 0.123636, 0.492484),
        (0.714900, 0.139091, 0.495013),
        (0.719785, 0.154545, 0.497839),
        (0.724259, 0.170000, 0.500963),
        (0.653333, 0.000000, 0.482963),
        (0.667950, 0.015455, 0.483112),
        (0.682156, 0.030909, 0.483558),
        (0.695573, 0.046364, 0.484302),
        (0.707889, 0.061818, 0.485343),
        (0.718877, 0.077273, 0.486682),
        (0.728423, 0.092727, 0.488318),
        (0.736525, 0.108182, 0.490252),
        (0.743300, 0.123636, 0.492484),
        (0.748974, 0.139091, 0.495013),
        (0.753859, 0.154545, 0.497839),
        (0.758333, 0.170000, 0.500963),
        (0.687407, 0.000000, 0.482963),
        (0.702024, 0.015455, 0.483112),
        (0.716230, 0.030909, 0.483558),
        (0.729647, 0.046364, 0.484302),
        (0.741963, 0.061818, 0.485343),
        (0.752951, 0.077273, 0.486682),
        (0.762497, 0.092727, 0.488318),
        (0.770599, 0.108182, 0.490252),
        (0.777375, 0.123636, 0.492484),
        (0.783048, 0.139091, 0.495013),
        (0.787933, 0.154545, 0.497839),
        (0.792407, 0.170000, 0.500963),
        (0.721481, 0.000000, 0.482963),
        (0.736098, 0.015455, 0.483112),
        (0.750304, 0.030909, 0.483558),
        (0.763721, 0.046364, 0.484302),
        (0.776037, 0.061818, 0.485343),
        (0.787026, 0.077273, 0.486682),
        (0.796571, 0.092727, 0.488318),
        (0.804673, 0.108182, 0.490252),
        (0.811449, 0.123636, 0.492484),
        (0.817122, 0.139091, 0.495013),
        (0.822007, 0.154545, 0.497839),
        (0.826481, 0.170000, 0.500963),
        (0.755556, 0.000000, 0.482963),
        (0.770172, 0.015455, 0.483112),
        (0.784378, 0.030909, 0.483558),
        (0.797795, 0.046364, 0.484302),
        (0.810111, 0.061818, 0.485343),
        (0.821100, 0.077273, 0.486682),
        (0.830645, 0.092727, 0.488318),
        (0.838747, 0.108182, 0.490252),
        (0.845523, 0.123636, 0.492484),
        (0.851196, 0.139091, 0.495013),
        (0.856081, 0.154545, 0.497839),
        (0.860556, 0.170000, 0.500963),
        (0.789630, 0.000000, 0.482963),
        (0.804246, 0.015455, 0.483112),
        (0.818452, 0.030909, 0.483558),
        (0.831869, 0.046364, 0.484302),
        (0.844185, 0.061818, 0.485343),
        (0.855174, 0.077273, 0.486682),
        (0.864719, 0.092727, 0.488318),
        (0.872821, 0.108182, 0.490252),
        (0.879597, 0.123636, 0.492484),
        (0.885270, 0.139091, 0.495013),
        (0.890155, 0.154545, 0.497839),
        (0.894630, 0.170000, 0.500963),
        (0.823704, 0.000000, 0.482963),
        (0.838320, 0.015455, 0.483112),
        (0.852526, 0.030909, 0.483558),
        (0.865944, 0.046364, 0.484302),
        (0.878259, 0.061818, 0.485343),
        (0.889248, 0.077273, 0.486682),
        (0.898793, 0.092727, 0.488318),
        (0.906895, 0.108182, 0.490252),
        (0.913671, 0.123636, 0.492484),
        (0.919344, 0.139091, 0.495013),
        (0.924229, 0.154545, 0.497839),
        (0.928704, 0.170000, 0.500963),
        (0.857778, 0.000000, 0.482963),
        (0.872394, 0.015455, 0.483112),
        (0.886600, 0.030909, 0.483558),
        (0.900018, 0.046364, 0.484302),
        (0.912333, 0.061818, 0.485343),
        (0.923322, 0.077273, 0.486682),
        (0.932867, 0.092727, 0.488318),
        (0.940969, 0.108182, 0.490252),
        (0.947745, 0.123636, 0.492484),
        (0.953418, 0.139091, 0.495013),
        (0.958304, 0.154545, 0.497839),
        (0.962778, 0.170000, 0.500963),
        (0.891852, 0.000000, 0.482963),
        (0.906468, 0.015455, 0.483112),
        (0.920674, 0.030909, 0.483558),
        (0.934092, 0.046364, 0.484302),
        (0.946407, 0.061818, 0.485343),
        (0.957396, 0.077273, 0.486682),
        (0.966941, 0.092727, 0.488318),
        (0.975043, 0.108182, 0.490252),
        (0.981819, 0.123636, 0.492484),
        (0.987492, 0.139091, 0.495013),
        (0.992378, 0.154545, 0.497839),
        (0.996852, 0.170000, 0.500963),
        (0.925926, 0.000000, 0.482963),
        (0.940543, 0.015455, 0.483112),
        (0.954748, 0.030909, 0.483558),
        (0.968166, 0.046364, 0.484302),
        (0.980481, 0.061818, 0.485343),
        (0.991470, 0.077273, 0.486682),
        (1.001015, 0.092727, 0.488318),
        (1.009117, 0.108182, 0.490252),
        (1.015893, 0.123636, 0.492484),
        (1.021567, 0.139091, 0.495013),
        (1.026452, 0.154545, 0.497839),
        (1.030926, 0.170000, 0.500963),
        (0.960000, 0.000000, 0.482963),
        (0.974617, 0.015455, 0.483112),
        (0.988822, 0.030909, 0.483558),
        (1.002240, 0.046364, 0.484302),
        (1.014555, 0.061818, 0.485343),
        (1.025544, 0.077273, 0.486682),
        (1.035090, 0.092727, 0.488318),
        (1.043192, 0.108182, 0.490252),
        (1.049967, 0.123636, 0.492484),
        (1.055641, 0.139091, 0.495013),
        (1.060526, 0.154545, 0.497839),
        (1.065000, 0.170000, 0.500963),
        (0.040000, 0.000000, 0.517037),
        (0.054617, 0.015455, 0.517186),
        (0.068822, 0.030909, 0.517632),
        (0.082240, 0.046364, 0.518376),
        (0.094555, 0.061818, 0.519417),
        (0.105544, 0.077273, 0.520756),
        (0.115090, 0.092727, 0.522392),
        (0.123192, 0.108182, 0.524326),
        (0.129967, 0.123636, 0.526558),
        (0.135641, 0.139091, 0.529087),
        (0.140526, 0.154545, 0.531913),
        (0.145000, 0.170000, 0.535037),
        (0.074074, 0.000000, 0.517037),
        (0.088691, 0.015455, 0.517186),
        (0.102897, 0.030909, 0.517632),
        (0.116314, 0.046364, 0.518376),
        (0.128629, 0.061818, 0.519417),
        (0.139618, 0.077273, 0.520756),
        (0.149164, 0.092727, 0.522392),
        (0.157266, 0.108182, 0.524326),
        (0.164041, 0.123636, 0.526558),
        (0.169715, 0.139091, 0.529087),
        (0.174600, 0.154545, 0.531913),
        (0.179074, 0.170000, 0.535037),
        (0.108148, 0.000000, 0.517037),
        (0.122765, 0.015455, 0.517186),
        (0.136971, 0.030909, 0.517632),
        (0.150388, 0.046364, 0.518376),
        (0.162703, 0.061818, 0.519417),
        (0.173692, 0.077273, 0.520756),
        (0.183238, 0.092727, 0.522392),
        (0.191340, 0.108182, 0.524326),
        (0.198115, 0.123636, 0.526558),
        (0.203789, 0.139091, 0.529087),
        (0.208674, 0.154545, 0.531913),
        (0.213148, 0.170000, 0.535037),
        (0.142222, 0.000000, 0.517037),
        (0.156839, 0.015455, 0.517186),
        (0.171045, 0.030909, 0.517632),
        (0.184462, 0.046364, 0.518376),
        (0.196777, 0.061818, 0.519417),
        (0.207766, 0.077273, 0.520756),
        (0.217312, 0.092727, 0.522392),
        (0.225414, 0.108182, 0.524326),
        (0.232189, 0.123636, 0.526558),
        (0.237863, 0.139091, 0.529087),
        (0.242748, 0.154545, 0.531913),
        (0.247222, 0.170000, 0.535037),
        (0.176296, 0.000000, 0.517037),
        (0.190913, 0.015455, 0.517186),
        (0.205119, 0.030909, 0.517632),
        (0.218536, 0.046364, 0.518376),
        (0.230851, 0.061818, 0.519417),
        (0.241840, 0.077273, 0.520756),
        (0.251386, 0.092727, 0.522392),
        (0.259488, 0.108182, 0.524326),
        (0.266263, 0.123636, 0.526558),
        (0.271937, 0.139091, 0.529087),
        (0.276822, 0.154545, 0.531913),
        (0.281296, 0.170000, 0.535037),
        (0.210370, 0.000000, 0.517037),
        (0.224987, 0.015455, 0.517186),
        (0.239193, 0.030909, 0.517632),
        (0.252610, 0.046364, 0.518376),
        (0.264926, 0.061818, 0.519417),
        (0.275914, 0.077273, 0.520756),
        (0.285460, 0.092727, 0.522392),
        (0.293562, 0.108182, 0.524326),
        (0.300337, 0.123636, 0.526558),
        (0.306011, 0.139091, 0.529087),
        (0.310896, 0.154545, 0.531913),
        (0.315370, 0.170000, 0.535037),
        (0.244444, 0.000000, 0.517037),
        (0.259061, 0.015455, 0.517186),
        (0.273267, 0.030909, 0.517632),
        (0.286684, 0.046364, 0.518376),
        (0.299000, 0.061818, 0.519417),
        (0.309989, 0.077273, 0.520756),
        (0.319534, 0.092727, 0.522392),
        (0.327636, 0.108182, 0.524326),
        (0.334412, 0.123636, 0.526558),
        (0.340085, 0.139091, 0.529087),
        (0.344970, 0.154545, 0.531913),
        (0.349444, 0.170000, 0.535037),
        (0.278519, 0.000000, 0.517037),
        (0.293135, 0.015455, 0.517186),
        (0.307341, 0.030909, 0.517632),
        (0.320758, 0.046364, 0.518376),
        (0.333074, 0.061818, 0.519417),
        (0.344063, 0.077273, 0.520756),
        (0.353608, 0.092727, 0.522392),
        (0.361710, 0.108182, 0.524326),
        (0.368486, 0.123636, 0.526558),
        (0.374159, 0.139091, 0.529087),
        (0.379044, 0.154545, 0.531913),
        (0.383519, 0.170000, 0.535037),
        (0.312593, 0.000000, 0.517037),
        (0.327209, 0.015455, 0.517186),
        (0.341415, 0.030909, 0.517632),
        (0.354832, 0.046364, 0.518376),
        (0.367148, 0.061818, 0.519417),
        (0.378137, 0.077273, 0.520756),
        (0.387682, 0.092727, 0.522392),
        (0.395784, 0.108182, 0.524326),
        (0.402560, 0.123636, 0.526558),
        (0.408233, 0.139091, 0.529087),
        (0.413118, 0.154545, 0.531913),
        (0.417593, 0.170000, 0.535037),
        (0.346667, 0.000000, 0.517037),
        (0.361283, 0.015455, 0.517186),
        (0.375489, 0.030909, 0.517632),
        (0.388907, 0.046364, 0.518376),
        (0.401222, 0.061818, 0.519417),
        (0.412211, 0.077273, 0.520756),
        (0.421756, 0.092727, 0.522392),
        (0.429858, 0.108182, 0.524326),
        (0.436634, 0.123636, 0.526558),
        (0.442307, 0.139091, 0.529087),
        (0.447192, 0.154545, 0.531913),
        (0.451667, 0.170000, 0.535037),
        (0.380741, 0.000000, 0.517037),
        (0.395357, 0.015455, 0.517186),
        (0.409563, 0.030909, 0.517632),
        (0.422981, 0.046364, 0.518376),
        (0.435296, 0.061818, 0.519417),
        (0.446285, 0.077273, 0.520756),
        (0.455830, 0.092727, 0.522392),
        (0.463932, 0.108182, 0.524326),
        (0.470708, 0.123636, 0.526558),
        (0.476381, 0.139091, 0.529087),
        (0.481266, 0.154545, 0.531913),
        (0.485741, 0.170000, 0.535037),
        (0.414815, 0.000000, 0.517037),
        (0.429431, 0.015455, 0.517186),
        (0.443637, 0.030909, 0.517632),
        (0.457055, 0.046364, 0.518376),
        (0.469370, 0.061818, 0.519417),
        (0.480359, 0.077273, 0.520756),
        (0.489904, 0.092727, 0.522392),
        (0.498006, 0.108182, 0.524326),
        (0.504782, 0.123636, 0.526558),
        (0.510455, 0.139091, 0.529087),
        (0.515341, 0.154545, 0.531913),
        (0.519815, 0.170000, 0.535037),
        (0.448889, 0.000000, 0.517037),
        (0.463506, 0.015455, 0.517186),
        (0.477711, 0.030909, 0.517632),
        (0.491129, 0.046364, 0.518376),
        (0.503444, 0.061818, 0.519417),
        (0.514433, 0.077273, 0.520756),
        (0.523978, 0.092727, 0.522392),
        (0.532080, 0.108182, 0.524326),
        (0.538856, 0.123636, 0.526558),
        (0.544530, 0.139091, 0.529087),
        (0.549415, 0.154545, 0.531913),
        (0.553889, 0.170000, 0.535037),
        (0.482963, 0.000000, 0.517037),
        (0.497580, 0.015455, 0.517186),
        (0.511785, 0.030909, 0.517632),
        (0.525203, 0.046364, 0.518376),
        (0.537518, 0.061818, 0.519417),
        (0.548507, 0.077273, 0.520756),
        (0.558052, 0.092727, 0.522392),
        (0.566155, 0.108182, 0.524326),
        (0.572930, 0.123636, 0.526558),
        (0.578604, 0.139091, 0.529087),
        (0.583489, 0.154545, 0.531913),
        (0.587963, 0.170000, 0.535037),
        (0.517037, 0.000000, 0.517037),
        (0.531654, 0.015455, 0.517186),
        (0.545859, 0.030909, 0.517632),
        (0.559277, 0.046364, 0.518376),
        (0.571592, 0.061818, 0.519417),
        (0.582581, 0.077273, 0.520756),
        (0.592127, 0.092727, 0.522392),
        (0.600229, 0.108182, 0.524326),
        (0.607004, 0.123636, 0.526558),
        (0.612678, 0.139091, 0.529087),
        (0.617563, 0.154545, 0.531913),
        (0.622037, 0.170000, 0.535037),
        (0.551111, 0.000000, 0.517037),
        (0.565728, 0.015455, 0.517186),
        (0.579934, 0.030909, 0.517632),
        (0.593351, 0.046364, 0.518376),
        (0.605666, 0.061818, 0.519417),
        (0.616655, 0.077273, 0.520756),
        (0.626201, 0.092727, 0.522392),
        (0.634303, 0.108182, 0.524326),
        (0.641078, 0.123636, 0.526558),
        (0.646752, 0.139091, 0.529087),
        (0.651637, 0.154545, 0.531913),
        (0.656111, 0.170000, 0.535037),
        (0.585185, 0.000000, 0.517037),
        (0.599802, 0.015455, 0.517186),
        (0.614008, 0.030909, 0.517632),
        (0.627425, 0.046364, 0.518376),
        (0.639740, 0.061818, 0.519417),
        (0.650729, 0.077273, 0.520756),
        (0.660275, 0.092727, 0.522392),
        (0.668377, 0.108182, 0.524326),
        (0.675152, 0.123636, 0.526558),
        (0.680826, 0.139091, 0.529087),
        (0.685711, 0.154545, 0.531913),
        (0.690185, 0.170000, 0.535037),
        (0.619259, 0.000000, 0.517037),
        (0.633876, 0.015455, 0.517186),
        (0.648082, 0.030909, 0.517632),
        (0.661499, 0.046364, 0.518376),
        (0.673814, 0.061818, 0.519417),
        (0.684803, 0.077273, 0.520756),
        (0.694349, 0.092727, 0.522392),
        (0.702451, 0.108182, 0.524326),
        (0.709226, 0.123636, 0.526558),
        (0.714900, 0.139091, 0.529087),
        (0.719785, 0.154545, 0.531913),
        (0.724259, 0.170000, 0.535037),
        (0.653333, 0.000000, 0.517037),
        (0.667950, 0.015455, 0.517186),
        (0.682156, 0.030909, 0.517632),
        (0.695573, 0.046364, 0.518376),
        (0.707889, 0.061818, 0.519417),
        (0.718877, 0.077273, 0.520756),
        (0.728423, 0.092727, 0.522392),
        (0.736525, 0.108182, 0.524326),
        (0.743300, 0.123636, 0.526558),
        (0.748974, 0.139091, 0.529087),
        (0.753859, 0.154545, 0.531913),
        (0.758333, 0.170000, 0.535037),
        (0.687407, 0.000000, 0.517037),
        (0.702024, 0.015455, 0.517186),
        (0.716230, 0.030909, 0.517632),
        (0.729647, 0.046364, 0.518376),
        (0.741963, 0.061818, 0.519417),
        (0.752951, 0.077273, 0.520756),
        (0.762497, 0.092727, 0.522392),
        (0.770599, 0.108182, 0.524326),
        (0.777375, 0.123636, 0.526558),
        (0.783048, 0.139091, 0.529087),
        (0.787933, 0.154545, 0.531913),
        (0.792407, 0.170000, 0.535037),
        (0.721481, 0.000000, 0.517037),
        (0.736098, 0.015455, 0.517186),
        (0.750304, 0.030909, 0.517632),
        (0.763721, 0.046364, 0.518376),
        (0.776037, 0.061818, 0.519417),
        (0.787026, 0.077273, 0.520756),
        (0.796571, 0.092727, 0.522392),
        (0.804673, 0.108182, 0.524326),
        (0.811449, 0.123636, 0.526558),
        (0.817122, 0.139091, 0.529087),
        (0.822007, 0.154545, 0.531913),
        (0.826481, 0.170000, 0.535037),
        (0.755556, 0.000000, 0.517037),
        (0.770172, 0.015455, 0.517186),
        (0.784378, 0.030909, 0.517632),
        (0.797795, 0.046364, 0.518376),
        (0.810111, 0.061818, 0.519417),
        (0.821100, 0.077273, 0.520756),
        (0.830645, 0.092727, 0.522392),
        (0.838747, 0.108182, 0.524326),
        (0.845523, 0.123636, 0.526558),
        (0.851196, 0.139091, 0.529087),
        (0.856081, 0.154545, 0.531913),
        (0.860556, 0.170000, 0.535037),
        (0.789630, 0.000000, 0.517037),
        (0.804246, 0.015455, 0.517186),
        (0.818452, 0.030909, 0.517632),
        (0.831869, 0.046364, 0.518376),
        (0.844185, 0.061818, 0.519417),
        (0.855174, 0.077273, 0.520756),
        (0.864719, 0.092727, 0.522392),
        (0.872821, 0.108182, 0.524326),
        (0.879597, 0.123636, 0.526558),
        (0.885270, 0.139091, 0.529087),
        (0.890155, 0.154545, 0.531913),
        (0.894630, 0.170000, 0.535037),
        (0.823704, 0.000000, 0.517037),
        (0.838320, 0.015455, 0.517186),
        (0.852526, 0.030909, 0.517632),
        (0.865944, 0.046364, 0.518376),
        (0.878259, 0.061818, 0.519417),
        (0.889248, 0.077273, 0.520756),
        (0.898793, 0.092727, 0.522392),
        (0.906895, 0.108182, 0.524326),
        (0.913671, 0.123636, 0.526558),
        (0.919344, 0.139091, 0.529087),
        (0.924229, 0.154545, 0.531913),
        (0.928704, 0.170000, 0.535037),
        (0.857778, 0.000000, 0.517037),
        (0.872394, 0.015455, 0.517186),
        (0.886600, 0.030909, 0.517632),
        (0.900018, 0.046364, 0.518376),
        (0.912333, 0.061818, 0.519417),
        (0.923322, 0.077273, 0.520756),
        (0.932867, 0.092727, 0.522392),
        (0.940969, 0.108182, 0.524326),
        (0.947745, 0.123636, 0.526558),
        (0.953418, 0.139091, 0.529087),
        (0.958304, 0.154545, 0.531913),
        (0.962778, 0.170000, 0.535037),
        (0.891852, 0.000000, 0.517037),
        (0.906468, 0.015455, 0.517186),
        (0.920674, 0.030909, 0.517632),
        (0.934092, 0.046364, 0.518376),
        (0.946407, 0.061818, 0.519417),
        (0.957396, 0.077273, 0.520756),
        (0.966941, 0.092727, 0.522392),
        (0.975043, 0.108182, 0.524326),
        (0.981819, 0.123636, 0.526558),
        (0.987492, 0.139091, 0.529087),
        (0.992378, 0.154545, 0.531913),
        (0.996852, 0.170000, 0.535037),
        (0.925926, 0.000000, 0.517037),
        (0.940543, 0.015455, 0.517186),
        (0.954748, 0.030909, 0.517632),
        (0.968166, 0.046364, 0.518376),
        (0.980481, 0.061818, 0.519417),
        (0.991470, 0.077273, 0.520756),
        (1.001015, 0.092727, 0.522392),
        (1.009117, 0.108182, 0.524326),
        (1.015893, 0.123636, 0.526558),
        (1.021567, 0.139091, 0.529087),
        (1.026452, 0.154545, 0.531913),
        (1.030926, 0.170000, 0.535037),
        (0.960000, 0.000000, 0.517037),
        (0.974617, 0.015455, 0.517186),
        (0.988822, 0.030909, 0.517632),
        (1.002240, 0.046364, 0.518376),
        (1.014555, 0.061818, 0.519417),
        (1.025544, 0.077273, 0.520756),
        (1.035090, 0.092727, 0.522392),
        (1.043192, 0.108182, 0.524326),
        (1.049967, 0.123636, 0.526558),
        (1.055641, 0.139091, 0.529087),
        (1.060526, 0.154545, 0.531913),
        (1.065000, 0.170000, 0.535037),
        (0.040000, 0.000000, 0.551111),
        (0.054617, 0.015455, 0.551260),
        (0.068822, 0.030909, 0.551706),
        (0.082240, 0.046364, 0.552450),
        (0.094555, 0.061818, 0.553491),
        (0.105544, 0.077273, 0.554830),
        (0.115090, 0.092727, 0.556466),
        (0.123192, 0.108182, 0.558400),
        (0.129967, 0.123636, 0.560632),
        (0.135641, 0.139091, 0.563161),
        (0.140526, 0.154545, 0.565987),
        (0.145000, 0.170000, 0.569111),
        (0.074074, 0.000000, 0.551111),
        (0.088691, 0.015455, 0.551260),
        (0.102897, 0.030909, 0.551706),
        (0.116314, 0.046364, 0.552450),
        (0.128629, 0.061818, 0.553491),
        (0.139618, 0.077273, 0.554830),
        (0.149164, 0.092727, 0.556466),
        (0.157266, 0.108182, 0.558400),
        (0.164041, 0.123636, 0.560632),
        (0.169715, 0.139091, 0.563161),
        (0.174600, 0.154545, 0.565987),
        (0.179074, 0.170000, 0.569111),
        (0.108148, 0.000000, 0.551111),
        (0.122765, 0.015455, 0.551260),
        (0.136971, 0.030909, 0.551706),
        (0.150388, 0.046364, 0.552450),
        (0.162703, 0.061818, 0.553491),
        (0.173692, 0.077273, 0.554830),
        (0.183238, 0.092727, 0.556466),
        (0.191340, 0.108182, 0.558400),
        (0.198115, 0.123636, 0.560632),
        (0.203789, 0.139091, 0.563161),
        (0.208674, 0.154545, 0.565987),
        (0.213148, 0.170000, 0.569111),
        (0.142222, 0.000000, 0.551111),
        (0.156839, 0.015455, 0.551260),
        (0.171045, 0.030909, 0.551706),
        (0.184462, 0.046364, 0.552450),
        (0.196777, 0.061818, 0.553491),
        (0.207766, 0.077273, 0.554830),
        (0.217312, 0.092727, 0.556466),
        (0.225414, 0.108182, 0.558400),
        (0.232189, 0.123636, 0.560632),
        (0.237863, 0.139091, 0.563161),
        (0.242748, 0.154545, 0.565987),
        (0.247222, 0.170000, 0.569111),
        (0.176296, 0.000000, 0.551111),
        (0.190913, 0.015455, 0.551260),
        (0.205119, 0.030909, 0.551706),
        (0.218536, 0.046364, 0.552450),
        (0.230851, 0.061818, 0.553491),
        (0.241840, 0.077273, 0.554830),
        (0.251386, 0.092727, 0.556466),
        (0.259488, 0.108182, 0.558400),
        (0.266263, 0.123636, 0.560632),
        (0.271937, 0.139091, 0.563161),
        (0.276822, 0.154545, 0.565987),
        (0.281296, 0.170000, 0.569111),
        (0.210370, 0.000000, 0.551111),
        (0.224987, 0.015455, 0.551260),
        (0.239193, 0.030909, 0.551706),
        (0.252610, 0.046364, 0.552450),
        (0.264926, 0.061818, 0.553491),
        (0.275914, 0.077273, 0.554830),
        (0.285460, 0.092727, 0.556466),
        (0.293562, 0.108182, 0.558400),
        (0.300337, 0.123636, 0.560632),
        (0.306011, 0.139091, 0.563161),
        (0.310896, 0.154545, 0.565987),
        (0.315370, 0.170000, 0.569111),
        (0.244444, 0.000000, 0.551111),
        (0.259061, 0.015455, 0.551260),
        (0.273267, 0.030909, 0.551706),
        (0.286684, 0.046364, 0.552450),
        (0.299000, 0.061818, 0.553491),
        (0.309989, 0.077273, 0.554830),
        (0.319534, 0.092727, 0.556466),
        (0.327636, 0.108182, 0.558400),
        (0.334412, 0.123636, 0.560632),
        (0.340085, 0.139091, 0.563161),
        (0.344970, 0.154545, 0.565987),
        (0.349444, 0.170000, 0.569111),
        (0.278519, 0.000000, 0.551111),
        (0.293135, 0.015455, 0.551260),
        (0.307341, 0.030909, 0.551706),
        (0.320758, 0.046364, 0.552450),
        (0.333074, 0.061818, 0.553491),
        (0.344063, 0.077273, 0.554830),
        (0.353608, 0.092727, 0.556466),
        (0.361710, 0.108182, 0.558400),
        (0.368486, 0.123636, 0.560632),
        (0.374159, 0.139091, 0.563161),
        (0.379044, 0.154545, 0.565987),
        (0.383519, 0.170000, 0.569111),
        (0.312593, 0.000000, 0.551111),
        (0.327209, 0.015455, 0.551260),
        (0.341415, 0.030909, 0.551706),
        (0.354832, 0.046364, 0.552450),
        (0.367148, 0.061818, 0.553491),
        (0.378137, 0.077273, 0.554830),
        (0.387682, 0.092727, 0.556466),
        (0.395784, 0.108182, 0.558400),
        (0.402560, 0.123636, 0.560632),
        (0.408233, 0.139091, 0.563161),
        (0.413118, 0.154545, 0.565987),
        (0.417593, 0.170000, 0.569111),
        (0.346667, 0.000000, 0.551111),
        (0.361283, 0.015455, 0.551260),
        (0.375489, 0.030909, 0.551706),
        (0.388907, 0.046364, 0.552450),
        (0.401222, 0.061818, 0.553491),
        (0.412211, 0.077273, 0.554830),
        (0.421756, 0.092727, 0.556466),
        (0.429858, 0.108182, 0.558400),
        (0.436634, 0.123636, 0.560632),
        (0.442307, 0.139091, 0.563161),
        (0.447192, 0.154545, 0.565987),
        (0.451667, 0.170000, 0.569111),
        (0.380741, 0.000000, 0.551111),
        (0.395357, 0.015455, 0.551260),
        (0.409563, 0.030909, 0.551706),
        (0.422981, 0.046364, 0.552450),
        (0.435296, 0.061818, 0.553491),
        (0.446285, 0.077273, 0.554830),
        (0.455830, 0.092727, 0.556466),
        (0.463932, 0.108182, 0.558400),
        (0.470708, 0.123636, 0.560632),
        (0.476381, 0.139091, 0.563161),
        (0.481266, 0.154545, 0.565987),
        (0.485741, 0.170000, 0.569111),
        (0.414815, 0.000000, 0.551111),
        (0.429431, 0.015455, 0.551260),
        (0.443637, 0.030909, 0.551706),
        (0.457055, 0.046364, 0.552450),
        (0.469370, 0.061818, 0.553491),
        (0.480359, 0.077273, 0.554830),
        (0.489904, 0.092727, 0.556466),
        (0.498006, 0.108182, 0.558400),
        (0.504782, 0.123636, 0.560632),
        (0.510455, 0.139091, 0.563161),
        (0.515341, 0.154545, 0.565987),
        (0.519815, 0.170000, 0.569111),
        (0.448889, 0.000000, 0.551111),
        (0.463506, 0.015455, 0.551260),
        (0.477711, 0.030909, 0.551706),
        (0.491129, 0.046364, 0.552450),
        (0.503444, 0.061818, 0.553491),
        (0.514433, 0.077273, 0.554830),
        (0.523978, 0.092727, 0.556466),
        (0.532080, 0.108182, 0.558400),
        (0.538856, 0.123636, 0.560632),
        (0.544530, 0.139091, 0.563161),
        (0.549415, 0.154545, 0.565987),
        (0.553889, 0.170000, 0.569111),
        (0.482963, 0.000000, 0.551111),
        (0.497580, 0.015455, 0.551260),
        (0.511785, 0.030909, 0.551706),
        (0.525203, 0.046364, 0.552450),
        (0.537518, 0.061818, 0.553491),
        (0.548507, 0.077273, 0.554830),
        (0.558052, 0.092727, 0.556466),
        (0.566155, 0.108182, 0.558400),
        (0.572930, 0.123636, 0.560632),
        (0.578604, 0.139091, 0.563161),
        (0.583489, 0.154545, 0.565987),
        (0.587963, 0.170000, 0.569111),
        (0.517037, 0.000000, 0.551111),
        (0.531654, 0.015455, 0.551260),
        (0.545859, 0.030909, 0.551706),
        (0.559277, 0.046364, 0.552450),
        (0.571592, 0.061818, 0.553491),
        (0.582581, 0.077273, 0.554830),
        (0.592127, 0.092727, 0.556466),
        (0.600229, 0.108182, 0.558400),
        (0.607004, 0.123636, 0.560632),
        (0.612678, 0.139091, 0.563161),
        (0.617563, 0.154545, 0.565987),
        (0.622037, 0.170000, 0.569111),
        (0.551111, 0.000000, 0.551111),
        (0.565728, 0.015455, 0.551260),
        (0.579934, 0.030909, 0.551706),
        (0.593351, 0.046364, 0.552450),
        (0.605666, 0.061818, 0.553491),
        (0.616655, 0.077273, 0.554830),
        (0.626201, 0.092727, 0.556466),
        (0.634303, 0.108182, 0.558400),
        (0.641078, 0.123636, 0.560632),
        (0.646752, 0.139091, 0.563161),
        (0.651637, 0.154545, 0.565987),
        (0.656111, 0.170000, 0.569111),
        (0.585185, 0.000000, 0.551111),
        (0.599802, 0.015455, 0.551260),
        (0.614008, 0.030909, 0.551706),
        (0.627425, 0.046364, 0.552450),
        (0.639740, 0.061818, 0.553491),
        (0.650729, 0.077273, 0.554830),
        (0.660275, 0.092727, 0.556466),
        (0.668377, 0.108182, 0.558400),
        (0.675152, 0.123636, 0.560632),
        (0.680826, 0.139091, 0.563161),
        (0.685711, 0.154545, 0.565987),
        (0.690185, 0.170000, 0.569111),
        (0.619259, 0.000000, 0.551111),
        (0.633876, 0.015455, 0.551260),
        (0.648082, 0.030909, 0.551706),
        (0.661499, 0.046364, 0.552450),
        (0.673814, 0.061818, 0.553491),
        (0.684803, 0.077273, 0.554830),
        (0.694349, 0.092727, 0.556466),
        (0.702451, 0.108182, 0.558400),
        (0.709226, 0.123636, 0.560632),
        (0.714900, 0.139091, 0.563161),
        (0.719785, 0.154545, 0.565987),
        (0.724259, 0.170000, 0.569111),
        (0.653333, 0.000000, 0.551111),
        (0.667950, 0.015455, 0.551260),
        (0.682156, 0.030909, 0.551706),
        (0.695573, 0.046364, 0.552450),
        (0.707889, 0.061818, 0.553491),
        (0.718877, 0.077273, 0.554830),
        (0.728423, 0.092727, 0.556466),
        (0.736525, 0.108182, 0.558400),
        (0.743300, 0.123636, 0.560632),
        (0.748974, 0.139091, 0.563161),
        (0.753859, 0.154545, 0.565987),
        (0.758333, 0.170000, 0.569111),
        (0.687407, 0.000000, 0.551111),
        (0.702024, 0.015455, 0.551260),
        (0.716230, 0.030909, 0.551706),
        (0.729647, 0.046364, 0.552450),
        (0.741963, 0.061818, 0.553491),
        (0.752951, 0.077273, 0.554830),
        (0.762497, 0.092727, 0.556466),
        (0.770599, 0.108182, 0.558400),
        (0.777375, 0.123636, 0.560632),
        (0.783048, 0.139091, 0.563161),
        (0.787933, 0.154545, 0.565987),
        (0.792407, 0.170000, 0.569111),
        (0.721481, 0.000000, 0.551111),
        (0.736098, 0.015455, 0.551260),
        (0.750304, 0.030909, 0.551706),
        (0.763721, 0.046364, 0.552450),
        (0.776037, 0.061818, 0.553491),
        (0.787026, 0.077273, 0.554830),
        (0.796571, 0.092727, 0.556466),
        (0.804673, 0.108182, 0.558400),
        (0.811449, 0.123636, 0.560632),
        (0.817122, 0.139091, 0.563161),
        (0.822007, 0.154545, 0.565987),
        (0.826481, 0.170000, 0.569111),
        (0.755556, 0.000000, 0.551111),
        (0.770172, 0.015455, 0.551260),
        (0.784378, 0.030909, 0.551706),
        (0.797795, 0.046364, 0.552450),
        (0.810111, 0.061818, 0.553491),
        (0.821100, 0.077273, 0.554830),
        (0.830645, 0.092727, 0.556466),
        (0.838747, 0.108182, 0.558400),
        (0.845523, 0.123636, 0.560632),
        (0.851196, 0.139091, 0.563161),
        (0.856081, 0.154545, 0.565987),
        (0.860556, 0.170000, 0.569111),
        (0.789630, 0.000000, 0.551111),
        (0.804246, 0.015455, 0.551260),
        (0.818452, 0.030909, 0.551706),
        (0.831869, 0.046364, 0.552450),
        (0.844185, 0.061818, 0.553491),
        (0.855174, 0.077273, 0.554830),
        (0.864719, 0.092727, 0.556466),
        (0.872821, 0.108182, 0.558400),
        (0.879597, 0.123636, 0.560632),
        (0.885270, 0.139091, 0.563161),
        (0.890155, 0.154545, 0.565987),
        (0.894630, 0.170000, 0.569111),
        (0.823704, 0.000000, 0.551111),
        (0.838320, 0.015455, 0.551260),
        (0.852526, 0.030909, 0.551706),
        (0.865944, 0.046364, 0.552450),
        (0.878259, 0.061818, 0.553491),
        (0.889248, 0.077273, 0.554830),
        (0.898793, 0.092727, 0.556466),
        (0.906895, 0.108182, 0.558400),
        (0.913671, 0.123636, 0.560632),
        (0.919344, 0.139091, 0.563161),
        (0.924229, 0.154545, 0.565987),
        (0.928704, 0.170000, 0.569111),
        (0.857778, 0.000000, 0.551111),
        (0.872394, 0.015455, 0.551260),
        (0.886600, 0.030909, 0.551706),
        (0.900018, 0.046364, 0.552450),
        (0.912333, 0.061818, 0.553491),
        (0.923322, 0.077273, 0.554830),
        (0.932867, 0.092727, 0.556466),
        (0.940969, 0.108182, 0.558400),
        (0.947745, 0.123636, 0.560632),
        (0.953418, 0.139091, 0.563161),
        (0.958304, 0.154545, 0.565987),
        (0.962778, 0.170000, 0.569111),
        (0.891852, 0.000000, 0.551111),
        (0.906468, 0.015455, 0.551260),
        (0.920674, 0.030909, 0.551706),
        (0.934092, 0.046364, 0.552450),
        (0.946407, 0.061818, 0.553491),
        (0.957396, 0.077273, 0.554830),
        (0.966941, 0.092727, 0.556466),
        (0.975043, 0.108182, 0.558400),
        (0.981819, 0.123636, 0.560632),
        (0.987492, 0.139091, 0.563161),
        (0.992378, 0.154545, 0.565987),
        (0.996852, 0.170000, 0.569111),
        (0.925926, 0.000000, 0.551111),
        (0.940543, 0.015455, 0.551260),
        (0.954748, 0.030909, 0.551706),
        (0.968166, 0.046364, 0.552450),
        (0.980481, 0.061818, 0.553491),
        (0.991470, 0.077273, 0.554830),
        (1.001015, 0.092727, 0.556466),
        (1.009117, 0.108182, 0.558400),
        (1.015893, 0.123636, 0.560632),
        (1.021567, 0.139091, 0.563161),
        (1.026452, 0.154545, 0.565987),
        (1.030926, 0.170000, 0.569111),
        (0.960000, 0.000000, 0.551111),
        (0.974617, 0.015455, 0.551260),
        (0.988822, 0.030909, 0.551706),
        (1.002240, 0.046364, 0.552450),
        (1.014555, 0.061818, 0.553491),
        (1.025544, 0.077273, 0.554830),
        (1.035090, 0.092727, 0.556466),
        (1.043192, 0.108182, 0.558400),
        (1.049967, 0.123636, 0.560632),
        (1.055641, 0.139091, 0.563161),
        (1.060526, 0.154545, 0.565987),
        (1.065000, 0.170000, 0.569111),
        (0.040000, 0.000000, 0.585185),
        (0.054617, 0.015455, 0.585334),
        (0.068822, 0.030909, 0.585780),
        (0.082240, 0.046364, 0.586524),
        (0.094555, 0.061818, 0.587565),
        (0.105544, 0.077273, 0.588904),
        (0.115090, 0.092727, 0.590541),
        (0.123192, 0.108182, 0.592474),
        (0.129967, 0.123636, 0.594706),
        (0.135641, 0.139091, 0.597235),
        (0.140526, 0.154545, 0.600061),
        (0.145000, 0.170000, 0.603185),
        (0.074074, 0.000000, 0.585185),
        (0.088691, 0.015455, 0.585334),
        (0.102897, 0.030909, 0.585780),
        (0.116314, 0.046364, 0.586524),
        (0.128629, 0.061818, 0.587565),
        (0.139618, 0.077273, 0.588904),
        (0.149164, 0.092727, 0.590541),
        (0.157266, 0.108182, 0.592474),
        (0.164041, 0.123636, 0.594706),
        (0.169715, 0.139091, 0.597235),
        (0.174600, 0.154545, 0.600061),
        (0.179074, 0.170000, 0.603185),
        (0.108148, 0.000000, 0.585185),
        (0.122765, 0.015455, 0.585334),
        (0.136971, 0.030909, 0.585780),
        (0.150388, 0.046364, 0.586524),
        (0.162703, 0.061818, 0.587565),
        (0.173692, 0.077273, 0.588904),
        (0.183238, 0.092727, 0.590541),
        (0.191340, 0.108182, 0.592474),
        (0.198115, 0.123636, 0.594706),
        (0.203789, 0.139091, 0.597235),
        (0.208674, 0.154545, 0.600061),
        (0.213148, 0.170000, 0.603185),
        (0.142222, 0.000000, 0.585185),
        (0.156839, 0.015455, 0.585334),
        (0.171045, 0.030909, 0.585780),
        (0.184462, 0.046364, 0.586524),
        (0.196777, 0.061818, 0.587565),
        (0.207766, 0.077273, 0.588904),
        (0.217312, 0.092727, 0.590541),
        (0.225414, 0.108182, 0.592474),
        (0.232189, 0.123636, 0.594706),
        (0.237863, 0.139091, 0.597235),
        (0.242748, 0.154545, 0.600061),
        (0.247222, 0.170000, 0.603185),
        (0.176296, 0.000000, 0.585185),
        (0.190913, 0.015455, 0.585334),
        (0.205119, 0.030909, 0.585780),
        (0.218536, 0.046364, 0.586524),
        (0.230851, 0.061818, 0.587565),
        (0.241840, 0.077273, 0.588904),
        (0.251386, 0.092727, 0.590541),
        (0.259488, 0.108182, 0.592474),
        (0.266263, 0.123636, 0.594706),
        (0.271937, 0.139091, 0.597235),
        (0.276822, 0.154545, 0.600061),
        (0.281296, 0.170000, 0.603185),
        (0.210370, 0.000000, 0.585185),
        (0.224987, 0.015455, 0.585334),
        (0.239193, 0.030909, 0.585780),
        (0.252610, 0.046364, 0.586524),
        (0.264926, 0.061818, 0.587565),
        (0.275914, 0.077273, 0.588904),
        (0.285460, 0.092727, 0.590541),
        (0.293562, 0.108182, 0.592474),
        (0.300337, 0.123636, 0.594706),
        (0.306011, 0.139091, 0.597235),
        (0.310896, 0.154545, 0.600061),
        (0.315370, 0.170000, 0.603185),
        (0.244444, 0.000000, 0.585185),
        (0.259061, 0.015455, 0.585334),
        (0.273267, 0.030909, 0.585780),
        (0.286684, 0.046364, 0.586524),
        (0.299000, 0.061818, 0.587565),
        (0.309989, 0.077273, 0.588904),
        (0.319534, 0.092727, 0.590541),
        (0.327636, 0.108182, 0.592474),
        (0.334412, 0.123636, 0.594706),
        (0.340085, 0.139091, 0.597235),
        (0.344970, 0.154545, 0.600061),
        (0.349444, 0.170000, 0.603185),
        (0.278519, 0.000000, 0.585185),
        (0.293135, 0.015455, 0.585334),
        (0.307341, 0.030909, 0.585780),
        (0.320758, 0.046364, 0.586524),
        (0.333074, 0.061818, 0.587565),
        (0.344063, 0.077273, 0.588904),
        (0.353608, 0.092727, 0.590541),
        (0.361710, 0.108182, 0.592474),
        (0.368486, 0.123636, 0.594706),
        (0.374159, 0.139091, 0.597235),
        (0.379044, 0.154545, 0.600061),
        (0.383519, 0.170000, 0.603185),
        (0.312593, 0.000000, 0.585185),
        (0.327209, 0.015455, 0.585334),
        (0.341415, 0.030909, 0.585780),
        (0.354832, 0.046364, 0.586524),
        (0.367148, 0.061818, 0.587565),
        (0.378137, 0.077273, 0.588904),
        (0.387682, 0.092727, 0.590541),
        (0.395784, 0.108182, 0.592474),
        (0.402560, 0.123636, 0.594706),
        (0.408233, 0.139091, 0.597235),
        (0.413118, 0.154545, 0.600061),
        (0.417593, 0.170000, 0.603185),
        (0.346667, 0.000000, 0.585185),
        (0.361283, 0.015455, 0.585334),
        (0.375489, 0.030909, 0.585780),
        (0.388907, 0.046364, 0.586524),
        (0.401222, 0.061818, 0.587565),
        (0.412211, 0.077273, 0.588904),
        (0.421756, 0.092727, 0.590541),
        (0.429858, 0.108182, 0.592474),
        (0.436634, 0.123636, 0.594706),
        (0.442307, 0.139091, 0.597235),
        (0.447192, 0.154545, 0.600061),
        (0.451667, 0.170000, 0.603185),
        (0.380741, 0.000000, 0.585185),
        (0.395357, 0.015455, 0.585334),
        (0.409563, 0.030909, 0.585780),
        (0.422981, 0.046364, 0.586524),
        (0.435296, 0.061818, 0.587565),
        (0.446285, 0.077273, 0.588904),
        (0.455830, 0.092727, 0.590541),
        (0.463932, 0.108182, 0.592474),
        (0.470708, 0.123636, 0.594706),
        (0.476381, 0.139091, 0.597235),
        (0.481266, 0.154545, 0.600061),
        (0.485741, 0.170000, 0.603185),
        (0.414815, 0.000000, 0.585185),
        (0.429431, 0.015455, 0.585334),
        (0.443637, 0.030909, 0.585780),
        (0.457055, 0.046364, 0.586524),
        (0.469370, 0.061818, 0.587565),
        (0.480359, 0.077273, 0.588904),
        (0.489904, 0.092727, 0.590541),
        (0.498006, 0.108182, 0.592474),
        (0.504782, 0.123636, 0.594706),
        (0.510455, 0.139091, 0.597235),
        (0.515341, 0.154545, 0.600061),
        (0.519815, 0.170000, 0.603185),
        (0.448889, 0.000000, 0.585185),
        (0.463506, 0.015455, 0.585334),
        (0.477711, 0.030909, 0.585780),
        (0.491129, 0.046364, 0.586524),
        (0.503444, 0.061818, 0.587565),
        (0.514433, 0.077273, 0.588904),
        (0.523978, 0.092727, 0.590541),
        (0.532080, 0.108182, 0.592474),
        (0.538856, 0.123636, 0.594706),
        (0.544530, 0.139091, 0.597235),
        (0.549415, 0.154545, 0.600061),
        (0.553889, 0.170000, 0.603185),
        (0.482963, 0.000000, 0.585185),
        (0.497580, 0.015455, 0.585334),
        (0.511785, 0.030909, 0.585780),
        (0.525203, 0.046364, 0.586524),
        (0.537518, 0.061818, 0.587565),
        (0.548507, 0.077273, 0.588904),
        (0.558052, 0.092727, 0.590541),
        (0.566155, 0.108182, 0.592474),
        (0.572930, 0.123636, 0.594706),
        (0.578604, 0.139091, 0.597235),
        (0.583489, 0.154545, 0.600061),
        (0.587963, 0.170000, 0.603185),
        (0.517037, 0.000000, 0.585185),
        (0.531654, 0.015455, 0.585334),
        (0.545859, 0.030909, 0.585780),
        (0.559277, 0.046364, 0.586524),
        (0.571592, 0.061818, 0.587565),
        (0.582581, 0.077273, 0.588904),
        (0.592127, 0.092727, 0.590541),
        (0.600229, 0.108182, 0.592474),
        (0.607004, 0.123636, 0.594706),
        (0.612678, 0.139091, 0.597235),
        (0.617563, 0.154545, 0.600061),
        (0.622037, 0.170000, 0.603185),
        (0.551111, 0.000000, 0.585185),
        (0.565728, 0.015455, 0.585334),
        (0.579934, 0.030909, 0.585780),
        (0.593351, 0.046364, 0.586524),
        (0.605666, 0.061818, 0.587565),
        (0.616655, 0.077273, 0.588904),
        (0.626201, 0.092727, 0.590541),
        (0.634303, 0.108182, 0.592474),
        (0.641078, 0.123636, 0.594706),
        (0.646752, 0.139091, 0.597235),
        (0.651637, 0.154545, 0.600061),
        (0.656111, 0.170000, 0.603185),
        (0.585185, 0.000000, 0.585185),
        (0.599802, 0.015455, 0.585334),
        (0.614008, 0.030909, 0.585780),
        (0.627425, 0.046364, 0.586524),
        (0.639740, 0.061818, 0.587565),
        (0.650729, 0.077273, 0.588904),
        (0.660275, 0.092727, 0.590541),
        (0.668377, 0.108182, 0.592474),
        (0.675152, 0.123636, 0.594706),
        (0.680826, 0.139091, 0.597235),
        (0.685711, 0.154545, 0.600061),
        (0.690185, 0.170000, 0.603185),
        (0.619259, 0.000000, 0.585185),
        (0.633876, 0.015455, 0.585334),
        (0.648082, 0.030909, 0.585780),
        (0.661499, 0.046364, 0.586524),
        (0.673814, 0.061818, 0.587565),
        (0.684803, 0.077273, 0.588904),
        (0.694349, 0.092727, 0.590541),
        (0.702451, 0.108182, 0.592474),
        (0.709226, 0.123636, 0.594706),
        (0.714900, 0.139091, 0.597235),
        (0.719785, 0.154545, 0.600061),
        (0.724259, 0.170000, 0.603185),
        (0.653333, 0.000000, 0.585185),
        (0.667950, 0.015455, 0.585334),
        (0.682156, 0.030909, 0.585780),
        (0.695573, 0.046364, 0.586524),
        (0.707889, 0.061818, 0.587565),
        (0.718877, 0.077273, 0.588904),
        (0.728423, 0.092727, 0.590541),
        (0.736525, 0.108182, 0.592474),
        (0.743300, 0.123636, 0.594706),
        (0.748974, 0.139091, 0.597235),
        (0.753859, 0.154545, 0.600061),
        (0.758333, 0.170000, 0.603185),
        (0.687407, 0.000000, 0.585185),
        (0.702024, 0.015455, 0.585334),
        (0.716230, 0.030909, 0.585780),
        (0.729647, 0.046364, 0.586524),
        (0.741963, 0.061818, 0.587565),
        (0.752951, 0.077273, 0.588904),
        (0.762497, 0.092727, 0.590541),
        (0.770599, 0.108182, 0.592474),
        (0.777375, 0.123636, 0.594706),
        (0.783048, 0.139091, 0.597235),
        (0.787933, 0.154545, 0.600061),
        (0.792407, 0.170000, 0.603185),
        (0.721481, 0.000000, 0.585185),
        (0.736098, 0.015455, 0.585334),
        (0.750304, 0.030909, 0.585780),
        (0.763721, 0.046364, 0.586524),
        (0.776037, 0.061818, 0.587565),
        (0.787026, 0.077273, 0.588904),
        (0.796571, 0.092727, 0.590541),
        (0.804673, 0.108182, 0.592474),
        (0.811449, 0.123636, 0.594706),
        (0.817122, 0.139091, 0.597235),
        (0.822007, 0.154545, 0.600061),
        (0.826481, 0.170000, 0.603185),
        (0.755556, 0.000000, 0.585185),
        (0.770172, 0.015455, 0.585334),
        (0.784378, 0.030909, 0.585780),
        (0.797795, 0.046364, 0.586524),
        (0.810111, 0.061818, 0.587565),
        (0.821100, 0.077273, 0.588904),
        (0.830645, 0.092727, 0.590541),
        (0.838747, 0.108182, 0.592474),
        (0.845523, 0.123636, 0.594706),
        (0.851196, 0.139091, 0.597235),
        (0.856081, 0.154545, 0.600061),
        (0.860556, 0.170000, 0.603185),
        (0.789630, 0.000000, 0.585185),
        (0.804246, 0.015455, 0.585334),
        (0.818452, 0.030909, 0.585780),
        (0.831869, 0.046364, 0.586524),
        (0.844185, 0.061818, 0.587565),
        (0.855174, 0.077273, 0.588904),
        (0.864719, 0.092727, 0.590541),
        (0.872821, 0.108182, 0.592474),
        (0.879597, 0.123636, 0.594706),
        (0.885270, 0.139091, 0.597235),
        (0.890155, 0.154545, 0.600061),
        (0.894630, 0.170000, 0.603185),
        (0.823704, 0.000000, 0.585185),
        (0.838320, 0.015455, 0.585334),
        (0.852526, 0.030909, 0.585780),
        (0.865944, 0.046364, 0.586524),
        (0.878259, 0.061818, 0.587565),
        (0.889248, 0.077273, 0.588904),
        (0.898793, 0.092727, 0.590541),
        (0.906895, 0.108182, 0.592474),
        (0.913671, 0.123636, 0.594706),
        (0.919344, 0.139091, 0.597235),
        (0.924229, 0.154545, 0.600061),
        (0.928704, 0.170000, 0.603185),
        (0.857778, 0.000000, 0.585185),
        (0.872394, 0.015455, 0.585334),
        (0.886600, 0.030909, 0.585780),
        (0.900018, 0.046364, 0.586524),
        (0.912333, 0.061818, 0.587565),
        (0.923322, 0.077273, 0.588904),
        (0.932867, 0.092727, 0.590541),
        (0.940969, 0.108182, 0.592474),
        (0.947745, 0.123636, 0.594706),
        (0.953418, 0.139091, 0.597235),
        (0.958304, 0.154545, 0.600061),
        (0.962778, 0.170000, 0.603185),
        (0.891852, 0.000000, 0.585185),
        (0.906468, 0.015455, 0.585334),
        (0.920674, 0.030909, 0.585780),
        (0.934092, 0.046364, 0.586524),
        (0.946407, 0.061818, 0.587565),
        (0.957396, 0.077273, 0.588904),
        (0.966941, 0.092727, 0.590541),
        (0.975043, 0.108182, 0.592474),
        (0.981819, 0.123636, 0.594706),
        (0.987492, 0.139091, 0.597235),
        (0.992378, 0.154545, 0.600061),
        (0.996852, 0.170000, 0.603185),
        (0.925926, 0.000000, 0.585185),
        (0.940543, 0.015455, 0.585334),
        (0.954748, 0.030909, 0.585780),
        (0.968166, 0.046364, 0.586524),
        (0.980481, 0.061818, 0.587565),
        (0.991470, 0.077273, 0.588904),
        (1.001015, 0.092727, 0.590541),
        (1.009117, 0.108182, 0.592474),
        (1.015893, 0.123636, 0.594706),
        (1.021567, 0.139091, 0.597235),
        (1.026452, 0.154545, 0.600061),
        (1.030926, 0.170000, 0.603185),
        (0.960000, 0.000000, 0.585185),
        (0.974617, 0.015455, 0.585334),
        (0.988822, 0.030909, 0.585780),
        (1.002240, 0.046364, 0.586524),
        (1.014555, 0.061818, 0.587565),
        (1.025544, 0.077273, 0.588904),
        (1.035090, 0.092727, 0.590541),
        (1.043192, 0.108182, 0.592474),
        (1.049967, 0.123636, 0.594706),
        (1.055641, 0.139091, 0.597235),
        (1.060526, 0.154545, 0.600061),
        (1.065000, 0.170000, 0.603185),
        (0.040000, 0.000000, 0.619259),
        (0.054617, 0.015455, 0.619408),
        (0.068822, 0.030909, 0.619854),
        (0.082240, 0.046364, 0.620598),
        (0.094555, 0.061818, 0.621639),
        (0.105544, 0.077273, 0.622978),
        (0.115090, 0.092727, 0.624615),
        (0.123192, 0.108182, 0.626549),
        (0.129967, 0.123636, 0.628780),
        (0.135641, 0.139091, 0.631309),
        (0.140526, 0.154545, 0.634135),
        (0.145000, 0.170000, 0.637259),
        (0.074074, 0.000000, 0.619259),
        (0.088691, 0.015455, 0.619408),
        (0.102897, 0.030909, 0.619854),
        (0.116314, 0.046364, 0.620598),
        (0.128629, 0.061818, 0.621639),
        (0.139618, 0.077273, 0.622978),
        (0.149164, 0.092727, 0.624615),
        (0.157266, 0.108182, 0.626549),
        (0.164041, 0.123636, 0.628780),
        (0.169715, 0.139091, 0.631309),
        (0.174600, 0.154545, 0.634135),
        (0.179074, 0.170000, 0.637259),
        (0.108148, 0.000000, 0.619259),
        (0.122765, 0.015455, 0.619408),
        (0.136971, 0.030909, 0.619854),
        (0.150388, 0.046364, 0.620598),
        (0.162703, 0.061818, 0.621639),
        (0.173692, 0.077273, 0.622978),
        (0.183238, 0.092727, 0.624615),
        (0.191340, 0.108182, 0.626549),
        (0.198115, 0.123636, 0.628780),
        (0.203789, 0.139091, 0.631309),
        (0.208674, 0.154545, 0.634135),
        (0.213148, 0.170000, 0.637259),
        (0.142222, 0.000000, 0.619259),
        (0.156839, 0.015455, 0.619408),
        (0.171045, 0.030909, 0.619854),
        (0.184462, 0.046364, 0.620598),
        (0.196777, 0.061818, 0.621639),
        (0.207766, 0.077273, 0.622978),
        (0.217312, 0.092727, 0.624615),
        (0.225414, 0.108182, 0.626549),
        (0.232189, 0.123636, 0.628780),
        (0.237863, 0.139091, 0.631309),
        (0.242748, 0.154545, 0.634135),
        (0.247222, 0.170000, 0.637259),
        (0.176296, 0.000000, 0.619259),
        (0.190913, 0.015455, 0.619408),
        (0.205119, 0.030909, 0.619854),
        (0.218536, 0.046364, 0.620598),
        (0.230851, 0.061818, 0.621639),
        (0.241840, 0.077273, 0.622978),
        (0.251386, 0.092727, 0.624615),
        (0.259488, 0.108182, 0.626549),
        (0.266263, 0.123636, 0.628780),
        (0.271937, 0.139091, 0.631309),
        (0.276822, 0.154545, 0.634135),
        (0.281296, 0.170000, 0.637259),
        (0.210370, 0.000000, 0.619259),
        (0.224987, 0.015455, 0.619408),
        (0.239193, 0.030909, 0.619854),
        (0.252610, 0.046364, 0.620598),
        (0.264926, 0.061818, 0.621639),
        (0.275914, 0.077273, 0.622978),
        (0.285460, 0.092727, 0.624615),
        (0.293562, 0.108182, 0.626549),
        (0.300337, 0.123636, 0.628780),
        (0.306011, 0.139091, 0.631309),
        (0.310896, 0.154545, 0.634135),
        (0.315370, 0.170000, 0.637259),
        (0.244444, 0.000000, 0.619259),
        (0.259061, 0.015455, 0.619408),
        (0.273267, 0.030909, 0.619854),
        (0.286684, 0.046364, 0.620598),
        (0.299000, 0.061818, 0.621639),
        (0.309989, 0.077273, 0.622978),
        (0.319534, 0.092727, 0.624615),
        (0.327636, 0.108182, 0.626549),
        (0.334412, 0.123636, 0.628780),
        (0.340085, 0.139091, 0.631309),
        (0.344970, 0.154545, 0.634135),
        (0.349444, 0.170000, 0.637259),
        (0.278519, 0.000000, 0.619259),
        (0.293135, 0.015455, 0.619408),
        (0.307341, 0.030909, 0.619854),
        (0.320758, 0.046364, 0.620598),
        (0.333074, 0.061818, 0.621639),
        (0.344063, 0.077273, 0.622978),
        (0.353608, 0.092727, 0.624615),
        (0.361710, 0.108182, 0.626549),
        (0.368486, 0.123636, 0.628780),
        (0.374159, 0.139091, 0.631309),
        (0.379044, 0.154545, 0.634135),
        (0.383519, 0.170000, 0.637259),
        (0.312593, 0.000000, 0.619259),
        (0.327209, 0.015455, 0.619408),
        (0.341415, 0.030909, 0.619854),
        (0.354832, 0.046364, 0.620598),
        (0.367148, 0.061818, 0.621639),
        (0.378137, 0.077273, 0.622978),
        (0.387682, 0.092727, 0.624615),
        (0.395784, 0.108182, 0.626549),
        (0.402560, 0.123636, 0.628780),
        (0.408233, 0.139091, 0.631309),
        (0.413118, 0.154545, 0.634135),
        (0.417593, 0.170000, 0.637259),
        (0.346667, 0.000000, 0.619259),
        (0.361283, 0.015455, 0.619408),
        (0.375489, 0.030909, 0.619854),
        (0.388907, 0.046364, 0.620598),
        (0.401222, 0.061818, 0.621639),
        (0.412211, 0.077273, 0.622978),
        (0.421756, 0.092727, 0.624615),
        (0.429858, 0.108182, 0.626549),
        (0.436634, 0.123636, 0.628780),
        (0.442307, 0.139091, 0.631309),
        (0.447192, 0.154545, 0.634135),
        (0.451667, 0.170000, 0.637259),
        (0.380741, 0.000000, 0.619259),
        (0.395357, 0.015455, 0.619408),
        (0.409563, 0.030909, 0.619854),
        (0.422981, 0.046364, 0.620598),
        (0.435296, 0.061818, 0.621639),
        (0.446285, 0.077273, 0.622978),
        (0.455830, 0.092727, 0.624615),
        (0.463932, 0.108182, 0.626549),
        (0.470708, 0.123636, 0.628780),
        (0.476381, 0.139091, 0.631309),
        (0.481266, 0.154545, 0.634135),
        (0.485741, 0.170000, 0.637259),
        (0.414815, 0.000000, 0.619259),
        (0.429431, 0.015455, 0.619408),
        (0.443637, 0.030909, 0.619854),
        (0.457055, 0.046364, 0.620598),
        (0.469370, 0.061818, 0.621639),
        (0.480359, 0.077273, 0.622978),
        (0.489904, 0.092727, 0.624615),
        (0.498006, 0.108182, 0.626549),
        (0.504782, 0.123636, 0.628780),
        (0.510455, 0.139091, 0.631309),
        (0.515341, 0.154545, 0.634135),
        (0.519815, 0.170000, 0.637259),
        (0.448889, 0.000000, 0.619259),
        (0.463506, 0.015455, 0.619408),
        (0.477711, 0.030909, 0.619854),
        (0.491129, 0.046364, 0.620598),
        (0.503444, 0.061818, 0.621639),
        (0.514433, 0.077273, 0.622978),
        (0.523978, 0.092727, 0.624615),
        (0.532080, 0.108182, 0.626549),
        (0.538856, 0.123636, 0.628780),
        (0.544530, 0.139091, 0.631309),
        (0.549415, 0.154545, 0.634135),
        (0.553889, 0.170000, 0.637259),
        (0.482963, 0.000000, 0.619259),
        (0.497580, 0.015455, 0.619408),
        (0.511785, 0.030909, 0.619854),
        (0.525203, 0.046364, 0.620598),
        (0.537518, 0.061818, 0.621639),
        (0.548507, 0.077273, 0.622978),
        (0.558052, 0.092727, 0.624615),
        (0.566155, 0.108182, 0.626549),
        (0.572930, 0.123636, 0.628780),
        (0.578604, 0.139091, 0.631309),
        (0.583489, 0.154545, 0.634135),
        (0.587963, 0.170000, 0.637259),
        (0.517037, 0.000000, 0.619259),
        (0.531654, 0.015455, 0.619408),
        (0.545859, 0.030909, 0.619854),
        (0.559277, 0.046364, 0.620598),
        (0.571592, 0.061818, 0.621639),
        (0.582581, 0.077273, 0.622978),
        (0.592127, 0.092727, 0.624615),
        (0.600229, 0.108182, 0.626549),
        (0.607004, 0.123636, 0.628780),
        (0.612678, 0.139091, 0.631309),
        (0.617563, 0.154545, 0.634135),
        (0.622037, 0.170000, 0.637259),
        (0.551111, 0.000000, 0.619259),
        (0.565728, 0.015455, 0.619408),
        (0.579934, 0.030909, 0.619854),
        (0.593351, 0.046364, 0.620598),
        (0.605666, 0.061818, 0.621639),
        (0.616655, 0.077273, 0.622978),
        (0.626201, 0.092727, 0.624615),
        (0.634303, 0.108182, 0.626549),
        (0.641078, 0.123636, 0.628780),
        (0.646752, 0.139091, 0.631309),
        (0.651637, 0.154545, 0.634135),
        (0.656111, 0.170000, 0.637259),
        (0.585185, 0.000000, 0.619259),
        (0.599802, 0.015455, 0.619408),
        (0.614008, 0.030909, 0.619854),
        (0.627425, 0.046364, 0.620598),
        (0.639740, 0.061818, 0.621639),
        (0.650729, 0.077273, 0.622978),
        (0.660275, 0.092727, 0.624615),
        (0.668377, 0.108182, 0.626549),
        (0.675152, 0.123636, 0.628780),
        (0.680826, 0.139091, 0.631309),
        (0.685711, 0.154545, 0.634135),
        (0.690185, 0.170000, 0.637259),
        (0.619259, 0.000000, 0.619259),
        (0.633876, 0.015455, 0.619408),
        (0.648082, 0.030909, 0.619854),
        (0.661499, 0.046364, 0.620598),
        (0.673814, 0.061818, 0.621639),
        (0.684803, 0.077273, 0.622978),
        (0.694349, 0.092727, 0.624615),
        (0.702451, 0.108182, 0.626549),
        (0.709226, 0.123636, 0.628780),
        (0.714900, 0.139091, 0.631309),
        (0.719785, 0.154545, 0.634135),
        (0.724259, 0.170000, 0.637259),
        (0.653333, 0.000000, 0.619259),
        (0.667950, 0.015455, 0.619408),
        (0.682156, 0.030909, 0.619854),
        (0.695573, 0.046364, 0.620598),
        (0.707889, 0.061818, 0.621639),
        (0.718877, 0.077273, 0.622978),
        (0.728423, 0.092727, 0.624615),
        (0.736525, 0.108182, 0.626549),
        (0.743300, 0.123636, 0.628780),
        (0.748974, 0.139091, 0.631309),
        (0.753859, 0.154545, 0.634135),
        (0.758333, 0.170000, 0.637259),
        (0.687407, 0.000000, 0.619259),
        (0.702024, 0.015455, 0.619408),
        (0.716230, 0.030909, 0.619854),
        (0.729647, 0.046364, 0.620598),
        (0.741963, 0.061818, 0.621639),
        (0.752951, 0.077273, 0.622978),
        (0.762497, 0.092727, 0.624615),
        (0.770599, 0.108182, 0.626549),
        (0.777375, 0.123636, 0.628780),
        (0.783048, 0.139091, 0.631309),
        (0.787933, 0.154545, 0.634135),
        (0.792407, 0.170000, 0.637259),
        (0.721481, 0.000000, 0.619259),
        (0.736098, 0.015455, 0.619408),
        (0.750304, 0.030909, 0.619854),
        (0.763721, 0.046364, 0.620598),
        (0.776037, 0.061818, 0.621639),
        (0.787026, 0.077273, 0.622978),
        (0.796571, 0.092727, 0.624615),
        (0.804673, 0.108182, 0.626549),
        (0.811449, 0.123636, 0.628780),
        (0.817122, 0.139091, 0.631309),
        (0.822007, 0.154545, 0.634135),
        (0.826481, 0.170000, 0.637259),
        (0.755556, 0.000000, 0.619259),
        (0.770172, 0.015455, 0.619408),
        (0.784378, 0.030909, 0.619854),
        (0.797795, 0.046364, 0.620598),
        (0.810111, 0.061818, 0.621639),
        (0.821100, 0.077273, 0.622978),
        (0.830645, 0.092727, 0.624615),
        (0.838747, 0.108182, 0.626549),
        (0.845523, 0.123636, 0.628780),
        (0.851196, 0.139091, 0.631309),
        (0.856081, 0.154545, 0.634135),
        (0.860556, 0.170000, 0.637259),
        (0.789630, 0.000000, 0.619259),
        (0.804246, 0.015455, 0.619408),
        (0.818452, 0.030909, 0.619854),
        (0.831869, 0.046364, 0.620598),
        (0.844185, 0.061818, 0.621639),
        (0.855174, 0.077273, 0.622978),
        (0.864719, 0.092727, 0.624615),
        (0.872821, 0.108182, 0.626549),
        (0.879597, 0.123636, 0.628780),
        (0.885270, 0.139091, 0.631309),
        (0.890155, 0.154545, 0.634135),
        (0.894630, 0.170000, 0.637259),
        (0.823704, 0.000000, 0.619259),
        (0.838320, 0.015455, 0.619408),
        (0.852526, 0.030909, 0.619854),
        (0.865944, 0.046364, 0.620598),
        (0.878259, 0.061818, 0.621639),
        (0.889248, 0.077273, 0.622978),
        (0.898793, 0.092727, 0.624615),
        (0.906895, 0.108182, 0.626549),
        (0.913671, 0.123636, 0.628780),
        (0.919344, 0.139091, 0.631309),
        (0.924229, 0.154545, 0.634135),
        (0.928704, 0.170000, 0.637259),
        (0.857778, 0.000000, 0.619259),
        (0.872394, 0.015455, 0.619408),
        (0.886600, 0.030909, 0.619854),
        (0.900018, 0.046364, 0.620598),
        (0.912333, 0.061818, 0.621639),
        (0.923322, 0.077273, 0.622978),
        (0.932867, 0.092727, 0.624615),
        (0.940969, 0.108182, 0.626549),
        (0.947745, 0.123636, 0.628780),
        (0.953418, 0.139091, 0.631309),
        (0.958304, 0.154545, 0.634135),
        (0.962778, 0.170000, 0.637259),
        (0.891852, 0.000000, 0.619259),
        (0.906468, 0.015455, 0.619408),
        (0.920674, 0.030909, 0.619854),
        (0.934092, 0.046364, 0.620598),
        (0.946407, 0.061818, 0.621639),
        (0.957396, 0.077273, 0.622978),
        (0.966941, 0.092727, 0.624615),
        (0.975043, 0.108182, 0.626549),
        (0.981819, 0.123636, 0.628780),
        (0.987492, 0.139091, 0.631309),
        (0.992378, 0.154545, 0.634135),
        (0.996852, 0.170000, 0.637259),
        (0.925926, 0.000000, 0.619259),
        (0.940543, 0.015455, 0.619408),
        (0.954748, 0.030909, 0.619854),
        (0.968166, 0.046364, 0.620598),
        (0.980481, 0.061818, 0.621639),
        (0.991470, 0.077273, 0.622978),
        (1.001015, 0.092727, 0.624615),
        (1.009117, 0.108182, 0.626549),
        (1.015893, 0.123636, 0.628780),
        (1.021567, 0.139091, 0.631309),
        (1.026452, 0.154545, 0.634135),
        (1.030926, 0.170000, 0.637259),
        (0.960000, 0.000000, 0.619259),
        (0.974617, 0.015455, 0.619408),
        (0.988822, 0.030909, 0.619854),
        (1.002240, 0.046364, 0.620598),
        (1.014555, 0.061818, 0.621639),
        (1.025544, 0.077273, 0.622978),
        (1.035090, 0.092727, 0.624615),
        (1.043192, 0.108182, 0.626549),
        (1.049967, 0.123636, 0.628780),
        (1.055641, 0.139091, 0.631309),
        (1.060526, 0.154545, 0.634135),
        (1.065000, 0.170000, 0.637259),
        (0.040000, 0.000000, 0.653333),
        (0.054617, 0.015455, 0.653482),
        (0.068822, 0.030909, 0.653928),
        (0.082240, 0.046364, 0.654672),
        (0.094555, 0.061818, 0.655713),
        (0.105544, 0.077273, 0.657052),
        (0.115090, 0.092727, 0.658689),
        (0.123192, 0.108182, 0.660623),
        (0.129967, 0.123636, 0.662854),
        (0.135641, 0.139091, 0.665383),
        (0.140526, 0.154545, 0.668209),
        (0.145000, 0.170000, 0.671333),
        (0.074074, 0.000000, 0.653333),
        (0.088691, 0.015455, 0.653482),
        (0.102897, 0.030909, 0.653928),
        (0.116314, 0.046364, 0.654672),
        (0.128629, 0.061818, 0.655713),
        (0.139618, 0.077273, 0.657052),
        (0.149164, 0.092727, 0.658689),
        (0.157266, 0.108182, 0.660623),
        (0.164041, 0.123636, 0.662854),
        (0.169715, 0.139091, 0.665383),
        (0.174600, 0.154545, 0.668209),
        (0.179074, 0.170000, 0.671333),
        (0.108148, 0.000000, 0.653333),
        (0.122765, 0.015455, 0.653482),
        (0.136971, 0.030909, 0.653928),
        (0.150388, 0.046364, 0.654672),
        (0.162703, 0.061818, 0.655713),
        (0.173692, 0.077273, 0.657052),
        (0.183238, 0.092727, 0.658689),
        (0.191340, 0.108182, 0.660623),
        (0.198115, 0.123636, 0.662854),
        (0.203789, 0.139091, 0.665383),
        (0.208674, 0.154545, 0.668209),
        (0.213148, 0.170000, 0.671333),
        (0.142222, 0.000000, 0.653333),
        (0.156839, 0.015455, 0.653482),
        (0.171045, 0.030909, 0.653928),
        (0.184462, 0.046364, 0.654672),
        (0.196777, 0.061818, 0.655713),
        (0.207766, 0.077273, 0.657052),
        (0.217312, 0.092727, 0.658689),
        (0.225414, 0.108182, 0.660623),
        (0.232189, 0.123636, 0.662854),
        (0.237863, 0.139091, 0.665383),
        (0.242748, 0.154545, 0.668209),
        (0.247222, 0.170000, 0.671333),
        (0.176296, 0.000000, 0.653333),
        (0.190913, 0.015455, 0.653482),
        (0.205119, 0.030909, 0.653928),
        (0.218536, 0.046364, 0.654672),
        (0.230851, 0.061818, 0.655713),
        (0.241840, 0.077273, 0.657052),
        (0.251386, 0.092727, 0.658689),
        (0.259488, 0.108182, 0.660623),
        (0.266263, 0.123636, 0.662854),
        (0.271937, 0.139091, 0.665383),
        (0.276822, 0.154545, 0.668209),
        (0.281296, 0.170000, 0.671333),
        (0.210370, 0.000000, 0.653333),
        (0.224987, 0.015455, 0.653482),
        (0.239193, 0.030909, 0.653928),
        (0.252610, 0.046364, 0.654672),
        (0.264926, 0.061818, 0.655713),
        (0.275914, 0.077273, 0.657052),
        (0.285460, 0.092727, 0.658689),
        (0.293562, 0.108182, 0.660623),
        (0.300337, 0.123636, 0.662854),
        (0.306011, 0.139091, 0.665383),
        (0.310896, 0.154545, 0.668209),
        (0.315370, 0.170000, 0.671333),
        (0.244444, 0.000000, 0.653333),
        (0.259061, 0.015455, 0.653482),
        (0.273267, 0.030909, 0.653928),
        (0.286684, 0.046364, 0.654672),
        (0.299000, 0.061818, 0.655713),
        (0.309989, 0.077273, 0.657052),
        (0.319534, 0.092727, 0.658689),
        (0.327636, 0.108182, 0.660623),
        (0.334412, 0.123636, 0.662854),
        (0.340085, 0.139091, 0.665383),
        (0.344970, 0.154545, 0.668209),
        (0.349444, 0.170000, 0.671333),
        (0.278519, 0.000000, 0.653333),
        (0.293135, 0.015455, 0.653482),
        (0.307341, 0.030909, 0.653928),
        (0.320758, 0.046364, 0.654672),
        (0.333074, 0.061818, 0.655713),
        (0.344063, 0.077273, 0.657052),
        (0.353608, 0.092727, 0.658689),
        (0.361710, 0.108182, 0.660623),
        (0.368486, 0.123636, 0.662854),
        (0.374159, 0.139091, 0.665383),
        (0.379044, 0.154545, 0.668209),
        (0.383519, 0.170000, 0.671333),
        (0.312593, 0.000000, 0.653333),
        (0.327209, 0.015455, 0.653482),
        (0.341415, 0.030909, 0.653928),
        (0.354832, 0.046364, 0.654672),
        (0.367148, 0.061818, 0.655713),
        (0.378137, 0.077273, 0.657052),
        (0.387682, 0.092727, 0.658689),
        (0.395784, 0.108182, 0.660623),
        (0.402560, 0.123636, 0.662854),
        (0.408233, 0.139091, 0.665383),
        (0.413118, 0.154545, 0.668209),
        (0.417593, 0.170000, 0.671333),
        (0.346667, 0.000000, 0.653333),
        (0.361283, 0.015455, 0.653482),
        (0.375489, 0.030909, 0.653928),
        (0.388907, 0.046364, 0.654672),
        (0.401222, 0.061818, 0.655713),
        (0.412211, 0.077273, 0.657052),
        (0.421756, 0.092727, 0.658689),
        (0.429858, 0.108182, 0.660623),
        (0.436634, 0.123636, 0.662854),
        (0.442307, 0.139091, 0.665383),
        (0.447192, 0.154545, 0.668209),
        (0.451667, 0.170000, 0.671333),
        (0.380741, 0.000000, 0.653333),
        (0.395357, 0.015455, 0.653482),
        (0.409563, 0.030909, 0.653928),
        (0.422981, 0.046364, 0.654672),
        (0.435296, 0.061818, 0.655713),
        (0.446285, 0.077273, 0.657052),
        (0.455830, 0.092727, 0.658689),
        (0.463932, 0.108182, 0.660623),
        (0.470708, 0.123636, 0.662854),
        (0.476381, 0.139091, 0.665383),
        (0.481266, 0.154545, 0.668209),
        (0.485741, 0.170000, 0.671333),
        (0.414815, 0.000000, 0.653333),
        (0.429431, 0.015455, 0.653482),
        (0.443637, 0.030909, 0.653928),
        (0.457055, 0.046364, 0.654672),
        (0.469370, 0.061818, 0.655713),
        (0.480359, 0.077273, 0.657052),
        (0.489904, 0.092727, 0.658689),
        (0.498006, 0.108182, 0.660623),
        (0.504782, 0.123636, 0.662854),
        (0.510455, 0.139091, 0.665383),
        (0.515341, 0.154545, 0.668209),
        (0.519815, 0.170000, 0.671333),
        (0.448889, 0.000000, 0.653333),
        (0.463506, 0.015455, 0.653482),
        (0.477711, 0.030909, 0.653928),
        (0.491129, 0.046364, 0.654672),
        (0.503444, 0.061818, 0.655713),
        (0.514433, 0.077273, 0.657052),
        (0.523978, 0.092727, 0.658689),
        (0.532080, 0.108182, 0.660623),
        (0.538856, 0.123636, 0.662854),
        (0.544530, 0.139091, 0.665383),
        (0.549415, 0.154545, 0.668209),
        (0.553889, 0.170000, 0.671333),
        (0.482963, 0.000000, 0.653333),
        (0.497580, 0.015455, 0.653482),
        (0.511785, 0.030909, 0.653928),
        (0.525203, 0.046364, 0.654672),
        (0.537518, 0.061818, 0.655713),
        (0.548507, 0.077273, 0.657052),
        (0.558052, 0.092727, 0.658689),
        (0.566155, 0.108182, 0.660623),
        (0.572930, 0.123636, 0.662854),
        (0.578604, 0.139091, 0.665383),
        (0.583489, 0.154545, 0.668209),
        (0.587963, 0.170000, 0.671333),
        (0.517037, 0.000000, 0.653333),
        (0.531654, 0.015455, 0.653482),
        (0.545859, 0.030909, 0.653928),
        (0.559277, 0.046364, 0.654672),
        (0.571592, 0.061818, 0.655713),
        (0.582581, 0.077273, 0.657052),
        (0.592127, 0.092727, 0.658689),
        (0.600229, 0.108182, 0.660623),
        (0.607004, 0.123636, 0.662854),
        (0.612678, 0.139091, 0.665383),
        (0.617563, 0.154545, 0.668209),
        (0.622037, 0.170000, 0.671333),
        (0.551111, 0.000000, 0.653333),
        (0.565728, 0.015455, 0.653482),
        (0.579934, 0.030909, 0.653928),
        (0.593351, 0.046364, 0.654672),
        (0.605666, 0.061818, 0.655713),
        (0.616655, 0.077273, 0.657052),
        (0.626201, 0.092727, 0.658689),
        (0.634303, 0.108182, 0.660623),
        (0.641078, 0.123636, 0.662854),
        (0.646752, 0.139091, 0.665383),
        (0.651637, 0.154545, 0.668209),
        (0.656111, 0.170000, 0.671333),
        (0.585185, 0.000000, 0.653333),
        (0.599802, 0.015455, 0.653482),
        (0.614008, 0.030909, 0.653928),
        (0.627425, 0.046364, 0.654672),
        (0.639740, 0.061818, 0.655713),
        (0.650729, 0.077273, 0.657052),
        (0.660275, 0.092727, 0.658689),
        (0.668377, 0.108182, 0.660623),
        (0.675152, 0.123636, 0.662854),
        (0.680826, 0.139091, 0.665383),
        (0.685711, 0.154545, 0.668209),
        (0.690185, 0.170000, 0.671333),
        (0.619259, 0.000000, 0.653333),
        (0.633876, 0.015455, 0.653482),
        (0.648082, 0.030909, 0.653928),
        (0.661499, 0.046364, 0.654672),
        (0.673814, 0.061818, 0.655713),
        (0.684803, 0.077273, 0.657052),
        (0.694349, 0.092727, 0.658689),
        (0.702451, 0.108182, 0.660623),
        (0.709226, 0.123636, 0.662854),
        (0.714900, 0.139091, 0.665383),
        (0.719785, 0.154545, 0.668209),
        (0.724259, 0.170000, 0.671333),
        (0.653333, 0.000000, 0.653333),
        (0.667950, 0.015455, 0.653482),
        (0.682156, 0.030909, 0.653928),
        (0.695573, 0.046364, 0.654672),
        (0.707889, 0.061818, 0.655713),
        (0.718877, 0.077273, 0.657052),
        (0.728423, 0.092727, 0.658689),
        (0.736525, 0.108182, 0.660623),
        (0.743300, 0.123636, 0.662854),
        (0.748974, 0.139091, 0.665383),
        (0.753859, 0.154545, 0.668209),
        (0.758333, 0.170000, 0.671333),
        (0.687407, 0.000000, 0.653333),
        (0.702024, 0.015455, 0.653482),
        (0.716230, 0.030909, 0.653928),
        (0.729647, 0.046364, 0.654672),
        (0.741963, 0.061818, 0.655713),
        (0.752951, 0.077273, 0.657052),
        (0.762497, 0.092727, 0.658689),
        (0.770599, 0.108182, 0.660623),
        (0.777375, 0.123636, 0.662854),
        (0.783048, 0.139091, 0.665383),
        (0.787933, 0.154545, 0.668209),
        (0.792407, 0.170000, 0.671333),
        (0.721481, 0.000000, 0.653333),
        (0.736098, 0.015455, 0.653482),
        (0.750304, 0.030909, 0.653928),
        (0.763721, 0.046364, 0.654672),
        (0.776037, 0.061818, 0.655713),
        (0.787026, 0.077273, 0.657052),
        (0.796571, 0.092727, 0.658689),
        (0.804673, 0.108182, 0.660623),
        (0.811449, 0.123636, 0.662854),
        (0.817122, 0.139091, 0.665383),
        (0.822007, 0.154545, 0.668209),
        (0.826481, 0.170000, 0.671333),
        (0.755556, 0.000000, 0.653333),
        (0.770172, 0.015455, 0.653482),
        (0.784378, 0.030909, 0.653928),
        (0.797795, 0.046364, 0.654672),
        (0.810111, 0.061818, 0.655713),
        (0.821100, 0.077273, 0.657052),
        (0.830645, 0.092727, 0.658689),
        (0.838747, 0.108182, 0.660623),
        (0.845523, 0.123636, 0.662854),
        (0.851196, 0.139091, 0.665383),
        (0.856081, 0.154545, 0.668209),
        (0.860556, 0.170000, 0.671333),
        (0.789630, 0.000000, 0.653333),
        (0.804246, 0.015455, 0.653482),
        (0.818452, 0.030909, 0.653928),
        (0.831869, 0.046364, 0.654672),
        (0.844185, 0.061818, 0.655713),
        (0.855174, 0.077273, 0.657052),
        (0.864719, 0.092727, 0.658689),
        (0.872821, 0.108182, 0.660623),
        (0.879597, 0.123636, 0.662854),
        (0.885270, 0.139091, 0.665383),
        (0.890155, 0.154545, 0.668209),
        (0.894630, 0.170000, 0.671333),
        (0.823704, 0.000000, 0.653333),
        (0.838320, 0.015455, 0.653482),
        (0.852526, 0.030909, 0.653928),
        (0.865944, 0.046364, 0.654672),
        (0.878259, 0.061818, 0.655713),
        (0.889248, 0.077273, 0.657052),
        (0.898793, 0.092727, 0.658689),
        (0.906895, 0.108182, 0.660623),
        (0.913671, 0.123636, 0.662854),
        (0.919344, 0.139091, 0.665383),
        (0.924229, 0.154545, 0.668209),
        (0.928704, 0.170000, 0.671333),
        (0.857778, 0.000000, 0.653333),
        (0.872394, 0.015455, 0.653482),
        (0.886600, 0.030909, 0.653928),
        (0.900018, 0.046364, 0.654672),
        (0.912333, 0.061818, 0.655713),
        (0.923322, 0.077273, 0.657052),
        (0.932867, 0.092727, 0.658689),
        (0.940969, 0.108182, 0.660623),
        (0.947745, 0.123636, 0.662854),
        (0.953418, 0.139091, 0.665383),
        (0.958304, 0.154545, 0.668209),
        (0.962778, 0.170000, 0.671333),
        (0.891852, 0.000000, 0.653333),
        (0.906468, 0.015455, 0.653482),
        (0.920674, 0.030909, 0.653928),
        (0.934092, 0.046364, 0.654672),
        (0.946407, 0.061818, 0.655713),
        (0.957396, 0.077273, 0.657052),
        (0.966941, 0.092727, 0.658689),
        (0.975043, 0.108182, 0.660623),
        (0.981819, 0.123636, 0.662854),
        (0.987492, 0.139091, 0.665383),
        (0.992378, 0.154545, 0.668209),
        (0.996852, 0.170000, 0.671333),
        (0.925926, 0.000000, 0.653333),
        (0.940543, 0.015455, 0.653482),
        (0.954748, 0.030909, 0.653928),
        (0.968166, 0.046364, 0.654672),
        (0.980481, 0.061818, 0.655713),
        (0.991470, 0.077273, 0.657052),
        (1.001015, 0.092727, 0.658689),
        (1.009117, 0.108182, 0.660623),
        (1.015893, 0.123636, 0.662854),
        (1.021567, 0.139091, 0.665383),
        (1.026452, 0.154545, 0.668209),
        (1.030926, 0.170000, 0.671333),
        (0.960000, 0.000000, 0.653333),
        (0.974617, 0.015455, 0.653482),
        (0.988822, 0.030909, 0.653928),
        (1.002240, 0.046364, 0.654672),
        (1.014555, 0.061818, 0.655713),
        (1.025544, 0.077273, 0.657052),
        (1.035090, 0.092727, 0.658689),
        (1.043192, 0.108182, 0.660623),
        (1.049967, 0.123636, 0.662854),
        (1.055641, 0.139091, 0.665383),
        (1.060526, 0.154545, 0.668209),
        (1.065000, 0.170000, 0.671333),
        (0.040000, 0.000000, 0.687407),
        (0.054617, 0.015455, 0.687556),
        (0.068822, 0.030909, 0.688002),
        (0.082240, 0.046364, 0.688746),
        (0.094555, 0.061818, 0.689788),
        (0.105544, 0.077273, 0.691126),
        (0.115090, 0.092727, 0.692763),
        (0.123192, 0.108182, 0.694697),
        (0.129967, 0.123636, 0.696928),
        (0.135641, 0.139091, 0.699457),
        (0.140526, 0.154545, 0.702283),
        (0.145000, 0.170000, 0.705407),
        (0.074074, 0.000000, 0.687407),
        (0.088691, 0.015455, 0.687556),
        (0.102897, 0.030909, 0.688002),
        (0.116314, 0.046364, 0.688746),
        (0.128629, 0.061818, 0.689788),
        (0.139618, 0.077273, 0.691126),
        (0.149164, 0.092727, 0.692763),
        (0.157266, 0.108182, 0.694697),
        (0.164041, 0.123636, 0.696928),
        (0.169715, 0.139091, 0.699457),
        (0.174600, 0.154545, 0.702283),
        (0.179074, 0.170000, 0.705407),
        (0.108148, 0.000000, 0.687407),
        (0.122765, 0.015455, 0.687556),
        (0.136971, 0.030909, 0.688002),
        (0.150388, 0.046364, 0.688746),
        (0.162703, 0.061818, 0.689788),
        (0.173692, 0.077273, 0.691126),
        (0.183238, 0.092727, 0.692763),
        (0.191340, 0.108182, 0.694697),
        (0.198115, 0.123636, 0.696928),
        (0.203789, 0.139091, 0.699457),
        (0.208674, 0.154545, 0.702283),
        (0.213148, 0.170000, 0.705407),
        (0.142222, 0.000000, 0.687407),
        (0.156839, 0.015455, 0.687556),
        (0.171045, 0.030909, 0.688002),
        (0.184462, 0.046364, 0.688746),
        (0.196777, 0.061818, 0.689788),
        (0.207766, 0.077273, 0.691126),
        (0.217312, 0.092727, 0.692763),
        (0.225414, 0.108182, 0.694697),
        (0.232189, 0.123636, 0.696928),
        (0.237863, 0.139091, 0.699457),
        (0.242748, 0.154545, 0.702283),
        (0.247222, 0.170000, 0.705407),
        (0.176296, 0.000000, 0.687407),
        (0.190913, 0.015455, 0.687556),
        (0.205119, 0.030909, 0.688002),
        (0.218536, 0.046364, 0.688746),
        (0.230851, 0.061818, 0.689788),
        (0.241840, 0.077273, 0.691126),
        (0.251386, 0.092727, 0.692763),
        (0.259488, 0.108182, 0.694697),
        (0.266263, 0.123636, 0.696928),
        (0.271937, 0.139091, 0.699457),
        (0.276822, 0.154545, 0.702283),
        (0.281296, 0.170000, 0.705407),
        (0.210370, 0.000000, 0.687407),
        (0.224987, 0.015455, 0.687556),
        (0.239193, 0.030909, 0.688002),
        (0.252610, 0.046364, 0.688746),
        (0.264926, 0.061818, 0.689788),
        (0.275914, 0.077273, 0.691126),
        (0.285460, 0.092727, 0.692763),
        (0.293562, 0.108182, 0.694697),
        (0.300337, 0.123636, 0.696928),
        (0.306011, 0.139091, 0.699457),
        (0.310896, 0.154545, 0.702283),
        (0.315370, 0.170000, 0.705407),
        (0.244444, 0.000000, 0.687407),
        (0.259061, 0.015455, 0.687556),
        (0.273267, 0.030909, 0.688002),
        (0.286684, 0.046364, 0.688746),
        (0.299000, 0.061818, 0.689788),
        (0.309989, 0.077273, 0.691126),
        (0.319534, 0.092727, 0.692763),
        (0.327636, 0.108182, 0.694697),
        (0.334412, 0.123636, 0.696928),
        (0.340085, 0.139091, 0.699457),
        (0.344970, 0.154545, 0.702283),
        (0.349444, 0.170000, 0.705407),
        (0.278519, 0.000000, 0.687407),
        (0.293135, 0.015455, 0.687556),
        (0.307341, 0.030909, 0.688002),
        (0.320758, 0.046364, 0.688746),
        (0.333074, 0.061818, 0.689788),
        (0.344063, 0.077273, 0.691126),
        (0.353608, 0.092727, 0.692763),
        (0.361710, 0.108182, 0.694697),
        (0.368486, 0.123636, 0.696928),
        (0.374159, 0.139091, 0.699457),
        (0.379044, 0.154545, 0.702283),
        (0.383519, 0.170000, 0.705407),
        (0.312593, 0.000000, 0.687407),
        (0.327209, 0.015455, 0.687556),
        (0.341415, 0.030909, 0.688002),
        (0.354832, 0.046364, 0.688746),
        (0.367148, 0.061818, 0.689788),
        (0.378137, 0.077273, 0.691126),
        (0.387682, 0.092727, 0.692763),
        (0.395784, 0.108182, 0.694697),
        (0.402560, 0.123636, 0.696928),
        (0.408233, 0.139091, 0.699457),
        (0.413118, 0.154545, 0.702283),
        (0.417593, 0.170000, 0.705407),
        (0.346667, 0.000000, 0.687407),
        (0.361283, 0.015455, 0.687556),
        (0.375489, 0.030909, 0.688002),
        (0.388907, 0.046364, 0.688746),
        (0.401222, 0.061818, 0.689788),
        (0.412211, 0.077273, 0.691126),
        (0.421756, 0.092727, 0.692763),
        (0.429858, 0.108182, 0.694697),
        (0.436634, 0.123636, 0.696928),
        (0.442307, 0.139091, 0.699457),
        (0.447192, 0.154545, 0.702283),
        (0.451667, 0.170000, 0.705407),
        (0.380741, 0.000000, 0.687407),
        (0.395357, 0.015455, 0.687556),
        (0.409563, 0.030909, 0.688002),
        (0.422981, 0.046364, 0.688746),
        (0.435296, 0.061818, 0.689788),
        (0.446285, 0.077273, 0.691126),
        (0.455830, 0.092727, 0.692763),
        (0.463932, 0.108182, 0.694697),
        (0.470708, 0.123636, 0.696928),
        (0.476381, 0.139091, 0.699457),
        (0.481266, 0.154545, 0.702283),
        (0.485741, 0.170000, 0.705407),
        (0.414815, 0.000000, 0.687407),
        (0.429431, 0.015455, 0.687556),
        (0.443637, 0.030909, 0.688002),
        (0.457055, 0.046364, 0.688746),
        (0.469370, 0.061818, 0.689788),
        (0.480359, 0.077273, 0.691126),
        (0.489904, 0.092727, 0.692763),
        (0.498006, 0.108182, 0.694697),
        (0.504782, 0.123636, 0.696928),
        (0.510455, 0.139091, 0.699457),
        (0.515341, 0.154545, 0.702283),
        (0.519815, 0.170000, 0.705407),
        (0.448889, 0.000000, 0.687407),
        (0.463506, 0.015455, 0.687556),
        (0.477711, 0.030909, 0.688002),
        (0.491129, 0.046364, 0.688746),
        (0.503444, 0.061818, 0.689788),
        (0.514433, 0.077273, 0.691126),
        (0.523978, 0.092727, 0.692763),
        (0.532080, 0.108182, 0.694697),
        (0.538856, 0.123636, 0.696928),
        (0.544530, 0.139091, 0.699457),
        (0.549415, 0.154545, 0.702283),
        (0.553889, 0.170000, 0.705407),
        (0.482963, 0.000000, 0.687407),
        (0.497580, 0.015455, 0.687556),
        (0.511785, 0.030909, 0.688002),
        (0.525203, 0.046364, 0.688746),
        (0.537518, 0.061818, 0.689788),
        (0.548507, 0.077273, 0.691126),
        (0.558052, 0.092727, 0.692763),
        (0.566155, 0.108182, 0.694697),
        (0.572930, 0.123636, 0.696928),
        (0.578604, 0.139091, 0.699457),
        (0.583489, 0.154545, 0.702283),
        (0.587963, 0.170000, 0.705407),
        (0.517037, 0.000000, 0.687407),
        (0.531654, 0.015455, 0.687556),
        (0.545859, 0.030909, 0.688002),
        (0.559277, 0.046364, 0.688746),
        (0.571592, 0.061818, 0.689788),
        (0.582581, 0.077273, 0.691126),
        (0.592127, 0.092727, 0.692763),
        (0.600229, 0.108182, 0.694697),
        (0.607004, 0.123636, 0.696928),
        (0.612678, 0.139091, 0.699457),
        (0.617563, 0.154545, 0.702283),
        (0.622037, 0.170000, 0.705407),
        (0.551111, 0.000000, 0.687407),
        (0.565728, 0.015455, 0.687556),
        (0.579934, 0.030909, 0.688002),
        (0.593351, 0.046364, 0.688746),
        (0.605666, 0.061818, 0.689788),
        (0.616655, 0.077273, 0.691126),
        (0.626201, 0.092727, 0.692763),
        (0.634303, 0.108182, 0.694697),
        (0.641078, 0.123636, 0.696928),
        (0.646752, 0.139091, 0.699457),
        (0.651637, 0.154545, 0.702283),
        (0.656111, 0.170000, 0.705407),
        (0.585185, 0.000000, 0.687407),
        (0.599802, 0.015455, 0.687556),
        (0.614008, 0.030909, 0.688002),
        (0.627425, 0.046364, 0.688746),
        (0.639740, 0.061818, 0.689788),
        (0.650729, 0.077273, 0.691126),
        (0.660275, 0.092727, 0.692763),
        (0.668377, 0.108182, 0.694697),
        (0.675152, 0.123636, 0.696928),
        (0.680826, 0.139091, 0.699457),
        (0.685711, 0.154545, 0.702283),
        (0.690185, 0.170000, 0.705407),
        (0.619259, 0.000000, 0.687407),
        (0.633876, 0.015455, 0.687556),
        (0.648082, 0.030909, 0.688002),
        (0.661499, 0.046364, 0.688746),
        (0.673814, 0.061818, 0.689788),
        (0.684803, 0.077273, 0.691126),
        (0.694349, 0.092727, 0.692763),
        (0.702451, 0.108182, 0.694697),
        (0.709226, 0.123636, 0.696928),
        (0.714900, 0.139091, 0.699457),
        (0.719785, 0.154545, 0.702283),
        (0.724259, 0.170000, 0.705407),
        (0.653333, 0.000000, 0.687407),
        (0.667950, 0.015455, 0.687556),
        (0.682156, 0.030909, 0.688002),
        (0.695573, 0.046364, 0.688746),
        (0.707889, 0.061818, 0.689788),
        (0.718877, 0.077273, 0.691126),
        (0.728423, 0.092727, 0.692763),
        (0.736525, 0.108182, 0.694697),
        (0.743300, 0.123636, 0.696928),
        (0.748974, 0.139091, 0.699457),
        (0.753859, 0.154545, 0.702283),
        (0.758333, 0.170000, 0.705407),
        (0.687407, 0.000000, 0.687407),
        (0.702024, 0.015455, 0.687556),
        (0.716230, 0.030909, 0.688002),
        (0.729647, 0.046364, 0.688746),
        (0.741963, 0.061818, 0.689788),
        (0.752951, 0.077273, 0.691126),
        (0.762497, 0.092727, 0.692763),
        (0.770599, 0.108182, 0.694697),
        (0.777375, 0.123636, 0.696928),
        (0.783048, 0.139091, 0.699457),
        (0.787933, 0.154545, 0.702283),
        (0.792407, 0.170000, 0.705407),
        (0.721481, 0.000000, 0.687407),
        (0.736098, 0.015455, 0.687556),
        (0.750304, 0.030909, 0.688002),
        (0.763721, 0.046364, 0.688746),
        (0.776037, 0.061818, 0.689788),
        (0.787026, 0.077273, 0.691126),
        (0.796571, 0.092727, 0.692763),
        (0.804673, 0.108182, 0.694697),
        (0.811449, 0.123636, 0.696928),
        (0.817122, 0.139091, 0.699457),
        (0.822007, 0.154545, 0.702283),
        (0.826481, 0.170000, 0.705407),
        (0.755556, 0.000000, 0.687407),
        (0.770172, 0.015455, 0.687556),
        (0.784378, 0.030909, 0.688002),
        (0.797795, 0.046364, 0.688746),
        (0.810111, 0.061818, 0.689788),
        (0.821100, 0.077273, 0.691126),
        (0.830645, 0.092727, 0.692763),
        (0.838747, 0.108182, 0.694697),
        (0.845523, 0.123636, 0.696928),
        (0.851196, 0.139091, 0.699457),
        (0.856081, 0.154545, 0.702283),
        (0.860556, 0.170000, 0.705407),
        (0.789630, 0.000000, 0.687407),
        (0.804246, 0.015455, 0.687556),
        (0.818452, 0.030909, 0.688002),
        (0.831869, 0.046364, 0.688746),
        (0.844185, 0.061818, 0.689788),
        (0.855174, 0.077273, 0.691126),
        (0.864719, 0.092727, 0.692763),
        (0.872821, 0.108182, 0.694697),
        (0.879597, 0.123636, 0.696928),
        (0.885270, 0.139091, 0.699457),
        (0.890155, 0.154545, 0.702283),
        (0.894630, 0.170000, 0.705407),
        (0.823704, 0.000000, 0.687407),
        (0.838320, 0.015455, 0.687556),
        (0.852526, 0.030909, 0.688002),
        (0.865944, 0.046364, 0.688746),
        (0.878259, 0.061818, 0.689788),
        (0.889248, 0.077273, 0.691126),
        (0.898793, 0.092727, 0.692763),
        (0.906895, 0.108182, 0.694697),
        (0.913671, 0.123636, 0.696928),
        (0.919344, 0.139091, 0.699457),
        (0.924229, 0.154545, 0.702283),
        (0.928704, 0.170000, 0.705407),
        (0.857778, 0.000000, 0.687407),
        (0.872394, 0.015455, 0.687556),
        (0.886600, 0.030909, 0.688002),
        (0.900018, 0.046364, 0.688746),
        (0.912333, 0.061818, 0.689788),
        (0.923322, 0.077273, 0.691126),
        (0.932867, 0.092727, 0.692763),
        (0.940969, 0.108182, 0.694697),
        (0.947745, 0.123636, 0.696928),
        (0.953418, 0.139091, 0.699457),
        (0.958304, 0.154545, 0.702283),
        (0.962778, 0.170000, 0.705407),
        (0.891852, 0.000000, 0.687407),
        (0.906468, 0.015455, 0.687556),
        (0.920674, 0.030909, 0.688002),
        (0.934092, 0.046364, 0.688746),
        (0.946407, 0.061818, 0.689788),
        (0.957396, 0.077273, 0.691126),
        (0.966941, 0.092727, 0.692763),
        (0.975043, 0.108182, 0.694697),
        (0.981819, 0.123636, 0.696928),
        (0.987492, 0.139091, 0.699457),
        (0.992378, 0.154545, 0.702283),
        (0.996852, 0.170000, 0.705407),
        (0.925926, 0.000000, 0.687407),
        (0.940543, 0.015455, 0.687556),
        (0.954748, 0.030909, 0.688002),
        (0.968166, 0.046364, 0.688746),
        (0.980481, 0.061818, 0.689788),
        (0.991470, 0.077273, 0.691126),
        (1.001015, 0.092727, 0.692763),
        (1.009117, 0.108182, 0.694697),
        (1.015893, 0.123636, 0.696928),
        (1.021567, 0.139091, 0.699457),
        (1.026452, 0.154545, 0.702283),
        (1.030926, 0.170000, 0.705407),
        (0.960000, 0.000000, 0.687407),
        (0.974617, 0.015455, 0.687556),
        (0.988822, 0.030909, 0.688002),
        (1.002240, 0.046364, 0.688746),
        (1.014555, 0.061818, 0.689788),
        (1.025544, 0.077273, 0.691126),
        (1.035090, 0.092727, 0.692763),
        (1.043192, 0.108182, 0.694697),
        (1.049967, 0.123636, 0.696928),
        (1.055641, 0.139091, 0.699457),
        (1.060526, 0.154545, 0.702283),
        (1.065000, 0.170000, 0.705407),
        (0.040000, 0.000000, 0.721481),
        (0.054617, 0.015455, 0.721630),
        (0.068822, 0.030909, 0.722077),
        (0.082240, 0.046364, 0.722820),
        (0.094555, 0.061818, 0.723862),
        (0.105544, 0.077273, 0.725200),
        (0.115090, 0.092727, 0.726837),
        (0.123192, 0.108182, 0.728771),
        (0.129967, 0.123636, 0.731002),
        (0.135641, 0.139091, 0.733531),
        (0.140526, 0.154545, 0.736358),
        (0.145000, 0.170000, 0.739481),
        (0.074074, 0.000000, 0.721481),
        (0.088691, 0.015455, 0.721630),
        (0.102897, 0.030909, 0.722077),
        (0.116314, 0.046364, 0.722820),
        (0.128629, 0.061818, 0.723862),
        (0.139618, 0.077273, 0.725200),
        (0.149164, 0.092727, 0.726837),
        (0.157266, 0.108182, 0.728771),
        (0.164041, 0.123636, 0.731002),
        (0.169715, 0.139091, 0.733531),
        (0.174600, 0.154545, 0.736358),
        (0.179074, 0.170000, 0.739481),
        (0.108148, 0.000000, 0.721481),
        (0.122765, 0.015455, 0.721630),
        (0.136971, 0.030909, 0.722077),
        (0.150388, 0.046364, 0.722820),
        (0.162703, 0.061818, 0.723862),
        (0.173692, 0.077273, 0.725200),
        (0.183238, 0.092727, 0.726837),
        (0.191340, 0.108182, 0.728771),
        (0.198115, 0.123636, 0.731002),
        (0.203789, 0.139091, 0.733531),
        (0.208674, 0.154545, 0.736358),
        (0.213148, 0.170000, 0.739481),
        (0.142222, 0.000000, 0.721481),
        (0.156839, 0.015455, 0.721630),
        (0.171045, 0.030909, 0.722077),
        (0.184462, 0.046364, 0.722820),
        (0.196777, 0.061818, 0.723862),
        (0.207766, 0.077273, 0.725200),
        (0.217312, 0.092727, 0.726837),
        (0.225414, 0.108182, 0.728771),
        (0.232189, 0.123636, 0.731002),
        (0.237863, 0.139091, 0.733531),
        (0.242748, 0.154545, 0.736358),
        (0.247222, 0.170000, 0.739481),
        (0.176296, 0.000000, 0.721481),
        (0.190913, 0.015455, 0.721630),
        (0.205119, 0.030909, 0.722077),
        (0.218536, 0.046364, 0.722820),
        (0.230851, 0.061818, 0.723862),
        (0.241840, 0.077273, 0.725200),
        (0.251386, 0.092727, 0.726837),
        (0.259488, 0.108182, 0.728771),
        (0.266263, 0.123636, 0.731002),
        (0.271937, 0.139091, 0.733531),
        (0.276822, 0.154545, 0.736358),
        (0.281296, 0.170000, 0.739481),
        (0.210370, 0.000000, 0.721481),
        (0.224987, 0.015455, 0.721630),
        (0.239193, 0.030909, 0.722077),
        (0.252610, 0.046364, 0.722820),
        (0.264926, 0.061818, 0.723862),
        (0.275914, 0.077273, 0.725200),
        (0.285460, 0.092727, 0.726837),
        (0.293562, 0.108182, 0.728771),
        (0.300337, 0.123636, 0.731002),
        (0.306011, 0.139091, 0.733531),
        (0.310896, 0.154545, 0.736358),
        (0.315370, 0.170000, 0.739481),
        (0.244444, 0.000000, 0.721481),
        (0.259061, 0.015455, 0.721630),
        (0.273267, 0.030909, 0.722077),
        (0.286684, 0.046364, 0.722820),
        (0.299000, 0.061818, 0.723862),
        (0.309989, 0.077273, 0.725200),
        (0.319534, 0.092727, 0.726837),
        (0.327636, 0.108182, 0.728771),
        (0.334412, 0.123636, 0.731002),
        (0.340085, 0.139091, 0.733531),
        (0.344970, 0.154545, 0.736358),
        (0.349444, 0.170000, 0.739481),
        (0.278519, 0.000000, 0.721481),
        (0.293135, 0.015455, 0.721630),
        (0.307341, 0.030909, 0.722077),
        (0.320758, 0.046364, 0.722820),
        (0.333074, 0.061818, 0.723862),
        (0.344063, 0.077273, 0.725200),
        (0.353608, 0.092727, 0.726837),
        (0.361710, 0.108182, 0.728771),
        (0.368486, 0.123636, 0.731002),
        (0.374159, 0.139091, 0.733531),
        (0.379044, 0.154545, 0.736358),
        (0.383519, 0.170000, 0.739481),
        (0.312593, 0.000000, 0.721481),
        (0.327209, 0.015455, 0.721630),
        (0.341415, 0.030909, 0.722077),
        (0.354832, 0.046364, 0.722820),
        (0.367148, 0.061818, 0.723862),
        (0.378137, 0.077273, 0.725200),
        (0.387682, 0.092727, 0.726837),
        (0.395784, 0.108182, 0.728771),
        (0.402560, 0.123636, 0.731002),
        (0.408233, 0.139091, 0.733531),
        (0.413118, 0.154545, 0.736358),
        (0.417593, 0.170000, 0.739481),
        (0.346667, 0.000000, 0.721481),
        (0.361283, 0.015455, 0.721630),
        (0.375489, 0.030909, 0.722077),
        (0.388907, 0.046364, 0.722820),
        (0.401222, 0.061818, 0.723862),
        (0.412211, 0.077273, 0.725200),
        (0.421756, 0.092727, 0.726837),
        (0.429858, 0.108182, 0.728771),
        (0.436634, 0.123636, 0.731002),
        (0.442307, 0.139091, 0.733531),
        (0.447192, 0.154545, 0.736358),
        (0.451667, 0.170000, 0.739481),
        (0.380741, 0.000000, 0.721481),
        (0.395357, 0.015455, 0.721630),
        (0.409563, 0.030909, 0.722077),
        (0.422981, 0.046364, 0.722820),
        (0.435296, 0.061818, 0.723862),
        (0.446285, 0.077273, 0.725200),
        (0.455830, 0.092727, 0.726837),
        (0.463932, 0.108182, 0.728771),
        (0.470708, 0.123636, 0.731002),
        (0.476381, 0.139091, 0.733531),
        (0.481266, 0.154545, 0.736358),
        (0.485741, 0.170000, 0.739481),
        (0.414815, 0.000000, 0.721481),
        (0.429431, 0.015455, 0.721630),
        (0.443637, 0.030909, 0.722077),
        (0.457055, 0.046364, 0.722820),
        (0.469370, 0.061818, 0.723862),
        (0.480359, 0.077273, 0.725200),
        (0.489904, 0.092727, 0.726837),
        (0.498006, 0.108182, 0.728771),
        (0.504782, 0.123636, 0.731002),
        (0.510455, 0.139091, 0.733531),
        (0.515341, 0.154545, 0.736358),
        (0.519815, 0.170000, 0.739481),
        (0.448889, 0.000000, 0.721481),
        (0.463506, 0.015455, 0.721630),
        (0.477711, 0.030909, 0.722077),
        (0.491129, 0.046364, 0.722820),
        (0.503444, 0.061818, 0.723862),
        (0.514433, 0.077273, 0.725200),
        (0.523978, 0.092727, 0.726837),
        (0.532080, 0.108182, 0.728771),
        (0.538856, 0.123636, 0.731002),
        (0.544530, 0.139091, 0.733531),
        (0.549415, 0.154545, 0.736358),
        (0.553889, 0.170000, 0.739481),
        (0.482963, 0.000000, 0.721481),
        (0.497580, 0.015455, 0.721630),
        (0.511785, 0.030909, 0.722077),
        (0.525203, 0.046364, 0.722820),
        (0.537518, 0.061818, 0.723862),
        (0.548507, 0.077273, 0.725200),
        (0.558052, 0.092727, 0.726837),
        (0.566155, 0.108182, 0.728771),
        (0.572930, 0.123636, 0.731002),
        (0.578604, 0.139091, 0.733531),
        (0.583489, 0.154545, 0.736358),
        (0.587963, 0.170000, 0.739481),
        (0.517037, 0.000000, 0.721481),
        (0.531654, 0.015455, 0.721630),
        (0.545859, 0.030909, 0.722077),
        (0.559277, 0.046364, 0.722820),
        (0.571592, 0.061818, 0.723862),
        (0.582581, 0.077273, 0.725200),
        (0.592127, 0.092727, 0.726837),
        (0.600229, 0.108182, 0.728771),
        (0.607004, 0.123636, 0.731002),
        (0.612678, 0.139091, 0.733531),
        (0.617563, 0.154545, 0.736358),
        (0.622037, 0.170000, 0.739481),
        (0.551111, 0.000000, 0.721481),
        (0.565728, 0.015455, 0.721630),
        (0.579934, 0.030909, 0.722077),
        (0.593351, 0.046364, 0.722820),
        (0.605666, 0.061818, 0.723862),
        (0.616655, 0.077273, 0.725200),
        (0.626201, 0.092727, 0.726837),
        (0.634303, 0.108182, 0.728771),
        (0.641078, 0.123636, 0.731002),
        (0.646752, 0.139091, 0.733531),
        (0.651637, 0.154545, 0.736358),
        (0.656111, 0.170000, 0.739481),
        (0.585185, 0.000000, 0.721481),
        (0.599802, 0.015455, 0.721630),
        (0.614008, 0.030909, 0.722077),
        (0.627425, 0.046364, 0.722820),
        (0.639740, 0.061818, 0.723862),
        (0.650729, 0.077273, 0.725200),
        (0.660275, 0.092727, 0.726837),
        (0.668377, 0.108182, 0.728771),
        (0.675152, 0.123636, 0.731002),
        (0.680826, 0.139091, 0.733531),
        (0.685711, 0.154545, 0.736358),
        (0.690185, 0.170000, 0.739481),
        (0.619259, 0.000000, 0.721481),
        (0.633876, 0.015455, 0.721630),
        (0.648082, 0.030909, 0.722077),
        (0.661499, 0.046364, 0.722820),
        (0.673814, 0.061818, 0.723862),
        (0.684803, 0.077273, 0.725200),
        (0.694349, 0.092727, 0.726837),
        (0.702451, 0.108182, 0.728771),
        (0.709226, 0.123636, 0.731002),
        (0.714900, 0.139091, 0.733531),
        (0.719785, 0.154545, 0.736358),
        (0.724259, 0.170000, 0.739481),
        (0.653333, 0.000000, 0.721481),
        (0.667950, 0.015455, 0.721630),
        (0.682156, 0.030909, 0.722077),
        (0.695573, 0.046364, 0.722820),
        (0.707889, 0.061818, 0.723862),
        (0.718877, 0.077273, 0.725200),
        (0.728423, 0.092727, 0.726837),
        (0.736525, 0.108182, 0.728771),
        (0.743300, 0.123636, 0.731002),
        (0.748974, 0.139091, 0.733531),
        (0.753859, 0.154545, 0.736358),
        (0.758333, 0.170000, 0.739481),
        (0.687407, 0.000000, 0.721481),
        (0.702024, 0.015455, 0.721630),
        (0.716230, 0.030909, 0.722077),
        (0.729647, 0.046364, 0.722820),
        (0.741963, 0.061818, 0.723862),
        (0.752951, 0.077273, 0.725200),
        (0.762497, 0.092727, 0.726837),
        (0.770599, 0.108182, 0.728771),
        (0.777375, 0.123636, 0.731002),
        (0.783048, 0.139091, 0.733531),
        (0.787933, 0.154545, 0.736358),
        (0.792407, 0.170000, 0.739481),
        (0.721481, 0.000000, 0.721481),
        (0.736098, 0.015455, 0.721630),
        (0.750304, 0.030909, 0.722077),
        (0.763721, 0.046364, 0.722820),
        (0.776037, 0.061818, 0.723862),
        (0.787026, 0.077273, 0.725200),
        (0.796571, 0.092727, 0.726837),
        (0.804673, 0.108182, 0.728771),
        (0.811449, 0.123636, 0.731002),
        (0.817122, 0.139091, 0.733531),
        (0.822007, 0.154545, 0.736358),
        (0.826481, 0.170000, 0.739481),
        (0.755556, 0.000000, 0.721481),
        (0.770172, 0.015455, 0.721630),
        (0.784378, 0.030909, 0.722077),
        (0.797795, 0.046364, 0.722820),
        (0.810111, 0.061818, 0.723862),
        (0.821100, 0.077273, 0.725200),
        (0.830645, 0.092727, 0.726837),
        (0.838747, 0.108182, 0.728771),
        (0.845523, 0.123636, 0.731002),
        (0.851196, 0.139091, 0.733531),
        (0.856081, 0.154545, 0.736358),
        (0.860556, 0.170000, 0.739481),
        (0.789630, 0.000000, 0.721481),
        (0.804246, 0.015455, 0.721630),
        (0.818452, 0.030909, 0.722077),
        (0.831869, 0.046364, 0.722820),
        (0.844185, 0.061818, 0.723862),
        (0.855174, 0.077273, 0.725200),
        (0.864719, 0.092727, 0.726837),
        (0.872821, 0.108182, 0.728771),
        (0.879597, 0.123636, 0.731002),
        (0.885270, 0.139091, 0.733531),
        (0.890155, 0.154545, 0.736358),
        (0.894630, 0.170000, 0.739481),
        (0.823704, 0.000000, 0.721481),
        (0.838320, 0.015455, 0.721630),
        (0.852526, 0.030909, 0.722077),
        (0.865944, 0.046364, 0.722820),
        (0.878259, 0.061818, 0.723862),
        (0.889248, 0.077273, 0.725200),
        (0.898793, 0.092727, 0.726837),
        (0.906895, 0.108182, 0.728771),
        (0.913671, 0.123636, 0.731002),
        (0.919344, 0.139091, 0.733531),
        (0.924229, 0.154545, 0.736358),
        (0.928704, 0.170000, 0.739481),
        (0.857778, 0.000000, 0.721481),
        (0.872394, 0.015455, 0.721630),
        (0.886600, 0.030909, 0.722077),
        (0.900018, 0.046364, 0.722820),
        (0.912333, 0.061818, 0.723862),
        (0.923322, 0.077273, 0.725200),
        (0.932867, 0.092727, 0.726837),
        (0.940969, 0.108182, 0.728771),
        (0.947745, 0.123636, 0.731002),
        (0.953418, 0.139091, 0.733531),
        (0.958304, 0.154545, 0.736358),
        (0.962778, 0.170000, 0.739481),
        (0.891852, 0.000000, 0.721481),
        (0.906468, 0.015455, 0.721630),
        (0.920674, 0.030909, 0.722077),
        (0.934092, 0.046364, 0.722820),
        (0.946407, 0.061818, 0.723862),
        (0.957396, 0.077273, 0.725200),
        (0.966941, 0.092727, 0.726837),
        (0.975043, 0.108182, 0.728771),
        (0.981819, 0.123636, 0.731002),
        (0.987492, 0.139091, 0.733531),
        (0.992378, 0.154545, 0.736358),
        (0.996852, 0.170000, 0.739481),
        (0.925926, 0.000000, 0.721481),
        (0.940543, 0.015455, 0.721630),
        (0.954748, 0.030909, 0.722077),
        (0.968166, 0.046364, 0.722820),
        (0.980481, 0.061818, 0.723862),
        (0.991470, 0.077273, 0.725200),
        (1.001015, 0.092727, 0.726837),
        (1.009117, 0.108182, 0.728771),
        (1.015893, 0.123636, 0.731002),
        (1.021567, 0.139091, 0.733531),
        (1.026452, 0.154545, 0.736358),
        (1.030926, 0.170000, 0.739481),
        (0.960000, 0.000000, 0.721481),
        (0.974617, 0.015455, 0.721630),
        (0.988822, 0.030909, 0.722077),
        (1.002240, 0.046364, 0.722820),
        (1.014555, 0.061818, 0.723862),
        (1.025544, 0.077273, 0.725200),
        (1.035090, 0.092727, 0.726837),
        (1.043192, 0.108182, 0.728771),
        (1.049967, 0.123636, 0.731002),
        (1.055641, 0.139091, 0.733531),
        (1.060526, 0.154545, 0.736358),
        (1.065000, 0.170000, 0.739481),
        (0.040000, 0.000000, 0.755556),
        (0.054617, 0.015455, 0.755704),
        (0.068822, 0.030909, 0.756151),
        (0.082240, 0.046364, 0.756894),
        (0.094555, 0.061818, 0.757936),
        (0.105544, 0.077273, 0.759275),
        (0.115090, 0.092727, 0.760911),
        (0.123192, 0.108182, 0.762845),
        (0.129967, 0.123636, 0.765076),
        (0.135641, 0.139091, 0.767605),
        (0.140526, 0.154545, 0.770432),
        (0.145000, 0.170000, 0.773556),
        (0.074074, 0.000000, 0.755556),
        (0.088691, 0.015455, 0.755704),
        (0.102897, 0.030909, 0.756151),
        (0.116314, 0.046364, 0.756894),
        (0.128629, 0.061818, 0.757936),
        (0.139618, 0.077273, 0.759275),
        (0.149164, 0.092727, 0.760911),
        (0.157266, 0.108182, 0.762845),
        (0.164041, 0.123636, 0.765076),
        (0.169715, 0.139091, 0.767605),
        (0.174600, 0.154545, 0.770432),
        (0.179074, 0.170000, 0.773556),
        (0.108148, 0.000000, 0.755556),
        (0.122765, 0.015455, 0.755704),
        (0.136971, 0.030909, 0.756151),
        (0.150388, 0.046364, 0.756894),
        (0.162703, 0.061818, 0.757936),
        (0.173692, 0.077273, 0.759275),
        (0.183238, 0.092727, 0.760911),
        (0.191340, 0.108182, 0.762845),
        (0.198115, 0.123636, 0.765076),
        (0.203789, 0.139091, 0.767605),
        (0.208674, 0.154545, 0.770432),
        (0.213148, 0.170000, 0.773556),
        (0.142222, 0.000000, 0.755556),
        (0.156839, 0.015455, 0.755704),
        (0.171045, 0.030909, 0.756151),
        (0.184462, 0.046364, 0.756894),
        (0.196777, 0.061818, 0.757936),
        (0.207766, 0.077273, 0.759275),
        (0.217312, 0.092727, 0.760911),
        (0.225414, 0.108182, 0.762845),
        (0.232189, 0.123636, 0.765076),
        (0.237863, 0.139091, 0.767605),
        (0.242748, 0.154545, 0.770432),
        (0.247222, 0.170000, 0.773556),
        (0.176296, 0.000000, 0.755556),
        (0.190913, 0.015455, 0.755704),
        (0.205119, 0.030909, 0.756151),
        (0.218536, 0.046364, 0.756894),
        (0.230851, 0.061818, 0.757936),
        (0.241840, 0.077273, 0.759275),
        (0.251386, 0.092727, 0.760911),
        (0.259488, 0.108182, 0.762845),
        (0.266263, 0.123636, 0.765076),
        (0.271937, 0.139091, 0.767605),
        (0.276822, 0.154545, 0.770432),
        (0.281296, 0.170000, 0.773556),
        (0.210370, 0.000000, 0.755556),
        (0.224987, 0.015455, 0.755704),
        (0.239193, 0.030909, 0.756151),
        (0.252610, 0.046364, 0.756894),
        (0.264926, 0.061818, 0.757936),
        (0.275914, 0.077273, 0.759275),
        (0.285460, 0.092727, 0.760911),
        (0.293562, 0.108182, 0.762845),
        (0.300337, 0.123636, 0.765076),
        (0.306011, 0.139091, 0.767605),
        (0.310896, 0.154545, 0.770432),
        (0.315370, 0.170000, 0.773556),
        (0.244444, 0.000000, 0.755556),
        (0.259061, 0.015455, 0.755704),
        (0.273267, 0.030909, 0.756151),
        (0.286684, 0.046364, 0.756894),
        (0.299000, 0.061818, 0.757936),
        (0.309989, 0.077273, 0.759275),
        (0.319534, 0.092727, 0.760911),
        (0.327636, 0.108182, 0.762845),
        (0.334412, 0.123636, 0.765076),
        (0.340085, 0.139091, 0.767605),
        (0.344970, 0.154545, 0.770432),
        (0.349444, 0.170000, 0.773556),
        (0.278519, 0.000000, 0.755556),
        (0.293135, 0.015455, 0.755704),
        (0.307341, 0.030909, 0.756151),
        (0.320758, 0.046364, 0.756894),
        (0.333074, 0.061818, 0.757936),
        (0.344063, 0.077273, 0.759275),
        (0.353608, 0.092727, 0.760911),
        (0.361710, 0.108182, 0.762845),
        (0.368486, 0.123636, 0.765076),
        (0.374159, 0.139091, 0.767605),
        (0.379044, 0.154545, 0.770432),
        (0.383519, 0.170000, 0.773556),
        (0.312593, 0.000000, 0.755556),
        (0.327209, 0.015455, 0.755704),
        (0.341415, 0.030909, 0.756151),
        (0.354832, 0.046364, 0.756894),
        (0.367148, 0.061818, 0.757936),
        (0.378137, 0.077273, 0.759275),
        (0.387682, 0.092727, 0.760911),
        (0.395784, 0.108182, 0.762845),
        (0.402560, 0.123636, 0.765076),
        (0.408233, 0.139091, 0.767605),
        (0.413118, 0.154545, 0.770432),
        (0.417593, 0.170000, 0.773556),
        (0.346667, 0.000000, 0.755556),
        (0.361283, 0.015455, 0.755704),
        (0.375489, 0.030909, 0.756151),
        (0.388907, 0.046364, 0.756894),
        (0.401222, 0.061818, 0.757936),
        (0.412211, 0.077273, 0.759275),
        (0.421756, 0.092727, 0.760911),
        (0.429858, 0.108182, 0.762845),
        (0.436634, 0.123636, 0.765076),
        (0.442307, 0.139091, 0.767605),
        (0.447192, 0.154545, 0.770432),
        (0.451667, 0.170000, 0.773556),
        (0.380741, 0.000000, 0.755556),
        (0.395357, 0.015455, 0.755704),
        (0.409563, 0.030909, 0.756151),
        (0.422981, 0.046364, 0.756894),
        (0.435296, 0.061818, 0.757936),
        (0.446285, 0.077273, 0.759275),
        (0.455830, 0.092727, 0.760911),
        (0.463932, 0.108182, 0.762845),
        (0.470708, 0.123636, 0.765076),
        (0.476381, 0.139091, 0.767605),
        (0.481266, 0.154545, 0.770432),
        (0.485741, 0.170000, 0.773556),
        (0.414815, 0.000000, 0.755556),
        (0.429431, 0.015455, 0.755704),
        (0.443637, 0.030909, 0.756151),
        (0.457055, 0.046364, 0.756894),
        (0.469370, 0.061818, 0.757936),
        (0.480359, 0.077273, 0.759275),
        (0.489904, 0.092727, 0.760911),
        (0.498006, 0.108182, 0.762845),
        (0.504782, 0.123636, 0.765076),
        (0.510455, 0.139091, 0.767605),
        (0.515341, 0.154545, 0.770432),
        (0.519815, 0.170000, 0.773556),
        (0.448889, 0.000000, 0.755556),
        (0.463506, 0.015455, 0.755704),
        (0.477711, 0.030909, 0.756151),
        (0.491129, 0.046364, 0.756894),
        (0.503444, 0.061818, 0.757936),
        (0.514433, 0.077273, 0.759275),
        (0.523978, 0.092727, 0.760911),
        (0.532080, 0.108182, 0.762845),
        (0.538856, 0.123636, 0.765076),
        (0.544530, 0.139091, 0.767605),
        (0.549415, 0.154545, 0.770432),
        (0.553889, 0.170000, 0.773556),
        (0.482963, 0.000000, 0.755556),
        (0.497580, 0.015455, 0.755704),
        (0.511785, 0.030909, 0.756151),
        (0.525203, 0.046364, 0.756894),
        (0.537518, 0.061818, 0.757936),
        (0.548507, 0.077273, 0.759275),
        (0.558052, 0.092727, 0.760911),
        (0.566155, 0.108182, 0.762845),
        (0.572930, 0.123636, 0.765076),
        (0.578604, 0.139091, 0.767605),
        (0.583489, 0.154545, 0.770432),
        (0.587963, 0.170000, 0.773556),
        (0.517037, 0.000000, 0.755556),
        (0.531654, 0.015455, 0.755704),
        (0.545859, 0.030909, 0.756151),
        (0.559277, 0.046364, 0.756894),
        (0.571592, 0.061818, 0.757936),
        (0.582581, 0.077273, 0.759275),
        (0.592127, 0.092727, 0.760911),
        (0.600229, 0.108182, 0.762845),
        (0.607004, 0.123636, 0.765076),
        (0.612678, 0.139091, 0.767605),
        (0.617563, 0.154545, 0.770432),
        (0.622037, 0.170000, 0.773556),
        (0.551111, 0.000000, 0.755556),
        (0.565728, 0.015455, 0.755704),
        (0.579934, 0.030909, 0.756151),
        (0.593351, 0.046364, 0.756894),
        (0.605666, 0.061818, 0.757936),
        (0.616655, 0.077273, 0.759275),
        (0.626201, 0.092727, 0.760911),
        (0.634303, 0.108182, 0.762845),
        (0.641078, 0.123636, 0.765076),
        (0.646752, 0.139091, 0.767605),
        (0.651637, 0.154545, 0.770432),
        (0.656111, 0.170000, 0.773556),
        (0.585185, 0.000000, 0.755556),
        (0.599802, 0.015455, 0.755704),
        (0.614008, 0.030909, 0.756151),
        (0.627425, 0.046364, 0.756894),
        (0.639740, 0.061818, 0.757936),
        (0.650729, 0.077273, 0.759275),
        (0.660275, 0.092727, 0.760911),
        (0.668377, 0.108182, 0.762845),
        (0.675152, 0.123636, 0.765076),
        (0.680826, 0.139091, 0.767605),
        (0.685711, 0.154545, 0.770432),
        (0.690185, 0.170000, 0.773556),
        (0.619259, 0.000000, 0.755556),
        (0.633876, 0.015455, 0.755704),
        (0.648082, 0.030909, 0.756151),
        (0.661499, 0.046364, 0.756894),
        (0.673814, 0.061818, 0.757936),
        (0.684803, 0.077273, 0.759275),
        (0.694349, 0.092727, 0.760911),
        (0.702451, 0.108182, 0.762845),
        (0.709226, 0.123636, 0.765076),
        (0.714900, 0.139091, 0.767605),
        (0.719785, 0.154545, 0.770432),
        (0.724259, 0.170000, 0.773556),
        (0.653333, 0.000000, 0.755556),
        (0.667950, 0.015455, 0.755704),
        (0.682156, 0.030909, 0.756151),
        (0.695573, 0.046364, 0.756894),
        (0.707889, 0.061818, 0.757936),
        (0.718877, 0.077273, 0.759275),
        (0.728423, 0.092727, 0.760911),
        (0.736525, 0.108182, 0.762845),
        (0.743300, 0.123636, 0.765076),
        (0.748974, 0.139091, 0.767605),
        (0.753859, 0.154545, 0.770432),
        (0.758333, 0.170000, 0.773556),
        (0.687407, 0.000000, 0.755556),
        (0.702024, 0.015455, 0.755704),
        (0.716230, 0.030909, 0.756151),
        (0.729647, 0.046364, 0.756894),
        (0.741963, 0.061818, 0.757936),
        (0.752951, 0.077273, 0.759275),
        (0.762497, 0.092727, 0.760911),
        (0.770599, 0.108182, 0.762845),
        (0.777375, 0.123636, 0.765076),
        (0.783048, 0.139091, 0.767605),
        (0.787933, 0.154545, 0.770432),
        (0.792407, 0.170000, 0.773556),
        (0.721481, 0.000000, 0.755556),
        (0.736098, 0.015455, 0.755704),
        (0.750304, 0.030909, 0.756151),
        (0.763721, 0.046364, 0.756894),
        (0.776037, 0.061818, 0.757936),
        (0.787026, 0.077273, 0.759275),
        (0.796571, 0.092727, 0.760911),
        (0.804673, 0.108182, 0.762845),
        (0.811449, 0.123636, 0.765076),
        (0.817122, 0.139091, 0.767605),
        (0.822007, 0.154545, 0.770432),
        (0.826481, 0.170000, 0.773556),
        (0.755556, 0.000000, 0.755556),
        (0.770172, 0.015455, 0.755704),
        (0.784378, 0.030909, 0.756151),
        (0.797795, 0.046364, 0.756894),
        (0.810111, 0.061818, 0.757936),
        (0.821100, 0.077273, 0.759275),
        (0.830645, 0.092727, 0.760911),
        (0.838747, 0.108182, 0.762845),
        (0.845523, 0.123636, 0.765076),
        (0.851196, 0.139091, 0.767605),
        (0.856081, 0.154545, 0.770432),
        (0.860556, 0.170000, 0.773556),
        (0.789630, 0.000000, 0.755556),
        (0.804246, 0.015455, 0.755704),
        (0.818452, 0.030909, 0.756151),
        (0.831869, 0.046364, 0.756894),
        (0.844185, 0.061818, 0.757936),
        (0.855174, 0.077273, 0.759275),
        (0.864719, 0.092727, 0.760911),
        (0.872821, 0.108182, 0.762845),
        (0.879597, 0.123636, 0.765076),
        (0.885270, 0.139091, 0.767605),
        (0.890155, 0.154545, 0.770432),
        (0.894630, 0.170000, 0.773556),
        (0.823704, 0.000000, 0.755556),
        (0.838320, 0.015455, 0.755704),
        (0.852526, 0.030909, 0.756151),
        (0.865944, 0.046364, 0.756894),
        (0.878259, 0.061818, 0.757936),
        (0.889248, 0.077273, 0.759275),
        (0.898793, 0.092727, 0.760911),
        (0.906895, 0.108182, 0.762845),
        (0.913671, 0.123636, 0.765076),
        (0.919344, 0.139091, 0.767605),
        (0.924229, 0.154545, 0.770432),
        (0.928704, 0.170000, 0.773556),
        (0.857778, 0.000000, 0.755556),
        (0.872394, 0.015455, 0.755704),
        (0.886600, 0.030909, 0.756151),
        (0.900018, 0.046364, 0.756894),
        (0.912333, 0.061818, 0.757936),
        (0.923322, 0.077273, 0.759275),
        (0.932867, 0.092727, 0.760911),
        (0.940969, 0.108182, 0.762845),
        (0.947745, 0.123636, 0.765076),
        (0.953418, 0.139091, 0.767605),
        (0.958304, 0.154545, 0.770432),
        (0.962778, 0.170000, 0.773556),
        (0.891852, 0.000000, 0.755556),
        (0.906468, 0.015455, 0.755704),
        (0.920674, 0.030909, 0.756151),
        (0.934092, 0.046364, 0.756894),
        (0.946407, 0.061818, 0.757936),
        (0.957396, 0.077273, 0.759275),
        (0.966941, 0.092727, 0.760911),
        (0.975043, 0.108182, 0.762845),
        (0.981819, 0.123636, 0.765076),
        (0.987492, 0.139091, 0.767605),
        (0.992378, 0.154545, 0.770432),
        (0.996852, 0.170000, 0.773556),
        (0.925926, 0.000000, 0.755556),
        (0.940543, 0.015455, 0.755704),
        (0.954748, 0.030909, 0.756151),
        (0.968166, 0.046364, 0.756894),
        (0.980481, 0.061818, 0.757936),
        (0.991470, 0.077273, 0.759275),
        (1.001015, 0.092727, 0.760911),
        (1.009117, 0.108182, 0.762845),
        (1.015893, 0.123636, 0.765076),
        (1.021567, 0.139091, 0.767605),
        (1.026452, 0.154545, 0.770432),
        (1.030926, 0.170000, 0.773556),
        (0.960000, 0.000000, 0.755556),
        (0.974617, 0.015455, 0.755704),
        (0.988822, 0.030909, 0.756151),
        (1.002240, 0.046364, 0.756894),
        (1.014555, 0.061818, 0.757936),
        (1.025544, 0.077273, 0.759275),
        (1.035090, 0.092727, 0.760911),
        (1.043192, 0.108182, 0.762845),
        (1.049967, 0.123636, 0.765076),
        (1.055641, 0.139091, 0.767605),
        (1.060526, 0.154545, 0.770432),
        (1.065000, 0.170000, 0.773556),
        (0.040000, 0.000000, 0.789630),
        (0.054617, 0.015455, 0.789778),
        (0.068822, 0.030909, 0.790225),
        (0.082240, 0.046364, 0.790968),
        (0.094555, 0.061818, 0.792010),
        (0.105544, 0.077273, 0.793349),
        (0.115090, 0.092727, 0.794985),
        (0.123192, 0.108182, 0.796919),
        (0.129967, 0.123636, 0.799150),
        (0.135641, 0.139091, 0.801679),
        (0.140526, 0.154545, 0.804506),
        (0.145000, 0.170000, 0.807630),
        (0.074074, 0.000000, 0.789630),
        (0.088691, 0.015455, 0.789778),
        (0.102897, 0.030909, 0.790225),
        (0.116314, 0.046364, 0.790968),
        (0.128629, 0.061818, 0.792010),
        (0.139618, 0.077273, 0.793349),
        (0.149164, 0.092727, 0.794985),
        (0.157266, 0.108182, 0.796919),
        (0.164041, 0.123636, 0.799150),
        (0.169715, 0.139091, 0.801679),
        (0.174600, 0.154545, 0.804506),
        (0.179074, 0.170000, 0.807630),
        (0.108148, 0.000000, 0.789630),
        (0.122765, 0.015455, 0.789778),
        (0.136971, 0.030909, 0.790225),
        (0.150388, 0.046364, 0.790968),
        (0.162703, 0.061818, 0.792010),
        (0.173692, 0.077273, 0.793349),
        (0.183238, 0.092727, 0.794985),
        (0.191340, 0.108182, 0.796919),
        (0.198115, 0.123636, 0.799150),
        (0.203789, 0.139091, 0.801679),
        (0.208674, 0.154545, 0.804506),
        (0.213148, 0.170000, 0.807630),
        (0.142222, 0.000000, 0.789630),
        (0.156839, 0.015455, 0.789778),
        (0.171045, 0.030909, 0.790225),
        (0.184462, 0.046364, 0.790968),
        (0.196777, 0.061818, 0.792010),
        (0.207766, 0.077273, 0.793349),
        (0.217312, 0.092727, 0.794985),
        (0.225414, 0.108182, 0.796919),
        (0.232189, 0.123636, 0.799150),
        (0.237863, 0.139091, 0.801679),
        (0.242748, 0.154545, 0.804506),
        (0.247222, 0.170000, 0.807630),
        (0.176296, 0.000000, 0.789630),
        (0.190913, 0.015455, 0.789778),
        (0.205119, 0.030909, 0.790225),
        (0.218536, 0.046364, 0.790968),
        (0.230851, 0.061818, 0.792010),
        (0.241840, 0.077273, 0.793349),
        (0.251386, 0.092727, 0.794985),
        (0.259488, 0.108182, 0.796919),
        (0.266263, 0.123636, 0.799150),
        (0.271937, 0.139091, 0.801679),
        (0.276822, 0.154545, 0.804506),
        (0.281296, 0.170000, 0.807630),
        (0.210370, 0.000000, 0.789630),
        (0.224987, 0.015455, 0.789778),
        (0.239193, 0.030909, 0.790225),
        (0.252610, 0.046364, 0.790968),
        (0.264926, 0.061818, 0.792010),
        (0.275914, 0.077273, 0.793349),
        (0.285460, 0.092727, 0.794985),
        (0.293562, 0.108182, 0.796919),
        (0.300337, 0.123636, 0.799150),
        (0.306011, 0.139091, 0.801679),
        (0.310896, 0.154545, 0.804506),
        (0.315370, 0.170000, 0.807630),
        (0.244444, 0.000000, 0.789630),
        (0.259061, 0.015455, 0.789778),
        (0.273267, 0.030909, 0.790225),
        (0.286684, 0.046364, 0.790968),
        (0.299000, 0.061818, 0.792010),
        (0.309989, 0.077273, 0.793349),
        (0.319534, 0.092727, 0.794985),
        (0.327636, 0.108182, 0.796919),
        (0.334412, 0.123636, 0.799150),
        (0.340085, 0.139091, 0.801679),
        (0.344970, 0.154545, 0.804506),
        (0.349444, 0.170000, 0.807630),
        (0.278519, 0.000000, 0.789630),
        (0.293135, 0.015455, 0.789778),
        (0.307341, 0.030909, 0.790225),
        (0.320758, 0.046364, 0.790968),
        (0.333074, 0.061818, 0.792010),
        (0.344063, 0.077273, 0.793349),
        (0.353608, 0.092727, 0.794985),
        (0.361710, 0.108182, 0.796919),
        (0.368486, 0.123636, 0.799150),
        (0.374159, 0.139091, 0.801679),
        (0.379044, 0.154545, 0.804506),
        (0.383519, 0.170000, 0.807630),
        (0.312593, 0.000000, 0.789630),
        (0.327209, 0.015455, 0.789778),
        (0.341415, 0.030909, 0.790225),
        (0.354832, 0.046364, 0.790968),
        (0.367148, 0.061818, 0.792010),
        (0.378137, 0.077273, 0.793349),
        (0.387682, 0.092727, 0.794985),
        (0.395784, 0.108182, 0.796919),
        (0.402560, 0.123636, 0.799150),
        (0.408233, 0.139091, 0.801679),
        (0.413118, 0.154545, 0.804506),
        (0.417593, 0.170000, 0.807630),
        (0.346667, 0.000000, 0.789630),
        (0.361283, 0.015455, 0.789778),
        (0.375489, 0.030909, 0.790225),
        (0.388907, 0.046364, 0.790968),
        (0.401222, 0.061818, 0.792010),
        (0.412211, 0.077273, 0.793349),
        (0.421756, 0.092727, 0.794985),
        (0.429858, 0.108182, 0.796919),
        (0.436634, 0.123636, 0.799150),
        (0.442307, 0.139091, 0.801679),
        (0.447192, 0.154545, 0.804506),
        (0.451667, 0.170000, 0.807630),
        (0.380741, 0.000000, 0.789630),
        (0.395357, 0.015455, 0.789778),
        (0.409563, 0.030909, 0.790225),
        (0.422981, 0.046364, 0.790968),
        (0.435296, 0.061818, 0.792010),
        (0.446285, 0.077273, 0.793349),
        (0.455830, 0.092727, 0.794985),
        (0.463932, 0.108182, 0.796919),
        (0.470708, 0.123636, 0.799150),
        (0.476381, 0.139091, 0.801679),
        (0.481266, 0.154545, 0.804506),
        (0.485741, 0.170000, 0.807630),
        (0.414815, 0.000000, 0.789630),
        (0.429431, 0.015455, 0.789778),
        (0.443637, 0.030909, 0.790225),
        (0.457055, 0.046364, 0.790968),
        (0.469370, 0.061818, 0.792010),
        (0.480359, 0.077273, 0.793349),
        (0.489904, 0.092727, 0.794985),
        (0.498006, 0.108182, 0.796919),
        (0.504782, 0.123636, 0.799150),
        (0.510455, 0.139091, 0.801679),
        (0.515341, 0.154545, 0.804506),
        (0.519815, 0.170000, 0.807630),
        (0.448889, 0.000000, 0.789630),
        (0.463506, 0.015455, 0.789778),
        (0.477711, 0.030909, 0.790225),
        (0.491129, 0.046364, 0.790968),
        (0.503444, 0.061818, 0.792010),
        (0.514433, 0.077273, 0.793349),
        (0.523978, 0.092727, 0.794985),
        (0.532080, 0.108182, 0.796919),
        (0.538856, 0.123636, 0.799150),
        (0.544530, 0.139091, 0.801679),
        (0.549415, 0.154545, 0.804506),
        (0.553889, 0.170000, 0.807630),
        (0.482963, 0.000000, 0.789630),
        (0.497580, 0.015455, 0.789778),
        (0.511785, 0.030909, 0.790225),
        (0.525203, 0.046364, 0.790968),
        (0.537518, 0.061818, 0.792010),
        (0.548507, 0.077273, 0.793349),
        (0.558052, 0.092727, 0.794985),
        (0.566155, 0.108182, 0.796919),
        (0.572930, 0.123636, 0.799150),
        (0.578604, 0.139091, 0.801679),
        (0.583489, 0.154545, 0.804506),
        (0.587963, 0.170000, 0.807630),
        (0.517037, 0.000000, 0.789630),
        (0.531654, 0.015455, 0.789778),
        (0.545859, 0.030909, 0.790225),
        (0.559277, 0.046364, 0.790968),
        (0.571592, 0.061818, 0.792010),
        (0.582581, 0.077273, 0.793349),
        (0.592127, 0.092727, 0.794985),
        (0.600229, 0.108182, 0.796919),
        (0.607004, 0.123636, 0.799150),
        (0.612678, 0.139091, 0.801679),
        (0.617563, 0.154545, 0.804506),
        (0.622037, 0.170000, 0.807630),
        (0.551111, 0.000000, 0.789630),
        (0.565728, 0.015455, 0.789778),
        (0.579934, 0.030909, 0.790225),
        (0.593351, 0.046364, 0.790968),
        (0.605666, 0.061818, 0.792010),
        (0.616655, 0.077273, 0.793349),
        (0.626201, 0.092727, 0.794985),
        (0.634303, 0.108182, 0.796919),
        (0.641078, 0.123636, 0.799150),
        (0.646752, 0.139091, 0.801679),
        (0.651637, 0.154545, 0.804506),
        (0.656111, 0.170000, 0.807630),
        (0.585185, 0.000000, 0.789630),
        (0.599802, 0.015455, 0.789778),
        (0.614008, 0.030909, 0.790225),
        (0.627425, 0.046364, 0.790968),
        (0.639740, 0.061818, 0.792010),
        (0.650729, 0.077273, 0.793349),
        (0.660275, 0.092727, 0.794985),
        (0.668377, 0.108182, 0.796919),
        (0.675152, 0.123636, 0.799150),
        (0.680826, 0.139091, 0.801679),
        (0.685711, 0.154545, 0.804506),
        (0.690185, 0.170000, 0.807630),
        (0.619259, 0.000000, 0.789630),
        (0.633876, 0.015455, 0.789778),
        (0.648082, 0.030909, 0.790225),
        (0.661499, 0.046364, 0.790968),
        (0.673814, 0.061818, 0.792010),
        (0.684803, 0.077273, 0.793349),
        (0.694349, 0.092727, 0.794985),
        (0.702451, 0.108182, 0.796919),
        (0.709226, 0.123636, 0.799150),
        (0.714900, 0.139091, 0.801679),
        (0.719785, 0.154545, 0.804506),
        (0.724259, 0.170000, 0.807630),
        (0.653333, 0.000000, 0.789630),
        (0.667950, 0.015455, 0.789778),
        (0.682156, 0.030909, 0.790225),
        (0.695573, 0.046364, 0.790968),
        (0.707889, 0.061818, 0.792010),
        (0.718877, 0.077273, 0.793349),
        (0.728423, 0.092727, 0.794985),
        (0.736525, 0.108182, 0.796919),
        (0.743300, 0.123636, 0.799150),
        (0.748974, 0.139091, 0.801679),
        (0.753859, 0.154545, 0.804506),
        (0.758333, 0.170000, 0.807630),
        (0.687407, 0.000000, 0.789630),
        (0.702024, 0.015455, 0.789778),
        (0.716230, 0.030909, 0.790225),
        (0.729647, 0.046364, 0.790968),
        (0.741963, 0.061818, 0.792010),
        (0.752951, 0.077273, 0.793349),
        (0.762497, 0.092727, 0.794985),
        (0.770599, 0.108182, 0.796919),
        (0.777375, 0.123636, 0.799150),
        (0.783048, 0.139091, 0.801679),
        (0.787933, 0.154545, 0.804506),
        (0.792407, 0.170000, 0.807630),
        (0.721481, 0.000000, 0.789630),
        (0.736098, 0.015455, 0.789778),
        (0.750304, 0.030909, 0.790225),
        (0.763721, 0.046364, 0.790968),
        (0.776037, 0.061818, 0.792010),
        (0.787026, 0.077273, 0.793349),
        (0.796571, 0.092727, 0.794985),
        (0.804673, 0.108182, 0.796919),
        (0.811449, 0.123636, 0.799150),
        (0.817122, 0.139091, 0.801679),
        (0.822007, 0.154545, 0.804506),
        (0.826481, 0.170000, 0.807630),
        (0.755556, 0.000000, 0.789630),
        (0.770172, 0.015455, 0.789778),
        (0.784378, 0.030909, 0.790225),
        (0.797795, 0.046364, 0.790968),
        (0.810111, 0.061818, 0.792010),
        (0.821100, 0.077273, 0.793349),
        (0.830645, 0.092727, 0.794985),
        (0.838747, 0.108182, 0.796919),
        (0.845523, 0.123636, 0.799150),
        (0.851196, 0.139091, 0.801679),
        (0.856081, 0.154545, 0.804506),
        (0.860556, 0.170000, 0.807630),
        (0.789630, 0.000000, 0.789630),
        (0.804246, 0.015455, 0.789778),
        (0.818452, 0.030909, 0.790225),
        (0.831869, 0.046364, 0.790968),
        (0.844185, 0.061818, 0.792010),
        (0.855174, 0.077273, 0.793349),
        (0.864719, 0.092727, 0.794985),
        (0.872821, 0.108182, 0.796919),
        (0.879597, 0.123636, 0.799150),
        (0.885270, 0.139091, 0.801679),
        (0.890155, 0.154545, 0.804506),
        (0.894630, 0.170000, 0.807630),
        (0.823704, 0.000000, 0.789630),
        (0.838320, 0.015455, 0.789778),
        (0.852526, 0.030909, 0.790225),
        (0.865944, 0.046364, 0.790968),
        (0.878259, 0.061818, 0.792010),
        (0.889248, 0.077273, 0.793349),
        (0.898793, 0.092727, 0.794985),
        (0.906895, 0.108182, 0.796919),
        (0.913671, 0.123636, 0.799150),
        (0.919344, 0.139091, 0.801679),
        (0.924229, 0.154545, 0.804506),
        (0.928704, 0.170000, 0.807630),
        (0.857778, 0.000000, 0.789630),
        (0.872394, 0.015455, 0.789778),
        (0.886600, 0.030909, 0.790225),
        (0.900018, 0.046364, 0.790968),
        (0.912333, 0.061818, 0.792010),
        (0.923322, 0.077273, 0.793349),
        (0.932867, 0.092727, 0.794985),
        (0.940969, 0.108182, 0.796919),
        (0.947745, 0.123636, 0.799150),
        (0.953418, 0.139091, 0.801679),
        (0.958304, 0.154545, 0.804506),
        (0.962778, 0.170000, 0.807630),
        (0.891852, 0.000000, 0.789630),
        (0.906468, 0.015455, 0.789778),
        (0.920674, 0.030909, 0.790225),
        (0.934092, 0.046364, 0.790968),
        (0.946407, 0.061818, 0.792010),
        (0.957396, 0.077273, 0.793349),
        (0.966941, 0.092727, 0.794985),
        (0.975043, 0.108182, 0.796919),
        (0.981819, 0.123636, 0.799150),
        (0.987492, 0.139091, 0.801679),
        (0.992378, 0.154545, 0.804506),
        (0.996852, 0.170000, 0.807630),
        (0.925926, 0.000000, 0.789630),
        (0.940543, 0.015455, 0.789778),
        (0.954748, 0.030909, 0.790225),
        (0.968166, 0.046364, 0.790968),
        (0.980481, 0.061818, 0.792010),
        (0.991470, 0.077273, 0.793349),
        (1.001015, 0.092727, 0.794985),
        (1.009117, 0.108182, 0.796919),
        (1.015893, 0.123636, 0.799150),
        (1.021567, 0.139091, 0.801679),
        (1.026452, 0.154545, 0.804506),
        (1.030926, 0.170000, 0.807630),
        (0.960000, 0.000000, 0.789630),
        (0.974617, 0.015455, 0.789778),
        (0.988822, 0.030909, 0.790225),
        (1.002240, 0.046364, 0.790968),
        (1.014555, 0.061818, 0.792010),
        (1.025544, 0.077273, 0.793349),
        (1.035090, 0.092727, 0.794985),
        (1.043192, 0.108182, 0.796919),
        (1.049967, 0.123636, 0.799150),
        (1.055641, 0.139091, 0.801679),
        (1.060526, 0.154545, 0.804506),
        (1.065000, 0.170000, 0.807630),
        (0.040000, 0.000000, 0.823704),
        (0.054617, 0.015455, 0.823852),
        (0.068822, 0.030909, 0.824299),
        (0.082240, 0.046364, 0.825043),
        (0.094555, 0.061818, 0.826084),
        (0.105544, 0.077273, 0.827423),
        (0.115090, 0.092727, 0.829059),
        (0.123192, 0.108182, 0.830993),
        (0.129967, 0.123636, 0.833224),
        (0.135641, 0.139091, 0.835753),
        (0.140526, 0.154545, 0.838580),
        (0.145000, 0.170000, 0.841704),
        (0.074074, 0.000000, 0.823704),
        (0.088691, 0.015455, 0.823852),
        (0.102897, 0.030909, 0.824299),
        (0.116314, 0.046364, 0.825043),
        (0.128629, 0.061818, 0.826084),
        (0.139618, 0.077273, 0.827423),
        (0.149164, 0.092727, 0.829059),
        (0.157266, 0.108182, 0.830993),
        (0.164041, 0.123636, 0.833224),
        (0.169715, 0.139091, 0.835753),
        (0.174600, 0.154545, 0.838580),
        (0.179074, 0.170000, 0.841704),
        (0.108148, 0.000000, 0.823704),
        (0.122765, 0.015455, 0.823852),
        (0.136971, 0.030909, 0.824299),
        (0.150388, 0.046364, 0.825043),
        (0.162703, 0.061818, 0.826084),
        (0.173692, 0.077273, 0.827423),
        (0.183238, 0.092727, 0.829059),
        (0.191340, 0.108182, 0.830993),
        (0.198115, 0.123636, 0.833224),
        (0.203789, 0.139091, 0.835753),
        (0.208674, 0.154545, 0.838580),
        (0.213148, 0.170000, 0.841704),
        (0.142222, 0.000000, 0.823704),
        (0.156839, 0.015455, 0.823852),
        (0.171045, 0.030909, 0.824299),
        (0.184462, 0.046364, 0.825043),
        (0.196777, 0.061818, 0.826084),
        (0.207766, 0.077273, 0.827423),
        (0.217312, 0.092727, 0.829059),
        (0.225414, 0.108182, 0.830993),
        (0.232189, 0.123636, 0.833224),
        (0.237863, 0.139091, 0.835753),
        (0.242748, 0.154545, 0.838580),
        (0.247222, 0.170000, 0.841704),
        (0.176296, 0.000000, 0.823704),
        (0.190913, 0.015455, 0.823852),
        (0.205119, 0.030909, 0.824299),
        (0.218536, 0.046364, 0.825043),
        (0.230851, 0.061818, 0.826084),
        (0.241840, 0.077273, 0.827423),
        (0.251386, 0.092727, 0.829059),
        (0.259488, 0.108182, 0.830993),
        (0.266263, 0.123636, 0.833224),
        (0.271937, 0.139091, 0.835753),
        (0.276822, 0.154545, 0.838580),
        (0.281296, 0.170000, 0.841704),
        (0.210370, 0.000000, 0.823704),
        (0.224987, 0.015455, 0.823852),
        (0.239193, 0.030909, 0.824299),
        (0.252610, 0.046364, 0.825043),
        (0.264926, 0.061818, 0.826084),
        (0.275914, 0.077273, 0.827423),
        (0.285460, 0.092727, 0.829059),
        (0.293562, 0.108182, 0.830993),
        (0.300337, 0.123636, 0.833224),
        (0.306011, 0.139091, 0.835753),
        (0.310896, 0.154545, 0.838580),
        (0.315370, 0.170000, 0.841704),
        (0.244444, 0.000000, 0.823704),
        (0.259061, 0.015455, 0.823852),
        (0.273267, 0.030909, 0.824299),
        (0.286684, 0.046364, 0.825043),
        (0.299000, 0.061818, 0.826084),
        (0.309989, 0.077273, 0.827423),
        (0.319534, 0.092727, 0.829059),
        (0.327636, 0.108182, 0.830993),
        (0.334412, 0.123636, 0.833224),
        (0.340085, 0.139091, 0.835753),
        (0.344970, 0.154545, 0.838580),
        (0.349444, 0.170000, 0.841704),
        (0.278519, 0.000000, 0.823704),
        (0.293135, 0.015455, 0.823852),
        (0.307341, 0.030909, 0.824299),
        (0.320758, 0.046364, 0.825043),
        (0.333074, 0.061818, 0.826084),
        (0.344063, 0.077273, 0.827423),
        (0.353608, 0.092727, 0.829059),
        (0.361710, 0.108182, 0.830993),
        (0.368486, 0.123636, 0.833224),
        (0.374159, 0.139091, 0.835753),
        (0.379044, 0.154545, 0.838580),
        (0.383519, 0.170000, 0.841704),
        (0.312593, 0.000000, 0.823704),
        (0.327209, 0.015455, 0.823852),
        (0.341415, 0.030909, 0.824299),
        (0.354832, 0.046364, 0.825043),
        (0.367148, 0.061818, 0.826084),
        (0.378137, 0.077273, 0.827423),
        (0.387682, 0.092727, 0.829059),
        (0.395784, 0.108182, 0.830993),
        (0.402560, 0.123636, 0.833224),
        (0.408233, 0.139091, 0.835753),
        (0.413118, 0.154545, 0.838580),
        (0.417593, 0.170000, 0.841704),
        (0.346667, 0.000000, 0.823704),
        (0.361283, 0.015455, 0.823852),
        (0.375489, 0.030909, 0.824299),
        (0.388907, 0.046364, 0.825043),
        (0.401222, 0.061818, 0.826084),
        (0.412211, 0.077273, 0.827423),
        (0.421756, 0.092727, 0.829059),
        (0.429858, 0.108182, 0.830993),
        (0.436634, 0.123636, 0.833224),
        (0.442307, 0.139091, 0.835753),
        (0.447192, 0.154545, 0.838580),
        (0.451667, 0.170000, 0.841704),
        (0.380741, 0.000000, 0.823704),
        (0.395357, 0.015455, 0.823852),
        (0.409563, 0.030909, 0.824299),
        (0.422981, 0.046364, 0.825043),
        (0.435296, 0.061818, 0.826084),
        (0.446285, 0.077273, 0.827423),
        (0.455830, 0.092727, 0.829059),
        (0.463932, 0.108182, 0.830993),
        (0.470708, 0.123636, 0.833224),
        (0.476381, 0.139091, 0.835753),
        (0.481266, 0.154545, 0.838580),
        (0.485741, 0.170000, 0.841704),
        (0.414815, 0.000000, 0.823704),
        (0.429431, 0.015455, 0.823852),
        (0.443637, 0.030909, 0.824299),
        (0.457055, 0.046364, 0.825043),
        (0.469370, 0.061818, 0.826084),
        (0.480359, 0.077273, 0.827423),
        (0.489904, 0.092727, 0.829059),
        (0.498006, 0.108182, 0.830993),
        (0.504782, 0.123636, 0.833224),
        (0.510455, 0.139091, 0.835753),
        (0.515341, 0.154545, 0.838580),
        (0.519815, 0.170000, 0.841704),
        (0.448889, 0.000000, 0.823704),
        (0.463506, 0.015455, 0.823852),
        (0.477711, 0.030909, 0.824299),
        (0.491129, 0.046364, 0.825043),
        (0.503444, 0.061818, 0.826084),
        (0.514433, 0.077273, 0.827423),
        (0.523978, 0.092727, 0.829059),
        (0.532080, 0.108182, 0.830993),
        (0.538856, 0.123636, 0.833224),
        (0.544530, 0.139091, 0.835753),
        (0.549415, 0.154545, 0.838580),
        (0.553889, 0.170000, 0.841704),
        (0.482963, 0.000000, 0.823704),
        (0.497580, 0.015455, 0.823852),
        (0.511785, 0.030909, 0.824299),
        (0.525203, 0.046364, 0.825043),
        (0.537518, 0.061818, 0.826084),
        (0.548507, 0.077273, 0.827423),
        (0.558052, 0.092727, 0.829059),
        (0.566155, 0.108182, 0.830993),
        (0.572930, 0.123636, 0.833224),
        (0.578604, 0.139091, 0.835753),
        (0.583489, 0.154545, 0.838580),
        (0.587963, 0.170000, 0.841704),
        (0.517037, 0.000000, 0.823704),
        (0.531654, 0.015455, 0.823852),
        (0.545859, 0.030909, 0.824299),
        (0.559277, 0.046364, 0.825043),
        (0.571592, 0.061818, 0.826084),
        (0.582581, 0.077273, 0.827423),
        (0.592127, 0.092727, 0.829059),
        (0.600229, 0.108182, 0.830993),
        (0.607004, 0.123636, 0.833224),
        (0.612678, 0.139091, 0.835753),
        (0.617563, 0.154545, 0.838580),
        (0.622037, 0.170000, 0.841704),
        (0.551111, 0.000000, 0.823704),
        (0.565728, 0.015455, 0.823852),
        (0.579934, 0.030909, 0.824299),
        (0.593351, 0.046364, 0.825043),
        (0.605666, 0.061818, 0.826084),
        (0.616655, 0.077273, 0.827423),
        (0.626201, 0.092727, 0.829059),
        (0.634303, 0.108182, 0.830993),
        (0.641078, 0.123636, 0.833224),
        (0.646752, 0.139091, 0.835753),
        (0.651637, 0.154545, 0.838580),
        (0.656111, 0.170000, 0.841704),
        (0.585185, 0.000000, 0.823704),
        (0.599802, 0.015455, 0.823852),
        (0.614008, 0.030909, 0.824299),
        (0.627425, 0.046364, 0.825043),
        (0.639740, 0.061818, 0.826084),
        (0.650729, 0.077273, 0.827423),
        (0.660275, 0.092727, 0.829059),
        (0.668377, 0.108182, 0.830993),
        (0.675152, 0.123636, 0.833224),
        (0.680826, 0.139091, 0.835753),
        (0.685711, 0.154545, 0.838580),
        (0.690185, 0.170000, 0.841704),
        (0.619259, 0.000000, 0.823704),
        (0.633876, 0.015455, 0.823852),
        (0.648082, 0.030909, 0.824299),
        (0.661499, 0.046364, 0.825043),
        (0.673814, 0.061818, 0.826084),
        (0.684803, 0.077273, 0.827423),
        (0.694349, 0.092727, 0.829059),
        (0.702451, 0.108182, 0.830993),
        (0.709226, 0.123636, 0.833224),
        (0.714900, 0.139091, 0.835753),
        (0.719785, 0.154545, 0.838580),
        (0.724259, 0.170000, 0.841704),
        (0.653333, 0.000000, 0.823704),
        (0.667950, 0.015455, 0.823852),
        (0.682156, 0.030909, 0.824299),
        (0.695573, 0.046364, 0.825043),
        (0.707889, 0.061818, 0.826084),
        (0.718877, 0.077273, 0.827423),
        (0.728423, 0.092727, 0.829059),
        (0.736525, 0.108182, 0.830993),
        (0.743300, 0.123636, 0.833224),
        (0.748974, 0.139091, 0.835753),
        (0.753859, 0.154545, 0.838580),
        (0.758333, 0.170000, 0.841704),
        (0.687407, 0.000000, 0.823704),
        (0.702024, 0.015455, 0.823852),
        (0.716230, 0.030909, 0.824299),
        (0.729647, 0.046364, 0.825043),
        (0.741963, 0.061818, 0.826084),
        (0.752951, 0.077273, 0.827423),
        (0.762497, 0.092727, 0.829059),
        (0.770599, 0.108182, 0.830993),
        (0.777375, 0.123636, 0.833224),
        (0.783048, 0.139091, 0.835753),
        (0.787933, 0.154545, 0.838580),
        (0.792407, 0.170000, 0.841704),
        (0.721481, 0.000000, 0.823704),
        (0.736098, 0.015455, 0.823852),
        (0.750304, 0.030909, 0.824299),
        (0.763721, 0.046364, 0.825043),
        (0.776037, 0.061818, 0.826084),
        (0.787026, 0.077273, 0.827423),
        (0.796571, 0.092727, 0.829059),
        (0.804673, 0.108182, 0.830993),
        (0.811449, 0.123636, 0.833224),
        (0.817122, 0.139091, 0.835753),
        (0.822007, 0.154545, 0.838580),
        (0.826481, 0.170000, 0.841704),
        (0.755556, 0.000000, 0.823704),
        (0.770172, 0.015455, 0.823852),
        (0.784378, 0.030909, 0.824299),
        (0.797795, 0.046364, 0.825043),
        (0.810111, 0.061818, 0.826084),
        (0.821100, 0.077273, 0.827423),
        (0.830645, 0.092727, 0.829059),
        (0.838747, 0.108182, 0.830993),
        (0.845523, 0.123636, 0.833224),
        (0.851196, 0.139091, 0.835753),
        (0.856081, 0.154545, 0.838580),
        (0.860556, 0.170000, 0.841704),
        (0.789630, 0.000000, 0.823704),
        (0.804246, 0.015455, 0.823852),
        (0.818452, 0.030909, 0.824299),
        (0.831869, 0.046364, 0.825043),
        (0.844185, 0.061818, 0.826084),
        (0.855174, 0.077273, 0.827423),
        (0.864719, 0.092727, 0.829059),
        (0.872821, 0.108182, 0.830993),
        (0.879597, 0.123636, 0.833224),
        (0.885270, 0.139091, 0.835753),
        (0.890155, 0.154545, 0.838580),
        (0.894630, 0.170000, 0.841704),
        (0.823704, 0.000000, 0.823704),
        (0.838320, 0.015455, 0.823852),
        (0.852526, 0.030909, 0.824299),
        (0.865944, 0.046364, 0.825043),
        (0.878259, 0.061818, 0.826084),
        (0.889248, 0.077273, 0.827423),
        (0.898793, 0.092727, 0.829059),
        (0.906895, 0.108182, 0.830993),
        (0.913671, 0.123636, 0.833224),
        (0.919344, 0.139091, 0.835753),
        (0.924229, 0.154545, 0.838580),
        (0.928704, 0.170000, 0.841704),
        (0.857778, 0.000000, 0.823704),
        (0.872394, 0.015455, 0.823852),
        (0.886600, 0.030909, 0.824299),
        (0.900018, 0.046364, 0.825043),
        (0.912333, 0.061818, 0.826084),
        (0.923322, 0.077273, 0.827423),
        (0.932867, 0.092727, 0.829059),
        (0.940969, 0.108182, 0.830993),
        (0.947745, 0.123636, 0.833224),
        (0.953418, 0.139091, 0.835753),
        (0.958304, 0.154545, 0.838580),
        (0.962778, 0.170000, 0.841704),
        (0.891852, 0.000000, 0.823704),
        (0.906468, 0.015455, 0.823852),
        (0.920674, 0.030909, 0.824299),
        (0.934092, 0.046364, 0.825043),
        (0.946407, 0.061818, 0.826084),
        (0.957396, 0.077273, 0.827423),
        (0.966941, 0.092727, 0.829059),
        (0.975043, 0.108182, 0.830993),
        (0.981819, 0.123636, 0.833224),
        (0.987492, 0.139091, 0.835753),
        (0.992378, 0.154545, 0.838580),
        (0.996852, 0.170000, 0.841704),
        (0.925926, 0.000000, 0.823704),
        (0.940543, 0.015455, 0.823852),
        (0.954748, 0.030909, 0.824299),
        (0.968166, 0.046364, 0.825043),
        (0.980481, 0.061818, 0.826084),
        (0.991470, 0.077273, 0.827423),
        (1.001015, 0.092727, 0.829059),
        (1.009117, 0.108182, 0.830993),
        (1.015893, 0.123636, 0.833224),
        (1.021567, 0.139091, 0.835753),
        (1.026452, 0.154545, 0.838580),
        (1.030926, 0.170000, 0.841704),
        (0.960000, 0.000000, 0.823704),
        (0.974617, 0.015455, 0.823852),
        (0.988822, 0.030909, 0.824299),
        (1.002240, 0.046364, 0.825043),
        (1.014555, 0.061818, 0.826084),
        (1.025544, 0.077273, 0.827423),
        (1.035090, 0.092727, 0.829059),
        (1.043192, 0.108182, 0.830993),
        (1.049967, 0.123636, 0.833224),
        (1.055641, 0.139091, 0.835753),
        (1.060526, 0.154545, 0.838580),
        (1.065000, 0.170000, 0.841704),
        (0.040000, 0.000000, 0.857778),
        (0.054617, 0.015455, 0.857927),
        (0.068822, 0.030909, 0.858373),
        (0.082240, 0.046364, 0.859117),
        (0.094555, 0.061818, 0.860158),
        (0.105544, 0.077273, 0.861497),
        (0.115090, 0.092727, 0.863133),
        (0.123192, 0.108182, 0.865067),
        (0.129967, 0.123636, 0.867298),
        (0.135641, 0.139091, 0.869827),
        (0.140526, 0.154545, 0.872654),
        (0.145000, 0.170000, 0.875778),
        (0.074074, 0.000000, 0.857778),
        (0.088691, 0.015455, 0.857927),
        (0.102897, 0.030909, 0.858373),
        (0.116314, 0.046364, 0.859117),
        (0.128629, 0.061818, 0.860158),
        (0.139618, 0.077273, 0.861497),
        (0.149164, 0.092727, 0.863133),
        (0.157266, 0.108182, 0.865067),
        (0.164041, 0.123636, 0.867298),
        (0.169715, 0.139091, 0.869827),
        (0.174600, 0.154545, 0.872654),
        (0.179074, 0.170000, 0.875778),
        (0.108148, 0.000000, 0.857778),
        (0.122765, 0.015455, 0.857927),
        (0.136971, 0.030909, 0.858373),
        (0.150388, 0.046364, 0.859117),
        (0.162703, 0.061818, 0.860158),
        (0.173692, 0.077273, 0.861497),
        (0.183238, 0.092727, 0.863133),
        (0.191340, 0.108182, 0.865067),
        (0.198115, 0.123636, 0.867298),
        (0.203789, 0.139091, 0.869827),
        (0.208674, 0.154545, 0.872654),
        (0.213148, 0.170000, 0.875778),
        (0.142222, 0.000000, 0.857778),
        (0.156839, 0.015455, 0.857927),
        (0.171045, 0.030909, 0.858373),
        (0.184462, 0.046364, 0.859117),
        (0.196777, 0.061818, 0.860158),
        (0.207766, 0.077273, 0.861497),
        (0.217312, 0.092727, 0.863133),
        (0.225414, 0.108182, 0.865067),
        (0.232189, 0.123636, 0.867298),
        (0.237863, 0.139091, 0.869827),
        (0.242748, 0.154545, 0.872654),
        (0.247222, 0.170000, 0.875778),
        (0.176296, 0.000000, 0.857778),
        (0.190913, 0.015455, 0.857927),
        (0.205119, 0.030909, 0.858373),
        (0.218536, 0.046364, 0.859117),
        (0.230851, 0.061818, 0.860158),
        (0.241840, 0.077273, 0.861497),
        (0.251386, 0.092727, 0.863133),
        (0.259488, 0.108182, 0.865067),
        (0.266263, 0.123636, 0.867298),
        (0.271937, 0.139091, 0.869827),
        (0.276822, 0.154545, 0.872654),
        (0.281296, 0.170000, 0.875778),
        (0.210370, 0.000000, 0.857778),
        (0.224987, 0.015455, 0.857927),
        (0.239193, 0.030909, 0.858373),
        (0.252610, 0.046364, 0.859117),
        (0.264926, 0.061818, 0.860158),
        (0.275914, 0.077273, 0.861497),
        (0.285460, 0.092727, 0.863133),
        (0.293562, 0.108182, 0.865067),
        (0.300337, 0.123636, 0.867298),
        (0.306011, 0.139091, 0.869827),
        (0.310896, 0.154545, 0.872654),
        (0.315370, 0.170000, 0.875778),
        (0.244444, 0.000000, 0.857778),
        (0.259061, 0.015455, 0.857927),
        (0.273267, 0.030909, 0.858373),
        (0.286684, 0.046364, 0.859117),
        (0.299000, 0.061818, 0.860158),
        (0.309989, 0.077273, 0.861497),
        (0.319534, 0.092727, 0.863133),
        (0.327636, 0.108182, 0.865067),
        (0.334412, 0.123636, 0.867298),
        (0.340085, 0.139091, 0.869827),
        (0.344970, 0.154545, 0.872654),
        (0.349444, 0.170000, 0.875778),
        (0.278519, 0.000000, 0.857778),
        (0.293135, 0.015455, 0.857927),
        (0.307341, 0.030909, 0.858373),
        (0.320758, 0.046364, 0.859117),
        (0.333074, 0.061818, 0.860158),
        (0.344063, 0.077273, 0.861497),
        (0.353608, 0.092727, 0.863133),
        (0.361710, 0.108182, 0.865067),
        (0.368486, 0.123636, 0.867298),
        (0.374159, 0.139091, 0.869827),
        (0.379044, 0.154545, 0.872654),
        (0.383519, 0.170000, 0.875778),
        (0.312593, 0.000000, 0.857778),
        (0.327209, 0.015455, 0.857927),
        (0.341415, 0.030909, 0.858373),
        (0.354832, 0.046364, 0.859117),
        (0.367148, 0.061818, 0.860158),
        (0.378137, 0.077273, 0.861497),
        (0.387682, 0.092727, 0.863133),
        (0.395784, 0.108182, 0.865067),
        (0.402560, 0.123636, 0.867298),
        (0.408233, 0.139091, 0.869827),
        (0.413118, 0.154545, 0.872654),
        (0.417593, 0.170000, 0.875778),
        (0.346667, 0.000000, 0.857778),
        (0.361283, 0.015455, 0.857927),
        (0.375489, 0.030909, 0.858373),
        (0.388907, 0.046364, 0.859117),
        (0.401222, 0.061818, 0.860158),
        (0.412211, 0.077273, 0.861497),
        (0.421756, 0.092727, 0.863133),
        (0.429858, 0.108182, 0.865067),
        (0.436634, 0.123636, 0.867298),
        (0.442307, 0.139091, 0.869827),
        (0.447192, 0.154545, 0.872654),
        (0.451667, 0.170000, 0.875778),
        (0.380741, 0.000000, 0.857778),
        (0.395357, 0.015455, 0.857927),
        (0.409563, 0.030909, 0.858373),
        (0.422981, 0.046364, 0.859117),
        (0.435296, 0.061818, 0.860158),
        (0.446285, 0.077273, 0.861497),
        (0.455830, 0.092727, 0.863133),
        (0.463932, 0.108182, 0.865067),
        (0.470708, 0.123636, 0.867298),
        (0.476381, 0.139091, 0.869827),
        (0.481266, 0.154545, 0.872654),
        (0.485741, 0.170000, 0.875778),
        (0.414815, 0.000000, 0.857778),
        (0.429431, 0.015455, 0.857927),
        (0.443637, 0.030909, 0.858373),
        (0.457055, 0.046364, 0.859117),
        (0.469370, 0.061818, 0.860158),
        (0.480359, 0.077273, 0.861497),
        (0.489904, 0.092727, 0.863133),
        (0.498006, 0.108182, 0.865067),
        (0.504782, 0.123636, 0.867298),
        (0.510455, 0.139091, 0.869827),
        (0.515341, 0.154545, 0.872654),
        (0.519815, 0.170000, 0.875778),
        (0.448889, 0.000000, 0.857778),
        (0.463506, 0.015455, 0.857927),
        (0.477711, 0.030909, 0.858373),
        (0.491129, 0.046364, 0.859117),
        (0.503444, 0.061818, 0.860158),
        (0.514433, 0.077273, 0.861497),
        (0.523978, 0.092727, 0.863133),
        (0.532080, 0.108182, 0.865067),
        (0.538856, 0.123636, 0.867298),
        (0.544530, 0.139091, 0.869827),
        (0.549415, 0.154545, 0.872654),
        (0.553889, 0.170000, 0.875778),
        (0.482963, 0.000000, 0.857778),
        (0.497580, 0.015455, 0.857927),
        (0.511785, 0.030909, 0.858373),
        (0.525203, 0.046364, 0.859117),
        (0.537518, 0.061818, 0.860158),
        (0.548507, 0.077273, 0.861497),
        (0.558052, 0.092727, 0.863133),
        (0.566155, 0.108182, 0.865067),
        (0.572930, 0.123636, 0.867298),
        (0.578604, 0.139091, 0.869827),
        (0.583489, 0.154545, 0.872654),
        (0.587963, 0.170000, 0.875778),
        (0.517037, 0.000000, 0.857778),
        (0.531654, 0.015455, 0.857927),
        (0.545859, 0.030909, 0.858373),
        (0.559277, 0.046364, 0.859117),
        (0.571592, 0.061818, 0.860158),
        (0.582581, 0.077273, 0.861497),
        (0.592127, 0.092727, 0.863133),
        (0.600229, 0.108182, 0.865067),
        (0.607004, 0.123636, 0.867298),
        (0.612678, 0.139091, 0.869827),
        (0.617563, 0.154545, 0.872654),
        (0.622037, 0.170000, 0.875778),
        (0.551111, 0.000000, 0.857778),
        (0.565728, 0.015455, 0.857927),
        (0.579934, 0.030909, 0.858373),
        (0.593351, 0.046364, 0.859117),
        (0.605666, 0.061818, 0.860158),
        (0.616655, 0.077273, 0.861497),
        (0.626201, 0.092727, 0.863133),
        (0.634303, 0.108182, 0.865067),
        (0.641078, 0.123636, 0.867298),
        (0.646752, 0.139091, 0.869827),
        (0.651637, 0.154545, 0.872654),
        (0.656111, 0.170000, 0.875778),
        (0.585185, 0.000000, 0.857778),
        (0.599802, 0.015455, 0.857927),
        (0.614008, 0.030909, 0.858373),
        (0.627425, 0.046364, 0.859117),
        (0.639740, 0.061818, 0.860158),
        (0.650729, 0.077273, 0.861497),
        (0.660275, 0.092727, 0.863133),
        (0.668377, 0.108182, 0.865067),
        (0.675152, 0.123636, 0.867298),
        (0.680826, 0.139091, 0.869827),
        (0.685711, 0.154545, 0.872654),
        (0.690185, 0.170000, 0.875778),
        (0.619259, 0.000000, 0.857778),
        (0.633876, 0.015455, 0.857927),
        (0.648082, 0.030909, 0.858373),
        (0.661499, 0.046364, 0.859117),
        (0.673814, 0.061818, 0.860158),
        (0.684803, 0.077273, 0.861497),
        (0.694349, 0.092727, 0.863133),
        (0.702451, 0.108182, 0.865067),
        (0.709226, 0.123636, 0.867298),
        (0.714900, 0.139091, 0.869827),
        (0.719785, 0.154545, 0.872654),
        (0.724259, 0.170000, 0.875778),
        (0.653333, 0.000000, 0.857778),
        (0.667950, 0.015455, 0.857927),
        (0.682156, 0.030909, 0.858373),
        (0.695573, 0.046364, 0.859117),
        (0.707889, 0.061818, 0.860158),
        (0.718877, 0.077273, 0.861497),
        (0.728423, 0.092727, 0.863133),
        (0.736525, 0.108182, 0.865067),
        (0.743300, 0.123636, 0.867298),
        (0.748974, 0.139091, 0.869827),
        (0.753859, 0.154545, 0.872654),
        (0.758333, 0.170000, 0.875778),
        (0.687407, 0.000000, 0.857778),
        (0.702024, 0.015455, 0.857927),
        (0.716230, 0.030909, 0.858373),
        (0.729647, 0.046364, 0.859117),
        (0.741963, 0.061818, 0.860158),
        (0.752951, 0.077273, 0.861497),
        (0.762497, 0.092727, 0.863133),
        (0.770599, 0.108182, 0.865067),
        (0.777375, 0.123636, 0.867298),
        (0.783048, 0.139091, 0.869827),
        (0.787933, 0.154545, 0.872654),
        (0.792407, 0.170000, 0.875778),
        (0.721481, 0.000000, 0.857778),
        (0.736098, 0.015455, 0.857927),
        (0.750304, 0.030909, 0.858373),
        (0.763721, 0.046364, 0.859117),
        (0.776037, 0.061818, 0.860158),
        (0.787026, 0.077273, 0.861497),
        (0.796571, 0.092727, 0.863133),
        (0.804673, 0.108182, 0.865067),
        (0.811449, 0.123636, 0.867298),
        (0.817122, 0.139091, 0.869827),
        (0.822007, 0.154545, 0.872654),
        (0.826481, 0.170000, 0.875778),
        (0.755556, 0.000000, 0.857778),
        (0.770172, 0.015455, 0.857927),
        (0.784378, 0.030909, 0.858373),
        (0.797795, 0.046364, 0.859117),
        (0.810111, 0.061818, 0.860158),
        (0.821100, 0.077273, 0.861497),
        (0.830645, 0.092727, 0.863133),
        (0.838747, 0.108182, 0.865067),
        (0.845523, 0.123636, 0.867298),
        (0.851196, 0.139091, 0.869827),
        (0.856081, 0.154545, 0.872654),
        (0.860556, 0.170000, 0.875778),
        (0.789630, 0.000000, 0.857778),
        (0.804246, 0.015455, 0.857927),
        (0.818452, 0.030909, 0.858373),
        (0.831869, 0.046364, 0.859117),
        (0.844185, 0.061818, 0.860158),
        (0.855174, 0.077273, 0.861497),
        (0.864719, 0.092727, 0.863133),
        (0.872821, 0.108182, 0.865067),
        (0.879597, 0.123636, 0.867298),
        (0.885270, 0.139091, 0.869827),
        (0.890155, 0.154545, 0.872654),
        (0.894630, 0.170000, 0.875778),
        (0.823704, 0.000000, 0.857778),
        (0.838320, 0.015455, 0.857927),
        (0.852526, 0.030909, 0.858373),
        (0.865944, 0.046364, 0.859117),
        (0.878259, 0.061818, 0.860158),
        (0.889248, 0.077273, 0.861497),
        (0.898793, 0.092727, 0.863133),
        (0.906895, 0.108182, 0.865067),
        (0.913671, 0.123636, 0.867298),
        (0.919344, 0.139091, 0.869827),
        (0.924229, 0.154545, 0.872654),
        (0.928704, 0.170000, 0.875778),
        (0.857778, 0.000000, 0.857778),
        (0.872394, 0.015455, 0.857927),
        (0.886600, 0.030909, 0.858373),
        (0.900018, 0.046364, 0.859117),
        (0.912333, 0.061818, 0.860158),
        (0.923322, 0.077273, 0.861497),
        (0.932867, 0.092727, 0.863133),
        (0.940969, 0.108182, 0.865067),
        (0.947745, 0.123636, 0.867298),
        (0.953418, 0.139091, 0.869827),
        (0.958304, 0.154545, 0.872654),
        (0.962778, 0.170000, 0.875778),
        (0.891852, 0.000000, 0.857778),
        (0.906468, 0.015455, 0.857927),
        (0.920674, 0.030909, 0.858373),
        (0.934092, 0.046364, 0.859117),
        (0.946407, 0.061818, 0.860158),
        (0.957396, 0.077273, 0.861497),
        (0.966941, 0.092727, 0.863133),
        (0.975043, 0.108182, 0.865067),
        (0.981819, 0.123636, 0.867298),
        (0.987492, 0.139091, 0.869827),
        (0.992378, 0.154545, 0.872654),
        (0.996852, 0.170000, 0.875778),
        (0.925926, 0.000000, 0.857778),
        (0.940543, 0.015455, 0.857927),
        (0.954748, 0.030909, 0.858373),
        (0.968166, 0.046364, 0.859117),
        (0.980481, 0.061818, 0.860158),
        (0.991470, 0.077273, 0.861497),
        (1.001015, 0.092727, 0.863133),
        (1.009117, 0.108182, 0.865067),
        (1.015893, 0.123636, 0.867298),
        (1.021567, 0.139091, 0.869827),
        (1.026452, 0.154545, 0.872654),
        (1.030926, 0.170000, 0.875778),
        (0.960000, 0.000000, 0.857778),
        (0.974617, 0.015455, 0.857927),
        (0.988822, 0.030909, 0.858373),
        (1.002240, 0.046364, 0.859117),
        (1.014555, 0.061818, 0.860158),
        (1.025544, 0.077273, 0.861497),
        (1.035090, 0.092727, 0.863133),
        (1.043192, 0.108182, 0.865067),
        (1.049967, 0.123636, 0.867298),
        (1.055641, 0.139091, 0.869827),
        (1.060526, 0.154545, 0.872654),
        (1.065000, 0.170000, 0.875778),
        (0.040000, 0.000000, 0.891852),
        (0.054617, 0.015455, 0.892001),
        (0.068822, 0.030909, 0.892447),
        (0.082240, 0.046364, 0.893191),
        (0.094555, 0.061818, 0.894232),
        (0.105544, 0.077273, 0.895571),
        (0.115090, 0.092727, 0.897207),
        (0.123192, 0.108182, 0.899141),
        (0.129967, 0.123636, 0.901373),
        (0.135641, 0.139091, 0.903901),
        (0.140526, 0.154545, 0.906728),
        (0.145000, 0.170000, 0.909852),
        (0.074074, 0.000000, 0.891852),
        (0.088691, 0.015455, 0.892001),
        (0.102897, 0.030909, 0.892447),
        (0.116314, 0.046364, 0.893191),
        (0.128629, 0.061818, 0.894232),
        (0.139618, 0.077273, 0.895571),
        (0.149164, 0.092727, 0.897207),
        (0.157266, 0.108182, 0.899141),
        (0.164041, 0.123636, 0.901373),
        (0.169715, 0.139091, 0.903901),
        (0.174600, 0.154545, 0.906728),
        (0.179074, 0.170000, 0.909852),
        (0.108148, 0.000000, 0.891852),
        (0.122765, 0.015455, 0.892001),
        (0.136971, 0.030909, 0.892447),
        (0.150388, 0.046364, 0.893191),
        (0.162703, 0.061818, 0.894232),
        (0.173692, 0.077273, 0.895571),
        (0.183238, 0.092727, 0.897207),
        (0.191340, 0.108182, 0.899141),
        (0.198115, 0.123636, 0.901373),
        (0.203789, 0.139091, 0.903901),
        (0.208674, 0.154545, 0.906728),
        (0.213148, 0.170000, 0.909852),
        (0.142222, 0.000000, 0.891852),
        (0.156839, 0.015455, 0.892001),
        (0.171045, 0.030909, 0.892447),
        (0.184462, 0.046364, 0.893191),
        (0.196777, 0.061818, 0.894232),
        (0.207766, 0.077273, 0.895571),
        (0.217312, 0.092727, 0.897207),
        (0.225414, 0.108182, 0.899141),
        (0.232189, 0.123636, 0.901373),
        (0.237863, 0.139091, 0.903901),
        (0.242748, 0.154545, 0.906728),
        (0.247222, 0.170000, 0.909852),
        (0.176296, 0.000000, 0.891852),
        (0.190913, 0.015455, 0.892001),
        (0.205119, 0.030909, 0.892447),
        (0.218536, 0.046364, 0.893191),
        (0.230851, 0.061818, 0.894232),
        (0.241840, 0.077273, 0.895571),
        (0.251386, 0.092727, 0.897207),
        (0.259488, 0.108182, 0.899141),
        (0.266263, 0.123636, 0.901373),
        (0.271937, 0.139091, 0.903901),
        (0.276822, 0.154545, 0.906728),
        (0.281296, 0.170000, 0.909852),
        (0.210370, 0.000000, 0.891852),
        (0.224987, 0.015455, 0.892001),
        (0.239193, 0.030909, 0.892447),
        (0.252610, 0.046364, 0.893191),
        (0.264926, 0.061818, 0.894232),
        (0.275914, 0.077273, 0.895571),
        (0.285460, 0.092727, 0.897207),
        (0.293562, 0.108182, 0.899141),
        (0.300337, 0.123636, 0.901373),
        (0.306011, 0.139091, 0.903901),
        (0.310896, 0.154545, 0.906728),
        (0.315370, 0.170000, 0.909852),
        (0.244444, 0.000000, 0.891852),
        (0.259061, 0.015455, 0.892001),
        (0.273267, 0.030909, 0.892447),
        (0.286684, 0.046364, 0.893191),
        (0.299000, 0.061818, 0.894232),
        (0.309989, 0.077273, 0.895571),
        (0.319534, 0.092727, 0.897207),
        (0.327636, 0.108182, 0.899141),
        (0.334412, 0.123636, 0.901373),
        (0.340085, 0.139091, 0.903901),
        (0.344970, 0.154545, 0.906728),
        (0.349444, 0.170000, 0.909852),
        (0.278519, 0.000000, 0.891852),
        (0.293135, 0.015455, 0.892001),
        (0.307341, 0.030909, 0.892447),
        (0.320758, 0.046364, 0.893191),
        (0.333074, 0.061818, 0.894232),
        (0.344063, 0.077273, 0.895571),
        (0.353608, 0.092727, 0.897207),
        (0.361710, 0.108182, 0.899141),
        (0.368486, 0.123636, 0.901373),
        (0.374159, 0.139091, 0.903901),
        (0.379044, 0.154545, 0.906728),
        (0.383519, 0.170000, 0.909852),
        (0.312593, 0.000000, 0.891852),
        (0.327209, 0.015455, 0.892001),
        (0.341415, 0.030909, 0.892447),
        (0.354832, 0.046364, 0.893191),
        (0.367148, 0.061818, 0.894232),
        (0.378137, 0.077273, 0.895571),
        (0.387682, 0.092727, 0.897207),
        (0.395784, 0.108182, 0.899141),
        (0.402560, 0.123636, 0.901373),
        (0.408233, 0.139091, 0.903901),
        (0.413118, 0.154545, 0.906728),
        (0.417593, 0.170000, 0.909852),
        (0.346667, 0.000000, 0.891852),
        (0.361283, 0.015455, 0.892001),
        (0.375489, 0.030909, 0.892447),
        (0.388907, 0.046364, 0.893191),
        (0.401222, 0.061818, 0.894232),
        (0.412211, 0.077273, 0.895571),
        (0.421756, 0.092727, 0.897207),
        (0.429858, 0.108182, 0.899141),
        (0.436634, 0.123636, 0.901373),
        (0.442307, 0.139091, 0.903901),
        (0.447192, 0.154545, 0.906728),
        (0.451667, 0.170000, 0.909852),
        (0.380741, 0.000000, 0.891852),
        (0.395357, 0.015455, 0.892001),
        (0.409563, 0.030909, 0.892447),
        (0.422981, 0.046364, 0.893191),
        (0.435296, 0.061818, 0.894232),
        (0.446285, 0.077273, 0.895571),
        (0.455830, 0.092727, 0.897207),
        (0.463932, 0.108182, 0.899141),
        (0.470708, 0.123636, 0.901373),
        (0.476381, 0.139091, 0.903901),
        (0.481266, 0.154545, 0.906728),
        (0.485741, 0.170000, 0.909852),
        (0.414815, 0.000000, 0.891852),
        (0.429431, 0.015455, 0.892001),
        (0.443637, 0.030909, 0.892447),
        (0.457055, 0.046364, 0.893191),
        (0.469370, 0.061818, 0.894232),
        (0.480359, 0.077273, 0.895571),
        (0.489904, 0.092727, 0.897207),
        (0.498006, 0.108182, 0.899141),
        (0.504782, 0.123636, 0.901373),
        (0.510455, 0.139091, 0.903901),
        (0.515341, 0.154545, 0.906728),
        (0.519815, 0.170000, 0.909852),
        (0.448889, 0.000000, 0.891852),
        (0.463506, 0.015455, 0.892001),
        (0.477711, 0.030909, 0.892447),
        (0.491129, 0.046364, 0.893191),
        (0.503444, 0.061818, 0.894232),
        (0.514433, 0.077273, 0.895571),
        (0.523978, 0.092727, 0.897207),
        (0.532080, 0.108182, 0.899141),
        (0.538856, 0.123636, 0.901373),
        (0.544530, 0.139091, 0.903901),
        (0.549415, 0.154545, 0.906728),
        (0.553889, 0.170000, 0.909852),
        (0.482963, 0.000000, 0.891852),
        (0.497580, 0.015455, 0.892001),
        (0.511785, 0.030909, 0.892447),
        (0.525203, 0.046364, 0.893191),
        (0.537518, 0.061818, 0.894232),
        (0.548507, 0.077273, 0.895571),
        (0.558052, 0.092727, 0.897207),
        (0.566155, 0.108182, 0.899141),
        (0.572930, 0.123636, 0.901373),
        (0.578604, 0.139091, 0.903901),
        (0.583489, 0.154545, 0.906728),
        (0.587963, 0.170000, 0.909852),
        (0.517037, 0.000000, 0.891852),
        (0.531654, 0.015455, 0.892001),
        (0.545859, 0.030909, 0.892447),
        (0.559277, 0.046364, 0.893191),
        (0.571592, 0.061818, 0.894232),
        (0.582581, 0.077273, 0.895571),
        (0.592127, 0.092727, 0.897207),
        (0.600229, 0.108182, 0.899141),
        (0.607004, 0.123636, 0.901373),
        (0.612678, 0.139091, 0.903901),
        (0.617563, 0.154545, 0.906728),
        (0.622037, 0.170000, 0.909852),
        (0.551111, 0.000000, 0.891852),
        (0.565728, 0.015455, 0.892001),
        (0.579934, 0.030909, 0.892447),
        (0.593351, 0.046364, 0.893191),
        (0.605666, 0.061818, 0.894232),
        (0.616655, 0.077273, 0.895571),
        (0.626201, 0.092727, 0.897207),
        (0.634303, 0.108182, 0.899141),
        (0.641078, 0.123636, 0.901373),
        (0.646752, 0.139091, 0.903901),
        (0.651637, 0.154545, 0.906728),
        (0.656111, 0.170000, 0.909852),
        (0.585185, 0.000000, 0.891852),
        (0.599802, 0.015455, 0.892001),
        (0.614008, 0.030909, 0.892447),
        (0.627425, 0.046364, 0.893191),
        (0.639740, 0.061818, 0.894232),
        (0.650729, 0.077273, 0.895571),
        (0.660275, 0.092727, 0.897207),
        (0.668377, 0.108182, 0.899141),
        (0.675152, 0.123636, 0.901373),
        (0.680826, 0.139091, 0.903901),
        (0.685711, 0.154545, 0.906728),
        (0.690185, 0.170000, 0.909852),
        (0.619259, 0.000000, 0.891852),
        (0.633876, 0.015455, 0.892001),
        (0.648082, 0.030909, 0.892447),
        (0.661499, 0.046364, 0.893191),
        (0.673814, 0.061818, 0.894232),
        (0.684803, 0.077273, 0.895571),
        (0.694349, 0.092727, 0.897207),
        (0.702451, 0.108182, 0.899141),
        (0.709226, 0.123636, 0.901373),
        (0.714900, 0.139091, 0.903901),
        (0.719785, 0.154545, 0.906728),
        (0.724259, 0.170000, 0.909852),
        (0.653333, 0.000000, 0.891852),
        (0.667950, 0.015455, 0.892001),
        (0.682156, 0.030909, 0.892447),
        (0.695573, 0.046364, 0.893191),
        (0.707889, 0.061818, 0.894232),
        (0.718877, 0.077273, 0.895571),
        (0.728423, 0.092727, 0.897207),
        (0.736525, 0.108182, 0.899141),
        (0.743300, 0.123636, 0.901373),
        (0.748974, 0.139091, 0.903901),
        (0.753859, 0.154545, 0.906728),
        (0.758333, 0.170000, 0.909852),
        (0.687407, 0.000000, 0.891852),
        (0.702024, 0.015455, 0.892001),
        (0.716230, 0.030909, 0.892447),
        (0.729647, 0.046364, 0.893191),
        (0.741963, 0.061818, 0.894232),
        (0.752951, 0.077273, 0.895571),
        (0.762497, 0.092727, 0.897207),
        (0.770599, 0.108182, 0.899141),
        (0.777375, 0.123636, 0.901373),
        (0.783048, 0.139091, 0.903901),
        (0.787933, 0.154545, 0.906728),
        (0.792407, 0.170000, 0.909852),
        (0.721481, 0.000000, 0.891852),
        (0.736098, 0.015455, 0.892001),
        (0.750304, 0.030909, 0.892447),
        (0.763721, 0.046364, 0.893191),
        (0.776037, 0.061818, 0.894232),
        (0.787026, 0.077273, 0.895571),
        (0.796571, 0.092727, 0.897207),
        (0.804673, 0.108182, 0.899141),
        (0.811449, 0.123636, 0.901373),
        (0.817122, 0.139091, 0.903901),
        (0.822007, 0.154545, 0.906728),
        (0.826481, 0.170000, 0.909852),
        (0.755556, 0.000000, 0.891852),
        (0.770172, 0.015455, 0.892001),
        (0.784378, 0.030909, 0.892447),
        (0.797795, 0.046364, 0.893191),
        (0.810111, 0.061818, 0.894232),
        (0.821100, 0.077273, 0.895571),
        (0.830645, 0.092727, 0.897207),
        (0.838747, 0.108182, 0.899141),
        (0.845523, 0.123636, 0.901373),
        (0.851196, 0.139091, 0.903901),
        (0.856081, 0.154545, 0.906728),
        (0.860556, 0.170000, 0.909852),
        (0.789630, 0.000000, 0.891852),
        (0.804246, 0.015455, 0.892001),
        (0.818452, 0.030909, 0.892447),
        (0.831869, 0.046364, 0.893191),
        (0.844185, 0.061818, 0.894232),
        (0.855174, 0.077273, 0.895571),
        (0.864719, 0.092727, 0.897207),
        (0.872821, 0.108182, 0.899141),
        (0.879597, 0.123636, 0.901373),
        (0.885270, 0.139091, 0.903901),
        (0.890155, 0.154545, 0.906728),
        (0.894630, 0.170000, 0.909852),
        (0.823704, 0.000000, 0.891852),
        (0.838320, 0.015455, 0.892001),
        (0.852526, 0.030909, 0.892447),
        (0.865944, 0.046364, 0.893191),
        (0.878259, 0.061818, 0.894232),
        (0.889248, 0.077273, 0.895571),
        (0.898793, 0.092727, 0.897207),
        (0.906895, 0.108182, 0.899141),
        (0.913671, 0.123636, 0.901373),
        (0.919344, 0.139091, 0.903901),
        (0.924229, 0.154545, 0.906728),
        (0.928704, 0.170000, 0.909852),
        (0.857778, 0.000000, 0.891852),
        (0.872394, 0.015455, 0.892001),
        (0.886600, 0.030909, 0.892447),
        (0.900018, 0.046364, 0.893191),
        (0.912333, 0.061818, 0.894232),
        (0.923322, 0.077273, 0.895571),
        (0.932867, 0.092727, 0.897207),
        (0.940969, 0.108182, 0.899141),
        (0.947745, 0.123636, 0.901373),
        (0.953418, 0.139091, 0.903901),
        (0.958304, 0.154545, 0.906728),
        (0.962778, 0.170000, 0.909852),
        (0.891852, 0.000000, 0.891852),
        (0.906468, 0.015455, 0.892001),
        (0.920674, 0.030909, 0.892447),
        (0.934092, 0.046364, 0.893191),
        (0.946407, 0.061818, 0.894232),
        (0.957396, 0.077273, 0.895571),
        (0.966941, 0.092727, 0.897207),
        (0.975043, 0.108182, 0.899141),
        (0.981819, 0.123636, 0.901373),
        (0.987492, 0.139091, 0.903901),
        (0.992378, 0.154545, 0.906728),
        (0.996852, 0.170000, 0.909852),
        (0.925926, 0.000000, 0.891852),
        (0.940543, 0.015455, 0.892001),
        (0.954748, 0.030909, 0.892447),
        (0.968166, 0.046364, 0.893191),
        (0.980481, 0.061818, 0.894232),
        (0.991470, 0.077273, 0.895571),
        (1.001015, 0.092727, 0.897207),
        (1.009117, 0.108182, 0.899141),
        (1.015893, 0.123636, 0.901373),
        (1.021567, 0.139091, 0.903901),
        (1.026452, 0.154545, 0.906728),
        (1.030926, 0.170000, 0.909852),
        (0.960000, 0.000000, 0.891852),
        (0.974617, 0.015455, 0.892001),
        (0.988822, 0.030909, 0.892447),
        (1.002240, 0.046364, 0.893191),
        (1.014555, 0.061818, 0.894232),
        (1.025544, 0.077273, 0.895571),
        (1.035090, 0.092727, 0.897207),
        (1.043192, 0.108182, 0.899141),
        (1.049967, 0.123636, 0.901373),
        (1.055641, 0.139091, 0.903901),
        (1.060526, 0.154545, 0.906728),
        (1.065000, 0.170000, 0.909852),
        (0.040000, 0.000000, 0.925926),
        (0.054617, 0.015455, 0.926075),
        (0.068822, 0.030909, 0.926521),
        (0.082240, 0.046364, 0.927265),
        (0.094555, 0.061818, 0.928306),
        (0.105544, 0.077273, 0.929645),
        (0.115090, 0.092727, 0.931281),
        (0.123192, 0.108182, 0.933215),
        (0.129967, 0.123636, 0.935447),
        (0.135641, 0.139091, 0.937976),
        (0.140526, 0.154545, 0.940802),
        (0.145000, 0.170000, 0.943926),
        (0.074074, 0.000000, 0.925926),
        (0.088691, 0.015455, 0.926075),
        (0.102897, 0.030909, 0.926521),
        (0.116314, 0.046364, 0.927265),
        (0.128629, 0.061818, 0.928306),
        (0.139618, 0.077273, 0.929645),
        (0.149164, 0.092727, 0.931281),
        (0.157266, 0.108182, 0.933215),
        (0.164041, 0.123636, 0.935447),
        (0.169715, 0.139091, 0.937976),
        (0.174600, 0.154545, 0.940802),
        (0.179074, 0.170000, 0.943926),
        (0.108148, 0.000000, 0.925926),
        (0.122765, 0.015455, 0.926075),
        (0.136971, 0.030909, 0.926521),
        (0.150388, 0.046364, 0.927265),
        (0.162703, 0.061818, 0.928306),
        (0.173692, 0.077273, 0.929645),
        (0.183238, 0.092727, 0.931281),
        (0.191340, 0.108182, 0.933215),
        (0.198115, 0.123636, 0.935447),
        (0.203789, 0.139091, 0.937976),
        (0.208674, 0.154545, 0.940802),
        (0.213148, 0.170000, 0.943926),
        (0.142222, 0.000000, 0.925926),
        (0.156839, 0.015455, 0.926075),
        (0.171045, 0.030909, 0.926521),
        (0.184462, 0.046364, 0.927265),
        (0.196777, 0.061818, 0.928306),
        (0.207766, 0.077273, 0.929645),
        (0.217312, 0.092727, 0.931281),
        (0.225414, 0.108182, 0.933215),
        (0.232189, 0.123636, 0.935447),
        (0.237863, 0.139091, 0.937976),
        (0.242748, 0.154545, 0.940802),
        (0.247222, 0.170000, 0.943926),
        (0.176296, 0.000000, 0.925926),
        (0.190913, 0.015455, 0.926075),
        (0.205119, 0.030909, 0.926521),
        (0.218536, 0.046364, 0.927265),
        (0.230851, 0.061818, 0.928306),
        (0.241840, 0.077273, 0.929645),
        (0.251386, 0.092727, 0.931281),
        (0.259488, 0.108182, 0.933215),
        (0.266263, 0.123636, 0.935447),
        (0.271937, 0.139091, 0.937976),
        (0.276822, 0.154545, 0.940802),
        (0.281296, 0.170000, 0.943926),
        (0.210370, 0.000000, 0.925926),
        (0.224987, 0.015455, 0.926075),
        (0.239193, 0.030909, 0.926521),
        (0.252610, 0.046364, 0.927265),
        (0.264926, 0.061818, 0.928306),
        (0.275914, 0.077273, 0.929645),
        (0.285460, 0.092727, 0.931281),
        (0.293562, 0.108182, 0.933215),
        (0.300337, 0.123636, 0.935447),
        (0.306011, 0.139091, 0.937976),
        (0.310896, 0.154545, 0.940802),
        (0.315370, 0.170000, 0.943926),
        (0.244444, 0.000000, 0.925926),
        (0.259061, 0.015455, 0.926075),
        (0.273267, 0.030909, 0.926521),
        (0.286684, 0.046364, 0.927265),
        (0.299000, 0.061818, 0.928306),
        (0.309989, 0.077273, 0.929645),
        (0.319534, 0.092727, 0.931281),
        (0.327636, 0.108182, 0.933215),
        (0.334412, 0.123636, 0.935447),
        (0.340085, 0.139091, 0.937976),
        (0.344970, 0.154545, 0.940802),
        (0.349444, 0.170000, 0.943926),
        (0.278519, 0.000000, 0.925926),
        (0.293135, 0.015455, 0.926075),
        (0.307341, 0.030909, 0.926521),
        (0.320758, 0.046364, 0.927265),
        (0.333074, 0.061818, 0.928306),
        (0.344063, 0.077273, 0.929645),
        (0.353608, 0.092727, 0.931281),
        (0.361710, 0.108182, 0.933215),
        (0.368486, 0.123636, 0.935447),
        (0.374159, 0.139091, 0.937976),
        (0.379044, 0.154545, 0.940802),
        (0.383519, 0.170000, 0.943926),
        (0.312593, 0.000000, 0.925926),
        (0.327209, 0.015455, 0.926075),
        (0.341415, 0.030909, 0.926521),
        (0.354832, 0.046364, 0.927265),
        (0.367148, 0.061818, 0.928306),
        (0.378137, 0.077273, 0.929645),
        (0.387682, 0.092727, 0.931281),
        (0.395784, 0.108182, 0.933215),
        (0.402560, 0.123636, 0.935447),
        (0.408233, 0.139091, 0.937976),
        (0.413118, 0.154545, 0.940802),
        (0.417593, 0.170000, 0.943926),
        (0.346667, 0.000000, 0.925926),
        (0.361283, 0.015455, 0.926075),
        (0.375489, 0.030909, 0.926521),
        (0.388907, 0.046364, 0.927265),
        (0.401222, 0.061818, 0.928306),
        (0.412211, 0.077273, 0.929645),
        (0.421756, 0.092727, 0.931281),
        (0.429858, 0.108182, 0.933215),
        (0.436634, 0.123636, 0.935447),
        (0.442307, 0.139091, 0.937976),
        (0.447192, 0.154545, 0.940802),
        (0.451667, 0.170000, 0.943926),
        (0.380741, 0.000000, 0.925926),
        (0.395357, 0.015455, 0.926075),
        (0.409563, 0.030909, 0.926521),
        (0.422981, 0.046364, 0.927265),
        (0.435296, 0.061818, 0.928306),
        (0.446285, 0.077273, 0.929645),
        (0.455830, 0.092727, 0.931281),
        (0.463932, 0.108182, 0.933215),
        (0.470708, 0.123636, 0.935447),
        (0.476381, 0.139091, 0.937976),
        (0.481266, 0.154545, 0.940802),
        (0.485741, 0.170000, 0.943926),
        (0.414815, 0.000000, 0.925926),
        (0.429431, 0.015455, 0.926075),
        (0.443637, 0.030909, 0.926521),
        (0.457055, 0.046364, 0.927265),
        (0.469370, 0.061818, 0.928306),
        (0.480359, 0.077273, 0.929645),
        (0.489904, 0.092727, 0.931281),
        (0.498006, 0.108182, 0.933215),
        (0.504782, 0.123636, 0.935447),
        (0.510455, 0.139091, 0.937976),
        (0.515341, 0.154545, 0.940802),
        (0.519815, 0.170000, 0.943926),
        (0.448889, 0.000000, 0.925926),
        (0.463506, 0.015455, 0.926075),
        (0.477711, 0.030909, 0.926521),
        (0.491129, 0.046364, 0.927265),
        (0.503444, 0.061818, 0.928306),
        (0.514433, 0.077273, 0.929645),
        (0.523978, 0.092727, 0.931281),
        (0.532080, 0.108182, 0.933215),
        (0.538856, 0.123636, 0.935447),
        (0.544530, 0.139091, 0.937976),
        (0.549415, 0.154545, 0.940802),
        (0.553889, 0.170000, 0.943926),
        (0.482963, 0.000000, 0.925926),
        (0.497580, 0.015455, 0.926075),
        (0.511785, 0.030909, 0.926521),
        (0.525203, 0.046364, 0.927265),
        (0.537518, 0.061818, 0.928306),
        (0.548507, 0.077273, 0.929645),
        (0.558052, 0.092727, 0.931281),
        (0.566155, 0.108182, 0.933215),
        (0.572930, 0.123636, 0.935447),
        (0.578604, 0.139091, 0.937976),
        (0.583489, 0.154545, 0.940802),
        (0.587963, 0.170000, 0.943926),
        (0.517037, 0.000000, 0.925926),
        (0.531654, 0.015455, 0.926075),
        (0.545859, 0.030909, 0.926521),
        (0.559277, 0.046364, 0.927265),
        (0.571592, 0.061818, 0.928306),
        (0.582581, 0.077273, 0.929645),
        (0.592127, 0.092727, 0.931281),
        (0.600229, 0.108182, 0.933215),
        (0.607004, 0.123636, 0.935447),
        (0.612678, 0.139091, 0.937976),
        (0.617563, 0.154545, 0.940802),
        (0.622037, 0.170000, 0.943926),
        (0.551111, 0.000000, 0.925926),
        (0.565728, 0.015455, 0.926075),
        (0.579934, 0.030909, 0.926521),
        (0.593351, 0.046364, 0.927265),
        (0.605666, 0.061818, 0.928306),
        (0.616655, 0.077273, 0.929645),
        (0.626201, 0.092727, 0.931281),
        (0.634303, 0.108182, 0.933215),
        (0.641078, 0.123636, 0.935447),
        (0.646752, 0.139091, 0.937976),
        (0.651637, 0.154545, 0.940802),
        (0.656111, 0.170000, 0.943926),
        (0.585185, 0.000000, 0.925926),
        (0.599802, 0.015455, 0.926075),
        (0.614008, 0.030909, 0.926521),
        (0.627425, 0.046364, 0.927265),
        (0.639740, 0.061818, 0.928306),
        (0.650729, 0.077273, 0.929645),
        (0.660275, 0.092727, 0.931281),
        (0.668377, 0.108182, 0.933215),
        (0.675152, 0.123636, 0.935447),
        (0.680826, 0.139091, 0.937976),
        (0.685711, 0.154545, 0.940802),
        (0.690185, 0.170000, 0.943926),
        (0.619259, 0.000000, 0.925926),
        (0.633876, 0.015455, 0.926075),
        (0.648082, 0.030909, 0.926521),
        (0.661499, 0.046364, 0.927265),
        (0.673814, 0.061818, 0.928306),
        (0.684803, 0.077273, 0.929645),
        (0.694349, 0.092727, 0.931281),
        (0.702451, 0.108182, 0.933215),
        (0.709226, 0.123636, 0.935447),
        (0.714900, 0.139091, 0.937976),
        (0.719785, 0.154545, 0.940802),
        (0.724259, 0.170000, 0.943926),
        (0.653333, 0.000000, 0.925926),
        (0.667950, 0.015455, 0.926075),
        (0.682156, 0.030909, 0.926521),
        (0.695573, 0.046364, 0.927265),
        (0.707889, 0.061818, 0.928306),
        (0.718877, 0.077273, 0.929645),
        (0.728423, 0.092727, 0.931281),
        (0.736525, 0.108182, 0.933215),
        (0.743300, 0.123636, 0.935447),
        (0.748974, 0.139091, 0.937976),
        (0.753859, 0.154545, 0.940802),
        (0.758333, 0.170000, 0.943926),
        (0.687407, 0.000000, 0.925926),
        (0.702024, 0.015455, 0.926075),
        (0.716230, 0.030909, 0.926521),
        (0.729647, 0.046364, 0.927265),
        (0.741963, 0.061818, 0.928306),
        (0.752951, 0.077273, 0.929645),
        (0.762497, 0.092727, 0.931281),
        (0.770599, 0.108182, 0.933215),
        (0.777375, 0.123636, 0.935447),
        (0.783048, 0.139091, 0.937976),
        (0.787933, 0.154545, 0.940802),
        (0.792407, 0.170000, 0.943926),
        (0.721481, 0.000000, 0.925926),
        (0.736098, 0.015455, 0.926075),
        (0.750304, 0.030909, 0.926521),
        (0.763721, 0.046364, 0.927265),
        (0.776037, 0.061818, 0.928306),
        (0.787026, 0.077273, 0.929645),
        (0.796571, 0.092727, 0.931281),
        (0.804673, 0.108182, 0.933215),
        (0.811449, 0.123636, 0.935447),
        (0.817122, 0.139091, 0.937976),
        (0.822007, 0.154545, 0.940802),
        (0.826481, 0.170000, 0.943926),
        (0.755556, 0.000000, 0.925926),
        (0.770172, 0.015455, 0.926075),
        (0.784378, 0.030909, 0.926521),
        (0.797795, 0.046364, 0.927265),
        (0.810111, 0.061818, 0.928306),
        (0.821100, 0.077273, 0.929645),
        (0.830645, 0.092727, 0.931281),
        (0.838747, 0.108182, 0.933215),
        (0.845523, 0.123636, 0.935447),
        (0.851196, 0.139091, 0.937976),
        (0.856081, 0.154545, 0.940802),
        (0.860556, 0.170000, 0.943926),
        (0.789630, 0.000000, 0.925926),
        (0.804246, 0.015455, 0.926075),
        (0.818452, 0.030909, 0.926521),
        (0.831869, 0.046364, 0.927265),
        (0.844185, 0.061818, 0.928306),
        (0.855174, 0.077273, 0.929645),
        (0.864719, 0.092727, 0.931281),
        (0.872821, 0.108182, 0.933215),
        (0.879597, 0.123636, 0.935447),
        (0.885270, 0.139091, 0.937976),
        (0.890155, 0.154545, 0.940802),
        (0.894630, 0.170000, 0.943926),
        (0.823704, 0.000000, 0.925926),
        (0.838320, 0.015455, 0.926075),
        (0.852526, 0.030909, 0.926521),
        (0.865944, 0.046364, 0.927265),
        (0.878259, 0.061818, 0.928306),
        (0.889248, 0.077273, 0.929645),
        (0.898793, 0.092727, 0.931281),
        (0.906895, 0.108182, 0.933215),
        (0.913671, 0.123636, 0.935447),
        (0.919344, 0.139091, 0.937976),
        (0.924229, 0.154545, 0.940802),
        (0.928704, 0.170000, 0.943926),
        (0.857778, 0.000000, 0.925926),
        (0.872394, 0.015455, 0.926075),
        (0.886600, 0.030909, 0.926521),
        (0.900018, 0.046364, 0.927265),
        (0.912333, 0.061818, 0.928306),
        (0.923322, 0.077273, 0.929645),
        (0.932867, 0.092727, 0.931281),
        (0.940969, 0.108182, 0.933215),
        (0.947745, 0.123636, 0.935447),
        (0.953418, 0.139091, 0.937976),
        (0.958304, 0.154545, 0.940802),
        (0.962778, 0.170000, 0.943926),
        (0.891852, 0.000000, 0.925926),
        (0.906468, 0.015455, 0.926075),
        (0.920674, 0.030909, 0.926521),
        (0.934092, 0.046364, 0.927265),
        (0.946407, 0.061818, 0.928306),
        (0.957396, 0.077273, 0.929645),
        (0.966941, 0.092727, 0.931281),
        (0.975043, 0.108182, 0.933215),
        (0.981819, 0.123636, 0.935447),
        (0.987492, 0.139091, 0.937976),
        (0.992378, 0.154545, 0.940802),
        (0.996852, 0.170000, 0.943926),
        (0.925926, 0.000000, 0.925926),
        (0.940543, 0.015455, 0.926075),
        (0.954748, 0.030909, 0.926521),
        (0.968166, 0.046364, 0.927265),
        (0.980481, 0.061818, 0.928306),
        (0.991470, 0.077273, 0.929645),
        (1.001015, 0.092727, 0.931281),
        (1.009117, 0.108182, 0.933215),
        (1.015893, 0.123636, 0.935447),
        (1.021567, 0.139091, 0.937976),
        (1.026452, 0.154545, 0.940802),
        (1.030926, 0.170000, 0.943926),
        (0.960000, 0.000000, 0.925926),
        (0.974617, 0.015455, 0.926075),
        (0.988822, 0.030909, 0.926521),
        (1.002240, 0.046364, 0.927265),
        (1.014555, 0.061818, 0.928306),
        (1.025544, 0.077273, 0.929645),
        (1.035090, 0.092727, 0.931281),
        (1.043192, 0.108182, 0.933215),
        (1.049967, 0.123636, 0.935447),
        (1.055641, 0.139091, 0.937976),
        (1.060526, 0.154545, 0.940802),
        (1.065000, 0.170000, 0.943926),
        (0.040000, 0.000000, 0.960000),
        (0.054617, 0.015455, 0.960149),
        (0.068822, 0.030909, 0.960595),
        (0.082240, 0.046364, 0.961339),
        (0.094555, 0.061818, 0.962380),
        (0.105544, 0.077273, 0.963719),
        (0.115090, 0.092727, 0.965355),
        (0.123192, 0.108182, 0.967289),
        (0.129967, 0.123636, 0.969521),
        (0.135641, 0.139091, 0.972050),
        (0.140526, 0.154545, 0.974876),
        (0.145000, 0.170000, 0.978000),
        (0.074074, 0.000000, 0.960000),
        (0.088691, 0.015455, 0.960149),
        (0.102897, 0.030909, 0.960595),
        (0.116314, 0.046364, 0.961339),
        (0.128629, 0.061818, 0.962380),
        (0.139618, 0.077273, 0.963719),
        (0.149164, 0.092727, 0.965355),
        (0.157266, 0.108182, 0.967289),
        (0.164041, 0.123636, 0.969521),
        (0.169715, 0.139091, 0.972050),
        (0.174600, 0.154545, 0.974876),
        (0.179074, 0.170000, 0.978000),
        (0.108148, 0.000000, 0.960000),
        (0.122765, 0.015455, 0.960149),
        (0.136971, 0.030909, 0.960595),
        (0.150388, 0.046364, 0.961339),
        (0.162703, 0.061818, 0.962380),
        (0.173692, 0.077273, 0.963719),
        (0.183238, 0.092727, 0.965355),
        (0.191340, 0.108182, 0.967289),
        (0.198115, 0.123636, 0.969521),
        (0.203789, 0.139091, 0.972050),
        (0.208674, 0.154545, 0.974876),
        (0.213148, 0.170000, 0.978000),
        (0.142222, 0.000000, 0.960000),
        (0.156839, 0.015455, 0.960149),
        (0.171045, 0.030909, 0.960595),
        (0.184462, 0.046364, 0.961339),
        (0.196777, 0.061818, 0.962380),
        (0.207766, 0.077273, 0.963719),
        (0.217312, 0.092727, 0.965355),
        (0.225414, 0.108182, 0.967289),
        (0.232189, 0.123636, 0.969521),
        (0.237863, 0.139091, 0.972050),
        (0.242748, 0.154545, 0.974876),
        (0.247222, 0.170000, 0.978000),
        (0.176296, 0.000000, 0.960000),
        (0.190913, 0.015455, 0.960149),
        (0.205119, 0.030909, 0.960595),
        (0.218536, 0.046364, 0.961339),
        (0.230851, 0.061818, 0.962380),
        (0.241840, 0.077273, 0.963719),
        (0.251386, 0.092727, 0.965355),
        (0.259488, 0.108182, 0.967289),
        (0.266263, 0.123636, 0.969521),
        (0.271937, 0.139091, 0.972050),
        (0.276822, 0.154545, 0.974876),
        (0.281296, 0.170000, 0.978000),
        (0.210370, 0.000000, 0.960000),
        (0.224987, 0.015455, 0.960149),
        (0.239193, 0.030909, 0.960595),
        (0.252610, 0.046364, 0.961339),
        (0.264926, 0.061818, 0.962380),
        (0.275914, 0.077273, 0.963719),
        (0.285460, 0.092727, 0.965355),
        (0.293562, 0.108182, 0.967289),
        (0.300337, 0.123636, 0.969521),
        (0.306011, 0.139091, 0.972050),
        (0.310896, 0.154545, 0.974876),
        (0.315370, 0.170000, 0.978000),
        (0.244444, 0.000000, 0.960000),
        (0.259061, 0.015455, 0.960149),
        (0.273267, 0.030909, 0.960595),
        (0.286684, 0.046364, 0.961339),
        (0.299000, 0.061818, 0.962380),
        (0.309989, 0.077273, 0.963719),
        (0.319534, 0.092727, 0.965355),
        (0.327636, 0.108182, 0.967289),
        (0.334412, 0.123636, 0.969521),
        (0.340085, 0.139091, 0.972050),
        (0.344970, 0.154545, 0.974876),
        (0.349444, 0.170000, 0.978000),
        (0.278519, 0.000000, 0.960000),
        (0.293135, 0.015455, 0.960149),
        (0.307341, 0.030909, 0.960595),
        (0.320758, 0.046364, 0.961339),
        (0.333074, 0.061818, 0.962380),
        (0.344063, 0.077273, 0.963719),
        (0.353608, 0.092727, 0.965355),
        (0.361710, 0.108182, 0.967289),
        (0.368486, 0.123636, 0.969521),
        (0.374159, 0.139091, 0.972050),
        (0.379044, 0.154545, 0.974876),
        (0.383519, 0.170000, 0.978000),
        (0.312593, 0.000000, 0.960000),
        (0.327209, 0.015455, 0.960149),
        (0.341415, 0.030909, 0.960595),
        (0.354832, 0.046364, 0.961339),
        (0.367148, 0.061818, 0.962380),
        (0.378137, 0.077273, 0.963719),
        (0.387682, 0.092727, 0.965355),
        (0.395784, 0.108182, 0.967289),
        (0.402560, 0.123636, 0.969521),
        (0.408233, 0.139091, 0.972050),
        (0.413118, 0.154545, 0.974876),
        (0.417593, 0.170000, 0.978000),
        (0.346667, 0.000000, 0.960000),
        (0.361283, 0.015455, 0.960149),
        (0.375489, 0.030909, 0.960595),
        (0.388907, 0.046364, 0.961339),
        (0.401222, 0.061818, 0.962380),
        (0.412211, 0.077273, 0.963719),
        (0.421756, 0.092727, 0.965355),
        (0.429858, 0.108182, 0.967289),
        (0.436634, 0.123636, 0.969521),
        (0.442307, 0.139091, 0.972050),
        (0.447192, 0.154545, 0.974876),
        (0.451667, 0.170000, 0.978000),
        (0.380741, 0.000000, 0.960000),
        (0.395357, 0.015455, 0.960149),
        (0.409563, 0.030909, 0.960595),
        (0.422981, 0.046364, 0.961339),
        (0.435296, 0.061818, 0.962380),
        (0.446285, 0.077273, 0.963719),
        (0.455830, 0.092727, 0.965355),
        (0.463932, 0.108182, 0.967289),
        (0.470708, 0.123636, 0.969521),
        (0.476381, 0.139091, 0.972050),
        (0.481266, 0.154545, 0.974876),
        (0.485741, 0.170000, 0.978000),
        (0.414815, 0.000000, 0.960000),
        (0.429431, 0.015455, 0.960149),
        (0.443637, 0.030909, 0.960595),
        (0.457055, 0.046364, 0.961339),
        (0.469370, 0.061818, 0.962380),
        (0.480359, 0.077273, 0.963719),
        (0.489904, 0.092727, 0.965355),
        (0.498006, 0.108182, 0.967289),
        (0.504782, 0.123636, 0.969521),
        (0.510455, 0.139091, 0.972050),
        (0.515341, 0.154545, 0.974876),
        (0.519815, 0.170000, 0.978000),
        (0.448889, 0.000000, 0.960000),
        (0.463506, 0.015455, 0.960149),
        (0.477711, 0.030909, 0.960595),
        (0.491129, 0.046364, 0.961339),
        (0.503444, 0.061818, 0.962380),
        (0.514433, 0.077273, 0.963719),
        (0.523978, 0.092727, 0.965355),
        (0.532080, 0.108182, 0.967289),
        (0.538856, 0.123636, 0.969521),
        (0.544530, 0.139091, 0.972050),
        (0.549415, 0.154545, 0.974876),
        (0.553889, 0.170000, 0.978000),
        (0.482963, 0.000000, 0.960000),
        (0.497580, 0.015455, 0.960149),
        (0.511785, 0.030909, 0.960595),
        (0.525203, 0.046364, 0.961339),
        (0.537518, 0.061818, 0.962380),
        (0.548507, 0.077273, 0.963719),
        (0.558052, 0.092727, 0.965355),
        (0.566155, 0.108182, 0.967289),
        (0.572930, 0.123636, 0.969521),
        (0.578604, 0.139091, 0.972050),
        (0.583489, 0.154545, 0.974876),
        (0.587963, 0.170000, 0.978000),
        (0.517037, 0.000000, 0.960000),
        (0.531654, 0.015455, 0.960149),
        (0.545859, 0.030909, 0.960595),
        (0.559277, 0.046364, 0.961339),
        (0.571592, 0.061818, 0.962380),
        (0.582581, 0.077273, 0.963719),
        (0.592127, 0.092727, 0.965355),
        (0.600229, 0.108182, 0.967289),
        (0.607004, 0.123636, 0.969521),
        (0.612678, 0.139091, 0.972050),
        (0.617563, 0.154545, 0.974876),
        (0.622037, 0.170000, 0.978000),
        (0.551111, 0.000000, 0.960000),
        (0.565728, 0.015455, 0.960149),
        (0.579934, 0.030909, 0.960595),
        (0.593351, 0.046364, 0.961339),
        (0.605666, 0.061818, 0.962380),
        (0.616655, 0.077273, 0.963719),
        (0.626201, 0.092727, 0.965355),
        (0.634303, 0.108182, 0.967289),
        (0.641078, 0.123636, 0.969521),
        (0.646752, 0.139091, 0.972050),
        (0.651637, 0.154545, 0.974876),
        (0.656111, 0.170000, 0.978000),
        (0.585185, 0.000000, 0.960000),
        (0.599802, 0.015455, 0.960149),
        (0.614008, 0.030909, 0.960595),
        (0.627425, 0.046364, 0.961339),
        (0.639740, 0.061818, 0.962380),
        (0.650729, 0.077273, 0.963719),
        (0.660275, 0.092727, 0.965355),
        (0.668377, 0.108182, 0.967289),
        (0.675152, 0.123636, 0.969521),
        (0.680826, 0.139091, 0.972050),
        (0.685711, 0.154545, 0.974876),
        (0.690185, 0.170000, 0.978000),
        (0.619259, 0.000000, 0.960000),
        (0.633876, 0.015455, 0.960149),
        (0.648082, 0.030909, 0.960595),
        (0.661499, 0.046364, 0.961339),
        (0.673814, 0.061818, 0.962380),
        (0.684803, 0.077273, 0.963719),
        (0.694349, 0.092727, 0.965355),
        (0.702451, 0.108182, 0.967289),
        (0.709226, 0.123636, 0.969521),
        (0.714900, 0.139091, 0.972050),
        (0.719785, 0.154545, 0.974876),
        (0.724259, 0.170000, 0.978000),
        (0.653333, 0.000000, 0.960000),
        (0.667950, 0.015455, 0.960149),
        (0.682156, 0.030909, 0.960595),
        (0.695573, 0.046364, 0.961339),
        (0.707889, 0.061818, 0.962380),
        (0.718877, 0.077273, 0.963719),
        (0.728423, 0.092727, 0.965355),
        (0.736525, 0.108182, 0.967289),
        (0.743300, 0.123636, 0.969521),
        (0.748974, 0.139091, 0.972050),
        (0.753859, 0.154545, 0.974876),
        (0.758333, 0.170000, 0.978000),
        (0.687407, 0.000000, 0.960000),
        (0.702024, 0.015455, 0.960149),
        (0.716230, 0.030909, 0.960595),
        (0.729647, 0.046364, 0.961339),
        (0.741963, 0.061818, 0.962380),
        (0.752951, 0.077273, 0.963719),
        (0.762497, 0.092727, 0.965355),
        (0.770599, 0.108182, 0.967289),
        (0.777375, 0.123636, 0.969521),
        (0.783048, 0.139091, 0.972050),
        (0.787933, 0.154545, 0.974876),
        (0.792407, 0.170000, 0.978000),
        (0.721481, 0.000000, 0.960000),
        (0.736098, 0.015455, 0.960149),
        (0.750304, 0.030909, 0.960595),
        (0.763721, 0.046364, 0.961339),
        (0.776037, 0.061818, 0.962380),
        (0.787026, 0.077273, 0.963719),
        (0.796571, 0.092727, 0.965355),
        (0.804673, 0.108182, 0.967289),
        (0.811449, 0.123636, 0.969521),
        (0.817122, 0.139091, 0.972050),
        (0.822007, 0.154545, 0.974876),
        (0.826481, 0.170000, 0.978000),
        (0.755556, 0.000000, 0.960000),
        (0.770172, 0.015455, 0.960149),
        (0.784378, 0.030909, 0.960595),
        (0.797795, 0.046364, 0.961339),
        (0.810111, 0.061818, 0.962380),
        (0.821100, 0.077273, 0.963719),
        (0.830645, 0.092727, 0.965355),
        (0.838747, 0.108182, 0.967289),
        (0.845523, 0.123636, 0.969521),
        (0.851196, 0.139091, 0.972050),
        (0.856081, 0.154545, 0.974876),
        (0.860556, 0.170000, 0.978000),
        (0.789630, 0.000000, 0.960000),
        (0.804246, 0.015455, 0.960149),
        (0.818452, 0.030909, 0.960595),
        (0.831869, 0.046364, 0.961339),
        (0.844185, 0.061818, 0.962380),
        (0.855174, 0.077273, 0.963719),
        (0.864719, 0.092727, 0.965355),
        (0.872821, 0.108182, 0.967289),
        (0.879597, 0.123636, 0.969521),
        (0.885270, 0.139091, 0.972050),
        (0.890155, 0.154545, 0.974876),
        (0.894630, 0.170000, 0.978000),
        (0.823704, 0.000000, 0.960000),
        (0.838320, 0.015455, 0.960149),
        (0.852526, 0.030909, 0.960595),
        (0.865944, 0.046364, 0.961339),
        (0.878259, 0.061818, 0.962380),
        (0.889248, 0.077273, 0.963719),
        (0.898793, 0.092727, 0.965355),
        (0.906895, 0.108182, 0.967289),
        (0.913671, 0.123636, 0.969521),
        (0.919344, 0.139091, 0.972050),
        (0.924229, 0.154545, 0.974876),
        (0.928704, 0.170000, 0.978000),
        (0.857778, 0.000000, 0.960000),
        (0.872394, 0.015455, 0.960149),
        (0.886600, 0.030909, 0.960595),
        (0.900018, 0.046364, 0.961339),
        (0.912333, 0.061818, 0.962380),
        (0.923322, 0.077273, 0.963719),
        (0.932867, 0.092727, 0.965355),
        (0.940969, 0.108182, 0.967289),
        (0.947745, 0.123636, 0.969521),
        (0.953418, 0.139091, 0.972050),
        (0.958304, 0.154545, 0.974876),
        (0.962778, 0.170000, 0.978000),
        (0.891852, 0.000000, 0.960000),
        (0.906468, 0.015455, 0.960149),
        (0.920674, 0.030909, 0.960595),
        (0.934092, 0.046364, 0.961339),
        (0.946407, 0.061818, 0.962380),
        (0.957396, 0.077273, 0.963719),
        (0.966941, 0.092727, 0.965355),
        (0.975043, 0.108182, 0.967289),
        (0.981819, 0.123636, 0.969521),
        (0.987492, 0.139091, 0.972050),
        (0.992378, 0.154545, 0.974876),
        (0.996852, 0.170000, 0.978000),
        (0.925926, 0.000000, 0.960000),
        (0.940543, 0.015455, 0.960149),
        (0.954748, 0.030909, 0.960595),
        (0.968166, 0.046364, 0.961339),
        (0.980481, 0.061818, 0.962380),
        (0.991470, 0.077273, 0.963719),
        (1.001015, 0.092727, 0.965355),
        (1.009117, 0.108182, 0.967289),
        (1.015893, 0.123636, 0.969521),
        (1.021567, 0.139091, 0.972050),
        (1.026452, 0.154545, 0.974876),
        (1.030926, 0.170000, 0.978000),
        (0.960000, 0.000000, 0.960000),
        (0.974617, 0.015455, 0.960149),
        (0.988822, 0.030909, 0.960595),
        (1.002240, 0.046364, 0.961339),
        (1.014555, 0.061818, 0.962380),
        (1.025544, 0.077273, 0.963719),
        (1.035090, 0.092727, 0.965355),
        (1.043192, 0.108182, 0.967289),
        (1.049967, 0.123636, 0.969521),
        (1.055641, 0.139091, 0.972050),
        (1.060526, 0.154545, 0.974876),
        (1.065000, 0.170000, 0.978000)
    ] (interpolation = "vertex")
    uint64[] primvars:usdGen:curveId = [0, 1, 2, 3, 4, 5, 6, 7, 8, 9, 10, 11, 12, 13, 14, 15, 16, 17, 18, 19, 20, 21, 22, 23, 24, 25, 26, 27, 28, 29, 30, 31, 32, 33, 34, 35, 36, 37, 38, 39, 40, 41, 42, 43, 44, 45, 46, 47, 48, 49, 50, 51, 52, 53, 54, 55, 56, 57, 58, 59, 60, 61, 62, 63, 64, 65, 66, 67, 68, 69, 70, 71, 72, 73, 74, 75, 76, 77, 78, 79, 80, 81, 82, 83, 84, 85, 86, 87, 88, 89, 90, 91, 92, 93, 94, 95, 96, 97, 98, 99, 100, 101, 102, 103, 104, 105, 106, 107, 108, 109, 110, 111, 112, 113, 114, 115, 116, 117, 118, 119, 120, 121, 122, 123, 124, 125, 126, 127, 128, 129, 130, 131, 132, 133, 134, 135, 136, 137, 138, 139, 140, 141, 142, 143, 144, 145, 146, 147, 148, 149, 150, 151, 152, 153, 154, 155, 156, 157, 158, 159, 160, 161, 162, 163, 164, 165, 166, 167, 168, 169, 170, 171, 172, 173, 174, 175, 176, 177, 178, 179, 180, 181, 182, 183, 184, 185, 186, 187, 188, 189, 190, 191, 192, 193, 194, 195, 196, 197, 198, 199, 200, 201, 202, 203, 204, 205, 206, 207, 208, 209, 210, 211, 212, 213, 214, 215, 216, 217, 218, 219, 220, 221, 222, 223, 224, 225, 226, 227, 228, 229, 230, 231, 232, 233, 234, 235, 236, 237, 238, 239, 240, 241, 242, 243, 244, 245, 246, 247, 248, 249, 250, 251, 252, 253, 254, 255, 256, 257, 258, 259, 260, 261, 262, 263, 264, 265, 266, 267, 268, 269, 270, 271, 272, 273, 274, 275, 276, 277, 278, 279, 280, 281, 282, 283, 284, 285, 286, 287, 288, 289, 290, 291, 292, 293, 294, 295, 296, 297, 298, 299, 300, 301, 302, 303, 304, 305, 306, 307, 308, 309, 310, 311, 312, 313, 314, 315, 316, 317, 318, 319, 320, 321, 322, 323, 324, 325, 326, 327, 328, 329, 330, 331, 332, 333, 334, 335, 336, 337, 338, 339, 340, 341, 342, 343, 344, 345, 346, 347, 348, 349, 350, 351, 352, 353, 354, 355, 356, 357, 358, 359, 360, 361, 362, 363, 364, 365, 366, 367, 368, 369, 370, 371, 372, 373, 374, 375, 376, 377, 378, 379, 380, 381, 382, 383, 384, 385, 386, 387, 388, 389, 390, 391, 392, 393, 394, 395, 396, 397, 398, 399, 400, 401, 402, 403, 404, 405, 406, 407, 408, 409, 410, 411, 412, 413, 414, 415, 416, 417, 418, 419, 420, 421, 422, 423, 424, 425, 426, 427, 428, 429, 430, 431, 432, 433, 434, 435, 436, 437, 438, 439, 440, 441, 442, 443, 444, 445, 446, 447, 448, 449, 450, 451, 452, 453, 454, 455, 456, 457, 458, 459, 460, 461, 462, 463, 464, 465, 466, 467, 468, 469, 470, 471, 472, 473, 474, 475, 476, 477, 478, 479, 480, 481, 482, 483, 484, 485, 486, 487, 488, 489, 490, 491, 492, 493, 494, 495, 496, 497, 498, 499, 500, 501, 502, 503, 504, 505, 506, 507, 508, 509, 510, 511, 512, 513, 514, 515, 516, 517, 518, 519, 520, 521, 522, 523, 524, 525, 526, 527, 528, 529, 530, 531, 532, 533, 534, 535, 536, 537, 538, 539, 540, 541, 542, 543, 544, 545, 546, 547, 548, 549, 550, 551, 552, 553, 554, 555, 556, 557, 558, 559, 560, 561, 562, 563, 564, 565, 566, 567, 568, 569, 570, 571, 572, 573, 574, 575, 576, 577, 578, 579, 580, 581, 582, 583, 584, 585, 586, 587, 588, 589, 590, 591, 592, 593, 594, 595, 596, 597, 598, 599, 600, 601, 602, 603, 604, 605, 606, 607, 608, 609, 610, 611, 612, 613, 614, 615, 616, 617, 618, 619, 620, 621, 622, 623, 624, 625, 626, 627, 628, 629, 630, 631, 632, 633, 634, 635, 636, 637, 638, 639, 640, 641, 642, 643, 644, 645, 646, 647, 648, 649, 650, 651, 652, 653, 654, 655, 656, 657, 658, 659, 660, 661, 662, 663, 664, 665, 666, 667, 668, 669, 670, 671, 672, 673, 674, 675, 676, 677, 678, 679, 680, 681, 682, 683, 684, 685, 686, 687, 688, 689, 690, 691, 692, 693, 694, 695, 696, 697, 698, 699, 700, 701, 702, 703, 704, 705, 706, 707, 708, 709, 710, 711, 712, 713, 714, 715, 716, 717, 718, 719, 720, 721, 722, 723, 724, 725, 726, 727, 728, 729, 730, 731, 732, 733, 734, 735, 736, 737, 738, 739, 740, 741, 742, 743, 744, 745, 746, 747, 748, 749, 750, 751, 752, 753, 754, 755, 756, 757, 758, 759, 760, 761, 762, 763, 764, 765, 766, 767, 768, 769, 770, 771, 772, 773, 774, 775, 776, 777, 778, 779, 780, 781, 782, 783] (interpolation = "uniform")
    token primvars:usdGen:role = "hair" (interpolation = "constant")
}
    def Xform "Groom" {
        def UsdGenDescription "Fur" (prepend apiSchemas = ["UsdGenLookAPI", "MaterialBindingAPI"]) {
            rel material:binding = </World/Looks/Fur>
            rel usdGen:surface = </World/Patch>
            token usdGen:curve:basis = "bspline"
            float usdGen:width:default = 0.0012
            int usdGen:look:jitterSeed = 113
            color3f usdGen:look:rootColor = (0.63, 0.40, 0.20)
            color3f usdGen:look:tipColor = (0.85, 0.65, 0.36)
            float usdGen:look:valueJitter = 0.055

            def Scope "Ops" {
            def UsdGenWidth "width" {
                float usdGen:width = 0.0011
                float2[] usdGen:width:knots = [(0, 1), (0.5, 0.62), (1, 0.018)]
            }
            def UsdGenReferenceSource "source" {
                rel usdGen:reference = </World/ReferenceSnapshot>
            }
            }
        }
    }
}
