#usda 1.0
# Copyright (c) 2026 Nick Burkard
# SPDX-License-Identifier: MIT
(
    defaultPrim = "World"
)

def Xform "World"
{
    def BasisCurves "Freeze_Updated_Live_Input"
    {
        int[] curveVertexCounts = [6, 6, 6, 6, 6, 6, 6, 6, 6, 6, 6, 6, 6, 6, 6, 6, 6, 6, 6, 6, 6, 6, 6, 6, 6, 6, 6, 6, 6, 6, 6, 6, 6, 6, 6, 6, 6, 6, 6, 6, 6, 6, 6, 6, 6, 6, 6, 6, 6, 6, 6, 6, 6, 6, 6, 6, 6, 6, 6, 6, 6, 6, 6, 6, 6, 6, 6, 6, 6, 6, 6, 6, 6, 6, 6, 6, 6, 6, 6, 6, 6, 6, 6, 6, 6, 6, 6, 6, 6, 6, 6, 6, 6, 6, 6, 6, 6, 6, 6, 6, 6, 6, 6, 6, 6, 6, 6, 6, 6, 6, 6, 6, 6, 6, 6, 6, 6, 6, 6, 6, 6, 6, 6, 6, 6, 6, 6, 6, 6, 6, 6, 6, 6, 6, 6, 6, 6, 6, 6, 6, 6, 6, 6, 6, 6, 6, 6, 6, 6, 6, 6, 6, 6, 6, 6, 6, 6, 6, 6, 6, 6, 6, 6, 6, 6, 6, 6, 6, 6, 6, 6, 6, 6, 6, 6, 6, 6, 6, 6, 6, 6, 6, 6, 6, 6, 6, 6, 6, 6]
        point3f[] points = [(-0.28, -0.036, 0), (-0.27591997, -0.03572, 0.036), (-0.26367998, -0.034879997, 0.072), (-0.24328, -0.03348, 0.107999995), (-0.21472, -0.031519998, 0.144), (-0.17799999, -0.029, 0.17999999), (-0.271, -0.036, 0), (-0.26692, -0.03572, 0.036), (-0.25468, -0.034879997, 0.072), (-0.23427999, -0.03348, 0.107999995), (-0.20571999, -0.031519998, 0.144), (-0.169, -0.029, 0.17999999), (-0.262, -0.036, 0), (-0.25792, -0.03572, 0.036), (-0.24567999, -0.034879997, 0.072), (-0.22527999, -0.03348, 0.107999995), (-0.19671999, -0.031519998, 0.144), (-0.16, -0.029, 0.17999999), (-0.253, -0.036, 0), (-0.24892, -0.03572, 0.036), (-0.23667999, -0.034879997, 0.072), (-0.21627998, -0.03348, 0.107999995), (-0.18771999, -0.031519998, 0.144), (-0.151, -0.029, 0.17999999), (-0.24399999, -0.036, 0), (-0.23991999, -0.03572, 0.036), (-0.22768, -0.034879997, 0.072), (-0.20728, -0.03348, 0.107999995), (-0.17872, -0.031519998, 0.144), (-0.14199999, -0.029, 0.17999999), (-0.235, -0.036, 0), (-0.23091999, -0.03572, 0.036), (-0.21868, -0.034879997, 0.072), (-0.19827999, -0.03348, 0.107999995), (-0.16972, -0.031519998, 0.144), (-0.13299999, -0.029, 0.17999999), (-0.226, -0.036, 0), (-0.22192, -0.03572, 0.036), (-0.20967999, -0.034879997, 0.072), (-0.18927999, -0.03348, 0.107999995), (-0.16071999, -0.031519998, 0.144), (-0.12399999, -0.029, 0.17999999), (-0.217, -0.036, 0), (-0.21292, -0.03572, 0.036), (-0.20068, -0.034879997, 0.072), (-0.18028, -0.03348, 0.107999995), (-0.15171999, -0.031519998, 0.144), (-0.114999995, -0.029, 0.17999999), (-0.208, -0.036, 0), (-0.20391999, -0.03572, 0.036), (-0.19168, -0.034879997, 0.072), (-0.17128, -0.03348, 0.107999995), (-0.14271998, -0.031519998, 0.144), (-0.10599999, -0.029, 0.17999999), (-0.199, -0.036, 0), (-0.19492, -0.03572, 0.036), (-0.18268, -0.034879997, 0.072), (-0.16228, -0.03348, 0.107999995), (-0.13372, -0.031519998, 0.144), (-0.096999995, -0.029, 0.17999999), (-0.19, -0.036, 0), (-0.18592, -0.03572, 0.036), (-0.17368, -0.034879997, 0.072), (-0.15327999, -0.03348, 0.107999995), (-0.12471999, -0.031519998, 0.144), (-0.08799999, -0.029, 0.17999999), (-0.181, -0.036, 0), (-0.17692, -0.03572, 0.036), (-0.16468, -0.034879997, 0.072), (-0.14427999, -0.03348, 0.107999995), (-0.11572, -0.031519998, 0.144), (-0.078999996, -0.029, 0.17999999), (-0.17199999, -0.036, 0), (-0.16792, -0.03572, 0.036), (-0.15568, -0.034879997, 0.072), (-0.13528, -0.03348, 0.107999995), (-0.10671999, -0.031519998, 0.144), (-0.06999999, -0.029, 0.17999999), (-0.163, -0.036, 0), (-0.15892, -0.03572, 0.036), (-0.14668, -0.034879997, 0.072), (-0.12628, -0.03348, 0.107999995), (-0.09772, -0.031519998, 0.144), (-0.06099999, -0.029, 0.17999999), (-0.154, -0.036, 0), (-0.14992, -0.03572, 0.036), (-0.13768, -0.034879997, 0.072), (-0.11727999, -0.03348, 0.107999995), (-0.088719994, -0.031519998, 0.144), (-0.051999986, -0.029, 0.17999999), (-0.145, -0.036, 0), (-0.14092, -0.03572, 0.036), (-0.12867999, -0.034879997, 0.072), (-0.108279996, -0.03348, 0.107999995), (-0.07972, -0.031519998, 0.144), (-0.042999998, -0.029, 0.17999999), (-0.136, -0.036, 0), (-0.13192, -0.03572, 0.036), (-0.11968, -0.034879997, 0.072), (-0.09928, -0.03348, 0.107999995), (-0.07072, -0.031519998, 0.144), (-0.033999994, -0.029, 0.17999999), (-0.127, -0.036, 0), (-0.12292, -0.03572, 0.036), (-0.11068001, -0.034879997, 0.072), (-0.09028, -0.03348, 0.107999995), (-0.06172, -0.031519998, 0.144), (-0.025000006, -0.029, 0.17999999), (-0.118, -0.036, 0), (-0.113919996, -0.03572, 0.036), (-0.10168, -0.034879997, 0.072), (-0.08127999, -0.03348, 0.107999995), (-0.052719995, -0.031519998, 0.144), (-0.016000003, -0.029, 0.17999999), (-0.109, -0.036, 0), (-0.10491999, -0.03572, 0.036), (-0.09268, -0.034879997, 0.072), (-0.07227999, -0.03348, 0.107999995), (-0.043719992, -0.031519998, 0.144), (-0.0069999993, -0.029, 0.17999999), (-0.1, -0.036, 0), (-0.09592, -0.03572, 0.036), (-0.083680004, -0.034879997, 0.072), (-0.06327999, -0.03348, 0.107999995), (-0.034720004, -0.031519998, 0.144), (0.002000004, -0.029, 0.17999999), (-0.28, -0.026999999, 0), (-0.27591997, -0.026719999, 0.036), (-0.26367998, -0.02588, 0.072), (-0.24328, -0.024479998, 0.107999995), (-0.21472, -0.022519998, 0.144), (-0.17799999, -0.02, 0.17999999), (-0.271, -0.026999999, 0), (-0.26692, -0.026719999, 0.036), (-0.25468, -0.02588, 0.072), (-0.23427999, -0.024479998, 0.107999995), (-0.20571999, -0.022519998, 0.144), (-0.169, -0.02, 0.17999999), (-0.262, -0.026999999, 0), (-0.25792, -0.026719999, 0.036), (-0.24567999, -0.02588, 0.072), (-0.22527999, -0.024479998, 0.107999995), (-0.19671999, -0.022519998, 0.144), (-0.16, -0.02, 0.17999999), (-0.253, -0.026999999, 0), (-0.24892, -0.026719999, 0.036), (-0.23667999, -0.02588, 0.072), (-0.21627998, -0.024479998, 0.107999995), (-0.18771999, -0.022519998, 0.144), (-0.151, -0.02, 0.17999999), (-0.24399999, -0.026999999, 0), (-0.23991999, -0.026719999, 0.036), (-0.22768, -0.02588, 0.072), (-0.20728, -0.024479998, 0.107999995), (-0.17872, -0.022519998, 0.144), (-0.14199999, -0.02, 0.17999999), (-0.235, -0.026999999, 0), (-0.23091999, -0.026719999, 0.036), (-0.21868, -0.02588, 0.072), (-0.19827999, -0.024479998, 0.107999995), (-0.16972, -0.022519998, 0.144), (-0.13299999, -0.02, 0.17999999), (-0.226, -0.026999999, 0), (-0.22192, -0.026719999, 0.036), (-0.20967999, -0.02588, 0.072), (-0.18927999, -0.024479998, 0.107999995), (-0.16071999, -0.022519998, 0.144), (-0.12399999, -0.02, 0.17999999), (-0.217, -0.026999999, 0), (-0.21292, -0.026719999, 0.036), (-0.20068, -0.02588, 0.072), (-0.18028, -0.024479998, 0.107999995), (-0.15171999, -0.022519998, 0.144), (-0.114999995, -0.02, 0.17999999), (-0.208, -0.026999999, 0), (-0.20391999, -0.026719999, 0.036), (-0.19168, -0.02588, 0.072), (-0.17128, -0.024479998, 0.107999995), (-0.14271998, -0.022519998, 0.144), (-0.10599999, -0.02, 0.17999999), (-0.199, -0.026999999, 0), (-0.19492, -0.026719999, 0.036), (-0.18268, -0.02588, 0.072), (-0.16228, -0.024479998, 0.107999995), (-0.13372, -0.022519998, 0.144), (-0.096999995, -0.02, 0.17999999), (-0.19, -0.026999999, 0), (-0.18592, -0.026719999, 0.036), (-0.17368, -0.02588, 0.072), (-0.15327999, -0.024479998, 0.107999995), (-0.12471999, -0.022519998, 0.144), (-0.08799999, -0.02, 0.17999999), (-0.181, -0.026999999, 0), (-0.17692, -0.026719999, 0.036), (-0.16468, -0.02588, 0.072), (-0.14427999, -0.024479998, 0.107999995), (-0.11572, -0.022519998, 0.144), (-0.078999996, -0.02, 0.17999999), (-0.17199999, -0.026999999, 0), (-0.16792, -0.026719999, 0.036), (-0.15568, -0.02588, 0.072), (-0.13528, -0.024479998, 0.107999995), (-0.10671999, -0.022519998, 0.144), (-0.06999999, -0.02, 0.17999999), (-0.163, -0.026999999, 0), (-0.15892, -0.026719999, 0.036), (-0.14668, -0.02588, 0.072), (-0.12628, -0.024479998, 0.107999995), (-0.09772, -0.022519998, 0.144), (-0.06099999, -0.02, 0.17999999), (-0.154, -0.026999999, 0), (-0.14992, -0.026719999, 0.036), (-0.13768, -0.02588, 0.072), (-0.11727999, -0.024479998, 0.107999995), (-0.088719994, -0.022519998, 0.144), (-0.051999986, -0.02, 0.17999999), (-0.145, -0.026999999, 0), (-0.14092, -0.026719999, 0.036), (-0.12867999, -0.02588, 0.072), (-0.108279996, -0.024479998, 0.107999995), (-0.07972, -0.022519998, 0.144), (-0.042999998, -0.02, 0.17999999), (-0.136, -0.026999999, 0), (-0.13192, -0.026719999, 0.036), (-0.11968, -0.02588, 0.072), (-0.09928, -0.024479998, 0.107999995), (-0.07072, -0.022519998, 0.144), (-0.033999994, -0.02, 0.17999999), (-0.127, -0.026999999, 0), (-0.12292, -0.026719999, 0.036), (-0.11068001, -0.02588, 0.072), (-0.09028, -0.024479998, 0.107999995), (-0.06172, -0.022519998, 0.144), (-0.025000006, -0.02, 0.17999999), (-0.118, -0.026999999, 0), (-0.113919996, -0.026719999, 0.036), (-0.10168, -0.02588, 0.072), (-0.08127999, -0.024479998, 0.107999995), (-0.052719995, -0.022519998, 0.144), (-0.016000003, -0.02, 0.17999999), (-0.109, -0.026999999, 0), (-0.10491999, -0.026719999, 0.036), (-0.09268, -0.02588, 0.072), (-0.07227999, -0.024479998, 0.107999995), (-0.043719992, -0.022519998, 0.144), (-0.0069999993, -0.02, 0.17999999), (-0.1, -0.026999999, 0), (-0.09592, -0.026719999, 0.036), (-0.083680004, -0.02588, 0.072), (-0.06327999, -0.024479998, 0.107999995), (-0.034720004, -0.022519998, 0.144), (0.002000004, -0.02, 0.17999999), (-0.28, -0.018, 0), (-0.27591997, -0.017719999, 0.036), (-0.26367998, -0.01688, 0.072), (-0.24328, -0.015479999, 0.107999995), (-0.21472, -0.013519999, 0.144), (-0.17799999, -0.010999999, 0.17999999), (-0.271, -0.018, 0), (-0.26692, -0.017719999, 0.036), (-0.25468, -0.01688, 0.072), (-0.23427999, -0.015479999, 0.107999995), (-0.20571999, -0.013519999, 0.144), (-0.169, -0.010999999, 0.17999999), (-0.262, -0.018, 0), (-0.25792, -0.017719999, 0.036), (-0.24567999, -0.01688, 0.072), (-0.22527999, -0.015479999, 0.107999995), (-0.19671999, -0.013519999, 0.144), (-0.16, -0.010999999, 0.17999999), (-0.253, -0.018, 0), (-0.24892, -0.017719999, 0.036), (-0.23667999, -0.01688, 0.072), (-0.21627998, -0.015479999, 0.107999995), (-0.18771999, -0.013519999, 0.144), (-0.151, -0.010999999, 0.17999999), (-0.24399999, -0.018, 0), (-0.23991999, -0.017719999, 0.036), (-0.22768, -0.01688, 0.072), (-0.20728, -0.015479999, 0.107999995), (-0.17872, -0.013519999, 0.144), (-0.14199999, -0.010999999, 0.17999999), (-0.235, -0.018, 0), (-0.23091999, -0.017719999, 0.036), (-0.21868, -0.01688, 0.072), (-0.19827999, -0.015479999, 0.107999995), (-0.16972, -0.013519999, 0.144), (-0.13299999, -0.010999999, 0.17999999), (-0.226, -0.018, 0), (-0.22192, -0.017719999, 0.036), (-0.20967999, -0.01688, 0.072), (-0.18927999, -0.015479999, 0.107999995), (-0.16071999, -0.013519999, 0.144), (-0.12399999, -0.010999999, 0.17999999), (-0.217, -0.018, 0), (-0.21292, -0.017719999, 0.036), (-0.20068, -0.01688, 0.072), (-0.18028, -0.015479999, 0.107999995), (-0.15171999, -0.013519999, 0.144), (-0.114999995, -0.010999999, 0.17999999), (-0.208, -0.018, 0), (-0.20391999, -0.017719999, 0.036), (-0.19168, -0.01688, 0.072), (-0.17128, -0.015479999, 0.107999995), (-0.14271998, -0.013519999, 0.144), (-0.10599999, -0.010999999, 0.17999999), (-0.199, -0.018, 0), (-0.19492, -0.017719999, 0.036), (-0.18268, -0.01688, 0.072), (-0.16228, -0.015479999, 0.107999995), (-0.13372, -0.013519999, 0.144), (-0.096999995, -0.010999999, 0.17999999), (-0.19, -0.018, 0), (-0.18592, -0.017719999, 0.036), (-0.17368, -0.01688, 0.072), (-0.15327999, -0.015479999, 0.107999995), (-0.12471999, -0.013519999, 0.144), (-0.08799999, -0.010999999, 0.17999999), (-0.181, -0.018, 0), (-0.17692, -0.017719999, 0.036), (-0.16468, -0.01688, 0.072), (-0.14427999, -0.015479999, 0.107999995), (-0.11572, -0.013519999, 0.144), (-0.078999996, -0.010999999, 0.17999999), (-0.17199999, -0.018, 0), (-0.16792, -0.017719999, 0.036), (-0.15568, -0.01688, 0.072), (-0.13528, -0.015479999, 0.107999995), (-0.10671999, -0.013519999, 0.144), (-0.06999999, -0.010999999, 0.17999999), (-0.163, -0.018, 0), (-0.15892, -0.017719999, 0.036), (-0.14668, -0.01688, 0.072), (-0.12628, -0.015479999, 0.107999995), (-0.09772, -0.013519999, 0.144), (-0.06099999, -0.010999999, 0.17999999), (-0.154, -0.018, 0), (-0.14992, -0.017719999, 0.036), (-0.13768, -0.01688, 0.072), (-0.11727999, -0.015479999, 0.107999995), (-0.088719994, -0.013519999, 0.144), (-0.051999986, -0.010999999, 0.17999999), (-0.145, -0.018, 0), (-0.14092, -0.017719999, 0.036), (-0.12867999, -0.01688, 0.072), (-0.108279996, -0.015479999, 0.107999995), (-0.07972, -0.013519999, 0.144), (-0.042999998, -0.010999999, 0.17999999), (-0.136, -0.018, 0), (-0.13192, -0.017719999, 0.036), (-0.11968, -0.01688, 0.072), (-0.09928, -0.015479999, 0.107999995), (-0.07072, -0.013519999, 0.144), (-0.033999994, -0.010999999, 0.17999999), (-0.127, -0.018, 0), (-0.12292, -0.017719999, 0.036), (-0.11068001, -0.01688, 0.072), (-0.09028, -0.015479999, 0.107999995), (-0.06172, -0.013519999, 0.144), (-0.025000006, -0.010999999, 0.17999999), (-0.118, -0.018, 0), (-0.113919996, -0.017719999, 0.036), (-0.10168, -0.01688, 0.072), (-0.08127999, -0.015479999, 0.107999995), (-0.052719995, -0.013519999, 0.144), (-0.016000003, -0.010999999, 0.17999999), (-0.109, -0.018, 0), (-0.10491999, -0.017719999, 0.036), (-0.09268, -0.01688, 0.072), (-0.07227999, -0.015479999, 0.107999995), (-0.043719992, -0.013519999, 0.144), (-0.0069999993, -0.010999999, 0.17999999), (-0.1, -0.018, 0), (-0.09592, -0.017719999, 0.036), (-0.083680004, -0.01688, 0.072), (-0.06327999, -0.015479999, 0.107999995), (-0.034720004, -0.013519999, 0.144), (0.002000004, -0.010999999, 0.17999999), (-0.28, -0.009, 0), (-0.27591997, -0.008719999, 0.036), (-0.26367998, -0.0078799995, 0.072), (-0.24328, -0.006479999, 0.107999995), (-0.21472, -0.0045199995, 0.144), (-0.17799999, -0.0019999994, 0.17999999), (-0.271, -0.009, 0), (-0.26692, -0.008719999, 0.036), (-0.25468, -0.0078799995, 0.072), (-0.23427999, -0.006479999, 0.107999995), (-0.20571999, -0.0045199995, 0.144), (-0.169, -0.0019999994, 0.17999999), (-0.262, -0.009, 0), (-0.25792, -0.008719999, 0.036), (-0.24567999, -0.0078799995, 0.072), (-0.22527999, -0.006479999, 0.107999995), (-0.19671999, -0.0045199995, 0.144), (-0.16, -0.0019999994, 0.17999999), (-0.253, -0.009, 0), (-0.24892, -0.008719999, 0.036), (-0.23667999, -0.0078799995, 0.072), (-0.21627998, -0.006479999, 0.107999995), (-0.18771999, -0.0045199995, 0.144), (-0.151, -0.0019999994, 0.17999999), (-0.24399999, -0.009, 0), (-0.23991999, -0.008719999, 0.036), (-0.22768, -0.0078799995, 0.072), (-0.20728, -0.006479999, 0.107999995), (-0.17872, -0.0045199995, 0.144), (-0.14199999, -0.0019999994, 0.17999999), (-0.235, -0.009, 0), (-0.23091999, -0.008719999, 0.036), (-0.21868, -0.0078799995, 0.072), (-0.19827999, -0.006479999, 0.107999995), (-0.16972, -0.0045199995, 0.144), (-0.13299999, -0.0019999994, 0.17999999), (-0.226, -0.009, 0), (-0.22192, -0.008719999, 0.036), (-0.20967999, -0.0078799995, 0.072), (-0.18927999, -0.006479999, 0.107999995), (-0.16071999, -0.0045199995, 0.144), (-0.12399999, -0.0019999994, 0.17999999), (-0.217, -0.009, 0), (-0.21292, -0.008719999, 0.036), (-0.20068, -0.0078799995, 0.072), (-0.18028, -0.006479999, 0.107999995), (-0.15171999, -0.0045199995, 0.144), (-0.114999995, -0.0019999994, 0.17999999), (-0.208, -0.009, 0), (-0.20391999, -0.008719999, 0.036), (-0.19168, -0.0078799995, 0.072), (-0.17128, -0.006479999, 0.107999995), (-0.14271998, -0.0045199995, 0.144), (-0.10599999, -0.0019999994, 0.17999999), (-0.199, -0.009, 0), (-0.19492, -0.008719999, 0.036), (-0.18268, -0.0078799995, 0.072), (-0.16228, -0.006479999, 0.107999995), (-0.13372, -0.0045199995, 0.144), (-0.096999995, -0.0019999994, 0.17999999), (-0.19, -0.009, 0), (-0.18592, -0.008719999, 0.036), (-0.17368, -0.0078799995, 0.072), (-0.15327999, -0.006479999, 0.107999995), (-0.12471999, -0.0045199995, 0.144), (-0.08799999, -0.0019999994, 0.17999999), (-0.181, -0.009, 0), (-0.17692, -0.008719999, 0.036), (-0.16468, -0.0078799995, 0.072), (-0.14427999, -0.006479999, 0.107999995), (-0.11572, -0.0045199995, 0.144), (-0.078999996, -0.0019999994, 0.17999999), (-0.17199999, -0.009, 0), (-0.16792, -0.008719999, 0.036), (-0.15568, -0.0078799995, 0.072), (-0.13528, -0.006479999, 0.107999995), (-0.10671999, -0.0045199995, 0.144), (-0.06999999, -0.0019999994, 0.17999999), (-0.163, -0.009, 0), (-0.15892, -0.008719999, 0.036), (-0.14668, -0.0078799995, 0.072), (-0.12628, -0.006479999, 0.107999995), (-0.09772, -0.0045199995, 0.144), (-0.06099999, -0.0019999994, 0.17999999), (-0.154, -0.009, 0), (-0.14992, -0.008719999, 0.036), (-0.13768, -0.0078799995, 0.072), (-0.11727999, -0.006479999, 0.107999995), (-0.088719994, -0.0045199995, 0.144), (-0.051999986, -0.0019999994, 0.17999999), (-0.145, -0.009, 0), (-0.14092, -0.008719999, 0.036), (-0.12867999, -0.0078799995, 0.072), (-0.108279996, -0.006479999, 0.107999995), (-0.07972, -0.0045199995, 0.144), (-0.042999998, -0.0019999994, 0.17999999), (-0.136, -0.009, 0), (-0.13192, -0.008719999, 0.036), (-0.11968, -0.0078799995, 0.072), (-0.09928, -0.006479999, 0.107999995), (-0.07072, -0.0045199995, 0.144), (-0.033999994, -0.0019999994, 0.17999999), (-0.127, -0.009, 0), (-0.12292, -0.008719999, 0.036), (-0.11068001, -0.0078799995, 0.072), (-0.09028, -0.006479999, 0.107999995), (-0.06172, -0.0045199995, 0.144), (-0.025000006, -0.0019999994, 0.17999999), (-0.118, -0.009, 0), (-0.113919996, -0.008719999, 0.036), (-0.10168, -0.0078799995, 0.072), (-0.08127999, -0.006479999, 0.107999995), (-0.052719995, -0.0045199995, 0.144), (-0.016000003, -0.0019999994, 0.17999999), (-0.109, -0.009, 0), (-0.10491999, -0.008719999, 0.036), (-0.09268, -0.0078799995, 0.072), (-0.07227999, -0.006479999, 0.107999995), (-0.043719992, -0.0045199995, 0.144), (-0.0069999993, -0.0019999994, 0.17999999), (-0.1, -0.009, 0), (-0.09592, -0.008719999, 0.036), (-0.083680004, -0.0078799995, 0.072), (-0.06327999, -0.006479999, 0.107999995), (-0.034720004, -0.0045199995, 0.144), (0.002000004, -0.0019999994, 0.17999999), (-0.28, 0, 0), (-0.27591997, 0.00028, 0.036), (-0.26367998, 0.00112, 0.072), (-0.24328, 0.0025200003, 0.107999995), (-0.21472, 0.00448, 0.144), (-0.17799999, 0.007, 0.17999999), (-0.271, 0, 0), (-0.26692, 0.00028, 0.036), (-0.25468, 0.00112, 0.072), (-0.23427999, 0.0025200003, 0.107999995), (-0.20571999, 0.00448, 0.144), (-0.169, 0.007, 0.17999999), (-0.262, 0, 0), (-0.25792, 0.00028, 0.036), (-0.24567999, 0.00112, 0.072), (-0.22527999, 0.0025200003, 0.107999995), (-0.19671999, 0.00448, 0.144), (-0.16, 0.007, 0.17999999), (-0.253, 0, 0), (-0.24892, 0.00028, 0.036), (-0.23667999, 0.00112, 0.072), (-0.21627998, 0.0025200003, 0.107999995), (-0.18771999, 0.00448, 0.144), (-0.151, 0.007, 0.17999999), (-0.24399999, 0, 0), (-0.23991999, 0.00028, 0.036), (-0.22768, 0.00112, 0.072), (-0.20728, 0.0025200003, 0.107999995), (-0.17872, 0.00448, 0.144), (-0.14199999, 0.007, 0.17999999), (-0.235, 0, 0), (-0.23091999, 0.00028, 0.036), (-0.21868, 0.00112, 0.072), (-0.19827999, 0.0025200003, 0.107999995), (-0.16972, 0.00448, 0.144), (-0.13299999, 0.007, 0.17999999), (-0.226, 0, 0), (-0.22192, 0.00028, 0.036), (-0.20967999, 0.00112, 0.072), (-0.18927999, 0.0025200003, 0.107999995), (-0.16071999, 0.00448, 0.144), (-0.12399999, 0.007, 0.17999999), (-0.217, 0, 0), (-0.21292, 0.00028, 0.036), (-0.20068, 0.00112, 0.072), (-0.18028, 0.0025200003, 0.107999995), (-0.15171999, 0.00448, 0.144), (-0.114999995, 0.007, 0.17999999), (-0.208, 0, 0), (-0.20391999, 0.00028, 0.036), (-0.19168, 0.00112, 0.072), (-0.17128, 0.0025200003, 0.107999995), (-0.14271998, 0.00448, 0.144), (-0.10599999, 0.007, 0.17999999), (-0.199, 0, 0), (-0.19492, 0.00028, 0.036), (-0.18268, 0.00112, 0.072), (-0.16228, 0.0025200003, 0.107999995), (-0.13372, 0.00448, 0.144), (-0.096999995, 0.007, 0.17999999), (-0.19, 0, 0), (-0.18592, 0.00028, 0.036), (-0.17368, 0.00112, 0.072), (-0.15327999, 0.0025200003, 0.107999995), (-0.12471999, 0.00448, 0.144), (-0.08799999, 0.007, 0.17999999), (-0.181, 0, 0), (-0.17692, 0.00028, 0.036), (-0.16468, 0.00112, 0.072), (-0.14427999, 0.0025200003, 0.107999995), (-0.11572, 0.00448, 0.144), (-0.078999996, 0.007, 0.17999999), (-0.17199999, 0, 0), (-0.16792, 0.00028, 0.036), (-0.15568, 0.00112, 0.072), (-0.13528, 0.0025200003, 0.107999995), (-0.10671999, 0.00448, 0.144), (-0.06999999, 0.007, 0.17999999), (-0.163, 0, 0), (-0.15892, 0.00028, 0.036), (-0.14668, 0.00112, 0.072), (-0.12628, 0.0025200003, 0.107999995), (-0.09772, 0.00448, 0.144), (-0.06099999, 0.007, 0.17999999), (-0.154, 0, 0), (-0.14992, 0.00028, 0.036), (-0.13768, 0.00112, 0.072), (-0.11727999, 0.0025200003, 0.107999995), (-0.088719994, 0.00448, 0.144), (-0.051999986, 0.007, 0.17999999), (-0.145, 0, 0), (-0.14092, 0.00028, 0.036), (-0.12867999, 0.00112, 0.072), (-0.108279996, 0.0025200003, 0.107999995), (-0.07972, 0.00448, 0.144), (-0.042999998, 0.007, 0.17999999), (-0.136, 0, 0), (-0.13192, 0.00028, 0.036), (-0.11968, 0.00112, 0.072), (-0.09928, 0.0025200003, 0.107999995), (-0.07072, 0.00448, 0.144), (-0.033999994, 0.007, 0.17999999), (-0.127, 0, 0), (-0.12292, 0.00028, 0.036), (-0.11068001, 0.00112, 0.072), (-0.09028, 0.0025200003, 0.107999995), (-0.06172, 0.00448, 0.144), (-0.025000006, 0.007, 0.17999999), (-0.118, 0, 0), (-0.113919996, 0.00028, 0.036), (-0.10168, 0.00112, 0.072), (-0.08127999, 0.0025200003, 0.107999995), (-0.052719995, 0.00448, 0.144), (-0.016000003, 0.007, 0.17999999), (-0.109, 0, 0), (-0.10491999, 0.00028, 0.036), (-0.09268, 0.00112, 0.072), (-0.07227999, 0.0025200003, 0.107999995), (-0.043719992, 0.00448, 0.144), (-0.0069999993, 0.007, 0.17999999), (-0.1, 0, 0), (-0.09592, 0.00028, 0.036), (-0.083680004, 0.00112, 0.072), (-0.06327999, 0.0025200003, 0.107999995), (-0.034720004, 0.00448, 0.144), (0.002000004, 0.007, 0.17999999), (-0.28, 0.009, 0), (-0.27591997, 0.00928, 0.036), (-0.26367998, 0.01012, 0.072), (-0.24328, 0.01152, 0.107999995), (-0.21472, 0.01348, 0.144), (-0.17799999, 0.015999999, 0.17999999), (-0.271, 0.009, 0), (-0.26692, 0.00928, 0.036), (-0.25468, 0.01012, 0.072), (-0.23427999, 0.01152, 0.107999995), (-0.20571999, 0.01348, 0.144), (-0.169, 0.015999999, 0.17999999), (-0.262, 0.009, 0), (-0.25792, 0.00928, 0.036), (-0.24567999, 0.01012, 0.072), (-0.22527999, 0.01152, 0.107999995), (-0.19671999, 0.01348, 0.144), (-0.16, 0.015999999, 0.17999999), (-0.253, 0.009, 0), (-0.24892, 0.00928, 0.036), (-0.23667999, 0.01012, 0.072), (-0.21627998, 0.01152, 0.107999995), (-0.18771999, 0.01348, 0.144), (-0.151, 0.015999999, 0.17999999), (-0.24399999, 0.009, 0), (-0.23991999, 0.00928, 0.036), (-0.22768, 0.01012, 0.072), (-0.20728, 0.01152, 0.107999995), (-0.17872, 0.01348, 0.144), (-0.14199999, 0.015999999, 0.17999999), (-0.235, 0.009, 0), (-0.23091999, 0.00928, 0.036), (-0.21868, 0.01012, 0.072), (-0.19827999, 0.01152, 0.107999995), (-0.16972, 0.01348, 0.144), (-0.13299999, 0.015999999, 0.17999999), (-0.226, 0.009, 0), (-0.22192, 0.00928, 0.036), (-0.20967999, 0.01012, 0.072), (-0.18927999, 0.01152, 0.107999995), (-0.16071999, 0.01348, 0.144), (-0.12399999, 0.015999999, 0.17999999), (-0.217, 0.009, 0), (-0.21292, 0.00928, 0.036), (-0.20068, 0.01012, 0.072), (-0.18028, 0.01152, 0.107999995), (-0.15171999, 0.01348, 0.144), (-0.114999995, 0.015999999, 0.17999999), (-0.208, 0.009, 0), (-0.20391999, 0.00928, 0.036), (-0.19168, 0.01012, 0.072), (-0.17128, 0.01152, 0.107999995), (-0.14271998, 0.01348, 0.144), (-0.10599999, 0.015999999, 0.17999999), (-0.199, 0.009, 0), (-0.19492, 0.00928, 0.036), (-0.18268, 0.01012, 0.072), (-0.16228, 0.01152, 0.107999995), (-0.13372, 0.01348, 0.144), (-0.096999995, 0.015999999, 0.17999999), (-0.19, 0.009, 0), (-0.18592, 0.00928, 0.036), (-0.17368, 0.01012, 0.072), (-0.15327999, 0.01152, 0.107999995), (-0.12471999, 0.01348, 0.144), (-0.08799999, 0.015999999, 0.17999999), (-0.181, 0.009, 0), (-0.17692, 0.00928, 0.036), (-0.16468, 0.01012, 0.072), (-0.14427999, 0.01152, 0.107999995), (-0.11572, 0.01348, 0.144), (-0.078999996, 0.015999999, 0.17999999), (-0.17199999, 0.009, 0), (-0.16792, 0.00928, 0.036), (-0.15568, 0.01012, 0.072), (-0.13528, 0.01152, 0.107999995), (-0.10671999, 0.01348, 0.144), (-0.06999999, 0.015999999, 0.17999999), (-0.163, 0.009, 0), (-0.15892, 0.00928, 0.036), (-0.14668, 0.01012, 0.072), (-0.12628, 0.01152, 0.107999995), (-0.09772, 0.01348, 0.144), (-0.06099999, 0.015999999, 0.17999999), (-0.154, 0.009, 0), (-0.14992, 0.00928, 0.036), (-0.13768, 0.01012, 0.072), (-0.11727999, 0.01152, 0.107999995), (-0.088719994, 0.01348, 0.144), (-0.051999986, 0.015999999, 0.17999999), (-0.145, 0.009, 0), (-0.14092, 0.00928, 0.036), (-0.12867999, 0.01012, 0.072), (-0.108279996, 0.01152, 0.107999995), (-0.07972, 0.01348, 0.144), (-0.042999998, 0.015999999, 0.17999999), (-0.136, 0.009, 0), (-0.13192, 0.00928, 0.036), (-0.11968, 0.01012, 0.072), (-0.09928, 0.01152, 0.107999995), (-0.07072, 0.01348, 0.144), (-0.033999994, 0.015999999, 0.17999999), (-0.127, 0.009, 0), (-0.12292, 0.00928, 0.036), (-0.11068001, 0.01012, 0.072), (-0.09028, 0.01152, 0.107999995), (-0.06172, 0.01348, 0.144), (-0.025000006, 0.015999999, 0.17999999), (-0.118, 0.009, 0), (-0.113919996, 0.00928, 0.036), (-0.10168, 0.01012, 0.072), (-0.08127999, 0.01152, 0.107999995), (-0.052719995, 0.01348, 0.144), (-0.016000003, 0.015999999, 0.17999999), (-0.109, 0.009, 0), (-0.10491999, 0.00928, 0.036), (-0.09268, 0.01012, 0.072), (-0.07227999, 0.01152, 0.107999995), (-0.043719992, 0.01348, 0.144), (-0.0069999993, 0.015999999, 0.17999999), (-0.1, 0.009, 0), (-0.09592, 0.00928, 0.036), (-0.083680004, 0.01012, 0.072), (-0.06327999, 0.01152, 0.107999995), (-0.034720004, 0.01348, 0.144), (0.002000004, 0.015999999, 0.17999999), (-0.28, 0.018, 0), (-0.27591997, 0.01828, 0.036), (-0.26367998, 0.019119998, 0.072), (-0.24328, 0.02052, 0.107999995), (-0.21472, 0.02248, 0.144), (-0.17799999, 0.024999999, 0.17999999), (-0.271, 0.018, 0), (-0.26692, 0.01828, 0.036), (-0.25468, 0.019119998, 0.072), (-0.23427999, 0.02052, 0.107999995), (-0.20571999, 0.02248, 0.144), (-0.169, 0.024999999, 0.17999999), (-0.262, 0.018, 0), (-0.25792, 0.01828, 0.036), (-0.24567999, 0.019119998, 0.072), (-0.22527999, 0.02052, 0.107999995), (-0.19671999, 0.02248, 0.144), (-0.16, 0.024999999, 0.17999999), (-0.253, 0.018, 0), (-0.24892, 0.01828, 0.036), (-0.23667999, 0.019119998, 0.072), (-0.21627998, 0.02052, 0.107999995), (-0.18771999, 0.02248, 0.144), (-0.151, 0.024999999, 0.17999999), (-0.24399999, 0.018, 0), (-0.23991999, 0.01828, 0.036), (-0.22768, 0.019119998, 0.072), (-0.20728, 0.02052, 0.107999995), (-0.17872, 0.02248, 0.144), (-0.14199999, 0.024999999, 0.17999999), (-0.235, 0.018, 0), (-0.23091999, 0.01828, 0.036), (-0.21868, 0.019119998, 0.072), (-0.19827999, 0.02052, 0.107999995), (-0.16972, 0.02248, 0.144), (-0.13299999, 0.024999999, 0.17999999), (-0.226, 0.018, 0), (-0.22192, 0.01828, 0.036), (-0.20967999, 0.019119998, 0.072), (-0.18927999, 0.02052, 0.107999995), (-0.16071999, 0.02248, 0.144), (-0.12399999, 0.024999999, 0.17999999), (-0.217, 0.018, 0), (-0.21292, 0.01828, 0.036), (-0.20068, 0.019119998, 0.072), (-0.18028, 0.02052, 0.107999995), (-0.15171999, 0.02248, 0.144), (-0.114999995, 0.024999999, 0.17999999), (-0.208, 0.018, 0), (-0.20391999, 0.01828, 0.036), (-0.19168, 0.019119998, 0.072), (-0.17128, 0.02052, 0.107999995), (-0.14271998, 0.02248, 0.144), (-0.10599999, 0.024999999, 0.17999999), (-0.199, 0.018, 0), (-0.19492, 0.01828, 0.036), (-0.18268, 0.019119998, 0.072), (-0.16228, 0.02052, 0.107999995), (-0.13372, 0.02248, 0.144), (-0.096999995, 0.024999999, 0.17999999), (-0.19, 0.018, 0), (-0.18592, 0.01828, 0.036), (-0.17368, 0.019119998, 0.072), (-0.15327999, 0.02052, 0.107999995), (-0.12471999, 0.02248, 0.144), (-0.08799999, 0.024999999, 0.17999999), (-0.181, 0.018, 0), (-0.17692, 0.01828, 0.036), (-0.16468, 0.019119998, 0.072), (-0.14427999, 0.02052, 0.107999995), (-0.11572, 0.02248, 0.144), (-0.078999996, 0.024999999, 0.17999999), (-0.17199999, 0.018, 0), (-0.16792, 0.01828, 0.036), (-0.15568, 0.019119998, 0.072), (-0.13528, 0.02052, 0.107999995), (-0.10671999, 0.02248, 0.144), (-0.06999999, 0.024999999, 0.17999999), (-0.163, 0.018, 0), (-0.15892, 0.01828, 0.036), (-0.14668, 0.019119998, 0.072), (-0.12628, 0.02052, 0.107999995), (-0.09772, 0.02248, 0.144), (-0.06099999, 0.024999999, 0.17999999), (-0.154, 0.018, 0), (-0.14992, 0.01828, 0.036), (-0.13768, 0.019119998, 0.072), (-0.11727999, 0.02052, 0.107999995), (-0.088719994, 0.02248, 0.144), (-0.051999986, 0.024999999, 0.17999999), (-0.145, 0.018, 0), (-0.14092, 0.01828, 0.036), (-0.12867999, 0.019119998, 0.072), (-0.108279996, 0.02052, 0.107999995), (-0.07972, 0.02248, 0.144), (-0.042999998, 0.024999999, 0.17999999), (-0.136, 0.018, 0), (-0.13192, 0.01828, 0.036), (-0.11968, 0.019119998, 0.072), (-0.09928, 0.02052, 0.107999995), (-0.07072, 0.02248, 0.144), (-0.033999994, 0.024999999, 0.17999999), (-0.127, 0.018, 0), (-0.12292, 0.01828, 0.036), (-0.11068001, 0.019119998, 0.072), (-0.09028, 0.02052, 0.107999995), (-0.06172, 0.02248, 0.144), (-0.025000006, 0.024999999, 0.17999999), (-0.118, 0.018, 0), (-0.113919996, 0.01828, 0.036), (-0.10168, 0.019119998, 0.072), (-0.08127999, 0.02052, 0.107999995), (-0.052719995, 0.02248, 0.144), (-0.016000003, 0.024999999, 0.17999999), (-0.109, 0.018, 0), (-0.10491999, 0.01828, 0.036), (-0.09268, 0.019119998, 0.072), (-0.07227999, 0.02052, 0.107999995), (-0.043719992, 0.02248, 0.144), (-0.0069999993, 0.024999999, 0.17999999), (-0.1, 0.018, 0), (-0.09592, 0.01828, 0.036), (-0.083680004, 0.019119998, 0.072), (-0.06327999, 0.02052, 0.107999995), (-0.034720004, 0.02248, 0.144), (0.002000004, 0.024999999, 0.17999999), (-0.28, 0.026999999, 0), (-0.27591997, 0.02728, 0.036), (-0.26367998, 0.028119998, 0.072), (-0.24328, 0.02952, 0.107999995), (-0.21472, 0.03148, 0.144), (-0.17799999, 0.033999998, 0.17999999), (-0.271, 0.026999999, 0), (-0.26692, 0.02728, 0.036), (-0.25468, 0.028119998, 0.072), (-0.23427999, 0.02952, 0.107999995), (-0.20571999, 0.03148, 0.144), (-0.169, 0.033999998, 0.17999999), (-0.262, 0.026999999, 0), (-0.25792, 0.02728, 0.036), (-0.24567999, 0.028119998, 0.072), (-0.22527999, 0.02952, 0.107999995), (-0.19671999, 0.03148, 0.144), (-0.16, 0.033999998, 0.17999999), (-0.253, 0.026999999, 0), (-0.24892, 0.02728, 0.036), (-0.23667999, 0.028119998, 0.072), (-0.21627998, 0.02952, 0.107999995), (-0.18771999, 0.03148, 0.144), (-0.151, 0.033999998, 0.17999999), (-0.24399999, 0.026999999, 0), (-0.23991999, 0.02728, 0.036), (-0.22768, 0.028119998, 0.072), (-0.20728, 0.02952, 0.107999995), (-0.17872, 0.03148, 0.144), (-0.14199999, 0.033999998, 0.17999999), (-0.235, 0.026999999, 0), (-0.23091999, 0.02728, 0.036), (-0.21868, 0.028119998, 0.072), (-0.19827999, 0.02952, 0.107999995), (-0.16972, 0.03148, 0.144), (-0.13299999, 0.033999998, 0.17999999), (-0.226, 0.026999999, 0), (-0.22192, 0.02728, 0.036), (-0.20967999, 0.028119998, 0.072), (-0.18927999, 0.02952, 0.107999995), (-0.16071999, 0.03148, 0.144), (-0.12399999, 0.033999998, 0.17999999), (-0.217, 0.026999999, 0), (-0.21292, 0.02728, 0.036), (-0.20068, 0.028119998, 0.072), (-0.18028, 0.02952, 0.107999995), (-0.15171999, 0.03148, 0.144), (-0.114999995, 0.033999998, 0.17999999), (-0.208, 0.026999999, 0), (-0.20391999, 0.02728, 0.036), (-0.19168, 0.028119998, 0.072), (-0.17128, 0.02952, 0.107999995), (-0.14271998, 0.03148, 0.144), (-0.10599999, 0.033999998, 0.17999999), (-0.199, 0.026999999, 0), (-0.19492, 0.02728, 0.036), (-0.18268, 0.028119998, 0.072), (-0.16228, 0.02952, 0.107999995), (-0.13372, 0.03148, 0.144), (-0.096999995, 0.033999998, 0.17999999), (-0.19, 0.026999999, 0), (-0.18592, 0.02728, 0.036), (-0.17368, 0.028119998, 0.072), (-0.15327999, 0.02952, 0.107999995), (-0.12471999, 0.03148, 0.144), (-0.08799999, 0.033999998, 0.17999999), (-0.181, 0.026999999, 0), (-0.17692, 0.02728, 0.036), (-0.16468, 0.028119998, 0.072), (-0.14427999, 0.02952, 0.107999995), (-0.11572, 0.03148, 0.144), (-0.078999996, 0.033999998, 0.17999999), (-0.17199999, 0.026999999, 0), (-0.16792, 0.02728, 0.036), (-0.15568, 0.028119998, 0.072), (-0.13528, 0.02952, 0.107999995), (-0.10671999, 0.03148, 0.144), (-0.06999999, 0.033999998, 0.17999999), (-0.163, 0.026999999, 0), (-0.15892, 0.02728, 0.036), (-0.14668, 0.028119998, 0.072), (-0.12628, 0.02952, 0.107999995), (-0.09772, 0.03148, 0.144), (-0.06099999, 0.033999998, 0.17999999), (-0.154, 0.026999999, 0), (-0.14992, 0.02728, 0.036), (-0.13768, 0.028119998, 0.072), (-0.11727999, 0.02952, 0.107999995), (-0.088719994, 0.03148, 0.144), (-0.051999986, 0.033999998, 0.17999999), (-0.145, 0.026999999, 0), (-0.14092, 0.02728, 0.036), (-0.12867999, 0.028119998, 0.072), (-0.108279996, 0.02952, 0.107999995), (-0.07972, 0.03148, 0.144), (-0.042999998, 0.033999998, 0.17999999), (-0.136, 0.026999999, 0), (-0.13192, 0.02728, 0.036), (-0.11968, 0.028119998, 0.072), (-0.09928, 0.02952, 0.107999995), (-0.07072, 0.03148, 0.144), (-0.033999994, 0.033999998, 0.17999999), (-0.127, 0.026999999, 0), (-0.12292, 0.02728, 0.036), (-0.11068001, 0.028119998, 0.072), (-0.09028, 0.02952, 0.107999995), (-0.06172, 0.03148, 0.144), (-0.025000006, 0.033999998, 0.17999999), (-0.118, 0.026999999, 0), (-0.113919996, 0.02728, 0.036), (-0.10168, 0.028119998, 0.072), (-0.08127999, 0.02952, 0.107999995), (-0.052719995, 0.03148, 0.144), (-0.016000003, 0.033999998, 0.17999999), (-0.109, 0.026999999, 0), (-0.10491999, 0.02728, 0.036), (-0.09268, 0.028119998, 0.072), (-0.07227999, 0.02952, 0.107999995), (-0.043719992, 0.03148, 0.144), (-0.0069999993, 0.033999998, 0.17999999), (-0.1, 0.026999999, 0), (-0.09592, 0.02728, 0.036), (-0.083680004, 0.028119998, 0.072), (-0.06327999, 0.02952, 0.107999995), (-0.034720004, 0.03148, 0.144), (0.002000004, 0.033999998, 0.17999999), (-0.28, 0.036, 0), (-0.27591997, 0.03628, 0.036), (-0.26367998, 0.03712, 0.072), (-0.24328, 0.038519997, 0.107999995), (-0.21472, 0.04048, 0.144), (-0.17799999, 0.042999998, 0.17999999), (-0.271, 0.036, 0), (-0.26692, 0.03628, 0.036), (-0.25468, 0.03712, 0.072), (-0.23427999, 0.038519997, 0.107999995), (-0.20571999, 0.04048, 0.144), (-0.169, 0.042999998, 0.17999999), (-0.262, 0.036, 0), (-0.25792, 0.03628, 0.036), (-0.24567999, 0.03712, 0.072), (-0.22527999, 0.038519997, 0.107999995), (-0.19671999, 0.04048, 0.144), (-0.16, 0.042999998, 0.17999999), (-0.253, 0.036, 0), (-0.24892, 0.03628, 0.036), (-0.23667999, 0.03712, 0.072), (-0.21627998, 0.038519997, 0.107999995), (-0.18771999, 0.04048, 0.144), (-0.151, 0.042999998, 0.17999999), (-0.24399999, 0.036, 0), (-0.23991999, 0.03628, 0.036), (-0.22768, 0.03712, 0.072), (-0.20728, 0.038519997, 0.107999995), (-0.17872, 0.04048, 0.144), (-0.14199999, 0.042999998, 0.17999999), (-0.235, 0.036, 0), (-0.23091999, 0.03628, 0.036), (-0.21868, 0.03712, 0.072), (-0.19827999, 0.038519997, 0.107999995), (-0.16972, 0.04048, 0.144), (-0.13299999, 0.042999998, 0.17999999), (-0.226, 0.036, 0), (-0.22192, 0.03628, 0.036), (-0.20967999, 0.03712, 0.072), (-0.18927999, 0.038519997, 0.107999995), (-0.16071999, 0.04048, 0.144), (-0.12399999, 0.042999998, 0.17999999), (-0.217, 0.036, 0), (-0.21292, 0.03628, 0.036), (-0.20068, 0.03712, 0.072), (-0.18028, 0.038519997, 0.107999995), (-0.15171999, 0.04048, 0.144), (-0.114999995, 0.042999998, 0.17999999), (-0.208, 0.036, 0), (-0.20391999, 0.03628, 0.036), (-0.19168, 0.03712, 0.072), (-0.17128, 0.038519997, 0.107999995), (-0.14271998, 0.04048, 0.144), (-0.10599999, 0.042999998, 0.17999999), (-0.199, 0.036, 0), (-0.19492, 0.03628, 0.036), (-0.18268, 0.03712, 0.072), (-0.16228, 0.038519997, 0.107999995), (-0.13372, 0.04048, 0.144), (-0.096999995, 0.042999998, 0.17999999), (-0.19, 0.036, 0), (-0.18592, 0.03628, 0.036), (-0.17368, 0.03712, 0.072), (-0.15327999, 0.038519997, 0.107999995), (-0.12471999, 0.04048, 0.144), (-0.08799999, 0.042999998, 0.17999999), (-0.181, 0.036, 0), (-0.17692, 0.03628, 0.036), (-0.16468, 0.03712, 0.072), (-0.14427999, 0.038519997, 0.107999995), (-0.11572, 0.04048, 0.144), (-0.078999996, 0.042999998, 0.17999999), (-0.17199999, 0.036, 0), (-0.16792, 0.03628, 0.036), (-0.15568, 0.03712, 0.072), (-0.13528, 0.038519997, 0.107999995), (-0.10671999, 0.04048, 0.144), (-0.06999999, 0.042999998, 0.17999999), (-0.163, 0.036, 0), (-0.15892, 0.03628, 0.036), (-0.14668, 0.03712, 0.072), (-0.12628, 0.038519997, 0.107999995), (-0.09772, 0.04048, 0.144), (-0.06099999, 0.042999998, 0.17999999), (-0.154, 0.036, 0), (-0.14992, 0.03628, 0.036), (-0.13768, 0.03712, 0.072), (-0.11727999, 0.038519997, 0.107999995), (-0.088719994, 0.04048, 0.144), (-0.051999986, 0.042999998, 0.17999999), (-0.145, 0.036, 0), (-0.14092, 0.03628, 0.036), (-0.12867999, 0.03712, 0.072), (-0.108279996, 0.038519997, 0.107999995), (-0.07972, 0.04048, 0.144), (-0.042999998, 0.042999998, 0.17999999), (-0.136, 0.036, 0), (-0.13192, 0.03628, 0.036), (-0.11968, 0.03712, 0.072), (-0.09928, 0.038519997, 0.107999995), (-0.07072, 0.04048, 0.144), (-0.033999994, 0.042999998, 0.17999999), (-0.127, 0.036, 0), (-0.12292, 0.03628, 0.036), (-0.11068001, 0.03712, 0.072), (-0.09028, 0.038519997, 0.107999995), (-0.06172, 0.04048, 0.144), (-0.025000006, 0.042999998, 0.17999999), (-0.118, 0.036, 0), (-0.113919996, 0.03628, 0.036), (-0.10168, 0.03712, 0.072), (-0.08127999, 0.038519997, 0.107999995), (-0.052719995, 0.04048, 0.144), (-0.016000003, 0.042999998, 0.17999999), (-0.109, 0.036, 0), (-0.10491999, 0.03628, 0.036), (-0.09268, 0.03712, 0.072), (-0.07227999, 0.038519997, 0.107999995), (-0.043719992, 0.04048, 0.144), (-0.0069999993, 0.042999998, 0.17999999), (-0.1, 0.036, 0), (-0.09592, 0.03628, 0.036), (-0.083680004, 0.03712, 0.072), (-0.06327999, 0.038519997, 0.107999995), (-0.034720004, 0.04048, 0.144), (0.002000004, 0.042999998, 0.17999999)]
        color3f[] primvars:displayColor = [(0.36, 0.57, 0.82), (0.36, 0.57, 0.82), (0.36, 0.57, 0.82), (0.36, 0.57, 0.82), (0.36, 0.57, 0.82), (0.36, 0.57, 0.82), (0.36, 0.57, 0.82), (0.36, 0.57, 0.82), (0.36, 0.57, 0.82), (0.36, 0.57, 0.82), (0.36, 0.57, 0.82), (0.36, 0.57, 0.82), (0.36, 0.57, 0.82), (0.36, 0.57, 0.82), (0.36, 0.57, 0.82), (0.36, 0.57, 0.82), (0.36, 0.57, 0.82), (0.36, 0.57, 0.82), (0.36, 0.57, 0.82), (0.36, 0.57, 0.82), (0.36, 0.57, 0.82), (0.36, 0.57, 0.82), (0.36, 0.57, 0.82), (0.36, 0.57, 0.82), (0.36, 0.57, 0.82), (0.36, 0.57, 0.82), (0.36, 0.57, 0.82), (0.36, 0.57, 0.82), (0.36, 0.57, 0.82), (0.36, 0.57, 0.82), (0.36, 0.57, 0.82), (0.36, 0.57, 0.82), (0.36, 0.57, 0.82), (0.36, 0.57, 0.82), (0.36, 0.57, 0.82), (0.36, 0.57, 0.82), (0.36, 0.57, 0.82), (0.36, 0.57, 0.82), (0.36, 0.57, 0.82), (0.36, 0.57, 0.82), (0.36, 0.57, 0.82), (0.36, 0.57, 0.82), (0.36, 0.57, 0.82), (0.36, 0.57, 0.82), (0.36, 0.57, 0.82), (0.36, 0.57, 0.82), (0.36, 0.57, 0.82), (0.36, 0.57, 0.82), (0.36, 0.57, 0.82), (0.36, 0.57, 0.82), (0.36, 0.57, 0.82), (0.36, 0.57, 0.82), (0.36, 0.57, 0.82), (0.36, 0.57, 0.82), (0.36, 0.57, 0.82), (0.36, 0.57, 0.82), (0.36, 0.57, 0.82), (0.36, 0.57, 0.82), (0.36, 0.57, 0.82), (0.36, 0.57, 0.82), (0.36, 0.57, 0.82), (0.36, 0.57, 0.82), (0.36, 0.57, 0.82), (0.36, 0.57, 0.82), (0.36, 0.57, 0.82), (0.36, 0.57, 0.82), (0.36, 0.57, 0.82), (0.36, 0.57, 0.82), (0.36, 0.57, 0.82), (0.36, 0.57, 0.82), (0.36, 0.57, 0.82), (0.36, 0.57, 0.82), (0.36, 0.57, 0.82), (0.36, 0.57, 0.82), (0.36, 0.57, 0.82), (0.36, 0.57, 0.82), (0.36, 0.57, 0.82), (0.36, 0.57, 0.82), (0.36, 0.57, 0.82), (0.36, 0.57, 0.82), (0.36, 0.57, 0.82), (0.36, 0.57, 0.82), (0.36, 0.57, 0.82), (0.36, 0.57, 0.82), (0.36, 0.57, 0.82), (0.36, 0.57, 0.82), (0.36, 0.57, 0.82), (0.36, 0.57, 0.82), (0.36, 0.57, 0.82), (0.36, 0.57, 0.82), (0.36, 0.57, 0.82), (0.36, 0.57, 0.82), (0.36, 0.57, 0.82), (0.36, 0.57, 0.82), (0.36, 0.57, 0.82), (0.36, 0.57, 0.82), (0.36, 0.57, 0.82), (0.36, 0.57, 0.82), (0.36, 0.57, 0.82), (0.36, 0.57, 0.82), (0.36, 0.57, 0.82), (0.36, 0.57, 0.82), (0.36, 0.57, 0.82), (0.36, 0.57, 0.82), (0.36, 0.57, 0.82), (0.36, 0.57, 0.82), (0.36, 0.57, 0.82), (0.36, 0.57, 0.82), (0.36, 0.57, 0.82), (0.36, 0.57, 0.82), (0.36, 0.57, 0.82), (0.36, 0.57, 0.82), (0.36, 0.57, 0.82), (0.36, 0.57, 0.82), (0.36, 0.57, 0.82), (0.36, 0.57, 0.82), (0.36, 0.57, 0.82), (0.36, 0.57, 0.82), (0.36, 0.57, 0.82), (0.36, 0.57, 0.82), (0.36, 0.57, 0.82), (0.36, 0.57, 0.82), (0.36, 0.57, 0.82), (0.36, 0.57, 0.82), (0.36, 0.57, 0.82), (0.36, 0.57, 0.82), (0.36, 0.57, 0.82), (0.36, 0.57, 0.82), (0.36, 0.57, 0.82), (0.36, 0.57, 0.82), (0.36, 0.57, 0.82), (0.36, 0.57, 0.82), (0.36, 0.57, 0.82), (0.36, 0.57, 0.82), (0.36, 0.57, 0.82), (0.36, 0.57, 0.82), (0.36, 0.57, 0.82), (0.36, 0.57, 0.82), (0.36, 0.57, 0.82), (0.36, 0.57, 0.82), (0.36, 0.57, 0.82), (0.36, 0.57, 0.82), (0.36, 0.57, 0.82), (0.36, 0.57, 0.82), (0.36, 0.57, 0.82), (0.36, 0.57, 0.82), (0.36, 0.57, 0.82), (0.36, 0.57, 0.82), (0.36, 0.57, 0.82), (0.36, 0.57, 0.82), (0.36, 0.57, 0.82), (0.36, 0.57, 0.82), (0.36, 0.57, 0.82), (0.36, 0.57, 0.82), (0.36, 0.57, 0.82), (0.36, 0.57, 0.82), (0.36, 0.57, 0.82), (0.36, 0.57, 0.82), (0.36, 0.57, 0.82), (0.36, 0.57, 0.82), (0.36, 0.57, 0.82), (0.36, 0.57, 0.82), (0.36, 0.57, 0.82), (0.36, 0.57, 0.82), (0.36, 0.57, 0.82), (0.36, 0.57, 0.82), (0.36, 0.57, 0.82), (0.36, 0.57, 0.82), (0.36, 0.57, 0.82), (0.36, 0.57, 0.82), (0.36, 0.57, 0.82), (0.36, 0.57, 0.82), (0.36, 0.57, 0.82), (0.36, 0.57, 0.82), (0.36, 0.57, 0.82), (0.36, 0.57, 0.82), (0.36, 0.57, 0.82), (0.36, 0.57, 0.82), (0.36, 0.57, 0.82), (0.36, 0.57, 0.82), (0.36, 0.57, 0.82), (0.36, 0.57, 0.82), (0.36, 0.57, 0.82), (0.36, 0.57, 0.82), (0.36, 0.57, 0.82), (0.36, 0.57, 0.82), (0.36, 0.57, 0.82), (0.36, 0.57, 0.82), (0.36, 0.57, 0.82), (0.36, 0.57, 0.82), (0.36, 0.57, 0.82), (0.36, 0.57, 0.82), (0.36, 0.57, 0.82), (0.36, 0.57, 0.82), (0.36, 0.57, 0.82), (0.36, 0.57, 0.82), (0.36, 0.57, 0.82), (0.36, 0.57, 0.82), (0.36, 0.57, 0.82), (0.36, 0.57, 0.82), (0.36, 0.57, 0.82), (0.36, 0.57, 0.82), (0.36, 0.57, 0.82), (0.36, 0.57, 0.82), (0.36, 0.57, 0.82), (0.36, 0.57, 0.82), (0.36, 0.57, 0.82), (0.36, 0.57, 0.82), (0.36, 0.57, 0.82), (0.36, 0.57, 0.82), (0.36, 0.57, 0.82), (0.36, 0.57, 0.82), (0.36, 0.57, 0.82), (0.36, 0.57, 0.82), (0.36, 0.57, 0.82), (0.36, 0.57, 0.82), (0.36, 0.57, 0.82), (0.36, 0.57, 0.82), (0.36, 0.57, 0.82), (0.36, 0.57, 0.82), (0.36, 0.57, 0.82), (0.36, 0.57, 0.82), (0.36, 0.57, 0.82), (0.36, 0.57, 0.82), (0.36, 0.57, 0.82), (0.36, 0.57, 0.82), (0.36, 0.57, 0.82), (0.36, 0.57, 0.82), (0.36, 0.57, 0.82), (0.36, 0.57, 0.82), (0.36, 0.57, 0.82), (0.36, 0.57, 0.82), (0.36, 0.57, 0.82), (0.36, 0.57, 0.82), (0.36, 0.57, 0.82), (0.36, 0.57, 0.82), (0.36, 0.57, 0.82), (0.36, 0.57, 0.82), (0.36, 0.57, 0.82), (0.36, 0.57, 0.82), (0.36, 0.57, 0.82), (0.36, 0.57, 0.82), (0.36, 0.57, 0.82), (0.36, 0.57, 0.82), (0.36, 0.57, 0.82), (0.36, 0.57, 0.82), (0.36, 0.57, 0.82), (0.36, 0.57, 0.82), (0.36, 0.57, 0.82), (0.36, 0.57, 0.82), (0.36, 0.57, 0.82), (0.36, 0.57, 0.82), (0.36, 0.57, 0.82), (0.36, 0.57, 0.82), (0.36, 0.57, 0.82), (0.36, 0.57, 0.82), (0.36, 0.57, 0.82), (0.36, 0.57, 0.82), (0.36, 0.57, 0.82), (0.36, 0.57, 0.82), (0.36, 0.57, 0.82), (0.36, 0.57, 0.82), (0.36, 0.57, 0.82), (0.36, 0.57, 0.82), (0.36, 0.57, 0.82), (0.36, 0.57, 0.82), (0.36, 0.57, 0.82), (0.36, 0.57, 0.82), (0.36, 0.57, 0.82), (0.36, 0.57, 0.82), (0.36, 0.57, 0.82), (0.36, 0.57, 0.82), (0.36, 0.57, 0.82), (0.36, 0.57, 0.82), (0.36, 0.57, 0.82), (0.36, 0.57, 0.82), (0.36, 0.57, 0.82), (0.36, 0.57, 0.82), (0.36, 0.57, 0.82), (0.36, 0.57, 0.82), (0.36, 0.57, 0.82), (0.36, 0.57, 0.82), (0.36, 0.57, 0.82), (0.36, 0.57, 0.82), (0.36, 0.57, 0.82), (0.36, 0.57, 0.82), (0.36, 0.57, 0.82), (0.36, 0.57, 0.82), (0.36, 0.57, 0.82), (0.36, 0.57, 0.82), (0.36, 0.57, 0.82), (0.36, 0.57, 0.82), (0.36, 0.57, 0.82), (0.36, 0.57, 0.82), (0.36, 0.57, 0.82), (0.36, 0.57, 0.82), (0.36, 0.57, 0.82), (0.36, 0.57, 0.82), (0.36, 0.57, 0.82), (0.36, 0.57, 0.82), (0.36, 0.57, 0.82), (0.36, 0.57, 0.82), (0.36, 0.57, 0.82), (0.36, 0.57, 0.82), (0.36, 0.57, 0.82), (0.36, 0.57, 0.82), (0.36, 0.57, 0.82), (0.36, 0.57, 0.82), (0.36, 0.57, 0.82), (0.36, 0.57, 0.82), (0.36, 0.57, 0.82), (0.36, 0.57, 0.82), (0.36, 0.57, 0.82), (0.36, 0.57, 0.82), (0.36, 0.57, 0.82), (0.36, 0.57, 0.82), (0.36, 0.57, 0.82), (0.36, 0.57, 0.82), (0.36, 0.57, 0.82), (0.36, 0.57, 0.82), (0.36, 0.57, 0.82), (0.36, 0.57, 0.82), (0.36, 0.57, 0.82), (0.36, 0.57, 0.82), (0.36, 0.57, 0.82), (0.36, 0.57, 0.82), (0.36, 0.57, 0.82), (0.36, 0.57, 0.82), (0.36, 0.57, 0.82), (0.36, 0.57, 0.82), (0.36, 0.57, 0.82), (0.36, 0.57, 0.82), (0.36, 0.57, 0.82), (0.36, 0.57, 0.82), (0.36, 0.57, 0.82), (0.36, 0.57, 0.82), (0.36, 0.57, 0.82), (0.36, 0.57, 0.82), (0.36, 0.57, 0.82), (0.36, 0.57, 0.82), (0.36, 0.57, 0.82), (0.36, 0.57, 0.82), (0.36, 0.57, 0.82), (0.36, 0.57, 0.82), (0.36, 0.57, 0.82), (0.36, 0.57, 0.82), (0.36, 0.57, 0.82), (0.36, 0.57, 0.82), (0.36, 0.57, 0.82), (0.36, 0.57, 0.82), (0.36, 0.57, 0.82), (0.36, 0.57, 0.82), (0.36, 0.57, 0.82), (0.36, 0.57, 0.82), (0.36, 0.57, 0.82), (0.36, 0.57, 0.82), (0.36, 0.57, 0.82), (0.36, 0.57, 0.82), (0.36, 0.57, 0.82), (0.36, 0.57, 0.82), (0.36, 0.57, 0.82), (0.36, 0.57, 0.82), (0.36, 0.57, 0.82), (0.36, 0.57, 0.82), (0.36, 0.57, 0.82), (0.36, 0.57, 0.82), (0.36, 0.57, 0.82), (0.36, 0.57, 0.82), (0.36, 0.57, 0.82), (0.36, 0.57, 0.82), (0.36, 0.57, 0.82), (0.36, 0.57, 0.82), (0.36, 0.57, 0.82), (0.36, 0.57, 0.82), (0.36, 0.57, 0.82), (0.36, 0.57, 0.82), (0.36, 0.57, 0.82), (0.36, 0.57, 0.82), (0.36, 0.57, 0.82), (0.36, 0.57, 0.82), (0.36, 0.57, 0.82), (0.36, 0.57, 0.82), (0.36, 0.57, 0.82), (0.36, 0.57, 0.82), (0.36, 0.57, 0.82), (0.36, 0.57, 0.82), (0.36, 0.57, 0.82), (0.36, 0.57, 0.82), (0.36, 0.57, 0.82), (0.36, 0.57, 0.82), (0.36, 0.57, 0.82), (0.36, 0.57, 0.82), (0.36, 0.57, 0.82), (0.36, 0.57, 0.82), (0.36, 0.57, 0.82), (0.36, 0.57, 0.82), (0.36, 0.57, 0.82), (0.36, 0.57, 0.82), (0.36, 0.57, 0.82), (0.36, 0.57, 0.82), (0.36, 0.57, 0.82), (0.36, 0.57, 0.82), (0.36, 0.57, 0.82), (0.36, 0.57, 0.82), (0.36, 0.57, 0.82), (0.36, 0.57, 0.82), (0.36, 0.57, 0.82), (0.36, 0.57, 0.82), (0.36, 0.57, 0.82), (0.36, 0.57, 0.82), (0.36, 0.57, 0.82), (0.36, 0.57, 0.82), (0.36, 0.57, 0.82), (0.36, 0.57, 0.82), (0.36, 0.57, 0.82), (0.36, 0.57, 0.82), (0.36, 0.57, 0.82), (0.36, 0.57, 0.82), (0.36, 0.57, 0.82), (0.36, 0.57, 0.82), (0.36, 0.57, 0.82), (0.36, 0.57, 0.82), (0.36, 0.57, 0.82), (0.36, 0.57, 0.82), (0.36, 0.57, 0.82), (0.36, 0.57, 0.82), (0.36, 0.57, 0.82), (0.36, 0.57, 0.82), (0.36, 0.57, 0.82), (0.36, 0.57, 0.82), (0.36, 0.57, 0.82), (0.36, 0.57, 0.82), (0.36, 0.57, 0.82), (0.36, 0.57, 0.82), (0.36, 0.57, 0.82), (0.36, 0.57, 0.82), (0.36, 0.57, 0.82), (0.36, 0.57, 0.82), (0.36, 0.57, 0.82), (0.36, 0.57, 0.82), (0.36, 0.57, 0.82), (0.36, 0.57, 0.82), (0.36, 0.57, 0.82), (0.36, 0.57, 0.82), (0.36, 0.57, 0.82), (0.36, 0.57, 0.82), (0.36, 0.57, 0.82), (0.36, 0.57, 0.82), (0.36, 0.57, 0.82), (0.36, 0.57, 0.82), (0.36, 0.57, 0.82), (0.36, 0.57, 0.82), (0.36, 0.57, 0.82), (0.36, 0.57, 0.82), (0.36, 0.57, 0.82), (0.36, 0.57, 0.82), (0.36, 0.57, 0.82), (0.36, 0.57, 0.82), (0.36, 0.57, 0.82), (0.36, 0.57, 0.82), (0.36, 0.57, 0.82), (0.36, 0.57, 0.82), (0.36, 0.57, 0.82), (0.36, 0.57, 0.82), (0.36, 0.57, 0.82), (0.36, 0.57, 0.82), (0.36, 0.57, 0.82), (0.36, 0.57, 0.82), (0.36, 0.57, 0.82), (0.36, 0.57, 0.82), (0.36, 0.57, 0.82), (0.36, 0.57, 0.82), (0.36, 0.57, 0.82), (0.36, 0.57, 0.82), (0.36, 0.57, 0.82), (0.36, 0.57, 0.82), (0.36, 0.57, 0.82), (0.36, 0.57, 0.82), (0.36, 0.57, 0.82), (0.36, 0.57, 0.82), (0.36, 0.57, 0.82), (0.36, 0.57, 0.82), (0.36, 0.57, 0.82), (0.36, 0.57, 0.82), (0.36, 0.57, 0.82), (0.36, 0.57, 0.82), (0.36, 0.57, 0.82), (0.36, 0.57, 0.82), (0.36, 0.57, 0.82), (0.36, 0.57, 0.82), (0.36, 0.57, 0.82), (0.36, 0.57, 0.82), (0.36, 0.57, 0.82), (0.36, 0.57, 0.82), (0.36, 0.57, 0.82), (0.36, 0.57, 0.82), (0.36, 0.57, 0.82), (0.36, 0.57, 0.82), (0.36, 0.57, 0.82), (0.36, 0.57, 0.82), (0.36, 0.57, 0.82), (0.36, 0.57, 0.82), (0.36, 0.57, 0.82), (0.36, 0.57, 0.82), (0.36, 0.57, 0.82), (0.36, 0.57, 0.82), (0.36, 0.57, 0.82), (0.36, 0.57, 0.82), (0.36, 0.57, 0.82), (0.36, 0.57, 0.82), (0.36, 0.57, 0.82), (0.36, 0.57, 0.82), (0.36, 0.57, 0.82), (0.36, 0.57, 0.82), (0.36, 0.57, 0.82), (0.36, 0.57, 0.82), (0.36, 0.57, 0.82), (0.36, 0.57, 0.82), (0.36, 0.57, 0.82), (0.36, 0.57, 0.82), (0.36, 0.57, 0.82), (0.36, 0.57, 0.82), (0.36, 0.57, 0.82), (0.36, 0.57, 0.82), (0.36, 0.57, 0.82), (0.36, 0.57, 0.82), (0.36, 0.57, 0.82), (0.36, 0.57, 0.82), (0.36, 0.57, 0.82), (0.36, 0.57, 0.82), (0.36, 0.57, 0.82), (0.36, 0.57, 0.82), (0.36, 0.57, 0.82), (0.36, 0.57, 0.82), (0.36, 0.57, 0.82), (0.36, 0.57, 0.82), (0.36, 0.57, 0.82), (0.36, 0.57, 0.82), (0.36, 0.57, 0.82), (0.36, 0.57, 0.82), (0.36, 0.57, 0.82), (0.36, 0.57, 0.82), (0.36, 0.57, 0.82), (0.36, 0.57, 0.82), (0.36, 0.57, 0.82), (0.36, 0.57, 0.82), (0.36, 0.57, 0.82), (0.36, 0.57, 0.82), (0.36, 0.57, 0.82), (0.36, 0.57, 0.82), (0.36, 0.57, 0.82), (0.36, 0.57, 0.82), (0.36, 0.57, 0.82), (0.36, 0.57, 0.82), (0.36, 0.57, 0.82), (0.36, 0.57, 0.82), (0.36, 0.57, 0.82), (0.36, 0.57, 0.82), (0.36, 0.57, 0.82), (0.36, 0.57, 0.82), (0.36, 0.57, 0.82), (0.36, 0.57, 0.82), (0.36, 0.57, 0.82), (0.36, 0.57, 0.82), (0.36, 0.57, 0.82), (0.36, 0.57, 0.82), (0.36, 0.57, 0.82), (0.36, 0.57, 0.82), (0.36, 0.57, 0.82), (0.36, 0.57, 0.82), (0.36, 0.57, 0.82), (0.36, 0.57, 0.82), (0.36, 0.57, 0.82), (0.36, 0.57, 0.82), (0.36, 0.57, 0.82), (0.36, 0.57, 0.82), (0.36, 0.57, 0.82), (0.36, 0.57, 0.82), (0.36, 0.57, 0.82), (0.36, 0.57, 0.82), (0.36, 0.57, 0.82), (0.36, 0.57, 0.82), (0.36, 0.57, 0.82), (0.36, 0.57, 0.82), (0.36, 0.57, 0.82), (0.36, 0.57, 0.82), (0.36, 0.57, 0.82), (0.36, 0.57, 0.82), (0.36, 0.57, 0.82), (0.36, 0.57, 0.82), (0.36, 0.57, 0.82), (0.36, 0.57, 0.82), (0.36, 0.57, 0.82), (0.36, 0.57, 0.82), (0.36, 0.57, 0.82), (0.36, 0.57, 0.82), (0.36, 0.57, 0.82), (0.36, 0.57, 0.82), (0.36, 0.57, 0.82), (0.36, 0.57, 0.82), (0.36, 0.57, 0.82), (0.36, 0.57, 0.82), (0.36, 0.57, 0.82), (0.36, 0.57, 0.82), (0.36, 0.57, 0.82), (0.36, 0.57, 0.82), (0.36, 0.57, 0.82), (0.36, 0.57, 0.82), (0.36, 0.57, 0.82), (0.36, 0.57, 0.82), (0.36, 0.57, 0.82), (0.36, 0.57, 0.82), (0.36, 0.57, 0.82), (0.36, 0.57, 0.82), (0.36, 0.57, 0.82), (0.36, 0.57, 0.82), (0.36, 0.57, 0.82), (0.36, 0.57, 0.82), (0.36, 0.57, 0.82), (0.36, 0.57, 0.82), (0.36, 0.57, 0.82), (0.36, 0.57, 0.82), (0.36, 0.57, 0.82), (0.36, 0.57, 0.82), (0.36, 0.57, 0.82), (0.36, 0.57, 0.82), (0.36, 0.57, 0.82), (0.36, 0.57, 0.82), (0.36, 0.57, 0.82), (0.36, 0.57, 0.82), (0.36, 0.57, 0.82), (0.36, 0.57, 0.82), (0.36, 0.57, 0.82), (0.36, 0.57, 0.82), (0.36, 0.57, 0.82), (0.36, 0.57, 0.82), (0.36, 0.57, 0.82), (0.36, 0.57, 0.82), (0.36, 0.57, 0.82), (0.36, 0.57, 0.82), (0.36, 0.57, 0.82), (0.36, 0.57, 0.82), (0.36, 0.57, 0.82), (0.36, 0.57, 0.82), (0.36, 0.57, 0.82), (0.36, 0.57, 0.82), (0.36, 0.57, 0.82), (0.36, 0.57, 0.82), (0.36, 0.57, 0.82), (0.36, 0.57, 0.82), (0.36, 0.57, 0.82), (0.36, 0.57, 0.82), (0.36, 0.57, 0.82), (0.36, 0.57, 0.82), (0.36, 0.57, 0.82), (0.36, 0.57, 0.82), (0.36, 0.57, 0.82), (0.36, 0.57, 0.82), (0.36, 0.57, 0.82), (0.36, 0.57, 0.82), (0.36, 0.57, 0.82), (0.36, 0.57, 0.82), (0.36, 0.57, 0.82), (0.36, 0.57, 0.82), (0.36, 0.57, 0.82), (0.36, 0.57, 0.82), (0.36, 0.57, 0.82), (0.36, 0.57, 0.82), (0.36, 0.57, 0.82), (0.36, 0.57, 0.82), (0.36, 0.57, 0.82), (0.36, 0.57, 0.82), (0.36, 0.57, 0.82), (0.36, 0.57, 0.82), (0.36, 0.57, 0.82), (0.36, 0.57, 0.82), (0.36, 0.57, 0.82), (0.36, 0.57, 0.82), (0.36, 0.57, 0.82), (0.36, 0.57, 0.82), (0.36, 0.57, 0.82), (0.36, 0.57, 0.82), (0.36, 0.57, 0.82), (0.36, 0.57, 0.82), (0.36, 0.57, 0.82), (0.36, 0.57, 0.82), (0.36, 0.57, 0.82), (0.36, 0.57, 0.82), (0.36, 0.57, 0.82), (0.36, 0.57, 0.82), (0.36, 0.57, 0.82), (0.36, 0.57, 0.82), (0.36, 0.57, 0.82), (0.36, 0.57, 0.82), (0.36, 0.57, 0.82), (0.36, 0.57, 0.82), (0.36, 0.57, 0.82), (0.36, 0.57, 0.82), (0.36, 0.57, 0.82), (0.36, 0.57, 0.82), (0.36, 0.57, 0.82), (0.36, 0.57, 0.82), (0.36, 0.57, 0.82), (0.36, 0.57, 0.82), (0.36, 0.57, 0.82), (0.36, 0.57, 0.82), (0.36, 0.57, 0.82), (0.36, 0.57, 0.82), (0.36, 0.57, 0.82), (0.36, 0.57, 0.82), (0.36, 0.57, 0.82), (0.36, 0.57, 0.82), (0.36, 0.57, 0.82), (0.36, 0.57, 0.82), (0.36, 0.57, 0.82), (0.36, 0.57, 0.82), (0.36, 0.57, 0.82), (0.36, 0.57, 0.82), (0.36, 0.57, 0.82), (0.36, 0.57, 0.82), (0.36, 0.57, 0.82), (0.36, 0.57, 0.82), (0.36, 0.57, 0.82), (0.36, 0.57, 0.82), (0.36, 0.57, 0.82), (0.36, 0.57, 0.82), (0.36, 0.57, 0.82), (0.36, 0.57, 0.82), (0.36, 0.57, 0.82), (0.36, 0.57, 0.82), (0.36, 0.57, 0.82), (0.36, 0.57, 0.82), (0.36, 0.57, 0.82), (0.36, 0.57, 0.82), (0.36, 0.57, 0.82), (0.36, 0.57, 0.82), (0.36, 0.57, 0.82), (0.36, 0.57, 0.82), (0.36, 0.57, 0.82), (0.36, 0.57, 0.82), (0.36, 0.57, 0.82), (0.36, 0.57, 0.82), (0.36, 0.57, 0.82), (0.36, 0.57, 0.82), (0.36, 0.57, 0.82), (0.36, 0.57, 0.82), (0.36, 0.57, 0.82), (0.36, 0.57, 0.82), (0.36, 0.57, 0.82), (0.36, 0.57, 0.82), (0.36, 0.57, 0.82), (0.36, 0.57, 0.82), (0.36, 0.57, 0.82), (0.36, 0.57, 0.82), (0.36, 0.57, 0.82), (0.36, 0.57, 0.82), (0.36, 0.57, 0.82), (0.36, 0.57, 0.82), (0.36, 0.57, 0.82), (0.36, 0.57, 0.82), (0.36, 0.57, 0.82), (0.36, 0.57, 0.82), (0.36, 0.57, 0.82), (0.36, 0.57, 0.82), (0.36, 0.57, 0.82), (0.36, 0.57, 0.82), (0.36, 0.57, 0.82), (0.36, 0.57, 0.82), (0.36, 0.57, 0.82), (0.36, 0.57, 0.82), (0.36, 0.57, 0.82), (0.36, 0.57, 0.82), (0.36, 0.57, 0.82), (0.36, 0.57, 0.82), (0.36, 0.57, 0.82), (0.36, 0.57, 0.82), (0.36, 0.57, 0.82), (0.36, 0.57, 0.82), (0.36, 0.57, 0.82), (0.36, 0.57, 0.82), (0.36, 0.57, 0.82), (0.36, 0.57, 0.82), (0.36, 0.57, 0.82), (0.36, 0.57, 0.82), (0.36, 0.57, 0.82), (0.36, 0.57, 0.82), (0.36, 0.57, 0.82), (0.36, 0.57, 0.82), (0.36, 0.57, 0.82), (0.36, 0.57, 0.82), (0.36, 0.57, 0.82), (0.36, 0.57, 0.82), (0.36, 0.57, 0.82), (0.36, 0.57, 0.82), (0.36, 0.57, 0.82), (0.36, 0.57, 0.82), (0.36, 0.57, 0.82), (0.36, 0.57, 0.82), (0.36, 0.57, 0.82), (0.36, 0.57, 0.82), (0.36, 0.57, 0.82), (0.36, 0.57, 0.82), (0.36, 0.57, 0.82), (0.36, 0.57, 0.82), (0.36, 0.57, 0.82), (0.36, 0.57, 0.82), (0.36, 0.57, 0.82), (0.36, 0.57, 0.82), (0.36, 0.57, 0.82), (0.36, 0.57, 0.82), (0.36, 0.57, 0.82), (0.36, 0.57, 0.82), (0.36, 0.57, 0.82), (0.36, 0.57, 0.82), (0.36, 0.57, 0.82), (0.36, 0.57, 0.82), (0.36, 0.57, 0.82), (0.36, 0.57, 0.82), (0.36, 0.57, 0.82), (0.36, 0.57, 0.82), (0.36, 0.57, 0.82), (0.36, 0.57, 0.82), (0.36, 0.57, 0.82), (0.36, 0.57, 0.82), (0.36, 0.57, 0.82), (0.36, 0.57, 0.82), (0.36, 0.57, 0.82), (0.36, 0.57, 0.82), (0.36, 0.57, 0.82), (0.36, 0.57, 0.82), (0.36, 0.57, 0.82), (0.36, 0.57, 0.82), (0.36, 0.57, 0.82), (0.36, 0.57, 0.82), (0.36, 0.57, 0.82), (0.36, 0.57, 0.82), (0.36, 0.57, 0.82), (0.36, 0.57, 0.82), (0.36, 0.57, 0.82), (0.36, 0.57, 0.82), (0.36, 0.57, 0.82), (0.36, 0.57, 0.82), (0.36, 0.57, 0.82), (0.36, 0.57, 0.82), (0.36, 0.57, 0.82), (0.36, 0.57, 0.82), (0.36, 0.57, 0.82), (0.36, 0.57, 0.82), (0.36, 0.57, 0.82), (0.36, 0.57, 0.82), (0.36, 0.57, 0.82), (0.36, 0.57, 0.82), (0.36, 0.57, 0.82), (0.36, 0.57, 0.82), (0.36, 0.57, 0.82), (0.36, 0.57, 0.82), (0.36, 0.57, 0.82), (0.36, 0.57, 0.82), (0.36, 0.57, 0.82), (0.36, 0.57, 0.82), (0.36, 0.57, 0.82), (0.36, 0.57, 0.82), (0.36, 0.57, 0.82), (0.36, 0.57, 0.82), (0.36, 0.57, 0.82), (0.36, 0.57, 0.82), (0.36, 0.57, 0.82), (0.36, 0.57, 0.82), (0.36, 0.57, 0.82), (0.36, 0.57, 0.82), (0.36, 0.57, 0.82), (0.36, 0.57, 0.82), (0.36, 0.57, 0.82), (0.36, 0.57, 0.82), (0.36, 0.57, 0.82), (0.36, 0.57, 0.82), (0.36, 0.57, 0.82), (0.36, 0.57, 0.82), (0.36, 0.57, 0.82), (0.36, 0.57, 0.82), (0.36, 0.57, 0.82), (0.36, 0.57, 0.82), (0.36, 0.57, 0.82), (0.36, 0.57, 0.82), (0.36, 0.57, 0.82), (0.36, 0.57, 0.82), (0.36, 0.57, 0.82), (0.36, 0.57, 0.82), (0.36, 0.57, 0.82), (0.36, 0.57, 0.82), (0.36, 0.57, 0.82), (0.36, 0.57, 0.82), (0.36, 0.57, 0.82), (0.36, 0.57, 0.82), (0.36, 0.57, 0.82), (0.36, 0.57, 0.82), (0.36, 0.57, 0.82), (0.36, 0.57, 0.82), (0.36, 0.57, 0.82), (0.36, 0.57, 0.82), (0.36, 0.57, 0.82), (0.36, 0.57, 0.82), (0.36, 0.57, 0.82), (0.36, 0.57, 0.82), (0.36, 0.57, 0.82), (0.36, 0.57, 0.82), (0.36, 0.57, 0.82), (0.36, 0.57, 0.82), (0.36, 0.57, 0.82), (0.36, 0.57, 0.82), (0.36, 0.57, 0.82), (0.36, 0.57, 0.82), (0.36, 0.57, 0.82), (0.36, 0.57, 0.82), (0.36, 0.57, 0.82), (0.36, 0.57, 0.82), (0.36, 0.57, 0.82), (0.36, 0.57, 0.82), (0.36, 0.57, 0.82), (0.36, 0.57, 0.82), (0.36, 0.57, 0.82), (0.36, 0.57, 0.82), (0.36, 0.57, 0.82), (0.36, 0.57, 0.82), (0.36, 0.57, 0.82), (0.36, 0.57, 0.82), (0.36, 0.57, 0.82), (0.36, 0.57, 0.82), (0.36, 0.57, 0.82), (0.36, 0.57, 0.82), (0.36, 0.57, 0.82), (0.36, 0.57, 0.82), (0.36, 0.57, 0.82), (0.36, 0.57, 0.82), (0.36, 0.57, 0.82), (0.36, 0.57, 0.82), (0.36, 0.57, 0.82), (0.36, 0.57, 0.82), (0.36, 0.57, 0.82), (0.36, 0.57, 0.82), (0.36, 0.57, 0.82), (0.36, 0.57, 0.82), (0.36, 0.57, 0.82), (0.36, 0.57, 0.82), (0.36, 0.57, 0.82), (0.36, 0.57, 0.82), (0.36, 0.57, 0.82), (0.36, 0.57, 0.82), (0.36, 0.57, 0.82), (0.36, 0.57, 0.82), (0.36, 0.57, 0.82), (0.36, 0.57, 0.82), (0.36, 0.57, 0.82), (0.36, 0.57, 0.82), (0.36, 0.57, 0.82), (0.36, 0.57, 0.82), (0.36, 0.57, 0.82), (0.36, 0.57, 0.82), (0.36, 0.57, 0.82), (0.36, 0.57, 0.82), (0.36, 0.57, 0.82), (0.36, 0.57, 0.82), (0.36, 0.57, 0.82), (0.36, 0.57, 0.82), (0.36, 0.57, 0.82), (0.36, 0.57, 0.82), (0.36, 0.57, 0.82), (0.36, 0.57, 0.82), (0.36, 0.57, 0.82), (0.36, 0.57, 0.82), (0.36, 0.57, 0.82), (0.36, 0.57, 0.82), (0.36, 0.57, 0.82), (0.36, 0.57, 0.82), (0.36, 0.57, 0.82), (0.36, 0.57, 0.82), (0.36, 0.57, 0.82), (0.36, 0.57, 0.82), (0.36, 0.57, 0.82), (0.36, 0.57, 0.82), (0.36, 0.57, 0.82), (0.36, 0.57, 0.82), (0.36, 0.57, 0.82), (0.36, 0.57, 0.82), (0.36, 0.57, 0.82), (0.36, 0.57, 0.82), (0.36, 0.57, 0.82), (0.36, 0.57, 0.82), (0.36, 0.57, 0.82), (0.36, 0.57, 0.82), (0.36, 0.57, 0.82), (0.36, 0.57, 0.82), (0.36, 0.57, 0.82), (0.36, 0.57, 0.82), (0.36, 0.57, 0.82), (0.36, 0.57, 0.82), (0.36, 0.57, 0.82), (0.36, 0.57, 0.82), (0.36, 0.57, 0.82), (0.36, 0.57, 0.82), (0.36, 0.57, 0.82), (0.36, 0.57, 0.82), (0.36, 0.57, 0.82), (0.36, 0.57, 0.82), (0.36, 0.57, 0.82), (0.36, 0.57, 0.82), (0.36, 0.57, 0.82), (0.36, 0.57, 0.82), (0.36, 0.57, 0.82), (0.36, 0.57, 0.82), (0.36, 0.57, 0.82), (0.36, 0.57, 0.82), (0.36, 0.57, 0.82), (0.36, 0.57, 0.82), (0.36, 0.57, 0.82), (0.36, 0.57, 0.82), (0.36, 0.57, 0.82), (0.36, 0.57, 0.82), (0.36, 0.57, 0.82), (0.36, 0.57, 0.82), (0.36, 0.57, 0.82), (0.36, 0.57, 0.82), (0.36, 0.57, 0.82), (0.36, 0.57, 0.82), (0.36, 0.57, 0.82), (0.36, 0.57, 0.82), (0.36, 0.57, 0.82), (0.36, 0.57, 0.82), (0.36, 0.57, 0.82), (0.36, 0.57, 0.82), (0.36, 0.57, 0.82), (0.36, 0.57, 0.82), (0.36, 0.57, 0.82), (0.36, 0.57, 0.82), (0.36, 0.57, 0.82), (0.36, 0.57, 0.82), (0.36, 0.57, 0.82), (0.36, 0.57, 0.82), (0.36, 0.57, 0.82), (0.36, 0.57, 0.82), (0.36, 0.57, 0.82), (0.36, 0.57, 0.82), (0.36, 0.57, 0.82), (0.36, 0.57, 0.82), (0.36, 0.57, 0.82), (0.36, 0.57, 0.82), (0.36, 0.57, 0.82), (0.36, 0.57, 0.82), (0.36, 0.57, 0.82), (0.36, 0.57, 0.82), (0.36, 0.57, 0.82), (0.36, 0.57, 0.82), (0.36, 0.57, 0.82), (0.36, 0.57, 0.82), (0.36, 0.57, 0.82), (0.36, 0.57, 0.82), (0.36, 0.57, 0.82), (0.36, 0.57, 0.82), (0.36, 0.57, 0.82), (0.36, 0.57, 0.82), (0.36, 0.57, 0.82), (0.36, 0.57, 0.82), (0.36, 0.57, 0.82), (0.36, 0.57, 0.82), (0.36, 0.57, 0.82), (0.36, 0.57, 0.82), (0.36, 0.57, 0.82), (0.36, 0.57, 0.82), (0.36, 0.57, 0.82), (0.36, 0.57, 0.82), (0.36, 0.57, 0.82), (0.36, 0.57, 0.82), (0.36, 0.57, 0.82), (0.36, 0.57, 0.82), (0.36, 0.57, 0.82), (0.36, 0.57, 0.82), (0.36, 0.57, 0.82), (0.36, 0.57, 0.82), (0.36, 0.57, 0.82), (0.36, 0.57, 0.82), (0.36, 0.57, 0.82), (0.36, 0.57, 0.82), (0.36, 0.57, 0.82), (0.36, 0.57, 0.82), (0.36, 0.57, 0.82), (0.36, 0.57, 0.82), (0.36, 0.57, 0.82), (0.36, 0.57, 0.82), (0.36, 0.57, 0.82), (0.36, 0.57, 0.82), (0.36, 0.57, 0.82), (0.36, 0.57, 0.82), (0.36, 0.57, 0.82), (0.36, 0.57, 0.82), (0.36, 0.57, 0.82), (0.36, 0.57, 0.82), (0.36, 0.57, 0.82), (0.36, 0.57, 0.82), (0.36, 0.57, 0.82), (0.36, 0.57, 0.82), (0.36, 0.57, 0.82), (0.36, 0.57, 0.82), (0.36, 0.57, 0.82), (0.36, 0.57, 0.82), (0.36, 0.57, 0.82), (0.36, 0.57, 0.82), (0.36, 0.57, 0.82), (0.36, 0.57, 0.82), (0.36, 0.57, 0.82), (0.36, 0.57, 0.82), (0.36, 0.57, 0.82), (0.36, 0.57, 0.82), (0.36, 0.57, 0.82), (0.36, 0.57, 0.82), (0.36, 0.57, 0.82), (0.36, 0.57, 0.82), (0.36, 0.57, 0.82), (0.36, 0.57, 0.82), (0.36, 0.57, 0.82), (0.36, 0.57, 0.82), (0.36, 0.57, 0.82), (0.36, 0.57, 0.82), (0.36, 0.57, 0.82), (0.36, 0.57, 0.82), (0.36, 0.57, 0.82), (0.36, 0.57, 0.82), (0.36, 0.57, 0.82), (0.36, 0.57, 0.82), (0.36, 0.57, 0.82), (0.36, 0.57, 0.82), (0.36, 0.57, 0.82), (0.36, 0.57, 0.82), (0.36, 0.57, 0.82), (0.36, 0.57, 0.82)] (
            interpolation = "vertex"
        )
        uniform token type = "linear"
        float[] widths = [0.002, 0.002, 0.002, 0.002, 0.002, 0.002, 0.002, 0.002, 0.002, 0.002, 0.002, 0.002, 0.002, 0.002, 0.002, 0.002, 0.002, 0.002, 0.002, 0.002, 0.002, 0.002, 0.002, 0.002, 0.002, 0.002, 0.002, 0.002, 0.002, 0.002, 0.002, 0.002, 0.002, 0.002, 0.002, 0.002, 0.002, 0.002, 0.002, 0.002, 0.002, 0.002, 0.002, 0.002, 0.002, 0.002, 0.002, 0.002, 0.002, 0.002, 0.002, 0.002, 0.002, 0.002, 0.002, 0.002, 0.002, 0.002, 0.002, 0.002, 0.002, 0.002, 0.002, 0.002, 0.002, 0.002, 0.002, 0.002, 0.002, 0.002, 0.002, 0.002, 0.002, 0.002, 0.002, 0.002, 0.002, 0.002, 0.002, 0.002, 0.002, 0.002, 0.002, 0.002, 0.002, 0.002, 0.002, 0.002, 0.002, 0.002, 0.002, 0.002, 0.002, 0.002, 0.002, 0.002, 0.002, 0.002, 0.002, 0.002, 0.002, 0.002, 0.002, 0.002, 0.002, 0.002, 0.002, 0.002, 0.002, 0.002, 0.002, 0.002, 0.002, 0.002, 0.002, 0.002, 0.002, 0.002, 0.002, 0.002, 0.002, 0.002, 0.002, 0.002, 0.002, 0.002, 0.002, 0.002, 0.002, 0.002, 0.002, 0.002, 0.002, 0.002, 0.002, 0.002, 0.002, 0.002, 0.002, 0.002, 0.002, 0.002, 0.002, 0.002, 0.002, 0.002, 0.002, 0.002, 0.002, 0.002, 0.002, 0.002, 0.002, 0.002, 0.002, 0.002, 0.002, 0.002, 0.002, 0.002, 0.002, 0.002, 0.002, 0.002, 0.002, 0.002, 0.002, 0.002, 0.002, 0.002, 0.002, 0.002, 0.002, 0.002, 0.002, 0.002, 0.002, 0.002, 0.002, 0.002, 0.002, 0.002, 0.002, 0.002, 0.002, 0.002, 0.002, 0.002, 0.002, 0.002, 0.002, 0.002, 0.002, 0.002, 0.002, 0.002, 0.002, 0.002, 0.002, 0.002, 0.002, 0.002, 0.002, 0.002, 0.002, 0.002, 0.002, 0.002, 0.002, 0.002, 0.002, 0.002, 0.002, 0.002, 0.002, 0.002, 0.002, 0.002, 0.002, 0.002, 0.002, 0.002, 0.002, 0.002, 0.002, 0.002, 0.002, 0.002, 0.002, 0.002, 0.002, 0.002, 0.002, 0.002, 0.002, 0.002, 0.002, 0.002, 0.002, 0.002, 0.002, 0.002, 0.002, 0.002, 0.002, 0.002, 0.002, 0.002, 0.002, 0.002, 0.002, 0.002, 0.002, 0.002, 0.002, 0.002, 0.002, 0.002, 0.002, 0.002, 0.002, 0.002, 0.002, 0.002, 0.002, 0.002, 0.002, 0.002, 0.002, 0.002, 0.002, 0.002, 0.002, 0.002, 0.002, 0.002, 0.002, 0.002, 0.002, 0.002, 0.002, 0.002, 0.002, 0.002, 0.002, 0.002, 0.002, 0.002, 0.002, 0.002, 0.002, 0.002, 0.002, 0.002, 0.002, 0.002, 0.002, 0.002, 0.002, 0.002, 0.002, 0.002, 0.002, 0.002, 0.002, 0.002, 0.002, 0.002, 0.002, 0.002, 0.002, 0.002, 0.002, 0.002, 0.002, 0.002, 0.002, 0.002, 0.002, 0.002, 0.002, 0.002, 0.002, 0.002, 0.002, 0.002, 0.002, 0.002, 0.002, 0.002, 0.002, 0.002, 0.002, 0.002, 0.002, 0.002, 0.002, 0.002, 0.002, 0.002, 0.002, 0.002, 0.002, 0.002, 0.002, 0.002, 0.002, 0.002, 0.002, 0.002, 0.002, 0.002, 0.002, 0.002, 0.002, 0.002, 0.002, 0.002, 0.002, 0.002, 0.002, 0.002, 0.002, 0.002, 0.002, 0.002, 0.002, 0.002, 0.002, 0.002, 0.002, 0.002, 0.002, 0.002, 0.002, 0.002, 0.002, 0.002, 0.002, 0.002, 0.002, 0.002, 0.002, 0.002, 0.002, 0.002, 0.002, 0.002, 0.002, 0.002, 0.002, 0.002, 0.002, 0.002, 0.002, 0.002, 0.002, 0.002, 0.002, 0.002, 0.002, 0.002, 0.002, 0.002, 0.002, 0.002, 0.002, 0.002, 0.002, 0.002, 0.002, 0.002, 0.002, 0.002, 0.002, 0.002, 0.002, 0.002, 0.002, 0.002, 0.002, 0.002, 0.002, 0.002, 0.002, 0.002, 0.002, 0.002, 0.002, 0.002, 0.002, 0.002, 0.002, 0.002, 0.002, 0.002, 0.002, 0.002, 0.002, 0.002, 0.002, 0.002, 0.002, 0.002, 0.002, 0.002, 0.002, 0.002, 0.002, 0.002, 0.002, 0.002, 0.002, 0.002, 0.002, 0.002, 0.002, 0.002, 0.002, 0.002, 0.002, 0.002, 0.002, 0.002, 0.002, 0.002, 0.002, 0.002, 0.002, 0.002, 0.002, 0.002, 0.002, 0.002, 0.002, 0.002, 0.002, 0.002, 0.002, 0.002, 0.002, 0.002, 0.002, 0.002, 0.002, 0.002, 0.002, 0.002, 0.002, 0.002, 0.002, 0.002, 0.002, 0.002, 0.002, 0.002, 0.002, 0.002, 0.002, 0.002, 0.002, 0.002, 0.002, 0.002, 0.002, 0.002, 0.002, 0.002, 0.002, 0.002, 0.002, 0.002, 0.002, 0.002, 0.002, 0.002, 0.002, 0.002, 0.002, 0.002, 0.002, 0.002, 0.002, 0.002, 0.002, 0.002, 0.002, 0.002, 0.002, 0.002, 0.002, 0.002, 0.002, 0.002, 0.002, 0.002, 0.002, 0.002, 0.002, 0.002, 0.002, 0.002, 0.002, 0.002, 0.002, 0.002, 0.002, 0.002, 0.002, 0.002, 0.002, 0.002, 0.002, 0.002, 0.002, 0.002, 0.002, 0.002, 0.002, 0.002, 0.002, 0.002, 0.002, 0.002, 0.002, 0.002, 0.002, 0.002, 0.002, 0.002, 0.002, 0.002, 0.002, 0.002, 0.002, 0.002, 0.002, 0.002, 0.002, 0.002, 0.002, 0.002, 0.002, 0.002, 0.002, 0.002, 0.002, 0.002, 0.002, 0.002, 0.002, 0.002, 0.002, 0.002, 0.002, 0.002, 0.002, 0.002, 0.002, 0.002, 0.002, 0.002, 0.002, 0.002, 0.002, 0.002, 0.002, 0.002, 0.002, 0.002, 0.002, 0.002, 0.002, 0.002, 0.002, 0.002, 0.002, 0.002, 0.002, 0.002, 0.002, 0.002, 0.002, 0.002, 0.002, 0.002, 0.002, 0.002, 0.002, 0.002, 0.002, 0.002, 0.002, 0.002, 0.002, 0.002, 0.002, 0.002, 0.002, 0.002, 0.002, 0.002, 0.002, 0.002, 0.002, 0.002, 0.002, 0.002, 0.002, 0.002, 0.002, 0.002, 0.002, 0.002, 0.002, 0.002, 0.002, 0.002, 0.002, 0.002, 0.002, 0.002, 0.002, 0.002, 0.002, 0.002, 0.002, 0.002, 0.002, 0.002, 0.002, 0.002, 0.002, 0.002, 0.002, 0.002, 0.002, 0.002, 0.002, 0.002, 0.002, 0.002, 0.002, 0.002, 0.002, 0.002, 0.002, 0.002, 0.002, 0.002, 0.002, 0.002, 0.002, 0.002, 0.002, 0.002, 0.002, 0.002, 0.002, 0.002, 0.002, 0.002, 0.002, 0.002, 0.002, 0.002, 0.002, 0.002, 0.002, 0.002, 0.002, 0.002, 0.002, 0.002, 0.002, 0.002, 0.002, 0.002, 0.002, 0.002, 0.002, 0.002, 0.002, 0.002, 0.002, 0.002, 0.002, 0.002, 0.002, 0.002, 0.002, 0.002, 0.002, 0.002, 0.002, 0.002, 0.002, 0.002, 0.002, 0.002, 0.002, 0.002, 0.002, 0.002, 0.002, 0.002, 0.002, 0.002, 0.002, 0.002, 0.002, 0.002, 0.002, 0.002, 0.002, 0.002, 0.002, 0.002, 0.002, 0.002, 0.002, 0.002, 0.002, 0.002, 0.002, 0.002, 0.002, 0.002, 0.002, 0.002, 0.002, 0.002, 0.002, 0.002, 0.002, 0.002, 0.002, 0.002, 0.002, 0.002, 0.002, 0.002, 0.002, 0.002, 0.002, 0.002, 0.002, 0.002, 0.002, 0.002, 0.002, 0.002, 0.002, 0.002, 0.002, 0.002, 0.002, 0.002, 0.002, 0.002, 0.002, 0.002, 0.002, 0.002, 0.002, 0.002, 0.002, 0.002, 0.002, 0.002, 0.002, 0.002, 0.002, 0.002, 0.002, 0.002, 0.002, 0.002, 0.002, 0.002, 0.002, 0.002, 0.002, 0.002, 0.002, 0.002, 0.002, 0.002, 0.002, 0.002, 0.002, 0.002, 0.002, 0.002, 0.002, 0.002, 0.002, 0.002, 0.002, 0.002, 0.002, 0.002, 0.002, 0.002, 0.002, 0.002, 0.002, 0.002, 0.002, 0.002, 0.002, 0.002, 0.002, 0.002, 0.002, 0.002, 0.002, 0.002, 0.002, 0.002, 0.002, 0.002, 0.002, 0.002, 0.002, 0.002, 0.002, 0.002, 0.002, 0.002, 0.002, 0.002, 0.002, 0.002, 0.002, 0.002, 0.002, 0.002, 0.002, 0.002, 0.002, 0.002, 0.002, 0.002, 0.002, 0.002, 0.002, 0.002, 0.002, 0.002, 0.002, 0.002, 0.002, 0.002, 0.002, 0.002, 0.002, 0.002, 0.002, 0.002, 0.002, 0.002, 0.002, 0.002, 0.002, 0.002, 0.002, 0.002, 0.002, 0.002, 0.002, 0.002, 0.002, 0.002, 0.002, 0.002, 0.002, 0.002, 0.002, 0.002, 0.002, 0.002, 0.002, 0.002, 0.002, 0.002, 0.002, 0.002, 0.002, 0.002, 0.002, 0.002, 0.002, 0.002, 0.002, 0.002, 0.002, 0.002, 0.002, 0.002, 0.002, 0.002, 0.002, 0.002, 0.002, 0.002, 0.002, 0.002, 0.002, 0.002, 0.002, 0.002, 0.002, 0.002, 0.002, 0.002, 0.002, 0.002, 0.002, 0.002, 0.002, 0.002, 0.002, 0.002, 0.002, 0.002, 0.002, 0.002, 0.002, 0.002, 0.002, 0.002, 0.002, 0.002, 0.002, 0.002, 0.002, 0.002, 0.002, 0.002, 0.002, 0.002, 0.002, 0.002, 0.002, 0.002, 0.002, 0.002, 0.002, 0.002, 0.002, 0.002, 0.002, 0.002, 0.002, 0.002, 0.002, 0.002, 0.002, 0.002, 0.002, 0.002, 0.002, 0.002, 0.002, 0.002, 0.002, 0.002, 0.002, 0.002, 0.002, 0.002, 0.002, 0.002, 0.002, 0.002, 0.002, 0.002, 0.002, 0.002, 0.002, 0.002, 0.002, 0.002, 0.002, 0.002, 0.002, 0.002, 0.002, 0.002, 0.002, 0.002, 0.002, 0.002, 0.002, 0.002, 0.002, 0.002, 0.002, 0.002, 0.002, 0.002, 0.002, 0.002, 0.002, 0.002, 0.002, 0.002, 0.002, 0.002, 0.002, 0.002, 0.002, 0.002, 0.002, 0.002, 0.002, 0.002, 0.002, 0.002, 0.002, 0.002, 0.002, 0.002, 0.002, 0.002, 0.002, 0.002, 0.002, 0.002, 0.002, 0.002, 0.002, 0.002, 0.002, 0.002, 0.002, 0.002, 0.002, 0.002, 0.002, 0.002, 0.002, 0.002, 0.002, 0.002, 0.002, 0.002, 0.002, 0.002, 0.002, 0.002, 0.002, 0.002, 0.002, 0.002, 0.002, 0.002, 0.002, 0.002, 0.002, 0.002, 0.002, 0.002, 0.002, 0.002, 0.002, 0.002, 0.002, 0.002, 0.002, 0.002, 0.002, 0.002, 0.002, 0.002, 0.002, 0.002, 0.002, 0.002, 0.002, 0.002, 0.002, 0.002, 0.002, 0.002, 0.002, 0.002, 0.002, 0.002, 0.002, 0.002, 0.002, 0.002] (
            interpolation = "vertex"
        )
        uniform token wrap = "nonperiodic"
    }

    def BasisCurves "Freeze_Held_Output"
    {
        int[] curveVertexCounts = [6, 6, 6, 6, 6, 6, 6, 6, 6, 6, 6, 6, 6, 6, 6, 6, 6, 6, 6, 6, 6, 6, 6, 6, 6, 6, 6, 6, 6, 6, 6, 6, 6, 6, 6, 6, 6, 6, 6, 6, 6, 6, 6, 6, 6, 6, 6, 6, 6, 6, 6, 6, 6, 6, 6, 6, 6, 6, 6, 6, 6, 6, 6, 6, 6, 6, 6, 6, 6, 6, 6, 6, 6, 6, 6, 6, 6, 6, 6, 6, 6, 6, 6, 6, 6, 6, 6, 6, 6, 6, 6, 6, 6, 6, 6, 6, 6, 6, 6, 6, 6, 6, 6, 6, 6, 6, 6, 6, 6, 6, 6, 6, 6, 6, 6, 6, 6, 6, 6, 6, 6, 6, 6, 6, 6, 6, 6, 6, 6, 6, 6, 6, 6, 6, 6, 6, 6, 6, 6, 6, 6, 6, 6, 6, 6, 6, 6, 6, 6, 6, 6, 6, 6, 6, 6, 6, 6, 6, 6, 6, 6, 6, 6, 6, 6, 6, 6, 6, 6, 6, 6, 6, 6, 6, 6, 6, 6, 6, 6, 6, 6, 6, 6, 6, 6, 6, 6, 6, 6]
        point3f[] points = [(0.1, -0.036, 0), (0.100480005, -0.03572, 0.036), (0.10192, -0.034879997, 0.072), (0.104320005, -0.03348, 0.107999995), (0.10768, -0.031519998, 0.144), (0.112, -0.029, 0.17999999), (0.109, -0.036, 0), (0.10948, -0.03572, 0.036), (0.11092, -0.034879997, 0.072), (0.11332, -0.03348, 0.107999995), (0.116679996, -0.031519998, 0.144), (0.121, -0.029, 0.17999999), (0.118, -0.036, 0), (0.118480004, -0.03572, 0.036), (0.11992, -0.034879997, 0.072), (0.122320004, -0.03348, 0.107999995), (0.12568, -0.031519998, 0.144), (0.13, -0.029, 0.17999999), (0.127, -0.036, 0), (0.12748, -0.03572, 0.036), (0.12892, -0.034879997, 0.072), (0.13132, -0.03348, 0.107999995), (0.13468, -0.031519998, 0.144), (0.139, -0.029, 0.17999999), (0.136, -0.036, 0), (0.13648, -0.03572, 0.036), (0.13791999, -0.034879997, 0.072), (0.14032, -0.03348, 0.107999995), (0.14368, -0.031519998, 0.144), (0.148, -0.029, 0.17999999), (0.145, -0.036, 0), (0.14548, -0.03572, 0.036), (0.14692, -0.034879997, 0.072), (0.14932, -0.03348, 0.107999995), (0.15268, -0.031519998, 0.144), (0.157, -0.029, 0.17999999), (0.154, -0.036, 0), (0.15448, -0.03572, 0.036), (0.15592, -0.034879997, 0.072), (0.15832, -0.03348, 0.107999995), (0.16168, -0.031519998, 0.144), (0.166, -0.029, 0.17999999), (0.163, -0.036, 0), (0.16348, -0.03572, 0.036), (0.16492, -0.034879997, 0.072), (0.16732, -0.03348, 0.107999995), (0.17068, -0.031519998, 0.144), (0.175, -0.029, 0.17999999), (0.17199999, -0.036, 0), (0.17248, -0.03572, 0.036), (0.17392, -0.034879997, 0.072), (0.17632, -0.03348, 0.107999995), (0.17968, -0.031519998, 0.144), (0.184, -0.029, 0.17999999), (0.181, -0.036, 0), (0.18147999, -0.03572, 0.036), (0.18292, -0.034879997, 0.072), (0.18532, -0.03348, 0.107999995), (0.18868, -0.031519998, 0.144), (0.193, -0.029, 0.17999999), (0.19, -0.036, 0), (0.19048, -0.03572, 0.036), (0.19192, -0.034879997, 0.072), (0.19432, -0.03348, 0.107999995), (0.19768, -0.031519998, 0.144), (0.20199999, -0.029, 0.17999999), (0.199, -0.036, 0), (0.19948, -0.03572, 0.036), (0.20092, -0.034879997, 0.072), (0.20332, -0.03348, 0.107999995), (0.20668, -0.031519998, 0.144), (0.211, -0.029, 0.17999999), (0.208, -0.036, 0), (0.20848, -0.03572, 0.036), (0.20991999, -0.034879997, 0.072), (0.21232, -0.03348, 0.107999995), (0.21568, -0.031519998, 0.144), (0.22, -0.029, 0.17999999), (0.217, -0.036, 0), (0.21748, -0.03572, 0.036), (0.21891999, -0.034879997, 0.072), (0.22132, -0.03348, 0.107999995), (0.22467999, -0.031519998, 0.144), (0.229, -0.029, 0.17999999), (0.226, -0.036, 0), (0.22647999, -0.03572, 0.036), (0.22792, -0.034879997, 0.072), (0.23031999, -0.03348, 0.107999995), (0.23368, -0.031519998, 0.144), (0.238, -0.029, 0.17999999), (0.235, -0.036, 0), (0.23548, -0.03572, 0.036), (0.23692, -0.034879997, 0.072), (0.23932, -0.03348, 0.107999995), (0.24268, -0.031519998, 0.144), (0.247, -0.029, 0.17999999), (0.24399999, -0.036, 0), (0.24448, -0.03572, 0.036), (0.24592, -0.034879997, 0.072), (0.24832, -0.03348, 0.107999995), (0.25168, -0.031519998, 0.144), (0.25599998, -0.029, 0.17999999), (0.253, -0.036, 0), (0.25348, -0.03572, 0.036), (0.25492, -0.034879997, 0.072), (0.25732, -0.03348, 0.107999995), (0.26068, -0.031519998, 0.144), (0.265, -0.029, 0.17999999), (0.262, -0.036, 0), (0.26248, -0.03572, 0.036), (0.26392, -0.034879997, 0.072), (0.26632, -0.03348, 0.107999995), (0.26968, -0.031519998, 0.144), (0.274, -0.029, 0.17999999), (0.271, -0.036, 0), (0.27148, -0.03572, 0.036), (0.27292, -0.034879997, 0.072), (0.27532, -0.03348, 0.107999995), (0.27868, -0.031519998, 0.144), (0.283, -0.029, 0.17999999), (0.28, -0.036, 0), (0.28048, -0.03572, 0.036), (0.28192, -0.034879997, 0.072), (0.28432, -0.03348, 0.107999995), (0.28768, -0.031519998, 0.144), (0.292, -0.029, 0.17999999), (0.1, -0.026999999, 0), (0.100480005, -0.026719999, 0.036), (0.10192, -0.02588, 0.072), (0.104320005, -0.024479998, 0.107999995), (0.10768, -0.022519998, 0.144), (0.112, -0.02, 0.17999999), (0.109, -0.026999999, 0), (0.10948, -0.026719999, 0.036), (0.11092, -0.02588, 0.072), (0.11332, -0.024479998, 0.107999995), (0.116679996, -0.022519998, 0.144), (0.121, -0.02, 0.17999999), (0.118, -0.026999999, 0), (0.118480004, -0.026719999, 0.036), (0.11992, -0.02588, 0.072), (0.122320004, -0.024479998, 0.107999995), (0.12568, -0.022519998, 0.144), (0.13, -0.02, 0.17999999), (0.127, -0.026999999, 0), (0.12748, -0.026719999, 0.036), (0.12892, -0.02588, 0.072), (0.13132, -0.024479998, 0.107999995), (0.13468, -0.022519998, 0.144), (0.139, -0.02, 0.17999999), (0.136, -0.026999999, 0), (0.13648, -0.026719999, 0.036), (0.13791999, -0.02588, 0.072), (0.14032, -0.024479998, 0.107999995), (0.14368, -0.022519998, 0.144), (0.148, -0.02, 0.17999999), (0.145, -0.026999999, 0), (0.14548, -0.026719999, 0.036), (0.14692, -0.02588, 0.072), (0.14932, -0.024479998, 0.107999995), (0.15268, -0.022519998, 0.144), (0.157, -0.02, 0.17999999), (0.154, -0.026999999, 0), (0.15448, -0.026719999, 0.036), (0.15592, -0.02588, 0.072), (0.15832, -0.024479998, 0.107999995), (0.16168, -0.022519998, 0.144), (0.166, -0.02, 0.17999999), (0.163, -0.026999999, 0), (0.16348, -0.026719999, 0.036), (0.16492, -0.02588, 0.072), (0.16732, -0.024479998, 0.107999995), (0.17068, -0.022519998, 0.144), (0.175, -0.02, 0.17999999), (0.17199999, -0.026999999, 0), (0.17248, -0.026719999, 0.036), (0.17392, -0.02588, 0.072), (0.17632, -0.024479998, 0.107999995), (0.17968, -0.022519998, 0.144), (0.184, -0.02, 0.17999999), (0.181, -0.026999999, 0), (0.18147999, -0.026719999, 0.036), (0.18292, -0.02588, 0.072), (0.18532, -0.024479998, 0.107999995), (0.18868, -0.022519998, 0.144), (0.193, -0.02, 0.17999999), (0.19, -0.026999999, 0), (0.19048, -0.026719999, 0.036), (0.19192, -0.02588, 0.072), (0.19432, -0.024479998, 0.107999995), (0.19768, -0.022519998, 0.144), (0.20199999, -0.02, 0.17999999), (0.199, -0.026999999, 0), (0.19948, -0.026719999, 0.036), (0.20092, -0.02588, 0.072), (0.20332, -0.024479998, 0.107999995), (0.20668, -0.022519998, 0.144), (0.211, -0.02, 0.17999999), (0.208, -0.026999999, 0), (0.20848, -0.026719999, 0.036), (0.20991999, -0.02588, 0.072), (0.21232, -0.024479998, 0.107999995), (0.21568, -0.022519998, 0.144), (0.22, -0.02, 0.17999999), (0.217, -0.026999999, 0), (0.21748, -0.026719999, 0.036), (0.21891999, -0.02588, 0.072), (0.22132, -0.024479998, 0.107999995), (0.22467999, -0.022519998, 0.144), (0.229, -0.02, 0.17999999), (0.226, -0.026999999, 0), (0.22647999, -0.026719999, 0.036), (0.22792, -0.02588, 0.072), (0.23031999, -0.024479998, 0.107999995), (0.23368, -0.022519998, 0.144), (0.238, -0.02, 0.17999999), (0.235, -0.026999999, 0), (0.23548, -0.026719999, 0.036), (0.23692, -0.02588, 0.072), (0.23932, -0.024479998, 0.107999995), (0.24268, -0.022519998, 0.144), (0.247, -0.02, 0.17999999), (0.24399999, -0.026999999, 0), (0.24448, -0.026719999, 0.036), (0.24592, -0.02588, 0.072), (0.24832, -0.024479998, 0.107999995), (0.25168, -0.022519998, 0.144), (0.25599998, -0.02, 0.17999999), (0.253, -0.026999999, 0), (0.25348, -0.026719999, 0.036), (0.25492, -0.02588, 0.072), (0.25732, -0.024479998, 0.107999995), (0.26068, -0.022519998, 0.144), (0.265, -0.02, 0.17999999), (0.262, -0.026999999, 0), (0.26248, -0.026719999, 0.036), (0.26392, -0.02588, 0.072), (0.26632, -0.024479998, 0.107999995), (0.26968, -0.022519998, 0.144), (0.274, -0.02, 0.17999999), (0.271, -0.026999999, 0), (0.27148, -0.026719999, 0.036), (0.27292, -0.02588, 0.072), (0.27532, -0.024479998, 0.107999995), (0.27868, -0.022519998, 0.144), (0.283, -0.02, 0.17999999), (0.28, -0.026999999, 0), (0.28048, -0.026719999, 0.036), (0.28192, -0.02588, 0.072), (0.28432, -0.024479998, 0.107999995), (0.28768, -0.022519998, 0.144), (0.292, -0.02, 0.17999999), (0.1, -0.018, 0), (0.100480005, -0.017719999, 0.036), (0.10192, -0.01688, 0.072), (0.104320005, -0.015479999, 0.107999995), (0.10768, -0.013519999, 0.144), (0.112, -0.010999999, 0.17999999), (0.109, -0.018, 0), (0.10948, -0.017719999, 0.036), (0.11092, -0.01688, 0.072), (0.11332, -0.015479999, 0.107999995), (0.116679996, -0.013519999, 0.144), (0.121, -0.010999999, 0.17999999), (0.118, -0.018, 0), (0.118480004, -0.017719999, 0.036), (0.11992, -0.01688, 0.072), (0.122320004, -0.015479999, 0.107999995), (0.12568, -0.013519999, 0.144), (0.13, -0.010999999, 0.17999999), (0.127, -0.018, 0), (0.12748, -0.017719999, 0.036), (0.12892, -0.01688, 0.072), (0.13132, -0.015479999, 0.107999995), (0.13468, -0.013519999, 0.144), (0.139, -0.010999999, 0.17999999), (0.136, -0.018, 0), (0.13648, -0.017719999, 0.036), (0.13791999, -0.01688, 0.072), (0.14032, -0.015479999, 0.107999995), (0.14368, -0.013519999, 0.144), (0.148, -0.010999999, 0.17999999), (0.145, -0.018, 0), (0.14548, -0.017719999, 0.036), (0.14692, -0.01688, 0.072), (0.14932, -0.015479999, 0.107999995), (0.15268, -0.013519999, 0.144), (0.157, -0.010999999, 0.17999999), (0.154, -0.018, 0), (0.15448, -0.017719999, 0.036), (0.15592, -0.01688, 0.072), (0.15832, -0.015479999, 0.107999995), (0.16168, -0.013519999, 0.144), (0.166, -0.010999999, 0.17999999), (0.163, -0.018, 0), (0.16348, -0.017719999, 0.036), (0.16492, -0.01688, 0.072), (0.16732, -0.015479999, 0.107999995), (0.17068, -0.013519999, 0.144), (0.175, -0.010999999, 0.17999999), (0.17199999, -0.018, 0), (0.17248, -0.017719999, 0.036), (0.17392, -0.01688, 0.072), (0.17632, -0.015479999, 0.107999995), (0.17968, -0.013519999, 0.144), (0.184, -0.010999999, 0.17999999), (0.181, -0.018, 0), (0.18147999, -0.017719999, 0.036), (0.18292, -0.01688, 0.072), (0.18532, -0.015479999, 0.107999995), (0.18868, -0.013519999, 0.144), (0.193, -0.010999999, 0.17999999), (0.19, -0.018, 0), (0.19048, -0.017719999, 0.036), (0.19192, -0.01688, 0.072), (0.19432, -0.015479999, 0.107999995), (0.19768, -0.013519999, 0.144), (0.20199999, -0.010999999, 0.17999999), (0.199, -0.018, 0), (0.19948, -0.017719999, 0.036), (0.20092, -0.01688, 0.072), (0.20332, -0.015479999, 0.107999995), (0.20668, -0.013519999, 0.144), (0.211, -0.010999999, 0.17999999), (0.208, -0.018, 0), (0.20848, -0.017719999, 0.036), (0.20991999, -0.01688, 0.072), (0.21232, -0.015479999, 0.107999995), (0.21568, -0.013519999, 0.144), (0.22, -0.010999999, 0.17999999), (0.217, -0.018, 0), (0.21748, -0.017719999, 0.036), (0.21891999, -0.01688, 0.072), (0.22132, -0.015479999, 0.107999995), (0.22467999, -0.013519999, 0.144), (0.229, -0.010999999, 0.17999999), (0.226, -0.018, 0), (0.22647999, -0.017719999, 0.036), (0.22792, -0.01688, 0.072), (0.23031999, -0.015479999, 0.107999995), (0.23368, -0.013519999, 0.144), (0.238, -0.010999999, 0.17999999), (0.235, -0.018, 0), (0.23548, -0.017719999, 0.036), (0.23692, -0.01688, 0.072), (0.23932, -0.015479999, 0.107999995), (0.24268, -0.013519999, 0.144), (0.247, -0.010999999, 0.17999999), (0.24399999, -0.018, 0), (0.24448, -0.017719999, 0.036), (0.24592, -0.01688, 0.072), (0.24832, -0.015479999, 0.107999995), (0.25168, -0.013519999, 0.144), (0.25599998, -0.010999999, 0.17999999), (0.253, -0.018, 0), (0.25348, -0.017719999, 0.036), (0.25492, -0.01688, 0.072), (0.25732, -0.015479999, 0.107999995), (0.26068, -0.013519999, 0.144), (0.265, -0.010999999, 0.17999999), (0.262, -0.018, 0), (0.26248, -0.017719999, 0.036), (0.26392, -0.01688, 0.072), (0.26632, -0.015479999, 0.107999995), (0.26968, -0.013519999, 0.144), (0.274, -0.010999999, 0.17999999), (0.271, -0.018, 0), (0.27148, -0.017719999, 0.036), (0.27292, -0.01688, 0.072), (0.27532, -0.015479999, 0.107999995), (0.27868, -0.013519999, 0.144), (0.283, -0.010999999, 0.17999999), (0.28, -0.018, 0), (0.28048, -0.017719999, 0.036), (0.28192, -0.01688, 0.072), (0.28432, -0.015479999, 0.107999995), (0.28768, -0.013519999, 0.144), (0.292, -0.010999999, 0.17999999), (0.1, -0.009, 0), (0.100480005, -0.008719999, 0.036), (0.10192, -0.0078799995, 0.072), (0.104320005, -0.006479999, 0.107999995), (0.10768, -0.0045199995, 0.144), (0.112, -0.0019999994, 0.17999999), (0.109, -0.009, 0), (0.10948, -0.008719999, 0.036), (0.11092, -0.0078799995, 0.072), (0.11332, -0.006479999, 0.107999995), (0.116679996, -0.0045199995, 0.144), (0.121, -0.0019999994, 0.17999999), (0.118, -0.009, 0), (0.118480004, -0.008719999, 0.036), (0.11992, -0.0078799995, 0.072), (0.122320004, -0.006479999, 0.107999995), (0.12568, -0.0045199995, 0.144), (0.13, -0.0019999994, 0.17999999), (0.127, -0.009, 0), (0.12748, -0.008719999, 0.036), (0.12892, -0.0078799995, 0.072), (0.13132, -0.006479999, 0.107999995), (0.13468, -0.0045199995, 0.144), (0.139, -0.0019999994, 0.17999999), (0.136, -0.009, 0), (0.13648, -0.008719999, 0.036), (0.13791999, -0.0078799995, 0.072), (0.14032, -0.006479999, 0.107999995), (0.14368, -0.0045199995, 0.144), (0.148, -0.0019999994, 0.17999999), (0.145, -0.009, 0), (0.14548, -0.008719999, 0.036), (0.14692, -0.0078799995, 0.072), (0.14932, -0.006479999, 0.107999995), (0.15268, -0.0045199995, 0.144), (0.157, -0.0019999994, 0.17999999), (0.154, -0.009, 0), (0.15448, -0.008719999, 0.036), (0.15592, -0.0078799995, 0.072), (0.15832, -0.006479999, 0.107999995), (0.16168, -0.0045199995, 0.144), (0.166, -0.0019999994, 0.17999999), (0.163, -0.009, 0), (0.16348, -0.008719999, 0.036), (0.16492, -0.0078799995, 0.072), (0.16732, -0.006479999, 0.107999995), (0.17068, -0.0045199995, 0.144), (0.175, -0.0019999994, 0.17999999), (0.17199999, -0.009, 0), (0.17248, -0.008719999, 0.036), (0.17392, -0.0078799995, 0.072), (0.17632, -0.006479999, 0.107999995), (0.17968, -0.0045199995, 0.144), (0.184, -0.0019999994, 0.17999999), (0.181, -0.009, 0), (0.18147999, -0.008719999, 0.036), (0.18292, -0.0078799995, 0.072), (0.18532, -0.006479999, 0.107999995), (0.18868, -0.0045199995, 0.144), (0.193, -0.0019999994, 0.17999999), (0.19, -0.009, 0), (0.19048, -0.008719999, 0.036), (0.19192, -0.0078799995, 0.072), (0.19432, -0.006479999, 0.107999995), (0.19768, -0.0045199995, 0.144), (0.20199999, -0.0019999994, 0.17999999), (0.199, -0.009, 0), (0.19948, -0.008719999, 0.036), (0.20092, -0.0078799995, 0.072), (0.20332, -0.006479999, 0.107999995), (0.20668, -0.0045199995, 0.144), (0.211, -0.0019999994, 0.17999999), (0.208, -0.009, 0), (0.20848, -0.008719999, 0.036), (0.20991999, -0.0078799995, 0.072), (0.21232, -0.006479999, 0.107999995), (0.21568, -0.0045199995, 0.144), (0.22, -0.0019999994, 0.17999999), (0.217, -0.009, 0), (0.21748, -0.008719999, 0.036), (0.21891999, -0.0078799995, 0.072), (0.22132, -0.006479999, 0.107999995), (0.22467999, -0.0045199995, 0.144), (0.229, -0.0019999994, 0.17999999), (0.226, -0.009, 0), (0.22647999, -0.008719999, 0.036), (0.22792, -0.0078799995, 0.072), (0.23031999, -0.006479999, 0.107999995), (0.23368, -0.0045199995, 0.144), (0.238, -0.0019999994, 0.17999999), (0.235, -0.009, 0), (0.23548, -0.008719999, 0.036), (0.23692, -0.0078799995, 0.072), (0.23932, -0.006479999, 0.107999995), (0.24268, -0.0045199995, 0.144), (0.247, -0.0019999994, 0.17999999), (0.24399999, -0.009, 0), (0.24448, -0.008719999, 0.036), (0.24592, -0.0078799995, 0.072), (0.24832, -0.006479999, 0.107999995), (0.25168, -0.0045199995, 0.144), (0.25599998, -0.0019999994, 0.17999999), (0.253, -0.009, 0), (0.25348, -0.008719999, 0.036), (0.25492, -0.0078799995, 0.072), (0.25732, -0.006479999, 0.107999995), (0.26068, -0.0045199995, 0.144), (0.265, -0.0019999994, 0.17999999), (0.262, -0.009, 0), (0.26248, -0.008719999, 0.036), (0.26392, -0.0078799995, 0.072), (0.26632, -0.006479999, 0.107999995), (0.26968, -0.0045199995, 0.144), (0.274, -0.0019999994, 0.17999999), (0.271, -0.009, 0), (0.27148, -0.008719999, 0.036), (0.27292, -0.0078799995, 0.072), (0.27532, -0.006479999, 0.107999995), (0.27868, -0.0045199995, 0.144), (0.283, -0.0019999994, 0.17999999), (0.28, -0.009, 0), (0.28048, -0.008719999, 0.036), (0.28192, -0.0078799995, 0.072), (0.28432, -0.006479999, 0.107999995), (0.28768, -0.0045199995, 0.144), (0.292, -0.0019999994, 0.17999999), (0.1, 0, 0), (0.100480005, 0.00028, 0.036), (0.10192, 0.00112, 0.072), (0.104320005, 0.0025200003, 0.107999995), (0.10768, 0.00448, 0.144), (0.112, 0.007, 0.17999999), (0.109, 0, 0), (0.10948, 0.00028, 0.036), (0.11092, 0.00112, 0.072), (0.11332, 0.0025200003, 0.107999995), (0.116679996, 0.00448, 0.144), (0.121, 0.007, 0.17999999), (0.118, 0, 0), (0.118480004, 0.00028, 0.036), (0.11992, 0.00112, 0.072), (0.122320004, 0.0025200003, 0.107999995), (0.12568, 0.00448, 0.144), (0.13, 0.007, 0.17999999), (0.127, 0, 0), (0.12748, 0.00028, 0.036), (0.12892, 0.00112, 0.072), (0.13132, 0.0025200003, 0.107999995), (0.13468, 0.00448, 0.144), (0.139, 0.007, 0.17999999), (0.136, 0, 0), (0.13648, 0.00028, 0.036), (0.13791999, 0.00112, 0.072), (0.14032, 0.0025200003, 0.107999995), (0.14368, 0.00448, 0.144), (0.148, 0.007, 0.17999999), (0.145, 0, 0), (0.14548, 0.00028, 0.036), (0.14692, 0.00112, 0.072), (0.14932, 0.0025200003, 0.107999995), (0.15268, 0.00448, 0.144), (0.157, 0.007, 0.17999999), (0.154, 0, 0), (0.15448, 0.00028, 0.036), (0.15592, 0.00112, 0.072), (0.15832, 0.0025200003, 0.107999995), (0.16168, 0.00448, 0.144), (0.166, 0.007, 0.17999999), (0.163, 0, 0), (0.16348, 0.00028, 0.036), (0.16492, 0.00112, 0.072), (0.16732, 0.0025200003, 0.107999995), (0.17068, 0.00448, 0.144), (0.175, 0.007, 0.17999999), (0.17199999, 0, 0), (0.17248, 0.00028, 0.036), (0.17392, 0.00112, 0.072), (0.17632, 0.0025200003, 0.107999995), (0.17968, 0.00448, 0.144), (0.184, 0.007, 0.17999999), (0.181, 0, 0), (0.18147999, 0.00028, 0.036), (0.18292, 0.00112, 0.072), (0.18532, 0.0025200003, 0.107999995), (0.18868, 0.00448, 0.144), (0.193, 0.007, 0.17999999), (0.19, 0, 0), (0.19048, 0.00028, 0.036), (0.19192, 0.00112, 0.072), (0.19432, 0.0025200003, 0.107999995), (0.19768, 0.00448, 0.144), (0.20199999, 0.007, 0.17999999), (0.199, 0, 0), (0.19948, 0.00028, 0.036), (0.20092, 0.00112, 0.072), (0.20332, 0.0025200003, 0.107999995), (0.20668, 0.00448, 0.144), (0.211, 0.007, 0.17999999), (0.208, 0, 0), (0.20848, 0.00028, 0.036), (0.20991999, 0.00112, 0.072), (0.21232, 0.0025200003, 0.107999995), (0.21568, 0.00448, 0.144), (0.22, 0.007, 0.17999999), (0.217, 0, 0), (0.21748, 0.00028, 0.036), (0.21891999, 0.00112, 0.072), (0.22132, 0.0025200003, 0.107999995), (0.22467999, 0.00448, 0.144), (0.229, 0.007, 0.17999999), (0.226, 0, 0), (0.22647999, 0.00028, 0.036), (0.22792, 0.00112, 0.072), (0.23031999, 0.0025200003, 0.107999995), (0.23368, 0.00448, 0.144), (0.238, 0.007, 0.17999999), (0.235, 0, 0), (0.23548, 0.00028, 0.036), (0.23692, 0.00112, 0.072), (0.23932, 0.0025200003, 0.107999995), (0.24268, 0.00448, 0.144), (0.247, 0.007, 0.17999999), (0.24399999, 0, 0), (0.24448, 0.00028, 0.036), (0.24592, 0.00112, 0.072), (0.24832, 0.0025200003, 0.107999995), (0.25168, 0.00448, 0.144), (0.25599998, 0.007, 0.17999999), (0.253, 0, 0), (0.25348, 0.00028, 0.036), (0.25492, 0.00112, 0.072), (0.25732, 0.0025200003, 0.107999995), (0.26068, 0.00448, 0.144), (0.265, 0.007, 0.17999999), (0.262, 0, 0), (0.26248, 0.00028, 0.036), (0.26392, 0.00112, 0.072), (0.26632, 0.0025200003, 0.107999995), (0.26968, 0.00448, 0.144), (0.274, 0.007, 0.17999999), (0.271, 0, 0), (0.27148, 0.00028, 0.036), (0.27292, 0.00112, 0.072), (0.27532, 0.0025200003, 0.107999995), (0.27868, 0.00448, 0.144), (0.283, 0.007, 0.17999999), (0.28, 0, 0), (0.28048, 0.00028, 0.036), (0.28192, 0.00112, 0.072), (0.28432, 0.0025200003, 0.107999995), (0.28768, 0.00448, 0.144), (0.292, 0.007, 0.17999999), (0.1, 0.009, 0), (0.100480005, 0.00928, 0.036), (0.10192, 0.01012, 0.072), (0.104320005, 0.01152, 0.107999995), (0.10768, 0.01348, 0.144), (0.112, 0.015999999, 0.17999999), (0.109, 0.009, 0), (0.10948, 0.00928, 0.036), (0.11092, 0.01012, 0.072), (0.11332, 0.01152, 0.107999995), (0.116679996, 0.01348, 0.144), (0.121, 0.015999999, 0.17999999), (0.118, 0.009, 0), (0.118480004, 0.00928, 0.036), (0.11992, 0.01012, 0.072), (0.122320004, 0.01152, 0.107999995), (0.12568, 0.01348, 0.144), (0.13, 0.015999999, 0.17999999), (0.127, 0.009, 0), (0.12748, 0.00928, 0.036), (0.12892, 0.01012, 0.072), (0.13132, 0.01152, 0.107999995), (0.13468, 0.01348, 0.144), (0.139, 0.015999999, 0.17999999), (0.136, 0.009, 0), (0.13648, 0.00928, 0.036), (0.13791999, 0.01012, 0.072), (0.14032, 0.01152, 0.107999995), (0.14368, 0.01348, 0.144), (0.148, 0.015999999, 0.17999999), (0.145, 0.009, 0), (0.14548, 0.00928, 0.036), (0.14692, 0.01012, 0.072), (0.14932, 0.01152, 0.107999995), (0.15268, 0.01348, 0.144), (0.157, 0.015999999, 0.17999999), (0.154, 0.009, 0), (0.15448, 0.00928, 0.036), (0.15592, 0.01012, 0.072), (0.15832, 0.01152, 0.107999995), (0.16168, 0.01348, 0.144), (0.166, 0.015999999, 0.17999999), (0.163, 0.009, 0), (0.16348, 0.00928, 0.036), (0.16492, 0.01012, 0.072), (0.16732, 0.01152, 0.107999995), (0.17068, 0.01348, 0.144), (0.175, 0.015999999, 0.17999999), (0.17199999, 0.009, 0), (0.17248, 0.00928, 0.036), (0.17392, 0.01012, 0.072), (0.17632, 0.01152, 0.107999995), (0.17968, 0.01348, 0.144), (0.184, 0.015999999, 0.17999999), (0.181, 0.009, 0), (0.18147999, 0.00928, 0.036), (0.18292, 0.01012, 0.072), (0.18532, 0.01152, 0.107999995), (0.18868, 0.01348, 0.144), (0.193, 0.015999999, 0.17999999), (0.19, 0.009, 0), (0.19048, 0.00928, 0.036), (0.19192, 0.01012, 0.072), (0.19432, 0.01152, 0.107999995), (0.19768, 0.01348, 0.144), (0.20199999, 0.015999999, 0.17999999), (0.199, 0.009, 0), (0.19948, 0.00928, 0.036), (0.20092, 0.01012, 0.072), (0.20332, 0.01152, 0.107999995), (0.20668, 0.01348, 0.144), (0.211, 0.015999999, 0.17999999), (0.208, 0.009, 0), (0.20848, 0.00928, 0.036), (0.20991999, 0.01012, 0.072), (0.21232, 0.01152, 0.107999995), (0.21568, 0.01348, 0.144), (0.22, 0.015999999, 0.17999999), (0.217, 0.009, 0), (0.21748, 0.00928, 0.036), (0.21891999, 0.01012, 0.072), (0.22132, 0.01152, 0.107999995), (0.22467999, 0.01348, 0.144), (0.229, 0.015999999, 0.17999999), (0.226, 0.009, 0), (0.22647999, 0.00928, 0.036), (0.22792, 0.01012, 0.072), (0.23031999, 0.01152, 0.107999995), (0.23368, 0.01348, 0.144), (0.238, 0.015999999, 0.17999999), (0.235, 0.009, 0), (0.23548, 0.00928, 0.036), (0.23692, 0.01012, 0.072), (0.23932, 0.01152, 0.107999995), (0.24268, 0.01348, 0.144), (0.247, 0.015999999, 0.17999999), (0.24399999, 0.009, 0), (0.24448, 0.00928, 0.036), (0.24592, 0.01012, 0.072), (0.24832, 0.01152, 0.107999995), (0.25168, 0.01348, 0.144), (0.25599998, 0.015999999, 0.17999999), (0.253, 0.009, 0), (0.25348, 0.00928, 0.036), (0.25492, 0.01012, 0.072), (0.25732, 0.01152, 0.107999995), (0.26068, 0.01348, 0.144), (0.265, 0.015999999, 0.17999999), (0.262, 0.009, 0), (0.26248, 0.00928, 0.036), (0.26392, 0.01012, 0.072), (0.26632, 0.01152, 0.107999995), (0.26968, 0.01348, 0.144), (0.274, 0.015999999, 0.17999999), (0.271, 0.009, 0), (0.27148, 0.00928, 0.036), (0.27292, 0.01012, 0.072), (0.27532, 0.01152, 0.107999995), (0.27868, 0.01348, 0.144), (0.283, 0.015999999, 0.17999999), (0.28, 0.009, 0), (0.28048, 0.00928, 0.036), (0.28192, 0.01012, 0.072), (0.28432, 0.01152, 0.107999995), (0.28768, 0.01348, 0.144), (0.292, 0.015999999, 0.17999999), (0.1, 0.018, 0), (0.100480005, 0.01828, 0.036), (0.10192, 0.019119998, 0.072), (0.104320005, 0.02052, 0.107999995), (0.10768, 0.02248, 0.144), (0.112, 0.024999999, 0.17999999), (0.109, 0.018, 0), (0.10948, 0.01828, 0.036), (0.11092, 0.019119998, 0.072), (0.11332, 0.02052, 0.107999995), (0.116679996, 0.02248, 0.144), (0.121, 0.024999999, 0.17999999), (0.118, 0.018, 0), (0.118480004, 0.01828, 0.036), (0.11992, 0.019119998, 0.072), (0.122320004, 0.02052, 0.107999995), (0.12568, 0.02248, 0.144), (0.13, 0.024999999, 0.17999999), (0.127, 0.018, 0), (0.12748, 0.01828, 0.036), (0.12892, 0.019119998, 0.072), (0.13132, 0.02052, 0.107999995), (0.13468, 0.02248, 0.144), (0.139, 0.024999999, 0.17999999), (0.136, 0.018, 0), (0.13648, 0.01828, 0.036), (0.13791999, 0.019119998, 0.072), (0.14032, 0.02052, 0.107999995), (0.14368, 0.02248, 0.144), (0.148, 0.024999999, 0.17999999), (0.145, 0.018, 0), (0.14548, 0.01828, 0.036), (0.14692, 0.019119998, 0.072), (0.14932, 0.02052, 0.107999995), (0.15268, 0.02248, 0.144), (0.157, 0.024999999, 0.17999999), (0.154, 0.018, 0), (0.15448, 0.01828, 0.036), (0.15592, 0.019119998, 0.072), (0.15832, 0.02052, 0.107999995), (0.16168, 0.02248, 0.144), (0.166, 0.024999999, 0.17999999), (0.163, 0.018, 0), (0.16348, 0.01828, 0.036), (0.16492, 0.019119998, 0.072), (0.16732, 0.02052, 0.107999995), (0.17068, 0.02248, 0.144), (0.175, 0.024999999, 0.17999999), (0.17199999, 0.018, 0), (0.17248, 0.01828, 0.036), (0.17392, 0.019119998, 0.072), (0.17632, 0.02052, 0.107999995), (0.17968, 0.02248, 0.144), (0.184, 0.024999999, 0.17999999), (0.181, 0.018, 0), (0.18147999, 0.01828, 0.036), (0.18292, 0.019119998, 0.072), (0.18532, 0.02052, 0.107999995), (0.18868, 0.02248, 0.144), (0.193, 0.024999999, 0.17999999), (0.19, 0.018, 0), (0.19048, 0.01828, 0.036), (0.19192, 0.019119998, 0.072), (0.19432, 0.02052, 0.107999995), (0.19768, 0.02248, 0.144), (0.20199999, 0.024999999, 0.17999999), (0.199, 0.018, 0), (0.19948, 0.01828, 0.036), (0.20092, 0.019119998, 0.072), (0.20332, 0.02052, 0.107999995), (0.20668, 0.02248, 0.144), (0.211, 0.024999999, 0.17999999), (0.208, 0.018, 0), (0.20848, 0.01828, 0.036), (0.20991999, 0.019119998, 0.072), (0.21232, 0.02052, 0.107999995), (0.21568, 0.02248, 0.144), (0.22, 0.024999999, 0.17999999), (0.217, 0.018, 0), (0.21748, 0.01828, 0.036), (0.21891999, 0.019119998, 0.072), (0.22132, 0.02052, 0.107999995), (0.22467999, 0.02248, 0.144), (0.229, 0.024999999, 0.17999999), (0.226, 0.018, 0), (0.22647999, 0.01828, 0.036), (0.22792, 0.019119998, 0.072), (0.23031999, 0.02052, 0.107999995), (0.23368, 0.02248, 0.144), (0.238, 0.024999999, 0.17999999), (0.235, 0.018, 0), (0.23548, 0.01828, 0.036), (0.23692, 0.019119998, 0.072), (0.23932, 0.02052, 0.107999995), (0.24268, 0.02248, 0.144), (0.247, 0.024999999, 0.17999999), (0.24399999, 0.018, 0), (0.24448, 0.01828, 0.036), (0.24592, 0.019119998, 0.072), (0.24832, 0.02052, 0.107999995), (0.25168, 0.02248, 0.144), (0.25599998, 0.024999999, 0.17999999), (0.253, 0.018, 0), (0.25348, 0.01828, 0.036), (0.25492, 0.019119998, 0.072), (0.25732, 0.02052, 0.107999995), (0.26068, 0.02248, 0.144), (0.265, 0.024999999, 0.17999999), (0.262, 0.018, 0), (0.26248, 0.01828, 0.036), (0.26392, 0.019119998, 0.072), (0.26632, 0.02052, 0.107999995), (0.26968, 0.02248, 0.144), (0.274, 0.024999999, 0.17999999), (0.271, 0.018, 0), (0.27148, 0.01828, 0.036), (0.27292, 0.019119998, 0.072), (0.27532, 0.02052, 0.107999995), (0.27868, 0.02248, 0.144), (0.283, 0.024999999, 0.17999999), (0.28, 0.018, 0), (0.28048, 0.01828, 0.036), (0.28192, 0.019119998, 0.072), (0.28432, 0.02052, 0.107999995), (0.28768, 0.02248, 0.144), (0.292, 0.024999999, 0.17999999), (0.1, 0.026999999, 0), (0.100480005, 0.02728, 0.036), (0.10192, 0.028119998, 0.072), (0.104320005, 0.02952, 0.107999995), (0.10768, 0.03148, 0.144), (0.112, 0.033999998, 0.17999999), (0.109, 0.026999999, 0), (0.10948, 0.02728, 0.036), (0.11092, 0.028119998, 0.072), (0.11332, 0.02952, 0.107999995), (0.116679996, 0.03148, 0.144), (0.121, 0.033999998, 0.17999999), (0.118, 0.026999999, 0), (0.118480004, 0.02728, 0.036), (0.11992, 0.028119998, 0.072), (0.122320004, 0.02952, 0.107999995), (0.12568, 0.03148, 0.144), (0.13, 0.033999998, 0.17999999), (0.127, 0.026999999, 0), (0.12748, 0.02728, 0.036), (0.12892, 0.028119998, 0.072), (0.13132, 0.02952, 0.107999995), (0.13468, 0.03148, 0.144), (0.139, 0.033999998, 0.17999999), (0.136, 0.026999999, 0), (0.13648, 0.02728, 0.036), (0.13791999, 0.028119998, 0.072), (0.14032, 0.02952, 0.107999995), (0.14368, 0.03148, 0.144), (0.148, 0.033999998, 0.17999999), (0.145, 0.026999999, 0), (0.14548, 0.02728, 0.036), (0.14692, 0.028119998, 0.072), (0.14932, 0.02952, 0.107999995), (0.15268, 0.03148, 0.144), (0.157, 0.033999998, 0.17999999), (0.154, 0.026999999, 0), (0.15448, 0.02728, 0.036), (0.15592, 0.028119998, 0.072), (0.15832, 0.02952, 0.107999995), (0.16168, 0.03148, 0.144), (0.166, 0.033999998, 0.17999999), (0.163, 0.026999999, 0), (0.16348, 0.02728, 0.036), (0.16492, 0.028119998, 0.072), (0.16732, 0.02952, 0.107999995), (0.17068, 0.03148, 0.144), (0.175, 0.033999998, 0.17999999), (0.17199999, 0.026999999, 0), (0.17248, 0.02728, 0.036), (0.17392, 0.028119998, 0.072), (0.17632, 0.02952, 0.107999995), (0.17968, 0.03148, 0.144), (0.184, 0.033999998, 0.17999999), (0.181, 0.026999999, 0), (0.18147999, 0.02728, 0.036), (0.18292, 0.028119998, 0.072), (0.18532, 0.02952, 0.107999995), (0.18868, 0.03148, 0.144), (0.193, 0.033999998, 0.17999999), (0.19, 0.026999999, 0), (0.19048, 0.02728, 0.036), (0.19192, 0.028119998, 0.072), (0.19432, 0.02952, 0.107999995), (0.19768, 0.03148, 0.144), (0.20199999, 0.033999998, 0.17999999), (0.199, 0.026999999, 0), (0.19948, 0.02728, 0.036), (0.20092, 0.028119998, 0.072), (0.20332, 0.02952, 0.107999995), (0.20668, 0.03148, 0.144), (0.211, 0.033999998, 0.17999999), (0.208, 0.026999999, 0), (0.20848, 0.02728, 0.036), (0.20991999, 0.028119998, 0.072), (0.21232, 0.02952, 0.107999995), (0.21568, 0.03148, 0.144), (0.22, 0.033999998, 0.17999999), (0.217, 0.026999999, 0), (0.21748, 0.02728, 0.036), (0.21891999, 0.028119998, 0.072), (0.22132, 0.02952, 0.107999995), (0.22467999, 0.03148, 0.144), (0.229, 0.033999998, 0.17999999), (0.226, 0.026999999, 0), (0.22647999, 0.02728, 0.036), (0.22792, 0.028119998, 0.072), (0.23031999, 0.02952, 0.107999995), (0.23368, 0.03148, 0.144), (0.238, 0.033999998, 0.17999999), (0.235, 0.026999999, 0), (0.23548, 0.02728, 0.036), (0.23692, 0.028119998, 0.072), (0.23932, 0.02952, 0.107999995), (0.24268, 0.03148, 0.144), (0.247, 0.033999998, 0.17999999), (0.24399999, 0.026999999, 0), (0.24448, 0.02728, 0.036), (0.24592, 0.028119998, 0.072), (0.24832, 0.02952, 0.107999995), (0.25168, 0.03148, 0.144), (0.25599998, 0.033999998, 0.17999999), (0.253, 0.026999999, 0), (0.25348, 0.02728, 0.036), (0.25492, 0.028119998, 0.072), (0.25732, 0.02952, 0.107999995), (0.26068, 0.03148, 0.144), (0.265, 0.033999998, 0.17999999), (0.262, 0.026999999, 0), (0.26248, 0.02728, 0.036), (0.26392, 0.028119998, 0.072), (0.26632, 0.02952, 0.107999995), (0.26968, 0.03148, 0.144), (0.274, 0.033999998, 0.17999999), (0.271, 0.026999999, 0), (0.27148, 0.02728, 0.036), (0.27292, 0.028119998, 0.072), (0.27532, 0.02952, 0.107999995), (0.27868, 0.03148, 0.144), (0.283, 0.033999998, 0.17999999), (0.28, 0.026999999, 0), (0.28048, 0.02728, 0.036), (0.28192, 0.028119998, 0.072), (0.28432, 0.02952, 0.107999995), (0.28768, 0.03148, 0.144), (0.292, 0.033999998, 0.17999999), (0.1, 0.036, 0), (0.100480005, 0.03628, 0.036), (0.10192, 0.03712, 0.072), (0.104320005, 0.038519997, 0.107999995), (0.10768, 0.04048, 0.144), (0.112, 0.042999998, 0.17999999), (0.109, 0.036, 0), (0.10948, 0.03628, 0.036), (0.11092, 0.03712, 0.072), (0.11332, 0.038519997, 0.107999995), (0.116679996, 0.04048, 0.144), (0.121, 0.042999998, 0.17999999), (0.118, 0.036, 0), (0.118480004, 0.03628, 0.036), (0.11992, 0.03712, 0.072), (0.122320004, 0.038519997, 0.107999995), (0.12568, 0.04048, 0.144), (0.13, 0.042999998, 0.17999999), (0.127, 0.036, 0), (0.12748, 0.03628, 0.036), (0.12892, 0.03712, 0.072), (0.13132, 0.038519997, 0.107999995), (0.13468, 0.04048, 0.144), (0.139, 0.042999998, 0.17999999), (0.136, 0.036, 0), (0.13648, 0.03628, 0.036), (0.13791999, 0.03712, 0.072), (0.14032, 0.038519997, 0.107999995), (0.14368, 0.04048, 0.144), (0.148, 0.042999998, 0.17999999), (0.145, 0.036, 0), (0.14548, 0.03628, 0.036), (0.14692, 0.03712, 0.072), (0.14932, 0.038519997, 0.107999995), (0.15268, 0.04048, 0.144), (0.157, 0.042999998, 0.17999999), (0.154, 0.036, 0), (0.15448, 0.03628, 0.036), (0.15592, 0.03712, 0.072), (0.15832, 0.038519997, 0.107999995), (0.16168, 0.04048, 0.144), (0.166, 0.042999998, 0.17999999), (0.163, 0.036, 0), (0.16348, 0.03628, 0.036), (0.16492, 0.03712, 0.072), (0.16732, 0.038519997, 0.107999995), (0.17068, 0.04048, 0.144), (0.175, 0.042999998, 0.17999999), (0.17199999, 0.036, 0), (0.17248, 0.03628, 0.036), (0.17392, 0.03712, 0.072), (0.17632, 0.038519997, 0.107999995), (0.17968, 0.04048, 0.144), (0.184, 0.042999998, 0.17999999), (0.181, 0.036, 0), (0.18147999, 0.03628, 0.036), (0.18292, 0.03712, 0.072), (0.18532, 0.038519997, 0.107999995), (0.18868, 0.04048, 0.144), (0.193, 0.042999998, 0.17999999), (0.19, 0.036, 0), (0.19048, 0.03628, 0.036), (0.19192, 0.03712, 0.072), (0.19432, 0.038519997, 0.107999995), (0.19768, 0.04048, 0.144), (0.20199999, 0.042999998, 0.17999999), (0.199, 0.036, 0), (0.19948, 0.03628, 0.036), (0.20092, 0.03712, 0.072), (0.20332, 0.038519997, 0.107999995), (0.20668, 0.04048, 0.144), (0.211, 0.042999998, 0.17999999), (0.208, 0.036, 0), (0.20848, 0.03628, 0.036), (0.20991999, 0.03712, 0.072), (0.21232, 0.038519997, 0.107999995), (0.21568, 0.04048, 0.144), (0.22, 0.042999998, 0.17999999), (0.217, 0.036, 0), (0.21748, 0.03628, 0.036), (0.21891999, 0.03712, 0.072), (0.22132, 0.038519997, 0.107999995), (0.22467999, 0.04048, 0.144), (0.229, 0.042999998, 0.17999999), (0.226, 0.036, 0), (0.22647999, 0.03628, 0.036), (0.22792, 0.03712, 0.072), (0.23031999, 0.038519997, 0.107999995), (0.23368, 0.04048, 0.144), (0.238, 0.042999998, 0.17999999), (0.235, 0.036, 0), (0.23548, 0.03628, 0.036), (0.23692, 0.03712, 0.072), (0.23932, 0.038519997, 0.107999995), (0.24268, 0.04048, 0.144), (0.247, 0.042999998, 0.17999999), (0.24399999, 0.036, 0), (0.24448, 0.03628, 0.036), (0.24592, 0.03712, 0.072), (0.24832, 0.038519997, 0.107999995), (0.25168, 0.04048, 0.144), (0.25599998, 0.042999998, 0.17999999), (0.253, 0.036, 0), (0.25348, 0.03628, 0.036), (0.25492, 0.03712, 0.072), (0.25732, 0.038519997, 0.107999995), (0.26068, 0.04048, 0.144), (0.265, 0.042999998, 0.17999999), (0.262, 0.036, 0), (0.26248, 0.03628, 0.036), (0.26392, 0.03712, 0.072), (0.26632, 0.038519997, 0.107999995), (0.26968, 0.04048, 0.144), (0.274, 0.042999998, 0.17999999), (0.271, 0.036, 0), (0.27148, 0.03628, 0.036), (0.27292, 0.03712, 0.072), (0.27532, 0.038519997, 0.107999995), (0.27868, 0.04048, 0.144), (0.283, 0.042999998, 0.17999999), (0.28, 0.036, 0), (0.28048, 0.03628, 0.036), (0.28192, 0.03712, 0.072), (0.28432, 0.038519997, 0.107999995), (0.28768, 0.04048, 0.144), (0.292, 0.042999998, 0.17999999)]
        color3f[] primvars:displayColor = [(0.91, 0.58, 0.32), (0.91, 0.58, 0.32), (0.91, 0.58, 0.32), (0.91, 0.58, 0.32), (0.91, 0.58, 0.32), (0.91, 0.58, 0.32), (0.91, 0.58, 0.32), (0.91, 0.58, 0.32), (0.91, 0.58, 0.32), (0.91, 0.58, 0.32), (0.91, 0.58, 0.32), (0.91, 0.58, 0.32), (0.91, 0.58, 0.32), (0.91, 0.58, 0.32), (0.91, 0.58, 0.32), (0.91, 0.58, 0.32), (0.91, 0.58, 0.32), (0.91, 0.58, 0.32), (0.91, 0.58, 0.32), (0.91, 0.58, 0.32), (0.91, 0.58, 0.32), (0.91, 0.58, 0.32), (0.91, 0.58, 0.32), (0.91, 0.58, 0.32), (0.91, 0.58, 0.32), (0.91, 0.58, 0.32), (0.91, 0.58, 0.32), (0.91, 0.58, 0.32), (0.91, 0.58, 0.32), (0.91, 0.58, 0.32), (0.91, 0.58, 0.32), (0.91, 0.58, 0.32), (0.91, 0.58, 0.32), (0.91, 0.58, 0.32), (0.91, 0.58, 0.32), (0.91, 0.58, 0.32), (0.91, 0.58, 0.32), (0.91, 0.58, 0.32), (0.91, 0.58, 0.32), (0.91, 0.58, 0.32), (0.91, 0.58, 0.32), (0.91, 0.58, 0.32), (0.91, 0.58, 0.32), (0.91, 0.58, 0.32), (0.91, 0.58, 0.32), (0.91, 0.58, 0.32), (0.91, 0.58, 0.32), (0.91, 0.58, 0.32), (0.91, 0.58, 0.32), (0.91, 0.58, 0.32), (0.91, 0.58, 0.32), (0.91, 0.58, 0.32), (0.91, 0.58, 0.32), (0.91, 0.58, 0.32), (0.91, 0.58, 0.32), (0.91, 0.58, 0.32), (0.91, 0.58, 0.32), (0.91, 0.58, 0.32), (0.91, 0.58, 0.32), (0.91, 0.58, 0.32), (0.91, 0.58, 0.32), (0.91, 0.58, 0.32), (0.91, 0.58, 0.32), (0.91, 0.58, 0.32), (0.91, 0.58, 0.32), (0.91, 0.58, 0.32), (0.91, 0.58, 0.32), (0.91, 0.58, 0.32), (0.91, 0.58, 0.32), (0.91, 0.58, 0.32), (0.91, 0.58, 0.32), (0.91, 0.58, 0.32), (0.91, 0.58, 0.32), (0.91, 0.58, 0.32), (0.91, 0.58, 0.32), (0.91, 0.58, 0.32), (0.91, 0.58, 0.32), (0.91, 0.58, 0.32), (0.91, 0.58, 0.32), (0.91, 0.58, 0.32), (0.91, 0.58, 0.32), (0.91, 0.58, 0.32), (0.91, 0.58, 0.32), (0.91, 0.58, 0.32), (0.91, 0.58, 0.32), (0.91, 0.58, 0.32), (0.91, 0.58, 0.32), (0.91, 0.58, 0.32), (0.91, 0.58, 0.32), (0.91, 0.58, 0.32), (0.91, 0.58, 0.32), (0.91, 0.58, 0.32), (0.91, 0.58, 0.32), (0.91, 0.58, 0.32), (0.91, 0.58, 0.32), (0.91, 0.58, 0.32), (0.91, 0.58, 0.32), (0.91, 0.58, 0.32), (0.91, 0.58, 0.32), (0.91, 0.58, 0.32), (0.91, 0.58, 0.32), (0.91, 0.58, 0.32), (0.91, 0.58, 0.32), (0.91, 0.58, 0.32), (0.91, 0.58, 0.32), (0.91, 0.58, 0.32), (0.91, 0.58, 0.32), (0.91, 0.58, 0.32), (0.91, 0.58, 0.32), (0.91, 0.58, 0.32), (0.91, 0.58, 0.32), (0.91, 0.58, 0.32), (0.91, 0.58, 0.32), (0.91, 0.58, 0.32), (0.91, 0.58, 0.32), (0.91, 0.58, 0.32), (0.91, 0.58, 0.32), (0.91, 0.58, 0.32), (0.91, 0.58, 0.32), (0.91, 0.58, 0.32), (0.91, 0.58, 0.32), (0.91, 0.58, 0.32), (0.91, 0.58, 0.32), (0.91, 0.58, 0.32), (0.91, 0.58, 0.32), (0.91, 0.58, 0.32), (0.91, 0.58, 0.32), (0.91, 0.58, 0.32), (0.91, 0.58, 0.32), (0.91, 0.58, 0.32), (0.91, 0.58, 0.32), (0.91, 0.58, 0.32), (0.91, 0.58, 0.32), (0.91, 0.58, 0.32), (0.91, 0.58, 0.32), (0.91, 0.58, 0.32), (0.91, 0.58, 0.32), (0.91, 0.58, 0.32), (0.91, 0.58, 0.32), (0.91, 0.58, 0.32), (0.91, 0.58, 0.32), (0.91, 0.58, 0.32), (0.91, 0.58, 0.32), (0.91, 0.58, 0.32), (0.91, 0.58, 0.32), (0.91, 0.58, 0.32), (0.91, 0.58, 0.32), (0.91, 0.58, 0.32), (0.91, 0.58, 0.32), (0.91, 0.58, 0.32), (0.91, 0.58, 0.32), (0.91, 0.58, 0.32), (0.91, 0.58, 0.32), (0.91, 0.58, 0.32), (0.91, 0.58, 0.32), (0.91, 0.58, 0.32), (0.91, 0.58, 0.32), (0.91, 0.58, 0.32), (0.91, 0.58, 0.32), (0.91, 0.58, 0.32), (0.91, 0.58, 0.32), (0.91, 0.58, 0.32), (0.91, 0.58, 0.32), (0.91, 0.58, 0.32), (0.91, 0.58, 0.32), (0.91, 0.58, 0.32), (0.91, 0.58, 0.32), (0.91, 0.58, 0.32), (0.91, 0.58, 0.32), (0.91, 0.58, 0.32), (0.91, 0.58, 0.32), (0.91, 0.58, 0.32), (0.91, 0.58, 0.32), (0.91, 0.58, 0.32), (0.91, 0.58, 0.32), (0.91, 0.58, 0.32), (0.91, 0.58, 0.32), (0.91, 0.58, 0.32), (0.91, 0.58, 0.32), (0.91, 0.58, 0.32), (0.91, 0.58, 0.32), (0.91, 0.58, 0.32), (0.91, 0.58, 0.32), (0.91, 0.58, 0.32), (0.91, 0.58, 0.32), (0.91, 0.58, 0.32), (0.91, 0.58, 0.32), (0.91, 0.58, 0.32), (0.91, 0.58, 0.32), (0.91, 0.58, 0.32), (0.91, 0.58, 0.32), (0.91, 0.58, 0.32), (0.91, 0.58, 0.32), (0.91, 0.58, 0.32), (0.91, 0.58, 0.32), (0.91, 0.58, 0.32), (0.91, 0.58, 0.32), (0.91, 0.58, 0.32), (0.91, 0.58, 0.32), (0.91, 0.58, 0.32), (0.91, 0.58, 0.32), (0.91, 0.58, 0.32), (0.91, 0.58, 0.32), (0.91, 0.58, 0.32), (0.91, 0.58, 0.32), (0.91, 0.58, 0.32), (0.91, 0.58, 0.32), (0.91, 0.58, 0.32), (0.91, 0.58, 0.32), (0.91, 0.58, 0.32), (0.91, 0.58, 0.32), (0.91, 0.58, 0.32), (0.91, 0.58, 0.32), (0.91, 0.58, 0.32), (0.91, 0.58, 0.32), (0.91, 0.58, 0.32), (0.91, 0.58, 0.32), (0.91, 0.58, 0.32), (0.91, 0.58, 0.32), (0.91, 0.58, 0.32), (0.91, 0.58, 0.32), (0.91, 0.58, 0.32), (0.91, 0.58, 0.32), (0.91, 0.58, 0.32), (0.91, 0.58, 0.32), (0.91, 0.58, 0.32), (0.91, 0.58, 0.32), (0.91, 0.58, 0.32), (0.91, 0.58, 0.32), (0.91, 0.58, 0.32), (0.91, 0.58, 0.32), (0.91, 0.58, 0.32), (0.91, 0.58, 0.32), (0.91, 0.58, 0.32), (0.91, 0.58, 0.32), (0.91, 0.58, 0.32), (0.91, 0.58, 0.32), (0.91, 0.58, 0.32), (0.91, 0.58, 0.32), (0.91, 0.58, 0.32), (0.91, 0.58, 0.32), (0.91, 0.58, 0.32), (0.91, 0.58, 0.32), (0.91, 0.58, 0.32), (0.91, 0.58, 0.32), (0.91, 0.58, 0.32), (0.91, 0.58, 0.32), (0.91, 0.58, 0.32), (0.91, 0.58, 0.32), (0.91, 0.58, 0.32), (0.91, 0.58, 0.32), (0.91, 0.58, 0.32), (0.91, 0.58, 0.32), (0.91, 0.58, 0.32), (0.91, 0.58, 0.32), (0.91, 0.58, 0.32), (0.91, 0.58, 0.32), (0.91, 0.58, 0.32), (0.91, 0.58, 0.32), (0.91, 0.58, 0.32), (0.91, 0.58, 0.32), (0.91, 0.58, 0.32), (0.91, 0.58, 0.32), (0.91, 0.58, 0.32), (0.91, 0.58, 0.32), (0.91, 0.58, 0.32), (0.91, 0.58, 0.32), (0.91, 0.58, 0.32), (0.91, 0.58, 0.32), (0.91, 0.58, 0.32), (0.91, 0.58, 0.32), (0.91, 0.58, 0.32), (0.91, 0.58, 0.32), (0.91, 0.58, 0.32), (0.91, 0.58, 0.32), (0.91, 0.58, 0.32), (0.91, 0.58, 0.32), (0.91, 0.58, 0.32), (0.91, 0.58, 0.32), (0.91, 0.58, 0.32), (0.91, 0.58, 0.32), (0.91, 0.58, 0.32), (0.91, 0.58, 0.32), (0.91, 0.58, 0.32), (0.91, 0.58, 0.32), (0.91, 0.58, 0.32), (0.91, 0.58, 0.32), (0.91, 0.58, 0.32), (0.91, 0.58, 0.32), (0.91, 0.58, 0.32), (0.91, 0.58, 0.32), (0.91, 0.58, 0.32), (0.91, 0.58, 0.32), (0.91, 0.58, 0.32), (0.91, 0.58, 0.32), (0.91, 0.58, 0.32), (0.91, 0.58, 0.32), (0.91, 0.58, 0.32), (0.91, 0.58, 0.32), (0.91, 0.58, 0.32), (0.91, 0.58, 0.32), (0.91, 0.58, 0.32), (0.91, 0.58, 0.32), (0.91, 0.58, 0.32), (0.91, 0.58, 0.32), (0.91, 0.58, 0.32), (0.91, 0.58, 0.32), (0.91, 0.58, 0.32), (0.91, 0.58, 0.32), (0.91, 0.58, 0.32), (0.91, 0.58, 0.32), (0.91, 0.58, 0.32), (0.91, 0.58, 0.32), (0.91, 0.58, 0.32), (0.91, 0.58, 0.32), (0.91, 0.58, 0.32), (0.91, 0.58, 0.32), (0.91, 0.58, 0.32), (0.91, 0.58, 0.32), (0.91, 0.58, 0.32), (0.91, 0.58, 0.32), (0.91, 0.58, 0.32), (0.91, 0.58, 0.32), (0.91, 0.58, 0.32), (0.91, 0.58, 0.32), (0.91, 0.58, 0.32), (0.91, 0.58, 0.32), (0.91, 0.58, 0.32), (0.91, 0.58, 0.32), (0.91, 0.58, 0.32), (0.91, 0.58, 0.32), (0.91, 0.58, 0.32), (0.91, 0.58, 0.32), (0.91, 0.58, 0.32), (0.91, 0.58, 0.32), (0.91, 0.58, 0.32), (0.91, 0.58, 0.32), (0.91, 0.58, 0.32), (0.91, 0.58, 0.32), (0.91, 0.58, 0.32), (0.91, 0.58, 0.32), (0.91, 0.58, 0.32), (0.91, 0.58, 0.32), (0.91, 0.58, 0.32), (0.91, 0.58, 0.32), (0.91, 0.58, 0.32), (0.91, 0.58, 0.32), (0.91, 0.58, 0.32), (0.91, 0.58, 0.32), (0.91, 0.58, 0.32), (0.91, 0.58, 0.32), (0.91, 0.58, 0.32), (0.91, 0.58, 0.32), (0.91, 0.58, 0.32), (0.91, 0.58, 0.32), (0.91, 0.58, 0.32), (0.91, 0.58, 0.32), (0.91, 0.58, 0.32), (0.91, 0.58, 0.32), (0.91, 0.58, 0.32), (0.91, 0.58, 0.32), (0.91, 0.58, 0.32), (0.91, 0.58, 0.32), (0.91, 0.58, 0.32), (0.91, 0.58, 0.32), (0.91, 0.58, 0.32), (0.91, 0.58, 0.32), (0.91, 0.58, 0.32), (0.91, 0.58, 0.32), (0.91, 0.58, 0.32), (0.91, 0.58, 0.32), (0.91, 0.58, 0.32), (0.91, 0.58, 0.32), (0.91, 0.58, 0.32), (0.91, 0.58, 0.32), (0.91, 0.58, 0.32), (0.91, 0.58, 0.32), (0.91, 0.58, 0.32), (0.91, 0.58, 0.32), (0.91, 0.58, 0.32), (0.91, 0.58, 0.32), (0.91, 0.58, 0.32), (0.91, 0.58, 0.32), (0.91, 0.58, 0.32), (0.91, 0.58, 0.32), (0.91, 0.58, 0.32), (0.91, 0.58, 0.32), (0.91, 0.58, 0.32), (0.91, 0.58, 0.32), (0.91, 0.58, 0.32), (0.91, 0.58, 0.32), (0.91, 0.58, 0.32), (0.91, 0.58, 0.32), (0.91, 0.58, 0.32), (0.91, 0.58, 0.32), (0.91, 0.58, 0.32), (0.91, 0.58, 0.32), (0.91, 0.58, 0.32), (0.91, 0.58, 0.32), (0.91, 0.58, 0.32), (0.91, 0.58, 0.32), (0.91, 0.58, 0.32), (0.91, 0.58, 0.32), (0.91, 0.58, 0.32), (0.91, 0.58, 0.32), (0.91, 0.58, 0.32), (0.91, 0.58, 0.32), (0.91, 0.58, 0.32), (0.91, 0.58, 0.32), (0.91, 0.58, 0.32), (0.91, 0.58, 0.32), (0.91, 0.58, 0.32), (0.91, 0.58, 0.32), (0.91, 0.58, 0.32), (0.91, 0.58, 0.32), (0.91, 0.58, 0.32), (0.91, 0.58, 0.32), (0.91, 0.58, 0.32), (0.91, 0.58, 0.32), (0.91, 0.58, 0.32), (0.91, 0.58, 0.32), (0.91, 0.58, 0.32), (0.91, 0.58, 0.32), (0.91, 0.58, 0.32), (0.91, 0.58, 0.32), (0.91, 0.58, 0.32), (0.91, 0.58, 0.32), (0.91, 0.58, 0.32), (0.91, 0.58, 0.32), (0.91, 0.58, 0.32), (0.91, 0.58, 0.32), (0.91, 0.58, 0.32), (0.91, 0.58, 0.32), (0.91, 0.58, 0.32), (0.91, 0.58, 0.32), (0.91, 0.58, 0.32), (0.91, 0.58, 0.32), (0.91, 0.58, 0.32), (0.91, 0.58, 0.32), (0.91, 0.58, 0.32), (0.91, 0.58, 0.32), (0.91, 0.58, 0.32), (0.91, 0.58, 0.32), (0.91, 0.58, 0.32), (0.91, 0.58, 0.32), (0.91, 0.58, 0.32), (0.91, 0.58, 0.32), (0.91, 0.58, 0.32), (0.91, 0.58, 0.32), (0.91, 0.58, 0.32), (0.91, 0.58, 0.32), (0.91, 0.58, 0.32), (0.91, 0.58, 0.32), (0.91, 0.58, 0.32), (0.91, 0.58, 0.32), (0.91, 0.58, 0.32), (0.91, 0.58, 0.32), (0.91, 0.58, 0.32), (0.91, 0.58, 0.32), (0.91, 0.58, 0.32), (0.91, 0.58, 0.32), (0.91, 0.58, 0.32), (0.91, 0.58, 0.32), (0.91, 0.58, 0.32), (0.91, 0.58, 0.32), (0.91, 0.58, 0.32), (0.91, 0.58, 0.32), (0.91, 0.58, 0.32), (0.91, 0.58, 0.32), (0.91, 0.58, 0.32), (0.91, 0.58, 0.32), (0.91, 0.58, 0.32), (0.91, 0.58, 0.32), (0.91, 0.58, 0.32), (0.91, 0.58, 0.32), (0.91, 0.58, 0.32), (0.91, 0.58, 0.32), (0.91, 0.58, 0.32), (0.91, 0.58, 0.32), (0.91, 0.58, 0.32), (0.91, 0.58, 0.32), (0.91, 0.58, 0.32), (0.91, 0.58, 0.32), (0.91, 0.58, 0.32), (0.91, 0.58, 0.32), (0.91, 0.58, 0.32), (0.91, 0.58, 0.32), (0.91, 0.58, 0.32), (0.91, 0.58, 0.32), (0.91, 0.58, 0.32), (0.91, 0.58, 0.32), (0.91, 0.58, 0.32), (0.91, 0.58, 0.32), (0.91, 0.58, 0.32), (0.91, 0.58, 0.32), (0.91, 0.58, 0.32), (0.91, 0.58, 0.32), (0.91, 0.58, 0.32), (0.91, 0.58, 0.32), (0.91, 0.58, 0.32), (0.91, 0.58, 0.32), (0.91, 0.58, 0.32), (0.91, 0.58, 0.32), (0.91, 0.58, 0.32), (0.91, 0.58, 0.32), (0.91, 0.58, 0.32), (0.91, 0.58, 0.32), (0.91, 0.58, 0.32), (0.91, 0.58, 0.32), (0.91, 0.58, 0.32), (0.91, 0.58, 0.32), (0.91, 0.58, 0.32), (0.91, 0.58, 0.32), (0.91, 0.58, 0.32), (0.91, 0.58, 0.32), (0.91, 0.58, 0.32), (0.91, 0.58, 0.32), (0.91, 0.58, 0.32), (0.91, 0.58, 0.32), (0.91, 0.58, 0.32), (0.91, 0.58, 0.32), (0.91, 0.58, 0.32), (0.91, 0.58, 0.32), (0.91, 0.58, 0.32), (0.91, 0.58, 0.32), (0.91, 0.58, 0.32), (0.91, 0.58, 0.32), (0.91, 0.58, 0.32), (0.91, 0.58, 0.32), (0.91, 0.58, 0.32), (0.91, 0.58, 0.32), (0.91, 0.58, 0.32), (0.91, 0.58, 0.32), (0.91, 0.58, 0.32), (0.91, 0.58, 0.32), (0.91, 0.58, 0.32), (0.91, 0.58, 0.32), (0.91, 0.58, 0.32), (0.91, 0.58, 0.32), (0.91, 0.58, 0.32), (0.91, 0.58, 0.32), (0.91, 0.58, 0.32), (0.91, 0.58, 0.32), (0.91, 0.58, 0.32), (0.91, 0.58, 0.32), (0.91, 0.58, 0.32), (0.91, 0.58, 0.32), (0.91, 0.58, 0.32), (0.91, 0.58, 0.32), (0.91, 0.58, 0.32), (0.91, 0.58, 0.32), (0.91, 0.58, 0.32), (0.91, 0.58, 0.32), (0.91, 0.58, 0.32), (0.91, 0.58, 0.32), (0.91, 0.58, 0.32), (0.91, 0.58, 0.32), (0.91, 0.58, 0.32), (0.91, 0.58, 0.32), (0.91, 0.58, 0.32), (0.91, 0.58, 0.32), (0.91, 0.58, 0.32), (0.91, 0.58, 0.32), (0.91, 0.58, 0.32), (0.91, 0.58, 0.32), (0.91, 0.58, 0.32), (0.91, 0.58, 0.32), (0.91, 0.58, 0.32), (0.91, 0.58, 0.32), (0.91, 0.58, 0.32), (0.91, 0.58, 0.32), (0.91, 0.58, 0.32), (0.91, 0.58, 0.32), (0.91, 0.58, 0.32), (0.91, 0.58, 0.32), (0.91, 0.58, 0.32), (0.91, 0.58, 0.32), (0.91, 0.58, 0.32), (0.91, 0.58, 0.32), (0.91, 0.58, 0.32), (0.91, 0.58, 0.32), (0.91, 0.58, 0.32), (0.91, 0.58, 0.32), (0.91, 0.58, 0.32), (0.91, 0.58, 0.32), (0.91, 0.58, 0.32), (0.91, 0.58, 0.32), (0.91, 0.58, 0.32), (0.91, 0.58, 0.32), (0.91, 0.58, 0.32), (0.91, 0.58, 0.32), (0.91, 0.58, 0.32), (0.91, 0.58, 0.32), (0.91, 0.58, 0.32), (0.91, 0.58, 0.32), (0.91, 0.58, 0.32), (0.91, 0.58, 0.32), (0.91, 0.58, 0.32), (0.91, 0.58, 0.32), (0.91, 0.58, 0.32), (0.91, 0.58, 0.32), (0.91, 0.58, 0.32), (0.91, 0.58, 0.32), (0.91, 0.58, 0.32), (0.91, 0.58, 0.32), (0.91, 0.58, 0.32), (0.91, 0.58, 0.32), (0.91, 0.58, 0.32), (0.91, 0.58, 0.32), (0.91, 0.58, 0.32), (0.91, 0.58, 0.32), (0.91, 0.58, 0.32), (0.91, 0.58, 0.32), (0.91, 0.58, 0.32), (0.91, 0.58, 0.32), (0.91, 0.58, 0.32), (0.91, 0.58, 0.32), (0.91, 0.58, 0.32), (0.91, 0.58, 0.32), (0.91, 0.58, 0.32), (0.91, 0.58, 0.32), (0.91, 0.58, 0.32), (0.91, 0.58, 0.32), (0.91, 0.58, 0.32), (0.91, 0.58, 0.32), (0.91, 0.58, 0.32), (0.91, 0.58, 0.32), (0.91, 0.58, 0.32), (0.91, 0.58, 0.32), (0.91, 0.58, 0.32), (0.91, 0.58, 0.32), (0.91, 0.58, 0.32), (0.91, 0.58, 0.32), (0.91, 0.58, 0.32), (0.91, 0.58, 0.32), (0.91, 0.58, 0.32), (0.91, 0.58, 0.32), (0.91, 0.58, 0.32), (0.91, 0.58, 0.32), (0.91, 0.58, 0.32), (0.91, 0.58, 0.32), (0.91, 0.58, 0.32), (0.91, 0.58, 0.32), (0.91, 0.58, 0.32), (0.91, 0.58, 0.32), (0.91, 0.58, 0.32), (0.91, 0.58, 0.32), (0.91, 0.58, 0.32), (0.91, 0.58, 0.32), (0.91, 0.58, 0.32), (0.91, 0.58, 0.32), (0.91, 0.58, 0.32), (0.91, 0.58, 0.32), (0.91, 0.58, 0.32), (0.91, 0.58, 0.32), (0.91, 0.58, 0.32), (0.91, 0.58, 0.32), (0.91, 0.58, 0.32), (0.91, 0.58, 0.32), (0.91, 0.58, 0.32), (0.91, 0.58, 0.32), (0.91, 0.58, 0.32), (0.91, 0.58, 0.32), (0.91, 0.58, 0.32), (0.91, 0.58, 0.32), (0.91, 0.58, 0.32), (0.91, 0.58, 0.32), (0.91, 0.58, 0.32), (0.91, 0.58, 0.32), (0.91, 0.58, 0.32), (0.91, 0.58, 0.32), (0.91, 0.58, 0.32), (0.91, 0.58, 0.32), (0.91, 0.58, 0.32), (0.91, 0.58, 0.32), (0.91, 0.58, 0.32), (0.91, 0.58, 0.32), (0.91, 0.58, 0.32), (0.91, 0.58, 0.32), (0.91, 0.58, 0.32), (0.91, 0.58, 0.32), (0.91, 0.58, 0.32), (0.91, 0.58, 0.32), (0.91, 0.58, 0.32), (0.91, 0.58, 0.32), (0.91, 0.58, 0.32), (0.91, 0.58, 0.32), (0.91, 0.58, 0.32), (0.91, 0.58, 0.32), (0.91, 0.58, 0.32), (0.91, 0.58, 0.32), (0.91, 0.58, 0.32), (0.91, 0.58, 0.32), (0.91, 0.58, 0.32), (0.91, 0.58, 0.32), (0.91, 0.58, 0.32), (0.91, 0.58, 0.32), (0.91, 0.58, 0.32), (0.91, 0.58, 0.32), (0.91, 0.58, 0.32), (0.91, 0.58, 0.32), (0.91, 0.58, 0.32), (0.91, 0.58, 0.32), (0.91, 0.58, 0.32), (0.91, 0.58, 0.32), (0.91, 0.58, 0.32), (0.91, 0.58, 0.32), (0.91, 0.58, 0.32), (0.91, 0.58, 0.32), (0.91, 0.58, 0.32), (0.91, 0.58, 0.32), (0.91, 0.58, 0.32), (0.91, 0.58, 0.32), (0.91, 0.58, 0.32), (0.91, 0.58, 0.32), (0.91, 0.58, 0.32), (0.91, 0.58, 0.32), (0.91, 0.58, 0.32), (0.91, 0.58, 0.32), (0.91, 0.58, 0.32), (0.91, 0.58, 0.32), (0.91, 0.58, 0.32), (0.91, 0.58, 0.32), (0.91, 0.58, 0.32), (0.91, 0.58, 0.32), (0.91, 0.58, 0.32), (0.91, 0.58, 0.32), (0.91, 0.58, 0.32), (0.91, 0.58, 0.32), (0.91, 0.58, 0.32), (0.91, 0.58, 0.32), (0.91, 0.58, 0.32), (0.91, 0.58, 0.32), (0.91, 0.58, 0.32), (0.91, 0.58, 0.32), (0.91, 0.58, 0.32), (0.91, 0.58, 0.32), (0.91, 0.58, 0.32), (0.91, 0.58, 0.32), (0.91, 0.58, 0.32), (0.91, 0.58, 0.32), (0.91, 0.58, 0.32), (0.91, 0.58, 0.32), (0.91, 0.58, 0.32), (0.91, 0.58, 0.32), (0.91, 0.58, 0.32), (0.91, 0.58, 0.32), (0.91, 0.58, 0.32), (0.91, 0.58, 0.32), (0.91, 0.58, 0.32), (0.91, 0.58, 0.32), (0.91, 0.58, 0.32), (0.91, 0.58, 0.32), (0.91, 0.58, 0.32), (0.91, 0.58, 0.32), (0.91, 0.58, 0.32), (0.91, 0.58, 0.32), (0.91, 0.58, 0.32), (0.91, 0.58, 0.32), (0.91, 0.58, 0.32), (0.91, 0.58, 0.32), (0.91, 0.58, 0.32), (0.91, 0.58, 0.32), (0.91, 0.58, 0.32), (0.91, 0.58, 0.32), (0.91, 0.58, 0.32), (0.91, 0.58, 0.32), (0.91, 0.58, 0.32), (0.91, 0.58, 0.32), (0.91, 0.58, 0.32), (0.91, 0.58, 0.32), (0.91, 0.58, 0.32), (0.91, 0.58, 0.32), (0.91, 0.58, 0.32), (0.91, 0.58, 0.32), (0.91, 0.58, 0.32), (0.91, 0.58, 0.32), (0.91, 0.58, 0.32), (0.91, 0.58, 0.32), (0.91, 0.58, 0.32), (0.91, 0.58, 0.32), (0.91, 0.58, 0.32), (0.91, 0.58, 0.32), (0.91, 0.58, 0.32), (0.91, 0.58, 0.32), (0.91, 0.58, 0.32), (0.91, 0.58, 0.32), (0.91, 0.58, 0.32), (0.91, 0.58, 0.32), (0.91, 0.58, 0.32), (0.91, 0.58, 0.32), (0.91, 0.58, 0.32), (0.91, 0.58, 0.32), (0.91, 0.58, 0.32), (0.91, 0.58, 0.32), (0.91, 0.58, 0.32), (0.91, 0.58, 0.32), (0.91, 0.58, 0.32), (0.91, 0.58, 0.32), (0.91, 0.58, 0.32), (0.91, 0.58, 0.32), (0.91, 0.58, 0.32), (0.91, 0.58, 0.32), (0.91, 0.58, 0.32), (0.91, 0.58, 0.32), (0.91, 0.58, 0.32), (0.91, 0.58, 0.32), (0.91, 0.58, 0.32), (0.91, 0.58, 0.32), (0.91, 0.58, 0.32), (0.91, 0.58, 0.32), (0.91, 0.58, 0.32), (0.91, 0.58, 0.32), (0.91, 0.58, 0.32), (0.91, 0.58, 0.32), (0.91, 0.58, 0.32), (0.91, 0.58, 0.32), (0.91, 0.58, 0.32), (0.91, 0.58, 0.32), (0.91, 0.58, 0.32), (0.91, 0.58, 0.32), (0.91, 0.58, 0.32), (0.91, 0.58, 0.32), (0.91, 0.58, 0.32), (0.91, 0.58, 0.32), (0.91, 0.58, 0.32), (0.91, 0.58, 0.32), (0.91, 0.58, 0.32), (0.91, 0.58, 0.32), (0.91, 0.58, 0.32), (0.91, 0.58, 0.32), (0.91, 0.58, 0.32), (0.91, 0.58, 0.32), (0.91, 0.58, 0.32), (0.91, 0.58, 0.32), (0.91, 0.58, 0.32), (0.91, 0.58, 0.32), (0.91, 0.58, 0.32), (0.91, 0.58, 0.32), (0.91, 0.58, 0.32), (0.91, 0.58, 0.32), (0.91, 0.58, 0.32), (0.91, 0.58, 0.32), (0.91, 0.58, 0.32), (0.91, 0.58, 0.32), (0.91, 0.58, 0.32), (0.91, 0.58, 0.32), (0.91, 0.58, 0.32), (0.91, 0.58, 0.32), (0.91, 0.58, 0.32), (0.91, 0.58, 0.32), (0.91, 0.58, 0.32), (0.91, 0.58, 0.32), (0.91, 0.58, 0.32), (0.91, 0.58, 0.32), (0.91, 0.58, 0.32), (0.91, 0.58, 0.32), (0.91, 0.58, 0.32), (0.91, 0.58, 0.32), (0.91, 0.58, 0.32), (0.91, 0.58, 0.32), (0.91, 0.58, 0.32), (0.91, 0.58, 0.32), (0.91, 0.58, 0.32), (0.91, 0.58, 0.32), (0.91, 0.58, 0.32), (0.91, 0.58, 0.32), (0.91, 0.58, 0.32), (0.91, 0.58, 0.32), (0.91, 0.58, 0.32), (0.91, 0.58, 0.32), (0.91, 0.58, 0.32), (0.91, 0.58, 0.32), (0.91, 0.58, 0.32), (0.91, 0.58, 0.32), (0.91, 0.58, 0.32), (0.91, 0.58, 0.32), (0.91, 0.58, 0.32), (0.91, 0.58, 0.32), (0.91, 0.58, 0.32), (0.91, 0.58, 0.32), (0.91, 0.58, 0.32), (0.91, 0.58, 0.32), (0.91, 0.58, 0.32), (0.91, 0.58, 0.32), (0.91, 0.58, 0.32), (0.91, 0.58, 0.32), (0.91, 0.58, 0.32), (0.91, 0.58, 0.32), (0.91, 0.58, 0.32), (0.91, 0.58, 0.32), (0.91, 0.58, 0.32), (0.91, 0.58, 0.32), (0.91, 0.58, 0.32), (0.91, 0.58, 0.32), (0.91, 0.58, 0.32), (0.91, 0.58, 0.32), (0.91, 0.58, 0.32), (0.91, 0.58, 0.32), (0.91, 0.58, 0.32), (0.91, 0.58, 0.32), (0.91, 0.58, 0.32), (0.91, 0.58, 0.32), (0.91, 0.58, 0.32), (0.91, 0.58, 0.32), (0.91, 0.58, 0.32), (0.91, 0.58, 0.32), (0.91, 0.58, 0.32), (0.91, 0.58, 0.32), (0.91, 0.58, 0.32), (0.91, 0.58, 0.32), (0.91, 0.58, 0.32), (0.91, 0.58, 0.32), (0.91, 0.58, 0.32), (0.91, 0.58, 0.32), (0.91, 0.58, 0.32), (0.91, 0.58, 0.32), (0.91, 0.58, 0.32), (0.91, 0.58, 0.32), (0.91, 0.58, 0.32), (0.91, 0.58, 0.32), (0.91, 0.58, 0.32), (0.91, 0.58, 0.32), (0.91, 0.58, 0.32), (0.91, 0.58, 0.32), (0.91, 0.58, 0.32), (0.91, 0.58, 0.32), (0.91, 0.58, 0.32), (0.91, 0.58, 0.32), (0.91, 0.58, 0.32), (0.91, 0.58, 0.32), (0.91, 0.58, 0.32), (0.91, 0.58, 0.32), (0.91, 0.58, 0.32), (0.91, 0.58, 0.32), (0.91, 0.58, 0.32), (0.91, 0.58, 0.32), (0.91, 0.58, 0.32), (0.91, 0.58, 0.32), (0.91, 0.58, 0.32), (0.91, 0.58, 0.32), (0.91, 0.58, 0.32), (0.91, 0.58, 0.32), (0.91, 0.58, 0.32), (0.91, 0.58, 0.32), (0.91, 0.58, 0.32), (0.91, 0.58, 0.32), (0.91, 0.58, 0.32), (0.91, 0.58, 0.32), (0.91, 0.58, 0.32), (0.91, 0.58, 0.32), (0.91, 0.58, 0.32), (0.91, 0.58, 0.32), (0.91, 0.58, 0.32), (0.91, 0.58, 0.32), (0.91, 0.58, 0.32), (0.91, 0.58, 0.32), (0.91, 0.58, 0.32), (0.91, 0.58, 0.32), (0.91, 0.58, 0.32), (0.91, 0.58, 0.32), (0.91, 0.58, 0.32), (0.91, 0.58, 0.32), (0.91, 0.58, 0.32), (0.91, 0.58, 0.32), (0.91, 0.58, 0.32), (0.91, 0.58, 0.32), (0.91, 0.58, 0.32), (0.91, 0.58, 0.32), (0.91, 0.58, 0.32), (0.91, 0.58, 0.32), (0.91, 0.58, 0.32), (0.91, 0.58, 0.32), (0.91, 0.58, 0.32), (0.91, 0.58, 0.32), (0.91, 0.58, 0.32), (0.91, 0.58, 0.32), (0.91, 0.58, 0.32), (0.91, 0.58, 0.32), (0.91, 0.58, 0.32), (0.91, 0.58, 0.32), (0.91, 0.58, 0.32), (0.91, 0.58, 0.32), (0.91, 0.58, 0.32), (0.91, 0.58, 0.32), (0.91, 0.58, 0.32), (0.91, 0.58, 0.32), (0.91, 0.58, 0.32), (0.91, 0.58, 0.32), (0.91, 0.58, 0.32), (0.91, 0.58, 0.32), (0.91, 0.58, 0.32), (0.91, 0.58, 0.32), (0.91, 0.58, 0.32), (0.91, 0.58, 0.32), (0.91, 0.58, 0.32), (0.91, 0.58, 0.32), (0.91, 0.58, 0.32), (0.91, 0.58, 0.32), (0.91, 0.58, 0.32), (0.91, 0.58, 0.32), (0.91, 0.58, 0.32), (0.91, 0.58, 0.32), (0.91, 0.58, 0.32), (0.91, 0.58, 0.32), (0.91, 0.58, 0.32), (0.91, 0.58, 0.32), (0.91, 0.58, 0.32), (0.91, 0.58, 0.32), (0.91, 0.58, 0.32), (0.91, 0.58, 0.32), (0.91, 0.58, 0.32), (0.91, 0.58, 0.32), (0.91, 0.58, 0.32), (0.91, 0.58, 0.32), (0.91, 0.58, 0.32), (0.91, 0.58, 0.32), (0.91, 0.58, 0.32), (0.91, 0.58, 0.32), (0.91, 0.58, 0.32), (0.91, 0.58, 0.32), (0.91, 0.58, 0.32), (0.91, 0.58, 0.32), (0.91, 0.58, 0.32), (0.91, 0.58, 0.32), (0.91, 0.58, 0.32), (0.91, 0.58, 0.32), (0.91, 0.58, 0.32), (0.91, 0.58, 0.32), (0.91, 0.58, 0.32), (0.91, 0.58, 0.32), (0.91, 0.58, 0.32), (0.91, 0.58, 0.32), (0.91, 0.58, 0.32), (0.91, 0.58, 0.32), (0.91, 0.58, 0.32), (0.91, 0.58, 0.32), (0.91, 0.58, 0.32), (0.91, 0.58, 0.32), (0.91, 0.58, 0.32), (0.91, 0.58, 0.32), (0.91, 0.58, 0.32), (0.91, 0.58, 0.32), (0.91, 0.58, 0.32), (0.91, 0.58, 0.32), (0.91, 0.58, 0.32), (0.91, 0.58, 0.32), (0.91, 0.58, 0.32), (0.91, 0.58, 0.32), (0.91, 0.58, 0.32), (0.91, 0.58, 0.32), (0.91, 0.58, 0.32), (0.91, 0.58, 0.32), (0.91, 0.58, 0.32), (0.91, 0.58, 0.32), (0.91, 0.58, 0.32), (0.91, 0.58, 0.32), (0.91, 0.58, 0.32), (0.91, 0.58, 0.32), (0.91, 0.58, 0.32), (0.91, 0.58, 0.32), (0.91, 0.58, 0.32), (0.91, 0.58, 0.32), (0.91, 0.58, 0.32), (0.91, 0.58, 0.32), (0.91, 0.58, 0.32), (0.91, 0.58, 0.32), (0.91, 0.58, 0.32), (0.91, 0.58, 0.32), (0.91, 0.58, 0.32), (0.91, 0.58, 0.32), (0.91, 0.58, 0.32), (0.91, 0.58, 0.32), (0.91, 0.58, 0.32), (0.91, 0.58, 0.32), (0.91, 0.58, 0.32), (0.91, 0.58, 0.32), (0.91, 0.58, 0.32), (0.91, 0.58, 0.32), (0.91, 0.58, 0.32), (0.91, 0.58, 0.32), (0.91, 0.58, 0.32), (0.91, 0.58, 0.32), (0.91, 0.58, 0.32), (0.91, 0.58, 0.32), (0.91, 0.58, 0.32), (0.91, 0.58, 0.32), (0.91, 0.58, 0.32), (0.91, 0.58, 0.32), (0.91, 0.58, 0.32), (0.91, 0.58, 0.32), (0.91, 0.58, 0.32), (0.91, 0.58, 0.32), (0.91, 0.58, 0.32), (0.91, 0.58, 0.32), (0.91, 0.58, 0.32), (0.91, 0.58, 0.32), (0.91, 0.58, 0.32), (0.91, 0.58, 0.32), (0.91, 0.58, 0.32), (0.91, 0.58, 0.32), (0.91, 0.58, 0.32), (0.91, 0.58, 0.32), (0.91, 0.58, 0.32), (0.91, 0.58, 0.32), (0.91, 0.58, 0.32), (0.91, 0.58, 0.32), (0.91, 0.58, 0.32), (0.91, 0.58, 0.32), (0.91, 0.58, 0.32), (0.91, 0.58, 0.32), (0.91, 0.58, 0.32), (0.91, 0.58, 0.32), (0.91, 0.58, 0.32), (0.91, 0.58, 0.32), (0.91, 0.58, 0.32), (0.91, 0.58, 0.32), (0.91, 0.58, 0.32), (0.91, 0.58, 0.32), (0.91, 0.58, 0.32), (0.91, 0.58, 0.32), (0.91, 0.58, 0.32), (0.91, 0.58, 0.32), (0.91, 0.58, 0.32), (0.91, 0.58, 0.32), (0.91, 0.58, 0.32), (0.91, 0.58, 0.32), (0.91, 0.58, 0.32), (0.91, 0.58, 0.32), (0.91, 0.58, 0.32), (0.91, 0.58, 0.32), (0.91, 0.58, 0.32), (0.91, 0.58, 0.32), (0.91, 0.58, 0.32)] (
            interpolation = "vertex"
        )
        uniform token type = "linear"
        float[] widths = [0.002, 0.002, 0.002, 0.002, 0.002, 0.002, 0.002, 0.002, 0.002, 0.002, 0.002, 0.002, 0.002, 0.002, 0.002, 0.002, 0.002, 0.002, 0.002, 0.002, 0.002, 0.002, 0.002, 0.002, 0.002, 0.002, 0.002, 0.002, 0.002, 0.002, 0.002, 0.002, 0.002, 0.002, 0.002, 0.002, 0.002, 0.002, 0.002, 0.002, 0.002, 0.002, 0.002, 0.002, 0.002, 0.002, 0.002, 0.002, 0.002, 0.002, 0.002, 0.002, 0.002, 0.002, 0.002, 0.002, 0.002, 0.002, 0.002, 0.002, 0.002, 0.002, 0.002, 0.002, 0.002, 0.002, 0.002, 0.002, 0.002, 0.002, 0.002, 0.002, 0.002, 0.002, 0.002, 0.002, 0.002, 0.002, 0.002, 0.002, 0.002, 0.002, 0.002, 0.002, 0.002, 0.002, 0.002, 0.002, 0.002, 0.002, 0.002, 0.002, 0.002, 0.002, 0.002, 0.002, 0.002, 0.002, 0.002, 0.002, 0.002, 0.002, 0.002, 0.002, 0.002, 0.002, 0.002, 0.002, 0.002, 0.002, 0.002, 0.002, 0.002, 0.002, 0.002, 0.002, 0.002, 0.002, 0.002, 0.002, 0.002, 0.002, 0.002, 0.002, 0.002, 0.002, 0.002, 0.002, 0.002, 0.002, 0.002, 0.002, 0.002, 0.002, 0.002, 0.002, 0.002, 0.002, 0.002, 0.002, 0.002, 0.002, 0.002, 0.002, 0.002, 0.002, 0.002, 0.002, 0.002, 0.002, 0.002, 0.002, 0.002, 0.002, 0.002, 0.002, 0.002, 0.002, 0.002, 0.002, 0.002, 0.002, 0.002, 0.002, 0.002, 0.002, 0.002, 0.002, 0.002, 0.002, 0.002, 0.002, 0.002, 0.002, 0.002, 0.002, 0.002, 0.002, 0.002, 0.002, 0.002, 0.002, 0.002, 0.002, 0.002, 0.002, 0.002, 0.002, 0.002, 0.002, 0.002, 0.002, 0.002, 0.002, 0.002, 0.002, 0.002, 0.002, 0.002, 0.002, 0.002, 0.002, 0.002, 0.002, 0.002, 0.002, 0.002, 0.002, 0.002, 0.002, 0.002, 0.002, 0.002, 0.002, 0.002, 0.002, 0.002, 0.002, 0.002, 0.002, 0.002, 0.002, 0.002, 0.002, 0.002, 0.002, 0.002, 0.002, 0.002, 0.002, 0.002, 0.002, 0.002, 0.002, 0.002, 0.002, 0.002, 0.002, 0.002, 0.002, 0.002, 0.002, 0.002, 0.002, 0.002, 0.002, 0.002, 0.002, 0.002, 0.002, 0.002, 0.002, 0.002, 0.002, 0.002, 0.002, 0.002, 0.002, 0.002, 0.002, 0.002, 0.002, 0.002, 0.002, 0.002, 0.002, 0.002, 0.002, 0.002, 0.002, 0.002, 0.002, 0.002, 0.002, 0.002, 0.002, 0.002, 0.002, 0.002, 0.002, 0.002, 0.002, 0.002, 0.002, 0.002, 0.002, 0.002, 0.002, 0.002, 0.002, 0.002, 0.002, 0.002, 0.002, 0.002, 0.002, 0.002, 0.002, 0.002, 0.002, 0.002, 0.002, 0.002, 0.002, 0.002, 0.002, 0.002, 0.002, 0.002, 0.002, 0.002, 0.002, 0.002, 0.002, 0.002, 0.002, 0.002, 0.002, 0.002, 0.002, 0.002, 0.002, 0.002, 0.002, 0.002, 0.002, 0.002, 0.002, 0.002, 0.002, 0.002, 0.002, 0.002, 0.002, 0.002, 0.002, 0.002, 0.002, 0.002, 0.002, 0.002, 0.002, 0.002, 0.002, 0.002, 0.002, 0.002, 0.002, 0.002, 0.002, 0.002, 0.002, 0.002, 0.002, 0.002, 0.002, 0.002, 0.002, 0.002, 0.002, 0.002, 0.002, 0.002, 0.002, 0.002, 0.002, 0.002, 0.002, 0.002, 0.002, 0.002, 0.002, 0.002, 0.002, 0.002, 0.002, 0.002, 0.002, 0.002, 0.002, 0.002, 0.002, 0.002, 0.002, 0.002, 0.002, 0.002, 0.002, 0.002, 0.002, 0.002, 0.002, 0.002, 0.002, 0.002, 0.002, 0.002, 0.002, 0.002, 0.002, 0.002, 0.002, 0.002, 0.002, 0.002, 0.002, 0.002, 0.002, 0.002, 0.002, 0.002, 0.002, 0.002, 0.002, 0.002, 0.002, 0.002, 0.002, 0.002, 0.002, 0.002, 0.002, 0.002, 0.002, 0.002, 0.002, 0.002, 0.002, 0.002, 0.002, 0.002, 0.002, 0.002, 0.002, 0.002, 0.002, 0.002, 0.002, 0.002, 0.002, 0.002, 0.002, 0.002, 0.002, 0.002, 0.002, 0.002, 0.002, 0.002, 0.002, 0.002, 0.002, 0.002, 0.002, 0.002, 0.002, 0.002, 0.002, 0.002, 0.002, 0.002, 0.002, 0.002, 0.002, 0.002, 0.002, 0.002, 0.002, 0.002, 0.002, 0.002, 0.002, 0.002, 0.002, 0.002, 0.002, 0.002, 0.002, 0.002, 0.002, 0.002, 0.002, 0.002, 0.002, 0.002, 0.002, 0.002, 0.002, 0.002, 0.002, 0.002, 0.002, 0.002, 0.002, 0.002, 0.002, 0.002, 0.002, 0.002, 0.002, 0.002, 0.002, 0.002, 0.002, 0.002, 0.002, 0.002, 0.002, 0.002, 0.002, 0.002, 0.002, 0.002, 0.002, 0.002, 0.002, 0.002, 0.002, 0.002, 0.002, 0.002, 0.002, 0.002, 0.002, 0.002, 0.002, 0.002, 0.002, 0.002, 0.002, 0.002, 0.002, 0.002, 0.002, 0.002, 0.002, 0.002, 0.002, 0.002, 0.002, 0.002, 0.002, 0.002, 0.002, 0.002, 0.002, 0.002, 0.002, 0.002, 0.002, 0.002, 0.002, 0.002, 0.002, 0.002, 0.002, 0.002, 0.002, 0.002, 0.002, 0.002, 0.002, 0.002, 0.002, 0.002, 0.002, 0.002, 0.002, 0.002, 0.002, 0.002, 0.002, 0.002, 0.002, 0.002, 0.002, 0.002, 0.002, 0.002, 0.002, 0.002, 0.002, 0.002, 0.002, 0.002, 0.002, 0.002, 0.002, 0.002, 0.002, 0.002, 0.002, 0.002, 0.002, 0.002, 0.002, 0.002, 0.002, 0.002, 0.002, 0.002, 0.002, 0.002, 0.002, 0.002, 0.002, 0.002, 0.002, 0.002, 0.002, 0.002, 0.002, 0.002, 0.002, 0.002, 0.002, 0.002, 0.002, 0.002, 0.002, 0.002, 0.002, 0.002, 0.002, 0.002, 0.002, 0.002, 0.002, 0.002, 0.002, 0.002, 0.002, 0.002, 0.002, 0.002, 0.002, 0.002, 0.002, 0.002, 0.002, 0.002, 0.002, 0.002, 0.002, 0.002, 0.002, 0.002, 0.002, 0.002, 0.002, 0.002, 0.002, 0.002, 0.002, 0.002, 0.002, 0.002, 0.002, 0.002, 0.002, 0.002, 0.002, 0.002, 0.002, 0.002, 0.002, 0.002, 0.002, 0.002, 0.002, 0.002, 0.002, 0.002, 0.002, 0.002, 0.002, 0.002, 0.002, 0.002, 0.002, 0.002, 0.002, 0.002, 0.002, 0.002, 0.002, 0.002, 0.002, 0.002, 0.002, 0.002, 0.002, 0.002, 0.002, 0.002, 0.002, 0.002, 0.002, 0.002, 0.002, 0.002, 0.002, 0.002, 0.002, 0.002, 0.002, 0.002, 0.002, 0.002, 0.002, 0.002, 0.002, 0.002, 0.002, 0.002, 0.002, 0.002, 0.002, 0.002, 0.002, 0.002, 0.002, 0.002, 0.002, 0.002, 0.002, 0.002, 0.002, 0.002, 0.002, 0.002, 0.002, 0.002, 0.002, 0.002, 0.002, 0.002, 0.002, 0.002, 0.002, 0.002, 0.002, 0.002, 0.002, 0.002, 0.002, 0.002, 0.002, 0.002, 0.002, 0.002, 0.002, 0.002, 0.002, 0.002, 0.002, 0.002, 0.002, 0.002, 0.002, 0.002, 0.002, 0.002, 0.002, 0.002, 0.002, 0.002, 0.002, 0.002, 0.002, 0.002, 0.002, 0.002, 0.002, 0.002, 0.002, 0.002, 0.002, 0.002, 0.002, 0.002, 0.002, 0.002, 0.002, 0.002, 0.002, 0.002, 0.002, 0.002, 0.002, 0.002, 0.002, 0.002, 0.002, 0.002, 0.002, 0.002, 0.002, 0.002, 0.002, 0.002, 0.002, 0.002, 0.002, 0.002, 0.002, 0.002, 0.002, 0.002, 0.002, 0.002, 0.002, 0.002, 0.002, 0.002, 0.002, 0.002, 0.002, 0.002, 0.002, 0.002, 0.002, 0.002, 0.002, 0.002, 0.002, 0.002, 0.002, 0.002, 0.002, 0.002, 0.002, 0.002, 0.002, 0.002, 0.002, 0.002, 0.002, 0.002, 0.002, 0.002, 0.002, 0.002, 0.002, 0.002, 0.002, 0.002, 0.002, 0.002, 0.002, 0.002, 0.002, 0.002, 0.002, 0.002, 0.002, 0.002, 0.002, 0.002, 0.002, 0.002, 0.002, 0.002, 0.002, 0.002, 0.002, 0.002, 0.002, 0.002, 0.002, 0.002, 0.002, 0.002, 0.002, 0.002, 0.002, 0.002, 0.002, 0.002, 0.002, 0.002, 0.002, 0.002, 0.002, 0.002, 0.002, 0.002, 0.002, 0.002, 0.002, 0.002, 0.002, 0.002, 0.002, 0.002, 0.002, 0.002, 0.002, 0.002, 0.002, 0.002, 0.002, 0.002, 0.002, 0.002, 0.002, 0.002, 0.002, 0.002, 0.002, 0.002, 0.002, 0.002, 0.002, 0.002, 0.002, 0.002, 0.002, 0.002, 0.002, 0.002, 0.002, 0.002, 0.002, 0.002, 0.002, 0.002, 0.002, 0.002, 0.002, 0.002, 0.002, 0.002, 0.002, 0.002, 0.002, 0.002, 0.002, 0.002, 0.002, 0.002, 0.002, 0.002, 0.002, 0.002, 0.002, 0.002, 0.002, 0.002, 0.002, 0.002, 0.002, 0.002, 0.002, 0.002, 0.002, 0.002, 0.002, 0.002, 0.002, 0.002, 0.002, 0.002, 0.002, 0.002, 0.002, 0.002, 0.002, 0.002, 0.002, 0.002, 0.002, 0.002, 0.002, 0.002, 0.002, 0.002, 0.002, 0.002, 0.002, 0.002, 0.002, 0.002, 0.002, 0.002, 0.002, 0.002, 0.002, 0.002, 0.002, 0.002, 0.002, 0.002, 0.002, 0.002, 0.002, 0.002, 0.002, 0.002, 0.002, 0.002, 0.002, 0.002, 0.002, 0.002, 0.002, 0.002, 0.002, 0.002, 0.002, 0.002, 0.002, 0.002, 0.002, 0.002, 0.002, 0.002, 0.002, 0.002, 0.002, 0.002, 0.002, 0.002, 0.002, 0.002, 0.002, 0.002, 0.002, 0.002, 0.002, 0.002, 0.002, 0.002, 0.002, 0.002, 0.002, 0.002, 0.002, 0.002, 0.002, 0.002, 0.002, 0.002, 0.002, 0.002, 0.002, 0.002, 0.002, 0.002, 0.002, 0.002, 0.002, 0.002, 0.002, 0.002, 0.002, 0.002, 0.002, 0.002, 0.002, 0.002, 0.002, 0.002, 0.002, 0.002, 0.002, 0.002, 0.002, 0.002, 0.002, 0.002, 0.002, 0.002, 0.002, 0.002, 0.002, 0.002, 0.002, 0.002, 0.002, 0.002, 0.002, 0.002, 0.002, 0.002, 0.002, 0.002, 0.002, 0.002, 0.002, 0.002, 0.002, 0.002, 0.002, 0.002, 0.002, 0.002, 0.002, 0.002, 0.002, 0.002, 0.002, 0.002, 0.002, 0.002, 0.002, 0.002, 0.002, 0.002, 0.002, 0.002, 0.002, 0.002, 0.002, 0.002, 0.002, 0.002, 0.002, 0.002, 0.002, 0.002, 0.002, 0.002, 0.002, 0.002, 0.002, 0.002, 0.002, 0.002, 0.002, 0.002, 0.002, 0.002, 0.002] (
            interpolation = "vertex"
        )
        uniform token wrap = "nonperiodic"
    }
}

