#usda 1.0
# Copyright (c) 2026 Nick Burkard
# SPDX-License-Identifier: MIT
(
    defaultPrim = "World"
)

def Xform "World"
{
    def BasisCurves "Part_ID_Diagnostic"
    {
        int[] curveVertexCounts = [6, 6, 6, 6, 6, 6, 6, 6, 6, 6, 6, 6, 6, 6, 6, 6, 6, 6, 6, 6, 6, 6, 6, 6, 6, 6, 6, 6, 6, 6, 6, 6, 6, 6, 6, 6, 6, 6, 6, 6, 6, 6, 6, 6, 6, 6, 6, 6, 6, 6, 6, 6, 6, 6, 6, 6, 6, 6, 6, 6, 6, 6, 6, 6, 6, 6, 6, 6, 6, 6, 6, 6, 6, 6, 6, 6, 6, 6, 6, 6, 6, 6, 6, 6, 6, 6, 6, 6, 6, 6, 6, 6, 6, 6, 6, 6, 6, 6, 6, 6, 6, 6, 6, 6, 6, 6, 6, 6, 6, 6, 6, 6, 6, 6, 6, 6, 6, 6, 6, 6, 6, 6, 6, 6, 6, 6, 6, 6, 6, 6, 6, 6, 6, 6, 6, 6, 6, 6, 6, 6, 6, 6, 6, 6, 6, 6, 6, 6, 6, 6, 6, 6, 6, 6, 6, 6, 6, 6, 6, 6, 6, 6, 6, 6, 6, 6, 6, 6, 6, 6, 6, 6, 6, 6, 6, 6, 6, 6, 6, 6, 6, 6, 6, 6, 6, 6, 6, 6, 6, 6, 6, 6, 6, 6, 6, 6, 6, 6, 6, 6, 6, 6, 6, 6, 6, 6, 6, 6, 6, 6, 6, 6, 6, 6, 6, 6, 6, 6, 6, 6, 6, 6, 6, 6, 6, 6, 6, 6, 6, 6, 6, 6, 6, 6, 6, 6, 6, 6, 6, 6, 6, 6, 6, 6, 6, 6, 6, 6, 6, 6, 6, 6, 6, 6, 6, 6, 6, 6, 6, 6, 6, 6, 6, 6, 6, 6, 6, 6, 6, 6, 6, 6, 6, 6, 6, 6, 6, 6, 6, 6, 6, 6, 6, 6, 6, 6, 6, 6, 6, 6, 6, 6, 6, 6, 6, 6, 6, 6, 6, 6, 6, 6, 6, 6, 6, 6, 6, 6, 6, 6, 6, 6, 6, 6, 6, 6, 6, 6, 6, 6, 6, 6, 6, 6, 6, 6, 6, 6, 6, 6, 6, 6, 6, 6, 6, 6, 6, 6, 6, 6, 6, 6, 6, 6, 6, 6, 6, 6, 6, 6, 6, 6, 6, 6, 6, 6, 6, 6, 6, 6, 6, 6, 6, 6, 6, 6, 6, 6, 6, 6, 6, 6, 6, 6, 6, 6, 6, 6, 6, 6, 6, 6, 6, 6, 6, 6, 6, 6, 6, 6, 6, 6, 6, 6, 6, 6, 6, 6, 6, 6, 6, 6, 6, 6, 6, 6, 6, 6, 6, 6, 6, 6, 6, 6, 6, 6, 6, 6, 6, 6, 6, 6, 6, 6, 6, 6, 6, 6, 6, 6, 6, 6, 6, 6, 6, 6, 6, 6, 6, 6, 6, 6, 6, 6, 6, 6, 6, 6, 6, 6, 6, 6, 6, 6, 6, 6, 6, 6, 6, 6, 6, 6, 6, 6, 6, 6, 6, 6, 6, 6, 6, 6, 6, 6, 6, 6, 6, 6, 6, 6, 6, 6, 6, 6, 6, 6, 6, 6, 6, 6, 6, 6, 6, 6, 6, 6, 6, 6, 6, 6, 6, 6, 6, 6, 6, 6, 6, 6, 6, 6, 6, 6, 6, 6, 6, 6, 6, 6, 6, 6, 6, 6, 6, 6, 6, 6, 6, 6, 6, 6, 6, 6, 6, 6, 6, 6, 6, 6, 6, 6, 6, 6, 6, 6, 6, 6, 6, 6, 6, 6, 6, 6, 6, 6, 6, 6, 6, 6, 6, 6, 6, 6, 6, 6, 6, 6, 6, 6, 6, 6, 6, 6, 6, 6, 6, 6, 6, 6, 6, 6, 6, 6, 6, 6, 6, 6, 6, 6, 6, 6, 6, 6, 6, 6, 6, 6, 6, 6, 6, 6, 6, 6, 6, 6, 6, 6, 6, 6, 6, 6, 6, 6, 6, 6, 6, 6, 6, 6, 6, 6, 6, 6, 6, 6, 6, 6, 6, 6, 6, 6, 6, 6, 6, 6, 6, 6, 6, 6, 6, 6, 6, 6, 6, 6, 6, 6, 6, 6, 6, 6, 6, 6, 6, 6, 6, 6, 6, 6, 6, 6, 6, 6, 6, 6, 6, 6, 6, 6, 6, 6, 6, 6, 6, 6, 6, 6, 6, 6, 6, 6, 6, 6, 6, 6, 6, 6, 6, 6, 6, 6, 6, 6, 6, 6, 6, 6, 6, 6, 6, 6, 6, 6, 6, 6, 6, 6, 6, 6, 6, 6, 6, 6, 6, 6, 6, 6, 6, 6, 6, 6, 6, 6, 6, 6, 6, 6, 6, 6, 6, 6, 6, 6, 6, 6, 6, 6, 6, 6, 6, 6, 6, 6, 6, 6, 6, 6, 6, 6, 6, 6, 6, 6, 6, 6, 6, 6, 6, 6, 6, 6, 6, 6, 6, 6, 6, 6, 6, 6, 6, 6, 6, 6, 6, 6, 6, 6, 6, 6, 6, 6, 6, 6, 6, 6, 6, 6, 6, 6, 6, 6, 6, 6, 6, 6, 6, 6, 6, 6, 6, 6, 6, 6, 6, 6, 6, 6, 6, 6, 6, 6, 6, 6, 6, 6, 6, 6, 6, 6, 6, 6, 6, 6, 6, 6, 6, 6, 6, 6, 6, 6, 6, 6, 6, 6, 6, 6, 6, 6, 6, 6, 6, 6, 6, 6, 6, 6, 6, 6, 6, 6, 6, 6, 6, 6, 6, 6, 6, 6, 6, 6, 6, 6, 6, 6, 6, 6, 6, 6, 6, 6, 6, 6, 6, 6, 6, 6, 6, 6, 6, 6, 6, 6, 6, 6, 6, 6, 6, 6, 6, 6, 6, 6, 6, 6, 6, 6, 6, 6, 6, 6, 6, 6, 6, 6, 6, 6, 6, 6, 6, 6, 6, 6, 6, 6, 6, 6, 6, 6, 6, 6, 6, 6, 6, 6, 6, 6, 6, 6, 6, 6, 6, 6, 6, 6, 6, 6, 6, 6, 6, 6, 6, 6, 6, 6, 6, 6, 6, 6, 6, 6, 6, 6, 6, 6, 6, 6, 6, 6, 6, 6, 6, 6, 6, 6, 6, 6, 6, 6, 6, 6, 6, 6, 6, 6, 6, 6, 6, 6, 6, 6, 6, 6, 6, 6, 6, 6, 6, 6, 6, 6, 6, 6, 6, 6, 6, 6, 6, 6, 6, 6, 6, 6, 6, 6, 6, 6, 6, 6, 6, 6, 6, 6, 6, 6, 6, 6, 6, 6, 6, 6, 6, 6, 6, 6, 6]
        point3f[] points = [(-0.120000005, -0.072, 0), (-0.11952, -0.07172, 0.033), (-0.118080005, -0.070879996, 0.066), (-0.11568, -0.069479994, 0.099), (-0.112320006, -0.06752, 0.132), (-0.108, -0.065, 0.16499999), (-0.114, -0.072, 0), (-0.11352, -0.07172, 0.033), (-0.11208, -0.070879996, 0.066), (-0.10968, -0.069479994, 0.099), (-0.10632, -0.06752, 0.132), (-0.102, -0.065, 0.16499999), (-0.108, -0.072, 0), (-0.10752, -0.07172, 0.033), (-0.10608, -0.070879996, 0.066), (-0.10368, -0.069479994, 0.099), (-0.100320004, -0.06752, 0.132), (-0.096, -0.065, 0.16499999), (-0.102, -0.072, 0), (-0.101519994, -0.07172, 0.033), (-0.10008, -0.070879996, 0.066), (-0.097679995, -0.069479994, 0.099), (-0.09432, -0.06752, 0.132), (-0.089999996, -0.065, 0.16499999), (-0.096, -0.072, 0), (-0.09552, -0.07172, 0.033), (-0.09408, -0.070879996, 0.066), (-0.09168, -0.069479994, 0.099), (-0.08832, -0.06752, 0.132), (-0.084, -0.065, 0.16499999), (-0.09, -0.072, 0), (-0.08952, -0.07172, 0.033), (-0.088080004, -0.070879996, 0.066), (-0.08568, -0.069479994, 0.099), (-0.082320005, -0.06752, 0.132), (-0.078, -0.065, 0.16499999), (-0.084, -0.072, 0), (-0.083519995, -0.07172, 0.033), (-0.08208, -0.070879996, 0.066), (-0.079679996, -0.069479994, 0.099), (-0.07632, -0.06752, 0.132), (-0.072, -0.065, 0.16499999), (-0.078, -0.072, 0), (-0.07752, -0.07172, 0.033), (-0.07608, -0.070879996, 0.066), (-0.07368, -0.069479994, 0.099), (-0.07032, -0.06752, 0.132), (-0.066, -0.065, 0.16499999), (-0.072, -0.072, 0), (-0.07151999, -0.07172, 0.033), (-0.07008, -0.070879996, 0.066), (-0.067679994, -0.069479994, 0.099), (-0.06432, -0.06752, 0.132), (-0.059999995, -0.065, 0.16499999), (-0.066, -0.072, 0), (-0.065519996, -0.07172, 0.033), (-0.06408, -0.070879996, 0.066), (-0.06168, -0.069479994, 0.099), (-0.05832, -0.06752, 0.132), (-0.053999998, -0.065, 0.16499999), (-0.060000002, -0.072, 0), (-0.059520002, -0.07172, 0.033), (-0.058080003, -0.070879996, 0.066), (-0.055680003, -0.069479994, 0.099), (-0.052320004, -0.06752, 0.132), (-0.048, -0.065, 0.16499999), (-0.054, -0.072, 0), (-0.05352, -0.07172, 0.033), (-0.05208, -0.070879996, 0.066), (-0.049680002, -0.069479994, 0.099), (-0.046320003, -0.06752, 0.132), (-0.042000003, -0.065, 0.16499999), (-0.048, -0.072, 0), (-0.04752, -0.07172, 0.033), (-0.04608, -0.070879996, 0.066), (-0.04368, -0.069479994, 0.099), (-0.04032, -0.06752, 0.132), (-0.036, -0.065, 0.16499999), (-0.042, -0.072, 0), (-0.04152, -0.07172, 0.033), (-0.04008, -0.070879996, 0.066), (-0.03768, -0.069479994, 0.099), (-0.03432, -0.06752, 0.132), (-0.03, -0.065, 0.16499999), (-0.036, -0.072, 0), (-0.03552, -0.07172, 0.033), (-0.03408, -0.070879996, 0.066), (-0.03168, -0.069479994, 0.099), (-0.028319998, -0.06752, 0.132), (-0.023999998, -0.065, 0.16499999), (-0.030000001, -0.072, 0), (-0.029520001, -0.07172, 0.033), (-0.028080001, -0.070879996, 0.066), (-0.025680002, -0.069479994, 0.099), (-0.02232, -0.06752, 0.132), (-0.018000001, -0.065, 0.16499999), (-0.024, -0.072, 0), (-0.02352, -0.07172, 0.033), (-0.02208, -0.070879996, 0.066), (-0.01968, -0.069479994, 0.099), (-0.01632, -0.06752, 0.132), (-0.012, -0.065, 0.16499999), (-0.018, -0.072, 0), (-0.01752, -0.07172, 0.033), (-0.01608, -0.070879996, 0.066), (-0.013679999, -0.069479994, 0.099), (-0.0103199985, -0.06752, 0.132), (-0.005999999, -0.065, 0.16499999), (-0.012, -0.072, 0), (-0.01152, -0.07172, 0.033), (-0.01008, -0.070879996, 0.066), (-0.00768, -0.069479994, 0.099), (-0.00432, -0.06752, 0.132), (0, -0.065, 0.16499999), (-0.006, -0.072, 0), (-0.00552, -0.07172, 0.033), (-0.00408, -0.070879996, 0.066), (-0.0016799998, -0.069479994, 0.099), (0.0016800002, -0.06752, 0.132), (0.006, -0.065, 0.16499999), (0, -0.072, 0), (0.00048000002, -0.07172, 0.033), (0.0019200001, -0.070879996, 0.066), (0.0043200003, -0.069479994, 0.099), (0.0076800003, -0.06752, 0.132), (0.012, -0.065, 0.16499999), (0.006, -0.072, 0), (0.00648, -0.07172, 0.033), (0.00792, -0.070879996, 0.066), (0.01032, -0.069479994, 0.099), (0.01368, -0.06752, 0.132), (0.018, -0.065, 0.16499999), (0.012, -0.072, 0), (0.01248, -0.07172, 0.033), (0.01392, -0.070879996, 0.066), (0.016320001, -0.069479994, 0.099), (0.01968, -0.06752, 0.132), (0.024, -0.065, 0.16499999), (0.018, -0.072, 0), (0.01848, -0.07172, 0.033), (0.019919999, -0.070879996, 0.066), (0.022319999, -0.069479994, 0.099), (0.02568, -0.06752, 0.132), (0.03, -0.065, 0.16499999), (0.024, -0.072, 0), (0.02448, -0.07172, 0.033), (0.02592, -0.070879996, 0.066), (0.02832, -0.069479994, 0.099), (0.03168, -0.06752, 0.132), (0.036, -0.065, 0.16499999), (0.030000001, -0.072, 0), (0.030480001, -0.07172, 0.033), (0.03192, -0.070879996, 0.066), (0.03432, -0.069479994, 0.099), (0.03768, -0.06752, 0.132), (0.042000003, -0.065, 0.16499999), (0.036, -0.072, 0), (0.03648, -0.07172, 0.033), (0.03792, -0.070879996, 0.066), (0.040319998, -0.069479994, 0.099), (0.043679997, -0.06752, 0.132), (0.048, -0.065, 0.16499999), (0.042, -0.072, 0), (0.04248, -0.07172, 0.033), (0.04392, -0.070879996, 0.066), (0.04632, -0.069479994, 0.099), (0.04968, -0.06752, 0.132), (0.053999998, -0.065, 0.16499999), (0.048, -0.072, 0), (0.04848, -0.07172, 0.033), (0.04992, -0.070879996, 0.066), (0.05232, -0.069479994, 0.099), (0.05568, -0.06752, 0.132), (0.060000002, -0.065, 0.16499999), (0.054, -0.072, 0), (0.05448, -0.07172, 0.033), (0.05592, -0.070879996, 0.066), (0.05832, -0.069479994, 0.099), (0.06168, -0.06752, 0.132), (0.066, -0.065, 0.16499999), (0.060000002, -0.072, 0), (0.060480002, -0.07172, 0.033), (0.061920002, -0.070879996, 0.066), (0.064320005, -0.069479994, 0.099), (0.06768, -0.06752, 0.132), (0.072000004, -0.065, 0.16499999), (0.066, -0.072, 0), (0.06648, -0.07172, 0.033), (0.06792, -0.070879996, 0.066), (0.07032, -0.069479994, 0.099), (0.07368, -0.06752, 0.132), (0.078, -0.065, 0.16499999), (0.072, -0.072, 0), (0.07248, -0.07172, 0.033), (0.07392, -0.070879996, 0.066), (0.07632, -0.069479994, 0.099), (0.079679996, -0.06752, 0.132), (0.084, -0.065, 0.16499999), (0.078, -0.072, 0), (0.078480005, -0.07172, 0.033), (0.07992, -0.070879996, 0.066), (0.082320005, -0.069479994, 0.099), (0.08568, -0.06752, 0.132), (0.09, -0.065, 0.16499999), (0.084, -0.072, 0), (0.08448, -0.07172, 0.033), (0.08592, -0.070879996, 0.066), (0.08832, -0.069479994, 0.099), (0.09168, -0.06752, 0.132), (0.096, -0.065, 0.16499999), (0.09, -0.072, 0), (0.09048001, -0.07172, 0.033), (0.09192, -0.070879996, 0.066), (0.09432001, -0.069479994, 0.099), (0.09768, -0.06752, 0.132), (0.102000006, -0.065, 0.16499999), (0.096, -0.072, 0), (0.096480004, -0.07172, 0.033), (0.09792, -0.070879996, 0.066), (0.100320004, -0.069479994, 0.099), (0.10368, -0.06752, 0.132), (0.108, -0.065, 0.16499999), (0.102, -0.072, 0), (0.10248, -0.07172, 0.033), (0.10392, -0.070879996, 0.066), (0.10632, -0.069479994, 0.099), (0.10968, -0.06752, 0.132), (0.114, -0.065, 0.16499999), (0.108, -0.072, 0), (0.10848001, -0.07172, 0.033), (0.10992, -0.070879996, 0.066), (0.112320006, -0.069479994, 0.099), (0.11568, -0.06752, 0.132), (0.120000005, -0.065, 0.16499999), (0.114, -0.072, 0), (0.11448, -0.07172, 0.033), (0.11592, -0.070879996, 0.066), (0.11832, -0.069479994, 0.099), (0.12168, -0.06752, 0.132), (0.126, -0.065, 0.16499999), (0.120000005, -0.072, 0), (0.12048001, -0.07172, 0.033), (0.121920004, -0.070879996, 0.066), (0.12432001, -0.069479994, 0.099), (0.12768, -0.06752, 0.132), (0.132, -0.065, 0.16499999), (-0.120000005, -0.066, 0), (-0.11952, -0.06572, 0.033), (-0.118080005, -0.06488, 0.066), (-0.11568, -0.06348, 0.099), (-0.112320006, -0.06152, 0.132), (-0.108, -0.059, 0.16499999), (-0.114, -0.066, 0), (-0.11352, -0.06572, 0.033), (-0.11208, -0.06488, 0.066), (-0.10968, -0.06348, 0.099), (-0.10632, -0.06152, 0.132), (-0.102, -0.059, 0.16499999), (-0.108, -0.066, 0), (-0.10752, -0.06572, 0.033), (-0.10608, -0.06488, 0.066), (-0.10368, -0.06348, 0.099), (-0.100320004, -0.06152, 0.132), (-0.096, -0.059, 0.16499999), (-0.102, -0.066, 0), (-0.101519994, -0.06572, 0.033), (-0.10008, -0.06488, 0.066), (-0.097679995, -0.06348, 0.099), (-0.09432, -0.06152, 0.132), (-0.089999996, -0.059, 0.16499999), (-0.096, -0.066, 0), (-0.09552, -0.06572, 0.033), (-0.09408, -0.06488, 0.066), (-0.09168, -0.06348, 0.099), (-0.08832, -0.06152, 0.132), (-0.084, -0.059, 0.16499999), (-0.09, -0.066, 0), (-0.08952, -0.06572, 0.033), (-0.088080004, -0.06488, 0.066), (-0.08568, -0.06348, 0.099), (-0.082320005, -0.06152, 0.132), (-0.078, -0.059, 0.16499999), (-0.084, -0.066, 0), (-0.083519995, -0.06572, 0.033), (-0.08208, -0.06488, 0.066), (-0.079679996, -0.06348, 0.099), (-0.07632, -0.06152, 0.132), (-0.072, -0.059, 0.16499999), (-0.078, -0.066, 0), (-0.07752, -0.06572, 0.033), (-0.07608, -0.06488, 0.066), (-0.07368, -0.06348, 0.099), (-0.07032, -0.06152, 0.132), (-0.066, -0.059, 0.16499999), (-0.072, -0.066, 0), (-0.07151999, -0.06572, 0.033), (-0.07008, -0.06488, 0.066), (-0.067679994, -0.06348, 0.099), (-0.06432, -0.06152, 0.132), (-0.059999995, -0.059, 0.16499999), (-0.066, -0.066, 0), (-0.065519996, -0.06572, 0.033), (-0.06408, -0.06488, 0.066), (-0.06168, -0.06348, 0.099), (-0.05832, -0.06152, 0.132), (-0.053999998, -0.059, 0.16499999), (-0.060000002, -0.066, 0), (-0.059520002, -0.06572, 0.033), (-0.058080003, -0.06488, 0.066), (-0.055680003, -0.06348, 0.099), (-0.052320004, -0.06152, 0.132), (-0.048, -0.059, 0.16499999), (-0.054, -0.066, 0), (-0.05352, -0.06572, 0.033), (-0.05208, -0.06488, 0.066), (-0.049680002, -0.06348, 0.099), (-0.046320003, -0.06152, 0.132), (-0.042000003, -0.059, 0.16499999), (-0.048, -0.066, 0), (-0.04752, -0.06572, 0.033), (-0.04608, -0.06488, 0.066), (-0.04368, -0.06348, 0.099), (-0.04032, -0.06152, 0.132), (-0.036, -0.059, 0.16499999), (-0.042, -0.066, 0), (-0.04152, -0.06572, 0.033), (-0.04008, -0.06488, 0.066), (-0.03768, -0.06348, 0.099), (-0.03432, -0.06152, 0.132), (-0.03, -0.059, 0.16499999), (-0.036, -0.066, 0), (-0.03552, -0.06572, 0.033), (-0.03408, -0.06488, 0.066), (-0.03168, -0.06348, 0.099), (-0.028319998, -0.06152, 0.132), (-0.023999998, -0.059, 0.16499999), (-0.030000001, -0.066, 0), (-0.029520001, -0.06572, 0.033), (-0.028080001, -0.06488, 0.066), (-0.025680002, -0.06348, 0.099), (-0.02232, -0.06152, 0.132), (-0.018000001, -0.059, 0.16499999), (-0.024, -0.066, 0), (-0.02352, -0.06572, 0.033), (-0.02208, -0.06488, 0.066), (-0.01968, -0.06348, 0.099), (-0.01632, -0.06152, 0.132), (-0.012, -0.059, 0.16499999), (-0.018, -0.066, 0), (-0.01752, -0.06572, 0.033), (-0.01608, -0.06488, 0.066), (-0.013679999, -0.06348, 0.099), (-0.0103199985, -0.06152, 0.132), (-0.005999999, -0.059, 0.16499999), (-0.012, -0.066, 0), (-0.01152, -0.06572, 0.033), (-0.01008, -0.06488, 0.066), (-0.00768, -0.06348, 0.099), (-0.00432, -0.06152, 0.132), (0, -0.059, 0.16499999), (-0.006, -0.066, 0), (-0.00552, -0.06572, 0.033), (-0.00408, -0.06488, 0.066), (-0.0016799998, -0.06348, 0.099), (0.0016800002, -0.06152, 0.132), (0.006, -0.059, 0.16499999), (0, -0.066, 0), (0.00048000002, -0.06572, 0.033), (0.0019200001, -0.06488, 0.066), (0.0043200003, -0.06348, 0.099), (0.0076800003, -0.06152, 0.132), (0.012, -0.059, 0.16499999), (0.006, -0.066, 0), (0.00648, -0.06572, 0.033), (0.00792, -0.06488, 0.066), (0.01032, -0.06348, 0.099), (0.01368, -0.06152, 0.132), (0.018, -0.059, 0.16499999), (0.012, -0.066, 0), (0.01248, -0.06572, 0.033), (0.01392, -0.06488, 0.066), (0.016320001, -0.06348, 0.099), (0.01968, -0.06152, 0.132), (0.024, -0.059, 0.16499999), (0.018, -0.066, 0), (0.01848, -0.06572, 0.033), (0.019919999, -0.06488, 0.066), (0.022319999, -0.06348, 0.099), (0.02568, -0.06152, 0.132), (0.03, -0.059, 0.16499999), (0.024, -0.066, 0), (0.02448, -0.06572, 0.033), (0.02592, -0.06488, 0.066), (0.02832, -0.06348, 0.099), (0.03168, -0.06152, 0.132), (0.036, -0.059, 0.16499999), (0.030000001, -0.066, 0), (0.030480001, -0.06572, 0.033), (0.03192, -0.06488, 0.066), (0.03432, -0.06348, 0.099), (0.03768, -0.06152, 0.132), (0.042000003, -0.059, 0.16499999), (0.036, -0.066, 0), (0.03648, -0.06572, 0.033), (0.03792, -0.06488, 0.066), (0.040319998, -0.06348, 0.099), (0.043679997, -0.06152, 0.132), (0.048, -0.059, 0.16499999), (0.042, -0.066, 0), (0.04248, -0.06572, 0.033), (0.04392, -0.06488, 0.066), (0.04632, -0.06348, 0.099), (0.04968, -0.06152, 0.132), (0.053999998, -0.059, 0.16499999), (0.048, -0.066, 0), (0.04848, -0.06572, 0.033), (0.04992, -0.06488, 0.066), (0.05232, -0.06348, 0.099), (0.05568, -0.06152, 0.132), (0.060000002, -0.059, 0.16499999), (0.054, -0.066, 0), (0.05448, -0.06572, 0.033), (0.05592, -0.06488, 0.066), (0.05832, -0.06348, 0.099), (0.06168, -0.06152, 0.132), (0.066, -0.059, 0.16499999), (0.060000002, -0.066, 0), (0.060480002, -0.06572, 0.033), (0.061920002, -0.06488, 0.066), (0.064320005, -0.06348, 0.099), (0.06768, -0.06152, 0.132), (0.072000004, -0.059, 0.16499999), (0.066, -0.066, 0), (0.06648, -0.06572, 0.033), (0.06792, -0.06488, 0.066), (0.07032, -0.06348, 0.099), (0.07368, -0.06152, 0.132), (0.078, -0.059, 0.16499999), (0.072, -0.066, 0), (0.07248, -0.06572, 0.033), (0.07392, -0.06488, 0.066), (0.07632, -0.06348, 0.099), (0.079679996, -0.06152, 0.132), (0.084, -0.059, 0.16499999), (0.078, -0.066, 0), (0.078480005, -0.06572, 0.033), (0.07992, -0.06488, 0.066), (0.082320005, -0.06348, 0.099), (0.08568, -0.06152, 0.132), (0.09, -0.059, 0.16499999), (0.084, -0.066, 0), (0.08448, -0.06572, 0.033), (0.08592, -0.06488, 0.066), (0.08832, -0.06348, 0.099), (0.09168, -0.06152, 0.132), (0.096, -0.059, 0.16499999), (0.09, -0.066, 0), (0.09048001, -0.06572, 0.033), (0.09192, -0.06488, 0.066), (0.09432001, -0.06348, 0.099), (0.09768, -0.06152, 0.132), (0.102000006, -0.059, 0.16499999), (0.096, -0.066, 0), (0.096480004, -0.06572, 0.033), (0.09792, -0.06488, 0.066), (0.100320004, -0.06348, 0.099), (0.10368, -0.06152, 0.132), (0.108, -0.059, 0.16499999), (0.102, -0.066, 0), (0.10248, -0.06572, 0.033), (0.10392, -0.06488, 0.066), (0.10632, -0.06348, 0.099), (0.10968, -0.06152, 0.132), (0.114, -0.059, 0.16499999), (0.108, -0.066, 0), (0.10848001, -0.06572, 0.033), (0.10992, -0.06488, 0.066), (0.112320006, -0.06348, 0.099), (0.11568, -0.06152, 0.132), (0.120000005, -0.059, 0.16499999), (0.114, -0.066, 0), (0.11448, -0.06572, 0.033), (0.11592, -0.06488, 0.066), (0.11832, -0.06348, 0.099), (0.12168, -0.06152, 0.132), (0.126, -0.059, 0.16499999), (0.120000005, -0.066, 0), (0.12048001, -0.06572, 0.033), (0.121920004, -0.06488, 0.066), (0.12432001, -0.06348, 0.099), (0.12768, -0.06152, 0.132), (0.132, -0.059, 0.16499999), (-0.120000005, -0.060000002, 0), (-0.11952, -0.059720002, 0.033), (-0.118080005, -0.05888, 0.066), (-0.11568, -0.057480004, 0.099), (-0.112320006, -0.05552, 0.132), (-0.108, -0.053000003, 0.16499999), (-0.114, -0.060000002, 0), (-0.11352, -0.059720002, 0.033), (-0.11208, -0.05888, 0.066), (-0.10968, -0.057480004, 0.099), (-0.10632, -0.05552, 0.132), (-0.102, -0.053000003, 0.16499999), (-0.108, -0.060000002, 0), (-0.10752, -0.059720002, 0.033), (-0.10608, -0.05888, 0.066), (-0.10368, -0.057480004, 0.099), (-0.100320004, -0.05552, 0.132), (-0.096, -0.053000003, 0.16499999), (-0.102, -0.060000002, 0), (-0.101519994, -0.059720002, 0.033), (-0.10008, -0.05888, 0.066), (-0.097679995, -0.057480004, 0.099), (-0.09432, -0.05552, 0.132), (-0.089999996, -0.053000003, 0.16499999), (-0.096, -0.060000002, 0), (-0.09552, -0.059720002, 0.033), (-0.09408, -0.05888, 0.066), (-0.09168, -0.057480004, 0.099), (-0.08832, -0.05552, 0.132), (-0.084, -0.053000003, 0.16499999), (-0.09, -0.060000002, 0), (-0.08952, -0.059720002, 0.033), (-0.088080004, -0.05888, 0.066), (-0.08568, -0.057480004, 0.099), (-0.082320005, -0.05552, 0.132), (-0.078, -0.053000003, 0.16499999), (-0.084, -0.060000002, 0), (-0.083519995, -0.059720002, 0.033), (-0.08208, -0.05888, 0.066), (-0.079679996, -0.057480004, 0.099), (-0.07632, -0.05552, 0.132), (-0.072, -0.053000003, 0.16499999), (-0.078, -0.060000002, 0), (-0.07752, -0.059720002, 0.033), (-0.07608, -0.05888, 0.066), (-0.07368, -0.057480004, 0.099), (-0.07032, -0.05552, 0.132), (-0.066, -0.053000003, 0.16499999), (-0.072, -0.060000002, 0), (-0.07151999, -0.059720002, 0.033), (-0.07008, -0.05888, 0.066), (-0.067679994, -0.057480004, 0.099), (-0.06432, -0.05552, 0.132), (-0.059999995, -0.053000003, 0.16499999), (-0.066, -0.060000002, 0), (-0.065519996, -0.059720002, 0.033), (-0.06408, -0.05888, 0.066), (-0.06168, -0.057480004, 0.099), (-0.05832, -0.05552, 0.132), (-0.053999998, -0.053000003, 0.16499999), (-0.060000002, -0.060000002, 0), (-0.059520002, -0.059720002, 0.033), (-0.058080003, -0.05888, 0.066), (-0.055680003, -0.057480004, 0.099), (-0.052320004, -0.05552, 0.132), (-0.048, -0.053000003, 0.16499999), (-0.054, -0.060000002, 0), (-0.05352, -0.059720002, 0.033), (-0.05208, -0.05888, 0.066), (-0.049680002, -0.057480004, 0.099), (-0.046320003, -0.05552, 0.132), (-0.042000003, -0.053000003, 0.16499999), (-0.048, -0.060000002, 0), (-0.04752, -0.059720002, 0.033), (-0.04608, -0.05888, 0.066), (-0.04368, -0.057480004, 0.099), (-0.04032, -0.05552, 0.132), (-0.036, -0.053000003, 0.16499999), (-0.042, -0.060000002, 0), (-0.04152, -0.059720002, 0.033), (-0.04008, -0.05888, 0.066), (-0.03768, -0.057480004, 0.099), (-0.03432, -0.05552, 0.132), (-0.03, -0.053000003, 0.16499999), (-0.036, -0.060000002, 0), (-0.03552, -0.059720002, 0.033), (-0.03408, -0.05888, 0.066), (-0.03168, -0.057480004, 0.099), (-0.028319998, -0.05552, 0.132), (-0.023999998, -0.053000003, 0.16499999), (-0.030000001, -0.060000002, 0), (-0.029520001, -0.059720002, 0.033), (-0.028080001, -0.05888, 0.066), (-0.025680002, -0.057480004, 0.099), (-0.02232, -0.05552, 0.132), (-0.018000001, -0.053000003, 0.16499999), (-0.024, -0.060000002, 0), (-0.02352, -0.059720002, 0.033), (-0.02208, -0.05888, 0.066), (-0.01968, -0.057480004, 0.099), (-0.01632, -0.05552, 0.132), (-0.012, -0.053000003, 0.16499999), (-0.018, -0.060000002, 0), (-0.01752, -0.059720002, 0.033), (-0.01608, -0.05888, 0.066), (-0.013679999, -0.057480004, 0.099), (-0.0103199985, -0.05552, 0.132), (-0.005999999, -0.053000003, 0.16499999), (-0.012, -0.060000002, 0), (-0.01152, -0.059720002, 0.033), (-0.01008, -0.05888, 0.066), (-0.00768, -0.057480004, 0.099), (-0.00432, -0.05552, 0.132), (0, -0.053000003, 0.16499999), (-0.006, -0.060000002, 0), (-0.00552, -0.059720002, 0.033), (-0.00408, -0.05888, 0.066), (-0.0016799998, -0.057480004, 0.099), (0.0016800002, -0.05552, 0.132), (0.006, -0.053000003, 0.16499999), (0, -0.060000002, 0), (0.00048000002, -0.059720002, 0.033), (0.0019200001, -0.05888, 0.066), (0.0043200003, -0.057480004, 0.099), (0.0076800003, -0.05552, 0.132), (0.012, -0.053000003, 0.16499999), (0.006, -0.060000002, 0), (0.00648, -0.059720002, 0.033), (0.00792, -0.05888, 0.066), (0.01032, -0.057480004, 0.099), (0.01368, -0.05552, 0.132), (0.018, -0.053000003, 0.16499999), (0.012, -0.060000002, 0), (0.01248, -0.059720002, 0.033), (0.01392, -0.05888, 0.066), (0.016320001, -0.057480004, 0.099), (0.01968, -0.05552, 0.132), (0.024, -0.053000003, 0.16499999), (0.018, -0.060000002, 0), (0.01848, -0.059720002, 0.033), (0.019919999, -0.05888, 0.066), (0.022319999, -0.057480004, 0.099), (0.02568, -0.05552, 0.132), (0.03, -0.053000003, 0.16499999), (0.024, -0.060000002, 0), (0.02448, -0.059720002, 0.033), (0.02592, -0.05888, 0.066), (0.02832, -0.057480004, 0.099), (0.03168, -0.05552, 0.132), (0.036, -0.053000003, 0.16499999), (0.030000001, -0.060000002, 0), (0.030480001, -0.059720002, 0.033), (0.03192, -0.05888, 0.066), (0.03432, -0.057480004, 0.099), (0.03768, -0.05552, 0.132), (0.042000003, -0.053000003, 0.16499999), (0.036, -0.060000002, 0), (0.03648, -0.059720002, 0.033), (0.03792, -0.05888, 0.066), (0.040319998, -0.057480004, 0.099), (0.043679997, -0.05552, 0.132), (0.048, -0.053000003, 0.16499999), (0.042, -0.060000002, 0), (0.04248, -0.059720002, 0.033), (0.04392, -0.05888, 0.066), (0.04632, -0.057480004, 0.099), (0.04968, -0.05552, 0.132), (0.053999998, -0.053000003, 0.16499999), (0.048, -0.060000002, 0), (0.04848, -0.059720002, 0.033), (0.04992, -0.05888, 0.066), (0.05232, -0.057480004, 0.099), (0.05568, -0.05552, 0.132), (0.060000002, -0.053000003, 0.16499999), (0.054, -0.060000002, 0), (0.05448, -0.059720002, 0.033), (0.05592, -0.05888, 0.066), (0.05832, -0.057480004, 0.099), (0.06168, -0.05552, 0.132), (0.066, -0.053000003, 0.16499999), (0.060000002, -0.060000002, 0), (0.060480002, -0.059720002, 0.033), (0.061920002, -0.05888, 0.066), (0.064320005, -0.057480004, 0.099), (0.06768, -0.05552, 0.132), (0.072000004, -0.053000003, 0.16499999), (0.066, -0.060000002, 0), (0.06648, -0.059720002, 0.033), (0.06792, -0.05888, 0.066), (0.07032, -0.057480004, 0.099), (0.07368, -0.05552, 0.132), (0.078, -0.053000003, 0.16499999), (0.072, -0.060000002, 0), (0.07248, -0.059720002, 0.033), (0.07392, -0.05888, 0.066), (0.07632, -0.057480004, 0.099), (0.079679996, -0.05552, 0.132), (0.084, -0.053000003, 0.16499999), (0.078, -0.060000002, 0), (0.078480005, -0.059720002, 0.033), (0.07992, -0.05888, 0.066), (0.082320005, -0.057480004, 0.099), (0.08568, -0.05552, 0.132), (0.09, -0.053000003, 0.16499999), (0.084, -0.060000002, 0), (0.08448, -0.059720002, 0.033), (0.08592, -0.05888, 0.066), (0.08832, -0.057480004, 0.099), (0.09168, -0.05552, 0.132), (0.096, -0.053000003, 0.16499999), (0.09, -0.060000002, 0), (0.09048001, -0.059720002, 0.033), (0.09192, -0.05888, 0.066), (0.09432001, -0.057480004, 0.099), (0.09768, -0.05552, 0.132), (0.102000006, -0.053000003, 0.16499999), (0.096, -0.060000002, 0), (0.096480004, -0.059720002, 0.033), (0.09792, -0.05888, 0.066), (0.100320004, -0.057480004, 0.099), (0.10368, -0.05552, 0.132), (0.108, -0.053000003, 0.16499999), (0.102, -0.060000002, 0), (0.10248, -0.059720002, 0.033), (0.10392, -0.05888, 0.066), (0.10632, -0.057480004, 0.099), (0.10968, -0.05552, 0.132), (0.114, -0.053000003, 0.16499999), (0.108, -0.060000002, 0), (0.10848001, -0.059720002, 0.033), (0.10992, -0.05888, 0.066), (0.112320006, -0.057480004, 0.099), (0.11568, -0.05552, 0.132), (0.120000005, -0.053000003, 0.16499999), (0.114, -0.060000002, 0), (0.11448, -0.059720002, 0.033), (0.11592, -0.05888, 0.066), (0.11832, -0.057480004, 0.099), (0.12168, -0.05552, 0.132), (0.126, -0.053000003, 0.16499999), (0.120000005, -0.060000002, 0), (0.12048001, -0.059720002, 0.033), (0.121920004, -0.05888, 0.066), (0.12432001, -0.057480004, 0.099), (0.12768, -0.05552, 0.132), (0.132, -0.053000003, 0.16499999), (-0.120000005, -0.054, 0), (-0.11952, -0.05372, 0.033), (-0.118080005, -0.05288, 0.066), (-0.11568, -0.051480003, 0.099), (-0.112320006, -0.04952, 0.132), (-0.108, -0.047000002, 0.16499999), (-0.114, -0.054, 0), (-0.11352, -0.05372, 0.033), (-0.11208, -0.05288, 0.066), (-0.10968, -0.051480003, 0.099), (-0.10632, -0.04952, 0.132), (-0.102, -0.047000002, 0.16499999), (-0.108, -0.054, 0), (-0.10752, -0.05372, 0.033), (-0.10608, -0.05288, 0.066), (-0.10368, -0.051480003, 0.099), (-0.100320004, -0.04952, 0.132), (-0.096, -0.047000002, 0.16499999), (-0.102, -0.054, 0), (-0.101519994, -0.05372, 0.033), (-0.10008, -0.05288, 0.066), (-0.097679995, -0.051480003, 0.099), (-0.09432, -0.04952, 0.132), (-0.089999996, -0.047000002, 0.16499999), (-0.096, -0.054, 0), (-0.09552, -0.05372, 0.033), (-0.09408, -0.05288, 0.066), (-0.09168, -0.051480003, 0.099), (-0.08832, -0.04952, 0.132), (-0.084, -0.047000002, 0.16499999), (-0.09, -0.054, 0), (-0.08952, -0.05372, 0.033), (-0.088080004, -0.05288, 0.066), (-0.08568, -0.051480003, 0.099), (-0.082320005, -0.04952, 0.132), (-0.078, -0.047000002, 0.16499999), (-0.084, -0.054, 0), (-0.083519995, -0.05372, 0.033), (-0.08208, -0.05288, 0.066), (-0.079679996, -0.051480003, 0.099), (-0.07632, -0.04952, 0.132), (-0.072, -0.047000002, 0.16499999), (-0.078, -0.054, 0), (-0.07752, -0.05372, 0.033), (-0.07608, -0.05288, 0.066), (-0.07368, -0.051480003, 0.099), (-0.07032, -0.04952, 0.132), (-0.066, -0.047000002, 0.16499999), (-0.072, -0.054, 0), (-0.07151999, -0.05372, 0.033), (-0.07008, -0.05288, 0.066), (-0.067679994, -0.051480003, 0.099), (-0.06432, -0.04952, 0.132), (-0.059999995, -0.047000002, 0.16499999), (-0.066, -0.054, 0), (-0.065519996, -0.05372, 0.033), (-0.06408, -0.05288, 0.066), (-0.06168, -0.051480003, 0.099), (-0.05832, -0.04952, 0.132), (-0.053999998, -0.047000002, 0.16499999), (-0.060000002, -0.054, 0), (-0.059520002, -0.05372, 0.033), (-0.058080003, -0.05288, 0.066), (-0.055680003, -0.051480003, 0.099), (-0.052320004, -0.04952, 0.132), (-0.048, -0.047000002, 0.16499999), (-0.054, -0.054, 0), (-0.05352, -0.05372, 0.033), (-0.05208, -0.05288, 0.066), (-0.049680002, -0.051480003, 0.099), (-0.046320003, -0.04952, 0.132), (-0.042000003, -0.047000002, 0.16499999), (-0.048, -0.054, 0), (-0.04752, -0.05372, 0.033), (-0.04608, -0.05288, 0.066), (-0.04368, -0.051480003, 0.099), (-0.04032, -0.04952, 0.132), (-0.036, -0.047000002, 0.16499999), (-0.042, -0.054, 0), (-0.04152, -0.05372, 0.033), (-0.04008, -0.05288, 0.066), (-0.03768, -0.051480003, 0.099), (-0.03432, -0.04952, 0.132), (-0.03, -0.047000002, 0.16499999), (-0.036, -0.054, 0), (-0.03552, -0.05372, 0.033), (-0.03408, -0.05288, 0.066), (-0.03168, -0.051480003, 0.099), (-0.028319998, -0.04952, 0.132), (-0.023999998, -0.047000002, 0.16499999), (-0.030000001, -0.054, 0), (-0.029520001, -0.05372, 0.033), (-0.028080001, -0.05288, 0.066), (-0.025680002, -0.051480003, 0.099), (-0.02232, -0.04952, 0.132), (-0.018000001, -0.047000002, 0.16499999), (-0.024, -0.054, 0), (-0.02352, -0.05372, 0.033), (-0.02208, -0.05288, 0.066), (-0.01968, -0.051480003, 0.099), (-0.01632, -0.04952, 0.132), (-0.012, -0.047000002, 0.16499999), (-0.018, -0.054, 0), (-0.01752, -0.05372, 0.033), (-0.01608, -0.05288, 0.066), (-0.013679999, -0.051480003, 0.099), (-0.0103199985, -0.04952, 0.132), (-0.005999999, -0.047000002, 0.16499999), (-0.012, -0.054, 0), (-0.01152, -0.05372, 0.033), (-0.01008, -0.05288, 0.066), (-0.00768, -0.051480003, 0.099), (-0.00432, -0.04952, 0.132), (0, -0.047000002, 0.16499999), (-0.006, -0.054, 0), (-0.00552, -0.05372, 0.033), (-0.00408, -0.05288, 0.066), (-0.0016799998, -0.051480003, 0.099), (0.0016800002, -0.04952, 0.132), (0.006, -0.047000002, 0.16499999), (0, -0.054, 0), (0.00048000002, -0.05372, 0.033), (0.0019200001, -0.05288, 0.066), (0.0043200003, -0.051480003, 0.099), (0.0076800003, -0.04952, 0.132), (0.012, -0.047000002, 0.16499999), (0.006, -0.054, 0), (0.00648, -0.05372, 0.033), (0.00792, -0.05288, 0.066), (0.01032, -0.051480003, 0.099), (0.01368, -0.04952, 0.132), (0.018, -0.047000002, 0.16499999), (0.012, -0.054, 0), (0.01248, -0.05372, 0.033), (0.01392, -0.05288, 0.066), (0.016320001, -0.051480003, 0.099), (0.01968, -0.04952, 0.132), (0.024, -0.047000002, 0.16499999), (0.018, -0.054, 0), (0.01848, -0.05372, 0.033), (0.019919999, -0.05288, 0.066), (0.022319999, -0.051480003, 0.099), (0.02568, -0.04952, 0.132), (0.03, -0.047000002, 0.16499999), (0.024, -0.054, 0), (0.02448, -0.05372, 0.033), (0.02592, -0.05288, 0.066), (0.02832, -0.051480003, 0.099), (0.03168, -0.04952, 0.132), (0.036, -0.047000002, 0.16499999), (0.030000001, -0.054, 0), (0.030480001, -0.05372, 0.033), (0.03192, -0.05288, 0.066), (0.03432, -0.051480003, 0.099), (0.03768, -0.04952, 0.132), (0.042000003, -0.047000002, 0.16499999), (0.036, -0.054, 0), (0.03648, -0.05372, 0.033), (0.03792, -0.05288, 0.066), (0.040319998, -0.051480003, 0.099), (0.043679997, -0.04952, 0.132), (0.048, -0.047000002, 0.16499999), (0.042, -0.054, 0), (0.04248, -0.05372, 0.033), (0.04392, -0.05288, 0.066), (0.04632, -0.051480003, 0.099), (0.04968, -0.04952, 0.132), (0.053999998, -0.047000002, 0.16499999), (0.048, -0.054, 0), (0.04848, -0.05372, 0.033), (0.04992, -0.05288, 0.066), (0.05232, -0.051480003, 0.099), (0.05568, -0.04952, 0.132), (0.060000002, -0.047000002, 0.16499999), (0.054, -0.054, 0), (0.05448, -0.05372, 0.033), (0.05592, -0.05288, 0.066), (0.05832, -0.051480003, 0.099), (0.06168, -0.04952, 0.132), (0.066, -0.047000002, 0.16499999), (0.060000002, -0.054, 0), (0.060480002, -0.05372, 0.033), (0.061920002, -0.05288, 0.066), (0.064320005, -0.051480003, 0.099), (0.06768, -0.04952, 0.132), (0.072000004, -0.047000002, 0.16499999), (0.066, -0.054, 0), (0.06648, -0.05372, 0.033), (0.06792, -0.05288, 0.066), (0.07032, -0.051480003, 0.099), (0.07368, -0.04952, 0.132), (0.078, -0.047000002, 0.16499999), (0.072, -0.054, 0), (0.07248, -0.05372, 0.033), (0.07392, -0.05288, 0.066), (0.07632, -0.051480003, 0.099), (0.079679996, -0.04952, 0.132), (0.084, -0.047000002, 0.16499999), (0.078, -0.054, 0), (0.078480005, -0.05372, 0.033), (0.07992, -0.05288, 0.066), (0.082320005, -0.051480003, 0.099), (0.08568, -0.04952, 0.132), (0.09, -0.047000002, 0.16499999), (0.084, -0.054, 0), (0.08448, -0.05372, 0.033), (0.08592, -0.05288, 0.066), (0.08832, -0.051480003, 0.099), (0.09168, -0.04952, 0.132), (0.096, -0.047000002, 0.16499999), (0.09, -0.054, 0), (0.09048001, -0.05372, 0.033), (0.09192, -0.05288, 0.066), (0.09432001, -0.051480003, 0.099), (0.09768, -0.04952, 0.132), (0.102000006, -0.047000002, 0.16499999), (0.096, -0.054, 0), (0.096480004, -0.05372, 0.033), (0.09792, -0.05288, 0.066), (0.100320004, -0.051480003, 0.099), (0.10368, -0.04952, 0.132), (0.108, -0.047000002, 0.16499999), (0.102, -0.054, 0), (0.10248, -0.05372, 0.033), (0.10392, -0.05288, 0.066), (0.10632, -0.051480003, 0.099), (0.10968, -0.04952, 0.132), (0.114, -0.047000002, 0.16499999), (0.108, -0.054, 0), (0.10848001, -0.05372, 0.033), (0.10992, -0.05288, 0.066), (0.112320006, -0.051480003, 0.099), (0.11568, -0.04952, 0.132), (0.120000005, -0.047000002, 0.16499999), (0.114, -0.054, 0), (0.11448, -0.05372, 0.033), (0.11592, -0.05288, 0.066), (0.11832, -0.051480003, 0.099), (0.12168, -0.04952, 0.132), (0.126, -0.047000002, 0.16499999), (0.120000005, -0.054, 0), (0.12048001, -0.05372, 0.033), (0.121920004, -0.05288, 0.066), (0.12432001, -0.051480003, 0.099), (0.12768, -0.04952, 0.132), (0.132, -0.047000002, 0.16499999), (-0.120000005, -0.048, 0), (-0.11952, -0.04772, 0.033), (-0.118080005, -0.04688, 0.066), (-0.11568, -0.04548, 0.099), (-0.112320006, -0.04352, 0.132), (-0.108, -0.041, 0.16499999), (-0.114, -0.048, 0), (-0.11352, -0.04772, 0.033), (-0.11208, -0.04688, 0.066), (-0.10968, -0.04548, 0.099), (-0.10632, -0.04352, 0.132), (-0.102, -0.041, 0.16499999), (-0.108, -0.048, 0), (-0.10752, -0.04772, 0.033), (-0.10608, -0.04688, 0.066), (-0.10368, -0.04548, 0.099), (-0.100320004, -0.04352, 0.132), (-0.096, -0.041, 0.16499999), (-0.102, -0.048, 0), (-0.101519994, -0.04772, 0.033), (-0.10008, -0.04688, 0.066), (-0.097679995, -0.04548, 0.099), (-0.09432, -0.04352, 0.132), (-0.089999996, -0.041, 0.16499999), (-0.096, -0.048, 0), (-0.09552, -0.04772, 0.033), (-0.09408, -0.04688, 0.066), (-0.09168, -0.04548, 0.099), (-0.08832, -0.04352, 0.132), (-0.084, -0.041, 0.16499999), (-0.09, -0.048, 0), (-0.08952, -0.04772, 0.033), (-0.088080004, -0.04688, 0.066), (-0.08568, -0.04548, 0.099), (-0.082320005, -0.04352, 0.132), (-0.078, -0.041, 0.16499999), (-0.084, -0.048, 0), (-0.083519995, -0.04772, 0.033), (-0.08208, -0.04688, 0.066), (-0.079679996, -0.04548, 0.099), (-0.07632, -0.04352, 0.132), (-0.072, -0.041, 0.16499999), (-0.078, -0.048, 0), (-0.07752, -0.04772, 0.033), (-0.07608, -0.04688, 0.066), (-0.07368, -0.04548, 0.099), (-0.07032, -0.04352, 0.132), (-0.066, -0.041, 0.16499999), (-0.072, -0.048, 0), (-0.07151999, -0.04772, 0.033), (-0.07008, -0.04688, 0.066), (-0.067679994, -0.04548, 0.099), (-0.06432, -0.04352, 0.132), (-0.059999995, -0.041, 0.16499999), (-0.066, -0.048, 0), (-0.065519996, -0.04772, 0.033), (-0.06408, -0.04688, 0.066), (-0.06168, -0.04548, 0.099), (-0.05832, -0.04352, 0.132), (-0.053999998, -0.041, 0.16499999), (-0.060000002, -0.048, 0), (-0.059520002, -0.04772, 0.033), (-0.058080003, -0.04688, 0.066), (-0.055680003, -0.04548, 0.099), (-0.052320004, -0.04352, 0.132), (-0.048, -0.041, 0.16499999), (-0.054, -0.048, 0), (-0.05352, -0.04772, 0.033), (-0.05208, -0.04688, 0.066), (-0.049680002, -0.04548, 0.099), (-0.046320003, -0.04352, 0.132), (-0.042000003, -0.041, 0.16499999), (-0.048, -0.048, 0), (-0.04752, -0.04772, 0.033), (-0.04608, -0.04688, 0.066), (-0.04368, -0.04548, 0.099), (-0.04032, -0.04352, 0.132), (-0.036, -0.041, 0.16499999), (-0.042, -0.048, 0), (-0.04152, -0.04772, 0.033), (-0.04008, -0.04688, 0.066), (-0.03768, -0.04548, 0.099), (-0.03432, -0.04352, 0.132), (-0.03, -0.041, 0.16499999), (-0.036, -0.048, 0), (-0.03552, -0.04772, 0.033), (-0.03408, -0.04688, 0.066), (-0.03168, -0.04548, 0.099), (-0.028319998, -0.04352, 0.132), (-0.023999998, -0.041, 0.16499999), (-0.030000001, -0.048, 0), (-0.029520001, -0.04772, 0.033), (-0.028080001, -0.04688, 0.066), (-0.025680002, -0.04548, 0.099), (-0.02232, -0.04352, 0.132), (-0.018000001, -0.041, 0.16499999), (-0.024, -0.048, 0), (-0.02352, -0.04772, 0.033), (-0.02208, -0.04688, 0.066), (-0.01968, -0.04548, 0.099), (-0.01632, -0.04352, 0.132), (-0.012, -0.041, 0.16499999), (-0.018, -0.048, 0), (-0.01752, -0.04772, 0.033), (-0.01608, -0.04688, 0.066), (-0.013679999, -0.04548, 0.099), (-0.0103199985, -0.04352, 0.132), (-0.005999999, -0.041, 0.16499999), (-0.012, -0.048, 0), (-0.01152, -0.04772, 0.033), (-0.01008, -0.04688, 0.066), (-0.00768, -0.04548, 0.099), (-0.00432, -0.04352, 0.132), (0, -0.041, 0.16499999), (-0.006, -0.048, 0), (-0.00552, -0.04772, 0.033), (-0.00408, -0.04688, 0.066), (-0.0016799998, -0.04548, 0.099), (0.0016800002, -0.04352, 0.132), (0.006, -0.041, 0.16499999), (0, -0.048, 0), (0.00048000002, -0.04772, 0.033), (0.0019200001, -0.04688, 0.066), (0.0043200003, -0.04548, 0.099), (0.0076800003, -0.04352, 0.132), (0.012, -0.041, 0.16499999), (0.006, -0.048, 0), (0.00648, -0.04772, 0.033), (0.00792, -0.04688, 0.066), (0.01032, -0.04548, 0.099), (0.01368, -0.04352, 0.132), (0.018, -0.041, 0.16499999), (0.012, -0.048, 0), (0.01248, -0.04772, 0.033), (0.01392, -0.04688, 0.066), (0.016320001, -0.04548, 0.099), (0.01968, -0.04352, 0.132), (0.024, -0.041, 0.16499999), (0.018, -0.048, 0), (0.01848, -0.04772, 0.033), (0.019919999, -0.04688, 0.066), (0.022319999, -0.04548, 0.099), (0.02568, -0.04352, 0.132), (0.03, -0.041, 0.16499999), (0.024, -0.048, 0), (0.02448, -0.04772, 0.033), (0.02592, -0.04688, 0.066), (0.02832, -0.04548, 0.099), (0.03168, -0.04352, 0.132), (0.036, -0.041, 0.16499999), (0.030000001, -0.048, 0), (0.030480001, -0.04772, 0.033), (0.03192, -0.04688, 0.066), (0.03432, -0.04548, 0.099), (0.03768, -0.04352, 0.132), (0.042000003, -0.041, 0.16499999), (0.036, -0.048, 0), (0.03648, -0.04772, 0.033), (0.03792, -0.04688, 0.066), (0.040319998, -0.04548, 0.099), (0.043679997, -0.04352, 0.132), (0.048, -0.041, 0.16499999), (0.042, -0.048, 0), (0.04248, -0.04772, 0.033), (0.04392, -0.04688, 0.066), (0.04632, -0.04548, 0.099), (0.04968, -0.04352, 0.132), (0.053999998, -0.041, 0.16499999), (0.048, -0.048, 0), (0.04848, -0.04772, 0.033), (0.04992, -0.04688, 0.066), (0.05232, -0.04548, 0.099), (0.05568, -0.04352, 0.132), (0.060000002, -0.041, 0.16499999), (0.054, -0.048, 0), (0.05448, -0.04772, 0.033), (0.05592, -0.04688, 0.066), (0.05832, -0.04548, 0.099), (0.06168, -0.04352, 0.132), (0.066, -0.041, 0.16499999), (0.060000002, -0.048, 0), (0.060480002, -0.04772, 0.033), (0.061920002, -0.04688, 0.066), (0.064320005, -0.04548, 0.099), (0.06768, -0.04352, 0.132), (0.072000004, -0.041, 0.16499999), (0.066, -0.048, 0), (0.06648, -0.04772, 0.033), (0.06792, -0.04688, 0.066), (0.07032, -0.04548, 0.099), (0.07368, -0.04352, 0.132), (0.078, -0.041, 0.16499999), (0.072, -0.048, 0), (0.07248, -0.04772, 0.033), (0.07392, -0.04688, 0.066), (0.07632, -0.04548, 0.099), (0.079679996, -0.04352, 0.132), (0.084, -0.041, 0.16499999), (0.078, -0.048, 0), (0.078480005, -0.04772, 0.033), (0.07992, -0.04688, 0.066), (0.082320005, -0.04548, 0.099), (0.08568, -0.04352, 0.132), (0.09, -0.041, 0.16499999), (0.084, -0.048, 0), (0.08448, -0.04772, 0.033), (0.08592, -0.04688, 0.066), (0.08832, -0.04548, 0.099), (0.09168, -0.04352, 0.132), (0.096, -0.041, 0.16499999), (0.09, -0.048, 0), (0.09048001, -0.04772, 0.033), (0.09192, -0.04688, 0.066), (0.09432001, -0.04548, 0.099), (0.09768, -0.04352, 0.132), (0.102000006, -0.041, 0.16499999), (0.096, -0.048, 0), (0.096480004, -0.04772, 0.033), (0.09792, -0.04688, 0.066), (0.100320004, -0.04548, 0.099), (0.10368, -0.04352, 0.132), (0.108, -0.041, 0.16499999), (0.102, -0.048, 0), (0.10248, -0.04772, 0.033), (0.10392, -0.04688, 0.066), (0.10632, -0.04548, 0.099), (0.10968, -0.04352, 0.132), (0.114, -0.041, 0.16499999), (0.108, -0.048, 0), (0.10848001, -0.04772, 0.033), (0.10992, -0.04688, 0.066), (0.112320006, -0.04548, 0.099), (0.11568, -0.04352, 0.132), (0.120000005, -0.041, 0.16499999), (0.114, -0.048, 0), (0.11448, -0.04772, 0.033), (0.11592, -0.04688, 0.066), (0.11832, -0.04548, 0.099), (0.12168, -0.04352, 0.132), (0.126, -0.041, 0.16499999), (0.120000005, -0.048, 0), (0.12048001, -0.04772, 0.033), (0.121920004, -0.04688, 0.066), (0.12432001, -0.04548, 0.099), (0.12768, -0.04352, 0.132), (0.132, -0.041, 0.16499999), (-0.120000005, -0.042, 0), (-0.11952, -0.04172, 0.033), (-0.118080005, -0.04088, 0.066), (-0.11568, -0.03948, 0.099), (-0.112320006, -0.03752, 0.132), (-0.108, -0.035, 0.16499999), (-0.114, -0.042, 0), (-0.11352, -0.04172, 0.033), (-0.11208, -0.04088, 0.066), (-0.10968, -0.03948, 0.099), (-0.10632, -0.03752, 0.132), (-0.102, -0.035, 0.16499999), (-0.108, -0.042, 0), (-0.10752, -0.04172, 0.033), (-0.10608, -0.04088, 0.066), (-0.10368, -0.03948, 0.099), (-0.100320004, -0.03752, 0.132), (-0.096, -0.035, 0.16499999), (-0.102, -0.042, 0), (-0.101519994, -0.04172, 0.033), (-0.10008, -0.04088, 0.066), (-0.097679995, -0.03948, 0.099), (-0.09432, -0.03752, 0.132), (-0.089999996, -0.035, 0.16499999), (-0.096, -0.042, 0), (-0.09552, -0.04172, 0.033), (-0.09408, -0.04088, 0.066), (-0.09168, -0.03948, 0.099), (-0.08832, -0.03752, 0.132), (-0.084, -0.035, 0.16499999), (-0.09, -0.042, 0), (-0.08952, -0.04172, 0.033), (-0.088080004, -0.04088, 0.066), (-0.08568, -0.03948, 0.099), (-0.082320005, -0.03752, 0.132), (-0.078, -0.035, 0.16499999), (-0.084, -0.042, 0), (-0.083519995, -0.04172, 0.033), (-0.08208, -0.04088, 0.066), (-0.079679996, -0.03948, 0.099), (-0.07632, -0.03752, 0.132), (-0.072, -0.035, 0.16499999), (-0.078, -0.042, 0), (-0.07752, -0.04172, 0.033), (-0.07608, -0.04088, 0.066), (-0.07368, -0.03948, 0.099), (-0.07032, -0.03752, 0.132), (-0.066, -0.035, 0.16499999), (-0.072, -0.042, 0), (-0.07151999, -0.04172, 0.033), (-0.07008, -0.04088, 0.066), (-0.067679994, -0.03948, 0.099), (-0.06432, -0.03752, 0.132), (-0.059999995, -0.035, 0.16499999), (-0.066, -0.042, 0), (-0.065519996, -0.04172, 0.033), (-0.06408, -0.04088, 0.066), (-0.06168, -0.03948, 0.099), (-0.05832, -0.03752, 0.132), (-0.053999998, -0.035, 0.16499999), (-0.060000002, -0.042, 0), (-0.059520002, -0.04172, 0.033), (-0.058080003, -0.04088, 0.066), (-0.055680003, -0.03948, 0.099), (-0.052320004, -0.03752, 0.132), (-0.048, -0.035, 0.16499999), (-0.054, -0.042, 0), (-0.05352, -0.04172, 0.033), (-0.05208, -0.04088, 0.066), (-0.049680002, -0.03948, 0.099), (-0.046320003, -0.03752, 0.132), (-0.042000003, -0.035, 0.16499999), (-0.048, -0.042, 0), (-0.04752, -0.04172, 0.033), (-0.04608, -0.04088, 0.066), (-0.04368, -0.03948, 0.099), (-0.04032, -0.03752, 0.132), (-0.036, -0.035, 0.16499999), (-0.042, -0.042, 0), (-0.04152, -0.04172, 0.033), (-0.04008, -0.04088, 0.066), (-0.03768, -0.03948, 0.099), (-0.03432, -0.03752, 0.132), (-0.03, -0.035, 0.16499999), (-0.036, -0.042, 0), (-0.03552, -0.04172, 0.033), (-0.03408, -0.04088, 0.066), (-0.03168, -0.03948, 0.099), (-0.028319998, -0.03752, 0.132), (-0.023999998, -0.035, 0.16499999), (-0.030000001, -0.042, 0), (-0.029520001, -0.04172, 0.033), (-0.028080001, -0.04088, 0.066), (-0.025680002, -0.03948, 0.099), (-0.02232, -0.03752, 0.132), (-0.018000001, -0.035, 0.16499999), (-0.024, -0.042, 0), (-0.02352, -0.04172, 0.033), (-0.02208, -0.04088, 0.066), (-0.01968, -0.03948, 0.099), (-0.01632, -0.03752, 0.132), (-0.012, -0.035, 0.16499999), (-0.018, -0.042, 0), (-0.01752, -0.04172, 0.033), (-0.01608, -0.04088, 0.066), (-0.013679999, -0.03948, 0.099), (-0.0103199985, -0.03752, 0.132), (-0.005999999, -0.035, 0.16499999), (-0.012, -0.042, 0), (-0.01152, -0.04172, 0.033), (-0.01008, -0.04088, 0.066), (-0.00768, -0.03948, 0.099), (-0.00432, -0.03752, 0.132), (0, -0.035, 0.16499999), (-0.006, -0.042, 0), (-0.00552, -0.04172, 0.033), (-0.00408, -0.04088, 0.066), (-0.0016799998, -0.03948, 0.099), (0.0016800002, -0.03752, 0.132), (0.006, -0.035, 0.16499999), (0, -0.042, 0), (0.00048000002, -0.04172, 0.033), (0.0019200001, -0.04088, 0.066), (0.0043200003, -0.03948, 0.099), (0.0076800003, -0.03752, 0.132), (0.012, -0.035, 0.16499999), (0.006, -0.042, 0), (0.00648, -0.04172, 0.033), (0.00792, -0.04088, 0.066), (0.01032, -0.03948, 0.099), (0.01368, -0.03752, 0.132), (0.018, -0.035, 0.16499999), (0.012, -0.042, 0), (0.01248, -0.04172, 0.033), (0.01392, -0.04088, 0.066), (0.016320001, -0.03948, 0.099), (0.01968, -0.03752, 0.132), (0.024, -0.035, 0.16499999), (0.018, -0.042, 0), (0.01848, -0.04172, 0.033), (0.019919999, -0.04088, 0.066), (0.022319999, -0.03948, 0.099), (0.02568, -0.03752, 0.132), (0.03, -0.035, 0.16499999), (0.024, -0.042, 0), (0.02448, -0.04172, 0.033), (0.02592, -0.04088, 0.066), (0.02832, -0.03948, 0.099), (0.03168, -0.03752, 0.132), (0.036, -0.035, 0.16499999), (0.030000001, -0.042, 0), (0.030480001, -0.04172, 0.033), (0.03192, -0.04088, 0.066), (0.03432, -0.03948, 0.099), (0.03768, -0.03752, 0.132), (0.042000003, -0.035, 0.16499999), (0.036, -0.042, 0), (0.03648, -0.04172, 0.033), (0.03792, -0.04088, 0.066), (0.040319998, -0.03948, 0.099), (0.043679997, -0.03752, 0.132), (0.048, -0.035, 0.16499999), (0.042, -0.042, 0), (0.04248, -0.04172, 0.033), (0.04392, -0.04088, 0.066), (0.04632, -0.03948, 0.099), (0.04968, -0.03752, 0.132), (0.053999998, -0.035, 0.16499999), (0.048, -0.042, 0), (0.04848, -0.04172, 0.033), (0.04992, -0.04088, 0.066), (0.05232, -0.03948, 0.099), (0.05568, -0.03752, 0.132), (0.060000002, -0.035, 0.16499999), (0.054, -0.042, 0), (0.05448, -0.04172, 0.033), (0.05592, -0.04088, 0.066), (0.05832, -0.03948, 0.099), (0.06168, -0.03752, 0.132), (0.066, -0.035, 0.16499999), (0.060000002, -0.042, 0), (0.060480002, -0.04172, 0.033), (0.061920002, -0.04088, 0.066), (0.064320005, -0.03948, 0.099), (0.06768, -0.03752, 0.132), (0.072000004, -0.035, 0.16499999), (0.066, -0.042, 0), (0.06648, -0.04172, 0.033), (0.06792, -0.04088, 0.066), (0.07032, -0.03948, 0.099), (0.07368, -0.03752, 0.132), (0.078, -0.035, 0.16499999), (0.072, -0.042, 0), (0.07248, -0.04172, 0.033), (0.07392, -0.04088, 0.066), (0.07632, -0.03948, 0.099), (0.079679996, -0.03752, 0.132), (0.084, -0.035, 0.16499999), (0.078, -0.042, 0), (0.078480005, -0.04172, 0.033), (0.07992, -0.04088, 0.066), (0.082320005, -0.03948, 0.099), (0.08568, -0.03752, 0.132), (0.09, -0.035, 0.16499999), (0.084, -0.042, 0), (0.08448, -0.04172, 0.033), (0.08592, -0.04088, 0.066), (0.08832, -0.03948, 0.099), (0.09168, -0.03752, 0.132), (0.096, -0.035, 0.16499999), (0.09, -0.042, 0), (0.09048001, -0.04172, 0.033), (0.09192, -0.04088, 0.066), (0.09432001, -0.03948, 0.099), (0.09768, -0.03752, 0.132), (0.102000006, -0.035, 0.16499999), (0.096, -0.042, 0), (0.096480004, -0.04172, 0.033), (0.09792, -0.04088, 0.066), (0.100320004, -0.03948, 0.099), (0.10368, -0.03752, 0.132), (0.108, -0.035, 0.16499999), (0.102, -0.042, 0), (0.10248, -0.04172, 0.033), (0.10392, -0.04088, 0.066), (0.10632, -0.03948, 0.099), (0.10968, -0.03752, 0.132), (0.114, -0.035, 0.16499999), (0.108, -0.042, 0), (0.10848001, -0.04172, 0.033), (0.10992, -0.04088, 0.066), (0.112320006, -0.03948, 0.099), (0.11568, -0.03752, 0.132), (0.120000005, -0.035, 0.16499999), (0.114, -0.042, 0), (0.11448, -0.04172, 0.033), (0.11592, -0.04088, 0.066), (0.11832, -0.03948, 0.099), (0.12168, -0.03752, 0.132), (0.126, -0.035, 0.16499999), (0.120000005, -0.042, 0), (0.12048001, -0.04172, 0.033), (0.121920004, -0.04088, 0.066), (0.12432001, -0.03948, 0.099), (0.12768, -0.03752, 0.132), (0.132, -0.035, 0.16499999), (-0.120000005, -0.036, 0), (-0.11952, -0.03572, 0.033), (-0.118080005, -0.034879997, 0.066), (-0.11568, -0.03348, 0.099), (-0.112320006, -0.031519998, 0.132), (-0.108, -0.029, 0.16499999), (-0.114, -0.036, 0), (-0.11352, -0.03572, 0.033), (-0.11208, -0.034879997, 0.066), (-0.10968, -0.03348, 0.099), (-0.10632, -0.031519998, 0.132), (-0.102, -0.029, 0.16499999), (-0.108, -0.036, 0), (-0.10752, -0.03572, 0.033), (-0.10608, -0.034879997, 0.066), (-0.10368, -0.03348, 0.099), (-0.100320004, -0.031519998, 0.132), (-0.096, -0.029, 0.16499999), (-0.102, -0.036, 0), (-0.101519994, -0.03572, 0.033), (-0.10008, -0.034879997, 0.066), (-0.097679995, -0.03348, 0.099), (-0.09432, -0.031519998, 0.132), (-0.089999996, -0.029, 0.16499999), (-0.096, -0.036, 0), (-0.09552, -0.03572, 0.033), (-0.09408, -0.034879997, 0.066), (-0.09168, -0.03348, 0.099), (-0.08832, -0.031519998, 0.132), (-0.084, -0.029, 0.16499999), (-0.09, -0.036, 0), (-0.08952, -0.03572, 0.033), (-0.088080004, -0.034879997, 0.066), (-0.08568, -0.03348, 0.099), (-0.082320005, -0.031519998, 0.132), (-0.078, -0.029, 0.16499999), (-0.084, -0.036, 0), (-0.083519995, -0.03572, 0.033), (-0.08208, -0.034879997, 0.066), (-0.079679996, -0.03348, 0.099), (-0.07632, -0.031519998, 0.132), (-0.072, -0.029, 0.16499999), (-0.078, -0.036, 0), (-0.07752, -0.03572, 0.033), (-0.07608, -0.034879997, 0.066), (-0.07368, -0.03348, 0.099), (-0.07032, -0.031519998, 0.132), (-0.066, -0.029, 0.16499999), (-0.072, -0.036, 0), (-0.07151999, -0.03572, 0.033), (-0.07008, -0.034879997, 0.066), (-0.067679994, -0.03348, 0.099), (-0.06432, -0.031519998, 0.132), (-0.059999995, -0.029, 0.16499999), (-0.066, -0.036, 0), (-0.065519996, -0.03572, 0.033), (-0.06408, -0.034879997, 0.066), (-0.06168, -0.03348, 0.099), (-0.05832, -0.031519998, 0.132), (-0.053999998, -0.029, 0.16499999), (-0.060000002, -0.036, 0), (-0.059520002, -0.03572, 0.033), (-0.058080003, -0.034879997, 0.066), (-0.055680003, -0.03348, 0.099), (-0.052320004, -0.031519998, 0.132), (-0.048, -0.029, 0.16499999), (-0.054, -0.036, 0), (-0.05352, -0.03572, 0.033), (-0.05208, -0.034879997, 0.066), (-0.049680002, -0.03348, 0.099), (-0.046320003, -0.031519998, 0.132), (-0.042000003, -0.029, 0.16499999), (-0.048, -0.036, 0), (-0.04752, -0.03572, 0.033), (-0.04608, -0.034879997, 0.066), (-0.04368, -0.03348, 0.099), (-0.04032, -0.031519998, 0.132), (-0.036, -0.029, 0.16499999), (-0.042, -0.036, 0), (-0.04152, -0.03572, 0.033), (-0.04008, -0.034879997, 0.066), (-0.03768, -0.03348, 0.099), (-0.03432, -0.031519998, 0.132), (-0.03, -0.029, 0.16499999), (-0.036, -0.036, 0), (-0.03552, -0.03572, 0.033), (-0.03408, -0.034879997, 0.066), (-0.03168, -0.03348, 0.099), (-0.028319998, -0.031519998, 0.132), (-0.023999998, -0.029, 0.16499999), (-0.030000001, -0.036, 0), (-0.029520001, -0.03572, 0.033), (-0.028080001, -0.034879997, 0.066), (-0.025680002, -0.03348, 0.099), (-0.02232, -0.031519998, 0.132), (-0.018000001, -0.029, 0.16499999), (-0.024, -0.036, 0), (-0.02352, -0.03572, 0.033), (-0.02208, -0.034879997, 0.066), (-0.01968, -0.03348, 0.099), (-0.01632, -0.031519998, 0.132), (-0.012, -0.029, 0.16499999), (-0.018, -0.036, 0), (-0.01752, -0.03572, 0.033), (-0.01608, -0.034879997, 0.066), (-0.013679999, -0.03348, 0.099), (-0.0103199985, -0.031519998, 0.132), (-0.005999999, -0.029, 0.16499999), (-0.012, -0.036, 0), (-0.01152, -0.03572, 0.033), (-0.01008, -0.034879997, 0.066), (-0.00768, -0.03348, 0.099), (-0.00432, -0.031519998, 0.132), (0, -0.029, 0.16499999), (-0.006, -0.036, 0), (-0.00552, -0.03572, 0.033), (-0.00408, -0.034879997, 0.066), (-0.0016799998, -0.03348, 0.099), (0.0016800002, -0.031519998, 0.132), (0.006, -0.029, 0.16499999), (0, -0.036, 0), (0.00048000002, -0.03572, 0.033), (0.0019200001, -0.034879997, 0.066), (0.0043200003, -0.03348, 0.099), (0.0076800003, -0.031519998, 0.132), (0.012, -0.029, 0.16499999), (0.006, -0.036, 0), (0.00648, -0.03572, 0.033), (0.00792, -0.034879997, 0.066), (0.01032, -0.03348, 0.099), (0.01368, -0.031519998, 0.132), (0.018, -0.029, 0.16499999), (0.012, -0.036, 0), (0.01248, -0.03572, 0.033), (0.01392, -0.034879997, 0.066), (0.016320001, -0.03348, 0.099), (0.01968, -0.031519998, 0.132), (0.024, -0.029, 0.16499999), (0.018, -0.036, 0), (0.01848, -0.03572, 0.033), (0.019919999, -0.034879997, 0.066), (0.022319999, -0.03348, 0.099), (0.02568, -0.031519998, 0.132), (0.03, -0.029, 0.16499999), (0.024, -0.036, 0), (0.02448, -0.03572, 0.033), (0.02592, -0.034879997, 0.066), (0.02832, -0.03348, 0.099), (0.03168, -0.031519998, 0.132), (0.036, -0.029, 0.16499999), (0.030000001, -0.036, 0), (0.030480001, -0.03572, 0.033), (0.03192, -0.034879997, 0.066), (0.03432, -0.03348, 0.099), (0.03768, -0.031519998, 0.132), (0.042000003, -0.029, 0.16499999), (0.036, -0.036, 0), (0.03648, -0.03572, 0.033), (0.03792, -0.034879997, 0.066), (0.040319998, -0.03348, 0.099), (0.043679997, -0.031519998, 0.132), (0.048, -0.029, 0.16499999), (0.042, -0.036, 0), (0.04248, -0.03572, 0.033), (0.04392, -0.034879997, 0.066), (0.04632, -0.03348, 0.099), (0.04968, -0.031519998, 0.132), (0.053999998, -0.029, 0.16499999), (0.048, -0.036, 0), (0.04848, -0.03572, 0.033), (0.04992, -0.034879997, 0.066), (0.05232, -0.03348, 0.099), (0.05568, -0.031519998, 0.132), (0.060000002, -0.029, 0.16499999), (0.054, -0.036, 0), (0.05448, -0.03572, 0.033), (0.05592, -0.034879997, 0.066), (0.05832, -0.03348, 0.099), (0.06168, -0.031519998, 0.132), (0.066, -0.029, 0.16499999), (0.060000002, -0.036, 0), (0.060480002, -0.03572, 0.033), (0.061920002, -0.034879997, 0.066), (0.064320005, -0.03348, 0.099), (0.06768, -0.031519998, 0.132), (0.072000004, -0.029, 0.16499999), (0.066, -0.036, 0), (0.06648, -0.03572, 0.033), (0.06792, -0.034879997, 0.066), (0.07032, -0.03348, 0.099), (0.07368, -0.031519998, 0.132), (0.078, -0.029, 0.16499999), (0.072, -0.036, 0), (0.07248, -0.03572, 0.033), (0.07392, -0.034879997, 0.066), (0.07632, -0.03348, 0.099), (0.079679996, -0.031519998, 0.132), (0.084, -0.029, 0.16499999), (0.078, -0.036, 0), (0.078480005, -0.03572, 0.033), (0.07992, -0.034879997, 0.066), (0.082320005, -0.03348, 0.099), (0.08568, -0.031519998, 0.132), (0.09, -0.029, 0.16499999), (0.084, -0.036, 0), (0.08448, -0.03572, 0.033), (0.08592, -0.034879997, 0.066), (0.08832, -0.03348, 0.099), (0.09168, -0.031519998, 0.132), (0.096, -0.029, 0.16499999), (0.09, -0.036, 0), (0.09048001, -0.03572, 0.033), (0.09192, -0.034879997, 0.066), (0.09432001, -0.03348, 0.099), (0.09768, -0.031519998, 0.132), (0.102000006, -0.029, 0.16499999), (0.096, -0.036, 0), (0.096480004, -0.03572, 0.033), (0.09792, -0.034879997, 0.066), (0.100320004, -0.03348, 0.099), (0.10368, -0.031519998, 0.132), (0.108, -0.029, 0.16499999), (0.102, -0.036, 0), (0.10248, -0.03572, 0.033), (0.10392, -0.034879997, 0.066), (0.10632, -0.03348, 0.099), (0.10968, -0.031519998, 0.132), (0.114, -0.029, 0.16499999), (0.108, -0.036, 0), (0.10848001, -0.03572, 0.033), (0.10992, -0.034879997, 0.066), (0.112320006, -0.03348, 0.099), (0.11568, -0.031519998, 0.132), (0.120000005, -0.029, 0.16499999), (0.114, -0.036, 0), (0.11448, -0.03572, 0.033), (0.11592, -0.034879997, 0.066), (0.11832, -0.03348, 0.099), (0.12168, -0.031519998, 0.132), (0.126, -0.029, 0.16499999), (0.120000005, -0.036, 0), (0.12048001, -0.03572, 0.033), (0.121920004, -0.034879997, 0.066), (0.12432001, -0.03348, 0.099), (0.12768, -0.031519998, 0.132), (0.132, -0.029, 0.16499999), (-0.120000005, -0.030000001, 0), (-0.11952, -0.02972, 0.033), (-0.118080005, -0.028880002, 0.066), (-0.11568, -0.02748, 0.099), (-0.112320006, -0.02552, 0.132), (-0.108, -0.023000002, 0.16499999), (-0.114, -0.030000001, 0), (-0.11352, -0.02972, 0.033), (-0.11208, -0.028880002, 0.066), (-0.10968, -0.02748, 0.099), (-0.10632, -0.02552, 0.132), (-0.102, -0.023000002, 0.16499999), (-0.108, -0.030000001, 0), (-0.10752, -0.02972, 0.033), (-0.10608, -0.028880002, 0.066), (-0.10368, -0.02748, 0.099), (-0.100320004, -0.02552, 0.132), (-0.096, -0.023000002, 0.16499999), (-0.102, -0.030000001, 0), (-0.101519994, -0.02972, 0.033), (-0.10008, -0.028880002, 0.066), (-0.097679995, -0.02748, 0.099), (-0.09432, -0.02552, 0.132), (-0.089999996, -0.023000002, 0.16499999), (-0.096, -0.030000001, 0), (-0.09552, -0.02972, 0.033), (-0.09408, -0.028880002, 0.066), (-0.09168, -0.02748, 0.099), (-0.08832, -0.02552, 0.132), (-0.084, -0.023000002, 0.16499999), (-0.09, -0.030000001, 0), (-0.08952, -0.02972, 0.033), (-0.088080004, -0.028880002, 0.066), (-0.08568, -0.02748, 0.099), (-0.082320005, -0.02552, 0.132), (-0.078, -0.023000002, 0.16499999), (-0.084, -0.030000001, 0), (-0.083519995, -0.02972, 0.033), (-0.08208, -0.028880002, 0.066), (-0.079679996, -0.02748, 0.099), (-0.07632, -0.02552, 0.132), (-0.072, -0.023000002, 0.16499999), (-0.078, -0.030000001, 0), (-0.07752, -0.02972, 0.033), (-0.07608, -0.028880002, 0.066), (-0.07368, -0.02748, 0.099), (-0.07032, -0.02552, 0.132), (-0.066, -0.023000002, 0.16499999), (-0.072, -0.030000001, 0), (-0.07151999, -0.02972, 0.033), (-0.07008, -0.028880002, 0.066), (-0.067679994, -0.02748, 0.099), (-0.06432, -0.02552, 0.132), (-0.059999995, -0.023000002, 0.16499999), (-0.066, -0.030000001, 0), (-0.065519996, -0.02972, 0.033), (-0.06408, -0.028880002, 0.066), (-0.06168, -0.02748, 0.099), (-0.05832, -0.02552, 0.132), (-0.053999998, -0.023000002, 0.16499999), (-0.060000002, -0.030000001, 0), (-0.059520002, -0.02972, 0.033), (-0.058080003, -0.028880002, 0.066), (-0.055680003, -0.02748, 0.099), (-0.052320004, -0.02552, 0.132), (-0.048, -0.023000002, 0.16499999), (-0.054, -0.030000001, 0), (-0.05352, -0.02972, 0.033), (-0.05208, -0.028880002, 0.066), (-0.049680002, -0.02748, 0.099), (-0.046320003, -0.02552, 0.132), (-0.042000003, -0.023000002, 0.16499999), (-0.048, -0.030000001, 0), (-0.04752, -0.02972, 0.033), (-0.04608, -0.028880002, 0.066), (-0.04368, -0.02748, 0.099), (-0.04032, -0.02552, 0.132), (-0.036, -0.023000002, 0.16499999), (-0.042, -0.030000001, 0), (-0.04152, -0.02972, 0.033), (-0.04008, -0.028880002, 0.066), (-0.03768, -0.02748, 0.099), (-0.03432, -0.02552, 0.132), (-0.03, -0.023000002, 0.16499999), (-0.036, -0.030000001, 0), (-0.03552, -0.02972, 0.033), (-0.03408, -0.028880002, 0.066), (-0.03168, -0.02748, 0.099), (-0.028319998, -0.02552, 0.132), (-0.023999998, -0.023000002, 0.16499999), (-0.030000001, -0.030000001, 0), (-0.029520001, -0.02972, 0.033), (-0.028080001, -0.028880002, 0.066), (-0.025680002, -0.02748, 0.099), (-0.02232, -0.02552, 0.132), (-0.018000001, -0.023000002, 0.16499999), (-0.024, -0.030000001, 0), (-0.02352, -0.02972, 0.033), (-0.02208, -0.028880002, 0.066), (-0.01968, -0.02748, 0.099), (-0.01632, -0.02552, 0.132), (-0.012, -0.023000002, 0.16499999), (-0.018, -0.030000001, 0), (-0.01752, -0.02972, 0.033), (-0.01608, -0.028880002, 0.066), (-0.013679999, -0.02748, 0.099), (-0.0103199985, -0.02552, 0.132), (-0.005999999, -0.023000002, 0.16499999), (-0.012, -0.030000001, 0), (-0.01152, -0.02972, 0.033), (-0.01008, -0.028880002, 0.066), (-0.00768, -0.02748, 0.099), (-0.00432, -0.02552, 0.132), (0, -0.023000002, 0.16499999), (-0.006, -0.030000001, 0), (-0.00552, -0.02972, 0.033), (-0.00408, -0.028880002, 0.066), (-0.0016799998, -0.02748, 0.099), (0.0016800002, -0.02552, 0.132), (0.006, -0.023000002, 0.16499999), (0, -0.030000001, 0), (0.00048000002, -0.02972, 0.033), (0.0019200001, -0.028880002, 0.066), (0.0043200003, -0.02748, 0.099), (0.0076800003, -0.02552, 0.132), (0.012, -0.023000002, 0.16499999), (0.006, -0.030000001, 0), (0.00648, -0.02972, 0.033), (0.00792, -0.028880002, 0.066), (0.01032, -0.02748, 0.099), (0.01368, -0.02552, 0.132), (0.018, -0.023000002, 0.16499999), (0.012, -0.030000001, 0), (0.01248, -0.02972, 0.033), (0.01392, -0.028880002, 0.066), (0.016320001, -0.02748, 0.099), (0.01968, -0.02552, 0.132), (0.024, -0.023000002, 0.16499999), (0.018, -0.030000001, 0), (0.01848, -0.02972, 0.033), (0.019919999, -0.028880002, 0.066), (0.022319999, -0.02748, 0.099), (0.02568, -0.02552, 0.132), (0.03, -0.023000002, 0.16499999), (0.024, -0.030000001, 0), (0.02448, -0.02972, 0.033), (0.02592, -0.028880002, 0.066), (0.02832, -0.02748, 0.099), (0.03168, -0.02552, 0.132), (0.036, -0.023000002, 0.16499999), (0.030000001, -0.030000001, 0), (0.030480001, -0.02972, 0.033), (0.03192, -0.028880002, 0.066), (0.03432, -0.02748, 0.099), (0.03768, -0.02552, 0.132), (0.042000003, -0.023000002, 0.16499999), (0.036, -0.030000001, 0), (0.03648, -0.02972, 0.033), (0.03792, -0.028880002, 0.066), (0.040319998, -0.02748, 0.099), (0.043679997, -0.02552, 0.132), (0.048, -0.023000002, 0.16499999), (0.042, -0.030000001, 0), (0.04248, -0.02972, 0.033), (0.04392, -0.028880002, 0.066), (0.04632, -0.02748, 0.099), (0.04968, -0.02552, 0.132), (0.053999998, -0.023000002, 0.16499999), (0.048, -0.030000001, 0), (0.04848, -0.02972, 0.033), (0.04992, -0.028880002, 0.066), (0.05232, -0.02748, 0.099), (0.05568, -0.02552, 0.132), (0.060000002, -0.023000002, 0.16499999), (0.054, -0.030000001, 0), (0.05448, -0.02972, 0.033), (0.05592, -0.028880002, 0.066), (0.05832, -0.02748, 0.099), (0.06168, -0.02552, 0.132), (0.066, -0.023000002, 0.16499999), (0.060000002, -0.030000001, 0), (0.060480002, -0.02972, 0.033), (0.061920002, -0.028880002, 0.066), (0.064320005, -0.02748, 0.099), (0.06768, -0.02552, 0.132), (0.072000004, -0.023000002, 0.16499999), (0.066, -0.030000001, 0), (0.06648, -0.02972, 0.033), (0.06792, -0.028880002, 0.066), (0.07032, -0.02748, 0.099), (0.07368, -0.02552, 0.132), (0.078, -0.023000002, 0.16499999), (0.072, -0.030000001, 0), (0.07248, -0.02972, 0.033), (0.07392, -0.028880002, 0.066), (0.07632, -0.02748, 0.099), (0.079679996, -0.02552, 0.132), (0.084, -0.023000002, 0.16499999), (0.078, -0.030000001, 0), (0.078480005, -0.02972, 0.033), (0.07992, -0.028880002, 0.066), (0.082320005, -0.02748, 0.099), (0.08568, -0.02552, 0.132), (0.09, -0.023000002, 0.16499999), (0.084, -0.030000001, 0), (0.08448, -0.02972, 0.033), (0.08592, -0.028880002, 0.066), (0.08832, -0.02748, 0.099), (0.09168, -0.02552, 0.132), (0.096, -0.023000002, 0.16499999), (0.09, -0.030000001, 0), (0.09048001, -0.02972, 0.033), (0.09192, -0.028880002, 0.066), (0.09432001, -0.02748, 0.099), (0.09768, -0.02552, 0.132), (0.102000006, -0.023000002, 0.16499999), (0.096, -0.030000001, 0), (0.096480004, -0.02972, 0.033), (0.09792, -0.028880002, 0.066), (0.100320004, -0.02748, 0.099), (0.10368, -0.02552, 0.132), (0.108, -0.023000002, 0.16499999), (0.102, -0.030000001, 0), (0.10248, -0.02972, 0.033), (0.10392, -0.028880002, 0.066), (0.10632, -0.02748, 0.099), (0.10968, -0.02552, 0.132), (0.114, -0.023000002, 0.16499999), (0.108, -0.030000001, 0), (0.10848001, -0.02972, 0.033), (0.10992, -0.028880002, 0.066), (0.112320006, -0.02748, 0.099), (0.11568, -0.02552, 0.132), (0.120000005, -0.023000002, 0.16499999), (0.114, -0.030000001, 0), (0.11448, -0.02972, 0.033), (0.11592, -0.028880002, 0.066), (0.11832, -0.02748, 0.099), (0.12168, -0.02552, 0.132), (0.126, -0.023000002, 0.16499999), (0.120000005, -0.030000001, 0), (0.12048001, -0.02972, 0.033), (0.121920004, -0.028880002, 0.066), (0.12432001, -0.02748, 0.099), (0.12768, -0.02552, 0.132), (0.132, -0.023000002, 0.16499999), (-0.120000005, -0.024, 0), (-0.11952, -0.02372, 0.033), (-0.118080005, -0.022880001, 0.066), (-0.11568, -0.02148, 0.099), (-0.112320006, -0.01952, 0.132), (-0.108, -0.017, 0.16499999), (-0.114, -0.024, 0), (-0.11352, -0.02372, 0.033), (-0.11208, -0.022880001, 0.066), (-0.10968, -0.02148, 0.099), (-0.10632, -0.01952, 0.132), (-0.102, -0.017, 0.16499999), (-0.108, -0.024, 0), (-0.10752, -0.02372, 0.033), (-0.10608, -0.022880001, 0.066), (-0.10368, -0.02148, 0.099), (-0.100320004, -0.01952, 0.132), (-0.096, -0.017, 0.16499999), (-0.102, -0.024, 0), (-0.101519994, -0.02372, 0.033), (-0.10008, -0.022880001, 0.066), (-0.097679995, -0.02148, 0.099), (-0.09432, -0.01952, 0.132), (-0.089999996, -0.017, 0.16499999), (-0.096, -0.024, 0), (-0.09552, -0.02372, 0.033), (-0.09408, -0.022880001, 0.066), (-0.09168, -0.02148, 0.099), (-0.08832, -0.01952, 0.132), (-0.084, -0.017, 0.16499999), (-0.09, -0.024, 0), (-0.08952, -0.02372, 0.033), (-0.088080004, -0.022880001, 0.066), (-0.08568, -0.02148, 0.099), (-0.082320005, -0.01952, 0.132), (-0.078, -0.017, 0.16499999), (-0.084, -0.024, 0), (-0.083519995, -0.02372, 0.033), (-0.08208, -0.022880001, 0.066), (-0.079679996, -0.02148, 0.099), (-0.07632, -0.01952, 0.132), (-0.072, -0.017, 0.16499999), (-0.078, -0.024, 0), (-0.07752, -0.02372, 0.033), (-0.07608, -0.022880001, 0.066), (-0.07368, -0.02148, 0.099), (-0.07032, -0.01952, 0.132), (-0.066, -0.017, 0.16499999), (-0.072, -0.024, 0), (-0.07151999, -0.02372, 0.033), (-0.07008, -0.022880001, 0.066), (-0.067679994, -0.02148, 0.099), (-0.06432, -0.01952, 0.132), (-0.059999995, -0.017, 0.16499999), (-0.066, -0.024, 0), (-0.065519996, -0.02372, 0.033), (-0.06408, -0.022880001, 0.066), (-0.06168, -0.02148, 0.099), (-0.05832, -0.01952, 0.132), (-0.053999998, -0.017, 0.16499999), (-0.060000002, -0.024, 0), (-0.059520002, -0.02372, 0.033), (-0.058080003, -0.022880001, 0.066), (-0.055680003, -0.02148, 0.099), (-0.052320004, -0.01952, 0.132), (-0.048, -0.017, 0.16499999), (-0.054, -0.024, 0), (-0.05352, -0.02372, 0.033), (-0.05208, -0.022880001, 0.066), (-0.049680002, -0.02148, 0.099), (-0.046320003, -0.01952, 0.132), (-0.042000003, -0.017, 0.16499999), (-0.048, -0.024, 0), (-0.04752, -0.02372, 0.033), (-0.04608, -0.022880001, 0.066), (-0.04368, -0.02148, 0.099), (-0.04032, -0.01952, 0.132), (-0.036, -0.017, 0.16499999), (-0.042, -0.024, 0), (-0.04152, -0.02372, 0.033), (-0.04008, -0.022880001, 0.066), (-0.03768, -0.02148, 0.099), (-0.03432, -0.01952, 0.132), (-0.03, -0.017, 0.16499999), (-0.036, -0.024, 0), (-0.03552, -0.02372, 0.033), (-0.03408, -0.022880001, 0.066), (-0.03168, -0.02148, 0.099), (-0.028319998, -0.01952, 0.132), (-0.023999998, -0.017, 0.16499999), (-0.030000001, -0.024, 0), (-0.029520001, -0.02372, 0.033), (-0.028080001, -0.022880001, 0.066), (-0.025680002, -0.02148, 0.099), (-0.02232, -0.01952, 0.132), (-0.018000001, -0.017, 0.16499999), (-0.024, -0.024, 0), (-0.02352, -0.02372, 0.033), (-0.02208, -0.022880001, 0.066), (-0.01968, -0.02148, 0.099), (-0.01632, -0.01952, 0.132), (-0.012, -0.017, 0.16499999), (-0.018, -0.024, 0), (-0.01752, -0.02372, 0.033), (-0.01608, -0.022880001, 0.066), (-0.013679999, -0.02148, 0.099), (-0.0103199985, -0.01952, 0.132), (-0.005999999, -0.017, 0.16499999), (-0.012, -0.024, 0), (-0.01152, -0.02372, 0.033), (-0.01008, -0.022880001, 0.066), (-0.00768, -0.02148, 0.099), (-0.00432, -0.01952, 0.132), (0, -0.017, 0.16499999), (-0.006, -0.024, 0), (-0.00552, -0.02372, 0.033), (-0.00408, -0.022880001, 0.066), (-0.0016799998, -0.02148, 0.099), (0.0016800002, -0.01952, 0.132), (0.006, -0.017, 0.16499999), (0, -0.024, 0), (0.00048000002, -0.02372, 0.033), (0.0019200001, -0.022880001, 0.066), (0.0043200003, -0.02148, 0.099), (0.0076800003, -0.01952, 0.132), (0.012, -0.017, 0.16499999), (0.006, -0.024, 0), (0.00648, -0.02372, 0.033), (0.00792, -0.022880001, 0.066), (0.01032, -0.02148, 0.099), (0.01368, -0.01952, 0.132), (0.018, -0.017, 0.16499999), (0.012, -0.024, 0), (0.01248, -0.02372, 0.033), (0.01392, -0.022880001, 0.066), (0.016320001, -0.02148, 0.099), (0.01968, -0.01952, 0.132), (0.024, -0.017, 0.16499999), (0.018, -0.024, 0), (0.01848, -0.02372, 0.033), (0.019919999, -0.022880001, 0.066), (0.022319999, -0.02148, 0.099), (0.02568, -0.01952, 0.132), (0.03, -0.017, 0.16499999), (0.024, -0.024, 0), (0.02448, -0.02372, 0.033), (0.02592, -0.022880001, 0.066), (0.02832, -0.02148, 0.099), (0.03168, -0.01952, 0.132), (0.036, -0.017, 0.16499999), (0.030000001, -0.024, 0), (0.030480001, -0.02372, 0.033), (0.03192, -0.022880001, 0.066), (0.03432, -0.02148, 0.099), (0.03768, -0.01952, 0.132), (0.042000003, -0.017, 0.16499999), (0.036, -0.024, 0), (0.03648, -0.02372, 0.033), (0.03792, -0.022880001, 0.066), (0.040319998, -0.02148, 0.099), (0.043679997, -0.01952, 0.132), (0.048, -0.017, 0.16499999), (0.042, -0.024, 0), (0.04248, -0.02372, 0.033), (0.04392, -0.022880001, 0.066), (0.04632, -0.02148, 0.099), (0.04968, -0.01952, 0.132), (0.053999998, -0.017, 0.16499999), (0.048, -0.024, 0), (0.04848, -0.02372, 0.033), (0.04992, -0.022880001, 0.066), (0.05232, -0.02148, 0.099), (0.05568, -0.01952, 0.132), (0.060000002, -0.017, 0.16499999), (0.054, -0.024, 0), (0.05448, -0.02372, 0.033), (0.05592, -0.022880001, 0.066), (0.05832, -0.02148, 0.099), (0.06168, -0.01952, 0.132), (0.066, -0.017, 0.16499999), (0.060000002, -0.024, 0), (0.060480002, -0.02372, 0.033), (0.061920002, -0.022880001, 0.066), (0.064320005, -0.02148, 0.099), (0.06768, -0.01952, 0.132), (0.072000004, -0.017, 0.16499999), (0.066, -0.024, 0), (0.06648, -0.02372, 0.033), (0.06792, -0.022880001, 0.066), (0.07032, -0.02148, 0.099), (0.07368, -0.01952, 0.132), (0.078, -0.017, 0.16499999), (0.072, -0.024, 0), (0.07248, -0.02372, 0.033), (0.07392, -0.022880001, 0.066), (0.07632, -0.02148, 0.099), (0.079679996, -0.01952, 0.132), (0.084, -0.017, 0.16499999), (0.078, -0.024, 0), (0.078480005, -0.02372, 0.033), (0.07992, -0.022880001, 0.066), (0.082320005, -0.02148, 0.099), (0.08568, -0.01952, 0.132), (0.09, -0.017, 0.16499999), (0.084, -0.024, 0), (0.08448, -0.02372, 0.033), (0.08592, -0.022880001, 0.066), (0.08832, -0.02148, 0.099), (0.09168, -0.01952, 0.132), (0.096, -0.017, 0.16499999), (0.09, -0.024, 0), (0.09048001, -0.02372, 0.033), (0.09192, -0.022880001, 0.066), (0.09432001, -0.02148, 0.099), (0.09768, -0.01952, 0.132), (0.102000006, -0.017, 0.16499999), (0.096, -0.024, 0), (0.096480004, -0.02372, 0.033), (0.09792, -0.022880001, 0.066), (0.100320004, -0.02148, 0.099), (0.10368, -0.01952, 0.132), (0.108, -0.017, 0.16499999), (0.102, -0.024, 0), (0.10248, -0.02372, 0.033), (0.10392, -0.022880001, 0.066), (0.10632, -0.02148, 0.099), (0.10968, -0.01952, 0.132), (0.114, -0.017, 0.16499999), (0.108, -0.024, 0), (0.10848001, -0.02372, 0.033), (0.10992, -0.022880001, 0.066), (0.112320006, -0.02148, 0.099), (0.11568, -0.01952, 0.132), (0.120000005, -0.017, 0.16499999), (0.114, -0.024, 0), (0.11448, -0.02372, 0.033), (0.11592, -0.022880001, 0.066), (0.11832, -0.02148, 0.099), (0.12168, -0.01952, 0.132), (0.126, -0.017, 0.16499999), (0.120000005, -0.024, 0), (0.12048001, -0.02372, 0.033), (0.121920004, -0.022880001, 0.066), (0.12432001, -0.02148, 0.099), (0.12768, -0.01952, 0.132), (0.132, -0.017, 0.16499999), (-0.120000005, -0.018, 0), (-0.11952, -0.017719999, 0.033), (-0.118080005, -0.01688, 0.066), (-0.11568, -0.015479999, 0.099), (-0.112320006, -0.013519999, 0.132), (-0.108, -0.010999999, 0.16499999), (-0.114, -0.018, 0), (-0.11352, -0.017719999, 0.033), (-0.11208, -0.01688, 0.066), (-0.10968, -0.015479999, 0.099), (-0.10632, -0.013519999, 0.132), (-0.102, -0.010999999, 0.16499999), (-0.108, -0.018, 0), (-0.10752, -0.017719999, 0.033), (-0.10608, -0.01688, 0.066), (-0.10368, -0.015479999, 0.099), (-0.100320004, -0.013519999, 0.132), (-0.096, -0.010999999, 0.16499999), (-0.102, -0.018, 0), (-0.101519994, -0.017719999, 0.033), (-0.10008, -0.01688, 0.066), (-0.097679995, -0.015479999, 0.099), (-0.09432, -0.013519999, 0.132), (-0.089999996, -0.010999999, 0.16499999), (-0.096, -0.018, 0), (-0.09552, -0.017719999, 0.033), (-0.09408, -0.01688, 0.066), (-0.09168, -0.015479999, 0.099), (-0.08832, -0.013519999, 0.132), (-0.084, -0.010999999, 0.16499999), (-0.09, -0.018, 0), (-0.08952, -0.017719999, 0.033), (-0.088080004, -0.01688, 0.066), (-0.08568, -0.015479999, 0.099), (-0.082320005, -0.013519999, 0.132), (-0.078, -0.010999999, 0.16499999), (-0.084, -0.018, 0), (-0.083519995, -0.017719999, 0.033), (-0.08208, -0.01688, 0.066), (-0.079679996, -0.015479999, 0.099), (-0.07632, -0.013519999, 0.132), (-0.072, -0.010999999, 0.16499999), (-0.078, -0.018, 0), (-0.07752, -0.017719999, 0.033), (-0.07608, -0.01688, 0.066), (-0.07368, -0.015479999, 0.099), (-0.07032, -0.013519999, 0.132), (-0.066, -0.010999999, 0.16499999), (-0.072, -0.018, 0), (-0.07151999, -0.017719999, 0.033), (-0.07008, -0.01688, 0.066), (-0.067679994, -0.015479999, 0.099), (-0.06432, -0.013519999, 0.132), (-0.059999995, -0.010999999, 0.16499999), (-0.066, -0.018, 0), (-0.065519996, -0.017719999, 0.033), (-0.06408, -0.01688, 0.066), (-0.06168, -0.015479999, 0.099), (-0.05832, -0.013519999, 0.132), (-0.053999998, -0.010999999, 0.16499999), (-0.060000002, -0.018, 0), (-0.059520002, -0.017719999, 0.033), (-0.058080003, -0.01688, 0.066), (-0.055680003, -0.015479999, 0.099), (-0.052320004, -0.013519999, 0.132), (-0.048, -0.010999999, 0.16499999), (-0.054, -0.018, 0), (-0.05352, -0.017719999, 0.033), (-0.05208, -0.01688, 0.066), (-0.049680002, -0.015479999, 0.099), (-0.046320003, -0.013519999, 0.132), (-0.042000003, -0.010999999, 0.16499999), (-0.048, -0.018, 0), (-0.04752, -0.017719999, 0.033), (-0.04608, -0.01688, 0.066), (-0.04368, -0.015479999, 0.099), (-0.04032, -0.013519999, 0.132), (-0.036, -0.010999999, 0.16499999), (-0.042, -0.018, 0), (-0.04152, -0.017719999, 0.033), (-0.04008, -0.01688, 0.066), (-0.03768, -0.015479999, 0.099), (-0.03432, -0.013519999, 0.132), (-0.03, -0.010999999, 0.16499999), (-0.036, -0.018, 0), (-0.03552, -0.017719999, 0.033), (-0.03408, -0.01688, 0.066), (-0.03168, -0.015479999, 0.099), (-0.028319998, -0.013519999, 0.132), (-0.023999998, -0.010999999, 0.16499999), (-0.030000001, -0.018, 0), (-0.029520001, -0.017719999, 0.033), (-0.028080001, -0.01688, 0.066), (-0.025680002, -0.015479999, 0.099), (-0.02232, -0.013519999, 0.132), (-0.018000001, -0.010999999, 0.16499999), (-0.024, -0.018, 0), (-0.02352, -0.017719999, 0.033), (-0.02208, -0.01688, 0.066), (-0.01968, -0.015479999, 0.099), (-0.01632, -0.013519999, 0.132), (-0.012, -0.010999999, 0.16499999), (-0.018, -0.018, 0), (-0.01752, -0.017719999, 0.033), (-0.01608, -0.01688, 0.066), (-0.013679999, -0.015479999, 0.099), (-0.0103199985, -0.013519999, 0.132), (-0.005999999, -0.010999999, 0.16499999), (-0.012, -0.018, 0), (-0.01152, -0.017719999, 0.033), (-0.01008, -0.01688, 0.066), (-0.00768, -0.015479999, 0.099), (-0.00432, -0.013519999, 0.132), (0, -0.010999999, 0.16499999), (-0.006, -0.018, 0), (-0.00552, -0.017719999, 0.033), (-0.00408, -0.01688, 0.066), (-0.0016799998, -0.015479999, 0.099), (0.0016800002, -0.013519999, 0.132), (0.006, -0.010999999, 0.16499999), (0, -0.018, 0), (0.00048000002, -0.017719999, 0.033), (0.0019200001, -0.01688, 0.066), (0.0043200003, -0.015479999, 0.099), (0.0076800003, -0.013519999, 0.132), (0.012, -0.010999999, 0.16499999), (0.006, -0.018, 0), (0.00648, -0.017719999, 0.033), (0.00792, -0.01688, 0.066), (0.01032, -0.015479999, 0.099), (0.01368, -0.013519999, 0.132), (0.018, -0.010999999, 0.16499999), (0.012, -0.018, 0), (0.01248, -0.017719999, 0.033), (0.01392, -0.01688, 0.066), (0.016320001, -0.015479999, 0.099), (0.01968, -0.013519999, 0.132), (0.024, -0.010999999, 0.16499999), (0.018, -0.018, 0), (0.01848, -0.017719999, 0.033), (0.019919999, -0.01688, 0.066), (0.022319999, -0.015479999, 0.099), (0.02568, -0.013519999, 0.132), (0.03, -0.010999999, 0.16499999), (0.024, -0.018, 0), (0.02448, -0.017719999, 0.033), (0.02592, -0.01688, 0.066), (0.02832, -0.015479999, 0.099), (0.03168, -0.013519999, 0.132), (0.036, -0.010999999, 0.16499999), (0.030000001, -0.018, 0), (0.030480001, -0.017719999, 0.033), (0.03192, -0.01688, 0.066), (0.03432, -0.015479999, 0.099), (0.03768, -0.013519999, 0.132), (0.042000003, -0.010999999, 0.16499999), (0.036, -0.018, 0), (0.03648, -0.017719999, 0.033), (0.03792, -0.01688, 0.066), (0.040319998, -0.015479999, 0.099), (0.043679997, -0.013519999, 0.132), (0.048, -0.010999999, 0.16499999), (0.042, -0.018, 0), (0.04248, -0.017719999, 0.033), (0.04392, -0.01688, 0.066), (0.04632, -0.015479999, 0.099), (0.04968, -0.013519999, 0.132), (0.053999998, -0.010999999, 0.16499999), (0.048, -0.018, 0), (0.04848, -0.017719999, 0.033), (0.04992, -0.01688, 0.066), (0.05232, -0.015479999, 0.099), (0.05568, -0.013519999, 0.132), (0.060000002, -0.010999999, 0.16499999), (0.054, -0.018, 0), (0.05448, -0.017719999, 0.033), (0.05592, -0.01688, 0.066), (0.05832, -0.015479999, 0.099), (0.06168, -0.013519999, 0.132), (0.066, -0.010999999, 0.16499999), (0.060000002, -0.018, 0), (0.060480002, -0.017719999, 0.033), (0.061920002, -0.01688, 0.066), (0.064320005, -0.015479999, 0.099), (0.06768, -0.013519999, 0.132), (0.072000004, -0.010999999, 0.16499999), (0.066, -0.018, 0), (0.06648, -0.017719999, 0.033), (0.06792, -0.01688, 0.066), (0.07032, -0.015479999, 0.099), (0.07368, -0.013519999, 0.132), (0.078, -0.010999999, 0.16499999), (0.072, -0.018, 0), (0.07248, -0.017719999, 0.033), (0.07392, -0.01688, 0.066), (0.07632, -0.015479999, 0.099), (0.079679996, -0.013519999, 0.132), (0.084, -0.010999999, 0.16499999), (0.078, -0.018, 0), (0.078480005, -0.017719999, 0.033), (0.07992, -0.01688, 0.066), (0.082320005, -0.015479999, 0.099), (0.08568, -0.013519999, 0.132), (0.09, -0.010999999, 0.16499999), (0.084, -0.018, 0), (0.08448, -0.017719999, 0.033), (0.08592, -0.01688, 0.066), (0.08832, -0.015479999, 0.099), (0.09168, -0.013519999, 0.132), (0.096, -0.010999999, 0.16499999), (0.09, -0.018, 0), (0.09048001, -0.017719999, 0.033), (0.09192, -0.01688, 0.066), (0.09432001, -0.015479999, 0.099), (0.09768, -0.013519999, 0.132), (0.102000006, -0.010999999, 0.16499999), (0.096, -0.018, 0), (0.096480004, -0.017719999, 0.033), (0.09792, -0.01688, 0.066), (0.100320004, -0.015479999, 0.099), (0.10368, -0.013519999, 0.132), (0.108, -0.010999999, 0.16499999), (0.102, -0.018, 0), (0.10248, -0.017719999, 0.033), (0.10392, -0.01688, 0.066), (0.10632, -0.015479999, 0.099), (0.10968, -0.013519999, 0.132), (0.114, -0.010999999, 0.16499999), (0.108, -0.018, 0), (0.10848001, -0.017719999, 0.033), (0.10992, -0.01688, 0.066), (0.112320006, -0.015479999, 0.099), (0.11568, -0.013519999, 0.132), (0.120000005, -0.010999999, 0.16499999), (0.114, -0.018, 0), (0.11448, -0.017719999, 0.033), (0.11592, -0.01688, 0.066), (0.11832, -0.015479999, 0.099), (0.12168, -0.013519999, 0.132), (0.126, -0.010999999, 0.16499999), (0.120000005, -0.018, 0), (0.12048001, -0.017719999, 0.033), (0.121920004, -0.01688, 0.066), (0.12432001, -0.015479999, 0.099), (0.12768, -0.013519999, 0.132), (0.132, -0.010999999, 0.16499999), (-0.120000005, -0.012, 0), (-0.11952, -0.01172, 0.033), (-0.118080005, -0.01088, 0.066), (-0.11568, -0.00948, 0.099), (-0.112320006, -0.00752, 0.132), (-0.108, -0.005, 0.16499999), (-0.114, -0.012, 0), (-0.11352, -0.01172, 0.033), (-0.11208, -0.01088, 0.066), (-0.10968, -0.00948, 0.099), (-0.10632, -0.00752, 0.132), (-0.102, -0.005, 0.16499999), (-0.108, -0.012, 0), (-0.10752, -0.01172, 0.033), (-0.10608, -0.01088, 0.066), (-0.10368, -0.00948, 0.099), (-0.100320004, -0.00752, 0.132), (-0.096, -0.005, 0.16499999), (-0.102, -0.012, 0), (-0.101519994, -0.01172, 0.033), (-0.10008, -0.01088, 0.066), (-0.097679995, -0.00948, 0.099), (-0.09432, -0.00752, 0.132), (-0.089999996, -0.005, 0.16499999), (-0.096, -0.012, 0), (-0.09552, -0.01172, 0.033), (-0.09408, -0.01088, 0.066), (-0.09168, -0.00948, 0.099), (-0.08832, -0.00752, 0.132), (-0.084, -0.005, 0.16499999), (-0.09, -0.012, 0), (-0.08952, -0.01172, 0.033), (-0.088080004, -0.01088, 0.066), (-0.08568, -0.00948, 0.099), (-0.082320005, -0.00752, 0.132), (-0.078, -0.005, 0.16499999), (-0.084, -0.012, 0), (-0.083519995, -0.01172, 0.033), (-0.08208, -0.01088, 0.066), (-0.079679996, -0.00948, 0.099), (-0.07632, -0.00752, 0.132), (-0.072, -0.005, 0.16499999), (-0.078, -0.012, 0), (-0.07752, -0.01172, 0.033), (-0.07608, -0.01088, 0.066), (-0.07368, -0.00948, 0.099), (-0.07032, -0.00752, 0.132), (-0.066, -0.005, 0.16499999), (-0.072, -0.012, 0), (-0.07151999, -0.01172, 0.033), (-0.07008, -0.01088, 0.066), (-0.067679994, -0.00948, 0.099), (-0.06432, -0.00752, 0.132), (-0.059999995, -0.005, 0.16499999), (-0.066, -0.012, 0), (-0.065519996, -0.01172, 0.033), (-0.06408, -0.01088, 0.066), (-0.06168, -0.00948, 0.099), (-0.05832, -0.00752, 0.132), (-0.053999998, -0.005, 0.16499999), (-0.060000002, -0.012, 0), (-0.059520002, -0.01172, 0.033), (-0.058080003, -0.01088, 0.066), (-0.055680003, -0.00948, 0.099), (-0.052320004, -0.00752, 0.132), (-0.048, -0.005, 0.16499999), (-0.054, -0.012, 0), (-0.05352, -0.01172, 0.033), (-0.05208, -0.01088, 0.066), (-0.049680002, -0.00948, 0.099), (-0.046320003, -0.00752, 0.132), (-0.042000003, -0.005, 0.16499999), (-0.048, -0.012, 0), (-0.04752, -0.01172, 0.033), (-0.04608, -0.01088, 0.066), (-0.04368, -0.00948, 0.099), (-0.04032, -0.00752, 0.132), (-0.036, -0.005, 0.16499999), (-0.042, -0.012, 0), (-0.04152, -0.01172, 0.033), (-0.04008, -0.01088, 0.066), (-0.03768, -0.00948, 0.099), (-0.03432, -0.00752, 0.132), (-0.03, -0.005, 0.16499999), (-0.036, -0.012, 0), (-0.03552, -0.01172, 0.033), (-0.03408, -0.01088, 0.066), (-0.03168, -0.00948, 0.099), (-0.028319998, -0.00752, 0.132), (-0.023999998, -0.005, 0.16499999), (-0.030000001, -0.012, 0), (-0.029520001, -0.01172, 0.033), (-0.028080001, -0.01088, 0.066), (-0.025680002, -0.00948, 0.099), (-0.02232, -0.00752, 0.132), (-0.018000001, -0.005, 0.16499999), (-0.024, -0.012, 0), (-0.02352, -0.01172, 0.033), (-0.02208, -0.01088, 0.066), (-0.01968, -0.00948, 0.099), (-0.01632, -0.00752, 0.132), (-0.012, -0.005, 0.16499999), (-0.018, -0.012, 0), (-0.01752, -0.01172, 0.033), (-0.01608, -0.01088, 0.066), (-0.013679999, -0.00948, 0.099), (-0.0103199985, -0.00752, 0.132), (-0.005999999, -0.005, 0.16499999), (-0.012, -0.012, 0), (-0.01152, -0.01172, 0.033), (-0.01008, -0.01088, 0.066), (-0.00768, -0.00948, 0.099), (-0.00432, -0.00752, 0.132), (0, -0.005, 0.16499999), (-0.006, -0.012, 0), (-0.00552, -0.01172, 0.033), (-0.00408, -0.01088, 0.066), (-0.0016799998, -0.00948, 0.099), (0.0016800002, -0.00752, 0.132), (0.006, -0.005, 0.16499999), (0, -0.012, 0), (0.00048000002, -0.01172, 0.033), (0.0019200001, -0.01088, 0.066), (0.0043200003, -0.00948, 0.099), (0.0076800003, -0.00752, 0.132), (0.012, -0.005, 0.16499999), (0.006, -0.012, 0), (0.00648, -0.01172, 0.033), (0.00792, -0.01088, 0.066), (0.01032, -0.00948, 0.099), (0.01368, -0.00752, 0.132), (0.018, -0.005, 0.16499999), (0.012, -0.012, 0), (0.01248, -0.01172, 0.033), (0.01392, -0.01088, 0.066), (0.016320001, -0.00948, 0.099), (0.01968, -0.00752, 0.132), (0.024, -0.005, 0.16499999), (0.018, -0.012, 0), (0.01848, -0.01172, 0.033), (0.019919999, -0.01088, 0.066), (0.022319999, -0.00948, 0.099), (0.02568, -0.00752, 0.132), (0.03, -0.005, 0.16499999), (0.024, -0.012, 0), (0.02448, -0.01172, 0.033), (0.02592, -0.01088, 0.066), (0.02832, -0.00948, 0.099), (0.03168, -0.00752, 0.132), (0.036, -0.005, 0.16499999), (0.030000001, -0.012, 0), (0.030480001, -0.01172, 0.033), (0.03192, -0.01088, 0.066), (0.03432, -0.00948, 0.099), (0.03768, -0.00752, 0.132), (0.042000003, -0.005, 0.16499999), (0.036, -0.012, 0), (0.03648, -0.01172, 0.033), (0.03792, -0.01088, 0.066), (0.040319998, -0.00948, 0.099), (0.043679997, -0.00752, 0.132), (0.048, -0.005, 0.16499999), (0.042, -0.012, 0), (0.04248, -0.01172, 0.033), (0.04392, -0.01088, 0.066), (0.04632, -0.00948, 0.099), (0.04968, -0.00752, 0.132), (0.053999998, -0.005, 0.16499999), (0.048, -0.012, 0), (0.04848, -0.01172, 0.033), (0.04992, -0.01088, 0.066), (0.05232, -0.00948, 0.099), (0.05568, -0.00752, 0.132), (0.060000002, -0.005, 0.16499999), (0.054, -0.012, 0), (0.05448, -0.01172, 0.033), (0.05592, -0.01088, 0.066), (0.05832, -0.00948, 0.099), (0.06168, -0.00752, 0.132), (0.066, -0.005, 0.16499999), (0.060000002, -0.012, 0), (0.060480002, -0.01172, 0.033), (0.061920002, -0.01088, 0.066), (0.064320005, -0.00948, 0.099), (0.06768, -0.00752, 0.132), (0.072000004, -0.005, 0.16499999), (0.066, -0.012, 0), (0.06648, -0.01172, 0.033), (0.06792, -0.01088, 0.066), (0.07032, -0.00948, 0.099), (0.07368, -0.00752, 0.132), (0.078, -0.005, 0.16499999), (0.072, -0.012, 0), (0.07248, -0.01172, 0.033), (0.07392, -0.01088, 0.066), (0.07632, -0.00948, 0.099), (0.079679996, -0.00752, 0.132), (0.084, -0.005, 0.16499999), (0.078, -0.012, 0), (0.078480005, -0.01172, 0.033), (0.07992, -0.01088, 0.066), (0.082320005, -0.00948, 0.099), (0.08568, -0.00752, 0.132), (0.09, -0.005, 0.16499999), (0.084, -0.012, 0), (0.08448, -0.01172, 0.033), (0.08592, -0.01088, 0.066), (0.08832, -0.00948, 0.099), (0.09168, -0.00752, 0.132), (0.096, -0.005, 0.16499999), (0.09, -0.012, 0), (0.09048001, -0.01172, 0.033), (0.09192, -0.01088, 0.066), (0.09432001, -0.00948, 0.099), (0.09768, -0.00752, 0.132), (0.102000006, -0.005, 0.16499999), (0.096, -0.012, 0), (0.096480004, -0.01172, 0.033), (0.09792, -0.01088, 0.066), (0.100320004, -0.00948, 0.099), (0.10368, -0.00752, 0.132), (0.108, -0.005, 0.16499999), (0.102, -0.012, 0), (0.10248, -0.01172, 0.033), (0.10392, -0.01088, 0.066), (0.10632, -0.00948, 0.099), (0.10968, -0.00752, 0.132), (0.114, -0.005, 0.16499999), (0.108, -0.012, 0), (0.10848001, -0.01172, 0.033), (0.10992, -0.01088, 0.066), (0.112320006, -0.00948, 0.099), (0.11568, -0.00752, 0.132), (0.120000005, -0.005, 0.16499999), (0.114, -0.012, 0), (0.11448, -0.01172, 0.033), (0.11592, -0.01088, 0.066), (0.11832, -0.00948, 0.099), (0.12168, -0.00752, 0.132), (0.126, -0.005, 0.16499999), (0.120000005, -0.012, 0), (0.12048001, -0.01172, 0.033), (0.121920004, -0.01088, 0.066), (0.12432001, -0.00948, 0.099), (0.12768, -0.00752, 0.132), (0.132, -0.005, 0.16499999), (-0.120000005, -0.006, 0), (-0.11952, -0.0057200002, 0.033), (-0.118080005, -0.00488, 0.066), (-0.11568, -0.0034799997, 0.099), (-0.112320006, -0.0015199999, 0.132), (-0.108, 0.0010000002, 0.16499999), (-0.114, -0.006, 0), (-0.11352, -0.0057200002, 0.033), (-0.11208, -0.00488, 0.066), (-0.10968, -0.0034799997, 0.099), (-0.10632, -0.0015199999, 0.132), (-0.102, 0.0010000002, 0.16499999), (-0.108, -0.006, 0), (-0.10752, -0.0057200002, 0.033), (-0.10608, -0.00488, 0.066), (-0.10368, -0.0034799997, 0.099), (-0.100320004, -0.0015199999, 0.132), (-0.096, 0.0010000002, 0.16499999), (-0.102, -0.006, 0), (-0.101519994, -0.0057200002, 0.033), (-0.10008, -0.00488, 0.066), (-0.097679995, -0.0034799997, 0.099), (-0.09432, -0.0015199999, 0.132), (-0.089999996, 0.0010000002, 0.16499999), (-0.096, -0.006, 0), (-0.09552, -0.0057200002, 0.033), (-0.09408, -0.00488, 0.066), (-0.09168, -0.0034799997, 0.099), (-0.08832, -0.0015199999, 0.132), (-0.084, 0.0010000002, 0.16499999), (-0.09, -0.006, 0), (-0.08952, -0.0057200002, 0.033), (-0.088080004, -0.00488, 0.066), (-0.08568, -0.0034799997, 0.099), (-0.082320005, -0.0015199999, 0.132), (-0.078, 0.0010000002, 0.16499999), (-0.084, -0.006, 0), (-0.083519995, -0.0057200002, 0.033), (-0.08208, -0.00488, 0.066), (-0.079679996, -0.0034799997, 0.099), (-0.07632, -0.0015199999, 0.132), (-0.072, 0.0010000002, 0.16499999), (-0.078, -0.006, 0), (-0.07752, -0.0057200002, 0.033), (-0.07608, -0.00488, 0.066), (-0.07368, -0.0034799997, 0.099), (-0.07032, -0.0015199999, 0.132), (-0.066, 0.0010000002, 0.16499999), (-0.072, -0.006, 0), (-0.07151999, -0.0057200002, 0.033), (-0.07008, -0.00488, 0.066), (-0.067679994, -0.0034799997, 0.099), (-0.06432, -0.0015199999, 0.132), (-0.059999995, 0.0010000002, 0.16499999), (-0.066, -0.006, 0), (-0.065519996, -0.0057200002, 0.033), (-0.06408, -0.00488, 0.066), (-0.06168, -0.0034799997, 0.099), (-0.05832, -0.0015199999, 0.132), (-0.053999998, 0.0010000002, 0.16499999), (-0.060000002, -0.006, 0), (-0.059520002, -0.0057200002, 0.033), (-0.058080003, -0.00488, 0.066), (-0.055680003, -0.0034799997, 0.099), (-0.052320004, -0.0015199999, 0.132), (-0.048, 0.0010000002, 0.16499999), (-0.054, -0.006, 0), (-0.05352, -0.0057200002, 0.033), (-0.05208, -0.00488, 0.066), (-0.049680002, -0.0034799997, 0.099), (-0.046320003, -0.0015199999, 0.132), (-0.042000003, 0.0010000002, 0.16499999), (-0.048, -0.006, 0), (-0.04752, -0.0057200002, 0.033), (-0.04608, -0.00488, 0.066), (-0.04368, -0.0034799997, 0.099), (-0.04032, -0.0015199999, 0.132), (-0.036, 0.0010000002, 0.16499999), (-0.042, -0.006, 0), (-0.04152, -0.0057200002, 0.033), (-0.04008, -0.00488, 0.066), (-0.03768, -0.0034799997, 0.099), (-0.03432, -0.0015199999, 0.132), (-0.03, 0.0010000002, 0.16499999), (-0.036, -0.006, 0), (-0.03552, -0.0057200002, 0.033), (-0.03408, -0.00488, 0.066), (-0.03168, -0.0034799997, 0.099), (-0.028319998, -0.0015199999, 0.132), (-0.023999998, 0.0010000002, 0.16499999), (-0.030000001, -0.006, 0), (-0.029520001, -0.0057200002, 0.033), (-0.028080001, -0.00488, 0.066), (-0.025680002, -0.0034799997, 0.099), (-0.02232, -0.0015199999, 0.132), (-0.018000001, 0.0010000002, 0.16499999), (-0.024, -0.006, 0), (-0.02352, -0.0057200002, 0.033), (-0.02208, -0.00488, 0.066), (-0.01968, -0.0034799997, 0.099), (-0.01632, -0.0015199999, 0.132), (-0.012, 0.0010000002, 0.16499999), (-0.018, -0.006, 0), (-0.01752, -0.0057200002, 0.033), (-0.01608, -0.00488, 0.066), (-0.013679999, -0.0034799997, 0.099), (-0.0103199985, -0.0015199999, 0.132), (-0.005999999, 0.0010000002, 0.16499999), (-0.012, -0.006, 0), (-0.01152, -0.0057200002, 0.033), (-0.01008, -0.00488, 0.066), (-0.00768, -0.0034799997, 0.099), (-0.00432, -0.0015199999, 0.132), (0, 0.0010000002, 0.16499999), (-0.006, -0.006, 0), (-0.00552, -0.0057200002, 0.033), (-0.00408, -0.00488, 0.066), (-0.0016799998, -0.0034799997, 0.099), (0.0016800002, -0.0015199999, 0.132), (0.006, 0.0010000002, 0.16499999), (0, -0.006, 0), (0.00048000002, -0.0057200002, 0.033), (0.0019200001, -0.00488, 0.066), (0.0043200003, -0.0034799997, 0.099), (0.0076800003, -0.0015199999, 0.132), (0.012, 0.0010000002, 0.16499999), (0.006, -0.006, 0), (0.00648, -0.0057200002, 0.033), (0.00792, -0.00488, 0.066), (0.01032, -0.0034799997, 0.099), (0.01368, -0.0015199999, 0.132), (0.018, 0.0010000002, 0.16499999), (0.012, -0.006, 0), (0.01248, -0.0057200002, 0.033), (0.01392, -0.00488, 0.066), (0.016320001, -0.0034799997, 0.099), (0.01968, -0.0015199999, 0.132), (0.024, 0.0010000002, 0.16499999), (0.018, -0.006, 0), (0.01848, -0.0057200002, 0.033), (0.019919999, -0.00488, 0.066), (0.022319999, -0.0034799997, 0.099), (0.02568, -0.0015199999, 0.132), (0.03, 0.0010000002, 0.16499999), (0.024, -0.006, 0), (0.02448, -0.0057200002, 0.033), (0.02592, -0.00488, 0.066), (0.02832, -0.0034799997, 0.099), (0.03168, -0.0015199999, 0.132), (0.036, 0.0010000002, 0.16499999), (0.030000001, -0.006, 0), (0.030480001, -0.0057200002, 0.033), (0.03192, -0.00488, 0.066), (0.03432, -0.0034799997, 0.099), (0.03768, -0.0015199999, 0.132), (0.042000003, 0.0010000002, 0.16499999), (0.036, -0.006, 0), (0.03648, -0.0057200002, 0.033), (0.03792, -0.00488, 0.066), (0.040319998, -0.0034799997, 0.099), (0.043679997, -0.0015199999, 0.132), (0.048, 0.0010000002, 0.16499999), (0.042, -0.006, 0), (0.04248, -0.0057200002, 0.033), (0.04392, -0.00488, 0.066), (0.04632, -0.0034799997, 0.099), (0.04968, -0.0015199999, 0.132), (0.053999998, 0.0010000002, 0.16499999), (0.048, -0.006, 0), (0.04848, -0.0057200002, 0.033), (0.04992, -0.00488, 0.066), (0.05232, -0.0034799997, 0.099), (0.05568, -0.0015199999, 0.132), (0.060000002, 0.0010000002, 0.16499999), (0.054, -0.006, 0), (0.05448, -0.0057200002, 0.033), (0.05592, -0.00488, 0.066), (0.05832, -0.0034799997, 0.099), (0.06168, -0.0015199999, 0.132), (0.066, 0.0010000002, 0.16499999), (0.060000002, -0.006, 0), (0.060480002, -0.0057200002, 0.033), (0.061920002, -0.00488, 0.066), (0.064320005, -0.0034799997, 0.099), (0.06768, -0.0015199999, 0.132), (0.072000004, 0.0010000002, 0.16499999), (0.066, -0.006, 0), (0.06648, -0.0057200002, 0.033), (0.06792, -0.00488, 0.066), (0.07032, -0.0034799997, 0.099), (0.07368, -0.0015199999, 0.132), (0.078, 0.0010000002, 0.16499999), (0.072, -0.006, 0), (0.07248, -0.0057200002, 0.033), (0.07392, -0.00488, 0.066), (0.07632, -0.0034799997, 0.099), (0.079679996, -0.0015199999, 0.132), (0.084, 0.0010000002, 0.16499999), (0.078, -0.006, 0), (0.078480005, -0.0057200002, 0.033), (0.07992, -0.00488, 0.066), (0.082320005, -0.0034799997, 0.099), (0.08568, -0.0015199999, 0.132), (0.09, 0.0010000002, 0.16499999), (0.084, -0.006, 0), (0.08448, -0.0057200002, 0.033), (0.08592, -0.00488, 0.066), (0.08832, -0.0034799997, 0.099), (0.09168, -0.0015199999, 0.132), (0.096, 0.0010000002, 0.16499999), (0.09, -0.006, 0), (0.09048001, -0.0057200002, 0.033), (0.09192, -0.00488, 0.066), (0.09432001, -0.0034799997, 0.099), (0.09768, -0.0015199999, 0.132), (0.102000006, 0.0010000002, 0.16499999), (0.096, -0.006, 0), (0.096480004, -0.0057200002, 0.033), (0.09792, -0.00488, 0.066), (0.100320004, -0.0034799997, 0.099), (0.10368, -0.0015199999, 0.132), (0.108, 0.0010000002, 0.16499999), (0.102, -0.006, 0), (0.10248, -0.0057200002, 0.033), (0.10392, -0.00488, 0.066), (0.10632, -0.0034799997, 0.099), (0.10968, -0.0015199999, 0.132), (0.114, 0.0010000002, 0.16499999), (0.108, -0.006, 0), (0.10848001, -0.0057200002, 0.033), (0.10992, -0.00488, 0.066), (0.112320006, -0.0034799997, 0.099), (0.11568, -0.0015199999, 0.132), (0.120000005, 0.0010000002, 0.16499999), (0.114, -0.006, 0), (0.11448, -0.0057200002, 0.033), (0.11592, -0.00488, 0.066), (0.11832, -0.0034799997, 0.099), (0.12168, -0.0015199999, 0.132), (0.126, 0.0010000002, 0.16499999), (0.120000005, -0.006, 0), (0.12048001, -0.0057200002, 0.033), (0.121920004, -0.00488, 0.066), (0.12432001, -0.0034799997, 0.099), (0.12768, -0.0015199999, 0.132), (0.132, 0.0010000002, 0.16499999), (-0.120000005, 0, 0), (-0.11952, 0.00028, 0.033), (-0.118080005, 0.00112, 0.066), (-0.11568, 0.0025200003, 0.099), (-0.112320006, 0.00448, 0.132), (-0.108, 0.007, 0.16499999), (-0.114, 0, 0), (-0.11352, 0.00028, 0.033), (-0.11208, 0.00112, 0.066), (-0.10968, 0.0025200003, 0.099), (-0.10632, 0.00448, 0.132), (-0.102, 0.007, 0.16499999), (-0.108, 0, 0), (-0.10752, 0.00028, 0.033), (-0.10608, 0.00112, 0.066), (-0.10368, 0.0025200003, 0.099), (-0.100320004, 0.00448, 0.132), (-0.096, 0.007, 0.16499999), (-0.102, 0, 0), (-0.101519994, 0.00028, 0.033), (-0.10008, 0.00112, 0.066), (-0.097679995, 0.0025200003, 0.099), (-0.09432, 0.00448, 0.132), (-0.089999996, 0.007, 0.16499999), (-0.096, 0, 0), (-0.09552, 0.00028, 0.033), (-0.09408, 0.00112, 0.066), (-0.09168, 0.0025200003, 0.099), (-0.08832, 0.00448, 0.132), (-0.084, 0.007, 0.16499999), (-0.09, 0, 0), (-0.08952, 0.00028, 0.033), (-0.088080004, 0.00112, 0.066), (-0.08568, 0.0025200003, 0.099), (-0.082320005, 0.00448, 0.132), (-0.078, 0.007, 0.16499999), (-0.084, 0, 0), (-0.083519995, 0.00028, 0.033), (-0.08208, 0.00112, 0.066), (-0.079679996, 0.0025200003, 0.099), (-0.07632, 0.00448, 0.132), (-0.072, 0.007, 0.16499999), (-0.078, 0, 0), (-0.07752, 0.00028, 0.033), (-0.07608, 0.00112, 0.066), (-0.07368, 0.0025200003, 0.099), (-0.07032, 0.00448, 0.132), (-0.066, 0.007, 0.16499999), (-0.072, 0, 0), (-0.07151999, 0.00028, 0.033), (-0.07008, 0.00112, 0.066), (-0.067679994, 0.0025200003, 0.099), (-0.06432, 0.00448, 0.132), (-0.059999995, 0.007, 0.16499999), (-0.066, 0, 0), (-0.065519996, 0.00028, 0.033), (-0.06408, 0.00112, 0.066), (-0.06168, 0.0025200003, 0.099), (-0.05832, 0.00448, 0.132), (-0.053999998, 0.007, 0.16499999), (-0.060000002, 0, 0), (-0.059520002, 0.00028, 0.033), (-0.058080003, 0.00112, 0.066), (-0.055680003, 0.0025200003, 0.099), (-0.052320004, 0.00448, 0.132), (-0.048, 0.007, 0.16499999), (-0.054, 0, 0), (-0.05352, 0.00028, 0.033), (-0.05208, 0.00112, 0.066), (-0.049680002, 0.0025200003, 0.099), (-0.046320003, 0.00448, 0.132), (-0.042000003, 0.007, 0.16499999), (-0.048, 0, 0), (-0.04752, 0.00028, 0.033), (-0.04608, 0.00112, 0.066), (-0.04368, 0.0025200003, 0.099), (-0.04032, 0.00448, 0.132), (-0.036, 0.007, 0.16499999), (-0.042, 0, 0), (-0.04152, 0.00028, 0.033), (-0.04008, 0.00112, 0.066), (-0.03768, 0.0025200003, 0.099), (-0.03432, 0.00448, 0.132), (-0.03, 0.007, 0.16499999), (-0.036, 0, 0), (-0.03552, 0.00028, 0.033), (-0.03408, 0.00112, 0.066), (-0.03168, 0.0025200003, 0.099), (-0.028319998, 0.00448, 0.132), (-0.023999998, 0.007, 0.16499999), (-0.030000001, 0, 0), (-0.029520001, 0.00028, 0.033), (-0.028080001, 0.00112, 0.066), (-0.025680002, 0.0025200003, 0.099), (-0.02232, 0.00448, 0.132), (-0.018000001, 0.007, 0.16499999), (-0.024, 0, 0), (-0.02352, 0.00028, 0.033), (-0.02208, 0.00112, 0.066), (-0.01968, 0.0025200003, 0.099), (-0.01632, 0.00448, 0.132), (-0.012, 0.007, 0.16499999), (-0.018, 0, 0), (-0.01752, 0.00028, 0.033), (-0.01608, 0.00112, 0.066), (-0.013679999, 0.0025200003, 0.099), (-0.0103199985, 0.00448, 0.132), (-0.005999999, 0.007, 0.16499999), (-0.012, 0, 0), (-0.01152, 0.00028, 0.033), (-0.01008, 0.00112, 0.066), (-0.00768, 0.0025200003, 0.099), (-0.00432, 0.00448, 0.132), (0, 0.007, 0.16499999), (-0.006, 0, 0), (-0.00552, 0.00028, 0.033), (-0.00408, 0.00112, 0.066), (-0.0016799998, 0.0025200003, 0.099), (0.0016800002, 0.00448, 0.132), (0.006, 0.007, 0.16499999), (0, 0, 0), (0.00048000002, 0.00028, 0.033), (0.0019200001, 0.00112, 0.066), (0.0043200003, 0.0025200003, 0.099), (0.0076800003, 0.00448, 0.132), (0.012, 0.007, 0.16499999), (0.006, 0, 0), (0.00648, 0.00028, 0.033), (0.00792, 0.00112, 0.066), (0.01032, 0.0025200003, 0.099), (0.01368, 0.00448, 0.132), (0.018, 0.007, 0.16499999), (0.012, 0, 0), (0.01248, 0.00028, 0.033), (0.01392, 0.00112, 0.066), (0.016320001, 0.0025200003, 0.099), (0.01968, 0.00448, 0.132), (0.024, 0.007, 0.16499999), (0.018, 0, 0), (0.01848, 0.00028, 0.033), (0.019919999, 0.00112, 0.066), (0.022319999, 0.0025200003, 0.099), (0.02568, 0.00448, 0.132), (0.03, 0.007, 0.16499999), (0.024, 0, 0), (0.02448, 0.00028, 0.033), (0.02592, 0.00112, 0.066), (0.02832, 0.0025200003, 0.099), (0.03168, 0.00448, 0.132), (0.036, 0.007, 0.16499999), (0.030000001, 0, 0), (0.030480001, 0.00028, 0.033), (0.03192, 0.00112, 0.066), (0.03432, 0.0025200003, 0.099), (0.03768, 0.00448, 0.132), (0.042000003, 0.007, 0.16499999), (0.036, 0, 0), (0.03648, 0.00028, 0.033), (0.03792, 0.00112, 0.066), (0.040319998, 0.0025200003, 0.099), (0.043679997, 0.00448, 0.132), (0.048, 0.007, 0.16499999), (0.042, 0, 0), (0.04248, 0.00028, 0.033), (0.04392, 0.00112, 0.066), (0.04632, 0.0025200003, 0.099), (0.04968, 0.00448, 0.132), (0.053999998, 0.007, 0.16499999), (0.048, 0, 0), (0.04848, 0.00028, 0.033), (0.04992, 0.00112, 0.066), (0.05232, 0.0025200003, 0.099), (0.05568, 0.00448, 0.132), (0.060000002, 0.007, 0.16499999), (0.054, 0, 0), (0.05448, 0.00028, 0.033), (0.05592, 0.00112, 0.066), (0.05832, 0.0025200003, 0.099), (0.06168, 0.00448, 0.132), (0.066, 0.007, 0.16499999), (0.060000002, 0, 0), (0.060480002, 0.00028, 0.033), (0.061920002, 0.00112, 0.066), (0.064320005, 0.0025200003, 0.099), (0.06768, 0.00448, 0.132), (0.072000004, 0.007, 0.16499999), (0.066, 0, 0), (0.06648, 0.00028, 0.033), (0.06792, 0.00112, 0.066), (0.07032, 0.0025200003, 0.099), (0.07368, 0.00448, 0.132), (0.078, 0.007, 0.16499999), (0.072, 0, 0), (0.07248, 0.00028, 0.033), (0.07392, 0.00112, 0.066), (0.07632, 0.0025200003, 0.099), (0.079679996, 0.00448, 0.132), (0.084, 0.007, 0.16499999), (0.078, 0, 0), (0.078480005, 0.00028, 0.033), (0.07992, 0.00112, 0.066), (0.082320005, 0.0025200003, 0.099), (0.08568, 0.00448, 0.132), (0.09, 0.007, 0.16499999), (0.084, 0, 0), (0.08448, 0.00028, 0.033), (0.08592, 0.00112, 0.066), (0.08832, 0.0025200003, 0.099), (0.09168, 0.00448, 0.132), (0.096, 0.007, 0.16499999), (0.09, 0, 0), (0.09048001, 0.00028, 0.033), (0.09192, 0.00112, 0.066), (0.09432001, 0.0025200003, 0.099), (0.09768, 0.00448, 0.132), (0.102000006, 0.007, 0.16499999), (0.096, 0, 0), (0.096480004, 0.00028, 0.033), (0.09792, 0.00112, 0.066), (0.100320004, 0.0025200003, 0.099), (0.10368, 0.00448, 0.132), (0.108, 0.007, 0.16499999), (0.102, 0, 0), (0.10248, 0.00028, 0.033), (0.10392, 0.00112, 0.066), (0.10632, 0.0025200003, 0.099), (0.10968, 0.00448, 0.132), (0.114, 0.007, 0.16499999), (0.108, 0, 0), (0.10848001, 0.00028, 0.033), (0.10992, 0.00112, 0.066), (0.112320006, 0.0025200003, 0.099), (0.11568, 0.00448, 0.132), (0.120000005, 0.007, 0.16499999), (0.114, 0, 0), (0.11448, 0.00028, 0.033), (0.11592, 0.00112, 0.066), (0.11832, 0.0025200003, 0.099), (0.12168, 0.00448, 0.132), (0.126, 0.007, 0.16499999), (0.120000005, 0, 0), (0.12048001, 0.00028, 0.033), (0.121920004, 0.00112, 0.066), (0.12432001, 0.0025200003, 0.099), (0.12768, 0.00448, 0.132), (0.132, 0.007, 0.16499999), (-0.120000005, 0.006, 0), (-0.11952, 0.00628, 0.033), (-0.118080005, 0.00712, 0.066), (-0.11568, 0.008520001, 0.099), (-0.112320006, 0.01048, 0.132), (-0.108, 0.013, 0.16499999), (-0.114, 0.006, 0), (-0.11352, 0.00628, 0.033), (-0.11208, 0.00712, 0.066), (-0.10968, 0.008520001, 0.099), (-0.10632, 0.01048, 0.132), (-0.102, 0.013, 0.16499999), (-0.108, 0.006, 0), (-0.10752, 0.00628, 0.033), (-0.10608, 0.00712, 0.066), (-0.10368, 0.008520001, 0.099), (-0.100320004, 0.01048, 0.132), (-0.096, 0.013, 0.16499999), (-0.102, 0.006, 0), (-0.101519994, 0.00628, 0.033), (-0.10008, 0.00712, 0.066), (-0.097679995, 0.008520001, 0.099), (-0.09432, 0.01048, 0.132), (-0.089999996, 0.013, 0.16499999), (-0.096, 0.006, 0), (-0.09552, 0.00628, 0.033), (-0.09408, 0.00712, 0.066), (-0.09168, 0.008520001, 0.099), (-0.08832, 0.01048, 0.132), (-0.084, 0.013, 0.16499999), (-0.09, 0.006, 0), (-0.08952, 0.00628, 0.033), (-0.088080004, 0.00712, 0.066), (-0.08568, 0.008520001, 0.099), (-0.082320005, 0.01048, 0.132), (-0.078, 0.013, 0.16499999), (-0.084, 0.006, 0), (-0.083519995, 0.00628, 0.033), (-0.08208, 0.00712, 0.066), (-0.079679996, 0.008520001, 0.099), (-0.07632, 0.01048, 0.132), (-0.072, 0.013, 0.16499999), (-0.078, 0.006, 0), (-0.07752, 0.00628, 0.033), (-0.07608, 0.00712, 0.066), (-0.07368, 0.008520001, 0.099), (-0.07032, 0.01048, 0.132), (-0.066, 0.013, 0.16499999), (-0.072, 0.006, 0), (-0.07151999, 0.00628, 0.033), (-0.07008, 0.00712, 0.066), (-0.067679994, 0.008520001, 0.099), (-0.06432, 0.01048, 0.132), (-0.059999995, 0.013, 0.16499999), (-0.066, 0.006, 0), (-0.065519996, 0.00628, 0.033), (-0.06408, 0.00712, 0.066), (-0.06168, 0.008520001, 0.099), (-0.05832, 0.01048, 0.132), (-0.053999998, 0.013, 0.16499999), (-0.060000002, 0.006, 0), (-0.059520002, 0.00628, 0.033), (-0.058080003, 0.00712, 0.066), (-0.055680003, 0.008520001, 0.099), (-0.052320004, 0.01048, 0.132), (-0.048, 0.013, 0.16499999), (-0.054, 0.006, 0), (-0.05352, 0.00628, 0.033), (-0.05208, 0.00712, 0.066), (-0.049680002, 0.008520001, 0.099), (-0.046320003, 0.01048, 0.132), (-0.042000003, 0.013, 0.16499999), (-0.048, 0.006, 0), (-0.04752, 0.00628, 0.033), (-0.04608, 0.00712, 0.066), (-0.04368, 0.008520001, 0.099), (-0.04032, 0.01048, 0.132), (-0.036, 0.013, 0.16499999), (-0.042, 0.006, 0), (-0.04152, 0.00628, 0.033), (-0.04008, 0.00712, 0.066), (-0.03768, 0.008520001, 0.099), (-0.03432, 0.01048, 0.132), (-0.03, 0.013, 0.16499999), (-0.036, 0.006, 0), (-0.03552, 0.00628, 0.033), (-0.03408, 0.00712, 0.066), (-0.03168, 0.008520001, 0.099), (-0.028319998, 0.01048, 0.132), (-0.023999998, 0.013, 0.16499999), (-0.030000001, 0.006, 0), (-0.029520001, 0.00628, 0.033), (-0.028080001, 0.00712, 0.066), (-0.025680002, 0.008520001, 0.099), (-0.02232, 0.01048, 0.132), (-0.018000001, 0.013, 0.16499999), (-0.024, 0.006, 0), (-0.02352, 0.00628, 0.033), (-0.02208, 0.00712, 0.066), (-0.01968, 0.008520001, 0.099), (-0.01632, 0.01048, 0.132), (-0.012, 0.013, 0.16499999), (-0.018, 0.006, 0), (-0.01752, 0.00628, 0.033), (-0.01608, 0.00712, 0.066), (-0.013679999, 0.008520001, 0.099), (-0.0103199985, 0.01048, 0.132), (-0.005999999, 0.013, 0.16499999), (-0.012, 0.006, 0), (-0.01152, 0.00628, 0.033), (-0.01008, 0.00712, 0.066), (-0.00768, 0.008520001, 0.099), (-0.00432, 0.01048, 0.132), (0, 0.013, 0.16499999), (-0.006, 0.006, 0), (-0.00552, 0.00628, 0.033), (-0.00408, 0.00712, 0.066), (-0.0016799998, 0.008520001, 0.099), (0.0016800002, 0.01048, 0.132), (0.006, 0.013, 0.16499999), (0, 0.006, 0), (0.00048000002, 0.00628, 0.033), (0.0019200001, 0.00712, 0.066), (0.0043200003, 0.008520001, 0.099), (0.0076800003, 0.01048, 0.132), (0.012, 0.013, 0.16499999), (0.006, 0.006, 0), (0.00648, 0.00628, 0.033), (0.00792, 0.00712, 0.066), (0.01032, 0.008520001, 0.099), (0.01368, 0.01048, 0.132), (0.018, 0.013, 0.16499999), (0.012, 0.006, 0), (0.01248, 0.00628, 0.033), (0.01392, 0.00712, 0.066), (0.016320001, 0.008520001, 0.099), (0.01968, 0.01048, 0.132), (0.024, 0.013, 0.16499999), (0.018, 0.006, 0), (0.01848, 0.00628, 0.033), (0.019919999, 0.00712, 0.066), (0.022319999, 0.008520001, 0.099), (0.02568, 0.01048, 0.132), (0.03, 0.013, 0.16499999), (0.024, 0.006, 0), (0.02448, 0.00628, 0.033), (0.02592, 0.00712, 0.066), (0.02832, 0.008520001, 0.099), (0.03168, 0.01048, 0.132), (0.036, 0.013, 0.16499999), (0.030000001, 0.006, 0), (0.030480001, 0.00628, 0.033), (0.03192, 0.00712, 0.066), (0.03432, 0.008520001, 0.099), (0.03768, 0.01048, 0.132), (0.042000003, 0.013, 0.16499999), (0.036, 0.006, 0), (0.03648, 0.00628, 0.033), (0.03792, 0.00712, 0.066), (0.040319998, 0.008520001, 0.099), (0.043679997, 0.01048, 0.132), (0.048, 0.013, 0.16499999), (0.042, 0.006, 0), (0.04248, 0.00628, 0.033), (0.04392, 0.00712, 0.066), (0.04632, 0.008520001, 0.099), (0.04968, 0.01048, 0.132), (0.053999998, 0.013, 0.16499999), (0.048, 0.006, 0), (0.04848, 0.00628, 0.033), (0.04992, 0.00712, 0.066), (0.05232, 0.008520001, 0.099), (0.05568, 0.01048, 0.132), (0.060000002, 0.013, 0.16499999), (0.054, 0.006, 0), (0.05448, 0.00628, 0.033), (0.05592, 0.00712, 0.066), (0.05832, 0.008520001, 0.099), (0.06168, 0.01048, 0.132), (0.066, 0.013, 0.16499999), (0.060000002, 0.006, 0), (0.060480002, 0.00628, 0.033), (0.061920002, 0.00712, 0.066), (0.064320005, 0.008520001, 0.099), (0.06768, 0.01048, 0.132), (0.072000004, 0.013, 0.16499999), (0.066, 0.006, 0), (0.06648, 0.00628, 0.033), (0.06792, 0.00712, 0.066), (0.07032, 0.008520001, 0.099), (0.07368, 0.01048, 0.132), (0.078, 0.013, 0.16499999), (0.072, 0.006, 0), (0.07248, 0.00628, 0.033), (0.07392, 0.00712, 0.066), (0.07632, 0.008520001, 0.099), (0.079679996, 0.01048, 0.132), (0.084, 0.013, 0.16499999), (0.078, 0.006, 0), (0.078480005, 0.00628, 0.033), (0.07992, 0.00712, 0.066), (0.082320005, 0.008520001, 0.099), (0.08568, 0.01048, 0.132), (0.09, 0.013, 0.16499999), (0.084, 0.006, 0), (0.08448, 0.00628, 0.033), (0.08592, 0.00712, 0.066), (0.08832, 0.008520001, 0.099), (0.09168, 0.01048, 0.132), (0.096, 0.013, 0.16499999), (0.09, 0.006, 0), (0.09048001, 0.00628, 0.033), (0.09192, 0.00712, 0.066), (0.09432001, 0.008520001, 0.099), (0.09768, 0.01048, 0.132), (0.102000006, 0.013, 0.16499999), (0.096, 0.006, 0), (0.096480004, 0.00628, 0.033), (0.09792, 0.00712, 0.066), (0.100320004, 0.008520001, 0.099), (0.10368, 0.01048, 0.132), (0.108, 0.013, 0.16499999), (0.102, 0.006, 0), (0.10248, 0.00628, 0.033), (0.10392, 0.00712, 0.066), (0.10632, 0.008520001, 0.099), (0.10968, 0.01048, 0.132), (0.114, 0.013, 0.16499999), (0.108, 0.006, 0), (0.10848001, 0.00628, 0.033), (0.10992, 0.00712, 0.066), (0.112320006, 0.008520001, 0.099), (0.11568, 0.01048, 0.132), (0.120000005, 0.013, 0.16499999), (0.114, 0.006, 0), (0.11448, 0.00628, 0.033), (0.11592, 0.00712, 0.066), (0.11832, 0.008520001, 0.099), (0.12168, 0.01048, 0.132), (0.126, 0.013, 0.16499999), (0.120000005, 0.006, 0), (0.12048001, 0.00628, 0.033), (0.121920004, 0.00712, 0.066), (0.12432001, 0.008520001, 0.099), (0.12768, 0.01048, 0.132), (0.132, 0.013, 0.16499999), (-0.120000005, 0.012, 0), (-0.11952, 0.01228, 0.033), (-0.118080005, 0.01312, 0.066), (-0.11568, 0.014520001, 0.099), (-0.112320006, 0.01648, 0.132), (-0.108, 0.019000001, 0.16499999), (-0.114, 0.012, 0), (-0.11352, 0.01228, 0.033), (-0.11208, 0.01312, 0.066), (-0.10968, 0.014520001, 0.099), (-0.10632, 0.01648, 0.132), (-0.102, 0.019000001, 0.16499999), (-0.108, 0.012, 0), (-0.10752, 0.01228, 0.033), (-0.10608, 0.01312, 0.066), (-0.10368, 0.014520001, 0.099), (-0.100320004, 0.01648, 0.132), (-0.096, 0.019000001, 0.16499999), (-0.102, 0.012, 0), (-0.101519994, 0.01228, 0.033), (-0.10008, 0.01312, 0.066), (-0.097679995, 0.014520001, 0.099), (-0.09432, 0.01648, 0.132), (-0.089999996, 0.019000001, 0.16499999), (-0.096, 0.012, 0), (-0.09552, 0.01228, 0.033), (-0.09408, 0.01312, 0.066), (-0.09168, 0.014520001, 0.099), (-0.08832, 0.01648, 0.132), (-0.084, 0.019000001, 0.16499999), (-0.09, 0.012, 0), (-0.08952, 0.01228, 0.033), (-0.088080004, 0.01312, 0.066), (-0.08568, 0.014520001, 0.099), (-0.082320005, 0.01648, 0.132), (-0.078, 0.019000001, 0.16499999), (-0.084, 0.012, 0), (-0.083519995, 0.01228, 0.033), (-0.08208, 0.01312, 0.066), (-0.079679996, 0.014520001, 0.099), (-0.07632, 0.01648, 0.132), (-0.072, 0.019000001, 0.16499999), (-0.078, 0.012, 0), (-0.07752, 0.01228, 0.033), (-0.07608, 0.01312, 0.066), (-0.07368, 0.014520001, 0.099), (-0.07032, 0.01648, 0.132), (-0.066, 0.019000001, 0.16499999), (-0.072, 0.012, 0), (-0.07151999, 0.01228, 0.033), (-0.07008, 0.01312, 0.066), (-0.067679994, 0.014520001, 0.099), (-0.06432, 0.01648, 0.132), (-0.059999995, 0.019000001, 0.16499999), (-0.066, 0.012, 0), (-0.065519996, 0.01228, 0.033), (-0.06408, 0.01312, 0.066), (-0.06168, 0.014520001, 0.099), (-0.05832, 0.01648, 0.132), (-0.053999998, 0.019000001, 0.16499999), (-0.060000002, 0.012, 0), (-0.059520002, 0.01228, 0.033), (-0.058080003, 0.01312, 0.066), (-0.055680003, 0.014520001, 0.099), (-0.052320004, 0.01648, 0.132), (-0.048, 0.019000001, 0.16499999), (-0.054, 0.012, 0), (-0.05352, 0.01228, 0.033), (-0.05208, 0.01312, 0.066), (-0.049680002, 0.014520001, 0.099), (-0.046320003, 0.01648, 0.132), (-0.042000003, 0.019000001, 0.16499999), (-0.048, 0.012, 0), (-0.04752, 0.01228, 0.033), (-0.04608, 0.01312, 0.066), (-0.04368, 0.014520001, 0.099), (-0.04032, 0.01648, 0.132), (-0.036, 0.019000001, 0.16499999), (-0.042, 0.012, 0), (-0.04152, 0.01228, 0.033), (-0.04008, 0.01312, 0.066), (-0.03768, 0.014520001, 0.099), (-0.03432, 0.01648, 0.132), (-0.03, 0.019000001, 0.16499999), (-0.036, 0.012, 0), (-0.03552, 0.01228, 0.033), (-0.03408, 0.01312, 0.066), (-0.03168, 0.014520001, 0.099), (-0.028319998, 0.01648, 0.132), (-0.023999998, 0.019000001, 0.16499999), (-0.030000001, 0.012, 0), (-0.029520001, 0.01228, 0.033), (-0.028080001, 0.01312, 0.066), (-0.025680002, 0.014520001, 0.099), (-0.02232, 0.01648, 0.132), (-0.018000001, 0.019000001, 0.16499999), (-0.024, 0.012, 0), (-0.02352, 0.01228, 0.033), (-0.02208, 0.01312, 0.066), (-0.01968, 0.014520001, 0.099), (-0.01632, 0.01648, 0.132), (-0.012, 0.019000001, 0.16499999), (-0.018, 0.012, 0), (-0.01752, 0.01228, 0.033), (-0.01608, 0.01312, 0.066), (-0.013679999, 0.014520001, 0.099), (-0.0103199985, 0.01648, 0.132), (-0.005999999, 0.019000001, 0.16499999), (-0.012, 0.012, 0), (-0.01152, 0.01228, 0.033), (-0.01008, 0.01312, 0.066), (-0.00768, 0.014520001, 0.099), (-0.00432, 0.01648, 0.132), (0, 0.019000001, 0.16499999), (-0.006, 0.012, 0), (-0.00552, 0.01228, 0.033), (-0.00408, 0.01312, 0.066), (-0.0016799998, 0.014520001, 0.099), (0.0016800002, 0.01648, 0.132), (0.006, 0.019000001, 0.16499999), (0, 0.012, 0), (0.00048000002, 0.01228, 0.033), (0.0019200001, 0.01312, 0.066), (0.0043200003, 0.014520001, 0.099), (0.0076800003, 0.01648, 0.132), (0.012, 0.019000001, 0.16499999), (0.006, 0.012, 0), (0.00648, 0.01228, 0.033), (0.00792, 0.01312, 0.066), (0.01032, 0.014520001, 0.099), (0.01368, 0.01648, 0.132), (0.018, 0.019000001, 0.16499999), (0.012, 0.012, 0), (0.01248, 0.01228, 0.033), (0.01392, 0.01312, 0.066), (0.016320001, 0.014520001, 0.099), (0.01968, 0.01648, 0.132), (0.024, 0.019000001, 0.16499999), (0.018, 0.012, 0), (0.01848, 0.01228, 0.033), (0.019919999, 0.01312, 0.066), (0.022319999, 0.014520001, 0.099), (0.02568, 0.01648, 0.132), (0.03, 0.019000001, 0.16499999), (0.024, 0.012, 0), (0.02448, 0.01228, 0.033), (0.02592, 0.01312, 0.066), (0.02832, 0.014520001, 0.099), (0.03168, 0.01648, 0.132), (0.036, 0.019000001, 0.16499999), (0.030000001, 0.012, 0), (0.030480001, 0.01228, 0.033), (0.03192, 0.01312, 0.066), (0.03432, 0.014520001, 0.099), (0.03768, 0.01648, 0.132), (0.042000003, 0.019000001, 0.16499999), (0.036, 0.012, 0), (0.03648, 0.01228, 0.033), (0.03792, 0.01312, 0.066), (0.040319998, 0.014520001, 0.099), (0.043679997, 0.01648, 0.132), (0.048, 0.019000001, 0.16499999), (0.042, 0.012, 0), (0.04248, 0.01228, 0.033), (0.04392, 0.01312, 0.066), (0.04632, 0.014520001, 0.099), (0.04968, 0.01648, 0.132), (0.053999998, 0.019000001, 0.16499999), (0.048, 0.012, 0), (0.04848, 0.01228, 0.033), (0.04992, 0.01312, 0.066), (0.05232, 0.014520001, 0.099), (0.05568, 0.01648, 0.132), (0.060000002, 0.019000001, 0.16499999), (0.054, 0.012, 0), (0.05448, 0.01228, 0.033), (0.05592, 0.01312, 0.066), (0.05832, 0.014520001, 0.099), (0.06168, 0.01648, 0.132), (0.066, 0.019000001, 0.16499999), (0.060000002, 0.012, 0), (0.060480002, 0.01228, 0.033), (0.061920002, 0.01312, 0.066), (0.064320005, 0.014520001, 0.099), (0.06768, 0.01648, 0.132), (0.072000004, 0.019000001, 0.16499999), (0.066, 0.012, 0), (0.06648, 0.01228, 0.033), (0.06792, 0.01312, 0.066), (0.07032, 0.014520001, 0.099), (0.07368, 0.01648, 0.132), (0.078, 0.019000001, 0.16499999), (0.072, 0.012, 0), (0.07248, 0.01228, 0.033), (0.07392, 0.01312, 0.066), (0.07632, 0.014520001, 0.099), (0.079679996, 0.01648, 0.132), (0.084, 0.019000001, 0.16499999), (0.078, 0.012, 0), (0.078480005, 0.01228, 0.033), (0.07992, 0.01312, 0.066), (0.082320005, 0.014520001, 0.099), (0.08568, 0.01648, 0.132), (0.09, 0.019000001, 0.16499999), (0.084, 0.012, 0), (0.08448, 0.01228, 0.033), (0.08592, 0.01312, 0.066), (0.08832, 0.014520001, 0.099), (0.09168, 0.01648, 0.132), (0.096, 0.019000001, 0.16499999), (0.09, 0.012, 0), (0.09048001, 0.01228, 0.033), (0.09192, 0.01312, 0.066), (0.09432001, 0.014520001, 0.099), (0.09768, 0.01648, 0.132), (0.102000006, 0.019000001, 0.16499999), (0.096, 0.012, 0), (0.096480004, 0.01228, 0.033), (0.09792, 0.01312, 0.066), (0.100320004, 0.014520001, 0.099), (0.10368, 0.01648, 0.132), (0.108, 0.019000001, 0.16499999), (0.102, 0.012, 0), (0.10248, 0.01228, 0.033), (0.10392, 0.01312, 0.066), (0.10632, 0.014520001, 0.099), (0.10968, 0.01648, 0.132), (0.114, 0.019000001, 0.16499999), (0.108, 0.012, 0), (0.10848001, 0.01228, 0.033), (0.10992, 0.01312, 0.066), (0.112320006, 0.014520001, 0.099), (0.11568, 0.01648, 0.132), (0.120000005, 0.019000001, 0.16499999), (0.114, 0.012, 0), (0.11448, 0.01228, 0.033), (0.11592, 0.01312, 0.066), (0.11832, 0.014520001, 0.099), (0.12168, 0.01648, 0.132), (0.126, 0.019000001, 0.16499999), (0.120000005, 0.012, 0), (0.12048001, 0.01228, 0.033), (0.121920004, 0.01312, 0.066), (0.12432001, 0.014520001, 0.099), (0.12768, 0.01648, 0.132), (0.132, 0.019000001, 0.16499999), (-0.120000005, 0.018, 0), (-0.11952, 0.01828, 0.033), (-0.118080005, 0.019119998, 0.066), (-0.11568, 0.02052, 0.099), (-0.112320006, 0.02248, 0.132), (-0.108, 0.024999999, 0.16499999), (-0.114, 0.018, 0), (-0.11352, 0.01828, 0.033), (-0.11208, 0.019119998, 0.066), (-0.10968, 0.02052, 0.099), (-0.10632, 0.02248, 0.132), (-0.102, 0.024999999, 0.16499999), (-0.108, 0.018, 0), (-0.10752, 0.01828, 0.033), (-0.10608, 0.019119998, 0.066), (-0.10368, 0.02052, 0.099), (-0.100320004, 0.02248, 0.132), (-0.096, 0.024999999, 0.16499999), (-0.102, 0.018, 0), (-0.101519994, 0.01828, 0.033), (-0.10008, 0.019119998, 0.066), (-0.097679995, 0.02052, 0.099), (-0.09432, 0.02248, 0.132), (-0.089999996, 0.024999999, 0.16499999), (-0.096, 0.018, 0), (-0.09552, 0.01828, 0.033), (-0.09408, 0.019119998, 0.066), (-0.09168, 0.02052, 0.099), (-0.08832, 0.02248, 0.132), (-0.084, 0.024999999, 0.16499999), (-0.09, 0.018, 0), (-0.08952, 0.01828, 0.033), (-0.088080004, 0.019119998, 0.066), (-0.08568, 0.02052, 0.099), (-0.082320005, 0.02248, 0.132), (-0.078, 0.024999999, 0.16499999), (-0.084, 0.018, 0), (-0.083519995, 0.01828, 0.033), (-0.08208, 0.019119998, 0.066), (-0.079679996, 0.02052, 0.099), (-0.07632, 0.02248, 0.132), (-0.072, 0.024999999, 0.16499999), (-0.078, 0.018, 0), (-0.07752, 0.01828, 0.033), (-0.07608, 0.019119998, 0.066), (-0.07368, 0.02052, 0.099), (-0.07032, 0.02248, 0.132), (-0.066, 0.024999999, 0.16499999), (-0.072, 0.018, 0), (-0.07151999, 0.01828, 0.033), (-0.07008, 0.019119998, 0.066), (-0.067679994, 0.02052, 0.099), (-0.06432, 0.02248, 0.132), (-0.059999995, 0.024999999, 0.16499999), (-0.066, 0.018, 0), (-0.065519996, 0.01828, 0.033), (-0.06408, 0.019119998, 0.066), (-0.06168, 0.02052, 0.099), (-0.05832, 0.02248, 0.132), (-0.053999998, 0.024999999, 0.16499999), (-0.060000002, 0.018, 0), (-0.059520002, 0.01828, 0.033), (-0.058080003, 0.019119998, 0.066), (-0.055680003, 0.02052, 0.099), (-0.052320004, 0.02248, 0.132), (-0.048, 0.024999999, 0.16499999), (-0.054, 0.018, 0), (-0.05352, 0.01828, 0.033), (-0.05208, 0.019119998, 0.066), (-0.049680002, 0.02052, 0.099), (-0.046320003, 0.02248, 0.132), (-0.042000003, 0.024999999, 0.16499999), (-0.048, 0.018, 0), (-0.04752, 0.01828, 0.033), (-0.04608, 0.019119998, 0.066), (-0.04368, 0.02052, 0.099), (-0.04032, 0.02248, 0.132), (-0.036, 0.024999999, 0.16499999), (-0.042, 0.018, 0), (-0.04152, 0.01828, 0.033), (-0.04008, 0.019119998, 0.066), (-0.03768, 0.02052, 0.099), (-0.03432, 0.02248, 0.132), (-0.03, 0.024999999, 0.16499999), (-0.036, 0.018, 0), (-0.03552, 0.01828, 0.033), (-0.03408, 0.019119998, 0.066), (-0.03168, 0.02052, 0.099), (-0.028319998, 0.02248, 0.132), (-0.023999998, 0.024999999, 0.16499999), (-0.030000001, 0.018, 0), (-0.029520001, 0.01828, 0.033), (-0.028080001, 0.019119998, 0.066), (-0.025680002, 0.02052, 0.099), (-0.02232, 0.02248, 0.132), (-0.018000001, 0.024999999, 0.16499999), (-0.024, 0.018, 0), (-0.02352, 0.01828, 0.033), (-0.02208, 0.019119998, 0.066), (-0.01968, 0.02052, 0.099), (-0.01632, 0.02248, 0.132), (-0.012, 0.024999999, 0.16499999), (-0.018, 0.018, 0), (-0.01752, 0.01828, 0.033), (-0.01608, 0.019119998, 0.066), (-0.013679999, 0.02052, 0.099), (-0.0103199985, 0.02248, 0.132), (-0.005999999, 0.024999999, 0.16499999), (-0.012, 0.018, 0), (-0.01152, 0.01828, 0.033), (-0.01008, 0.019119998, 0.066), (-0.00768, 0.02052, 0.099), (-0.00432, 0.02248, 0.132), (0, 0.024999999, 0.16499999), (-0.006, 0.018, 0), (-0.00552, 0.01828, 0.033), (-0.00408, 0.019119998, 0.066), (-0.0016799998, 0.02052, 0.099), (0.0016800002, 0.02248, 0.132), (0.006, 0.024999999, 0.16499999), (0, 0.018, 0), (0.00048000002, 0.01828, 0.033), (0.0019200001, 0.019119998, 0.066), (0.0043200003, 0.02052, 0.099), (0.0076800003, 0.02248, 0.132), (0.012, 0.024999999, 0.16499999), (0.006, 0.018, 0), (0.00648, 0.01828, 0.033), (0.00792, 0.019119998, 0.066), (0.01032, 0.02052, 0.099), (0.01368, 0.02248, 0.132), (0.018, 0.024999999, 0.16499999), (0.012, 0.018, 0), (0.01248, 0.01828, 0.033), (0.01392, 0.019119998, 0.066), (0.016320001, 0.02052, 0.099), (0.01968, 0.02248, 0.132), (0.024, 0.024999999, 0.16499999), (0.018, 0.018, 0), (0.01848, 0.01828, 0.033), (0.019919999, 0.019119998, 0.066), (0.022319999, 0.02052, 0.099), (0.02568, 0.02248, 0.132), (0.03, 0.024999999, 0.16499999), (0.024, 0.018, 0), (0.02448, 0.01828, 0.033), (0.02592, 0.019119998, 0.066), (0.02832, 0.02052, 0.099), (0.03168, 0.02248, 0.132), (0.036, 0.024999999, 0.16499999), (0.030000001, 0.018, 0), (0.030480001, 0.01828, 0.033), (0.03192, 0.019119998, 0.066), (0.03432, 0.02052, 0.099), (0.03768, 0.02248, 0.132), (0.042000003, 0.024999999, 0.16499999), (0.036, 0.018, 0), (0.03648, 0.01828, 0.033), (0.03792, 0.019119998, 0.066), (0.040319998, 0.02052, 0.099), (0.043679997, 0.02248, 0.132), (0.048, 0.024999999, 0.16499999), (0.042, 0.018, 0), (0.04248, 0.01828, 0.033), (0.04392, 0.019119998, 0.066), (0.04632, 0.02052, 0.099), (0.04968, 0.02248, 0.132), (0.053999998, 0.024999999, 0.16499999), (0.048, 0.018, 0), (0.04848, 0.01828, 0.033), (0.04992, 0.019119998, 0.066), (0.05232, 0.02052, 0.099), (0.05568, 0.02248, 0.132), (0.060000002, 0.024999999, 0.16499999), (0.054, 0.018, 0), (0.05448, 0.01828, 0.033), (0.05592, 0.019119998, 0.066), (0.05832, 0.02052, 0.099), (0.06168, 0.02248, 0.132), (0.066, 0.024999999, 0.16499999), (0.060000002, 0.018, 0), (0.060480002, 0.01828, 0.033), (0.061920002, 0.019119998, 0.066), (0.064320005, 0.02052, 0.099), (0.06768, 0.02248, 0.132), (0.072000004, 0.024999999, 0.16499999), (0.066, 0.018, 0), (0.06648, 0.01828, 0.033), (0.06792, 0.019119998, 0.066), (0.07032, 0.02052, 0.099), (0.07368, 0.02248, 0.132), (0.078, 0.024999999, 0.16499999), (0.072, 0.018, 0), (0.07248, 0.01828, 0.033), (0.07392, 0.019119998, 0.066), (0.07632, 0.02052, 0.099), (0.079679996, 0.02248, 0.132), (0.084, 0.024999999, 0.16499999), (0.078, 0.018, 0), (0.078480005, 0.01828, 0.033), (0.07992, 0.019119998, 0.066), (0.082320005, 0.02052, 0.099), (0.08568, 0.02248, 0.132), (0.09, 0.024999999, 0.16499999), (0.084, 0.018, 0), (0.08448, 0.01828, 0.033), (0.08592, 0.019119998, 0.066), (0.08832, 0.02052, 0.099), (0.09168, 0.02248, 0.132), (0.096, 0.024999999, 0.16499999), (0.09, 0.018, 0), (0.09048001, 0.01828, 0.033), (0.09192, 0.019119998, 0.066), (0.09432001, 0.02052, 0.099), (0.09768, 0.02248, 0.132), (0.102000006, 0.024999999, 0.16499999), (0.096, 0.018, 0), (0.096480004, 0.01828, 0.033), (0.09792, 0.019119998, 0.066), (0.100320004, 0.02052, 0.099), (0.10368, 0.02248, 0.132), (0.108, 0.024999999, 0.16499999), (0.102, 0.018, 0), (0.10248, 0.01828, 0.033), (0.10392, 0.019119998, 0.066), (0.10632, 0.02052, 0.099), (0.10968, 0.02248, 0.132), (0.114, 0.024999999, 0.16499999), (0.108, 0.018, 0), (0.10848001, 0.01828, 0.033), (0.10992, 0.019119998, 0.066), (0.112320006, 0.02052, 0.099), (0.11568, 0.02248, 0.132), (0.120000005, 0.024999999, 0.16499999), (0.114, 0.018, 0), (0.11448, 0.01828, 0.033), (0.11592, 0.019119998, 0.066), (0.11832, 0.02052, 0.099), (0.12168, 0.02248, 0.132), (0.126, 0.024999999, 0.16499999), (0.120000005, 0.018, 0), (0.12048001, 0.01828, 0.033), (0.121920004, 0.019119998, 0.066), (0.12432001, 0.02052, 0.099), (0.12768, 0.02248, 0.132), (0.132, 0.024999999, 0.16499999), (-0.120000005, 0.024, 0), (-0.11952, 0.02428, 0.033), (-0.118080005, 0.02512, 0.066), (-0.11568, 0.02652, 0.099), (-0.112320006, 0.02848, 0.132), (-0.108, 0.031, 0.16499999), (-0.114, 0.024, 0), (-0.11352, 0.02428, 0.033), (-0.11208, 0.02512, 0.066), (-0.10968, 0.02652, 0.099), (-0.10632, 0.02848, 0.132), (-0.102, 0.031, 0.16499999), (-0.108, 0.024, 0), (-0.10752, 0.02428, 0.033), (-0.10608, 0.02512, 0.066), (-0.10368, 0.02652, 0.099), (-0.100320004, 0.02848, 0.132), (-0.096, 0.031, 0.16499999), (-0.102, 0.024, 0), (-0.101519994, 0.02428, 0.033), (-0.10008, 0.02512, 0.066), (-0.097679995, 0.02652, 0.099), (-0.09432, 0.02848, 0.132), (-0.089999996, 0.031, 0.16499999), (-0.096, 0.024, 0), (-0.09552, 0.02428, 0.033), (-0.09408, 0.02512, 0.066), (-0.09168, 0.02652, 0.099), (-0.08832, 0.02848, 0.132), (-0.084, 0.031, 0.16499999), (-0.09, 0.024, 0), (-0.08952, 0.02428, 0.033), (-0.088080004, 0.02512, 0.066), (-0.08568, 0.02652, 0.099), (-0.082320005, 0.02848, 0.132), (-0.078, 0.031, 0.16499999), (-0.084, 0.024, 0), (-0.083519995, 0.02428, 0.033), (-0.08208, 0.02512, 0.066), (-0.079679996, 0.02652, 0.099), (-0.07632, 0.02848, 0.132), (-0.072, 0.031, 0.16499999), (-0.078, 0.024, 0), (-0.07752, 0.02428, 0.033), (-0.07608, 0.02512, 0.066), (-0.07368, 0.02652, 0.099), (-0.07032, 0.02848, 0.132), (-0.066, 0.031, 0.16499999), (-0.072, 0.024, 0), (-0.07151999, 0.02428, 0.033), (-0.07008, 0.02512, 0.066), (-0.067679994, 0.02652, 0.099), (-0.06432, 0.02848, 0.132), (-0.059999995, 0.031, 0.16499999), (-0.066, 0.024, 0), (-0.065519996, 0.02428, 0.033), (-0.06408, 0.02512, 0.066), (-0.06168, 0.02652, 0.099), (-0.05832, 0.02848, 0.132), (-0.053999998, 0.031, 0.16499999), (-0.060000002, 0.024, 0), (-0.059520002, 0.02428, 0.033), (-0.058080003, 0.02512, 0.066), (-0.055680003, 0.02652, 0.099), (-0.052320004, 0.02848, 0.132), (-0.048, 0.031, 0.16499999), (-0.054, 0.024, 0), (-0.05352, 0.02428, 0.033), (-0.05208, 0.02512, 0.066), (-0.049680002, 0.02652, 0.099), (-0.046320003, 0.02848, 0.132), (-0.042000003, 0.031, 0.16499999), (-0.048, 0.024, 0), (-0.04752, 0.02428, 0.033), (-0.04608, 0.02512, 0.066), (-0.04368, 0.02652, 0.099), (-0.04032, 0.02848, 0.132), (-0.036, 0.031, 0.16499999), (-0.042, 0.024, 0), (-0.04152, 0.02428, 0.033), (-0.04008, 0.02512, 0.066), (-0.03768, 0.02652, 0.099), (-0.03432, 0.02848, 0.132), (-0.03, 0.031, 0.16499999), (-0.036, 0.024, 0), (-0.03552, 0.02428, 0.033), (-0.03408, 0.02512, 0.066), (-0.03168, 0.02652, 0.099), (-0.028319998, 0.02848, 0.132), (-0.023999998, 0.031, 0.16499999), (-0.030000001, 0.024, 0), (-0.029520001, 0.02428, 0.033), (-0.028080001, 0.02512, 0.066), (-0.025680002, 0.02652, 0.099), (-0.02232, 0.02848, 0.132), (-0.018000001, 0.031, 0.16499999), (-0.024, 0.024, 0), (-0.02352, 0.02428, 0.033), (-0.02208, 0.02512, 0.066), (-0.01968, 0.02652, 0.099), (-0.01632, 0.02848, 0.132), (-0.012, 0.031, 0.16499999), (-0.018, 0.024, 0), (-0.01752, 0.02428, 0.033), (-0.01608, 0.02512, 0.066), (-0.013679999, 0.02652, 0.099), (-0.0103199985, 0.02848, 0.132), (-0.005999999, 0.031, 0.16499999), (-0.012, 0.024, 0), (-0.01152, 0.02428, 0.033), (-0.01008, 0.02512, 0.066), (-0.00768, 0.02652, 0.099), (-0.00432, 0.02848, 0.132), (0, 0.031, 0.16499999), (-0.006, 0.024, 0), (-0.00552, 0.02428, 0.033), (-0.00408, 0.02512, 0.066), (-0.0016799998, 0.02652, 0.099), (0.0016800002, 0.02848, 0.132), (0.006, 0.031, 0.16499999), (0, 0.024, 0), (0.00048000002, 0.02428, 0.033), (0.0019200001, 0.02512, 0.066), (0.0043200003, 0.02652, 0.099), (0.0076800003, 0.02848, 0.132), (0.012, 0.031, 0.16499999), (0.006, 0.024, 0), (0.00648, 0.02428, 0.033), (0.00792, 0.02512, 0.066), (0.01032, 0.02652, 0.099), (0.01368, 0.02848, 0.132), (0.018, 0.031, 0.16499999), (0.012, 0.024, 0), (0.01248, 0.02428, 0.033), (0.01392, 0.02512, 0.066), (0.016320001, 0.02652, 0.099), (0.01968, 0.02848, 0.132), (0.024, 0.031, 0.16499999), (0.018, 0.024, 0), (0.01848, 0.02428, 0.033), (0.019919999, 0.02512, 0.066), (0.022319999, 0.02652, 0.099), (0.02568, 0.02848, 0.132), (0.03, 0.031, 0.16499999), (0.024, 0.024, 0), (0.02448, 0.02428, 0.033), (0.02592, 0.02512, 0.066), (0.02832, 0.02652, 0.099), (0.03168, 0.02848, 0.132), (0.036, 0.031, 0.16499999), (0.030000001, 0.024, 0), (0.030480001, 0.02428, 0.033), (0.03192, 0.02512, 0.066), (0.03432, 0.02652, 0.099), (0.03768, 0.02848, 0.132), (0.042000003, 0.031, 0.16499999), (0.036, 0.024, 0), (0.03648, 0.02428, 0.033), (0.03792, 0.02512, 0.066), (0.040319998, 0.02652, 0.099), (0.043679997, 0.02848, 0.132), (0.048, 0.031, 0.16499999), (0.042, 0.024, 0), (0.04248, 0.02428, 0.033), (0.04392, 0.02512, 0.066), (0.04632, 0.02652, 0.099), (0.04968, 0.02848, 0.132), (0.053999998, 0.031, 0.16499999), (0.048, 0.024, 0), (0.04848, 0.02428, 0.033), (0.04992, 0.02512, 0.066), (0.05232, 0.02652, 0.099), (0.05568, 0.02848, 0.132), (0.060000002, 0.031, 0.16499999), (0.054, 0.024, 0), (0.05448, 0.02428, 0.033), (0.05592, 0.02512, 0.066), (0.05832, 0.02652, 0.099), (0.06168, 0.02848, 0.132), (0.066, 0.031, 0.16499999), (0.060000002, 0.024, 0), (0.060480002, 0.02428, 0.033), (0.061920002, 0.02512, 0.066), (0.064320005, 0.02652, 0.099), (0.06768, 0.02848, 0.132), (0.072000004, 0.031, 0.16499999), (0.066, 0.024, 0), (0.06648, 0.02428, 0.033), (0.06792, 0.02512, 0.066), (0.07032, 0.02652, 0.099), (0.07368, 0.02848, 0.132), (0.078, 0.031, 0.16499999), (0.072, 0.024, 0), (0.07248, 0.02428, 0.033), (0.07392, 0.02512, 0.066), (0.07632, 0.02652, 0.099), (0.079679996, 0.02848, 0.132), (0.084, 0.031, 0.16499999), (0.078, 0.024, 0), (0.078480005, 0.02428, 0.033), (0.07992, 0.02512, 0.066), (0.082320005, 0.02652, 0.099), (0.08568, 0.02848, 0.132), (0.09, 0.031, 0.16499999), (0.084, 0.024, 0), (0.08448, 0.02428, 0.033), (0.08592, 0.02512, 0.066), (0.08832, 0.02652, 0.099), (0.09168, 0.02848, 0.132), (0.096, 0.031, 0.16499999), (0.09, 0.024, 0), (0.09048001, 0.02428, 0.033), (0.09192, 0.02512, 0.066), (0.09432001, 0.02652, 0.099), (0.09768, 0.02848, 0.132), (0.102000006, 0.031, 0.16499999), (0.096, 0.024, 0), (0.096480004, 0.02428, 0.033), (0.09792, 0.02512, 0.066), (0.100320004, 0.02652, 0.099), (0.10368, 0.02848, 0.132), (0.108, 0.031, 0.16499999), (0.102, 0.024, 0), (0.10248, 0.02428, 0.033), (0.10392, 0.02512, 0.066), (0.10632, 0.02652, 0.099), (0.10968, 0.02848, 0.132), (0.114, 0.031, 0.16499999), (0.108, 0.024, 0), (0.10848001, 0.02428, 0.033), (0.10992, 0.02512, 0.066), (0.112320006, 0.02652, 0.099), (0.11568, 0.02848, 0.132), (0.120000005, 0.031, 0.16499999), (0.114, 0.024, 0), (0.11448, 0.02428, 0.033), (0.11592, 0.02512, 0.066), (0.11832, 0.02652, 0.099), (0.12168, 0.02848, 0.132), (0.126, 0.031, 0.16499999), (0.120000005, 0.024, 0), (0.12048001, 0.02428, 0.033), (0.121920004, 0.02512, 0.066), (0.12432001, 0.02652, 0.099), (0.12768, 0.02848, 0.132), (0.132, 0.031, 0.16499999), (-0.120000005, 0.030000001, 0), (-0.11952, 0.030280001, 0.033), (-0.118080005, 0.03112, 0.066), (-0.11568, 0.03252, 0.099), (-0.112320006, 0.03448, 0.132), (-0.108, 0.037, 0.16499999), (-0.114, 0.030000001, 0), (-0.11352, 0.030280001, 0.033), (-0.11208, 0.03112, 0.066), (-0.10968, 0.03252, 0.099), (-0.10632, 0.03448, 0.132), (-0.102, 0.037, 0.16499999), (-0.108, 0.030000001, 0), (-0.10752, 0.030280001, 0.033), (-0.10608, 0.03112, 0.066), (-0.10368, 0.03252, 0.099), (-0.100320004, 0.03448, 0.132), (-0.096, 0.037, 0.16499999), (-0.102, 0.030000001, 0), (-0.101519994, 0.030280001, 0.033), (-0.10008, 0.03112, 0.066), (-0.097679995, 0.03252, 0.099), (-0.09432, 0.03448, 0.132), (-0.089999996, 0.037, 0.16499999), (-0.096, 0.030000001, 0), (-0.09552, 0.030280001, 0.033), (-0.09408, 0.03112, 0.066), (-0.09168, 0.03252, 0.099), (-0.08832, 0.03448, 0.132), (-0.084, 0.037, 0.16499999), (-0.09, 0.030000001, 0), (-0.08952, 0.030280001, 0.033), (-0.088080004, 0.03112, 0.066), (-0.08568, 0.03252, 0.099), (-0.082320005, 0.03448, 0.132), (-0.078, 0.037, 0.16499999), (-0.084, 0.030000001, 0), (-0.083519995, 0.030280001, 0.033), (-0.08208, 0.03112, 0.066), (-0.079679996, 0.03252, 0.099), (-0.07632, 0.03448, 0.132), (-0.072, 0.037, 0.16499999), (-0.078, 0.030000001, 0), (-0.07752, 0.030280001, 0.033), (-0.07608, 0.03112, 0.066), (-0.07368, 0.03252, 0.099), (-0.07032, 0.03448, 0.132), (-0.066, 0.037, 0.16499999), (-0.072, 0.030000001, 0), (-0.07151999, 0.030280001, 0.033), (-0.07008, 0.03112, 0.066), (-0.067679994, 0.03252, 0.099), (-0.06432, 0.03448, 0.132), (-0.059999995, 0.037, 0.16499999), (-0.066, 0.030000001, 0), (-0.065519996, 0.030280001, 0.033), (-0.06408, 0.03112, 0.066), (-0.06168, 0.03252, 0.099), (-0.05832, 0.03448, 0.132), (-0.053999998, 0.037, 0.16499999), (-0.060000002, 0.030000001, 0), (-0.059520002, 0.030280001, 0.033), (-0.058080003, 0.03112, 0.066), (-0.055680003, 0.03252, 0.099), (-0.052320004, 0.03448, 0.132), (-0.048, 0.037, 0.16499999), (-0.054, 0.030000001, 0), (-0.05352, 0.030280001, 0.033), (-0.05208, 0.03112, 0.066), (-0.049680002, 0.03252, 0.099), (-0.046320003, 0.03448, 0.132), (-0.042000003, 0.037, 0.16499999), (-0.048, 0.030000001, 0), (-0.04752, 0.030280001, 0.033), (-0.04608, 0.03112, 0.066), (-0.04368, 0.03252, 0.099), (-0.04032, 0.03448, 0.132), (-0.036, 0.037, 0.16499999), (-0.042, 0.030000001, 0), (-0.04152, 0.030280001, 0.033), (-0.04008, 0.03112, 0.066), (-0.03768, 0.03252, 0.099), (-0.03432, 0.03448, 0.132), (-0.03, 0.037, 0.16499999), (-0.036, 0.030000001, 0), (-0.03552, 0.030280001, 0.033), (-0.03408, 0.03112, 0.066), (-0.03168, 0.03252, 0.099), (-0.028319998, 0.03448, 0.132), (-0.023999998, 0.037, 0.16499999), (-0.030000001, 0.030000001, 0), (-0.029520001, 0.030280001, 0.033), (-0.028080001, 0.03112, 0.066), (-0.025680002, 0.03252, 0.099), (-0.02232, 0.03448, 0.132), (-0.018000001, 0.037, 0.16499999), (-0.024, 0.030000001, 0), (-0.02352, 0.030280001, 0.033), (-0.02208, 0.03112, 0.066), (-0.01968, 0.03252, 0.099), (-0.01632, 0.03448, 0.132), (-0.012, 0.037, 0.16499999), (-0.018, 0.030000001, 0), (-0.01752, 0.030280001, 0.033), (-0.01608, 0.03112, 0.066), (-0.013679999, 0.03252, 0.099), (-0.0103199985, 0.03448, 0.132), (-0.005999999, 0.037, 0.16499999), (-0.012, 0.030000001, 0), (-0.01152, 0.030280001, 0.033), (-0.01008, 0.03112, 0.066), (-0.00768, 0.03252, 0.099), (-0.00432, 0.03448, 0.132), (0, 0.037, 0.16499999), (-0.006, 0.030000001, 0), (-0.00552, 0.030280001, 0.033), (-0.00408, 0.03112, 0.066), (-0.0016799998, 0.03252, 0.099), (0.0016800002, 0.03448, 0.132), (0.006, 0.037, 0.16499999), (0, 0.030000001, 0), (0.00048000002, 0.030280001, 0.033), (0.0019200001, 0.03112, 0.066), (0.0043200003, 0.03252, 0.099), (0.0076800003, 0.03448, 0.132), (0.012, 0.037, 0.16499999), (0.006, 0.030000001, 0), (0.00648, 0.030280001, 0.033), (0.00792, 0.03112, 0.066), (0.01032, 0.03252, 0.099), (0.01368, 0.03448, 0.132), (0.018, 0.037, 0.16499999), (0.012, 0.030000001, 0), (0.01248, 0.030280001, 0.033), (0.01392, 0.03112, 0.066), (0.016320001, 0.03252, 0.099), (0.01968, 0.03448, 0.132), (0.024, 0.037, 0.16499999), (0.018, 0.030000001, 0), (0.01848, 0.030280001, 0.033), (0.019919999, 0.03112, 0.066), (0.022319999, 0.03252, 0.099), (0.02568, 0.03448, 0.132), (0.03, 0.037, 0.16499999), (0.024, 0.030000001, 0), (0.02448, 0.030280001, 0.033), (0.02592, 0.03112, 0.066), (0.02832, 0.03252, 0.099), (0.03168, 0.03448, 0.132), (0.036, 0.037, 0.16499999), (0.030000001, 0.030000001, 0), (0.030480001, 0.030280001, 0.033), (0.03192, 0.03112, 0.066), (0.03432, 0.03252, 0.099), (0.03768, 0.03448, 0.132), (0.042000003, 0.037, 0.16499999), (0.036, 0.030000001, 0), (0.03648, 0.030280001, 0.033), (0.03792, 0.03112, 0.066), (0.040319998, 0.03252, 0.099), (0.043679997, 0.03448, 0.132), (0.048, 0.037, 0.16499999), (0.042, 0.030000001, 0), (0.04248, 0.030280001, 0.033), (0.04392, 0.03112, 0.066), (0.04632, 0.03252, 0.099), (0.04968, 0.03448, 0.132), (0.053999998, 0.037, 0.16499999), (0.048, 0.030000001, 0), (0.04848, 0.030280001, 0.033), (0.04992, 0.03112, 0.066), (0.05232, 0.03252, 0.099), (0.05568, 0.03448, 0.132), (0.060000002, 0.037, 0.16499999), (0.054, 0.030000001, 0), (0.05448, 0.030280001, 0.033), (0.05592, 0.03112, 0.066), (0.05832, 0.03252, 0.099), (0.06168, 0.03448, 0.132), (0.066, 0.037, 0.16499999), (0.060000002, 0.030000001, 0), (0.060480002, 0.030280001, 0.033), (0.061920002, 0.03112, 0.066), (0.064320005, 0.03252, 0.099), (0.06768, 0.03448, 0.132), (0.072000004, 0.037, 0.16499999), (0.066, 0.030000001, 0), (0.06648, 0.030280001, 0.033), (0.06792, 0.03112, 0.066), (0.07032, 0.03252, 0.099), (0.07368, 0.03448, 0.132), (0.078, 0.037, 0.16499999), (0.072, 0.030000001, 0), (0.07248, 0.030280001, 0.033), (0.07392, 0.03112, 0.066), (0.07632, 0.03252, 0.099), (0.079679996, 0.03448, 0.132), (0.084, 0.037, 0.16499999), (0.078, 0.030000001, 0), (0.078480005, 0.030280001, 0.033), (0.07992, 0.03112, 0.066), (0.082320005, 0.03252, 0.099), (0.08568, 0.03448, 0.132), (0.09, 0.037, 0.16499999), (0.084, 0.030000001, 0), (0.08448, 0.030280001, 0.033), (0.08592, 0.03112, 0.066), (0.08832, 0.03252, 0.099), (0.09168, 0.03448, 0.132), (0.096, 0.037, 0.16499999), (0.09, 0.030000001, 0), (0.09048001, 0.030280001, 0.033), (0.09192, 0.03112, 0.066), (0.09432001, 0.03252, 0.099), (0.09768, 0.03448, 0.132), (0.102000006, 0.037, 0.16499999), (0.096, 0.030000001, 0), (0.096480004, 0.030280001, 0.033), (0.09792, 0.03112, 0.066), (0.100320004, 0.03252, 0.099), (0.10368, 0.03448, 0.132), (0.108, 0.037, 0.16499999), (0.102, 0.030000001, 0), (0.10248, 0.030280001, 0.033), (0.10392, 0.03112, 0.066), (0.10632, 0.03252, 0.099), (0.10968, 0.03448, 0.132), (0.114, 0.037, 0.16499999), (0.108, 0.030000001, 0), (0.10848001, 0.030280001, 0.033), (0.10992, 0.03112, 0.066), (0.112320006, 0.03252, 0.099), (0.11568, 0.03448, 0.132), (0.120000005, 0.037, 0.16499999), (0.114, 0.030000001, 0), (0.11448, 0.030280001, 0.033), (0.11592, 0.03112, 0.066), (0.11832, 0.03252, 0.099), (0.12168, 0.03448, 0.132), (0.126, 0.037, 0.16499999), (0.120000005, 0.030000001, 0), (0.12048001, 0.030280001, 0.033), (0.121920004, 0.03112, 0.066), (0.12432001, 0.03252, 0.099), (0.12768, 0.03448, 0.132), (0.132, 0.037, 0.16499999), (-0.120000005, 0.036, 0), (-0.11952, 0.03628, 0.033), (-0.118080005, 0.03712, 0.066), (-0.11568, 0.038519997, 0.099), (-0.112320006, 0.04048, 0.132), (-0.108, 0.042999998, 0.16499999), (-0.114, 0.036, 0), (-0.11352, 0.03628, 0.033), (-0.11208, 0.03712, 0.066), (-0.10968, 0.038519997, 0.099), (-0.10632, 0.04048, 0.132), (-0.102, 0.042999998, 0.16499999), (-0.108, 0.036, 0), (-0.10752, 0.03628, 0.033), (-0.10608, 0.03712, 0.066), (-0.10368, 0.038519997, 0.099), (-0.100320004, 0.04048, 0.132), (-0.096, 0.042999998, 0.16499999), (-0.102, 0.036, 0), (-0.101519994, 0.03628, 0.033), (-0.10008, 0.03712, 0.066), (-0.097679995, 0.038519997, 0.099), (-0.09432, 0.04048, 0.132), (-0.089999996, 0.042999998, 0.16499999), (-0.096, 0.036, 0), (-0.09552, 0.03628, 0.033), (-0.09408, 0.03712, 0.066), (-0.09168, 0.038519997, 0.099), (-0.08832, 0.04048, 0.132), (-0.084, 0.042999998, 0.16499999), (-0.09, 0.036, 0), (-0.08952, 0.03628, 0.033), (-0.088080004, 0.03712, 0.066), (-0.08568, 0.038519997, 0.099), (-0.082320005, 0.04048, 0.132), (-0.078, 0.042999998, 0.16499999), (-0.084, 0.036, 0), (-0.083519995, 0.03628, 0.033), (-0.08208, 0.03712, 0.066), (-0.079679996, 0.038519997, 0.099), (-0.07632, 0.04048, 0.132), (-0.072, 0.042999998, 0.16499999), (-0.078, 0.036, 0), (-0.07752, 0.03628, 0.033), (-0.07608, 0.03712, 0.066), (-0.07368, 0.038519997, 0.099), (-0.07032, 0.04048, 0.132), (-0.066, 0.042999998, 0.16499999), (-0.072, 0.036, 0), (-0.07151999, 0.03628, 0.033), (-0.07008, 0.03712, 0.066), (-0.067679994, 0.038519997, 0.099), (-0.06432, 0.04048, 0.132), (-0.059999995, 0.042999998, 0.16499999), (-0.066, 0.036, 0), (-0.065519996, 0.03628, 0.033), (-0.06408, 0.03712, 0.066), (-0.06168, 0.038519997, 0.099), (-0.05832, 0.04048, 0.132), (-0.053999998, 0.042999998, 0.16499999), (-0.060000002, 0.036, 0), (-0.059520002, 0.03628, 0.033), (-0.058080003, 0.03712, 0.066), (-0.055680003, 0.038519997, 0.099), (-0.052320004, 0.04048, 0.132), (-0.048, 0.042999998, 0.16499999), (-0.054, 0.036, 0), (-0.05352, 0.03628, 0.033), (-0.05208, 0.03712, 0.066), (-0.049680002, 0.038519997, 0.099), (-0.046320003, 0.04048, 0.132), (-0.042000003, 0.042999998, 0.16499999), (-0.048, 0.036, 0), (-0.04752, 0.03628, 0.033), (-0.04608, 0.03712, 0.066), (-0.04368, 0.038519997, 0.099), (-0.04032, 0.04048, 0.132), (-0.036, 0.042999998, 0.16499999), (-0.042, 0.036, 0), (-0.04152, 0.03628, 0.033), (-0.04008, 0.03712, 0.066), (-0.03768, 0.038519997, 0.099), (-0.03432, 0.04048, 0.132), (-0.03, 0.042999998, 0.16499999), (-0.036, 0.036, 0), (-0.03552, 0.03628, 0.033), (-0.03408, 0.03712, 0.066), (-0.03168, 0.038519997, 0.099), (-0.028319998, 0.04048, 0.132), (-0.023999998, 0.042999998, 0.16499999), (-0.030000001, 0.036, 0), (-0.029520001, 0.03628, 0.033), (-0.028080001, 0.03712, 0.066), (-0.025680002, 0.038519997, 0.099), (-0.02232, 0.04048, 0.132), (-0.018000001, 0.042999998, 0.16499999), (-0.024, 0.036, 0), (-0.02352, 0.03628, 0.033), (-0.02208, 0.03712, 0.066), (-0.01968, 0.038519997, 0.099), (-0.01632, 0.04048, 0.132), (-0.012, 0.042999998, 0.16499999), (-0.018, 0.036, 0), (-0.01752, 0.03628, 0.033), (-0.01608, 0.03712, 0.066), (-0.013679999, 0.038519997, 0.099), (-0.0103199985, 0.04048, 0.132), (-0.005999999, 0.042999998, 0.16499999), (-0.012, 0.036, 0), (-0.01152, 0.03628, 0.033), (-0.01008, 0.03712, 0.066), (-0.00768, 0.038519997, 0.099), (-0.00432, 0.04048, 0.132), (0, 0.042999998, 0.16499999), (-0.006, 0.036, 0), (-0.00552, 0.03628, 0.033), (-0.00408, 0.03712, 0.066), (-0.0016799998, 0.038519997, 0.099), (0.0016800002, 0.04048, 0.132), (0.006, 0.042999998, 0.16499999), (0, 0.036, 0), (0.00048000002, 0.03628, 0.033), (0.0019200001, 0.03712, 0.066), (0.0043200003, 0.038519997, 0.099), (0.0076800003, 0.04048, 0.132), (0.012, 0.042999998, 0.16499999), (0.006, 0.036, 0), (0.00648, 0.03628, 0.033), (0.00792, 0.03712, 0.066), (0.01032, 0.038519997, 0.099), (0.01368, 0.04048, 0.132), (0.018, 0.042999998, 0.16499999), (0.012, 0.036, 0), (0.01248, 0.03628, 0.033), (0.01392, 0.03712, 0.066), (0.016320001, 0.038519997, 0.099), (0.01968, 0.04048, 0.132), (0.024, 0.042999998, 0.16499999), (0.018, 0.036, 0), (0.01848, 0.03628, 0.033), (0.019919999, 0.03712, 0.066), (0.022319999, 0.038519997, 0.099), (0.02568, 0.04048, 0.132), (0.03, 0.042999998, 0.16499999), (0.024, 0.036, 0), (0.02448, 0.03628, 0.033), (0.02592, 0.03712, 0.066), (0.02832, 0.038519997, 0.099), (0.03168, 0.04048, 0.132), (0.036, 0.042999998, 0.16499999), (0.030000001, 0.036, 0), (0.030480001, 0.03628, 0.033), (0.03192, 0.03712, 0.066), (0.03432, 0.038519997, 0.099), (0.03768, 0.04048, 0.132), (0.042000003, 0.042999998, 0.16499999), (0.036, 0.036, 0), (0.03648, 0.03628, 0.033), (0.03792, 0.03712, 0.066), (0.040319998, 0.038519997, 0.099), (0.043679997, 0.04048, 0.132), (0.048, 0.042999998, 0.16499999), (0.042, 0.036, 0), (0.04248, 0.03628, 0.033), (0.04392, 0.03712, 0.066), (0.04632, 0.038519997, 0.099), (0.04968, 0.04048, 0.132), (0.053999998, 0.042999998, 0.16499999), (0.048, 0.036, 0), (0.04848, 0.03628, 0.033), (0.04992, 0.03712, 0.066), (0.05232, 0.038519997, 0.099), (0.05568, 0.04048, 0.132), (0.060000002, 0.042999998, 0.16499999), (0.054, 0.036, 0), (0.05448, 0.03628, 0.033), (0.05592, 0.03712, 0.066), (0.05832, 0.038519997, 0.099), (0.06168, 0.04048, 0.132), (0.066, 0.042999998, 0.16499999), (0.060000002, 0.036, 0), (0.060480002, 0.03628, 0.033), (0.061920002, 0.03712, 0.066), (0.064320005, 0.038519997, 0.099), (0.06768, 0.04048, 0.132), (0.072000004, 0.042999998, 0.16499999), (0.066, 0.036, 0), (0.06648, 0.03628, 0.033), (0.06792, 0.03712, 0.066), (0.07032, 0.038519997, 0.099), (0.07368, 0.04048, 0.132), (0.078, 0.042999998, 0.16499999), (0.072, 0.036, 0), (0.07248, 0.03628, 0.033), (0.07392, 0.03712, 0.066), (0.07632, 0.038519997, 0.099), (0.079679996, 0.04048, 0.132), (0.084, 0.042999998, 0.16499999), (0.078, 0.036, 0), (0.078480005, 0.03628, 0.033), (0.07992, 0.03712, 0.066), (0.082320005, 0.038519997, 0.099), (0.08568, 0.04048, 0.132), (0.09, 0.042999998, 0.16499999), (0.084, 0.036, 0), (0.08448, 0.03628, 0.033), (0.08592, 0.03712, 0.066), (0.08832, 0.038519997, 0.099), (0.09168, 0.04048, 0.132), (0.096, 0.042999998, 0.16499999), (0.09, 0.036, 0), (0.09048001, 0.03628, 0.033), (0.09192, 0.03712, 0.066), (0.09432001, 0.038519997, 0.099), (0.09768, 0.04048, 0.132), (0.102000006, 0.042999998, 0.16499999), (0.096, 0.036, 0), (0.096480004, 0.03628, 0.033), (0.09792, 0.03712, 0.066), (0.100320004, 0.038519997, 0.099), (0.10368, 0.04048, 0.132), (0.108, 0.042999998, 0.16499999), (0.102, 0.036, 0), (0.10248, 0.03628, 0.033), (0.10392, 0.03712, 0.066), (0.10632, 0.038519997, 0.099), (0.10968, 0.04048, 0.132), (0.114, 0.042999998, 0.16499999), (0.108, 0.036, 0), (0.10848001, 0.03628, 0.033), (0.10992, 0.03712, 0.066), (0.112320006, 0.038519997, 0.099), (0.11568, 0.04048, 0.132), (0.120000005, 0.042999998, 0.16499999), (0.114, 0.036, 0), (0.11448, 0.03628, 0.033), (0.11592, 0.03712, 0.066), (0.11832, 0.038519997, 0.099), (0.12168, 0.04048, 0.132), (0.126, 0.042999998, 0.16499999), (0.120000005, 0.036, 0), (0.12048001, 0.03628, 0.033), (0.121920004, 0.03712, 0.066), (0.12432001, 0.038519997, 0.099), (0.12768, 0.04048, 0.132), (0.132, 0.042999998, 0.16499999), (-0.120000005, 0.042, 0), (-0.11952, 0.04228, 0.033), (-0.118080005, 0.04312, 0.066), (-0.11568, 0.044519998, 0.099), (-0.112320006, 0.04648, 0.132), (-0.108, 0.049, 0.16499999), (-0.114, 0.042, 0), (-0.11352, 0.04228, 0.033), (-0.11208, 0.04312, 0.066), (-0.10968, 0.044519998, 0.099), (-0.10632, 0.04648, 0.132), (-0.102, 0.049, 0.16499999), (-0.108, 0.042, 0), (-0.10752, 0.04228, 0.033), (-0.10608, 0.04312, 0.066), (-0.10368, 0.044519998, 0.099), (-0.100320004, 0.04648, 0.132), (-0.096, 0.049, 0.16499999), (-0.102, 0.042, 0), (-0.101519994, 0.04228, 0.033), (-0.10008, 0.04312, 0.066), (-0.097679995, 0.044519998, 0.099), (-0.09432, 0.04648, 0.132), (-0.089999996, 0.049, 0.16499999), (-0.096, 0.042, 0), (-0.09552, 0.04228, 0.033), (-0.09408, 0.04312, 0.066), (-0.09168, 0.044519998, 0.099), (-0.08832, 0.04648, 0.132), (-0.084, 0.049, 0.16499999), (-0.09, 0.042, 0), (-0.08952, 0.04228, 0.033), (-0.088080004, 0.04312, 0.066), (-0.08568, 0.044519998, 0.099), (-0.082320005, 0.04648, 0.132), (-0.078, 0.049, 0.16499999), (-0.084, 0.042, 0), (-0.083519995, 0.04228, 0.033), (-0.08208, 0.04312, 0.066), (-0.079679996, 0.044519998, 0.099), (-0.07632, 0.04648, 0.132), (-0.072, 0.049, 0.16499999), (-0.078, 0.042, 0), (-0.07752, 0.04228, 0.033), (-0.07608, 0.04312, 0.066), (-0.07368, 0.044519998, 0.099), (-0.07032, 0.04648, 0.132), (-0.066, 0.049, 0.16499999), (-0.072, 0.042, 0), (-0.07151999, 0.04228, 0.033), (-0.07008, 0.04312, 0.066), (-0.067679994, 0.044519998, 0.099), (-0.06432, 0.04648, 0.132), (-0.059999995, 0.049, 0.16499999), (-0.066, 0.042, 0), (-0.065519996, 0.04228, 0.033), (-0.06408, 0.04312, 0.066), (-0.06168, 0.044519998, 0.099), (-0.05832, 0.04648, 0.132), (-0.053999998, 0.049, 0.16499999), (-0.060000002, 0.042, 0), (-0.059520002, 0.04228, 0.033), (-0.058080003, 0.04312, 0.066), (-0.055680003, 0.044519998, 0.099), (-0.052320004, 0.04648, 0.132), (-0.048, 0.049, 0.16499999), (-0.054, 0.042, 0), (-0.05352, 0.04228, 0.033), (-0.05208, 0.04312, 0.066), (-0.049680002, 0.044519998, 0.099), (-0.046320003, 0.04648, 0.132), (-0.042000003, 0.049, 0.16499999), (-0.048, 0.042, 0), (-0.04752, 0.04228, 0.033), (-0.04608, 0.04312, 0.066), (-0.04368, 0.044519998, 0.099), (-0.04032, 0.04648, 0.132), (-0.036, 0.049, 0.16499999), (-0.042, 0.042, 0), (-0.04152, 0.04228, 0.033), (-0.04008, 0.04312, 0.066), (-0.03768, 0.044519998, 0.099), (-0.03432, 0.04648, 0.132), (-0.03, 0.049, 0.16499999), (-0.036, 0.042, 0), (-0.03552, 0.04228, 0.033), (-0.03408, 0.04312, 0.066), (-0.03168, 0.044519998, 0.099), (-0.028319998, 0.04648, 0.132), (-0.023999998, 0.049, 0.16499999), (-0.030000001, 0.042, 0), (-0.029520001, 0.04228, 0.033), (-0.028080001, 0.04312, 0.066), (-0.025680002, 0.044519998, 0.099), (-0.02232, 0.04648, 0.132), (-0.018000001, 0.049, 0.16499999), (-0.024, 0.042, 0), (-0.02352, 0.04228, 0.033), (-0.02208, 0.04312, 0.066), (-0.01968, 0.044519998, 0.099), (-0.01632, 0.04648, 0.132), (-0.012, 0.049, 0.16499999), (-0.018, 0.042, 0), (-0.01752, 0.04228, 0.033), (-0.01608, 0.04312, 0.066), (-0.013679999, 0.044519998, 0.099), (-0.0103199985, 0.04648, 0.132), (-0.005999999, 0.049, 0.16499999), (-0.012, 0.042, 0), (-0.01152, 0.04228, 0.033), (-0.01008, 0.04312, 0.066), (-0.00768, 0.044519998, 0.099), (-0.00432, 0.04648, 0.132), (0, 0.049, 0.16499999), (-0.006, 0.042, 0), (-0.00552, 0.04228, 0.033), (-0.00408, 0.04312, 0.066), (-0.0016799998, 0.044519998, 0.099), (0.0016800002, 0.04648, 0.132), (0.006, 0.049, 0.16499999), (0, 0.042, 0), (0.00048000002, 0.04228, 0.033), (0.0019200001, 0.04312, 0.066), (0.0043200003, 0.044519998, 0.099), (0.0076800003, 0.04648, 0.132), (0.012, 0.049, 0.16499999), (0.006, 0.042, 0), (0.00648, 0.04228, 0.033), (0.00792, 0.04312, 0.066), (0.01032, 0.044519998, 0.099), (0.01368, 0.04648, 0.132), (0.018, 0.049, 0.16499999), (0.012, 0.042, 0), (0.01248, 0.04228, 0.033), (0.01392, 0.04312, 0.066), (0.016320001, 0.044519998, 0.099), (0.01968, 0.04648, 0.132), (0.024, 0.049, 0.16499999), (0.018, 0.042, 0), (0.01848, 0.04228, 0.033), (0.019919999, 0.04312, 0.066), (0.022319999, 0.044519998, 0.099), (0.02568, 0.04648, 0.132), (0.03, 0.049, 0.16499999), (0.024, 0.042, 0), (0.02448, 0.04228, 0.033), (0.02592, 0.04312, 0.066), (0.02832, 0.044519998, 0.099), (0.03168, 0.04648, 0.132), (0.036, 0.049, 0.16499999), (0.030000001, 0.042, 0), (0.030480001, 0.04228, 0.033), (0.03192, 0.04312, 0.066), (0.03432, 0.044519998, 0.099), (0.03768, 0.04648, 0.132), (0.042000003, 0.049, 0.16499999), (0.036, 0.042, 0), (0.03648, 0.04228, 0.033), (0.03792, 0.04312, 0.066), (0.040319998, 0.044519998, 0.099), (0.043679997, 0.04648, 0.132), (0.048, 0.049, 0.16499999), (0.042, 0.042, 0), (0.04248, 0.04228, 0.033), (0.04392, 0.04312, 0.066), (0.04632, 0.044519998, 0.099), (0.04968, 0.04648, 0.132), (0.053999998, 0.049, 0.16499999), (0.048, 0.042, 0), (0.04848, 0.04228, 0.033), (0.04992, 0.04312, 0.066), (0.05232, 0.044519998, 0.099), (0.05568, 0.04648, 0.132), (0.060000002, 0.049, 0.16499999), (0.054, 0.042, 0), (0.05448, 0.04228, 0.033), (0.05592, 0.04312, 0.066), (0.05832, 0.044519998, 0.099), (0.06168, 0.04648, 0.132), (0.066, 0.049, 0.16499999), (0.060000002, 0.042, 0), (0.060480002, 0.04228, 0.033), (0.061920002, 0.04312, 0.066), (0.064320005, 0.044519998, 0.099), (0.06768, 0.04648, 0.132), (0.072000004, 0.049, 0.16499999), (0.066, 0.042, 0), (0.06648, 0.04228, 0.033), (0.06792, 0.04312, 0.066), (0.07032, 0.044519998, 0.099), (0.07368, 0.04648, 0.132), (0.078, 0.049, 0.16499999), (0.072, 0.042, 0), (0.07248, 0.04228, 0.033), (0.07392, 0.04312, 0.066), (0.07632, 0.044519998, 0.099), (0.079679996, 0.04648, 0.132), (0.084, 0.049, 0.16499999), (0.078, 0.042, 0), (0.078480005, 0.04228, 0.033), (0.07992, 0.04312, 0.066), (0.082320005, 0.044519998, 0.099), (0.08568, 0.04648, 0.132), (0.09, 0.049, 0.16499999), (0.084, 0.042, 0), (0.08448, 0.04228, 0.033), (0.08592, 0.04312, 0.066), (0.08832, 0.044519998, 0.099), (0.09168, 0.04648, 0.132), (0.096, 0.049, 0.16499999), (0.09, 0.042, 0), (0.09048001, 0.04228, 0.033), (0.09192, 0.04312, 0.066), (0.09432001, 0.044519998, 0.099), (0.09768, 0.04648, 0.132), (0.102000006, 0.049, 0.16499999), (0.096, 0.042, 0), (0.096480004, 0.04228, 0.033), (0.09792, 0.04312, 0.066), (0.100320004, 0.044519998, 0.099), (0.10368, 0.04648, 0.132), (0.108, 0.049, 0.16499999), (0.102, 0.042, 0), (0.10248, 0.04228, 0.033), (0.10392, 0.04312, 0.066), (0.10632, 0.044519998, 0.099), (0.10968, 0.04648, 0.132), (0.114, 0.049, 0.16499999), (0.108, 0.042, 0), (0.10848001, 0.04228, 0.033), (0.10992, 0.04312, 0.066), (0.112320006, 0.044519998, 0.099), (0.11568, 0.04648, 0.132), (0.120000005, 0.049, 0.16499999), (0.114, 0.042, 0), (0.11448, 0.04228, 0.033), (0.11592, 0.04312, 0.066), (0.11832, 0.044519998, 0.099), (0.12168, 0.04648, 0.132), (0.126, 0.049, 0.16499999), (0.120000005, 0.042, 0), (0.12048001, 0.04228, 0.033), (0.121920004, 0.04312, 0.066), (0.12432001, 0.044519998, 0.099), (0.12768, 0.04648, 0.132), (0.132, 0.049, 0.16499999), (-0.120000005, 0.048, 0), (-0.11952, 0.04828, 0.033), (-0.118080005, 0.04912, 0.066), (-0.11568, 0.05052, 0.099), (-0.112320006, 0.05248, 0.132), (-0.108, 0.055, 0.16499999), (-0.114, 0.048, 0), (-0.11352, 0.04828, 0.033), (-0.11208, 0.04912, 0.066), (-0.10968, 0.05052, 0.099), (-0.10632, 0.05248, 0.132), (-0.102, 0.055, 0.16499999), (-0.108, 0.048, 0), (-0.10752, 0.04828, 0.033), (-0.10608, 0.04912, 0.066), (-0.10368, 0.05052, 0.099), (-0.100320004, 0.05248, 0.132), (-0.096, 0.055, 0.16499999), (-0.102, 0.048, 0), (-0.101519994, 0.04828, 0.033), (-0.10008, 0.04912, 0.066), (-0.097679995, 0.05052, 0.099), (-0.09432, 0.05248, 0.132), (-0.089999996, 0.055, 0.16499999), (-0.096, 0.048, 0), (-0.09552, 0.04828, 0.033), (-0.09408, 0.04912, 0.066), (-0.09168, 0.05052, 0.099), (-0.08832, 0.05248, 0.132), (-0.084, 0.055, 0.16499999), (-0.09, 0.048, 0), (-0.08952, 0.04828, 0.033), (-0.088080004, 0.04912, 0.066), (-0.08568, 0.05052, 0.099), (-0.082320005, 0.05248, 0.132), (-0.078, 0.055, 0.16499999), (-0.084, 0.048, 0), (-0.083519995, 0.04828, 0.033), (-0.08208, 0.04912, 0.066), (-0.079679996, 0.05052, 0.099), (-0.07632, 0.05248, 0.132), (-0.072, 0.055, 0.16499999), (-0.078, 0.048, 0), (-0.07752, 0.04828, 0.033), (-0.07608, 0.04912, 0.066), (-0.07368, 0.05052, 0.099), (-0.07032, 0.05248, 0.132), (-0.066, 0.055, 0.16499999), (-0.072, 0.048, 0), (-0.07151999, 0.04828, 0.033), (-0.07008, 0.04912, 0.066), (-0.067679994, 0.05052, 0.099), (-0.06432, 0.05248, 0.132), (-0.059999995, 0.055, 0.16499999), (-0.066, 0.048, 0), (-0.065519996, 0.04828, 0.033), (-0.06408, 0.04912, 0.066), (-0.06168, 0.05052, 0.099), (-0.05832, 0.05248, 0.132), (-0.053999998, 0.055, 0.16499999), (-0.060000002, 0.048, 0), (-0.059520002, 0.04828, 0.033), (-0.058080003, 0.04912, 0.066), (-0.055680003, 0.05052, 0.099), (-0.052320004, 0.05248, 0.132), (-0.048, 0.055, 0.16499999), (-0.054, 0.048, 0), (-0.05352, 0.04828, 0.033), (-0.05208, 0.04912, 0.066), (-0.049680002, 0.05052, 0.099), (-0.046320003, 0.05248, 0.132), (-0.042000003, 0.055, 0.16499999), (-0.048, 0.048, 0), (-0.04752, 0.04828, 0.033), (-0.04608, 0.04912, 0.066), (-0.04368, 0.05052, 0.099), (-0.04032, 0.05248, 0.132), (-0.036, 0.055, 0.16499999), (-0.042, 0.048, 0), (-0.04152, 0.04828, 0.033), (-0.04008, 0.04912, 0.066), (-0.03768, 0.05052, 0.099), (-0.03432, 0.05248, 0.132), (-0.03, 0.055, 0.16499999), (-0.036, 0.048, 0), (-0.03552, 0.04828, 0.033), (-0.03408, 0.04912, 0.066), (-0.03168, 0.05052, 0.099), (-0.028319998, 0.05248, 0.132), (-0.023999998, 0.055, 0.16499999), (-0.030000001, 0.048, 0), (-0.029520001, 0.04828, 0.033), (-0.028080001, 0.04912, 0.066), (-0.025680002, 0.05052, 0.099), (-0.02232, 0.05248, 0.132), (-0.018000001, 0.055, 0.16499999), (-0.024, 0.048, 0), (-0.02352, 0.04828, 0.033), (-0.02208, 0.04912, 0.066), (-0.01968, 0.05052, 0.099), (-0.01632, 0.05248, 0.132), (-0.012, 0.055, 0.16499999), (-0.018, 0.048, 0), (-0.01752, 0.04828, 0.033), (-0.01608, 0.04912, 0.066), (-0.013679999, 0.05052, 0.099), (-0.0103199985, 0.05248, 0.132), (-0.005999999, 0.055, 0.16499999), (-0.012, 0.048, 0), (-0.01152, 0.04828, 0.033), (-0.01008, 0.04912, 0.066), (-0.00768, 0.05052, 0.099), (-0.00432, 0.05248, 0.132), (0, 0.055, 0.16499999), (-0.006, 0.048, 0), (-0.00552, 0.04828, 0.033), (-0.00408, 0.04912, 0.066), (-0.0016799998, 0.05052, 0.099), (0.0016800002, 0.05248, 0.132), (0.006, 0.055, 0.16499999), (0, 0.048, 0), (0.00048000002, 0.04828, 0.033), (0.0019200001, 0.04912, 0.066), (0.0043200003, 0.05052, 0.099), (0.0076800003, 0.05248, 0.132), (0.012, 0.055, 0.16499999), (0.006, 0.048, 0), (0.00648, 0.04828, 0.033), (0.00792, 0.04912, 0.066), (0.01032, 0.05052, 0.099), (0.01368, 0.05248, 0.132), (0.018, 0.055, 0.16499999), (0.012, 0.048, 0), (0.01248, 0.04828, 0.033), (0.01392, 0.04912, 0.066), (0.016320001, 0.05052, 0.099), (0.01968, 0.05248, 0.132), (0.024, 0.055, 0.16499999), (0.018, 0.048, 0), (0.01848, 0.04828, 0.033), (0.019919999, 0.04912, 0.066), (0.022319999, 0.05052, 0.099), (0.02568, 0.05248, 0.132), (0.03, 0.055, 0.16499999), (0.024, 0.048, 0), (0.02448, 0.04828, 0.033), (0.02592, 0.04912, 0.066), (0.02832, 0.05052, 0.099), (0.03168, 0.05248, 0.132), (0.036, 0.055, 0.16499999), (0.030000001, 0.048, 0), (0.030480001, 0.04828, 0.033), (0.03192, 0.04912, 0.066), (0.03432, 0.05052, 0.099), (0.03768, 0.05248, 0.132), (0.042000003, 0.055, 0.16499999), (0.036, 0.048, 0), (0.03648, 0.04828, 0.033), (0.03792, 0.04912, 0.066), (0.040319998, 0.05052, 0.099), (0.043679997, 0.05248, 0.132), (0.048, 0.055, 0.16499999), (0.042, 0.048, 0), (0.04248, 0.04828, 0.033), (0.04392, 0.04912, 0.066), (0.04632, 0.05052, 0.099), (0.04968, 0.05248, 0.132), (0.053999998, 0.055, 0.16499999), (0.048, 0.048, 0), (0.04848, 0.04828, 0.033), (0.04992, 0.04912, 0.066), (0.05232, 0.05052, 0.099), (0.05568, 0.05248, 0.132), (0.060000002, 0.055, 0.16499999), (0.054, 0.048, 0), (0.05448, 0.04828, 0.033), (0.05592, 0.04912, 0.066), (0.05832, 0.05052, 0.099), (0.06168, 0.05248, 0.132), (0.066, 0.055, 0.16499999), (0.060000002, 0.048, 0), (0.060480002, 0.04828, 0.033), (0.061920002, 0.04912, 0.066), (0.064320005, 0.05052, 0.099), (0.06768, 0.05248, 0.132), (0.072000004, 0.055, 0.16499999), (0.066, 0.048, 0), (0.06648, 0.04828, 0.033), (0.06792, 0.04912, 0.066), (0.07032, 0.05052, 0.099), (0.07368, 0.05248, 0.132), (0.078, 0.055, 0.16499999), (0.072, 0.048, 0), (0.07248, 0.04828, 0.033), (0.07392, 0.04912, 0.066), (0.07632, 0.05052, 0.099), (0.079679996, 0.05248, 0.132), (0.084, 0.055, 0.16499999), (0.078, 0.048, 0), (0.078480005, 0.04828, 0.033), (0.07992, 0.04912, 0.066), (0.082320005, 0.05052, 0.099), (0.08568, 0.05248, 0.132), (0.09, 0.055, 0.16499999), (0.084, 0.048, 0), (0.08448, 0.04828, 0.033), (0.08592, 0.04912, 0.066), (0.08832, 0.05052, 0.099), (0.09168, 0.05248, 0.132), (0.096, 0.055, 0.16499999), (0.09, 0.048, 0), (0.09048001, 0.04828, 0.033), (0.09192, 0.04912, 0.066), (0.09432001, 0.05052, 0.099), (0.09768, 0.05248, 0.132), (0.102000006, 0.055, 0.16499999), (0.096, 0.048, 0), (0.096480004, 0.04828, 0.033), (0.09792, 0.04912, 0.066), (0.100320004, 0.05052, 0.099), (0.10368, 0.05248, 0.132), (0.108, 0.055, 0.16499999), (0.102, 0.048, 0), (0.10248, 0.04828, 0.033), (0.10392, 0.04912, 0.066), (0.10632, 0.05052, 0.099), (0.10968, 0.05248, 0.132), (0.114, 0.055, 0.16499999), (0.108, 0.048, 0), (0.10848001, 0.04828, 0.033), (0.10992, 0.04912, 0.066), (0.112320006, 0.05052, 0.099), (0.11568, 0.05248, 0.132), (0.120000005, 0.055, 0.16499999), (0.114, 0.048, 0), (0.11448, 0.04828, 0.033), (0.11592, 0.04912, 0.066), (0.11832, 0.05052, 0.099), (0.12168, 0.05248, 0.132), (0.126, 0.055, 0.16499999), (0.120000005, 0.048, 0), (0.12048001, 0.04828, 0.033), (0.121920004, 0.04912, 0.066), (0.12432001, 0.05052, 0.099), (0.12768, 0.05248, 0.132), (0.132, 0.055, 0.16499999), (-0.120000005, 0.054, 0), (-0.11952, 0.05428, 0.033), (-0.118080005, 0.055120002, 0.066), (-0.11568, 0.05652, 0.099), (-0.112320006, 0.058480002, 0.132), (-0.108, 0.061, 0.16499999), (-0.114, 0.054, 0), (-0.11352, 0.05428, 0.033), (-0.11208, 0.055120002, 0.066), (-0.10968, 0.05652, 0.099), (-0.10632, 0.058480002, 0.132), (-0.102, 0.061, 0.16499999), (-0.108, 0.054, 0), (-0.10752, 0.05428, 0.033), (-0.10608, 0.055120002, 0.066), (-0.10368, 0.05652, 0.099), (-0.100320004, 0.058480002, 0.132), (-0.096, 0.061, 0.16499999), (-0.102, 0.054, 0), (-0.101519994, 0.05428, 0.033), (-0.10008, 0.055120002, 0.066), (-0.097679995, 0.05652, 0.099), (-0.09432, 0.058480002, 0.132), (-0.089999996, 0.061, 0.16499999), (-0.096, 0.054, 0), (-0.09552, 0.05428, 0.033), (-0.09408, 0.055120002, 0.066), (-0.09168, 0.05652, 0.099), (-0.08832, 0.058480002, 0.132), (-0.084, 0.061, 0.16499999), (-0.09, 0.054, 0), (-0.08952, 0.05428, 0.033), (-0.088080004, 0.055120002, 0.066), (-0.08568, 0.05652, 0.099), (-0.082320005, 0.058480002, 0.132), (-0.078, 0.061, 0.16499999), (-0.084, 0.054, 0), (-0.083519995, 0.05428, 0.033), (-0.08208, 0.055120002, 0.066), (-0.079679996, 0.05652, 0.099), (-0.07632, 0.058480002, 0.132), (-0.072, 0.061, 0.16499999), (-0.078, 0.054, 0), (-0.07752, 0.05428, 0.033), (-0.07608, 0.055120002, 0.066), (-0.07368, 0.05652, 0.099), (-0.07032, 0.058480002, 0.132), (-0.066, 0.061, 0.16499999), (-0.072, 0.054, 0), (-0.07151999, 0.05428, 0.033), (-0.07008, 0.055120002, 0.066), (-0.067679994, 0.05652, 0.099), (-0.06432, 0.058480002, 0.132), (-0.059999995, 0.061, 0.16499999), (-0.066, 0.054, 0), (-0.065519996, 0.05428, 0.033), (-0.06408, 0.055120002, 0.066), (-0.06168, 0.05652, 0.099), (-0.05832, 0.058480002, 0.132), (-0.053999998, 0.061, 0.16499999), (-0.060000002, 0.054, 0), (-0.059520002, 0.05428, 0.033), (-0.058080003, 0.055120002, 0.066), (-0.055680003, 0.05652, 0.099), (-0.052320004, 0.058480002, 0.132), (-0.048, 0.061, 0.16499999), (-0.054, 0.054, 0), (-0.05352, 0.05428, 0.033), (-0.05208, 0.055120002, 0.066), (-0.049680002, 0.05652, 0.099), (-0.046320003, 0.058480002, 0.132), (-0.042000003, 0.061, 0.16499999), (-0.048, 0.054, 0), (-0.04752, 0.05428, 0.033), (-0.04608, 0.055120002, 0.066), (-0.04368, 0.05652, 0.099), (-0.04032, 0.058480002, 0.132), (-0.036, 0.061, 0.16499999), (-0.042, 0.054, 0), (-0.04152, 0.05428, 0.033), (-0.04008, 0.055120002, 0.066), (-0.03768, 0.05652, 0.099), (-0.03432, 0.058480002, 0.132), (-0.03, 0.061, 0.16499999), (-0.036, 0.054, 0), (-0.03552, 0.05428, 0.033), (-0.03408, 0.055120002, 0.066), (-0.03168, 0.05652, 0.099), (-0.028319998, 0.058480002, 0.132), (-0.023999998, 0.061, 0.16499999), (-0.030000001, 0.054, 0), (-0.029520001, 0.05428, 0.033), (-0.028080001, 0.055120002, 0.066), (-0.025680002, 0.05652, 0.099), (-0.02232, 0.058480002, 0.132), (-0.018000001, 0.061, 0.16499999), (-0.024, 0.054, 0), (-0.02352, 0.05428, 0.033), (-0.02208, 0.055120002, 0.066), (-0.01968, 0.05652, 0.099), (-0.01632, 0.058480002, 0.132), (-0.012, 0.061, 0.16499999), (-0.018, 0.054, 0), (-0.01752, 0.05428, 0.033), (-0.01608, 0.055120002, 0.066), (-0.013679999, 0.05652, 0.099), (-0.0103199985, 0.058480002, 0.132), (-0.005999999, 0.061, 0.16499999), (-0.012, 0.054, 0), (-0.01152, 0.05428, 0.033), (-0.01008, 0.055120002, 0.066), (-0.00768, 0.05652, 0.099), (-0.00432, 0.058480002, 0.132), (0, 0.061, 0.16499999), (-0.006, 0.054, 0), (-0.00552, 0.05428, 0.033), (-0.00408, 0.055120002, 0.066), (-0.0016799998, 0.05652, 0.099), (0.0016800002, 0.058480002, 0.132), (0.006, 0.061, 0.16499999), (0, 0.054, 0), (0.00048000002, 0.05428, 0.033), (0.0019200001, 0.055120002, 0.066), (0.0043200003, 0.05652, 0.099), (0.0076800003, 0.058480002, 0.132), (0.012, 0.061, 0.16499999), (0.006, 0.054, 0), (0.00648, 0.05428, 0.033), (0.00792, 0.055120002, 0.066), (0.01032, 0.05652, 0.099), (0.01368, 0.058480002, 0.132), (0.018, 0.061, 0.16499999), (0.012, 0.054, 0), (0.01248, 0.05428, 0.033), (0.01392, 0.055120002, 0.066), (0.016320001, 0.05652, 0.099), (0.01968, 0.058480002, 0.132), (0.024, 0.061, 0.16499999), (0.018, 0.054, 0), (0.01848, 0.05428, 0.033), (0.019919999, 0.055120002, 0.066), (0.022319999, 0.05652, 0.099), (0.02568, 0.058480002, 0.132), (0.03, 0.061, 0.16499999), (0.024, 0.054, 0), (0.02448, 0.05428, 0.033), (0.02592, 0.055120002, 0.066), (0.02832, 0.05652, 0.099), (0.03168, 0.058480002, 0.132), (0.036, 0.061, 0.16499999), (0.030000001, 0.054, 0), (0.030480001, 0.05428, 0.033), (0.03192, 0.055120002, 0.066), (0.03432, 0.05652, 0.099), (0.03768, 0.058480002, 0.132), (0.042000003, 0.061, 0.16499999), (0.036, 0.054, 0), (0.03648, 0.05428, 0.033), (0.03792, 0.055120002, 0.066), (0.040319998, 0.05652, 0.099), (0.043679997, 0.058480002, 0.132), (0.048, 0.061, 0.16499999), (0.042, 0.054, 0), (0.04248, 0.05428, 0.033), (0.04392, 0.055120002, 0.066), (0.04632, 0.05652, 0.099), (0.04968, 0.058480002, 0.132), (0.053999998, 0.061, 0.16499999), (0.048, 0.054, 0), (0.04848, 0.05428, 0.033), (0.04992, 0.055120002, 0.066), (0.05232, 0.05652, 0.099), (0.05568, 0.058480002, 0.132), (0.060000002, 0.061, 0.16499999), (0.054, 0.054, 0), (0.05448, 0.05428, 0.033), (0.05592, 0.055120002, 0.066), (0.05832, 0.05652, 0.099), (0.06168, 0.058480002, 0.132), (0.066, 0.061, 0.16499999), (0.060000002, 0.054, 0), (0.060480002, 0.05428, 0.033), (0.061920002, 0.055120002, 0.066), (0.064320005, 0.05652, 0.099), (0.06768, 0.058480002, 0.132), (0.072000004, 0.061, 0.16499999), (0.066, 0.054, 0), (0.06648, 0.05428, 0.033), (0.06792, 0.055120002, 0.066), (0.07032, 0.05652, 0.099), (0.07368, 0.058480002, 0.132), (0.078, 0.061, 0.16499999), (0.072, 0.054, 0), (0.07248, 0.05428, 0.033), (0.07392, 0.055120002, 0.066), (0.07632, 0.05652, 0.099), (0.079679996, 0.058480002, 0.132), (0.084, 0.061, 0.16499999), (0.078, 0.054, 0), (0.078480005, 0.05428, 0.033), (0.07992, 0.055120002, 0.066), (0.082320005, 0.05652, 0.099), (0.08568, 0.058480002, 0.132), (0.09, 0.061, 0.16499999), (0.084, 0.054, 0), (0.08448, 0.05428, 0.033), (0.08592, 0.055120002, 0.066), (0.08832, 0.05652, 0.099), (0.09168, 0.058480002, 0.132), (0.096, 0.061, 0.16499999), (0.09, 0.054, 0), (0.09048001, 0.05428, 0.033), (0.09192, 0.055120002, 0.066), (0.09432001, 0.05652, 0.099), (0.09768, 0.058480002, 0.132), (0.102000006, 0.061, 0.16499999), (0.096, 0.054, 0), (0.096480004, 0.05428, 0.033), (0.09792, 0.055120002, 0.066), (0.100320004, 0.05652, 0.099), (0.10368, 0.058480002, 0.132), (0.108, 0.061, 0.16499999), (0.102, 0.054, 0), (0.10248, 0.05428, 0.033), (0.10392, 0.055120002, 0.066), (0.10632, 0.05652, 0.099), (0.10968, 0.058480002, 0.132), (0.114, 0.061, 0.16499999), (0.108, 0.054, 0), (0.10848001, 0.05428, 0.033), (0.10992, 0.055120002, 0.066), (0.112320006, 0.05652, 0.099), (0.11568, 0.058480002, 0.132), (0.120000005, 0.061, 0.16499999), (0.114, 0.054, 0), (0.11448, 0.05428, 0.033), (0.11592, 0.055120002, 0.066), (0.11832, 0.05652, 0.099), (0.12168, 0.058480002, 0.132), (0.126, 0.061, 0.16499999), (0.120000005, 0.054, 0), (0.12048001, 0.05428, 0.033), (0.121920004, 0.055120002, 0.066), (0.12432001, 0.05652, 0.099), (0.12768, 0.058480002, 0.132), (0.132, 0.061, 0.16499999), (-0.120000005, 0.060000002, 0), (-0.11952, 0.060280003, 0.033), (-0.118080005, 0.061120003, 0.066), (-0.11568, 0.062520005, 0.099), (-0.112320006, 0.06448, 0.132), (-0.108, 0.067, 0.16499999), (-0.114, 0.060000002, 0), (-0.11352, 0.060280003, 0.033), (-0.11208, 0.061120003, 0.066), (-0.10968, 0.062520005, 0.099), (-0.10632, 0.06448, 0.132), (-0.102, 0.067, 0.16499999), (-0.108, 0.060000002, 0), (-0.10752, 0.060280003, 0.033), (-0.10608, 0.061120003, 0.066), (-0.10368, 0.062520005, 0.099), (-0.100320004, 0.06448, 0.132), (-0.096, 0.067, 0.16499999), (-0.102, 0.060000002, 0), (-0.101519994, 0.060280003, 0.033), (-0.10008, 0.061120003, 0.066), (-0.097679995, 0.062520005, 0.099), (-0.09432, 0.06448, 0.132), (-0.089999996, 0.067, 0.16499999), (-0.096, 0.060000002, 0), (-0.09552, 0.060280003, 0.033), (-0.09408, 0.061120003, 0.066), (-0.09168, 0.062520005, 0.099), (-0.08832, 0.06448, 0.132), (-0.084, 0.067, 0.16499999), (-0.09, 0.060000002, 0), (-0.08952, 0.060280003, 0.033), (-0.088080004, 0.061120003, 0.066), (-0.08568, 0.062520005, 0.099), (-0.082320005, 0.06448, 0.132), (-0.078, 0.067, 0.16499999), (-0.084, 0.060000002, 0), (-0.083519995, 0.060280003, 0.033), (-0.08208, 0.061120003, 0.066), (-0.079679996, 0.062520005, 0.099), (-0.07632, 0.06448, 0.132), (-0.072, 0.067, 0.16499999), (-0.078, 0.060000002, 0), (-0.07752, 0.060280003, 0.033), (-0.07608, 0.061120003, 0.066), (-0.07368, 0.062520005, 0.099), (-0.07032, 0.06448, 0.132), (-0.066, 0.067, 0.16499999), (-0.072, 0.060000002, 0), (-0.07151999, 0.060280003, 0.033), (-0.07008, 0.061120003, 0.066), (-0.067679994, 0.062520005, 0.099), (-0.06432, 0.06448, 0.132), (-0.059999995, 0.067, 0.16499999), (-0.066, 0.060000002, 0), (-0.065519996, 0.060280003, 0.033), (-0.06408, 0.061120003, 0.066), (-0.06168, 0.062520005, 0.099), (-0.05832, 0.06448, 0.132), (-0.053999998, 0.067, 0.16499999), (-0.060000002, 0.060000002, 0), (-0.059520002, 0.060280003, 0.033), (-0.058080003, 0.061120003, 0.066), (-0.055680003, 0.062520005, 0.099), (-0.052320004, 0.06448, 0.132), (-0.048, 0.067, 0.16499999), (-0.054, 0.060000002, 0), (-0.05352, 0.060280003, 0.033), (-0.05208, 0.061120003, 0.066), (-0.049680002, 0.062520005, 0.099), (-0.046320003, 0.06448, 0.132), (-0.042000003, 0.067, 0.16499999), (-0.048, 0.060000002, 0), (-0.04752, 0.060280003, 0.033), (-0.04608, 0.061120003, 0.066), (-0.04368, 0.062520005, 0.099), (-0.04032, 0.06448, 0.132), (-0.036, 0.067, 0.16499999), (-0.042, 0.060000002, 0), (-0.04152, 0.060280003, 0.033), (-0.04008, 0.061120003, 0.066), (-0.03768, 0.062520005, 0.099), (-0.03432, 0.06448, 0.132), (-0.03, 0.067, 0.16499999), (-0.036, 0.060000002, 0), (-0.03552, 0.060280003, 0.033), (-0.03408, 0.061120003, 0.066), (-0.03168, 0.062520005, 0.099), (-0.028319998, 0.06448, 0.132), (-0.023999998, 0.067, 0.16499999), (-0.030000001, 0.060000002, 0), (-0.029520001, 0.060280003, 0.033), (-0.028080001, 0.061120003, 0.066), (-0.025680002, 0.062520005, 0.099), (-0.02232, 0.06448, 0.132), (-0.018000001, 0.067, 0.16499999), (-0.024, 0.060000002, 0), (-0.02352, 0.060280003, 0.033), (-0.02208, 0.061120003, 0.066), (-0.01968, 0.062520005, 0.099), (-0.01632, 0.06448, 0.132), (-0.012, 0.067, 0.16499999), (-0.018, 0.060000002, 0), (-0.01752, 0.060280003, 0.033), (-0.01608, 0.061120003, 0.066), (-0.013679999, 0.062520005, 0.099), (-0.0103199985, 0.06448, 0.132), (-0.005999999, 0.067, 0.16499999), (-0.012, 0.060000002, 0), (-0.01152, 0.060280003, 0.033), (-0.01008, 0.061120003, 0.066), (-0.00768, 0.062520005, 0.099), (-0.00432, 0.06448, 0.132), (0, 0.067, 0.16499999), (-0.006, 0.060000002, 0), (-0.00552, 0.060280003, 0.033), (-0.00408, 0.061120003, 0.066), (-0.0016799998, 0.062520005, 0.099), (0.0016800002, 0.06448, 0.132), (0.006, 0.067, 0.16499999), (0, 0.060000002, 0), (0.00048000002, 0.060280003, 0.033), (0.0019200001, 0.061120003, 0.066), (0.0043200003, 0.062520005, 0.099), (0.0076800003, 0.06448, 0.132), (0.012, 0.067, 0.16499999), (0.006, 0.060000002, 0), (0.00648, 0.060280003, 0.033), (0.00792, 0.061120003, 0.066), (0.01032, 0.062520005, 0.099), (0.01368, 0.06448, 0.132), (0.018, 0.067, 0.16499999), (0.012, 0.060000002, 0), (0.01248, 0.060280003, 0.033), (0.01392, 0.061120003, 0.066), (0.016320001, 0.062520005, 0.099), (0.01968, 0.06448, 0.132), (0.024, 0.067, 0.16499999), (0.018, 0.060000002, 0), (0.01848, 0.060280003, 0.033), (0.019919999, 0.061120003, 0.066), (0.022319999, 0.062520005, 0.099), (0.02568, 0.06448, 0.132), (0.03, 0.067, 0.16499999), (0.024, 0.060000002, 0), (0.02448, 0.060280003, 0.033), (0.02592, 0.061120003, 0.066), (0.02832, 0.062520005, 0.099), (0.03168, 0.06448, 0.132), (0.036, 0.067, 0.16499999), (0.030000001, 0.060000002, 0), (0.030480001, 0.060280003, 0.033), (0.03192, 0.061120003, 0.066), (0.03432, 0.062520005, 0.099), (0.03768, 0.06448, 0.132), (0.042000003, 0.067, 0.16499999), (0.036, 0.060000002, 0), (0.03648, 0.060280003, 0.033), (0.03792, 0.061120003, 0.066), (0.040319998, 0.062520005, 0.099), (0.043679997, 0.06448, 0.132), (0.048, 0.067, 0.16499999), (0.042, 0.060000002, 0), (0.04248, 0.060280003, 0.033), (0.04392, 0.061120003, 0.066), (0.04632, 0.062520005, 0.099), (0.04968, 0.06448, 0.132), (0.053999998, 0.067, 0.16499999), (0.048, 0.060000002, 0), (0.04848, 0.060280003, 0.033), (0.04992, 0.061120003, 0.066), (0.05232, 0.062520005, 0.099), (0.05568, 0.06448, 0.132), (0.060000002, 0.067, 0.16499999), (0.054, 0.060000002, 0), (0.05448, 0.060280003, 0.033), (0.05592, 0.061120003, 0.066), (0.05832, 0.062520005, 0.099), (0.06168, 0.06448, 0.132), (0.066, 0.067, 0.16499999), (0.060000002, 0.060000002, 0), (0.060480002, 0.060280003, 0.033), (0.061920002, 0.061120003, 0.066), (0.064320005, 0.062520005, 0.099), (0.06768, 0.06448, 0.132), (0.072000004, 0.067, 0.16499999), (0.066, 0.060000002, 0), (0.06648, 0.060280003, 0.033), (0.06792, 0.061120003, 0.066), (0.07032, 0.062520005, 0.099), (0.07368, 0.06448, 0.132), (0.078, 0.067, 0.16499999), (0.072, 0.060000002, 0), (0.07248, 0.060280003, 0.033), (0.07392, 0.061120003, 0.066), (0.07632, 0.062520005, 0.099), (0.079679996, 0.06448, 0.132), (0.084, 0.067, 0.16499999), (0.078, 0.060000002, 0), (0.078480005, 0.060280003, 0.033), (0.07992, 0.061120003, 0.066), (0.082320005, 0.062520005, 0.099), (0.08568, 0.06448, 0.132), (0.09, 0.067, 0.16499999), (0.084, 0.060000002, 0), (0.08448, 0.060280003, 0.033), (0.08592, 0.061120003, 0.066), (0.08832, 0.062520005, 0.099), (0.09168, 0.06448, 0.132), (0.096, 0.067, 0.16499999), (0.09, 0.060000002, 0), (0.09048001, 0.060280003, 0.033), (0.09192, 0.061120003, 0.066), (0.09432001, 0.062520005, 0.099), (0.09768, 0.06448, 0.132), (0.102000006, 0.067, 0.16499999), (0.096, 0.060000002, 0), (0.096480004, 0.060280003, 0.033), (0.09792, 0.061120003, 0.066), (0.100320004, 0.062520005, 0.099), (0.10368, 0.06448, 0.132), (0.108, 0.067, 0.16499999), (0.102, 0.060000002, 0), (0.10248, 0.060280003, 0.033), (0.10392, 0.061120003, 0.066), (0.10632, 0.062520005, 0.099), (0.10968, 0.06448, 0.132), (0.114, 0.067, 0.16499999), (0.108, 0.060000002, 0), (0.10848001, 0.060280003, 0.033), (0.10992, 0.061120003, 0.066), (0.112320006, 0.062520005, 0.099), (0.11568, 0.06448, 0.132), (0.120000005, 0.067, 0.16499999), (0.114, 0.060000002, 0), (0.11448, 0.060280003, 0.033), (0.11592, 0.061120003, 0.066), (0.11832, 0.062520005, 0.099), (0.12168, 0.06448, 0.132), (0.126, 0.067, 0.16499999), (0.120000005, 0.060000002, 0), (0.12048001, 0.060280003, 0.033), (0.121920004, 0.061120003, 0.066), (0.12432001, 0.062520005, 0.099), (0.12768, 0.06448, 0.132), (0.132, 0.067, 0.16499999), (-0.120000005, 0.066, 0), (-0.11952, 0.06628, 0.033), (-0.118080005, 0.06712, 0.066), (-0.11568, 0.06852, 0.099), (-0.112320006, 0.07048, 0.132), (-0.108, 0.073, 0.16499999), (-0.114, 0.066, 0), (-0.11352, 0.06628, 0.033), (-0.11208, 0.06712, 0.066), (-0.10968, 0.06852, 0.099), (-0.10632, 0.07048, 0.132), (-0.102, 0.073, 0.16499999), (-0.108, 0.066, 0), (-0.10752, 0.06628, 0.033), (-0.10608, 0.06712, 0.066), (-0.10368, 0.06852, 0.099), (-0.100320004, 0.07048, 0.132), (-0.096, 0.073, 0.16499999), (-0.102, 0.066, 0), (-0.101519994, 0.06628, 0.033), (-0.10008, 0.06712, 0.066), (-0.097679995, 0.06852, 0.099), (-0.09432, 0.07048, 0.132), (-0.089999996, 0.073, 0.16499999), (-0.096, 0.066, 0), (-0.09552, 0.06628, 0.033), (-0.09408, 0.06712, 0.066), (-0.09168, 0.06852, 0.099), (-0.08832, 0.07048, 0.132), (-0.084, 0.073, 0.16499999), (-0.09, 0.066, 0), (-0.08952, 0.06628, 0.033), (-0.088080004, 0.06712, 0.066), (-0.08568, 0.06852, 0.099), (-0.082320005, 0.07048, 0.132), (-0.078, 0.073, 0.16499999), (-0.084, 0.066, 0), (-0.083519995, 0.06628, 0.033), (-0.08208, 0.06712, 0.066), (-0.079679996, 0.06852, 0.099), (-0.07632, 0.07048, 0.132), (-0.072, 0.073, 0.16499999), (-0.078, 0.066, 0), (-0.07752, 0.06628, 0.033), (-0.07608, 0.06712, 0.066), (-0.07368, 0.06852, 0.099), (-0.07032, 0.07048, 0.132), (-0.066, 0.073, 0.16499999), (-0.072, 0.066, 0), (-0.07151999, 0.06628, 0.033), (-0.07008, 0.06712, 0.066), (-0.067679994, 0.06852, 0.099), (-0.06432, 0.07048, 0.132), (-0.059999995, 0.073, 0.16499999), (-0.066, 0.066, 0), (-0.065519996, 0.06628, 0.033), (-0.06408, 0.06712, 0.066), (-0.06168, 0.06852, 0.099), (-0.05832, 0.07048, 0.132), (-0.053999998, 0.073, 0.16499999), (-0.060000002, 0.066, 0), (-0.059520002, 0.06628, 0.033), (-0.058080003, 0.06712, 0.066), (-0.055680003, 0.06852, 0.099), (-0.052320004, 0.07048, 0.132), (-0.048, 0.073, 0.16499999), (-0.054, 0.066, 0), (-0.05352, 0.06628, 0.033), (-0.05208, 0.06712, 0.066), (-0.049680002, 0.06852, 0.099), (-0.046320003, 0.07048, 0.132), (-0.042000003, 0.073, 0.16499999), (-0.048, 0.066, 0), (-0.04752, 0.06628, 0.033), (-0.04608, 0.06712, 0.066), (-0.04368, 0.06852, 0.099), (-0.04032, 0.07048, 0.132), (-0.036, 0.073, 0.16499999), (-0.042, 0.066, 0), (-0.04152, 0.06628, 0.033), (-0.04008, 0.06712, 0.066), (-0.03768, 0.06852, 0.099), (-0.03432, 0.07048, 0.132), (-0.03, 0.073, 0.16499999), (-0.036, 0.066, 0), (-0.03552, 0.06628, 0.033), (-0.03408, 0.06712, 0.066), (-0.03168, 0.06852, 0.099), (-0.028319998, 0.07048, 0.132), (-0.023999998, 0.073, 0.16499999), (-0.030000001, 0.066, 0), (-0.029520001, 0.06628, 0.033), (-0.028080001, 0.06712, 0.066), (-0.025680002, 0.06852, 0.099), (-0.02232, 0.07048, 0.132), (-0.018000001, 0.073, 0.16499999), (-0.024, 0.066, 0), (-0.02352, 0.06628, 0.033), (-0.02208, 0.06712, 0.066), (-0.01968, 0.06852, 0.099), (-0.01632, 0.07048, 0.132), (-0.012, 0.073, 0.16499999), (-0.018, 0.066, 0), (-0.01752, 0.06628, 0.033), (-0.01608, 0.06712, 0.066), (-0.013679999, 0.06852, 0.099), (-0.0103199985, 0.07048, 0.132), (-0.005999999, 0.073, 0.16499999), (-0.012, 0.066, 0), (-0.01152, 0.06628, 0.033), (-0.01008, 0.06712, 0.066), (-0.00768, 0.06852, 0.099), (-0.00432, 0.07048, 0.132), (0, 0.073, 0.16499999), (-0.006, 0.066, 0), (-0.00552, 0.06628, 0.033), (-0.00408, 0.06712, 0.066), (-0.0016799998, 0.06852, 0.099), (0.0016800002, 0.07048, 0.132), (0.006, 0.073, 0.16499999), (0, 0.066, 0), (0.00048000002, 0.06628, 0.033), (0.0019200001, 0.06712, 0.066), (0.0043200003, 0.06852, 0.099), (0.0076800003, 0.07048, 0.132), (0.012, 0.073, 0.16499999), (0.006, 0.066, 0), (0.00648, 0.06628, 0.033), (0.00792, 0.06712, 0.066), (0.01032, 0.06852, 0.099), (0.01368, 0.07048, 0.132), (0.018, 0.073, 0.16499999), (0.012, 0.066, 0), (0.01248, 0.06628, 0.033), (0.01392, 0.06712, 0.066), (0.016320001, 0.06852, 0.099), (0.01968, 0.07048, 0.132), (0.024, 0.073, 0.16499999), (0.018, 0.066, 0), (0.01848, 0.06628, 0.033), (0.019919999, 0.06712, 0.066), (0.022319999, 0.06852, 0.099), (0.02568, 0.07048, 0.132), (0.03, 0.073, 0.16499999), (0.024, 0.066, 0), (0.02448, 0.06628, 0.033), (0.02592, 0.06712, 0.066), (0.02832, 0.06852, 0.099), (0.03168, 0.07048, 0.132), (0.036, 0.073, 0.16499999), (0.030000001, 0.066, 0), (0.030480001, 0.06628, 0.033), (0.03192, 0.06712, 0.066), (0.03432, 0.06852, 0.099), (0.03768, 0.07048, 0.132), (0.042000003, 0.073, 0.16499999), (0.036, 0.066, 0), (0.03648, 0.06628, 0.033), (0.03792, 0.06712, 0.066), (0.040319998, 0.06852, 0.099), (0.043679997, 0.07048, 0.132), (0.048, 0.073, 0.16499999), (0.042, 0.066, 0), (0.04248, 0.06628, 0.033), (0.04392, 0.06712, 0.066), (0.04632, 0.06852, 0.099), (0.04968, 0.07048, 0.132), (0.053999998, 0.073, 0.16499999), (0.048, 0.066, 0), (0.04848, 0.06628, 0.033), (0.04992, 0.06712, 0.066), (0.05232, 0.06852, 0.099), (0.05568, 0.07048, 0.132), (0.060000002, 0.073, 0.16499999), (0.054, 0.066, 0), (0.05448, 0.06628, 0.033), (0.05592, 0.06712, 0.066), (0.05832, 0.06852, 0.099), (0.06168, 0.07048, 0.132), (0.066, 0.073, 0.16499999), (0.060000002, 0.066, 0), (0.060480002, 0.06628, 0.033), (0.061920002, 0.06712, 0.066), (0.064320005, 0.06852, 0.099), (0.06768, 0.07048, 0.132), (0.072000004, 0.073, 0.16499999), (0.066, 0.066, 0), (0.06648, 0.06628, 0.033), (0.06792, 0.06712, 0.066), (0.07032, 0.06852, 0.099), (0.07368, 0.07048, 0.132), (0.078, 0.073, 0.16499999), (0.072, 0.066, 0), (0.07248, 0.06628, 0.033), (0.07392, 0.06712, 0.066), (0.07632, 0.06852, 0.099), (0.079679996, 0.07048, 0.132), (0.084, 0.073, 0.16499999), (0.078, 0.066, 0), (0.078480005, 0.06628, 0.033), (0.07992, 0.06712, 0.066), (0.082320005, 0.06852, 0.099), (0.08568, 0.07048, 0.132), (0.09, 0.073, 0.16499999), (0.084, 0.066, 0), (0.08448, 0.06628, 0.033), (0.08592, 0.06712, 0.066), (0.08832, 0.06852, 0.099), (0.09168, 0.07048, 0.132), (0.096, 0.073, 0.16499999), (0.09, 0.066, 0), (0.09048001, 0.06628, 0.033), (0.09192, 0.06712, 0.066), (0.09432001, 0.06852, 0.099), (0.09768, 0.07048, 0.132), (0.102000006, 0.073, 0.16499999), (0.096, 0.066, 0), (0.096480004, 0.06628, 0.033), (0.09792, 0.06712, 0.066), (0.100320004, 0.06852, 0.099), (0.10368, 0.07048, 0.132), (0.108, 0.073, 0.16499999), (0.102, 0.066, 0), (0.10248, 0.06628, 0.033), (0.10392, 0.06712, 0.066), (0.10632, 0.06852, 0.099), (0.10968, 0.07048, 0.132), (0.114, 0.073, 0.16499999), (0.108, 0.066, 0), (0.10848001, 0.06628, 0.033), (0.10992, 0.06712, 0.066), (0.112320006, 0.06852, 0.099), (0.11568, 0.07048, 0.132), (0.120000005, 0.073, 0.16499999), (0.114, 0.066, 0), (0.11448, 0.06628, 0.033), (0.11592, 0.06712, 0.066), (0.11832, 0.06852, 0.099), (0.12168, 0.07048, 0.132), (0.126, 0.073, 0.16499999), (0.120000005, 0.066, 0), (0.12048001, 0.06628, 0.033), (0.121920004, 0.06712, 0.066), (0.12432001, 0.06852, 0.099), (0.12768, 0.07048, 0.132), (0.132, 0.073, 0.16499999), (-0.120000005, 0.072, 0), (-0.11952, 0.07228, 0.033), (-0.118080005, 0.07312, 0.066), (-0.11568, 0.07452, 0.099), (-0.112320006, 0.076479994, 0.132), (-0.108, 0.078999996, 0.16499999), (-0.114, 0.072, 0), (-0.11352, 0.07228, 0.033), (-0.11208, 0.07312, 0.066), (-0.10968, 0.07452, 0.099), (-0.10632, 0.076479994, 0.132), (-0.102, 0.078999996, 0.16499999), (-0.108, 0.072, 0), (-0.10752, 0.07228, 0.033), (-0.10608, 0.07312, 0.066), (-0.10368, 0.07452, 0.099), (-0.100320004, 0.076479994, 0.132), (-0.096, 0.078999996, 0.16499999), (-0.102, 0.072, 0), (-0.101519994, 0.07228, 0.033), (-0.10008, 0.07312, 0.066), (-0.097679995, 0.07452, 0.099), (-0.09432, 0.076479994, 0.132), (-0.089999996, 0.078999996, 0.16499999), (-0.096, 0.072, 0), (-0.09552, 0.07228, 0.033), (-0.09408, 0.07312, 0.066), (-0.09168, 0.07452, 0.099), (-0.08832, 0.076479994, 0.132), (-0.084, 0.078999996, 0.16499999), (-0.09, 0.072, 0), (-0.08952, 0.07228, 0.033), (-0.088080004, 0.07312, 0.066), (-0.08568, 0.07452, 0.099), (-0.082320005, 0.076479994, 0.132), (-0.078, 0.078999996, 0.16499999), (-0.084, 0.072, 0), (-0.083519995, 0.07228, 0.033), (-0.08208, 0.07312, 0.066), (-0.079679996, 0.07452, 0.099), (-0.07632, 0.076479994, 0.132), (-0.072, 0.078999996, 0.16499999), (-0.078, 0.072, 0), (-0.07752, 0.07228, 0.033), (-0.07608, 0.07312, 0.066), (-0.07368, 0.07452, 0.099), (-0.07032, 0.076479994, 0.132), (-0.066, 0.078999996, 0.16499999), (-0.072, 0.072, 0), (-0.07151999, 0.07228, 0.033), (-0.07008, 0.07312, 0.066), (-0.067679994, 0.07452, 0.099), (-0.06432, 0.076479994, 0.132), (-0.059999995, 0.078999996, 0.16499999), (-0.066, 0.072, 0), (-0.065519996, 0.07228, 0.033), (-0.06408, 0.07312, 0.066), (-0.06168, 0.07452, 0.099), (-0.05832, 0.076479994, 0.132), (-0.053999998, 0.078999996, 0.16499999), (-0.060000002, 0.072, 0), (-0.059520002, 0.07228, 0.033), (-0.058080003, 0.07312, 0.066), (-0.055680003, 0.07452, 0.099), (-0.052320004, 0.076479994, 0.132), (-0.048, 0.078999996, 0.16499999), (-0.054, 0.072, 0), (-0.05352, 0.07228, 0.033), (-0.05208, 0.07312, 0.066), (-0.049680002, 0.07452, 0.099), (-0.046320003, 0.076479994, 0.132), (-0.042000003, 0.078999996, 0.16499999), (-0.048, 0.072, 0), (-0.04752, 0.07228, 0.033), (-0.04608, 0.07312, 0.066), (-0.04368, 0.07452, 0.099), (-0.04032, 0.076479994, 0.132), (-0.036, 0.078999996, 0.16499999), (-0.042, 0.072, 0), (-0.04152, 0.07228, 0.033), (-0.04008, 0.07312, 0.066), (-0.03768, 0.07452, 0.099), (-0.03432, 0.076479994, 0.132), (-0.03, 0.078999996, 0.16499999), (-0.036, 0.072, 0), (-0.03552, 0.07228, 0.033), (-0.03408, 0.07312, 0.066), (-0.03168, 0.07452, 0.099), (-0.028319998, 0.076479994, 0.132), (-0.023999998, 0.078999996, 0.16499999), (-0.030000001, 0.072, 0), (-0.029520001, 0.07228, 0.033), (-0.028080001, 0.07312, 0.066), (-0.025680002, 0.07452, 0.099), (-0.02232, 0.076479994, 0.132), (-0.018000001, 0.078999996, 0.16499999), (-0.024, 0.072, 0), (-0.02352, 0.07228, 0.033), (-0.02208, 0.07312, 0.066), (-0.01968, 0.07452, 0.099), (-0.01632, 0.076479994, 0.132), (-0.012, 0.078999996, 0.16499999), (-0.018, 0.072, 0), (-0.01752, 0.07228, 0.033), (-0.01608, 0.07312, 0.066), (-0.013679999, 0.07452, 0.099), (-0.0103199985, 0.076479994, 0.132), (-0.005999999, 0.078999996, 0.16499999), (-0.012, 0.072, 0), (-0.01152, 0.07228, 0.033), (-0.01008, 0.07312, 0.066), (-0.00768, 0.07452, 0.099), (-0.00432, 0.076479994, 0.132), (0, 0.078999996, 0.16499999), (-0.006, 0.072, 0), (-0.00552, 0.07228, 0.033), (-0.00408, 0.07312, 0.066), (-0.0016799998, 0.07452, 0.099), (0.0016800002, 0.076479994, 0.132), (0.006, 0.078999996, 0.16499999), (0, 0.072, 0), (0.00048000002, 0.07228, 0.033), (0.0019200001, 0.07312, 0.066), (0.0043200003, 0.07452, 0.099), (0.0076800003, 0.076479994, 0.132), (0.012, 0.078999996, 0.16499999), (0.006, 0.072, 0), (0.00648, 0.07228, 0.033), (0.00792, 0.07312, 0.066), (0.01032, 0.07452, 0.099), (0.01368, 0.076479994, 0.132), (0.018, 0.078999996, 0.16499999), (0.012, 0.072, 0), (0.01248, 0.07228, 0.033), (0.01392, 0.07312, 0.066), (0.016320001, 0.07452, 0.099), (0.01968, 0.076479994, 0.132), (0.024, 0.078999996, 0.16499999), (0.018, 0.072, 0), (0.01848, 0.07228, 0.033), (0.019919999, 0.07312, 0.066), (0.022319999, 0.07452, 0.099), (0.02568, 0.076479994, 0.132), (0.03, 0.078999996, 0.16499999), (0.024, 0.072, 0), (0.02448, 0.07228, 0.033), (0.02592, 0.07312, 0.066), (0.02832, 0.07452, 0.099), (0.03168, 0.076479994, 0.132), (0.036, 0.078999996, 0.16499999), (0.030000001, 0.072, 0), (0.030480001, 0.07228, 0.033), (0.03192, 0.07312, 0.066), (0.03432, 0.07452, 0.099), (0.03768, 0.076479994, 0.132), (0.042000003, 0.078999996, 0.16499999), (0.036, 0.072, 0), (0.03648, 0.07228, 0.033), (0.03792, 0.07312, 0.066), (0.040319998, 0.07452, 0.099), (0.043679997, 0.076479994, 0.132), (0.048, 0.078999996, 0.16499999), (0.042, 0.072, 0), (0.04248, 0.07228, 0.033), (0.04392, 0.07312, 0.066), (0.04632, 0.07452, 0.099), (0.04968, 0.076479994, 0.132), (0.053999998, 0.078999996, 0.16499999), (0.048, 0.072, 0), (0.04848, 0.07228, 0.033), (0.04992, 0.07312, 0.066), (0.05232, 0.07452, 0.099), (0.05568, 0.076479994, 0.132), (0.060000002, 0.078999996, 0.16499999), (0.054, 0.072, 0), (0.05448, 0.07228, 0.033), (0.05592, 0.07312, 0.066), (0.05832, 0.07452, 0.099), (0.06168, 0.076479994, 0.132), (0.066, 0.078999996, 0.16499999), (0.060000002, 0.072, 0), (0.060480002, 0.07228, 0.033), (0.061920002, 0.07312, 0.066), (0.064320005, 0.07452, 0.099), (0.06768, 0.076479994, 0.132), (0.072000004, 0.078999996, 0.16499999), (0.066, 0.072, 0), (0.06648, 0.07228, 0.033), (0.06792, 0.07312, 0.066), (0.07032, 0.07452, 0.099), (0.07368, 0.076479994, 0.132), (0.078, 0.078999996, 0.16499999), (0.072, 0.072, 0), (0.07248, 0.07228, 0.033), (0.07392, 0.07312, 0.066), (0.07632, 0.07452, 0.099), (0.079679996, 0.076479994, 0.132), (0.084, 0.078999996, 0.16499999), (0.078, 0.072, 0), (0.078480005, 0.07228, 0.033), (0.07992, 0.07312, 0.066), (0.082320005, 0.07452, 0.099), (0.08568, 0.076479994, 0.132), (0.09, 0.078999996, 0.16499999), (0.084, 0.072, 0), (0.08448, 0.07228, 0.033), (0.08592, 0.07312, 0.066), (0.08832, 0.07452, 0.099), (0.09168, 0.076479994, 0.132), (0.096, 0.078999996, 0.16499999), (0.09, 0.072, 0), (0.09048001, 0.07228, 0.033), (0.09192, 0.07312, 0.066), (0.09432001, 0.07452, 0.099), (0.09768, 0.076479994, 0.132), (0.102000006, 0.078999996, 0.16499999), (0.096, 0.072, 0), (0.096480004, 0.07228, 0.033), (0.09792, 0.07312, 0.066), (0.100320004, 0.07452, 0.099), (0.10368, 0.076479994, 0.132), (0.108, 0.078999996, 0.16499999), (0.102, 0.072, 0), (0.10248, 0.07228, 0.033), (0.10392, 0.07312, 0.066), (0.10632, 0.07452, 0.099), (0.10968, 0.076479994, 0.132), (0.114, 0.078999996, 0.16499999), (0.108, 0.072, 0), (0.10848001, 0.07228, 0.033), (0.10992, 0.07312, 0.066), (0.112320006, 0.07452, 0.099), (0.11568, 0.076479994, 0.132), (0.120000005, 0.078999996, 0.16499999), (0.114, 0.072, 0), (0.11448, 0.07228, 0.033), (0.11592, 0.07312, 0.066), (0.11832, 0.07452, 0.099), (0.12168, 0.076479994, 0.132), (0.126, 0.078999996, 0.16499999), (0.120000005, 0.072, 0), (0.12048001, 0.07228, 0.033), (0.121920004, 0.07312, 0.066), (0.12432001, 0.07452, 0.099), (0.12768, 0.076479994, 0.132), (0.132, 0.078999996, 0.16499999)]
        color3f[] primvars:displayColor = [(0.97, 0.44, 0.26), (0.46, 0.45, 0.44), (0.46, 0.45, 0.44), (0.46, 0.45, 0.44), (0.46, 0.45, 0.44), (0.46, 0.45, 0.44), (0.46, 0.45, 0.44), (0.46, 0.45, 0.44), (0.46, 0.45, 0.44), (0.46, 0.45, 0.44), (0.46, 0.45, 0.44), (0.46, 0.45, 0.44), (0.46, 0.45, 0.44), (0.97, 0.44, 0.26), (0.97, 0.44, 0.26), (0.97, 0.44, 0.26), (0.97, 0.44, 0.26), (0.97, 0.44, 0.26), (0.97, 0.44, 0.26), (0.97, 0.44, 0.26), (0.97, 0.44, 0.26), (0.97, 0.44, 0.26), (0.97, 0.44, 0.26), (0.97, 0.44, 0.26), (0.97, 0.44, 0.26), (0.97, 0.44, 0.26), (0.97, 0.44, 0.26), (0.97, 0.44, 0.26), (0.46, 0.45, 0.44), (0.46, 0.45, 0.44), (0.46, 0.45, 0.44), (0.46, 0.45, 0.44), (0.46, 0.45, 0.44), (0.46, 0.45, 0.44), (0.46, 0.45, 0.44), (0.46, 0.45, 0.44), (0.46, 0.45, 0.44), (0.46, 0.45, 0.44), (0.46, 0.45, 0.44), (0.46, 0.45, 0.44), (0.97, 0.44, 0.26), (0.97, 0.44, 0.26), (0.97, 0.44, 0.26), (0.97, 0.44, 0.26), (0.46, 0.45, 0.44), (0.46, 0.45, 0.44), (0.46, 0.45, 0.44), (0.46, 0.45, 0.44), (0.46, 0.45, 0.44), (0.46, 0.45, 0.44), (0.46, 0.45, 0.44), (0.46, 0.45, 0.44), (0.46, 0.45, 0.44), (0.97, 0.44, 0.26), (0.97, 0.44, 0.26), (0.97, 0.44, 0.26), (0.97, 0.44, 0.26), (0.97, 0.44, 0.26), (0.97, 0.44, 0.26), (0.97, 0.44, 0.26), (0.97, 0.44, 0.26), (0.97, 0.44, 0.26), (0.97, 0.44, 0.26), (0.97, 0.44, 0.26), (0.97, 0.44, 0.26), (0.97, 0.44, 0.26), (0.97, 0.44, 0.26), (0.97, 0.44, 0.26), (0.97, 0.44, 0.26), (0.97, 0.44, 0.26), (0.46, 0.45, 0.44), (0.46, 0.45, 0.44), (0.46, 0.45, 0.44), (0.46, 0.45, 0.44), (0.46, 0.45, 0.44), (0.46, 0.45, 0.44), (0.46, 0.45, 0.44), (0.46, 0.45, 0.44), (0.46, 0.45, 0.44), (0.97, 0.44, 0.26), (0.97, 0.44, 0.26), (0.97, 0.44, 0.26), (0.97, 0.44, 0.26), (0.97, 0.44, 0.26), (0.97, 0.44, 0.26), (0.97, 0.44, 0.26), (0.46, 0.45, 0.44), (0.46, 0.45, 0.44), (0.46, 0.45, 0.44), (0.46, 0.45, 0.44), (0.46, 0.45, 0.44), (0.46, 0.45, 0.44), (0.97, 0.44, 0.26), (0.97, 0.44, 0.26), (0.97, 0.44, 0.26), (0.97, 0.44, 0.26), (0.97, 0.44, 0.26), (0.97, 0.44, 0.26), (0.97, 0.44, 0.26), (0.97, 0.44, 0.26), (0.97, 0.44, 0.26), (0.97, 0.44, 0.26), (0.97, 0.44, 0.26), (0.97, 0.44, 0.26), (0.97, 0.44, 0.26), (0.97, 0.44, 0.26), (0.97, 0.44, 0.26), (0.97, 0.44, 0.26), (0.97, 0.44, 0.26), (0.97, 0.44, 0.26), (0.97, 0.44, 0.26), (0.97, 0.44, 0.26), (0.97, 0.44, 0.26), (0.46, 0.45, 0.44), (0.46, 0.45, 0.44), (0.46, 0.45, 0.44), (0.46, 0.45, 0.44), (0.46, 0.45, 0.44), (0.46, 0.45, 0.44), (0.97, 0.44, 0.26), (0.97, 0.44, 0.26), (0.97, 0.44, 0.26), (0.97, 0.44, 0.26), (0.97, 0.44, 0.26), (0.97, 0.44, 0.26), (0.97, 0.44, 0.26), (0.97, 0.44, 0.26), (0.97, 0.44, 0.26), (0.46, 0.45, 0.44), (0.46, 0.45, 0.44), (0.46, 0.45, 0.44), (0.46, 0.45, 0.44), (0.46, 0.45, 0.44), (0.97, 0.44, 0.26), (0.97, 0.44, 0.26), (0.97, 0.44, 0.26), (0.97, 0.44, 0.26), (0.97, 0.44, 0.26), (0.97, 0.44, 0.26), (0.97, 0.44, 0.26), (0.97, 0.44, 0.26), (0.97, 0.44, 0.26), (0.97, 0.44, 0.26), (0.97, 0.44, 0.26), (0.97, 0.44, 0.26), (0.97, 0.44, 0.26), (0.97, 0.44, 0.26), (0.97, 0.44, 0.26), (0.97, 0.44, 0.26), (0.97, 0.44, 0.26), (0.97, 0.44, 0.26), (0.97, 0.44, 0.26), (0.97, 0.44, 0.26), (0.97, 0.44, 0.26), (0.46, 0.45, 0.44), (0.46, 0.45, 0.44), (0.46, 0.45, 0.44), (0.46, 0.45, 0.44), (0.46, 0.45, 0.44), (0.97, 0.44, 0.26), (0.97, 0.44, 0.26), (0.97, 0.44, 0.26), (0.97, 0.44, 0.26), (0.97, 0.44, 0.26), (0.97, 0.44, 0.26), (0.97, 0.44, 0.26), (0.97, 0.44, 0.26), (0.97, 0.44, 0.26), (0.97, 0.44, 0.26), (0.97, 0.44, 0.26), (0.46, 0.45, 0.44), (0.46, 0.45, 0.44), (0.46, 0.45, 0.44), (0.97, 0.44, 0.26), (0.97, 0.44, 0.26), (0.97, 0.44, 0.26), (0.97, 0.44, 0.26), (0.97, 0.44, 0.26), (0.97, 0.44, 0.26), (0.97, 0.44, 0.26), (0.97, 0.44, 0.26), (0.97, 0.44, 0.26), (0.97, 0.44, 0.26), (0.97, 0.44, 0.26), (0.97, 0.44, 0.26), (0.97, 0.44, 0.26), (0.97, 0.44, 0.26), (0.97, 0.44, 0.26), (0.97, 0.44, 0.26), (0.97, 0.44, 0.26), (0.97, 0.44, 0.26), (0.97, 0.44, 0.26), (0.97, 0.44, 0.26), (0.97, 0.44, 0.26), (0.97, 0.44, 0.26), (0.97, 0.44, 0.26), (0.46, 0.45, 0.44), (0.46, 0.45, 0.44), (0.46, 0.45, 0.44), (0.97, 0.44, 0.26), (0.97, 0.44, 0.26), (0.97, 0.44, 0.26), (0.97, 0.44, 0.26), (0.97, 0.44, 0.26), (0.97, 0.44, 0.26), (0.97, 0.44, 0.26), (0.97, 0.44, 0.26), (0.97, 0.44, 0.26), (0.97, 0.44, 0.26), (0.97, 0.44, 0.26), (0.97, 0.44, 0.26), (0.46, 0.45, 0.44), (0.46, 0.45, 0.44), (0.97, 0.44, 0.26), (0.97, 0.44, 0.26), (0.97, 0.44, 0.26), (0.97, 0.44, 0.26), (0.97, 0.44, 0.26), (0.97, 0.44, 0.26), (0.97, 0.44, 0.26), (0.97, 0.44, 0.26), (0.97, 0.44, 0.26), (0.97, 0.44, 0.26), (0.97, 0.44, 0.26), (0.97, 0.44, 0.26), (0.97, 0.44, 0.26), (0.97, 0.44, 0.26), (0.97, 0.44, 0.26), (0.97, 0.44, 0.26), (0.97, 0.44, 0.26), (0.97, 0.44, 0.26), (0.97, 0.44, 0.26), (0.97, 0.44, 0.26), (0.97, 0.44, 0.26), (0.97, 0.44, 0.26), (0.97, 0.44, 0.26), (0.97, 0.44, 0.26), (0.97, 0.44, 0.26), (0.46, 0.45, 0.44), (0.46, 0.45, 0.44), (0.97, 0.44, 0.26), (0.97, 0.44, 0.26), (0.97, 0.44, 0.26), (0.97, 0.44, 0.26), (0.97, 0.44, 0.26), (0.97, 0.44, 0.26), (0.97, 0.44, 0.26), (0.97, 0.44, 0.26), (0.97, 0.44, 0.26), (0.97, 0.44, 0.26), (0.97, 0.44, 0.26), (0.97, 0.44, 0.26), (0.97, 0.44, 0.26), (0.46, 0.45, 0.44), (0.97, 0.44, 0.26), (0.97, 0.44, 0.26), (0.97, 0.44, 0.26), (0.97, 0.44, 0.26), (0.97, 0.44, 0.26), (0.97, 0.44, 0.26), (0.97, 0.44, 0.26), (0.97, 0.44, 0.26), (0.97, 0.44, 0.26), (0.97, 0.44, 0.26), (0.97, 0.44, 0.26), (0.97, 0.44, 0.26), (0.97, 0.44, 0.26), (0.97, 0.44, 0.26), (0.97, 0.44, 0.26), (0.97, 0.44, 0.26), (0.97, 0.44, 0.26), (0.97, 0.44, 0.26), (0.97, 0.44, 0.26), (0.97, 0.44, 0.26), (0.97, 0.44, 0.26), (0.97, 0.44, 0.26), (0.97, 0.44, 0.26), (0.97, 0.44, 0.26), (0.97, 0.44, 0.26), (0.46, 0.45, 0.44), (0.97, 0.44, 0.26), (0.97, 0.44, 0.26), (0.97, 0.44, 0.26), (0.97, 0.44, 0.26), (0.97, 0.44, 0.26), (0.97, 0.44, 0.26), (0.97, 0.44, 0.26), (0.97, 0.44, 0.26), (0.97, 0.44, 0.26), (0.97, 0.44, 0.26), (0.97, 0.44, 0.26), (0.97, 0.44, 0.26), (0.97, 0.44, 0.26), (0.97, 0.44, 0.26), (0.97, 0.44, 0.26), (0.97, 0.44, 0.26), (0.97, 0.44, 0.26), (0.97, 0.44, 0.26), (0.97, 0.44, 0.26), (0.97, 0.44, 0.26), (0.97, 0.44, 0.26), (0.97, 0.44, 0.26), (0.97, 0.44, 0.26), (0.97, 0.44, 0.26), (0.97, 0.44, 0.26), (0.97, 0.44, 0.26), (0.97, 0.44, 0.26), (0.97, 0.44, 0.26), (0.97, 0.44, 0.26), (0.97, 0.44, 0.26), (0.97, 0.44, 0.26), (0.97, 0.44, 0.26), (0.97, 0.44, 0.26), (0.97, 0.44, 0.26), (0.97, 0.44, 0.26), (0.97, 0.44, 0.26), (0.97, 0.44, 0.26), (0.97, 0.44, 0.26), (0.97, 0.44, 0.26), (0.97, 0.44, 0.26), (0.97, 0.44, 0.26), (0.97, 0.44, 0.26), (0.97, 0.44, 0.26), (0.97, 0.44, 0.26), (0.97, 0.44, 0.26), (0.97, 0.44, 0.26), (0.97, 0.44, 0.26), (0.97, 0.44, 0.26), (0.97, 0.44, 0.26), (0.97, 0.44, 0.26), (0.97, 0.44, 0.26), (0.97, 0.44, 0.26), (0.97, 0.44, 0.26), (0.97, 0.44, 0.26), (0.97, 0.44, 0.26), (0.97, 0.44, 0.26), (0.97, 0.44, 0.26), (0.97, 0.44, 0.26), (0.97, 0.44, 0.26), (0.97, 0.44, 0.26), (0.97, 0.44, 0.26), (0.97, 0.44, 0.26), (0.97, 0.44, 0.26), (0.97, 0.44, 0.26), (0.97, 0.44, 0.26), (0.97, 0.44, 0.26), (0.97, 0.44, 0.26), (0.97, 0.44, 0.26), (0.97, 0.44, 0.26), (0.97, 0.44, 0.26), (0.97, 0.44, 0.26), (0.97, 0.44, 0.26), (0.97, 0.44, 0.26), (0.97, 0.44, 0.26), (0.97, 0.44, 0.26), (0.97, 0.44, 0.26), (0.97, 0.44, 0.26), (0.97, 0.44, 0.26), (0.97, 0.44, 0.26), (0.97, 0.44, 0.26), (0.97, 0.44, 0.26), (0.97, 0.44, 0.26), (0.97, 0.44, 0.26), (0.97, 0.44, 0.26), (0.97, 0.44, 0.26), (0.97, 0.44, 0.26), (0.97, 0.44, 0.26), (0.97, 0.44, 0.26), (0.97, 0.44, 0.26), (0.97, 0.44, 0.26), (0.97, 0.44, 0.26), (0.97, 0.44, 0.26), (0.97, 0.44, 0.26), (0.97, 0.44, 0.26), (0.97, 0.44, 0.26), (0.97, 0.44, 0.26), (0.97, 0.44, 0.26), (0.97, 0.44, 0.26), (0.97, 0.44, 0.26), (0.97, 0.44, 0.26), (0.97, 0.44, 0.26), (0.97, 0.44, 0.26), (0.97, 0.44, 0.26), (0.97, 0.44, 0.26), (0.97, 0.44, 0.26), (0.97, 0.44, 0.26), (0.97, 0.44, 0.26), (0.97, 0.44, 0.26), (0.97, 0.44, 0.26), (0.97, 0.44, 0.26), (0.97, 0.44, 0.26), (0.97, 0.44, 0.26), (0.97, 0.44, 0.26), (0.97, 0.44, 0.26), (0.97, 0.44, 0.26), (0.97, 0.44, 0.26), (0.97, 0.44, 0.26), (0.97, 0.44, 0.26), (0.97, 0.44, 0.26), (0.97, 0.44, 0.26), (0.97, 0.44, 0.26), (0.97, 0.44, 0.26), (0.97, 0.44, 0.26), (0.97, 0.44, 0.26), (0.97, 0.44, 0.26), (0.97, 0.44, 0.26), (0.97, 0.44, 0.26), (0.97, 0.44, 0.26), (0.97, 0.44, 0.26), (0.97, 0.44, 0.26), (0.97, 0.44, 0.26), (0.97, 0.44, 0.26), (0.97, 0.44, 0.26), (0.97, 0.44, 0.26), (0.97, 0.44, 0.26), (0.97, 0.44, 0.26), (0.97, 0.44, 0.26), (0.97, 0.44, 0.26), (0.97, 0.44, 0.26), (0.97, 0.44, 0.26), (0.97, 0.44, 0.26), (0.97, 0.44, 0.26), (0.97, 0.44, 0.26), (0.97, 0.44, 0.26), (0.97, 0.44, 0.26), (0.97, 0.44, 0.26), (0.97, 0.44, 0.26), (0.97, 0.44, 0.26), (0.97, 0.44, 0.26), (0.97, 0.44, 0.26), (0.97, 0.44, 0.26), (0.97, 0.44, 0.26), (0.97, 0.44, 0.26), (0.97, 0.44, 0.26), (0.97, 0.44, 0.26), (0.97, 0.44, 0.26), (0.97, 0.44, 0.26), (0.97, 0.44, 0.26), (0.97, 0.44, 0.26), (0.97, 0.44, 0.26), (0.97, 0.44, 0.26), (0.97, 0.44, 0.26), (0.97, 0.44, 0.26), (0.97, 0.44, 0.26), (0.97, 0.44, 0.26), (0.97, 0.44, 0.26), (0.97, 0.44, 0.26), (0.97, 0.44, 0.26), (0.97, 0.44, 0.26), (0.97, 0.44, 0.26), (0.97, 0.44, 0.26), (0.97, 0.44, 0.26), (0.97, 0.44, 0.26), (0.97, 0.44, 0.26), (0.97, 0.44, 0.26), (0.97, 0.44, 0.26), (0.97, 0.44, 0.26), (0.97, 0.44, 0.26), (0.97, 0.44, 0.26), (0.97, 0.44, 0.26), (0.97, 0.44, 0.26), (0.97, 0.44, 0.26), (0.97, 0.44, 0.26), (0.97, 0.44, 0.26), (0.97, 0.44, 0.26), (0.97, 0.44, 0.26), (0.97, 0.44, 0.26), (0.97, 0.44, 0.26), (0.97, 0.44, 0.26), (0.97, 0.44, 0.26), (0.97, 0.44, 0.26), (0.97, 0.44, 0.26), (0.97, 0.44, 0.26), (0.97, 0.44, 0.26), (0.97, 0.44, 0.26), (0.97, 0.44, 0.26), (0.97, 0.44, 0.26), (0.97, 0.44, 0.26), (0.97, 0.44, 0.26), (0.97, 0.44, 0.26), (0.97, 0.44, 0.26), (0.97, 0.44, 0.26), (0.97, 0.44, 0.26), (0.97, 0.44, 0.26), (0.97, 0.44, 0.26), (0.97, 0.44, 0.26), (0.97, 0.44, 0.26), (0.97, 0.44, 0.26), (0.97, 0.44, 0.26), (0.97, 0.44, 0.26), (0.97, 0.44, 0.26), (0.97, 0.44, 0.26), (0.3, 0.72, 0.88), (0.3, 0.72, 0.88), (0.3, 0.72, 0.88), (0.3, 0.72, 0.88), (0.3, 0.72, 0.88), (0.3, 0.72, 0.88), (0.3, 0.72, 0.88), (0.3, 0.72, 0.88), (0.3, 0.72, 0.88), (0.3, 0.72, 0.88), (0.3, 0.72, 0.88), (0.3, 0.72, 0.88), (0.3, 0.72, 0.88), (0.3, 0.72, 0.88), (0.3, 0.72, 0.88), (0.3, 0.72, 0.88), (0.3, 0.72, 0.88), (0.3, 0.72, 0.88), (0.3, 0.72, 0.88), (0.3, 0.72, 0.88), (0.3, 0.72, 0.88), (0.3, 0.72, 0.88), (0.3, 0.72, 0.88), (0.3, 0.72, 0.88), (0.3, 0.72, 0.88), (0.3, 0.72, 0.88), (0.3, 0.72, 0.88), (0.3, 0.72, 0.88), (0.3, 0.72, 0.88), (0.3, 0.72, 0.88), (0.3, 0.72, 0.88), (0.3, 0.72, 0.88), (0.3, 0.72, 0.88), (0.3, 0.72, 0.88), (0.3, 0.72, 0.88), (0.3, 0.72, 0.88), (0.3, 0.72, 0.88), (0.3, 0.72, 0.88), (0.3, 0.72, 0.88), (0.3, 0.72, 0.88), (0.3, 0.72, 0.88), (0.3, 0.72, 0.88), (0.3, 0.72, 0.88), (0.3, 0.72, 0.88), (0.3, 0.72, 0.88), (0.3, 0.72, 0.88), (0.3, 0.72, 0.88), (0.3, 0.72, 0.88), (0.3, 0.72, 0.88), (0.3, 0.72, 0.88), (0.3, 0.72, 0.88), (0.3, 0.72, 0.88), (0.3, 0.72, 0.88), (0.3, 0.72, 0.88), (0.3, 0.72, 0.88), (0.3, 0.72, 0.88), (0.3, 0.72, 0.88), (0.3, 0.72, 0.88), (0.3, 0.72, 0.88), (0.3, 0.72, 0.88), (0.3, 0.72, 0.88), (0.3, 0.72, 0.88), (0.3, 0.72, 0.88), (0.3, 0.72, 0.88), (0.3, 0.72, 0.88), (0.3, 0.72, 0.88), (0.3, 0.72, 0.88), (0.3, 0.72, 0.88), (0.3, 0.72, 0.88), (0.3, 0.72, 0.88), (0.3, 0.72, 0.88), (0.3, 0.72, 0.88), (0.3, 0.72, 0.88), (0.3, 0.72, 0.88), (0.3, 0.72, 0.88), (0.3, 0.72, 0.88), (0.3, 0.72, 0.88), (0.3, 0.72, 0.88), (0.3, 0.72, 0.88), (0.3, 0.72, 0.88), (0.3, 0.72, 0.88), (0.3, 0.72, 0.88), (0.3, 0.72, 0.88), (0.3, 0.72, 0.88), (0.3, 0.72, 0.88), (0.3, 0.72, 0.88), (0.3, 0.72, 0.88), (0.3, 0.72, 0.88), (0.3, 0.72, 0.88), (0.3, 0.72, 0.88), (0.3, 0.72, 0.88), (0.3, 0.72, 0.88), (0.3, 0.72, 0.88), (0.3, 0.72, 0.88), (0.3, 0.72, 0.88), (0.3, 0.72, 0.88), (0.3, 0.72, 0.88), (0.3, 0.72, 0.88), (0.3, 0.72, 0.88), (0.3, 0.72, 0.88), (0.3, 0.72, 0.88), (0.3, 0.72, 0.88), (0.3, 0.72, 0.88), (0.3, 0.72, 0.88), (0.3, 0.72, 0.88), (0.3, 0.72, 0.88), (0.3, 0.72, 0.88), (0.3, 0.72, 0.88), (0.3, 0.72, 0.88), (0.3, 0.72, 0.88), (0.3, 0.72, 0.88), (0.3, 0.72, 0.88), (0.3, 0.72, 0.88), (0.3, 0.72, 0.88), (0.3, 0.72, 0.88), (0.3, 0.72, 0.88), (0.3, 0.72, 0.88), (0.3, 0.72, 0.88), (0.3, 0.72, 0.88), (0.3, 0.72, 0.88), (0.3, 0.72, 0.88), (0.3, 0.72, 0.88), (0.3, 0.72, 0.88), (0.3, 0.72, 0.88), (0.3, 0.72, 0.88), (0.3, 0.72, 0.88), (0.3, 0.72, 0.88), (0.3, 0.72, 0.88), (0.3, 0.72, 0.88), (0.3, 0.72, 0.88), (0.3, 0.72, 0.88), (0.3, 0.72, 0.88), (0.3, 0.72, 0.88), (0.3, 0.72, 0.88), (0.3, 0.72, 0.88), (0.3, 0.72, 0.88), (0.3, 0.72, 0.88), (0.3, 0.72, 0.88), (0.3, 0.72, 0.88), (0.3, 0.72, 0.88), (0.3, 0.72, 0.88), (0.3, 0.72, 0.88), (0.3, 0.72, 0.88), (0.3, 0.72, 0.88), (0.3, 0.72, 0.88), (0.3, 0.72, 0.88), (0.3, 0.72, 0.88), (0.3, 0.72, 0.88), (0.3, 0.72, 0.88), (0.3, 0.72, 0.88), (0.3, 0.72, 0.88), (0.3, 0.72, 0.88), (0.3, 0.72, 0.88), (0.3, 0.72, 0.88), (0.3, 0.72, 0.88), (0.3, 0.72, 0.88), (0.3, 0.72, 0.88), (0.3, 0.72, 0.88), (0.3, 0.72, 0.88), (0.3, 0.72, 0.88), (0.3, 0.72, 0.88), (0.3, 0.72, 0.88), (0.3, 0.72, 0.88), (0.3, 0.72, 0.88), (0.3, 0.72, 0.88), (0.3, 0.72, 0.88), (0.3, 0.72, 0.88), (0.3, 0.72, 0.88), (0.3, 0.72, 0.88), (0.3, 0.72, 0.88), (0.3, 0.72, 0.88), (0.3, 0.72, 0.88), (0.3, 0.72, 0.88), (0.3, 0.72, 0.88), (0.3, 0.72, 0.88), (0.3, 0.72, 0.88), (0.3, 0.72, 0.88), (0.3, 0.72, 0.88), (0.3, 0.72, 0.88), (0.3, 0.72, 0.88), (0.3, 0.72, 0.88), (0.3, 0.72, 0.88), (0.3, 0.72, 0.88), (0.3, 0.72, 0.88), (0.3, 0.72, 0.88), (0.3, 0.72, 0.88), (0.3, 0.72, 0.88), (0.3, 0.72, 0.88), (0.3, 0.72, 0.88), (0.3, 0.72, 0.88), (0.3, 0.72, 0.88), (0.3, 0.72, 0.88), (0.3, 0.72, 0.88), (0.3, 0.72, 0.88), (0.3, 0.72, 0.88), (0.3, 0.72, 0.88), (0.3, 0.72, 0.88), (0.3, 0.72, 0.88), (0.3, 0.72, 0.88), (0.3, 0.72, 0.88), (0.3, 0.72, 0.88), (0.3, 0.72, 0.88), (0.3, 0.72, 0.88), (0.3, 0.72, 0.88), (0.3, 0.72, 0.88), (0.3, 0.72, 0.88), (0.3, 0.72, 0.88), (0.3, 0.72, 0.88), (0.3, 0.72, 0.88), (0.3, 0.72, 0.88), (0.3, 0.72, 0.88), (0.3, 0.72, 0.88), (0.3, 0.72, 0.88), (0.3, 0.72, 0.88), (0.3, 0.72, 0.88), (0.3, 0.72, 0.88), (0.3, 0.72, 0.88), (0.3, 0.72, 0.88), (0.3, 0.72, 0.88), (0.3, 0.72, 0.88), (0.3, 0.72, 0.88), (0.3, 0.72, 0.88), (0.3, 0.72, 0.88), (0.3, 0.72, 0.88), (0.3, 0.72, 0.88), (0.3, 0.72, 0.88), (0.3, 0.72, 0.88), (0.3, 0.72, 0.88), (0.3, 0.72, 0.88), (0.3, 0.72, 0.88), (0.3, 0.72, 0.88), (0.3, 0.72, 0.88), (0.3, 0.72, 0.88), (0.3, 0.72, 0.88), (0.3, 0.72, 0.88), (0.3, 0.72, 0.88), (0.3, 0.72, 0.88), (0.3, 0.72, 0.88), (0.3, 0.72, 0.88), (0.3, 0.72, 0.88), (0.3, 0.72, 0.88), (0.3, 0.72, 0.88), (0.3, 0.72, 0.88), (0.3, 0.72, 0.88), (0.3, 0.72, 0.88), (0.3, 0.72, 0.88), (0.3, 0.72, 0.88), (0.3, 0.72, 0.88), (0.3, 0.72, 0.88), (0.3, 0.72, 0.88), (0.3, 0.72, 0.88), (0.3, 0.72, 0.88), (0.3, 0.72, 0.88), (0.46, 0.45, 0.44), (0.3, 0.72, 0.88), (0.3, 0.72, 0.88), (0.3, 0.72, 0.88), (0.3, 0.72, 0.88), (0.3, 0.72, 0.88), (0.3, 0.72, 0.88), (0.3, 0.72, 0.88), (0.3, 0.72, 0.88), (0.3, 0.72, 0.88), (0.3, 0.72, 0.88), (0.3, 0.72, 0.88), (0.3, 0.72, 0.88), (0.3, 0.72, 0.88), (0.3, 0.72, 0.88), (0.3, 0.72, 0.88), (0.3, 0.72, 0.88), (0.3, 0.72, 0.88), (0.3, 0.72, 0.88), (0.3, 0.72, 0.88), (0.3, 0.72, 0.88), (0.3, 0.72, 0.88), (0.3, 0.72, 0.88), (0.3, 0.72, 0.88), (0.3, 0.72, 0.88), (0.3, 0.72, 0.88), (0.46, 0.45, 0.44), (0.3, 0.72, 0.88), (0.3, 0.72, 0.88), (0.3, 0.72, 0.88), (0.3, 0.72, 0.88), (0.3, 0.72, 0.88), (0.3, 0.72, 0.88), (0.3, 0.72, 0.88), (0.3, 0.72, 0.88), (0.3, 0.72, 0.88), (0.3, 0.72, 0.88), (0.3, 0.72, 0.88), (0.3, 0.72, 0.88), (0.3, 0.72, 0.88), (0.46, 0.45, 0.44), (0.46, 0.45, 0.44), (0.3, 0.72, 0.88), (0.3, 0.72, 0.88), (0.3, 0.72, 0.88), (0.3, 0.72, 0.88), (0.3, 0.72, 0.88), (0.3, 0.72, 0.88), (0.3, 0.72, 0.88), (0.3, 0.72, 0.88), (0.3, 0.72, 0.88), (0.3, 0.72, 0.88), (0.3, 0.72, 0.88), (0.3, 0.72, 0.88), (0.3, 0.72, 0.88), (0.3, 0.72, 0.88), (0.3, 0.72, 0.88), (0.3, 0.72, 0.88), (0.3, 0.72, 0.88), (0.3, 0.72, 0.88), (0.3, 0.72, 0.88), (0.3, 0.72, 0.88), (0.3, 0.72, 0.88), (0.3, 0.72, 0.88), (0.3, 0.72, 0.88), (0.3, 0.72, 0.88), (0.3, 0.72, 0.88), (0.46, 0.45, 0.44), (0.46, 0.45, 0.44), (0.3, 0.72, 0.88), (0.3, 0.72, 0.88), (0.3, 0.72, 0.88), (0.3, 0.72, 0.88), (0.3, 0.72, 0.88), (0.3, 0.72, 0.88), (0.3, 0.72, 0.88), (0.3, 0.72, 0.88), (0.3, 0.72, 0.88), (0.3, 0.72, 0.88), (0.3, 0.72, 0.88), (0.3, 0.72, 0.88), (0.46, 0.45, 0.44), (0.46, 0.45, 0.44), (0.46, 0.45, 0.44), (0.3, 0.72, 0.88), (0.3, 0.72, 0.88), (0.3, 0.72, 0.88), (0.3, 0.72, 0.88), (0.3, 0.72, 0.88), (0.3, 0.72, 0.88), (0.3, 0.72, 0.88), (0.3, 0.72, 0.88), (0.3, 0.72, 0.88), (0.3, 0.72, 0.88), (0.3, 0.72, 0.88), (0.3, 0.72, 0.88), (0.3, 0.72, 0.88), (0.3, 0.72, 0.88), (0.3, 0.72, 0.88), (0.3, 0.72, 0.88), (0.3, 0.72, 0.88), (0.3, 0.72, 0.88), (0.3, 0.72, 0.88), (0.3, 0.72, 0.88), (0.3, 0.72, 0.88), (0.3, 0.72, 0.88), (0.3, 0.72, 0.88), (0.46, 0.45, 0.44), (0.46, 0.45, 0.44), (0.46, 0.45, 0.44), (0.3, 0.72, 0.88), (0.3, 0.72, 0.88), (0.3, 0.72, 0.88), (0.3, 0.72, 0.88), (0.3, 0.72, 0.88), (0.3, 0.72, 0.88), (0.3, 0.72, 0.88), (0.3, 0.72, 0.88), (0.3, 0.72, 0.88), (0.3, 0.72, 0.88), (0.3, 0.72, 0.88), (0.46, 0.45, 0.44), (0.46, 0.45, 0.44), (0.46, 0.45, 0.44), (0.46, 0.45, 0.44), (0.46, 0.45, 0.44), (0.3, 0.72, 0.88), (0.3, 0.72, 0.88), (0.3, 0.72, 0.88), (0.3, 0.72, 0.88), (0.3, 0.72, 0.88), (0.3, 0.72, 0.88), (0.3, 0.72, 0.88), (0.3, 0.72, 0.88), (0.3, 0.72, 0.88), (0.3, 0.72, 0.88), (0.3, 0.72, 0.88), (0.3, 0.72, 0.88), (0.3, 0.72, 0.88), (0.3, 0.72, 0.88), (0.3, 0.72, 0.88), (0.3, 0.72, 0.88), (0.3, 0.72, 0.88), (0.3, 0.72, 0.88), (0.3, 0.72, 0.88), (0.3, 0.72, 0.88), (0.3, 0.72, 0.88), (0.46, 0.45, 0.44), (0.46, 0.45, 0.44), (0.46, 0.45, 0.44), (0.46, 0.45, 0.44), (0.46, 0.45, 0.44), (0.3, 0.72, 0.88), (0.3, 0.72, 0.88), (0.3, 0.72, 0.88), (0.3, 0.72, 0.88), (0.3, 0.72, 0.88), (0.3, 0.72, 0.88), (0.3, 0.72, 0.88), (0.3, 0.72, 0.88), (0.3, 0.72, 0.88), (0.46, 0.45, 0.44), (0.46, 0.45, 0.44), (0.46, 0.45, 0.44), (0.46, 0.45, 0.44), (0.46, 0.45, 0.44), (0.46, 0.45, 0.44), (0.3, 0.72, 0.88), (0.3, 0.72, 0.88), (0.3, 0.72, 0.88), (0.3, 0.72, 0.88), (0.3, 0.72, 0.88), (0.3, 0.72, 0.88), (0.3, 0.72, 0.88), (0.3, 0.72, 0.88), (0.3, 0.72, 0.88), (0.3, 0.72, 0.88), (0.3, 0.72, 0.88), (0.3, 0.72, 0.88), (0.3, 0.72, 0.88), (0.3, 0.72, 0.88), (0.3, 0.72, 0.88), (0.3, 0.72, 0.88), (0.3, 0.72, 0.88), (0.3, 0.72, 0.88), (0.3, 0.72, 0.88), (0.3, 0.72, 0.88), (0.3, 0.72, 0.88), (0.46, 0.45, 0.44), (0.46, 0.45, 0.44), (0.46, 0.45, 0.44), (0.46, 0.45, 0.44), (0.46, 0.45, 0.44), (0.46, 0.45, 0.44), (0.3, 0.72, 0.88), (0.3, 0.72, 0.88), (0.3, 0.72, 0.88), (0.3, 0.72, 0.88), (0.3, 0.72, 0.88), (0.3, 0.72, 0.88), (0.3, 0.72, 0.88), (0.46, 0.45, 0.44), (0.46, 0.45, 0.44), (0.46, 0.45, 0.44), (0.46, 0.45, 0.44), (0.46, 0.45, 0.44), (0.46, 0.45, 0.44), (0.46, 0.45, 0.44), (0.46, 0.45, 0.44), (0.46, 0.45, 0.44), (0.3, 0.72, 0.88), (0.3, 0.72, 0.88), (0.3, 0.72, 0.88), (0.3, 0.72, 0.88), (0.3, 0.72, 0.88), (0.3, 0.72, 0.88), (0.3, 0.72, 0.88), (0.3, 0.72, 0.88), (0.3, 0.72, 0.88), (0.3, 0.72, 0.88), (0.3, 0.72, 0.88), (0.3, 0.72, 0.88), (0.3, 0.72, 0.88), (0.3, 0.72, 0.88), (0.3, 0.72, 0.88), (0.3, 0.72, 0.88), (0.3, 0.72, 0.88), (0.46, 0.45, 0.44), (0.46, 0.45, 0.44), (0.46, 0.45, 0.44), (0.46, 0.45, 0.44), (0.46, 0.45, 0.44), (0.46, 0.45, 0.44), (0.46, 0.45, 0.44), (0.46, 0.45, 0.44), (0.46, 0.45, 0.44), (0.3, 0.72, 0.88), (0.3, 0.72, 0.88), (0.3, 0.72, 0.88), (0.3, 0.72, 0.88), (0.46, 0.45, 0.44), (0.46, 0.45, 0.44), (0.46, 0.45, 0.44), (0.46, 0.45, 0.44), (0.46, 0.45, 0.44), (0.46, 0.45, 0.44), (0.46, 0.45, 0.44), (0.46, 0.45, 0.44), (0.46, 0.45, 0.44), (0.46, 0.45, 0.44), (0.46, 0.45, 0.44), (0.46, 0.45, 0.44), (0.3, 0.72, 0.88), (0.3, 0.72, 0.88), (0.3, 0.72, 0.88), (0.3, 0.72, 0.88), (0.3, 0.72, 0.88), (0.3, 0.72, 0.88), (0.3, 0.72, 0.88), (0.3, 0.72, 0.88), (0.3, 0.72, 0.88), (0.3, 0.72, 0.88), (0.3, 0.72, 0.88), (0.3, 0.72, 0.88), (0.3, 0.72, 0.88), (0.3, 0.72, 0.88), (0.3, 0.72, 0.88), (0.46, 0.45, 0.44), (0.46, 0.45, 0.44), (0.46, 0.45, 0.44), (0.46, 0.45, 0.44), (0.46, 0.45, 0.44), (0.46, 0.45, 0.44), (0.46, 0.45, 0.44), (0.46, 0.45, 0.44), (0.46, 0.45, 0.44), (0.46, 0.45, 0.44), (0.46, 0.45, 0.44), (0.46, 0.45, 0.44), (0.3, 0.72, 0.88)] (
            interpolation = "uniform"
        )
        int[] primvars:partId = [1, -1, -1, -1, -1, -1, -1, -1, -1, -1, -1, -1, -1, 1, 1, 1, 1, 1, 1, 1, 1, 1, 1, 1, 1, 1, 1, 1, -1, -1, -1, -1, -1, -1, -1, -1, -1, -1, -1, -1, 1, 1, 1, 1, -1, -1, -1, -1, -1, -1, -1, -1, -1, 1, 1, 1, 1, 1, 1, 1, 1, 1, 1, 1, 1, 1, 1, 1, 1, 1, -1, -1, -1, -1, -1, -1, -1, -1, -1, 1, 1, 1, 1, 1, 1, 1, -1, -1, -1, -1, -1, -1, 1, 1, 1, 1, 1, 1, 1, 1, 1, 1, 1, 1, 1, 1, 1, 1, 1, 1, 1, 1, 1, -1, -1, -1, -1, -1, -1, 1, 1, 1, 1, 1, 1, 1, 1, 1, -1, -1, -1, -1, -1, 1, 1, 1, 1, 1, 1, 1, 1, 1, 1, 1, 1, 1, 1, 1, 1, 1, 1, 1, 1, 1, -1, -1, -1, -1, -1, 1, 1, 1, 1, 1, 1, 1, 1, 1, 1, 1, -1, -1, -1, 1, 1, 1, 1, 1, 1, 1, 1, 1, 1, 1, 1, 1, 1, 1, 1, 1, 1, 1, 1, 1, 1, 1, -1, -1, -1, 1, 1, 1, 1, 1, 1, 1, 1, 1, 1, 1, 1, -1, -1, 1, 1, 1, 1, 1, 1, 1, 1, 1, 1, 1, 1, 1, 1, 1, 1, 1, 1, 1, 1, 1, 1, 1, 1, 1, -1, -1, 1, 1, 1, 1, 1, 1, 1, 1, 1, 1, 1, 1, 1, -1, 1, 1, 1, 1, 1, 1, 1, 1, 1, 1, 1, 1, 1, 1, 1, 1, 1, 1, 1, 1, 1, 1, 1, 1, 1, -1, 1, 1, 1, 1, 1, 1, 1, 1, 1, 1, 1, 1, 1, 1, 1, 1, 1, 1, 1, 1, 1, 1, 1, 1, 1, 1, 1, 1, 1, 1, 1, 1, 1, 1, 1, 1, 1, 1, 1, 1, 1, 1, 1, 1, 1, 1, 1, 1, 1, 1, 1, 1, 1, 1, 1, 1, 1, 1, 1, 1, 1, 1, 1, 1, 1, 1, 1, 1, 1, 1, 1, 1, 1, 1, 1, 1, 1, 1, 1, 1, 1, 1, 1, 1, 1, 1, 1, 1, 1, 1, 1, 1, 1, 1, 1, 1, 1, 1, 1, 1, 1, 1, 1, 1, 1, 1, 1, 1, 1, 1, 1, 1, 1, 1, 1, 1, 1, 1, 1, 1, 1, 1, 1, 1, 1, 1, 1, 1, 1, 1, 1, 1, 1, 1, 1, 1, 1, 1, 1, 1, 1, 1, 1, 1, 1, 1, 1, 1, 1, 1, 1, 1, 1, 1, 1, 1, 1, 1, 1, 1, 1, 1, 1, 1, 1, 1, 1, 1, 1, 1, 1, 1, 1, 1, 1, 1, 1, 1, 1, 1, 1, 1, 1, 1, 1, 1, 1, 1, 1, 1, 1, 1, 1, 1, 1, 1, 1, 1, 1, 1, 1, 1, 1, 1, 1, 1, 1, 1, 1, 1, 1, 1, 0, 0, 0, 0, 0, 0, 0, 0, 0, 0, 0, 0, 0, 0, 0, 0, 0, 0, 0, 0, 0, 0, 0, 0, 0, 0, 0, 0, 0, 0, 0, 0, 0, 0, 0, 0, 0, 0, 0, 0, 0, 0, 0, 0, 0, 0, 0, 0, 0, 0, 0, 0, 0, 0, 0, 0, 0, 0, 0, 0, 0, 0, 0, 0, 0, 0, 0, 0, 0, 0, 0, 0, 0, 0, 0, 0, 0, 0, 0, 0, 0, 0, 0, 0, 0, 0, 0, 0, 0, 0, 0, 0, 0, 0, 0, 0, 0, 0, 0, 0, 0, 0, 0, 0, 0, 0, 0, 0, 0, 0, 0, 0, 0, 0, 0, 0, 0, 0, 0, 0, 0, 0, 0, 0, 0, 0, 0, 0, 0, 0, 0, 0, 0, 0, 0, 0, 0, 0, 0, 0, 0, 0, 0, 0, 0, 0, 0, 0, 0, 0, 0, 0, 0, 0, 0, 0, 0, 0, 0, 0, 0, 0, 0, 0, 0, 0, 0, 0, 0, 0, 0, 0, 0, 0, 0, 0, 0, 0, 0, 0, 0, 0, 0, 0, 0, 0, 0, 0, 0, 0, 0, 0, 0, 0, 0, 0, 0, 0, 0, 0, 0, 0, 0, 0, 0, 0, 0, 0, 0, 0, 0, 0, 0, 0, 0, 0, 0, 0, 0, 0, 0, 0, 0, 0, 0, 0, 0, 0, 0, 0, 0, 0, 0, 0, 0, 0, 0, 0, 0, 0, 0, 0, 0, 0, 0, 0, 0, 0, 0, 0, 0, 0, 0, -1, 0, 0, 0, 0, 0, 0, 0, 0, 0, 0, 0, 0, 0, 0, 0, 0, 0, 0, 0, 0, 0, 0, 0, 0, 0, -1, 0, 0, 0, 0, 0, 0, 0, 0, 0, 0, 0, 0, 0, -1, -1, 0, 0, 0, 0, 0, 0, 0, 0, 0, 0, 0, 0, 0, 0, 0, 0, 0, 0, 0, 0, 0, 0, 0, 0, 0, -1, -1, 0, 0, 0, 0, 0, 0, 0, 0, 0, 0, 0, 0, -1, -1, -1, 0, 0, 0, 0, 0, 0, 0, 0, 0, 0, 0, 0, 0, 0, 0, 0, 0, 0, 0, 0, 0, 0, 0, -1, -1, -1, 0, 0, 0, 0, 0, 0, 0, 0, 0, 0, 0, -1, -1, -1, -1, -1, 0, 0, 0, 0, 0, 0, 0, 0, 0, 0, 0, 0, 0, 0, 0, 0, 0, 0, 0, 0, 0, -1, -1, -1, -1, -1, 0, 0, 0, 0, 0, 0, 0, 0, 0, -1, -1, -1, -1, -1, -1, 0, 0, 0, 0, 0, 0, 0, 0, 0, 0, 0, 0, 0, 0, 0, 0, 0, 0, 0, 0, 0, -1, -1, -1, -1, -1, -1, 0, 0, 0, 0, 0, 0, 0, -1, -1, -1, -1, -1, -1, -1, -1, -1, 0, 0, 0, 0, 0, 0, 0, 0, 0, 0, 0, 0, 0, 0, 0, 0, 0, -1, -1, -1, -1, -1, -1, -1, -1, -1, 0, 0, 0, 0, -1, -1, -1, -1, -1, -1, -1, -1, -1, -1, -1, -1, 0, 0, 0, 0, 0, 0, 0, 0, 0, 0, 0, 0, 0, 0, 0, -1, -1, -1, -1, -1, -1, -1, -1, -1, -1, -1, -1, 0] (
            interpolation = "uniform"
        )
        uniform token type = "linear"
        float[] widths = [0.0018, 0.0018, 0.0018, 0.0018, 0.0018, 0.0018, 0.0018, 0.0018, 0.0018, 0.0018, 0.0018, 0.0018, 0.0018, 0.0018, 0.0018, 0.0018, 0.0018, 0.0018, 0.0018, 0.0018, 0.0018, 0.0018, 0.0018, 0.0018, 0.0018, 0.0018, 0.0018, 0.0018, 0.0018, 0.0018, 0.0018, 0.0018, 0.0018, 0.0018, 0.0018, 0.0018, 0.0018, 0.0018, 0.0018, 0.0018, 0.0018, 0.0018, 0.0018, 0.0018, 0.0018, 0.0018, 0.0018, 0.0018, 0.0018, 0.0018, 0.0018, 0.0018, 0.0018, 0.0018, 0.0018, 0.0018, 0.0018, 0.0018, 0.0018, 0.0018, 0.0018, 0.0018, 0.0018, 0.0018, 0.0018, 0.0018, 0.0018, 0.0018, 0.0018, 0.0018, 0.0018, 0.0018, 0.0018, 0.0018, 0.0018, 0.0018, 0.0018, 0.0018, 0.0018, 0.0018, 0.0018, 0.0018, 0.0018, 0.0018, 0.0018, 0.0018, 0.0018, 0.0018, 0.0018, 0.0018, 0.0018, 0.0018, 0.0018, 0.0018, 0.0018, 0.0018, 0.0018, 0.0018, 0.0018, 0.0018, 0.0018, 0.0018, 0.0018, 0.0018, 0.0018, 0.0018, 0.0018, 0.0018, 0.0018, 0.0018, 0.0018, 0.0018, 0.0018, 0.0018, 0.0018, 0.0018, 0.0018, 0.0018, 0.0018, 0.0018, 0.0018, 0.0018, 0.0018, 0.0018, 0.0018, 0.0018, 0.0018, 0.0018, 0.0018, 0.0018, 0.0018, 0.0018, 0.0018, 0.0018, 0.0018, 0.0018, 0.0018, 0.0018, 0.0018, 0.0018, 0.0018, 0.0018, 0.0018, 0.0018, 0.0018, 0.0018, 0.0018, 0.0018, 0.0018, 0.0018, 0.0018, 0.0018, 0.0018, 0.0018, 0.0018, 0.0018, 0.0018, 0.0018, 0.0018, 0.0018, 0.0018, 0.0018, 0.0018, 0.0018, 0.0018, 0.0018, 0.0018, 0.0018, 0.0018, 0.0018, 0.0018, 0.0018, 0.0018, 0.0018, 0.0018, 0.0018, 0.0018, 0.0018, 0.0018, 0.0018, 0.0018, 0.0018, 0.0018, 0.0018, 0.0018, 0.0018, 0.0018, 0.0018, 0.0018, 0.0018, 0.0018, 0.0018, 0.0018, 0.0018, 0.0018, 0.0018, 0.0018, 0.0018, 0.0018, 0.0018, 0.0018, 0.0018, 0.0018, 0.0018, 0.0018, 0.0018, 0.0018, 0.0018, 0.0018, 0.0018, 0.0018, 0.0018, 0.0018, 0.0018, 0.0018, 0.0018, 0.0018, 0.0018, 0.0018, 0.0018, 0.0018, 0.0018, 0.0018, 0.0018, 0.0018, 0.0018, 0.0018, 0.0018, 0.0018, 0.0018, 0.0018, 0.0018, 0.0018, 0.0018, 0.0018, 0.0018, 0.0018, 0.0018, 0.0018, 0.0018, 0.0018, 0.0018, 0.0018, 0.0018, 0.0018, 0.0018, 0.0018, 0.0018, 0.0018, 0.0018, 0.0018, 0.0018, 0.0018, 0.0018, 0.0018, 0.0018, 0.0018, 0.0018, 0.0018, 0.0018, 0.0018, 0.0018, 0.0018, 0.0018, 0.0018, 0.0018, 0.0018, 0.0018, 0.0018, 0.0018, 0.0018, 0.0018, 0.0018, 0.0018, 0.0018, 0.0018, 0.0018, 0.0018, 0.0018, 0.0018, 0.0018, 0.0018, 0.0018, 0.0018, 0.0018, 0.0018, 0.0018, 0.0018, 0.0018, 0.0018, 0.0018, 0.0018, 0.0018, 0.0018, 0.0018, 0.0018, 0.0018, 0.0018, 0.0018, 0.0018, 0.0018, 0.0018, 0.0018, 0.0018, 0.0018, 0.0018, 0.0018, 0.0018, 0.0018, 0.0018, 0.0018, 0.0018, 0.0018, 0.0018, 0.0018, 0.0018, 0.0018, 0.0018, 0.0018, 0.0018, 0.0018, 0.0018, 0.0018, 0.0018, 0.0018, 0.0018, 0.0018, 0.0018, 0.0018, 0.0018, 0.0018, 0.0018, 0.0018, 0.0018, 0.0018, 0.0018, 0.0018, 0.0018, 0.0018, 0.0018, 0.0018, 0.0018, 0.0018, 0.0018, 0.0018, 0.0018, 0.0018, 0.0018, 0.0018, 0.0018, 0.0018, 0.0018, 0.0018, 0.0018, 0.0018, 0.0018, 0.0018, 0.0018, 0.0018, 0.0018, 0.0018, 0.0018, 0.0018, 0.0018, 0.0018, 0.0018, 0.0018, 0.0018, 0.0018, 0.0018, 0.0018, 0.0018, 0.0018, 0.0018, 0.0018, 0.0018, 0.0018, 0.0018, 0.0018, 0.0018, 0.0018, 0.0018, 0.0018, 0.0018, 0.0018, 0.0018, 0.0018, 0.0018, 0.0018, 0.0018, 0.0018, 0.0018, 0.0018, 0.0018, 0.0018, 0.0018, 0.0018, 0.0018, 0.0018, 0.0018, 0.0018, 0.0018, 0.0018, 0.0018, 0.0018, 0.0018, 0.0018, 0.0018, 0.0018, 0.0018, 0.0018, 0.0018, 0.0018, 0.0018, 0.0018, 0.0018, 0.0018, 0.0018, 0.0018, 0.0018, 0.0018, 0.0018, 0.0018, 0.0018, 0.0018, 0.0018, 0.0018, 0.0018, 0.0018, 0.0018, 0.0018, 0.0018, 0.0018, 0.0018, 0.0018, 0.0018, 0.0018, 0.0018, 0.0018, 0.0018, 0.0018, 0.0018, 0.0018, 0.0018, 0.0018, 0.0018, 0.0018, 0.0018, 0.0018, 0.0018, 0.0018, 0.0018, 0.0018, 0.0018, 0.0018, 0.0018, 0.0018, 0.0018, 0.0018, 0.0018, 0.0018, 0.0018, 0.0018, 0.0018, 0.0018, 0.0018, 0.0018, 0.0018, 0.0018, 0.0018, 0.0018, 0.0018, 0.0018, 0.0018, 0.0018, 0.0018, 0.0018, 0.0018, 0.0018, 0.0018, 0.0018, 0.0018, 0.0018, 0.0018, 0.0018, 0.0018, 0.0018, 0.0018, 0.0018, 0.0018, 0.0018, 0.0018, 0.0018, 0.0018, 0.0018, 0.0018, 0.0018, 0.0018, 0.0018, 0.0018, 0.0018, 0.0018, 0.0018, 0.0018, 0.0018, 0.0018, 0.0018, 0.0018, 0.0018, 0.0018, 0.0018, 0.0018, 0.0018, 0.0018, 0.0018, 0.0018, 0.0018, 0.0018, 0.0018, 0.0018, 0.0018, 0.0018, 0.0018, 0.0018, 0.0018, 0.0018, 0.0018, 0.0018, 0.0018, 0.0018, 0.0018, 0.0018, 0.0018, 0.0018, 0.0018, 0.0018, 0.0018, 0.0018, 0.0018, 0.0018, 0.0018, 0.0018, 0.0018, 0.0018, 0.0018, 0.0018, 0.0018, 0.0018, 0.0018, 0.0018, 0.0018, 0.0018, 0.0018, 0.0018, 0.0018, 0.0018, 0.0018, 0.0018, 0.0018, 0.0018, 0.0018, 0.0018, 0.0018, 0.0018, 0.0018, 0.0018, 0.0018, 0.0018, 0.0018, 0.0018, 0.0018, 0.0018, 0.0018, 0.0018, 0.0018, 0.0018, 0.0018, 0.0018, 0.0018, 0.0018, 0.0018, 0.0018, 0.0018, 0.0018, 0.0018, 0.0018, 0.0018, 0.0018, 0.0018, 0.0018, 0.0018, 0.0018, 0.0018, 0.0018, 0.0018, 0.0018, 0.0018, 0.0018, 0.0018, 0.0018, 0.0018, 0.0018, 0.0018, 0.0018, 0.0018, 0.0018, 0.0018, 0.0018, 0.0018, 0.0018, 0.0018, 0.0018, 0.0018, 0.0018, 0.0018, 0.0018, 0.0018, 0.0018, 0.0018, 0.0018, 0.0018, 0.0018, 0.0018, 0.0018, 0.0018, 0.0018, 0.0018, 0.0018, 0.0018, 0.0018, 0.0018, 0.0018, 0.0018, 0.0018, 0.0018, 0.0018, 0.0018, 0.0018, 0.0018, 0.0018, 0.0018, 0.0018, 0.0018, 0.0018, 0.0018, 0.0018, 0.0018, 0.0018, 0.0018, 0.0018, 0.0018, 0.0018, 0.0018, 0.0018, 0.0018, 0.0018, 0.0018, 0.0018, 0.0018, 0.0018, 0.0018, 0.0018, 0.0018, 0.0018, 0.0018, 0.0018, 0.0018, 0.0018, 0.0018, 0.0018, 0.0018, 0.0018, 0.0018, 0.0018, 0.0018, 0.0018, 0.0018, 0.0018, 0.0018, 0.0018, 0.0018, 0.0018, 0.0018, 0.0018, 0.0018, 0.0018, 0.0018, 0.0018, 0.0018, 0.0018, 0.0018, 0.0018, 0.0018, 0.0018, 0.0018, 0.0018, 0.0018, 0.0018, 0.0018, 0.0018, 0.0018, 0.0018, 0.0018, 0.0018, 0.0018, 0.0018, 0.0018, 0.0018, 0.0018, 0.0018, 0.0018, 0.0018, 0.0018, 0.0018, 0.0018, 0.0018, 0.0018, 0.0018, 0.0018, 0.0018, 0.0018, 0.0018, 0.0018, 0.0018, 0.0018, 0.0018, 0.0018, 0.0018, 0.0018, 0.0018, 0.0018, 0.0018, 0.0018, 0.0018, 0.0018, 0.0018, 0.0018, 0.0018, 0.0018, 0.0018, 0.0018, 0.0018, 0.0018, 0.0018, 0.0018, 0.0018, 0.0018, 0.0018, 0.0018, 0.0018, 0.0018, 0.0018, 0.0018, 0.0018, 0.0018, 0.0018, 0.0018, 0.0018, 0.0018, 0.0018, 0.0018, 0.0018, 0.0018, 0.0018, 0.0018, 0.0018, 0.0018, 0.0018, 0.0018, 0.0018, 0.0018, 0.0018, 0.0018, 0.0018, 0.0018, 0.0018, 0.0018, 0.0018, 0.0018, 0.0018, 0.0018, 0.0018, 0.0018, 0.0018, 0.0018, 0.0018, 0.0018, 0.0018, 0.0018, 0.0018, 0.0018, 0.0018, 0.0018, 0.0018, 0.0018, 0.0018, 0.0018, 0.0018, 0.0018, 0.0018, 0.0018, 0.0018, 0.0018, 0.0018, 0.0018, 0.0018, 0.0018, 0.0018, 0.0018, 0.0018, 0.0018, 0.0018, 0.0018, 0.0018, 0.0018, 0.0018, 0.0018, 0.0018, 0.0018, 0.0018, 0.0018, 0.0018, 0.0018, 0.0018, 0.0018, 0.0018, 0.0018, 0.0018, 0.0018, 0.0018, 0.0018, 0.0018, 0.0018, 0.0018, 0.0018, 0.0018, 0.0018, 0.0018, 0.0018, 0.0018, 0.0018, 0.0018, 0.0018, 0.0018, 0.0018, 0.0018, 0.0018, 0.0018, 0.0018, 0.0018, 0.0018, 0.0018, 0.0018, 0.0018, 0.0018, 0.0018, 0.0018, 0.0018, 0.0018, 0.0018, 0.0018, 0.0018, 0.0018, 0.0018, 0.0018, 0.0018, 0.0018, 0.0018, 0.0018, 0.0018, 0.0018, 0.0018, 0.0018, 0.0018, 0.0018, 0.0018, 0.0018, 0.0018, 0.0018, 0.0018, 0.0018, 0.0018, 0.0018, 0.0018, 0.0018, 0.0018, 0.0018, 0.0018, 0.0018, 0.0018, 0.0018, 0.0018, 0.0018, 0.0018, 0.0018, 0.0018, 0.0018, 0.0018, 0.0018, 0.0018, 0.0018, 0.0018, 0.0018, 0.0018, 0.0018, 0.0018, 0.0018, 0.0018, 0.0018, 0.0018, 0.0018, 0.0018, 0.0018, 0.0018, 0.0018, 0.0018, 0.0018, 0.0018, 0.0018, 0.0018, 0.0018, 0.0018, 0.0018, 0.0018, 0.0018, 0.0018, 0.0018, 0.0018, 0.0018, 0.0018, 0.0018, 0.0018, 0.0018, 0.0018, 0.0018, 0.0018, 0.0018, 0.0018, 0.0018, 0.0018, 0.0018, 0.0018, 0.0018, 0.0018, 0.0018, 0.0018, 0.0018, 0.0018, 0.0018, 0.0018, 0.0018, 0.0018, 0.0018, 0.0018, 0.0018, 0.0018, 0.0018, 0.0018, 0.0018, 0.0018, 0.0018, 0.0018, 0.0018, 0.0018, 0.0018, 0.0018, 0.0018, 0.0018, 0.0018, 0.0018, 0.0018, 0.0018, 0.0018, 0.0018, 0.0018, 0.0018, 0.0018, 0.0018, 0.0018, 0.0018, 0.0018, 0.0018, 0.0018, 0.0018, 0.0018, 0.0018, 0.0018, 0.0018, 0.0018, 0.0018, 0.0018, 0.0018, 0.0018, 0.0018, 0.0018, 0.0018, 0.0018, 0.0018, 0.0018, 0.0018, 0.0018, 0.0018, 0.0018, 0.0018, 0.0018, 0.0018, 0.0018, 0.0018, 0.0018, 0.0018, 0.0018, 0.0018, 0.0018, 0.0018, 0.0018, 0.0018, 0.0018, 0.0018, 0.0018, 0.0018, 0.0018, 0.0018, 0.0018, 0.0018, 0.0018, 0.0018, 0.0018, 0.0018, 0.0018, 0.0018, 0.0018, 0.0018, 0.0018, 0.0018, 0.0018, 0.0018, 0.0018, 0.0018, 0.0018, 0.0018, 0.0018, 0.0018, 0.0018, 0.0018, 0.0018, 0.0018, 0.0018, 0.0018, 0.0018, 0.0018, 0.0018, 0.0018, 0.0018, 0.0018, 0.0018, 0.0018, 0.0018, 0.0018, 0.0018, 0.0018, 0.0018, 0.0018, 0.0018, 0.0018, 0.0018, 0.0018, 0.0018, 0.0018, 0.0018, 0.0018, 0.0018, 0.0018, 0.0018, 0.0018, 0.0018, 0.0018, 0.0018, 0.0018, 0.0018, 0.0018, 0.0018, 0.0018, 0.0018, 0.0018, 0.0018, 0.0018, 0.0018, 0.0018, 0.0018, 0.0018, 0.0018, 0.0018, 0.0018, 0.0018, 0.0018, 0.0018, 0.0018, 0.0018, 0.0018, 0.0018, 0.0018, 0.0018, 0.0018, 0.0018, 0.0018, 0.0018, 0.0018, 0.0018, 0.0018, 0.0018, 0.0018, 0.0018, 0.0018, 0.0018, 0.0018, 0.0018, 0.0018, 0.0018, 0.0018, 0.0018, 0.0018, 0.0018, 0.0018, 0.0018, 0.0018, 0.0018, 0.0018, 0.0018, 0.0018, 0.0018, 0.0018, 0.0018, 0.0018, 0.0018, 0.0018, 0.0018, 0.0018, 0.0018, 0.0018, 0.0018, 0.0018, 0.0018, 0.0018, 0.0018, 0.0018, 0.0018, 0.0018, 0.0018, 0.0018, 0.0018, 0.0018, 0.0018, 0.0018, 0.0018, 0.0018, 0.0018, 0.0018, 0.0018, 0.0018, 0.0018, 0.0018, 0.0018, 0.0018, 0.0018, 0.0018, 0.0018, 0.0018, 0.0018, 0.0018, 0.0018, 0.0018, 0.0018, 0.0018, 0.0018, 0.0018, 0.0018, 0.0018, 0.0018, 0.0018, 0.0018, 0.0018, 0.0018, 0.0018, 0.0018, 0.0018, 0.0018, 0.0018, 0.0018, 0.0018, 0.0018, 0.0018, 0.0018, 0.0018, 0.0018, 0.0018, 0.0018, 0.0018, 0.0018, 0.0018, 0.0018, 0.0018, 0.0018, 0.0018, 0.0018, 0.0018, 0.0018, 0.0018, 0.0018, 0.0018, 0.0018, 0.0018, 0.0018, 0.0018, 0.0018, 0.0018, 0.0018, 0.0018, 0.0018, 0.0018, 0.0018, 0.0018, 0.0018, 0.0018, 0.0018, 0.0018, 0.0018, 0.0018, 0.0018, 0.0018, 0.0018, 0.0018, 0.0018, 0.0018, 0.0018, 0.0018, 0.0018, 0.0018, 0.0018, 0.0018, 0.0018, 0.0018, 0.0018, 0.0018, 0.0018, 0.0018, 0.0018, 0.0018, 0.0018, 0.0018, 0.0018, 0.0018, 0.0018, 0.0018, 0.0018, 0.0018, 0.0018, 0.0018, 0.0018, 0.0018, 0.0018, 0.0018, 0.0018, 0.0018, 0.0018, 0.0018, 0.0018, 0.0018, 0.0018, 0.0018, 0.0018, 0.0018, 0.0018, 0.0018, 0.0018, 0.0018, 0.0018, 0.0018, 0.0018, 0.0018, 0.0018, 0.0018, 0.0018, 0.0018, 0.0018, 0.0018, 0.0018, 0.0018, 0.0018, 0.0018, 0.0018, 0.0018, 0.0018, 0.0018, 0.0018, 0.0018, 0.0018, 0.0018, 0.0018, 0.0018, 0.0018, 0.0018, 0.0018, 0.0018, 0.0018, 0.0018, 0.0018, 0.0018, 0.0018, 0.0018, 0.0018, 0.0018, 0.0018, 0.0018, 0.0018, 0.0018, 0.0018, 0.0018, 0.0018, 0.0018, 0.0018, 0.0018, 0.0018, 0.0018, 0.0018, 0.0018, 0.0018, 0.0018, 0.0018, 0.0018, 0.0018, 0.0018, 0.0018, 0.0018, 0.0018, 0.0018, 0.0018, 0.0018, 0.0018, 0.0018, 0.0018, 0.0018, 0.0018, 0.0018, 0.0018, 0.0018, 0.0018, 0.0018, 0.0018, 0.0018, 0.0018, 0.0018, 0.0018, 0.0018, 0.0018, 0.0018, 0.0018, 0.0018, 0.0018, 0.0018, 0.0018, 0.0018, 0.0018, 0.0018, 0.0018, 0.0018, 0.0018, 0.0018, 0.0018, 0.0018, 0.0018, 0.0018, 0.0018, 0.0018, 0.0018, 0.0018, 0.0018, 0.0018, 0.0018, 0.0018, 0.0018, 0.0018, 0.0018, 0.0018, 0.0018, 0.0018, 0.0018, 0.0018, 0.0018, 0.0018, 0.0018, 0.0018, 0.0018, 0.0018, 0.0018, 0.0018, 0.0018, 0.0018, 0.0018, 0.0018, 0.0018, 0.0018, 0.0018, 0.0018, 0.0018, 0.0018, 0.0018, 0.0018, 0.0018, 0.0018, 0.0018, 0.0018, 0.0018, 0.0018, 0.0018, 0.0018, 0.0018, 0.0018, 0.0018, 0.0018, 0.0018, 0.0018, 0.0018, 0.0018, 0.0018, 0.0018, 0.0018, 0.0018, 0.0018, 0.0018, 0.0018, 0.0018, 0.0018, 0.0018, 0.0018, 0.0018, 0.0018, 0.0018, 0.0018, 0.0018, 0.0018, 0.0018, 0.0018, 0.0018, 0.0018, 0.0018, 0.0018, 0.0018, 0.0018, 0.0018, 0.0018, 0.0018, 0.0018, 0.0018, 0.0018, 0.0018, 0.0018, 0.0018, 0.0018, 0.0018, 0.0018, 0.0018, 0.0018, 0.0018, 0.0018, 0.0018, 0.0018, 0.0018, 0.0018, 0.0018, 0.0018, 0.0018, 0.0018, 0.0018, 0.0018, 0.0018, 0.0018, 0.0018, 0.0018, 0.0018, 0.0018, 0.0018, 0.0018, 0.0018, 0.0018, 0.0018, 0.0018, 0.0018, 0.0018, 0.0018, 0.0018, 0.0018, 0.0018, 0.0018, 0.0018, 0.0018, 0.0018, 0.0018, 0.0018, 0.0018, 0.0018, 0.0018, 0.0018, 0.0018, 0.0018, 0.0018, 0.0018, 0.0018, 0.0018, 0.0018, 0.0018, 0.0018, 0.0018, 0.0018, 0.0018, 0.0018, 0.0018, 0.0018, 0.0018, 0.0018, 0.0018, 0.0018, 0.0018, 0.0018, 0.0018, 0.0018, 0.0018, 0.0018, 0.0018, 0.0018, 0.0018, 0.0018, 0.0018, 0.0018, 0.0018, 0.0018, 0.0018, 0.0018, 0.0018, 0.0018, 0.0018, 0.0018, 0.0018, 0.0018, 0.0018, 0.0018, 0.0018, 0.0018, 0.0018, 0.0018, 0.0018, 0.0018, 0.0018, 0.0018, 0.0018, 0.0018, 0.0018, 0.0018, 0.0018, 0.0018, 0.0018, 0.0018, 0.0018, 0.0018, 0.0018, 0.0018, 0.0018, 0.0018, 0.0018, 0.0018, 0.0018, 0.0018, 0.0018, 0.0018, 0.0018, 0.0018, 0.0018, 0.0018, 0.0018, 0.0018, 0.0018, 0.0018, 0.0018, 0.0018, 0.0018, 0.0018, 0.0018, 0.0018, 0.0018, 0.0018, 0.0018, 0.0018, 0.0018, 0.0018, 0.0018, 0.0018, 0.0018, 0.0018, 0.0018, 0.0018, 0.0018, 0.0018, 0.0018, 0.0018, 0.0018, 0.0018, 0.0018, 0.0018, 0.0018, 0.0018, 0.0018, 0.0018, 0.0018, 0.0018, 0.0018, 0.0018, 0.0018, 0.0018, 0.0018, 0.0018, 0.0018, 0.0018, 0.0018, 0.0018, 0.0018, 0.0018, 0.0018, 0.0018, 0.0018, 0.0018, 0.0018, 0.0018, 0.0018, 0.0018, 0.0018, 0.0018, 0.0018, 0.0018, 0.0018, 0.0018, 0.0018, 0.0018, 0.0018, 0.0018, 0.0018, 0.0018, 0.0018, 0.0018, 0.0018, 0.0018, 0.0018, 0.0018, 0.0018, 0.0018, 0.0018, 0.0018, 0.0018, 0.0018, 0.0018, 0.0018, 0.0018, 0.0018, 0.0018, 0.0018, 0.0018, 0.0018, 0.0018, 0.0018, 0.0018, 0.0018, 0.0018, 0.0018, 0.0018, 0.0018, 0.0018, 0.0018, 0.0018, 0.0018, 0.0018, 0.0018, 0.0018, 0.0018, 0.0018, 0.0018, 0.0018, 0.0018, 0.0018, 0.0018, 0.0018, 0.0018, 0.0018, 0.0018, 0.0018, 0.0018, 0.0018, 0.0018, 0.0018, 0.0018, 0.0018, 0.0018, 0.0018, 0.0018, 0.0018, 0.0018, 0.0018, 0.0018, 0.0018, 0.0018, 0.0018, 0.0018, 0.0018, 0.0018, 0.0018, 0.0018, 0.0018, 0.0018, 0.0018, 0.0018, 0.0018, 0.0018, 0.0018, 0.0018, 0.0018, 0.0018, 0.0018, 0.0018, 0.0018, 0.0018, 0.0018, 0.0018, 0.0018, 0.0018, 0.0018, 0.0018, 0.0018, 0.0018, 0.0018, 0.0018, 0.0018, 0.0018, 0.0018, 0.0018, 0.0018, 0.0018, 0.0018, 0.0018, 0.0018, 0.0018, 0.0018, 0.0018, 0.0018, 0.0018, 0.0018, 0.0018, 0.0018, 0.0018, 0.0018, 0.0018, 0.0018, 0.0018, 0.0018, 0.0018, 0.0018, 0.0018, 0.0018, 0.0018, 0.0018, 0.0018, 0.0018, 0.0018, 0.0018, 0.0018, 0.0018, 0.0018, 0.0018, 0.0018, 0.0018, 0.0018, 0.0018, 0.0018, 0.0018, 0.0018, 0.0018, 0.0018, 0.0018, 0.0018, 0.0018, 0.0018, 0.0018, 0.0018, 0.0018, 0.0018, 0.0018, 0.0018, 0.0018, 0.0018, 0.0018, 0.0018, 0.0018, 0.0018, 0.0018, 0.0018, 0.0018, 0.0018, 0.0018, 0.0018, 0.0018, 0.0018, 0.0018, 0.0018, 0.0018, 0.0018, 0.0018, 0.0018, 0.0018, 0.0018, 0.0018, 0.0018, 0.0018, 0.0018, 0.0018, 0.0018, 0.0018, 0.0018, 0.0018, 0.0018, 0.0018, 0.0018, 0.0018, 0.0018, 0.0018, 0.0018, 0.0018, 0.0018, 0.0018, 0.0018, 0.0018, 0.0018, 0.0018, 0.0018, 0.0018, 0.0018, 0.0018, 0.0018, 0.0018, 0.0018, 0.0018, 0.0018, 0.0018, 0.0018, 0.0018, 0.0018, 0.0018, 0.0018, 0.0018, 0.0018, 0.0018, 0.0018, 0.0018, 0.0018, 0.0018, 0.0018, 0.0018, 0.0018, 0.0018, 0.0018, 0.0018, 0.0018, 0.0018, 0.0018, 0.0018, 0.0018, 0.0018, 0.0018, 0.0018, 0.0018, 0.0018, 0.0018, 0.0018, 0.0018, 0.0018, 0.0018, 0.0018, 0.0018, 0.0018, 0.0018, 0.0018, 0.0018, 0.0018, 0.0018, 0.0018, 0.0018, 0.0018, 0.0018, 0.0018, 0.0018, 0.0018, 0.0018, 0.0018, 0.0018, 0.0018, 0.0018, 0.0018, 0.0018, 0.0018, 0.0018, 0.0018, 0.0018, 0.0018, 0.0018, 0.0018, 0.0018, 0.0018, 0.0018, 0.0018, 0.0018, 0.0018, 0.0018, 0.0018, 0.0018, 0.0018, 0.0018, 0.0018, 0.0018, 0.0018, 0.0018, 0.0018, 0.0018, 0.0018, 0.0018, 0.0018, 0.0018, 0.0018, 0.0018, 0.0018, 0.0018, 0.0018, 0.0018, 0.0018, 0.0018, 0.0018, 0.0018, 0.0018, 0.0018, 0.0018, 0.0018, 0.0018, 0.0018, 0.0018, 0.0018, 0.0018, 0.0018, 0.0018, 0.0018, 0.0018, 0.0018, 0.0018, 0.0018, 0.0018, 0.0018, 0.0018, 0.0018, 0.0018, 0.0018, 0.0018, 0.0018, 0.0018, 0.0018, 0.0018, 0.0018, 0.0018, 0.0018, 0.0018, 0.0018, 0.0018, 0.0018, 0.0018, 0.0018, 0.0018, 0.0018, 0.0018, 0.0018, 0.0018, 0.0018, 0.0018, 0.0018, 0.0018, 0.0018, 0.0018, 0.0018, 0.0018, 0.0018, 0.0018, 0.0018, 0.0018, 0.0018, 0.0018, 0.0018, 0.0018, 0.0018, 0.0018, 0.0018, 0.0018, 0.0018, 0.0018, 0.0018, 0.0018, 0.0018, 0.0018, 0.0018, 0.0018, 0.0018, 0.0018, 0.0018, 0.0018, 0.0018, 0.0018, 0.0018, 0.0018, 0.0018, 0.0018, 0.0018, 0.0018, 0.0018, 0.0018, 0.0018, 0.0018, 0.0018, 0.0018, 0.0018, 0.0018, 0.0018, 0.0018, 0.0018, 0.0018, 0.0018, 0.0018, 0.0018, 0.0018, 0.0018, 0.0018, 0.0018, 0.0018, 0.0018, 0.0018, 0.0018, 0.0018, 0.0018, 0.0018, 0.0018, 0.0018, 0.0018, 0.0018, 0.0018, 0.0018, 0.0018, 0.0018, 0.0018, 0.0018, 0.0018, 0.0018, 0.0018, 0.0018, 0.0018, 0.0018, 0.0018, 0.0018, 0.0018, 0.0018, 0.0018, 0.0018, 0.0018, 0.0018, 0.0018, 0.0018, 0.0018, 0.0018, 0.0018, 0.0018, 0.0018, 0.0018, 0.0018, 0.0018, 0.0018, 0.0018, 0.0018, 0.0018, 0.0018, 0.0018, 0.0018, 0.0018, 0.0018, 0.0018, 0.0018, 0.0018, 0.0018, 0.0018, 0.0018, 0.0018, 0.0018, 0.0018, 0.0018, 0.0018, 0.0018, 0.0018, 0.0018, 0.0018, 0.0018, 0.0018, 0.0018, 0.0018, 0.0018, 0.0018, 0.0018, 0.0018, 0.0018, 0.0018, 0.0018, 0.0018, 0.0018, 0.0018, 0.0018, 0.0018, 0.0018, 0.0018, 0.0018, 0.0018, 0.0018, 0.0018, 0.0018, 0.0018, 0.0018, 0.0018, 0.0018, 0.0018, 0.0018, 0.0018, 0.0018, 0.0018, 0.0018, 0.0018, 0.0018, 0.0018, 0.0018, 0.0018, 0.0018, 0.0018, 0.0018, 0.0018, 0.0018, 0.0018, 0.0018, 0.0018, 0.0018, 0.0018, 0.0018, 0.0018, 0.0018, 0.0018, 0.0018, 0.0018, 0.0018, 0.0018, 0.0018, 0.0018, 0.0018, 0.0018, 0.0018, 0.0018, 0.0018, 0.0018, 0.0018, 0.0018, 0.0018, 0.0018, 0.0018, 0.0018, 0.0018, 0.0018, 0.0018, 0.0018, 0.0018, 0.0018, 0.0018, 0.0018, 0.0018, 0.0018, 0.0018, 0.0018, 0.0018, 0.0018, 0.0018, 0.0018, 0.0018, 0.0018, 0.0018, 0.0018, 0.0018, 0.0018, 0.0018, 0.0018, 0.0018, 0.0018, 0.0018, 0.0018, 0.0018, 0.0018, 0.0018, 0.0018, 0.0018, 0.0018, 0.0018, 0.0018, 0.0018, 0.0018, 0.0018, 0.0018, 0.0018, 0.0018, 0.0018, 0.0018, 0.0018, 0.0018, 0.0018, 0.0018, 0.0018, 0.0018, 0.0018, 0.0018, 0.0018, 0.0018, 0.0018, 0.0018, 0.0018, 0.0018, 0.0018, 0.0018, 0.0018, 0.0018, 0.0018, 0.0018, 0.0018, 0.0018, 0.0018, 0.0018, 0.0018, 0.0018, 0.0018, 0.0018, 0.0018, 0.0018, 0.0018, 0.0018, 0.0018, 0.0018, 0.0018, 0.0018, 0.0018, 0.0018, 0.0018, 0.0018, 0.0018, 0.0018, 0.0018, 0.0018, 0.0018, 0.0018, 0.0018, 0.0018, 0.0018, 0.0018, 0.0018, 0.0018, 0.0018, 0.0018, 0.0018, 0.0018, 0.0018, 0.0018, 0.0018, 0.0018, 0.0018, 0.0018, 0.0018, 0.0018, 0.0018, 0.0018, 0.0018, 0.0018, 0.0018, 0.0018, 0.0018, 0.0018, 0.0018, 0.0018, 0.0018, 0.0018, 0.0018, 0.0018, 0.0018, 0.0018, 0.0018, 0.0018, 0.0018, 0.0018, 0.0018, 0.0018, 0.0018, 0.0018, 0.0018, 0.0018, 0.0018, 0.0018, 0.0018, 0.0018, 0.0018, 0.0018, 0.0018, 0.0018, 0.0018, 0.0018, 0.0018, 0.0018, 0.0018, 0.0018, 0.0018, 0.0018, 0.0018, 0.0018, 0.0018, 0.0018, 0.0018, 0.0018, 0.0018, 0.0018, 0.0018, 0.0018, 0.0018, 0.0018, 0.0018, 0.0018, 0.0018, 0.0018, 0.0018, 0.0018, 0.0018, 0.0018, 0.0018, 0.0018, 0.0018, 0.0018, 0.0018, 0.0018, 0.0018, 0.0018, 0.0018, 0.0018, 0.0018, 0.0018, 0.0018, 0.0018, 0.0018, 0.0018, 0.0018, 0.0018, 0.0018, 0.0018, 0.0018, 0.0018, 0.0018, 0.0018, 0.0018, 0.0018, 0.0018, 0.0018, 0.0018, 0.0018, 0.0018, 0.0018, 0.0018, 0.0018, 0.0018, 0.0018, 0.0018, 0.0018, 0.0018, 0.0018, 0.0018, 0.0018, 0.0018, 0.0018, 0.0018, 0.0018, 0.0018, 0.0018, 0.0018, 0.0018, 0.0018, 0.0018, 0.0018, 0.0018, 0.0018, 0.0018, 0.0018, 0.0018, 0.0018, 0.0018, 0.0018, 0.0018, 0.0018, 0.0018, 0.0018, 0.0018, 0.0018, 0.0018, 0.0018, 0.0018, 0.0018, 0.0018, 0.0018, 0.0018, 0.0018, 0.0018, 0.0018, 0.0018, 0.0018, 0.0018, 0.0018, 0.0018, 0.0018, 0.0018, 0.0018, 0.0018, 0.0018, 0.0018, 0.0018, 0.0018, 0.0018, 0.0018, 0.0018, 0.0018, 0.0018, 0.0018, 0.0018, 0.0018, 0.0018, 0.0018, 0.0018, 0.0018, 0.0018, 0.0018, 0.0018, 0.0018, 0.0018, 0.0018, 0.0018, 0.0018, 0.0018, 0.0018, 0.0018, 0.0018, 0.0018, 0.0018, 0.0018, 0.0018, 0.0018, 0.0018, 0.0018, 0.0018, 0.0018, 0.0018, 0.0018, 0.0018, 0.0018, 0.0018, 0.0018, 0.0018, 0.0018, 0.0018, 0.0018, 0.0018, 0.0018, 0.0018, 0.0018, 0.0018, 0.0018, 0.0018, 0.0018, 0.0018, 0.0018, 0.0018, 0.0018, 0.0018, 0.0018, 0.0018, 0.0018, 0.0018, 0.0018, 0.0018, 0.0018, 0.0018, 0.0018, 0.0018, 0.0018, 0.0018, 0.0018, 0.0018, 0.0018, 0.0018, 0.0018, 0.0018, 0.0018, 0.0018, 0.0018, 0.0018, 0.0018, 0.0018, 0.0018, 0.0018, 0.0018, 0.0018, 0.0018, 0.0018, 0.0018, 0.0018, 0.0018, 0.0018, 0.0018, 0.0018, 0.0018, 0.0018, 0.0018, 0.0018, 0.0018, 0.0018, 0.0018, 0.0018, 0.0018, 0.0018, 0.0018, 0.0018, 0.0018, 0.0018, 0.0018, 0.0018, 0.0018, 0.0018, 0.0018, 0.0018, 0.0018, 0.0018, 0.0018, 0.0018, 0.0018, 0.0018, 0.0018, 0.0018, 0.0018, 0.0018, 0.0018, 0.0018, 0.0018, 0.0018, 0.0018, 0.0018, 0.0018, 0.0018, 0.0018, 0.0018, 0.0018, 0.0018, 0.0018, 0.0018, 0.0018, 0.0018, 0.0018, 0.0018, 0.0018, 0.0018, 0.0018, 0.0018, 0.0018, 0.0018, 0.0018, 0.0018, 0.0018, 0.0018, 0.0018, 0.0018, 0.0018, 0.0018, 0.0018, 0.0018, 0.0018, 0.0018, 0.0018, 0.0018, 0.0018, 0.0018, 0.0018, 0.0018, 0.0018, 0.0018, 0.0018, 0.0018, 0.0018, 0.0018, 0.0018, 0.0018, 0.0018, 0.0018, 0.0018, 0.0018, 0.0018, 0.0018, 0.0018, 0.0018, 0.0018, 0.0018, 0.0018, 0.0018, 0.0018, 0.0018, 0.0018, 0.0018, 0.0018, 0.0018, 0.0018, 0.0018, 0.0018, 0.0018, 0.0018, 0.0018, 0.0018, 0.0018, 0.0018, 0.0018, 0.0018, 0.0018, 0.0018, 0.0018, 0.0018, 0.0018, 0.0018, 0.0018, 0.0018, 0.0018, 0.0018, 0.0018, 0.0018, 0.0018, 0.0018, 0.0018, 0.0018, 0.0018, 0.0018, 0.0018, 0.0018, 0.0018, 0.0018, 0.0018, 0.0018, 0.0018, 0.0018, 0.0018, 0.0018, 0.0018, 0.0018, 0.0018, 0.0018, 0.0018, 0.0018, 0.0018, 0.0018, 0.0018, 0.0018, 0.0018, 0.0018, 0.0018, 0.0018, 0.0018, 0.0018, 0.0018, 0.0018, 0.0018, 0.0018, 0.0018, 0.0018, 0.0018, 0.0018, 0.0018, 0.0018, 0.0018, 0.0018, 0.0018, 0.0018, 0.0018, 0.0018, 0.0018, 0.0018, 0.0018, 0.0018, 0.0018, 0.0018, 0.0018, 0.0018, 0.0018, 0.0018, 0.0018, 0.0018, 0.0018, 0.0018, 0.0018, 0.0018, 0.0018, 0.0018, 0.0018, 0.0018, 0.0018, 0.0018, 0.0018, 0.0018, 0.0018, 0.0018, 0.0018, 0.0018, 0.0018, 0.0018, 0.0018, 0.0018, 0.0018, 0.0018, 0.0018, 0.0018, 0.0018, 0.0018, 0.0018, 0.0018, 0.0018, 0.0018, 0.0018, 0.0018, 0.0018, 0.0018, 0.0018, 0.0018, 0.0018, 0.0018, 0.0018, 0.0018, 0.0018, 0.0018, 0.0018, 0.0018, 0.0018, 0.0018, 0.0018, 0.0018, 0.0018, 0.0018, 0.0018, 0.0018, 0.0018, 0.0018, 0.0018, 0.0018, 0.0018, 0.0018, 0.0018, 0.0018, 0.0018, 0.0018, 0.0018, 0.0018, 0.0018, 0.0018, 0.0018, 0.0018, 0.0018, 0.0018, 0.0018, 0.0018, 0.0018, 0.0018, 0.0018, 0.0018, 0.0018, 0.0018, 0.0018, 0.0018, 0.0018, 0.0018, 0.0018, 0.0018, 0.0018, 0.0018, 0.0018, 0.0018, 0.0018, 0.0018, 0.0018, 0.0018, 0.0018, 0.0018, 0.0018, 0.0018, 0.0018, 0.0018, 0.0018, 0.0018, 0.0018, 0.0018, 0.0018, 0.0018, 0.0018, 0.0018, 0.0018, 0.0018, 0.0018, 0.0018, 0.0018, 0.0018, 0.0018, 0.0018, 0.0018, 0.0018, 0.0018, 0.0018, 0.0018, 0.0018, 0.0018, 0.0018, 0.0018, 0.0018, 0.0018, 0.0018, 0.0018, 0.0018, 0.0018, 0.0018, 0.0018, 0.0018, 0.0018, 0.0018, 0.0018, 0.0018, 0.0018, 0.0018, 0.0018, 0.0018, 0.0018, 0.0018, 0.0018, 0.0018, 0.0018, 0.0018, 0.0018, 0.0018, 0.0018, 0.0018, 0.0018, 0.0018, 0.0018, 0.0018, 0.0018, 0.0018, 0.0018, 0.0018, 0.0018, 0.0018, 0.0018, 0.0018, 0.0018, 0.0018, 0.0018, 0.0018, 0.0018, 0.0018, 0.0018, 0.0018, 0.0018, 0.0018, 0.0018, 0.0018, 0.0018, 0.0018, 0.0018, 0.0018, 0.0018, 0.0018, 0.0018, 0.0018, 0.0018, 0.0018, 0.0018, 0.0018, 0.0018, 0.0018, 0.0018, 0.0018, 0.0018, 0.0018, 0.0018, 0.0018, 0.0018, 0.0018, 0.0018, 0.0018, 0.0018, 0.0018, 0.0018, 0.0018, 0.0018, 0.0018, 0.0018, 0.0018, 0.0018, 0.0018, 0.0018, 0.0018, 0.0018, 0.0018, 0.0018, 0.0018, 0.0018, 0.0018, 0.0018, 0.0018, 0.0018, 0.0018, 0.0018, 0.0018, 0.0018, 0.0018, 0.0018, 0.0018, 0.0018, 0.0018, 0.0018, 0.0018, 0.0018, 0.0018, 0.0018, 0.0018, 0.0018, 0.0018, 0.0018, 0.0018, 0.0018, 0.0018, 0.0018, 0.0018, 0.0018, 0.0018, 0.0018, 0.0018, 0.0018, 0.0018, 0.0018, 0.0018, 0.0018, 0.0018, 0.0018, 0.0018, 0.0018, 0.0018, 0.0018, 0.0018, 0.0018, 0.0018, 0.0018, 0.0018, 0.0018, 0.0018, 0.0018, 0.0018, 0.0018, 0.0018, 0.0018, 0.0018, 0.0018, 0.0018, 0.0018, 0.0018, 0.0018, 0.0018, 0.0018, 0.0018, 0.0018, 0.0018, 0.0018, 0.0018, 0.0018, 0.0018, 0.0018, 0.0018, 0.0018, 0.0018, 0.0018, 0.0018, 0.0018, 0.0018, 0.0018, 0.0018, 0.0018, 0.0018, 0.0018, 0.0018, 0.0018, 0.0018, 0.0018, 0.0018, 0.0018, 0.0018, 0.0018, 0.0018, 0.0018, 0.0018, 0.0018, 0.0018, 0.0018, 0.0018, 0.0018, 0.0018, 0.0018, 0.0018, 0.0018, 0.0018, 0.0018, 0.0018, 0.0018, 0.0018, 0.0018, 0.0018, 0.0018, 0.0018, 0.0018, 0.0018, 0.0018, 0.0018, 0.0018, 0.0018, 0.0018, 0.0018, 0.0018, 0.0018, 0.0018, 0.0018, 0.0018, 0.0018, 0.0018, 0.0018, 0.0018, 0.0018, 0.0018, 0.0018, 0.0018, 0.0018, 0.0018, 0.0018, 0.0018, 0.0018, 0.0018, 0.0018, 0.0018, 0.0018, 0.0018, 0.0018, 0.0018, 0.0018, 0.0018, 0.0018, 0.0018, 0.0018, 0.0018, 0.0018, 0.0018, 0.0018, 0.0018, 0.0018, 0.0018, 0.0018, 0.0018, 0.0018, 0.0018, 0.0018, 0.0018, 0.0018, 0.0018, 0.0018, 0.0018, 0.0018, 0.0018, 0.0018, 0.0018, 0.0018, 0.0018, 0.0018, 0.0018, 0.0018, 0.0018, 0.0018, 0.0018, 0.0018, 0.0018, 0.0018, 0.0018, 0.0018, 0.0018, 0.0018, 0.0018, 0.0018, 0.0018, 0.0018, 0.0018, 0.0018, 0.0018, 0.0018, 0.0018, 0.0018, 0.0018, 0.0018, 0.0018, 0.0018, 0.0018, 0.0018, 0.0018, 0.0018, 0.0018, 0.0018, 0.0018, 0.0018, 0.0018, 0.0018, 0.0018, 0.0018, 0.0018, 0.0018, 0.0018, 0.0018, 0.0018, 0.0018, 0.0018, 0.0018, 0.0018, 0.0018, 0.0018, 0.0018, 0.0018, 0.0018, 0.0018, 0.0018, 0.0018, 0.0018, 0.0018, 0.0018, 0.0018, 0.0018, 0.0018, 0.0018, 0.0018, 0.0018, 0.0018, 0.0018, 0.0018, 0.0018, 0.0018, 0.0018, 0.0018, 0.0018, 0.0018, 0.0018, 0.0018, 0.0018, 0.0018, 0.0018, 0.0018, 0.0018, 0.0018, 0.0018, 0.0018, 0.0018, 0.0018, 0.0018, 0.0018, 0.0018, 0.0018, 0.0018, 0.0018, 0.0018, 0.0018, 0.0018, 0.0018, 0.0018, 0.0018, 0.0018, 0.0018, 0.0018, 0.0018, 0.0018, 0.0018, 0.0018, 0.0018, 0.0018, 0.0018, 0.0018, 0.0018, 0.0018, 0.0018, 0.0018, 0.0018, 0.0018, 0.0018, 0.0018, 0.0018, 0.0018, 0.0018, 0.0018, 0.0018, 0.0018, 0.0018, 0.0018, 0.0018, 0.0018, 0.0018, 0.0018, 0.0018, 0.0018, 0.0018, 0.0018, 0.0018, 0.0018, 0.0018, 0.0018, 0.0018, 0.0018, 0.0018, 0.0018, 0.0018, 0.0018, 0.0018, 0.0018, 0.0018, 0.0018, 0.0018, 0.0018, 0.0018, 0.0018, 0.0018, 0.0018, 0.0018, 0.0018, 0.0018, 0.0018, 0.0018, 0.0018, 0.0018, 0.0018, 0.0018, 0.0018, 0.0018, 0.0018, 0.0018, 0.0018, 0.0018, 0.0018, 0.0018, 0.0018, 0.0018, 0.0018, 0.0018, 0.0018, 0.0018, 0.0018, 0.0018, 0.0018, 0.0018, 0.0018, 0.0018, 0.0018, 0.0018, 0.0018, 0.0018, 0.0018, 0.0018, 0.0018, 0.0018, 0.0018, 0.0018, 0.0018, 0.0018, 0.0018, 0.0018, 0.0018, 0.0018, 0.0018, 0.0018, 0.0018, 0.0018, 0.0018, 0.0018, 0.0018, 0.0018, 0.0018, 0.0018, 0.0018, 0.0018, 0.0018, 0.0018, 0.0018, 0.0018, 0.0018, 0.0018, 0.0018, 0.0018, 0.0018, 0.0018, 0.0018, 0.0018, 0.0018, 0.0018, 0.0018, 0.0018, 0.0018, 0.0018, 0.0018, 0.0018, 0.0018, 0.0018, 0.0018, 0.0018, 0.0018, 0.0018, 0.0018, 0.0018, 0.0018, 0.0018, 0.0018, 0.0018, 0.0018, 0.0018, 0.0018, 0.0018, 0.0018, 0.0018, 0.0018, 0.0018, 0.0018, 0.0018, 0.0018, 0.0018, 0.0018, 0.0018, 0.0018, 0.0018, 0.0018, 0.0018, 0.0018, 0.0018, 0.0018, 0.0018, 0.0018, 0.0018, 0.0018, 0.0018, 0.0018, 0.0018, 0.0018, 0.0018, 0.0018, 0.0018, 0.0018, 0.0018, 0.0018, 0.0018, 0.0018, 0.0018, 0.0018, 0.0018, 0.0018, 0.0018, 0.0018, 0.0018, 0.0018, 0.0018, 0.0018, 0.0018, 0.0018, 0.0018, 0.0018, 0.0018, 0.0018, 0.0018, 0.0018, 0.0018, 0.0018, 0.0018, 0.0018, 0.0018, 0.0018, 0.0018, 0.0018, 0.0018, 0.0018, 0.0018, 0.0018, 0.0018, 0.0018, 0.0018, 0.0018, 0.0018, 0.0018, 0.0018, 0.0018, 0.0018, 0.0018, 0.0018, 0.0018, 0.0018, 0.0018, 0.0018, 0.0018, 0.0018, 0.0018, 0.0018, 0.0018, 0.0018, 0.0018, 0.0018, 0.0018, 0.0018, 0.0018, 0.0018, 0.0018, 0.0018, 0.0018, 0.0018, 0.0018, 0.0018, 0.0018, 0.0018, 0.0018, 0.0018, 0.0018, 0.0018, 0.0018, 0.0018, 0.0018, 0.0018, 0.0018, 0.0018, 0.0018, 0.0018, 0.0018, 0.0018, 0.0018, 0.0018, 0.0018, 0.0018, 0.0018, 0.0018, 0.0018, 0.0018, 0.0018, 0.0018, 0.0018, 0.0018, 0.0018, 0.0018, 0.0018, 0.0018, 0.0018, 0.0018, 0.0018, 0.0018, 0.0018, 0.0018, 0.0018, 0.0018, 0.0018, 0.0018, 0.0018, 0.0018, 0.0018, 0.0018, 0.0018, 0.0018, 0.0018, 0.0018, 0.0018, 0.0018, 0.0018, 0.0018, 0.0018, 0.0018, 0.0018, 0.0018, 0.0018, 0.0018, 0.0018, 0.0018, 0.0018, 0.0018, 0.0018, 0.0018, 0.0018, 0.0018, 0.0018, 0.0018, 0.0018, 0.0018, 0.0018, 0.0018, 0.0018, 0.0018, 0.0018, 0.0018, 0.0018, 0.0018, 0.0018, 0.0018, 0.0018, 0.0018, 0.0018, 0.0018, 0.0018, 0.0018, 0.0018, 0.0018, 0.0018, 0.0018, 0.0018, 0.0018, 0.0018, 0.0018, 0.0018, 0.0018, 0.0018, 0.0018, 0.0018, 0.0018, 0.0018, 0.0018, 0.0018, 0.0018, 0.0018, 0.0018, 0.0018, 0.0018, 0.0018, 0.0018, 0.0018, 0.0018, 0.0018, 0.0018, 0.0018, 0.0018, 0.0018, 0.0018, 0.0018, 0.0018, 0.0018, 0.0018, 0.0018, 0.0018, 0.0018, 0.0018, 0.0018, 0.0018, 0.0018, 0.0018, 0.0018, 0.0018, 0.0018, 0.0018, 0.0018, 0.0018, 0.0018, 0.0018, 0.0018, 0.0018, 0.0018, 0.0018, 0.0018, 0.0018, 0.0018, 0.0018, 0.0018, 0.0018, 0.0018, 0.0018, 0.0018, 0.0018, 0.0018, 0.0018, 0.0018, 0.0018, 0.0018, 0.0018, 0.0018, 0.0018, 0.0018, 0.0018, 0.0018, 0.0018, 0.0018, 0.0018, 0.0018, 0.0018, 0.0018, 0.0018, 0.0018, 0.0018, 0.0018, 0.0018, 0.0018, 0.0018, 0.0018, 0.0018, 0.0018, 0.0018, 0.0018, 0.0018, 0.0018, 0.0018, 0.0018, 0.0018, 0.0018, 0.0018, 0.0018, 0.0018, 0.0018, 0.0018, 0.0018, 0.0018, 0.0018, 0.0018, 0.0018, 0.0018, 0.0018, 0.0018, 0.0018, 0.0018, 0.0018, 0.0018, 0.0018, 0.0018, 0.0018, 0.0018, 0.0018, 0.0018, 0.0018, 0.0018, 0.0018, 0.0018, 0.0018, 0.0018, 0.0018, 0.0018, 0.0018, 0.0018, 0.0018, 0.0018, 0.0018, 0.0018, 0.0018, 0.0018, 0.0018, 0.0018, 0.0018, 0.0018, 0.0018, 0.0018, 0.0018, 0.0018, 0.0018, 0.0018, 0.0018, 0.0018, 0.0018, 0.0018, 0.0018, 0.0018, 0.0018, 0.0018, 0.0018, 0.0018, 0.0018, 0.0018, 0.0018, 0.0018, 0.0018, 0.0018, 0.0018, 0.0018, 0.0018, 0.0018, 0.0018, 0.0018, 0.0018, 0.0018, 0.0018, 0.0018, 0.0018, 0.0018, 0.0018, 0.0018, 0.0018, 0.0018, 0.0018, 0.0018, 0.0018, 0.0018, 0.0018, 0.0018, 0.0018, 0.0018, 0.0018, 0.0018, 0.0018, 0.0018, 0.0018, 0.0018, 0.0018, 0.0018, 0.0018, 0.0018, 0.0018, 0.0018, 0.0018, 0.0018, 0.0018, 0.0018, 0.0018, 0.0018, 0.0018, 0.0018, 0.0018, 0.0018, 0.0018, 0.0018, 0.0018, 0.0018, 0.0018, 0.0018, 0.0018, 0.0018, 0.0018, 0.0018, 0.0018, 0.0018, 0.0018, 0.0018, 0.0018, 0.0018, 0.0018, 0.0018, 0.0018, 0.0018, 0.0018, 0.0018, 0.0018, 0.0018, 0.0018, 0.0018, 0.0018, 0.0018, 0.0018, 0.0018, 0.0018, 0.0018, 0.0018, 0.0018, 0.0018, 0.0018, 0.0018, 0.0018, 0.0018, 0.0018, 0.0018, 0.0018, 0.0018, 0.0018, 0.0018, 0.0018, 0.0018, 0.0018, 0.0018, 0.0018, 0.0018, 0.0018, 0.0018, 0.0018, 0.0018, 0.0018, 0.0018, 0.0018, 0.0018, 0.0018, 0.0018, 0.0018, 0.0018, 0.0018, 0.0018, 0.0018, 0.0018, 0.0018, 0.0018, 0.0018, 0.0018, 0.0018, 0.0018, 0.0018, 0.0018, 0.0018, 0.0018, 0.0018, 0.0018, 0.0018, 0.0018, 0.0018, 0.0018, 0.0018, 0.0018, 0.0018, 0.0018, 0.0018, 0.0018, 0.0018, 0.0018, 0.0018, 0.0018, 0.0018, 0.0018, 0.0018, 0.0018, 0.0018, 0.0018, 0.0018, 0.0018, 0.0018, 0.0018, 0.0018, 0.0018, 0.0018, 0.0018, 0.0018, 0.0018, 0.0018, 0.0018, 0.0018, 0.0018, 0.0018, 0.0018, 0.0018, 0.0018, 0.0018, 0.0018, 0.0018, 0.0018, 0.0018, 0.0018, 0.0018, 0.0018, 0.0018, 0.0018, 0.0018, 0.0018, 0.0018, 0.0018, 0.0018, 0.0018, 0.0018, 0.0018, 0.0018, 0.0018, 0.0018, 0.0018, 0.0018, 0.0018, 0.0018, 0.0018, 0.0018, 0.0018, 0.0018, 0.0018, 0.0018, 0.0018, 0.0018, 0.0018, 0.0018, 0.0018, 0.0018, 0.0018, 0.0018, 0.0018, 0.0018, 0.0018, 0.0018, 0.0018, 0.0018, 0.0018, 0.0018, 0.0018, 0.0018, 0.0018, 0.0018, 0.0018, 0.0018, 0.0018, 0.0018, 0.0018, 0.0018, 0.0018, 0.0018, 0.0018, 0.0018, 0.0018, 0.0018, 0.0018, 0.0018, 0.0018, 0.0018, 0.0018, 0.0018, 0.0018, 0.0018, 0.0018, 0.0018, 0.0018, 0.0018, 0.0018, 0.0018, 0.0018, 0.0018, 0.0018, 0.0018, 0.0018, 0.0018, 0.0018, 0.0018, 0.0018, 0.0018, 0.0018, 0.0018, 0.0018, 0.0018, 0.0018, 0.0018, 0.0018, 0.0018, 0.0018, 0.0018, 0.0018, 0.0018, 0.0018, 0.0018, 0.0018, 0.0018, 0.0018, 0.0018, 0.0018, 0.0018, 0.0018, 0.0018, 0.0018, 0.0018, 0.0018, 0.0018, 0.0018, 0.0018, 0.0018, 0.0018, 0.0018, 0.0018, 0.0018, 0.0018, 0.0018, 0.0018, 0.0018, 0.0018, 0.0018, 0.0018, 0.0018, 0.0018, 0.0018, 0.0018, 0.0018, 0.0018, 0.0018, 0.0018, 0.0018, 0.0018, 0.0018, 0.0018, 0.0018, 0.0018, 0.0018, 0.0018, 0.0018, 0.0018, 0.0018, 0.0018, 0.0018, 0.0018, 0.0018, 0.0018, 0.0018, 0.0018, 0.0018, 0.0018, 0.0018, 0.0018, 0.0018, 0.0018, 0.0018, 0.0018, 0.0018, 0.0018, 0.0018, 0.0018, 0.0018, 0.0018, 0.0018, 0.0018, 0.0018, 0.0018, 0.0018, 0.0018, 0.0018, 0.0018, 0.0018, 0.0018, 0.0018, 0.0018, 0.0018, 0.0018, 0.0018, 0.0018, 0.0018, 0.0018, 0.0018, 0.0018, 0.0018, 0.0018, 0.0018, 0.0018, 0.0018, 0.0018, 0.0018, 0.0018, 0.0018, 0.0018, 0.0018, 0.0018, 0.0018, 0.0018, 0.0018, 0.0018, 0.0018, 0.0018, 0.0018, 0.0018, 0.0018, 0.0018, 0.0018, 0.0018, 0.0018, 0.0018, 0.0018, 0.0018, 0.0018, 0.0018, 0.0018, 0.0018, 0.0018, 0.0018, 0.0018, 0.0018, 0.0018, 0.0018, 0.0018, 0.0018, 0.0018, 0.0018, 0.0018, 0.0018, 0.0018, 0.0018, 0.0018, 0.0018, 0.0018, 0.0018, 0.0018, 0.0018, 0.0018, 0.0018, 0.0018, 0.0018, 0.0018, 0.0018, 0.0018, 0.0018, 0.0018, 0.0018, 0.0018, 0.0018, 0.0018, 0.0018, 0.0018, 0.0018, 0.0018, 0.0018, 0.0018, 0.0018, 0.0018, 0.0018, 0.0018, 0.0018, 0.0018, 0.0018, 0.0018, 0.0018, 0.0018, 0.0018, 0.0018, 0.0018, 0.0018, 0.0018, 0.0018, 0.0018, 0.0018, 0.0018, 0.0018, 0.0018, 0.0018, 0.0018, 0.0018, 0.0018, 0.0018, 0.0018, 0.0018, 0.0018, 0.0018, 0.0018, 0.0018, 0.0018, 0.0018, 0.0018, 0.0018, 0.0018, 0.0018, 0.0018, 0.0018, 0.0018, 0.0018, 0.0018, 0.0018, 0.0018, 0.0018, 0.0018, 0.0018, 0.0018, 0.0018, 0.0018, 0.0018, 0.0018, 0.0018, 0.0018, 0.0018, 0.0018, 0.0018, 0.0018, 0.0018, 0.0018, 0.0018, 0.0018, 0.0018, 0.0018, 0.0018, 0.0018, 0.0018, 0.0018, 0.0018, 0.0018, 0.0018, 0.0018, 0.0018, 0.0018, 0.0018, 0.0018, 0.0018, 0.0018, 0.0018, 0.0018, 0.0018, 0.0018, 0.0018, 0.0018, 0.0018, 0.0018, 0.0018, 0.0018, 0.0018, 0.0018, 0.0018, 0.0018, 0.0018, 0.0018, 0.0018, 0.0018, 0.0018, 0.0018, 0.0018, 0.0018, 0.0018, 0.0018, 0.0018, 0.0018, 0.0018, 0.0018, 0.0018, 0.0018, 0.0018, 0.0018, 0.0018, 0.0018, 0.0018, 0.0018, 0.0018, 0.0018, 0.0018, 0.0018, 0.0018, 0.0018, 0.0018, 0.0018, 0.0018, 0.0018, 0.0018, 0.0018, 0.0018, 0.0018, 0.0018, 0.0018, 0.0018, 0.0018, 0.0018, 0.0018, 0.0018, 0.0018, 0.0018, 0.0018, 0.0018, 0.0018, 0.0018, 0.0018, 0.0018, 0.0018, 0.0018, 0.0018, 0.0018, 0.0018, 0.0018, 0.0018, 0.0018, 0.0018, 0.0018, 0.0018, 0.0018, 0.0018, 0.0018, 0.0018, 0.0018, 0.0018, 0.0018, 0.0018, 0.0018, 0.0018, 0.0018, 0.0018, 0.0018, 0.0018, 0.0018, 0.0018, 0.0018, 0.0018, 0.0018, 0.0018, 0.0018, 0.0018, 0.0018, 0.0018, 0.0018, 0.0018, 0.0018, 0.0018, 0.0018, 0.0018, 0.0018, 0.0018, 0.0018, 0.0018, 0.0018, 0.0018, 0.0018, 0.0018, 0.0018, 0.0018, 0.0018, 0.0018, 0.0018, 0.0018, 0.0018, 0.0018, 0.0018, 0.0018, 0.0018, 0.0018, 0.0018, 0.0018, 0.0018, 0.0018, 0.0018, 0.0018, 0.0018, 0.0018, 0.0018, 0.0018, 0.0018, 0.0018, 0.0018, 0.0018, 0.0018, 0.0018, 0.0018, 0.0018, 0.0018, 0.0018, 0.0018, 0.0018, 0.0018, 0.0018, 0.0018, 0.0018, 0.0018, 0.0018, 0.0018, 0.0018, 0.0018, 0.0018, 0.0018, 0.0018, 0.0018, 0.0018, 0.0018, 0.0018, 0.0018, 0.0018, 0.0018, 0.0018, 0.0018, 0.0018, 0.0018, 0.0018, 0.0018, 0.0018, 0.0018, 0.0018, 0.0018, 0.0018, 0.0018, 0.0018, 0.0018, 0.0018, 0.0018, 0.0018, 0.0018, 0.0018, 0.0018, 0.0018, 0.0018, 0.0018, 0.0018, 0.0018, 0.0018, 0.0018, 0.0018, 0.0018, 0.0018, 0.0018, 0.0018, 0.0018, 0.0018, 0.0018, 0.0018, 0.0018, 0.0018, 0.0018, 0.0018, 0.0018, 0.0018, 0.0018, 0.0018, 0.0018, 0.0018, 0.0018, 0.0018, 0.0018, 0.0018, 0.0018, 0.0018, 0.0018, 0.0018, 0.0018, 0.0018, 0.0018, 0.0018, 0.0018, 0.0018, 0.0018, 0.0018, 0.0018, 0.0018, 0.0018, 0.0018, 0.0018, 0.0018, 0.0018, 0.0018, 0.0018, 0.0018, 0.0018, 0.0018, 0.0018, 0.0018, 0.0018, 0.0018, 0.0018, 0.0018, 0.0018, 0.0018, 0.0018, 0.0018, 0.0018, 0.0018, 0.0018, 0.0018, 0.0018, 0.0018, 0.0018, 0.0018, 0.0018, 0.0018, 0.0018, 0.0018, 0.0018, 0.0018, 0.0018, 0.0018, 0.0018, 0.0018, 0.0018, 0.0018, 0.0018, 0.0018, 0.0018, 0.0018, 0.0018, 0.0018, 0.0018, 0.0018, 0.0018, 0.0018, 0.0018, 0.0018, 0.0018, 0.0018, 0.0018, 0.0018, 0.0018, 0.0018, 0.0018, 0.0018, 0.0018, 0.0018, 0.0018, 0.0018, 0.0018, 0.0018, 0.0018, 0.0018, 0.0018, 0.0018, 0.0018, 0.0018, 0.0018, 0.0018, 0.0018, 0.0018, 0.0018, 0.0018, 0.0018, 0.0018, 0.0018, 0.0018, 0.0018, 0.0018, 0.0018, 0.0018, 0.0018, 0.0018, 0.0018, 0.0018, 0.0018, 0.0018, 0.0018, 0.0018, 0.0018, 0.0018, 0.0018, 0.0018, 0.0018, 0.0018, 0.0018, 0.0018, 0.0018, 0.0018, 0.0018, 0.0018, 0.0018, 0.0018, 0.0018, 0.0018, 0.0018, 0.0018, 0.0018, 0.0018, 0.0018, 0.0018, 0.0018, 0.0018, 0.0018, 0.0018, 0.0018, 0.0018, 0.0018, 0.0018, 0.0018, 0.0018, 0.0018, 0.0018, 0.0018, 0.0018, 0.0018, 0.0018, 0.0018, 0.0018, 0.0018, 0.0018, 0.0018, 0.0018, 0.0018, 0.0018, 0.0018, 0.0018, 0.0018, 0.0018, 0.0018, 0.0018, 0.0018, 0.0018, 0.0018, 0.0018, 0.0018, 0.0018, 0.0018, 0.0018, 0.0018, 0.0018, 0.0018, 0.0018, 0.0018, 0.0018, 0.0018, 0.0018, 0.0018, 0.0018, 0.0018, 0.0018, 0.0018, 0.0018, 0.0018, 0.0018, 0.0018, 0.0018, 0.0018, 0.0018, 0.0018, 0.0018, 0.0018, 0.0018, 0.0018, 0.0018, 0.0018, 0.0018, 0.0018, 0.0018, 0.0018, 0.0018, 0.0018, 0.0018, 0.0018, 0.0018, 0.0018, 0.0018, 0.0018, 0.0018, 0.0018, 0.0018, 0.0018, 0.0018, 0.0018, 0.0018, 0.0018, 0.0018, 0.0018, 0.0018, 0.0018, 0.0018, 0.0018, 0.0018, 0.0018, 0.0018, 0.0018, 0.0018, 0.0018, 0.0018, 0.0018, 0.0018, 0.0018, 0.0018, 0.0018, 0.0018, 0.0018, 0.0018, 0.0018, 0.0018, 0.0018, 0.0018, 0.0018, 0.0018, 0.0018, 0.0018, 0.0018, 0.0018, 0.0018, 0.0018, 0.0018, 0.0018, 0.0018, 0.0018, 0.0018, 0.0018, 0.0018, 0.0018, 0.0018, 0.0018, 0.0018, 0.0018, 0.0018, 0.0018, 0.0018, 0.0018, 0.0018, 0.0018, 0.0018, 0.0018, 0.0018, 0.0018, 0.0018, 0.0018, 0.0018, 0.0018, 0.0018, 0.0018, 0.0018, 0.0018, 0.0018, 0.0018, 0.0018, 0.0018, 0.0018, 0.0018, 0.0018, 0.0018, 0.0018, 0.0018, 0.0018, 0.0018, 0.0018, 0.0018, 0.0018, 0.0018, 0.0018, 0.0018, 0.0018, 0.0018, 0.0018, 0.0018, 0.0018, 0.0018, 0.0018, 0.0018, 0.0018, 0.0018, 0.0018, 0.0018, 0.0018, 0.0018, 0.0018, 0.0018, 0.0018, 0.0018, 0.0018, 0.0018, 0.0018, 0.0018, 0.0018, 0.0018, 0.0018, 0.0018, 0.0018, 0.0018, 0.0018, 0.0018, 0.0018, 0.0018, 0.0018, 0.0018, 0.0018, 0.0018, 0.0018, 0.0018, 0.0018, 0.0018, 0.0018, 0.0018, 0.0018, 0.0018, 0.0018, 0.0018, 0.0018, 0.0018, 0.0018, 0.0018, 0.0018, 0.0018, 0.0018, 0.0018, 0.0018, 0.0018, 0.0018, 0.0018, 0.0018, 0.0018, 0.0018, 0.0018, 0.0018, 0.0018, 0.0018, 0.0018, 0.0018, 0.0018, 0.0018, 0.0018, 0.0018, 0.0018, 0.0018, 0.0018, 0.0018, 0.0018, 0.0018, 0.0018, 0.0018, 0.0018, 0.0018, 0.0018, 0.0018, 0.0018, 0.0018, 0.0018, 0.0018, 0.0018, 0.0018, 0.0018, 0.0018, 0.0018, 0.0018, 0.0018, 0.0018, 0.0018, 0.0018, 0.0018, 0.0018, 0.0018, 0.0018, 0.0018, 0.0018, 0.0018, 0.0018, 0.0018, 0.0018, 0.0018, 0.0018, 0.0018, 0.0018, 0.0018, 0.0018, 0.0018, 0.0018, 0.0018, 0.0018, 0.0018, 0.0018, 0.0018, 0.0018, 0.0018, 0.0018, 0.0018, 0.0018, 0.0018, 0.0018, 0.0018, 0.0018, 0.0018, 0.0018, 0.0018, 0.0018, 0.0018, 0.0018, 0.0018, 0.0018, 0.0018, 0.0018, 0.0018, 0.0018, 0.0018, 0.0018, 0.0018, 0.0018, 0.0018, 0.0018, 0.0018, 0.0018, 0.0018, 0.0018, 0.0018, 0.0018, 0.0018, 0.0018, 0.0018, 0.0018, 0.0018, 0.0018, 0.0018, 0.0018, 0.0018, 0.0018, 0.0018, 0.0018, 0.0018, 0.0018, 0.0018, 0.0018, 0.0018, 0.0018, 0.0018, 0.0018, 0.0018, 0.0018, 0.0018, 0.0018, 0.0018, 0.0018, 0.0018, 0.0018, 0.0018, 0.0018, 0.0018, 0.0018, 0.0018, 0.0018, 0.0018, 0.0018, 0.0018, 0.0018, 0.0018, 0.0018, 0.0018, 0.0018, 0.0018, 0.0018, 0.0018, 0.0018, 0.0018, 0.0018, 0.0018, 0.0018, 0.0018, 0.0018, 0.0018, 0.0018, 0.0018, 0.0018, 0.0018, 0.0018, 0.0018, 0.0018, 0.0018, 0.0018, 0.0018, 0.0018, 0.0018, 0.0018, 0.0018, 0.0018, 0.0018, 0.0018, 0.0018, 0.0018, 0.0018, 0.0018, 0.0018, 0.0018, 0.0018, 0.0018, 0.0018, 0.0018, 0.0018, 0.0018, 0.0018, 0.0018, 0.0018, 0.0018, 0.0018, 0.0018, 0.0018, 0.0018, 0.0018, 0.0018, 0.0018, 0.0018, 0.0018, 0.0018, 0.0018, 0.0018, 0.0018, 0.0018, 0.0018, 0.0018, 0.0018, 0.0018, 0.0018, 0.0018, 0.0018, 0.0018, 0.0018, 0.0018, 0.0018, 0.0018, 0.0018, 0.0018, 0.0018, 0.0018, 0.0018, 0.0018, 0.0018, 0.0018, 0.0018, 0.0018, 0.0018, 0.0018, 0.0018, 0.0018, 0.0018, 0.0018, 0.0018, 0.0018, 0.0018, 0.0018, 0.0018, 0.0018, 0.0018, 0.0018, 0.0018, 0.0018, 0.0018, 0.0018, 0.0018, 0.0018, 0.0018, 0.0018, 0.0018, 0.0018, 0.0018, 0.0018, 0.0018, 0.0018, 0.0018, 0.0018, 0.0018, 0.0018, 0.0018, 0.0018, 0.0018, 0.0018, 0.0018, 0.0018, 0.0018, 0.0018, 0.0018, 0.0018, 0.0018, 0.0018, 0.0018, 0.0018, 0.0018, 0.0018, 0.0018, 0.0018, 0.0018, 0.0018, 0.0018, 0.0018, 0.0018, 0.0018, 0.0018, 0.0018, 0.0018, 0.0018, 0.0018, 0.0018, 0.0018, 0.0018, 0.0018, 0.0018, 0.0018, 0.0018, 0.0018, 0.0018, 0.0018, 0.0018, 0.0018, 0.0018, 0.0018, 0.0018, 0.0018, 0.0018, 0.0018, 0.0018, 0.0018, 0.0018, 0.0018, 0.0018, 0.0018, 0.0018, 0.0018, 0.0018, 0.0018, 0.0018, 0.0018, 0.0018, 0.0018, 0.0018, 0.0018, 0.0018, 0.0018, 0.0018, 0.0018, 0.0018, 0.0018, 0.0018, 0.0018, 0.0018, 0.0018, 0.0018, 0.0018, 0.0018, 0.0018, 0.0018, 0.0018, 0.0018, 0.0018, 0.0018, 0.0018, 0.0018, 0.0018, 0.0018, 0.0018, 0.0018, 0.0018, 0.0018, 0.0018, 0.0018, 0.0018, 0.0018, 0.0018, 0.0018, 0.0018, 0.0018, 0.0018, 0.0018, 0.0018, 0.0018, 0.0018, 0.0018, 0.0018, 0.0018, 0.0018, 0.0018, 0.0018, 0.0018, 0.0018, 0.0018, 0.0018, 0.0018, 0.0018, 0.0018, 0.0018, 0.0018, 0.0018, 0.0018, 0.0018, 0.0018, 0.0018, 0.0018, 0.0018, 0.0018, 0.0018, 0.0018, 0.0018, 0.0018, 0.0018, 0.0018, 0.0018, 0.0018, 0.0018, 0.0018, 0.0018, 0.0018, 0.0018, 0.0018, 0.0018, 0.0018, 0.0018, 0.0018, 0.0018, 0.0018, 0.0018, 0.0018, 0.0018, 0.0018, 0.0018, 0.0018, 0.0018, 0.0018, 0.0018, 0.0018, 0.0018, 0.0018, 0.0018, 0.0018, 0.0018, 0.0018, 0.0018, 0.0018, 0.0018, 0.0018, 0.0018, 0.0018, 0.0018, 0.0018, 0.0018, 0.0018, 0.0018, 0.0018, 0.0018, 0.0018, 0.0018, 0.0018, 0.0018, 0.0018, 0.0018, 0.0018, 0.0018, 0.0018, 0.0018, 0.0018, 0.0018, 0.0018, 0.0018, 0.0018, 0.0018, 0.0018, 0.0018, 0.0018, 0.0018, 0.0018, 0.0018, 0.0018, 0.0018, 0.0018, 0.0018, 0.0018, 0.0018, 0.0018, 0.0018, 0.0018, 0.0018, 0.0018, 0.0018, 0.0018, 0.0018, 0.0018, 0.0018, 0.0018, 0.0018, 0.0018, 0.0018, 0.0018, 0.0018, 0.0018, 0.0018, 0.0018, 0.0018, 0.0018, 0.0018, 0.0018, 0.0018, 0.0018, 0.0018, 0.0018, 0.0018, 0.0018, 0.0018, 0.0018, 0.0018, 0.0018, 0.0018, 0.0018, 0.0018, 0.0018, 0.0018, 0.0018, 0.0018, 0.0018, 0.0018, 0.0018, 0.0018, 0.0018, 0.0018, 0.0018, 0.0018, 0.0018, 0.0018, 0.0018, 0.0018, 0.0018, 0.0018, 0.0018, 0.0018, 0.0018, 0.0018, 0.0018, 0.0018, 0.0018, 0.0018, 0.0018, 0.0018, 0.0018, 0.0018, 0.0018, 0.0018, 0.0018, 0.0018, 0.0018, 0.0018, 0.0018, 0.0018, 0.0018, 0.0018, 0.0018, 0.0018, 0.0018, 0.0018, 0.0018, 0.0018, 0.0018, 0.0018, 0.0018, 0.0018, 0.0018, 0.0018, 0.0018, 0.0018, 0.0018, 0.0018, 0.0018, 0.0018, 0.0018, 0.0018, 0.0018, 0.0018, 0.0018, 0.0018, 0.0018, 0.0018, 0.0018, 0.0018, 0.0018, 0.0018, 0.0018, 0.0018, 0.0018, 0.0018, 0.0018, 0.0018, 0.0018, 0.0018, 0.0018, 0.0018, 0.0018, 0.0018, 0.0018, 0.0018, 0.0018, 0.0018, 0.0018, 0.0018, 0.0018, 0.0018, 0.0018, 0.0018, 0.0018, 0.0018, 0.0018, 0.0018, 0.0018, 0.0018, 0.0018, 0.0018, 0.0018, 0.0018, 0.0018, 0.0018, 0.0018, 0.0018, 0.0018, 0.0018, 0.0018, 0.0018, 0.0018, 0.0018, 0.0018, 0.0018, 0.0018, 0.0018, 0.0018, 0.0018, 0.0018, 0.0018, 0.0018, 0.0018, 0.0018, 0.0018, 0.0018, 0.0018, 0.0018, 0.0018, 0.0018, 0.0018, 0.0018, 0.0018, 0.0018, 0.0018, 0.0018, 0.0018, 0.0018, 0.0018, 0.0018, 0.0018, 0.0018, 0.0018, 0.0018, 0.0018, 0.0018, 0.0018, 0.0018, 0.0018, 0.0018, 0.0018, 0.0018, 0.0018, 0.0018, 0.0018, 0.0018, 0.0018, 0.0018, 0.0018, 0.0018, 0.0018, 0.0018, 0.0018, 0.0018, 0.0018, 0.0018, 0.0018, 0.0018, 0.0018, 0.0018, 0.0018, 0.0018, 0.0018, 0.0018, 0.0018, 0.0018, 0.0018, 0.0018, 0.0018, 0.0018, 0.0018, 0.0018, 0.0018, 0.0018, 0.0018, 0.0018, 0.0018, 0.0018, 0.0018, 0.0018, 0.0018, 0.0018, 0.0018, 0.0018, 0.0018, 0.0018, 0.0018, 0.0018, 0.0018, 0.0018, 0.0018, 0.0018, 0.0018, 0.0018, 0.0018, 0.0018, 0.0018, 0.0018, 0.0018, 0.0018, 0.0018, 0.0018, 0.0018, 0.0018, 0.0018, 0.0018, 0.0018, 0.0018, 0.0018, 0.0018, 0.0018, 0.0018, 0.0018, 0.0018, 0.0018, 0.0018, 0.0018, 0.0018, 0.0018, 0.0018, 0.0018, 0.0018, 0.0018, 0.0018, 0.0018, 0.0018, 0.0018, 0.0018, 0.0018, 0.0018, 0.0018, 0.0018, 0.0018, 0.0018, 0.0018, 0.0018, 0.0018, 0.0018, 0.0018, 0.0018, 0.0018, 0.0018, 0.0018, 0.0018, 0.0018, 0.0018, 0.0018, 0.0018, 0.0018, 0.0018, 0.0018, 0.0018, 0.0018, 0.0018, 0.0018, 0.0018, 0.0018, 0.0018, 0.0018, 0.0018, 0.0018, 0.0018, 0.0018, 0.0018, 0.0018, 0.0018, 0.0018, 0.0018, 0.0018, 0.0018, 0.0018, 0.0018, 0.0018, 0.0018, 0.0018, 0.0018, 0.0018, 0.0018, 0.0018, 0.0018, 0.0018, 0.0018, 0.0018, 0.0018, 0.0018, 0.0018, 0.0018, 0.0018, 0.0018, 0.0018, 0.0018, 0.0018, 0.0018, 0.0018, 0.0018, 0.0018, 0.0018, 0.0018, 0.0018, 0.0018, 0.0018, 0.0018, 0.0018, 0.0018, 0.0018, 0.0018, 0.0018, 0.0018, 0.0018, 0.0018, 0.0018, 0.0018, 0.0018, 0.0018, 0.0018, 0.0018, 0.0018, 0.0018, 0.0018, 0.0018, 0.0018, 0.0018, 0.0018, 0.0018, 0.0018, 0.0018, 0.0018, 0.0018, 0.0018, 0.0018, 0.0018, 0.0018, 0.0018, 0.0018, 0.0018, 0.0018, 0.0018, 0.0018, 0.0018, 0.0018, 0.0018, 0.0018, 0.0018, 0.0018, 0.0018, 0.0018, 0.0018, 0.0018, 0.0018, 0.0018, 0.0018, 0.0018, 0.0018, 0.0018, 0.0018, 0.0018, 0.0018, 0.0018, 0.0018, 0.0018, 0.0018, 0.0018, 0.0018, 0.0018, 0.0018, 0.0018, 0.0018, 0.0018, 0.0018, 0.0018, 0.0018, 0.0018, 0.0018, 0.0018, 0.0018, 0.0018, 0.0018, 0.0018, 0.0018, 0.0018, 0.0018, 0.0018, 0.0018, 0.0018, 0.0018, 0.0018, 0.0018, 0.0018, 0.0018, 0.0018, 0.0018, 0.0018, 0.0018, 0.0018, 0.0018, 0.0018, 0.0018, 0.0018, 0.0018, 0.0018, 0.0018, 0.0018, 0.0018, 0.0018, 0.0018, 0.0018, 0.0018, 0.0018, 0.0018, 0.0018, 0.0018, 0.0018, 0.0018, 0.0018, 0.0018, 0.0018, 0.0018, 0.0018, 0.0018, 0.0018, 0.0018, 0.0018, 0.0018, 0.0018, 0.0018, 0.0018, 0.0018, 0.0018, 0.0018, 0.0018, 0.0018, 0.0018, 0.0018, 0.0018, 0.0018, 0.0018, 0.0018, 0.0018, 0.0018, 0.0018, 0.0018, 0.0018, 0.0018, 0.0018, 0.0018, 0.0018, 0.0018, 0.0018, 0.0018, 0.0018, 0.0018, 0.0018, 0.0018, 0.0018, 0.0018, 0.0018, 0.0018, 0.0018, 0.0018, 0.0018, 0.0018, 0.0018, 0.0018, 0.0018, 0.0018, 0.0018, 0.0018, 0.0018, 0.0018, 0.0018, 0.0018, 0.0018, 0.0018, 0.0018, 0.0018, 0.0018, 0.0018, 0.0018, 0.0018, 0.0018, 0.0018, 0.0018, 0.0018, 0.0018, 0.0018, 0.0018, 0.0018, 0.0018, 0.0018, 0.0018, 0.0018, 0.0018, 0.0018, 0.0018, 0.0018, 0.0018, 0.0018, 0.0018, 0.0018, 0.0018, 0.0018, 0.0018, 0.0018, 0.0018, 0.0018, 0.0018, 0.0018, 0.0018, 0.0018, 0.0018, 0.0018, 0.0018, 0.0018, 0.0018, 0.0018, 0.0018, 0.0018, 0.0018, 0.0018, 0.0018, 0.0018, 0.0018, 0.0018, 0.0018, 0.0018, 0.0018, 0.0018, 0.0018, 0.0018, 0.0018, 0.0018, 0.0018, 0.0018, 0.0018, 0.0018, 0.0018, 0.0018, 0.0018, 0.0018, 0.0018, 0.0018, 0.0018, 0.0018, 0.0018, 0.0018, 0.0018, 0.0018, 0.0018, 0.0018, 0.0018, 0.0018, 0.0018, 0.0018, 0.0018, 0.0018, 0.0018, 0.0018, 0.0018, 0.0018, 0.0018, 0.0018, 0.0018, 0.0018, 0.0018, 0.0018, 0.0018, 0.0018, 0.0018, 0.0018, 0.0018, 0.0018, 0.0018, 0.0018, 0.0018, 0.0018, 0.0018, 0.0018, 0.0018, 0.0018, 0.0018, 0.0018, 0.0018, 0.0018, 0.0018, 0.0018, 0.0018, 0.0018, 0.0018, 0.0018, 0.0018, 0.0018, 0.0018, 0.0018, 0.0018, 0.0018, 0.0018, 0.0018, 0.0018, 0.0018, 0.0018, 0.0018, 0.0018, 0.0018, 0.0018, 0.0018, 0.0018, 0.0018, 0.0018, 0.0018, 0.0018, 0.0018, 0.0018, 0.0018, 0.0018, 0.0018, 0.0018, 0.0018, 0.0018, 0.0018, 0.0018, 0.0018, 0.0018, 0.0018, 0.0018, 0.0018, 0.0018, 0.0018, 0.0018, 0.0018, 0.0018, 0.0018, 0.0018, 0.0018, 0.0018, 0.0018, 0.0018, 0.0018, 0.0018, 0.0018, 0.0018, 0.0018, 0.0018, 0.0018, 0.0018, 0.0018, 0.0018, 0.0018, 0.0018, 0.0018, 0.0018, 0.0018, 0.0018, 0.0018, 0.0018, 0.0018, 0.0018, 0.0018, 0.0018, 0.0018, 0.0018, 0.0018, 0.0018, 0.0018, 0.0018, 0.0018, 0.0018, 0.0018, 0.0018, 0.0018, 0.0018, 0.0018, 0.0018, 0.0018, 0.0018, 0.0018, 0.0018, 0.0018, 0.0018, 0.0018, 0.0018, 0.0018, 0.0018, 0.0018, 0.0018, 0.0018, 0.0018, 0.0018, 0.0018, 0.0018, 0.0018, 0.0018, 0.0018, 0.0018, 0.0018, 0.0018, 0.0018, 0.0018, 0.0018, 0.0018, 0.0018, 0.0018, 0.0018, 0.0018, 0.0018, 0.0018, 0.0018, 0.0018, 0.0018, 0.0018, 0.0018, 0.0018, 0.0018, 0.0018, 0.0018, 0.0018, 0.0018, 0.0018, 0.0018, 0.0018, 0.0018, 0.0018, 0.0018, 0.0018, 0.0018, 0.0018, 0.0018, 0.0018, 0.0018, 0.0018, 0.0018, 0.0018, 0.0018, 0.0018, 0.0018, 0.0018, 0.0018, 0.0018, 0.0018, 0.0018, 0.0018, 0.0018, 0.0018, 0.0018, 0.0018, 0.0018, 0.0018, 0.0018, 0.0018, 0.0018, 0.0018, 0.0018, 0.0018, 0.0018, 0.0018, 0.0018, 0.0018, 0.0018, 0.0018, 0.0018, 0.0018, 0.0018, 0.0018, 0.0018, 0.0018, 0.0018, 0.0018, 0.0018, 0.0018, 0.0018, 0.0018, 0.0018, 0.0018, 0.0018, 0.0018, 0.0018, 0.0018, 0.0018, 0.0018, 0.0018, 0.0018, 0.0018, 0.0018, 0.0018, 0.0018, 0.0018, 0.0018, 0.0018, 0.0018, 0.0018, 0.0018, 0.0018, 0.0018, 0.0018, 0.0018, 0.0018, 0.0018, 0.0018, 0.0018, 0.0018, 0.0018, 0.0018, 0.0018, 0.0018, 0.0018, 0.0018, 0.0018, 0.0018, 0.0018, 0.0018, 0.0018, 0.0018, 0.0018, 0.0018, 0.0018, 0.0018, 0.0018, 0.0018, 0.0018, 0.0018, 0.0018, 0.0018, 0.0018, 0.0018, 0.0018, 0.0018, 0.0018, 0.0018, 0.0018, 0.0018, 0.0018, 0.0018, 0.0018, 0.0018, 0.0018, 0.0018, 0.0018, 0.0018, 0.0018, 0.0018, 0.0018, 0.0018, 0.0018, 0.0018, 0.0018, 0.0018, 0.0018, 0.0018, 0.0018, 0.0018, 0.0018, 0.0018, 0.0018, 0.0018, 0.0018, 0.0018, 0.0018, 0.0018, 0.0018, 0.0018, 0.0018, 0.0018, 0.0018, 0.0018, 0.0018, 0.0018, 0.0018, 0.0018, 0.0018, 0.0018, 0.0018, 0.0018, 0.0018, 0.0018, 0.0018, 0.0018, 0.0018, 0.0018, 0.0018, 0.0018, 0.0018, 0.0018, 0.0018, 0.0018, 0.0018, 0.0018, 0.0018, 0.0018, 0.0018, 0.0018, 0.0018] (
            interpolation = "vertex"
        )
        uniform token wrap = "nonperiodic"
    }
}

