#usda 1.0
# Copyright (c) 2026 Nick Burkard
# SPDX-License-Identifier: MIT
(
    defaultPrim = "World"
)

def Xform "World"
{
    def BasisCurves "Width_A"
    {
        int[] curveVertexCounts = [6, 6, 6, 6, 6, 6, 6, 6, 6, 6, 6, 6, 6, 6, 6, 6, 6, 6, 6, 6, 6, 6, 6, 6, 6, 6, 6, 6, 6, 6, 6, 6, 6, 6, 6, 6, 6, 6, 6, 6, 6, 6, 6, 6, 6, 6, 6, 6, 6, 6, 6, 6, 6, 6, 6, 6, 6, 6, 6, 6, 6, 6, 6, 6, 6, 6, 6, 6, 6, 6, 6, 6, 6, 6, 6, 6, 6, 6, 6, 6, 6, 6, 6, 6, 6, 6, 6, 6, 6, 6, 6, 6, 6, 6, 6, 6, 6, 6, 6, 6, 6, 6, 6, 6, 6, 6, 6, 6, 6, 6, 6, 6, 6, 6, 6, 6, 6, 6, 6, 6, 6, 6, 6, 6, 6, 6, 6, 6, 6, 6, 6, 6, 6, 6, 6, 6, 6, 6, 6, 6, 6, 6, 6, 6, 6, 6, 6, 6, 6, 6, 6, 6, 6, 6, 6, 6, 6, 6, 6, 6, 6, 6, 6, 6, 6, 6, 6, 6, 6, 6, 6, 6, 6, 6, 6, 6, 6, 6, 6, 6, 6, 6, 6, 6, 6, 6, 6, 6, 6, 6, 6, 6, 6, 6, 6, 6, 6, 6, 6, 6, 6, 6, 6, 6, 6, 6, 6, 6, 6, 6, 6, 6, 6, 6, 6, 6, 6, 6, 6, 6, 6, 6, 6, 6, 6, 6, 6, 6, 6, 6, 6, 6, 6, 6, 6, 6, 6, 6, 6, 6, 6, 6, 6, 6, 6, 6, 6, 6, 6, 6, 6, 6, 6, 6, 6, 6, 6, 6, 6, 6, 6, 6, 6, 6, 6, 6, 6, 6, 6, 6, 6, 6, 6, 6, 6, 6, 6, 6, 6, 6, 6, 6, 6, 6, 6, 6, 6, 6, 6, 6, 6, 6, 6, 6, 6, 6, 6, 6, 6, 6, 6, 6, 6, 6, 6, 6, 6, 6, 6, 6, 6, 6, 6, 6, 6, 6, 6, 6, 6, 6, 6, 6, 6, 6, 6, 6, 6, 6, 6, 6, 6, 6, 6, 6, 6, 6, 6, 6, 6, 6, 6, 6, 6, 6, 6, 6, 6, 6, 6, 6, 6, 6, 6, 6, 6, 6, 6, 6, 6, 6, 6]
        point3f[] points = [(-0.342, -0.072000004, 0), (-0.34152, -0.071720004, 0.035), (-0.34008002, -0.07088, 0.07), (-0.33768, -0.06948, 0.105000004), (-0.33432, -0.06752001, 0.14), (-0.33, -0.065000005, 0.175), (-0.33400002, -0.072000004, 0), (-0.33352, -0.071720004, 0.035), (-0.33208, -0.07088, 0.07), (-0.32968003, -0.06948, 0.105000004), (-0.32632002, -0.06752001, 0.14), (-0.32200003, -0.065000005, 0.175), (-0.326, -0.072000004, 0), (-0.32552, -0.071720004, 0.035), (-0.32408002, -0.07088, 0.07), (-0.32168, -0.06948, 0.105000004), (-0.31832, -0.06752001, 0.14), (-0.314, -0.065000005, 0.175), (-0.31800002, -0.072000004, 0), (-0.31752002, -0.071720004, 0.035), (-0.31608, -0.07088, 0.07), (-0.31368002, -0.06948, 0.105000004), (-0.31032002, -0.06752001, 0.14), (-0.306, -0.065000005, 0.175), (-0.31, -0.072000004, 0), (-0.30952, -0.071720004, 0.035), (-0.30808002, -0.07088, 0.07), (-0.30568, -0.06948, 0.105000004), (-0.30232, -0.06752001, 0.14), (-0.298, -0.065000005, 0.175), (-0.30200002, -0.072000004, 0), (-0.30152002, -0.071720004, 0.035), (-0.30008, -0.07088, 0.07), (-0.29768002, -0.06948, 0.105000004), (-0.29432002, -0.06752001, 0.14), (-0.29000002, -0.065000005, 0.175), (-0.294, -0.072000004, 0), (-0.29352, -0.071720004, 0.035), (-0.29208001, -0.07088, 0.07), (-0.28968, -0.06948, 0.105000004), (-0.28632, -0.06752001, 0.14), (-0.282, -0.065000005, 0.175), (-0.286, -0.072000004, 0), (-0.28552002, -0.071720004, 0.035), (-0.28408, -0.07088, 0.07), (-0.28168002, -0.06948, 0.105000004), (-0.27832, -0.06752001, 0.14), (-0.27400002, -0.065000005, 0.175), (-0.278, -0.072000004, 0), (-0.27752, -0.071720004, 0.035), (-0.27608, -0.07088, 0.07), (-0.27368, -0.06948, 0.105000004), (-0.27032, -0.06752001, 0.14), (-0.266, -0.065000005, 0.175), (-0.27, -0.072000004, 0), (-0.26952, -0.071720004, 0.035), (-0.26808, -0.07088, 0.07), (-0.26568002, -0.06948, 0.105000004), (-0.26232, -0.06752001, 0.14), (-0.25800002, -0.065000005, 0.175), (-0.26200002, -0.072000004, 0), (-0.26152, -0.071720004, 0.035), (-0.26008, -0.07088, 0.07), (-0.25768, -0.06948, 0.105000004), (-0.25432003, -0.06752001, 0.14), (-0.25, -0.065000005, 0.175), (-0.254, -0.072000004, 0), (-0.25352, -0.071720004, 0.035), (-0.25208002, -0.07088, 0.07), (-0.24968001, -0.06948, 0.105000004), (-0.24632001, -0.06752001, 0.14), (-0.24200001, -0.065000005, 0.175), (-0.246, -0.072000004, 0), (-0.24552001, -0.071720004, 0.035), (-0.24408, -0.07088, 0.07), (-0.24168001, -0.06948, 0.105000004), (-0.23832001, -0.06752001, 0.14), (-0.23400001, -0.065000005, 0.175), (-0.238, -0.072000004, 0), (-0.23752001, -0.071720004, 0.035), (-0.23608, -0.07088, 0.07), (-0.23368001, -0.06948, 0.105000004), (-0.23032, -0.06752001, 0.14), (-0.22600001, -0.065000005, 0.175), (-0.23, -0.072000004, 0), (-0.22952001, -0.071720004, 0.035), (-0.22808, -0.07088, 0.07), (-0.22568001, -0.06948, 0.105000004), (-0.22232, -0.06752001, 0.14), (-0.21800001, -0.065000005, 0.175), (-0.222, -0.072000004, 0), (-0.22152, -0.071720004, 0.035), (-0.22008002, -0.07088, 0.07), (-0.21768, -0.06948, 0.105000004), (-0.21432, -0.06752001, 0.14), (-0.21000001, -0.065000005, 0.175), (-0.21400002, -0.072000004, 0), (-0.21352, -0.071720004, 0.035), (-0.21208, -0.07088, 0.07), (-0.20968, -0.06948, 0.105000004), (-0.20632002, -0.06752001, 0.14), (-0.202, -0.065000005, 0.175), (-0.206, -0.072000004, 0), (-0.20552, -0.071720004, 0.035), (-0.20408002, -0.07088, 0.07), (-0.20168, -0.06948, 0.105000004), (-0.19832, -0.06752001, 0.14), (-0.194, -0.065000005, 0.175), (-0.19800001, -0.072000004, 0), (-0.19752, -0.071720004, 0.035), (-0.19608, -0.07088, 0.07), (-0.19368, -0.06948, 0.105000004), (-0.19032001, -0.06752001, 0.14), (-0.186, -0.065000005, 0.175), (-0.342, -0.064, 0), (-0.34152, -0.06372, 0.035), (-0.34008002, -0.06288, 0.07), (-0.33768, -0.061480004, 0.105000004), (-0.33432, -0.059520002, 0.14), (-0.33, -0.057000004, 0.175), (-0.33400002, -0.064, 0), (-0.33352, -0.06372, 0.035), (-0.33208, -0.06288, 0.07), (-0.32968003, -0.061480004, 0.105000004), (-0.32632002, -0.059520002, 0.14), (-0.32200003, -0.057000004, 0.175), (-0.326, -0.064, 0), (-0.32552, -0.06372, 0.035), (-0.32408002, -0.06288, 0.07), (-0.32168, -0.061480004, 0.105000004), (-0.31832, -0.059520002, 0.14), (-0.314, -0.057000004, 0.175), (-0.31800002, -0.064, 0), (-0.31752002, -0.06372, 0.035), (-0.31608, -0.06288, 0.07), (-0.31368002, -0.061480004, 0.105000004), (-0.31032002, -0.059520002, 0.14), (-0.306, -0.057000004, 0.175), (-0.31, -0.064, 0), (-0.30952, -0.06372, 0.035), (-0.30808002, -0.06288, 0.07), (-0.30568, -0.061480004, 0.105000004), (-0.30232, -0.059520002, 0.14), (-0.298, -0.057000004, 0.175), (-0.30200002, -0.064, 0), (-0.30152002, -0.06372, 0.035), (-0.30008, -0.06288, 0.07), (-0.29768002, -0.061480004, 0.105000004), (-0.29432002, -0.059520002, 0.14), (-0.29000002, -0.057000004, 0.175), (-0.294, -0.064, 0), (-0.29352, -0.06372, 0.035), (-0.29208001, -0.06288, 0.07), (-0.28968, -0.061480004, 0.105000004), (-0.28632, -0.059520002, 0.14), (-0.282, -0.057000004, 0.175), (-0.286, -0.064, 0), (-0.28552002, -0.06372, 0.035), (-0.28408, -0.06288, 0.07), (-0.28168002, -0.061480004, 0.105000004), (-0.27832, -0.059520002, 0.14), (-0.27400002, -0.057000004, 0.175), (-0.278, -0.064, 0), (-0.27752, -0.06372, 0.035), (-0.27608, -0.06288, 0.07), (-0.27368, -0.061480004, 0.105000004), (-0.27032, -0.059520002, 0.14), (-0.266, -0.057000004, 0.175), (-0.27, -0.064, 0), (-0.26952, -0.06372, 0.035), (-0.26808, -0.06288, 0.07), (-0.26568002, -0.061480004, 0.105000004), (-0.26232, -0.059520002, 0.14), (-0.25800002, -0.057000004, 0.175), (-0.26200002, -0.064, 0), (-0.26152, -0.06372, 0.035), (-0.26008, -0.06288, 0.07), (-0.25768, -0.061480004, 0.105000004), (-0.25432003, -0.059520002, 0.14), (-0.25, -0.057000004, 0.175), (-0.254, -0.064, 0), (-0.25352, -0.06372, 0.035), (-0.25208002, -0.06288, 0.07), (-0.24968001, -0.061480004, 0.105000004), (-0.24632001, -0.059520002, 0.14), (-0.24200001, -0.057000004, 0.175), (-0.246, -0.064, 0), (-0.24552001, -0.06372, 0.035), (-0.24408, -0.06288, 0.07), (-0.24168001, -0.061480004, 0.105000004), (-0.23832001, -0.059520002, 0.14), (-0.23400001, -0.057000004, 0.175), (-0.238, -0.064, 0), (-0.23752001, -0.06372, 0.035), (-0.23608, -0.06288, 0.07), (-0.23368001, -0.061480004, 0.105000004), (-0.23032, -0.059520002, 0.14), (-0.22600001, -0.057000004, 0.175), (-0.23, -0.064, 0), (-0.22952001, -0.06372, 0.035), (-0.22808, -0.06288, 0.07), (-0.22568001, -0.061480004, 0.105000004), (-0.22232, -0.059520002, 0.14), (-0.21800001, -0.057000004, 0.175), (-0.222, -0.064, 0), (-0.22152, -0.06372, 0.035), (-0.22008002, -0.06288, 0.07), (-0.21768, -0.061480004, 0.105000004), (-0.21432, -0.059520002, 0.14), (-0.21000001, -0.057000004, 0.175), (-0.21400002, -0.064, 0), (-0.21352, -0.06372, 0.035), (-0.21208, -0.06288, 0.07), (-0.20968, -0.061480004, 0.105000004), (-0.20632002, -0.059520002, 0.14), (-0.202, -0.057000004, 0.175), (-0.206, -0.064, 0), (-0.20552, -0.06372, 0.035), (-0.20408002, -0.06288, 0.07), (-0.20168, -0.061480004, 0.105000004), (-0.19832, -0.059520002, 0.14), (-0.194, -0.057000004, 0.175), (-0.19800001, -0.064, 0), (-0.19752, -0.06372, 0.035), (-0.19608, -0.06288, 0.07), (-0.19368, -0.061480004, 0.105000004), (-0.19032001, -0.059520002, 0.14), (-0.186, -0.057000004, 0.175), (-0.342, -0.056, 0), (-0.34152, -0.05572, 0.035), (-0.34008002, -0.05488, 0.07), (-0.33768, -0.053480003, 0.105000004), (-0.33432, -0.05152, 0.14), (-0.33, -0.049000002, 0.175), (-0.33400002, -0.056, 0), (-0.33352, -0.05572, 0.035), (-0.33208, -0.05488, 0.07), (-0.32968003, -0.053480003, 0.105000004), (-0.32632002, -0.05152, 0.14), (-0.32200003, -0.049000002, 0.175), (-0.326, -0.056, 0), (-0.32552, -0.05572, 0.035), (-0.32408002, -0.05488, 0.07), (-0.32168, -0.053480003, 0.105000004), (-0.31832, -0.05152, 0.14), (-0.314, -0.049000002, 0.175), (-0.31800002, -0.056, 0), (-0.31752002, -0.05572, 0.035), (-0.31608, -0.05488, 0.07), (-0.31368002, -0.053480003, 0.105000004), (-0.31032002, -0.05152, 0.14), (-0.306, -0.049000002, 0.175), (-0.31, -0.056, 0), (-0.30952, -0.05572, 0.035), (-0.30808002, -0.05488, 0.07), (-0.30568, -0.053480003, 0.105000004), (-0.30232, -0.05152, 0.14), (-0.298, -0.049000002, 0.175), (-0.30200002, -0.056, 0), (-0.30152002, -0.05572, 0.035), (-0.30008, -0.05488, 0.07), (-0.29768002, -0.053480003, 0.105000004), (-0.29432002, -0.05152, 0.14), (-0.29000002, -0.049000002, 0.175), (-0.294, -0.056, 0), (-0.29352, -0.05572, 0.035), (-0.29208001, -0.05488, 0.07), (-0.28968, -0.053480003, 0.105000004), (-0.28632, -0.05152, 0.14), (-0.282, -0.049000002, 0.175), (-0.286, -0.056, 0), (-0.28552002, -0.05572, 0.035), (-0.28408, -0.05488, 0.07), (-0.28168002, -0.053480003, 0.105000004), (-0.27832, -0.05152, 0.14), (-0.27400002, -0.049000002, 0.175), (-0.278, -0.056, 0), (-0.27752, -0.05572, 0.035), (-0.27608, -0.05488, 0.07), (-0.27368, -0.053480003, 0.105000004), (-0.27032, -0.05152, 0.14), (-0.266, -0.049000002, 0.175), (-0.27, -0.056, 0), (-0.26952, -0.05572, 0.035), (-0.26808, -0.05488, 0.07), (-0.26568002, -0.053480003, 0.105000004), (-0.26232, -0.05152, 0.14), (-0.25800002, -0.049000002, 0.175), (-0.26200002, -0.056, 0), (-0.26152, -0.05572, 0.035), (-0.26008, -0.05488, 0.07), (-0.25768, -0.053480003, 0.105000004), (-0.25432003, -0.05152, 0.14), (-0.25, -0.049000002, 0.175), (-0.254, -0.056, 0), (-0.25352, -0.05572, 0.035), (-0.25208002, -0.05488, 0.07), (-0.24968001, -0.053480003, 0.105000004), (-0.24632001, -0.05152, 0.14), (-0.24200001, -0.049000002, 0.175), (-0.246, -0.056, 0), (-0.24552001, -0.05572, 0.035), (-0.24408, -0.05488, 0.07), (-0.24168001, -0.053480003, 0.105000004), (-0.23832001, -0.05152, 0.14), (-0.23400001, -0.049000002, 0.175), (-0.238, -0.056, 0), (-0.23752001, -0.05572, 0.035), (-0.23608, -0.05488, 0.07), (-0.23368001, -0.053480003, 0.105000004), (-0.23032, -0.05152, 0.14), (-0.22600001, -0.049000002, 0.175), (-0.23, -0.056, 0), (-0.22952001, -0.05572, 0.035), (-0.22808, -0.05488, 0.07), (-0.22568001, -0.053480003, 0.105000004), (-0.22232, -0.05152, 0.14), (-0.21800001, -0.049000002, 0.175), (-0.222, -0.056, 0), (-0.22152, -0.05572, 0.035), (-0.22008002, -0.05488, 0.07), (-0.21768, -0.053480003, 0.105000004), (-0.21432, -0.05152, 0.14), (-0.21000001, -0.049000002, 0.175), (-0.21400002, -0.056, 0), (-0.21352, -0.05572, 0.035), (-0.21208, -0.05488, 0.07), (-0.20968, -0.053480003, 0.105000004), (-0.20632002, -0.05152, 0.14), (-0.202, -0.049000002, 0.175), (-0.206, -0.056, 0), (-0.20552, -0.05572, 0.035), (-0.20408002, -0.05488, 0.07), (-0.20168, -0.053480003, 0.105000004), (-0.19832, -0.05152, 0.14), (-0.194, -0.049000002, 0.175), (-0.19800001, -0.056, 0), (-0.19752, -0.05572, 0.035), (-0.19608, -0.05488, 0.07), (-0.19368, -0.053480003, 0.105000004), (-0.19032001, -0.05152, 0.14), (-0.186, -0.049000002, 0.175), (-0.342, -0.048, 0), (-0.34152, -0.04772, 0.035), (-0.34008002, -0.04688, 0.07), (-0.33768, -0.04548, 0.105000004), (-0.33432, -0.04352, 0.14), (-0.33, -0.041, 0.175), (-0.33400002, -0.048, 0), (-0.33352, -0.04772, 0.035), (-0.33208, -0.04688, 0.07), (-0.32968003, -0.04548, 0.105000004), (-0.32632002, -0.04352, 0.14), (-0.32200003, -0.041, 0.175), (-0.326, -0.048, 0), (-0.32552, -0.04772, 0.035), (-0.32408002, -0.04688, 0.07), (-0.32168, -0.04548, 0.105000004), (-0.31832, -0.04352, 0.14), (-0.314, -0.041, 0.175), (-0.31800002, -0.048, 0), (-0.31752002, -0.04772, 0.035), (-0.31608, -0.04688, 0.07), (-0.31368002, -0.04548, 0.105000004), (-0.31032002, -0.04352, 0.14), (-0.306, -0.041, 0.175), (-0.31, -0.048, 0), (-0.30952, -0.04772, 0.035), (-0.30808002, -0.04688, 0.07), (-0.30568, -0.04548, 0.105000004), (-0.30232, -0.04352, 0.14), (-0.298, -0.041, 0.175), (-0.30200002, -0.048, 0), (-0.30152002, -0.04772, 0.035), (-0.30008, -0.04688, 0.07), (-0.29768002, -0.04548, 0.105000004), (-0.29432002, -0.04352, 0.14), (-0.29000002, -0.041, 0.175), (-0.294, -0.048, 0), (-0.29352, -0.04772, 0.035), (-0.29208001, -0.04688, 0.07), (-0.28968, -0.04548, 0.105000004), (-0.28632, -0.04352, 0.14), (-0.282, -0.041, 0.175), (-0.286, -0.048, 0), (-0.28552002, -0.04772, 0.035), (-0.28408, -0.04688, 0.07), (-0.28168002, -0.04548, 0.105000004), (-0.27832, -0.04352, 0.14), (-0.27400002, -0.041, 0.175), (-0.278, -0.048, 0), (-0.27752, -0.04772, 0.035), (-0.27608, -0.04688, 0.07), (-0.27368, -0.04548, 0.105000004), (-0.27032, -0.04352, 0.14), (-0.266, -0.041, 0.175), (-0.27, -0.048, 0), (-0.26952, -0.04772, 0.035), (-0.26808, -0.04688, 0.07), (-0.26568002, -0.04548, 0.105000004), (-0.26232, -0.04352, 0.14), (-0.25800002, -0.041, 0.175), (-0.26200002, -0.048, 0), (-0.26152, -0.04772, 0.035), (-0.26008, -0.04688, 0.07), (-0.25768, -0.04548, 0.105000004), (-0.25432003, -0.04352, 0.14), (-0.25, -0.041, 0.175), (-0.254, -0.048, 0), (-0.25352, -0.04772, 0.035), (-0.25208002, -0.04688, 0.07), (-0.24968001, -0.04548, 0.105000004), (-0.24632001, -0.04352, 0.14), (-0.24200001, -0.041, 0.175), (-0.246, -0.048, 0), (-0.24552001, -0.04772, 0.035), (-0.24408, -0.04688, 0.07), (-0.24168001, -0.04548, 0.105000004), (-0.23832001, -0.04352, 0.14), (-0.23400001, -0.041, 0.175), (-0.238, -0.048, 0), (-0.23752001, -0.04772, 0.035), (-0.23608, -0.04688, 0.07), (-0.23368001, -0.04548, 0.105000004), (-0.23032, -0.04352, 0.14), (-0.22600001, -0.041, 0.175), (-0.23, -0.048, 0), (-0.22952001, -0.04772, 0.035), (-0.22808, -0.04688, 0.07), (-0.22568001, -0.04548, 0.105000004), (-0.22232, -0.04352, 0.14), (-0.21800001, -0.041, 0.175), (-0.222, -0.048, 0), (-0.22152, -0.04772, 0.035), (-0.22008002, -0.04688, 0.07), (-0.21768, -0.04548, 0.105000004), (-0.21432, -0.04352, 0.14), (-0.21000001, -0.041, 0.175), (-0.21400002, -0.048, 0), (-0.21352, -0.04772, 0.035), (-0.21208, -0.04688, 0.07), (-0.20968, -0.04548, 0.105000004), (-0.20632002, -0.04352, 0.14), (-0.202, -0.041, 0.175), (-0.206, -0.048, 0), (-0.20552, -0.04772, 0.035), (-0.20408002, -0.04688, 0.07), (-0.20168, -0.04548, 0.105000004), (-0.19832, -0.04352, 0.14), (-0.194, -0.041, 0.175), (-0.19800001, -0.048, 0), (-0.19752, -0.04772, 0.035), (-0.19608, -0.04688, 0.07), (-0.19368, -0.04548, 0.105000004), (-0.19032001, -0.04352, 0.14), (-0.186, -0.041, 0.175), (-0.342, -0.040000003, 0), (-0.34152, -0.039720003, 0.035), (-0.34008002, -0.03888, 0.07), (-0.33768, -0.037480004, 0.105000004), (-0.33432, -0.035520002, 0.14), (-0.33, -0.033000004, 0.175), (-0.33400002, -0.040000003, 0), (-0.33352, -0.039720003, 0.035), (-0.33208, -0.03888, 0.07), (-0.32968003, -0.037480004, 0.105000004), (-0.32632002, -0.035520002, 0.14), (-0.32200003, -0.033000004, 0.175), (-0.326, -0.040000003, 0), (-0.32552, -0.039720003, 0.035), (-0.32408002, -0.03888, 0.07), (-0.32168, -0.037480004, 0.105000004), (-0.31832, -0.035520002, 0.14), (-0.314, -0.033000004, 0.175), (-0.31800002, -0.040000003, 0), (-0.31752002, -0.039720003, 0.035), (-0.31608, -0.03888, 0.07), (-0.31368002, -0.037480004, 0.105000004), (-0.31032002, -0.035520002, 0.14), (-0.306, -0.033000004, 0.175), (-0.31, -0.040000003, 0), (-0.30952, -0.039720003, 0.035), (-0.30808002, -0.03888, 0.07), (-0.30568, -0.037480004, 0.105000004), (-0.30232, -0.035520002, 0.14), (-0.298, -0.033000004, 0.175), (-0.30200002, -0.040000003, 0), (-0.30152002, -0.039720003, 0.035), (-0.30008, -0.03888, 0.07), (-0.29768002, -0.037480004, 0.105000004), (-0.29432002, -0.035520002, 0.14), (-0.29000002, -0.033000004, 0.175), (-0.294, -0.040000003, 0), (-0.29352, -0.039720003, 0.035), (-0.29208001, -0.03888, 0.07), (-0.28968, -0.037480004, 0.105000004), (-0.28632, -0.035520002, 0.14), (-0.282, -0.033000004, 0.175), (-0.286, -0.040000003, 0), (-0.28552002, -0.039720003, 0.035), (-0.28408, -0.03888, 0.07), (-0.28168002, -0.037480004, 0.105000004), (-0.27832, -0.035520002, 0.14), (-0.27400002, -0.033000004, 0.175), (-0.278, -0.040000003, 0), (-0.27752, -0.039720003, 0.035), (-0.27608, -0.03888, 0.07), (-0.27368, -0.037480004, 0.105000004), (-0.27032, -0.035520002, 0.14), (-0.266, -0.033000004, 0.175), (-0.27, -0.040000003, 0), (-0.26952, -0.039720003, 0.035), (-0.26808, -0.03888, 0.07), (-0.26568002, -0.037480004, 0.105000004), (-0.26232, -0.035520002, 0.14), (-0.25800002, -0.033000004, 0.175), (-0.26200002, -0.040000003, 0), (-0.26152, -0.039720003, 0.035), (-0.26008, -0.03888, 0.07), (-0.25768, -0.037480004, 0.105000004), (-0.25432003, -0.035520002, 0.14), (-0.25, -0.033000004, 0.175), (-0.254, -0.040000003, 0), (-0.25352, -0.039720003, 0.035), (-0.25208002, -0.03888, 0.07), (-0.24968001, -0.037480004, 0.105000004), (-0.24632001, -0.035520002, 0.14), (-0.24200001, -0.033000004, 0.175), (-0.246, -0.040000003, 0), (-0.24552001, -0.039720003, 0.035), (-0.24408, -0.03888, 0.07), (-0.24168001, -0.037480004, 0.105000004), (-0.23832001, -0.035520002, 0.14), (-0.23400001, -0.033000004, 0.175), (-0.238, -0.040000003, 0), (-0.23752001, -0.039720003, 0.035), (-0.23608, -0.03888, 0.07), (-0.23368001, -0.037480004, 0.105000004), (-0.23032, -0.035520002, 0.14), (-0.22600001, -0.033000004, 0.175), (-0.23, -0.040000003, 0), (-0.22952001, -0.039720003, 0.035), (-0.22808, -0.03888, 0.07), (-0.22568001, -0.037480004, 0.105000004), (-0.22232, -0.035520002, 0.14), (-0.21800001, -0.033000004, 0.175), (-0.222, -0.040000003, 0), (-0.22152, -0.039720003, 0.035), (-0.22008002, -0.03888, 0.07), (-0.21768, -0.037480004, 0.105000004), (-0.21432, -0.035520002, 0.14), (-0.21000001, -0.033000004, 0.175), (-0.21400002, -0.040000003, 0), (-0.21352, -0.039720003, 0.035), (-0.21208, -0.03888, 0.07), (-0.20968, -0.037480004, 0.105000004), (-0.20632002, -0.035520002, 0.14), (-0.202, -0.033000004, 0.175), (-0.206, -0.040000003, 0), (-0.20552, -0.039720003, 0.035), (-0.20408002, -0.03888, 0.07), (-0.20168, -0.037480004, 0.105000004), (-0.19832, -0.035520002, 0.14), (-0.194, -0.033000004, 0.175), (-0.19800001, -0.040000003, 0), (-0.19752, -0.039720003, 0.035), (-0.19608, -0.03888, 0.07), (-0.19368, -0.037480004, 0.105000004), (-0.19032001, -0.035520002, 0.14), (-0.186, -0.033000004, 0.175), (-0.342, -0.032, 0), (-0.34152, -0.03172, 0.035), (-0.34008002, -0.030880002, 0.07), (-0.33768, -0.029480001, 0.105000004), (-0.33432, -0.027520001, 0.14), (-0.33, -0.025000002, 0.175), (-0.33400002, -0.032, 0), (-0.33352, -0.03172, 0.035), (-0.33208, -0.030880002, 0.07), (-0.32968003, -0.029480001, 0.105000004), (-0.32632002, -0.027520001, 0.14), (-0.32200003, -0.025000002, 0.175), (-0.326, -0.032, 0), (-0.32552, -0.03172, 0.035), (-0.32408002, -0.030880002, 0.07), (-0.32168, -0.029480001, 0.105000004), (-0.31832, -0.027520001, 0.14), (-0.314, -0.025000002, 0.175), (-0.31800002, -0.032, 0), (-0.31752002, -0.03172, 0.035), (-0.31608, -0.030880002, 0.07), (-0.31368002, -0.029480001, 0.105000004), (-0.31032002, -0.027520001, 0.14), (-0.306, -0.025000002, 0.175), (-0.31, -0.032, 0), (-0.30952, -0.03172, 0.035), (-0.30808002, -0.030880002, 0.07), (-0.30568, -0.029480001, 0.105000004), (-0.30232, -0.027520001, 0.14), (-0.298, -0.025000002, 0.175), (-0.30200002, -0.032, 0), (-0.30152002, -0.03172, 0.035), (-0.30008, -0.030880002, 0.07), (-0.29768002, -0.029480001, 0.105000004), (-0.29432002, -0.027520001, 0.14), (-0.29000002, -0.025000002, 0.175), (-0.294, -0.032, 0), (-0.29352, -0.03172, 0.035), (-0.29208001, -0.030880002, 0.07), (-0.28968, -0.029480001, 0.105000004), (-0.28632, -0.027520001, 0.14), (-0.282, -0.025000002, 0.175), (-0.286, -0.032, 0), (-0.28552002, -0.03172, 0.035), (-0.28408, -0.030880002, 0.07), (-0.28168002, -0.029480001, 0.105000004), (-0.27832, -0.027520001, 0.14), (-0.27400002, -0.025000002, 0.175), (-0.278, -0.032, 0), (-0.27752, -0.03172, 0.035), (-0.27608, -0.030880002, 0.07), (-0.27368, -0.029480001, 0.105000004), (-0.27032, -0.027520001, 0.14), (-0.266, -0.025000002, 0.175), (-0.27, -0.032, 0), (-0.26952, -0.03172, 0.035), (-0.26808, -0.030880002, 0.07), (-0.26568002, -0.029480001, 0.105000004), (-0.26232, -0.027520001, 0.14), (-0.25800002, -0.025000002, 0.175), (-0.26200002, -0.032, 0), (-0.26152, -0.03172, 0.035), (-0.26008, -0.030880002, 0.07), (-0.25768, -0.029480001, 0.105000004), (-0.25432003, -0.027520001, 0.14), (-0.25, -0.025000002, 0.175), (-0.254, -0.032, 0), (-0.25352, -0.03172, 0.035), (-0.25208002, -0.030880002, 0.07), (-0.24968001, -0.029480001, 0.105000004), (-0.24632001, -0.027520001, 0.14), (-0.24200001, -0.025000002, 0.175), (-0.246, -0.032, 0), (-0.24552001, -0.03172, 0.035), (-0.24408, -0.030880002, 0.07), (-0.24168001, -0.029480001, 0.105000004), (-0.23832001, -0.027520001, 0.14), (-0.23400001, -0.025000002, 0.175), (-0.238, -0.032, 0), (-0.23752001, -0.03172, 0.035), (-0.23608, -0.030880002, 0.07), (-0.23368001, -0.029480001, 0.105000004), (-0.23032, -0.027520001, 0.14), (-0.22600001, -0.025000002, 0.175), (-0.23, -0.032, 0), (-0.22952001, -0.03172, 0.035), (-0.22808, -0.030880002, 0.07), (-0.22568001, -0.029480001, 0.105000004), (-0.22232, -0.027520001, 0.14), (-0.21800001, -0.025000002, 0.175), (-0.222, -0.032, 0), (-0.22152, -0.03172, 0.035), (-0.22008002, -0.030880002, 0.07), (-0.21768, -0.029480001, 0.105000004), (-0.21432, -0.027520001, 0.14), (-0.21000001, -0.025000002, 0.175), (-0.21400002, -0.032, 0), (-0.21352, -0.03172, 0.035), (-0.21208, -0.030880002, 0.07), (-0.20968, -0.029480001, 0.105000004), (-0.20632002, -0.027520001, 0.14), (-0.202, -0.025000002, 0.175), (-0.206, -0.032, 0), (-0.20552, -0.03172, 0.035), (-0.20408002, -0.030880002, 0.07), (-0.20168, -0.029480001, 0.105000004), (-0.19832, -0.027520001, 0.14), (-0.194, -0.025000002, 0.175), (-0.19800001, -0.032, 0), (-0.19752, -0.03172, 0.035), (-0.19608, -0.030880002, 0.07), (-0.19368, -0.029480001, 0.105000004), (-0.19032001, -0.027520001, 0.14), (-0.186, -0.025000002, 0.175), (-0.342, -0.024, 0), (-0.34152, -0.02372, 0.035), (-0.34008002, -0.022880001, 0.07), (-0.33768, -0.02148, 0.105000004), (-0.33432, -0.01952, 0.14), (-0.33, -0.017, 0.175), (-0.33400002, -0.024, 0), (-0.33352, -0.02372, 0.035), (-0.33208, -0.022880001, 0.07), (-0.32968003, -0.02148, 0.105000004), (-0.32632002, -0.01952, 0.14), (-0.32200003, -0.017, 0.175), (-0.326, -0.024, 0), (-0.32552, -0.02372, 0.035), (-0.32408002, -0.022880001, 0.07), (-0.32168, -0.02148, 0.105000004), (-0.31832, -0.01952, 0.14), (-0.314, -0.017, 0.175), (-0.31800002, -0.024, 0), (-0.31752002, -0.02372, 0.035), (-0.31608, -0.022880001, 0.07), (-0.31368002, -0.02148, 0.105000004), (-0.31032002, -0.01952, 0.14), (-0.306, -0.017, 0.175), (-0.31, -0.024, 0), (-0.30952, -0.02372, 0.035), (-0.30808002, -0.022880001, 0.07), (-0.30568, -0.02148, 0.105000004), (-0.30232, -0.01952, 0.14), (-0.298, -0.017, 0.175), (-0.30200002, -0.024, 0), (-0.30152002, -0.02372, 0.035), (-0.30008, -0.022880001, 0.07), (-0.29768002, -0.02148, 0.105000004), (-0.29432002, -0.01952, 0.14), (-0.29000002, -0.017, 0.175), (-0.294, -0.024, 0), (-0.29352, -0.02372, 0.035), (-0.29208001, -0.022880001, 0.07), (-0.28968, -0.02148, 0.105000004), (-0.28632, -0.01952, 0.14), (-0.282, -0.017, 0.175), (-0.286, -0.024, 0), (-0.28552002, -0.02372, 0.035), (-0.28408, -0.022880001, 0.07), (-0.28168002, -0.02148, 0.105000004), (-0.27832, -0.01952, 0.14), (-0.27400002, -0.017, 0.175), (-0.278, -0.024, 0), (-0.27752, -0.02372, 0.035), (-0.27608, -0.022880001, 0.07), (-0.27368, -0.02148, 0.105000004), (-0.27032, -0.01952, 0.14), (-0.266, -0.017, 0.175), (-0.27, -0.024, 0), (-0.26952, -0.02372, 0.035), (-0.26808, -0.022880001, 0.07), (-0.26568002, -0.02148, 0.105000004), (-0.26232, -0.01952, 0.14), (-0.25800002, -0.017, 0.175), (-0.26200002, -0.024, 0), (-0.26152, -0.02372, 0.035), (-0.26008, -0.022880001, 0.07), (-0.25768, -0.02148, 0.105000004), (-0.25432003, -0.01952, 0.14), (-0.25, -0.017, 0.175), (-0.254, -0.024, 0), (-0.25352, -0.02372, 0.035), (-0.25208002, -0.022880001, 0.07), (-0.24968001, -0.02148, 0.105000004), (-0.24632001, -0.01952, 0.14), (-0.24200001, -0.017, 0.175), (-0.246, -0.024, 0), (-0.24552001, -0.02372, 0.035), (-0.24408, -0.022880001, 0.07), (-0.24168001, -0.02148, 0.105000004), (-0.23832001, -0.01952, 0.14), (-0.23400001, -0.017, 0.175), (-0.238, -0.024, 0), (-0.23752001, -0.02372, 0.035), (-0.23608, -0.022880001, 0.07), (-0.23368001, -0.02148, 0.105000004), (-0.23032, -0.01952, 0.14), (-0.22600001, -0.017, 0.175), (-0.23, -0.024, 0), (-0.22952001, -0.02372, 0.035), (-0.22808, -0.022880001, 0.07), (-0.22568001, -0.02148, 0.105000004), (-0.22232, -0.01952, 0.14), (-0.21800001, -0.017, 0.175), (-0.222, -0.024, 0), (-0.22152, -0.02372, 0.035), (-0.22008002, -0.022880001, 0.07), (-0.21768, -0.02148, 0.105000004), (-0.21432, -0.01952, 0.14), (-0.21000001, -0.017, 0.175), (-0.21400002, -0.024, 0), (-0.21352, -0.02372, 0.035), (-0.21208, -0.022880001, 0.07), (-0.20968, -0.02148, 0.105000004), (-0.20632002, -0.01952, 0.14), (-0.202, -0.017, 0.175), (-0.206, -0.024, 0), (-0.20552, -0.02372, 0.035), (-0.20408002, -0.022880001, 0.07), (-0.20168, -0.02148, 0.105000004), (-0.19832, -0.01952, 0.14), (-0.194, -0.017, 0.175), (-0.19800001, -0.024, 0), (-0.19752, -0.02372, 0.035), (-0.19608, -0.022880001, 0.07), (-0.19368, -0.02148, 0.105000004), (-0.19032001, -0.01952, 0.14), (-0.186, -0.017, 0.175), (-0.342, -0.016, 0), (-0.34152, -0.01572, 0.035), (-0.34008002, -0.014880001, 0.07), (-0.33768, -0.01348, 0.105000004), (-0.33432, -0.01152, 0.14), (-0.33, -0.009000001, 0.175), (-0.33400002, -0.016, 0), (-0.33352, -0.01572, 0.035), (-0.33208, -0.014880001, 0.07), (-0.32968003, -0.01348, 0.105000004), (-0.32632002, -0.01152, 0.14), (-0.32200003, -0.009000001, 0.175), (-0.326, -0.016, 0), (-0.32552, -0.01572, 0.035), (-0.32408002, -0.014880001, 0.07), (-0.32168, -0.01348, 0.105000004), (-0.31832, -0.01152, 0.14), (-0.314, -0.009000001, 0.175), (-0.31800002, -0.016, 0), (-0.31752002, -0.01572, 0.035), (-0.31608, -0.014880001, 0.07), (-0.31368002, -0.01348, 0.105000004), (-0.31032002, -0.01152, 0.14), (-0.306, -0.009000001, 0.175), (-0.31, -0.016, 0), (-0.30952, -0.01572, 0.035), (-0.30808002, -0.014880001, 0.07), (-0.30568, -0.01348, 0.105000004), (-0.30232, -0.01152, 0.14), (-0.298, -0.009000001, 0.175), (-0.30200002, -0.016, 0), (-0.30152002, -0.01572, 0.035), (-0.30008, -0.014880001, 0.07), (-0.29768002, -0.01348, 0.105000004), (-0.29432002, -0.01152, 0.14), (-0.29000002, -0.009000001, 0.175), (-0.294, -0.016, 0), (-0.29352, -0.01572, 0.035), (-0.29208001, -0.014880001, 0.07), (-0.28968, -0.01348, 0.105000004), (-0.28632, -0.01152, 0.14), (-0.282, -0.009000001, 0.175), (-0.286, -0.016, 0), (-0.28552002, -0.01572, 0.035), (-0.28408, -0.014880001, 0.07), (-0.28168002, -0.01348, 0.105000004), (-0.27832, -0.01152, 0.14), (-0.27400002, -0.009000001, 0.175), (-0.278, -0.016, 0), (-0.27752, -0.01572, 0.035), (-0.27608, -0.014880001, 0.07), (-0.27368, -0.01348, 0.105000004), (-0.27032, -0.01152, 0.14), (-0.266, -0.009000001, 0.175), (-0.27, -0.016, 0), (-0.26952, -0.01572, 0.035), (-0.26808, -0.014880001, 0.07), (-0.26568002, -0.01348, 0.105000004), (-0.26232, -0.01152, 0.14), (-0.25800002, -0.009000001, 0.175), (-0.26200002, -0.016, 0), (-0.26152, -0.01572, 0.035), (-0.26008, -0.014880001, 0.07), (-0.25768, -0.01348, 0.105000004), (-0.25432003, -0.01152, 0.14), (-0.25, -0.009000001, 0.175), (-0.254, -0.016, 0), (-0.25352, -0.01572, 0.035), (-0.25208002, -0.014880001, 0.07), (-0.24968001, -0.01348, 0.105000004), (-0.24632001, -0.01152, 0.14), (-0.24200001, -0.009000001, 0.175), (-0.246, -0.016, 0), (-0.24552001, -0.01572, 0.035), (-0.24408, -0.014880001, 0.07), (-0.24168001, -0.01348, 0.105000004), (-0.23832001, -0.01152, 0.14), (-0.23400001, -0.009000001, 0.175), (-0.238, -0.016, 0), (-0.23752001, -0.01572, 0.035), (-0.23608, -0.014880001, 0.07), (-0.23368001, -0.01348, 0.105000004), (-0.23032, -0.01152, 0.14), (-0.22600001, -0.009000001, 0.175), (-0.23, -0.016, 0), (-0.22952001, -0.01572, 0.035), (-0.22808, -0.014880001, 0.07), (-0.22568001, -0.01348, 0.105000004), (-0.22232, -0.01152, 0.14), (-0.21800001, -0.009000001, 0.175), (-0.222, -0.016, 0), (-0.22152, -0.01572, 0.035), (-0.22008002, -0.014880001, 0.07), (-0.21768, -0.01348, 0.105000004), (-0.21432, -0.01152, 0.14), (-0.21000001, -0.009000001, 0.175), (-0.21400002, -0.016, 0), (-0.21352, -0.01572, 0.035), (-0.21208, -0.014880001, 0.07), (-0.20968, -0.01348, 0.105000004), (-0.20632002, -0.01152, 0.14), (-0.202, -0.009000001, 0.175), (-0.206, -0.016, 0), (-0.20552, -0.01572, 0.035), (-0.20408002, -0.014880001, 0.07), (-0.20168, -0.01348, 0.105000004), (-0.19832, -0.01152, 0.14), (-0.194, -0.009000001, 0.175), (-0.19800001, -0.016, 0), (-0.19752, -0.01572, 0.035), (-0.19608, -0.014880001, 0.07), (-0.19368, -0.01348, 0.105000004), (-0.19032001, -0.01152, 0.14), (-0.186, -0.009000001, 0.175), (-0.342, -0.008, 0), (-0.34152, -0.0077200006, 0.035), (-0.34008002, -0.0068800002, 0.07), (-0.33768, -0.00548, 0.105000004), (-0.33432, -0.0035200003, 0.14), (-0.33, -0.0010000002, 0.175), (-0.33400002, -0.008, 0), (-0.33352, -0.0077200006, 0.035), (-0.33208, -0.0068800002, 0.07), (-0.32968003, -0.00548, 0.105000004), (-0.32632002, -0.0035200003, 0.14), (-0.32200003, -0.0010000002, 0.175), (-0.326, -0.008, 0), (-0.32552, -0.0077200006, 0.035), (-0.32408002, -0.0068800002, 0.07), (-0.32168, -0.00548, 0.105000004), (-0.31832, -0.0035200003, 0.14), (-0.314, -0.0010000002, 0.175), (-0.31800002, -0.008, 0), (-0.31752002, -0.0077200006, 0.035), (-0.31608, -0.0068800002, 0.07), (-0.31368002, -0.00548, 0.105000004), (-0.31032002, -0.0035200003, 0.14), (-0.306, -0.0010000002, 0.175), (-0.31, -0.008, 0), (-0.30952, -0.0077200006, 0.035), (-0.30808002, -0.0068800002, 0.07), (-0.30568, -0.00548, 0.105000004), (-0.30232, -0.0035200003, 0.14), (-0.298, -0.0010000002, 0.175), (-0.30200002, -0.008, 0), (-0.30152002, -0.0077200006, 0.035), (-0.30008, -0.0068800002, 0.07), (-0.29768002, -0.00548, 0.105000004), (-0.29432002, -0.0035200003, 0.14), (-0.29000002, -0.0010000002, 0.175), (-0.294, -0.008, 0), (-0.29352, -0.0077200006, 0.035), (-0.29208001, -0.0068800002, 0.07), (-0.28968, -0.00548, 0.105000004), (-0.28632, -0.0035200003, 0.14), (-0.282, -0.0010000002, 0.175), (-0.286, -0.008, 0), (-0.28552002, -0.0077200006, 0.035), (-0.28408, -0.0068800002, 0.07), (-0.28168002, -0.00548, 0.105000004), (-0.27832, -0.0035200003, 0.14), (-0.27400002, -0.0010000002, 0.175), (-0.278, -0.008, 0), (-0.27752, -0.0077200006, 0.035), (-0.27608, -0.0068800002, 0.07), (-0.27368, -0.00548, 0.105000004), (-0.27032, -0.0035200003, 0.14), (-0.266, -0.0010000002, 0.175), (-0.27, -0.008, 0), (-0.26952, -0.0077200006, 0.035), (-0.26808, -0.0068800002, 0.07), (-0.26568002, -0.00548, 0.105000004), (-0.26232, -0.0035200003, 0.14), (-0.25800002, -0.0010000002, 0.175), (-0.26200002, -0.008, 0), (-0.26152, -0.0077200006, 0.035), (-0.26008, -0.0068800002, 0.07), (-0.25768, -0.00548, 0.105000004), (-0.25432003, -0.0035200003, 0.14), (-0.25, -0.0010000002, 0.175), (-0.254, -0.008, 0), (-0.25352, -0.0077200006, 0.035), (-0.25208002, -0.0068800002, 0.07), (-0.24968001, -0.00548, 0.105000004), (-0.24632001, -0.0035200003, 0.14), (-0.24200001, -0.0010000002, 0.175), (-0.246, -0.008, 0), (-0.24552001, -0.0077200006, 0.035), (-0.24408, -0.0068800002, 0.07), (-0.24168001, -0.00548, 0.105000004), (-0.23832001, -0.0035200003, 0.14), (-0.23400001, -0.0010000002, 0.175), (-0.238, -0.008, 0), (-0.23752001, -0.0077200006, 0.035), (-0.23608, -0.0068800002, 0.07), (-0.23368001, -0.00548, 0.105000004), (-0.23032, -0.0035200003, 0.14), (-0.22600001, -0.0010000002, 0.175), (-0.23, -0.008, 0), (-0.22952001, -0.0077200006, 0.035), (-0.22808, -0.0068800002, 0.07), (-0.22568001, -0.00548, 0.105000004), (-0.22232, -0.0035200003, 0.14), (-0.21800001, -0.0010000002, 0.175), (-0.222, -0.008, 0), (-0.22152, -0.0077200006, 0.035), (-0.22008002, -0.0068800002, 0.07), (-0.21768, -0.00548, 0.105000004), (-0.21432, -0.0035200003, 0.14), (-0.21000001, -0.0010000002, 0.175), (-0.21400002, -0.008, 0), (-0.21352, -0.0077200006, 0.035), (-0.21208, -0.0068800002, 0.07), (-0.20968, -0.00548, 0.105000004), (-0.20632002, -0.0035200003, 0.14), (-0.202, -0.0010000002, 0.175), (-0.206, -0.008, 0), (-0.20552, -0.0077200006, 0.035), (-0.20408002, -0.0068800002, 0.07), (-0.20168, -0.00548, 0.105000004), (-0.19832, -0.0035200003, 0.14), (-0.194, -0.0010000002, 0.175), (-0.19800001, -0.008, 0), (-0.19752, -0.0077200006, 0.035), (-0.19608, -0.0068800002, 0.07), (-0.19368, -0.00548, 0.105000004), (-0.19032001, -0.0035200003, 0.14), (-0.186, -0.0010000002, 0.175), (-0.342, 0, 0), (-0.34152, 0.00028, 0.035), (-0.34008002, 0.00112, 0.07), (-0.33768, 0.0025200003, 0.105000004), (-0.33432, 0.00448, 0.14), (-0.33, 0.007, 0.175), (-0.33400002, 0, 0), (-0.33352, 0.00028, 0.035), (-0.33208, 0.00112, 0.07), (-0.32968003, 0.0025200003, 0.105000004), (-0.32632002, 0.00448, 0.14), (-0.32200003, 0.007, 0.175), (-0.326, 0, 0), (-0.32552, 0.00028, 0.035), (-0.32408002, 0.00112, 0.07), (-0.32168, 0.0025200003, 0.105000004), (-0.31832, 0.00448, 0.14), (-0.314, 0.007, 0.175), (-0.31800002, 0, 0), (-0.31752002, 0.00028, 0.035), (-0.31608, 0.00112, 0.07), (-0.31368002, 0.0025200003, 0.105000004), (-0.31032002, 0.00448, 0.14), (-0.306, 0.007, 0.175), (-0.31, 0, 0), (-0.30952, 0.00028, 0.035), (-0.30808002, 0.00112, 0.07), (-0.30568, 0.0025200003, 0.105000004), (-0.30232, 0.00448, 0.14), (-0.298, 0.007, 0.175), (-0.30200002, 0, 0), (-0.30152002, 0.00028, 0.035), (-0.30008, 0.00112, 0.07), (-0.29768002, 0.0025200003, 0.105000004), (-0.29432002, 0.00448, 0.14), (-0.29000002, 0.007, 0.175), (-0.294, 0, 0), (-0.29352, 0.00028, 0.035), (-0.29208001, 0.00112, 0.07), (-0.28968, 0.0025200003, 0.105000004), (-0.28632, 0.00448, 0.14), (-0.282, 0.007, 0.175), (-0.286, 0, 0), (-0.28552002, 0.00028, 0.035), (-0.28408, 0.00112, 0.07), (-0.28168002, 0.0025200003, 0.105000004), (-0.27832, 0.00448, 0.14), (-0.27400002, 0.007, 0.175), (-0.278, 0, 0), (-0.27752, 0.00028, 0.035), (-0.27608, 0.00112, 0.07), (-0.27368, 0.0025200003, 0.105000004), (-0.27032, 0.00448, 0.14), (-0.266, 0.007, 0.175), (-0.27, 0, 0), (-0.26952, 0.00028, 0.035), (-0.26808, 0.00112, 0.07), (-0.26568002, 0.0025200003, 0.105000004), (-0.26232, 0.00448, 0.14), (-0.25800002, 0.007, 0.175), (-0.26200002, 0, 0), (-0.26152, 0.00028, 0.035), (-0.26008, 0.00112, 0.07), (-0.25768, 0.0025200003, 0.105000004), (-0.25432003, 0.00448, 0.14), (-0.25, 0.007, 0.175), (-0.254, 0, 0), (-0.25352, 0.00028, 0.035), (-0.25208002, 0.00112, 0.07), (-0.24968001, 0.0025200003, 0.105000004), (-0.24632001, 0.00448, 0.14), (-0.24200001, 0.007, 0.175), (-0.246, 0, 0), (-0.24552001, 0.00028, 0.035), (-0.24408, 0.00112, 0.07), (-0.24168001, 0.0025200003, 0.105000004), (-0.23832001, 0.00448, 0.14), (-0.23400001, 0.007, 0.175), (-0.238, 0, 0), (-0.23752001, 0.00028, 0.035), (-0.23608, 0.00112, 0.07), (-0.23368001, 0.0025200003, 0.105000004), (-0.23032, 0.00448, 0.14), (-0.22600001, 0.007, 0.175), (-0.23, 0, 0), (-0.22952001, 0.00028, 0.035), (-0.22808, 0.00112, 0.07), (-0.22568001, 0.0025200003, 0.105000004), (-0.22232, 0.00448, 0.14), (-0.21800001, 0.007, 0.175), (-0.222, 0, 0), (-0.22152, 0.00028, 0.035), (-0.22008002, 0.00112, 0.07), (-0.21768, 0.0025200003, 0.105000004), (-0.21432, 0.00448, 0.14), (-0.21000001, 0.007, 0.175), (-0.21400002, 0, 0), (-0.21352, 0.00028, 0.035), (-0.21208, 0.00112, 0.07), (-0.20968, 0.0025200003, 0.105000004), (-0.20632002, 0.00448, 0.14), (-0.202, 0.007, 0.175), (-0.206, 0, 0), (-0.20552, 0.00028, 0.035), (-0.20408002, 0.00112, 0.07), (-0.20168, 0.0025200003, 0.105000004), (-0.19832, 0.00448, 0.14), (-0.194, 0.007, 0.175), (-0.19800001, 0, 0), (-0.19752, 0.00028, 0.035), (-0.19608, 0.00112, 0.07), (-0.19368, 0.0025200003, 0.105000004), (-0.19032001, 0.00448, 0.14), (-0.186, 0.007, 0.175), (-0.342, 0.008, 0), (-0.34152, 0.008280001, 0.035), (-0.34008002, 0.0091200005, 0.07), (-0.33768, 0.010520001, 0.105000004), (-0.33432, 0.01248, 0.14), (-0.33, 0.015000001, 0.175), (-0.33400002, 0.008, 0), (-0.33352, 0.008280001, 0.035), (-0.33208, 0.0091200005, 0.07), (-0.32968003, 0.010520001, 0.105000004), (-0.32632002, 0.01248, 0.14), (-0.32200003, 0.015000001, 0.175), (-0.326, 0.008, 0), (-0.32552, 0.008280001, 0.035), (-0.32408002, 0.0091200005, 0.07), (-0.32168, 0.010520001, 0.105000004), (-0.31832, 0.01248, 0.14), (-0.314, 0.015000001, 0.175), (-0.31800002, 0.008, 0), (-0.31752002, 0.008280001, 0.035), (-0.31608, 0.0091200005, 0.07), (-0.31368002, 0.010520001, 0.105000004), (-0.31032002, 0.01248, 0.14), (-0.306, 0.015000001, 0.175), (-0.31, 0.008, 0), (-0.30952, 0.008280001, 0.035), (-0.30808002, 0.0091200005, 0.07), (-0.30568, 0.010520001, 0.105000004), (-0.30232, 0.01248, 0.14), (-0.298, 0.015000001, 0.175), (-0.30200002, 0.008, 0), (-0.30152002, 0.008280001, 0.035), (-0.30008, 0.0091200005, 0.07), (-0.29768002, 0.010520001, 0.105000004), (-0.29432002, 0.01248, 0.14), (-0.29000002, 0.015000001, 0.175), (-0.294, 0.008, 0), (-0.29352, 0.008280001, 0.035), (-0.29208001, 0.0091200005, 0.07), (-0.28968, 0.010520001, 0.105000004), (-0.28632, 0.01248, 0.14), (-0.282, 0.015000001, 0.175), (-0.286, 0.008, 0), (-0.28552002, 0.008280001, 0.035), (-0.28408, 0.0091200005, 0.07), (-0.28168002, 0.010520001, 0.105000004), (-0.27832, 0.01248, 0.14), (-0.27400002, 0.015000001, 0.175), (-0.278, 0.008, 0), (-0.27752, 0.008280001, 0.035), (-0.27608, 0.0091200005, 0.07), (-0.27368, 0.010520001, 0.105000004), (-0.27032, 0.01248, 0.14), (-0.266, 0.015000001, 0.175), (-0.27, 0.008, 0), (-0.26952, 0.008280001, 0.035), (-0.26808, 0.0091200005, 0.07), (-0.26568002, 0.010520001, 0.105000004), (-0.26232, 0.01248, 0.14), (-0.25800002, 0.015000001, 0.175), (-0.26200002, 0.008, 0), (-0.26152, 0.008280001, 0.035), (-0.26008, 0.0091200005, 0.07), (-0.25768, 0.010520001, 0.105000004), (-0.25432003, 0.01248, 0.14), (-0.25, 0.015000001, 0.175), (-0.254, 0.008, 0), (-0.25352, 0.008280001, 0.035), (-0.25208002, 0.0091200005, 0.07), (-0.24968001, 0.010520001, 0.105000004), (-0.24632001, 0.01248, 0.14), (-0.24200001, 0.015000001, 0.175), (-0.246, 0.008, 0), (-0.24552001, 0.008280001, 0.035), (-0.24408, 0.0091200005, 0.07), (-0.24168001, 0.010520001, 0.105000004), (-0.23832001, 0.01248, 0.14), (-0.23400001, 0.015000001, 0.175), (-0.238, 0.008, 0), (-0.23752001, 0.008280001, 0.035), (-0.23608, 0.0091200005, 0.07), (-0.23368001, 0.010520001, 0.105000004), (-0.23032, 0.01248, 0.14), (-0.22600001, 0.015000001, 0.175), (-0.23, 0.008, 0), (-0.22952001, 0.008280001, 0.035), (-0.22808, 0.0091200005, 0.07), (-0.22568001, 0.010520001, 0.105000004), (-0.22232, 0.01248, 0.14), (-0.21800001, 0.015000001, 0.175), (-0.222, 0.008, 0), (-0.22152, 0.008280001, 0.035), (-0.22008002, 0.0091200005, 0.07), (-0.21768, 0.010520001, 0.105000004), (-0.21432, 0.01248, 0.14), (-0.21000001, 0.015000001, 0.175), (-0.21400002, 0.008, 0), (-0.21352, 0.008280001, 0.035), (-0.21208, 0.0091200005, 0.07), (-0.20968, 0.010520001, 0.105000004), (-0.20632002, 0.01248, 0.14), (-0.202, 0.015000001, 0.175), (-0.206, 0.008, 0), (-0.20552, 0.008280001, 0.035), (-0.20408002, 0.0091200005, 0.07), (-0.20168, 0.010520001, 0.105000004), (-0.19832, 0.01248, 0.14), (-0.194, 0.015000001, 0.175), (-0.19800001, 0.008, 0), (-0.19752, 0.008280001, 0.035), (-0.19608, 0.0091200005, 0.07), (-0.19368, 0.010520001, 0.105000004), (-0.19032001, 0.01248, 0.14), (-0.186, 0.015000001, 0.175), (-0.342, 0.016, 0), (-0.34152, 0.016280001, 0.035), (-0.34008002, 0.01712, 0.07), (-0.33768, 0.018520001, 0.105000004), (-0.33432, 0.020480001, 0.14), (-0.33, 0.023000002, 0.175), (-0.33400002, 0.016, 0), (-0.33352, 0.016280001, 0.035), (-0.33208, 0.01712, 0.07), (-0.32968003, 0.018520001, 0.105000004), (-0.32632002, 0.020480001, 0.14), (-0.32200003, 0.023000002, 0.175), (-0.326, 0.016, 0), (-0.32552, 0.016280001, 0.035), (-0.32408002, 0.01712, 0.07), (-0.32168, 0.018520001, 0.105000004), (-0.31832, 0.020480001, 0.14), (-0.314, 0.023000002, 0.175), (-0.31800002, 0.016, 0), (-0.31752002, 0.016280001, 0.035), (-0.31608, 0.01712, 0.07), (-0.31368002, 0.018520001, 0.105000004), (-0.31032002, 0.020480001, 0.14), (-0.306, 0.023000002, 0.175), (-0.31, 0.016, 0), (-0.30952, 0.016280001, 0.035), (-0.30808002, 0.01712, 0.07), (-0.30568, 0.018520001, 0.105000004), (-0.30232, 0.020480001, 0.14), (-0.298, 0.023000002, 0.175), (-0.30200002, 0.016, 0), (-0.30152002, 0.016280001, 0.035), (-0.30008, 0.01712, 0.07), (-0.29768002, 0.018520001, 0.105000004), (-0.29432002, 0.020480001, 0.14), (-0.29000002, 0.023000002, 0.175), (-0.294, 0.016, 0), (-0.29352, 0.016280001, 0.035), (-0.29208001, 0.01712, 0.07), (-0.28968, 0.018520001, 0.105000004), (-0.28632, 0.020480001, 0.14), (-0.282, 0.023000002, 0.175), (-0.286, 0.016, 0), (-0.28552002, 0.016280001, 0.035), (-0.28408, 0.01712, 0.07), (-0.28168002, 0.018520001, 0.105000004), (-0.27832, 0.020480001, 0.14), (-0.27400002, 0.023000002, 0.175), (-0.278, 0.016, 0), (-0.27752, 0.016280001, 0.035), (-0.27608, 0.01712, 0.07), (-0.27368, 0.018520001, 0.105000004), (-0.27032, 0.020480001, 0.14), (-0.266, 0.023000002, 0.175), (-0.27, 0.016, 0), (-0.26952, 0.016280001, 0.035), (-0.26808, 0.01712, 0.07), (-0.26568002, 0.018520001, 0.105000004), (-0.26232, 0.020480001, 0.14), (-0.25800002, 0.023000002, 0.175), (-0.26200002, 0.016, 0), (-0.26152, 0.016280001, 0.035), (-0.26008, 0.01712, 0.07), (-0.25768, 0.018520001, 0.105000004), (-0.25432003, 0.020480001, 0.14), (-0.25, 0.023000002, 0.175), (-0.254, 0.016, 0), (-0.25352, 0.016280001, 0.035), (-0.25208002, 0.01712, 0.07), (-0.24968001, 0.018520001, 0.105000004), (-0.24632001, 0.020480001, 0.14), (-0.24200001, 0.023000002, 0.175), (-0.246, 0.016, 0), (-0.24552001, 0.016280001, 0.035), (-0.24408, 0.01712, 0.07), (-0.24168001, 0.018520001, 0.105000004), (-0.23832001, 0.020480001, 0.14), (-0.23400001, 0.023000002, 0.175), (-0.238, 0.016, 0), (-0.23752001, 0.016280001, 0.035), (-0.23608, 0.01712, 0.07), (-0.23368001, 0.018520001, 0.105000004), (-0.23032, 0.020480001, 0.14), (-0.22600001, 0.023000002, 0.175), (-0.23, 0.016, 0), (-0.22952001, 0.016280001, 0.035), (-0.22808, 0.01712, 0.07), (-0.22568001, 0.018520001, 0.105000004), (-0.22232, 0.020480001, 0.14), (-0.21800001, 0.023000002, 0.175), (-0.222, 0.016, 0), (-0.22152, 0.016280001, 0.035), (-0.22008002, 0.01712, 0.07), (-0.21768, 0.018520001, 0.105000004), (-0.21432, 0.020480001, 0.14), (-0.21000001, 0.023000002, 0.175), (-0.21400002, 0.016, 0), (-0.21352, 0.016280001, 0.035), (-0.21208, 0.01712, 0.07), (-0.20968, 0.018520001, 0.105000004), (-0.20632002, 0.020480001, 0.14), (-0.202, 0.023000002, 0.175), (-0.206, 0.016, 0), (-0.20552, 0.016280001, 0.035), (-0.20408002, 0.01712, 0.07), (-0.20168, 0.018520001, 0.105000004), (-0.19832, 0.020480001, 0.14), (-0.194, 0.023000002, 0.175), (-0.19800001, 0.016, 0), (-0.19752, 0.016280001, 0.035), (-0.19608, 0.01712, 0.07), (-0.19368, 0.018520001, 0.105000004), (-0.19032001, 0.020480001, 0.14), (-0.186, 0.023000002, 0.175), (-0.342, 0.024, 0), (-0.34152, 0.02428, 0.035), (-0.34008002, 0.02512, 0.07), (-0.33768, 0.02652, 0.105000004), (-0.33432, 0.02848, 0.14), (-0.33, 0.031, 0.175), (-0.33400002, 0.024, 0), (-0.33352, 0.02428, 0.035), (-0.33208, 0.02512, 0.07), (-0.32968003, 0.02652, 0.105000004), (-0.32632002, 0.02848, 0.14), (-0.32200003, 0.031, 0.175), (-0.326, 0.024, 0), (-0.32552, 0.02428, 0.035), (-0.32408002, 0.02512, 0.07), (-0.32168, 0.02652, 0.105000004), (-0.31832, 0.02848, 0.14), (-0.314, 0.031, 0.175), (-0.31800002, 0.024, 0), (-0.31752002, 0.02428, 0.035), (-0.31608, 0.02512, 0.07), (-0.31368002, 0.02652, 0.105000004), (-0.31032002, 0.02848, 0.14), (-0.306, 0.031, 0.175), (-0.31, 0.024, 0), (-0.30952, 0.02428, 0.035), (-0.30808002, 0.02512, 0.07), (-0.30568, 0.02652, 0.105000004), (-0.30232, 0.02848, 0.14), (-0.298, 0.031, 0.175), (-0.30200002, 0.024, 0), (-0.30152002, 0.02428, 0.035), (-0.30008, 0.02512, 0.07), (-0.29768002, 0.02652, 0.105000004), (-0.29432002, 0.02848, 0.14), (-0.29000002, 0.031, 0.175), (-0.294, 0.024, 0), (-0.29352, 0.02428, 0.035), (-0.29208001, 0.02512, 0.07), (-0.28968, 0.02652, 0.105000004), (-0.28632, 0.02848, 0.14), (-0.282, 0.031, 0.175), (-0.286, 0.024, 0), (-0.28552002, 0.02428, 0.035), (-0.28408, 0.02512, 0.07), (-0.28168002, 0.02652, 0.105000004), (-0.27832, 0.02848, 0.14), (-0.27400002, 0.031, 0.175), (-0.278, 0.024, 0), (-0.27752, 0.02428, 0.035), (-0.27608, 0.02512, 0.07), (-0.27368, 0.02652, 0.105000004), (-0.27032, 0.02848, 0.14), (-0.266, 0.031, 0.175), (-0.27, 0.024, 0), (-0.26952, 0.02428, 0.035), (-0.26808, 0.02512, 0.07), (-0.26568002, 0.02652, 0.105000004), (-0.26232, 0.02848, 0.14), (-0.25800002, 0.031, 0.175), (-0.26200002, 0.024, 0), (-0.26152, 0.02428, 0.035), (-0.26008, 0.02512, 0.07), (-0.25768, 0.02652, 0.105000004), (-0.25432003, 0.02848, 0.14), (-0.25, 0.031, 0.175), (-0.254, 0.024, 0), (-0.25352, 0.02428, 0.035), (-0.25208002, 0.02512, 0.07), (-0.24968001, 0.02652, 0.105000004), (-0.24632001, 0.02848, 0.14), (-0.24200001, 0.031, 0.175), (-0.246, 0.024, 0), (-0.24552001, 0.02428, 0.035), (-0.24408, 0.02512, 0.07), (-0.24168001, 0.02652, 0.105000004), (-0.23832001, 0.02848, 0.14), (-0.23400001, 0.031, 0.175), (-0.238, 0.024, 0), (-0.23752001, 0.02428, 0.035), (-0.23608, 0.02512, 0.07), (-0.23368001, 0.02652, 0.105000004), (-0.23032, 0.02848, 0.14), (-0.22600001, 0.031, 0.175), (-0.23, 0.024, 0), (-0.22952001, 0.02428, 0.035), (-0.22808, 0.02512, 0.07), (-0.22568001, 0.02652, 0.105000004), (-0.22232, 0.02848, 0.14), (-0.21800001, 0.031, 0.175), (-0.222, 0.024, 0), (-0.22152, 0.02428, 0.035), (-0.22008002, 0.02512, 0.07), (-0.21768, 0.02652, 0.105000004), (-0.21432, 0.02848, 0.14), (-0.21000001, 0.031, 0.175), (-0.21400002, 0.024, 0), (-0.21352, 0.02428, 0.035), (-0.21208, 0.02512, 0.07), (-0.20968, 0.02652, 0.105000004), (-0.20632002, 0.02848, 0.14), (-0.202, 0.031, 0.175), (-0.206, 0.024, 0), (-0.20552, 0.02428, 0.035), (-0.20408002, 0.02512, 0.07), (-0.20168, 0.02652, 0.105000004), (-0.19832, 0.02848, 0.14), (-0.194, 0.031, 0.175), (-0.19800001, 0.024, 0), (-0.19752, 0.02428, 0.035), (-0.19608, 0.02512, 0.07), (-0.19368, 0.02652, 0.105000004), (-0.19032001, 0.02848, 0.14), (-0.186, 0.031, 0.175), (-0.342, 0.032, 0), (-0.34152, 0.03228, 0.035), (-0.34008002, 0.033120003, 0.07), (-0.33768, 0.03452, 0.105000004), (-0.33432, 0.036480002, 0.14), (-0.33, 0.039, 0.175), (-0.33400002, 0.032, 0), (-0.33352, 0.03228, 0.035), (-0.33208, 0.033120003, 0.07), (-0.32968003, 0.03452, 0.105000004), (-0.32632002, 0.036480002, 0.14), (-0.32200003, 0.039, 0.175), (-0.326, 0.032, 0), (-0.32552, 0.03228, 0.035), (-0.32408002, 0.033120003, 0.07), (-0.32168, 0.03452, 0.105000004), (-0.31832, 0.036480002, 0.14), (-0.314, 0.039, 0.175), (-0.31800002, 0.032, 0), (-0.31752002, 0.03228, 0.035), (-0.31608, 0.033120003, 0.07), (-0.31368002, 0.03452, 0.105000004), (-0.31032002, 0.036480002, 0.14), (-0.306, 0.039, 0.175), (-0.31, 0.032, 0), (-0.30952, 0.03228, 0.035), (-0.30808002, 0.033120003, 0.07), (-0.30568, 0.03452, 0.105000004), (-0.30232, 0.036480002, 0.14), (-0.298, 0.039, 0.175), (-0.30200002, 0.032, 0), (-0.30152002, 0.03228, 0.035), (-0.30008, 0.033120003, 0.07), (-0.29768002, 0.03452, 0.105000004), (-0.29432002, 0.036480002, 0.14), (-0.29000002, 0.039, 0.175), (-0.294, 0.032, 0), (-0.29352, 0.03228, 0.035), (-0.29208001, 0.033120003, 0.07), (-0.28968, 0.03452, 0.105000004), (-0.28632, 0.036480002, 0.14), (-0.282, 0.039, 0.175), (-0.286, 0.032, 0), (-0.28552002, 0.03228, 0.035), (-0.28408, 0.033120003, 0.07), (-0.28168002, 0.03452, 0.105000004), (-0.27832, 0.036480002, 0.14), (-0.27400002, 0.039, 0.175), (-0.278, 0.032, 0), (-0.27752, 0.03228, 0.035), (-0.27608, 0.033120003, 0.07), (-0.27368, 0.03452, 0.105000004), (-0.27032, 0.036480002, 0.14), (-0.266, 0.039, 0.175), (-0.27, 0.032, 0), (-0.26952, 0.03228, 0.035), (-0.26808, 0.033120003, 0.07), (-0.26568002, 0.03452, 0.105000004), (-0.26232, 0.036480002, 0.14), (-0.25800002, 0.039, 0.175), (-0.26200002, 0.032, 0), (-0.26152, 0.03228, 0.035), (-0.26008, 0.033120003, 0.07), (-0.25768, 0.03452, 0.105000004), (-0.25432003, 0.036480002, 0.14), (-0.25, 0.039, 0.175), (-0.254, 0.032, 0), (-0.25352, 0.03228, 0.035), (-0.25208002, 0.033120003, 0.07), (-0.24968001, 0.03452, 0.105000004), (-0.24632001, 0.036480002, 0.14), (-0.24200001, 0.039, 0.175), (-0.246, 0.032, 0), (-0.24552001, 0.03228, 0.035), (-0.24408, 0.033120003, 0.07), (-0.24168001, 0.03452, 0.105000004), (-0.23832001, 0.036480002, 0.14), (-0.23400001, 0.039, 0.175), (-0.238, 0.032, 0), (-0.23752001, 0.03228, 0.035), (-0.23608, 0.033120003, 0.07), (-0.23368001, 0.03452, 0.105000004), (-0.23032, 0.036480002, 0.14), (-0.22600001, 0.039, 0.175), (-0.23, 0.032, 0), (-0.22952001, 0.03228, 0.035), (-0.22808, 0.033120003, 0.07), (-0.22568001, 0.03452, 0.105000004), (-0.22232, 0.036480002, 0.14), (-0.21800001, 0.039, 0.175), (-0.222, 0.032, 0), (-0.22152, 0.03228, 0.035), (-0.22008002, 0.033120003, 0.07), (-0.21768, 0.03452, 0.105000004), (-0.21432, 0.036480002, 0.14), (-0.21000001, 0.039, 0.175), (-0.21400002, 0.032, 0), (-0.21352, 0.03228, 0.035), (-0.21208, 0.033120003, 0.07), (-0.20968, 0.03452, 0.105000004), (-0.20632002, 0.036480002, 0.14), (-0.202, 0.039, 0.175), (-0.206, 0.032, 0), (-0.20552, 0.03228, 0.035), (-0.20408002, 0.033120003, 0.07), (-0.20168, 0.03452, 0.105000004), (-0.19832, 0.036480002, 0.14), (-0.194, 0.039, 0.175), (-0.19800001, 0.032, 0), (-0.19752, 0.03228, 0.035), (-0.19608, 0.033120003, 0.07), (-0.19368, 0.03452, 0.105000004), (-0.19032001, 0.036480002, 0.14), (-0.186, 0.039, 0.175), (-0.342, 0.040000003, 0), (-0.34152, 0.040280003, 0.035), (-0.34008002, 0.041120004, 0.07), (-0.33768, 0.04252, 0.105000004), (-0.33432, 0.044480003, 0.14), (-0.33, 0.047000002, 0.175), (-0.33400002, 0.040000003, 0), (-0.33352, 0.040280003, 0.035), (-0.33208, 0.041120004, 0.07), (-0.32968003, 0.04252, 0.105000004), (-0.32632002, 0.044480003, 0.14), (-0.32200003, 0.047000002, 0.175), (-0.326, 0.040000003, 0), (-0.32552, 0.040280003, 0.035), (-0.32408002, 0.041120004, 0.07), (-0.32168, 0.04252, 0.105000004), (-0.31832, 0.044480003, 0.14), (-0.314, 0.047000002, 0.175), (-0.31800002, 0.040000003, 0), (-0.31752002, 0.040280003, 0.035), (-0.31608, 0.041120004, 0.07), (-0.31368002, 0.04252, 0.105000004), (-0.31032002, 0.044480003, 0.14), (-0.306, 0.047000002, 0.175), (-0.31, 0.040000003, 0), (-0.30952, 0.040280003, 0.035), (-0.30808002, 0.041120004, 0.07), (-0.30568, 0.04252, 0.105000004), (-0.30232, 0.044480003, 0.14), (-0.298, 0.047000002, 0.175), (-0.30200002, 0.040000003, 0), (-0.30152002, 0.040280003, 0.035), (-0.30008, 0.041120004, 0.07), (-0.29768002, 0.04252, 0.105000004), (-0.29432002, 0.044480003, 0.14), (-0.29000002, 0.047000002, 0.175), (-0.294, 0.040000003, 0), (-0.29352, 0.040280003, 0.035), (-0.29208001, 0.041120004, 0.07), (-0.28968, 0.04252, 0.105000004), (-0.28632, 0.044480003, 0.14), (-0.282, 0.047000002, 0.175), (-0.286, 0.040000003, 0), (-0.28552002, 0.040280003, 0.035), (-0.28408, 0.041120004, 0.07), (-0.28168002, 0.04252, 0.105000004), (-0.27832, 0.044480003, 0.14), (-0.27400002, 0.047000002, 0.175), (-0.278, 0.040000003, 0), (-0.27752, 0.040280003, 0.035), (-0.27608, 0.041120004, 0.07), (-0.27368, 0.04252, 0.105000004), (-0.27032, 0.044480003, 0.14), (-0.266, 0.047000002, 0.175), (-0.27, 0.040000003, 0), (-0.26952, 0.040280003, 0.035), (-0.26808, 0.041120004, 0.07), (-0.26568002, 0.04252, 0.105000004), (-0.26232, 0.044480003, 0.14), (-0.25800002, 0.047000002, 0.175), (-0.26200002, 0.040000003, 0), (-0.26152, 0.040280003, 0.035), (-0.26008, 0.041120004, 0.07), (-0.25768, 0.04252, 0.105000004), (-0.25432003, 0.044480003, 0.14), (-0.25, 0.047000002, 0.175), (-0.254, 0.040000003, 0), (-0.25352, 0.040280003, 0.035), (-0.25208002, 0.041120004, 0.07), (-0.24968001, 0.04252, 0.105000004), (-0.24632001, 0.044480003, 0.14), (-0.24200001, 0.047000002, 0.175), (-0.246, 0.040000003, 0), (-0.24552001, 0.040280003, 0.035), (-0.24408, 0.041120004, 0.07), (-0.24168001, 0.04252, 0.105000004), (-0.23832001, 0.044480003, 0.14), (-0.23400001, 0.047000002, 0.175), (-0.238, 0.040000003, 0), (-0.23752001, 0.040280003, 0.035), (-0.23608, 0.041120004, 0.07), (-0.23368001, 0.04252, 0.105000004), (-0.23032, 0.044480003, 0.14), (-0.22600001, 0.047000002, 0.175), (-0.23, 0.040000003, 0), (-0.22952001, 0.040280003, 0.035), (-0.22808, 0.041120004, 0.07), (-0.22568001, 0.04252, 0.105000004), (-0.22232, 0.044480003, 0.14), (-0.21800001, 0.047000002, 0.175), (-0.222, 0.040000003, 0), (-0.22152, 0.040280003, 0.035), (-0.22008002, 0.041120004, 0.07), (-0.21768, 0.04252, 0.105000004), (-0.21432, 0.044480003, 0.14), (-0.21000001, 0.047000002, 0.175), (-0.21400002, 0.040000003, 0), (-0.21352, 0.040280003, 0.035), (-0.21208, 0.041120004, 0.07), (-0.20968, 0.04252, 0.105000004), (-0.20632002, 0.044480003, 0.14), (-0.202, 0.047000002, 0.175), (-0.206, 0.040000003, 0), (-0.20552, 0.040280003, 0.035), (-0.20408002, 0.041120004, 0.07), (-0.20168, 0.04252, 0.105000004), (-0.19832, 0.044480003, 0.14), (-0.194, 0.047000002, 0.175), (-0.19800001, 0.040000003, 0), (-0.19752, 0.040280003, 0.035), (-0.19608, 0.041120004, 0.07), (-0.19368, 0.04252, 0.105000004), (-0.19032001, 0.044480003, 0.14), (-0.186, 0.047000002, 0.175), (-0.342, 0.048, 0), (-0.34152, 0.04828, 0.035), (-0.34008002, 0.04912, 0.07), (-0.33768, 0.05052, 0.105000004), (-0.33432, 0.05248, 0.14), (-0.33, 0.055, 0.175), (-0.33400002, 0.048, 0), (-0.33352, 0.04828, 0.035), (-0.33208, 0.04912, 0.07), (-0.32968003, 0.05052, 0.105000004), (-0.32632002, 0.05248, 0.14), (-0.32200003, 0.055, 0.175), (-0.326, 0.048, 0), (-0.32552, 0.04828, 0.035), (-0.32408002, 0.04912, 0.07), (-0.32168, 0.05052, 0.105000004), (-0.31832, 0.05248, 0.14), (-0.314, 0.055, 0.175), (-0.31800002, 0.048, 0), (-0.31752002, 0.04828, 0.035), (-0.31608, 0.04912, 0.07), (-0.31368002, 0.05052, 0.105000004), (-0.31032002, 0.05248, 0.14), (-0.306, 0.055, 0.175), (-0.31, 0.048, 0), (-0.30952, 0.04828, 0.035), (-0.30808002, 0.04912, 0.07), (-0.30568, 0.05052, 0.105000004), (-0.30232, 0.05248, 0.14), (-0.298, 0.055, 0.175), (-0.30200002, 0.048, 0), (-0.30152002, 0.04828, 0.035), (-0.30008, 0.04912, 0.07), (-0.29768002, 0.05052, 0.105000004), (-0.29432002, 0.05248, 0.14), (-0.29000002, 0.055, 0.175), (-0.294, 0.048, 0), (-0.29352, 0.04828, 0.035), (-0.29208001, 0.04912, 0.07), (-0.28968, 0.05052, 0.105000004), (-0.28632, 0.05248, 0.14), (-0.282, 0.055, 0.175), (-0.286, 0.048, 0), (-0.28552002, 0.04828, 0.035), (-0.28408, 0.04912, 0.07), (-0.28168002, 0.05052, 0.105000004), (-0.27832, 0.05248, 0.14), (-0.27400002, 0.055, 0.175), (-0.278, 0.048, 0), (-0.27752, 0.04828, 0.035), (-0.27608, 0.04912, 0.07), (-0.27368, 0.05052, 0.105000004), (-0.27032, 0.05248, 0.14), (-0.266, 0.055, 0.175), (-0.27, 0.048, 0), (-0.26952, 0.04828, 0.035), (-0.26808, 0.04912, 0.07), (-0.26568002, 0.05052, 0.105000004), (-0.26232, 0.05248, 0.14), (-0.25800002, 0.055, 0.175), (-0.26200002, 0.048, 0), (-0.26152, 0.04828, 0.035), (-0.26008, 0.04912, 0.07), (-0.25768, 0.05052, 0.105000004), (-0.25432003, 0.05248, 0.14), (-0.25, 0.055, 0.175), (-0.254, 0.048, 0), (-0.25352, 0.04828, 0.035), (-0.25208002, 0.04912, 0.07), (-0.24968001, 0.05052, 0.105000004), (-0.24632001, 0.05248, 0.14), (-0.24200001, 0.055, 0.175), (-0.246, 0.048, 0), (-0.24552001, 0.04828, 0.035), (-0.24408, 0.04912, 0.07), (-0.24168001, 0.05052, 0.105000004), (-0.23832001, 0.05248, 0.14), (-0.23400001, 0.055, 0.175), (-0.238, 0.048, 0), (-0.23752001, 0.04828, 0.035), (-0.23608, 0.04912, 0.07), (-0.23368001, 0.05052, 0.105000004), (-0.23032, 0.05248, 0.14), (-0.22600001, 0.055, 0.175), (-0.23, 0.048, 0), (-0.22952001, 0.04828, 0.035), (-0.22808, 0.04912, 0.07), (-0.22568001, 0.05052, 0.105000004), (-0.22232, 0.05248, 0.14), (-0.21800001, 0.055, 0.175), (-0.222, 0.048, 0), (-0.22152, 0.04828, 0.035), (-0.22008002, 0.04912, 0.07), (-0.21768, 0.05052, 0.105000004), (-0.21432, 0.05248, 0.14), (-0.21000001, 0.055, 0.175), (-0.21400002, 0.048, 0), (-0.21352, 0.04828, 0.035), (-0.21208, 0.04912, 0.07), (-0.20968, 0.05052, 0.105000004), (-0.20632002, 0.05248, 0.14), (-0.202, 0.055, 0.175), (-0.206, 0.048, 0), (-0.20552, 0.04828, 0.035), (-0.20408002, 0.04912, 0.07), (-0.20168, 0.05052, 0.105000004), (-0.19832, 0.05248, 0.14), (-0.194, 0.055, 0.175), (-0.19800001, 0.048, 0), (-0.19752, 0.04828, 0.035), (-0.19608, 0.04912, 0.07), (-0.19368, 0.05052, 0.105000004), (-0.19032001, 0.05248, 0.14), (-0.186, 0.055, 0.175), (-0.342, 0.056, 0), (-0.34152, 0.056280002, 0.035), (-0.34008002, 0.057120003, 0.07), (-0.33768, 0.05852, 0.105000004), (-0.33432, 0.060480002, 0.14), (-0.33, 0.063, 0.175), (-0.33400002, 0.056, 0), (-0.33352, 0.056280002, 0.035), (-0.33208, 0.057120003, 0.07), (-0.32968003, 0.05852, 0.105000004), (-0.32632002, 0.060480002, 0.14), (-0.32200003, 0.063, 0.175), (-0.326, 0.056, 0), (-0.32552, 0.056280002, 0.035), (-0.32408002, 0.057120003, 0.07), (-0.32168, 0.05852, 0.105000004), (-0.31832, 0.060480002, 0.14), (-0.314, 0.063, 0.175), (-0.31800002, 0.056, 0), (-0.31752002, 0.056280002, 0.035), (-0.31608, 0.057120003, 0.07), (-0.31368002, 0.05852, 0.105000004), (-0.31032002, 0.060480002, 0.14), (-0.306, 0.063, 0.175), (-0.31, 0.056, 0), (-0.30952, 0.056280002, 0.035), (-0.30808002, 0.057120003, 0.07), (-0.30568, 0.05852, 0.105000004), (-0.30232, 0.060480002, 0.14), (-0.298, 0.063, 0.175), (-0.30200002, 0.056, 0), (-0.30152002, 0.056280002, 0.035), (-0.30008, 0.057120003, 0.07), (-0.29768002, 0.05852, 0.105000004), (-0.29432002, 0.060480002, 0.14), (-0.29000002, 0.063, 0.175), (-0.294, 0.056, 0), (-0.29352, 0.056280002, 0.035), (-0.29208001, 0.057120003, 0.07), (-0.28968, 0.05852, 0.105000004), (-0.28632, 0.060480002, 0.14), (-0.282, 0.063, 0.175), (-0.286, 0.056, 0), (-0.28552002, 0.056280002, 0.035), (-0.28408, 0.057120003, 0.07), (-0.28168002, 0.05852, 0.105000004), (-0.27832, 0.060480002, 0.14), (-0.27400002, 0.063, 0.175), (-0.278, 0.056, 0), (-0.27752, 0.056280002, 0.035), (-0.27608, 0.057120003, 0.07), (-0.27368, 0.05852, 0.105000004), (-0.27032, 0.060480002, 0.14), (-0.266, 0.063, 0.175), (-0.27, 0.056, 0), (-0.26952, 0.056280002, 0.035), (-0.26808, 0.057120003, 0.07), (-0.26568002, 0.05852, 0.105000004), (-0.26232, 0.060480002, 0.14), (-0.25800002, 0.063, 0.175), (-0.26200002, 0.056, 0), (-0.26152, 0.056280002, 0.035), (-0.26008, 0.057120003, 0.07), (-0.25768, 0.05852, 0.105000004), (-0.25432003, 0.060480002, 0.14), (-0.25, 0.063, 0.175), (-0.254, 0.056, 0), (-0.25352, 0.056280002, 0.035), (-0.25208002, 0.057120003, 0.07), (-0.24968001, 0.05852, 0.105000004), (-0.24632001, 0.060480002, 0.14), (-0.24200001, 0.063, 0.175), (-0.246, 0.056, 0), (-0.24552001, 0.056280002, 0.035), (-0.24408, 0.057120003, 0.07), (-0.24168001, 0.05852, 0.105000004), (-0.23832001, 0.060480002, 0.14), (-0.23400001, 0.063, 0.175), (-0.238, 0.056, 0), (-0.23752001, 0.056280002, 0.035), (-0.23608, 0.057120003, 0.07), (-0.23368001, 0.05852, 0.105000004), (-0.23032, 0.060480002, 0.14), (-0.22600001, 0.063, 0.175), (-0.23, 0.056, 0), (-0.22952001, 0.056280002, 0.035), (-0.22808, 0.057120003, 0.07), (-0.22568001, 0.05852, 0.105000004), (-0.22232, 0.060480002, 0.14), (-0.21800001, 0.063, 0.175), (-0.222, 0.056, 0), (-0.22152, 0.056280002, 0.035), (-0.22008002, 0.057120003, 0.07), (-0.21768, 0.05852, 0.105000004), (-0.21432, 0.060480002, 0.14), (-0.21000001, 0.063, 0.175), (-0.21400002, 0.056, 0), (-0.21352, 0.056280002, 0.035), (-0.21208, 0.057120003, 0.07), (-0.20968, 0.05852, 0.105000004), (-0.20632002, 0.060480002, 0.14), (-0.202, 0.063, 0.175), (-0.206, 0.056, 0), (-0.20552, 0.056280002, 0.035), (-0.20408002, 0.057120003, 0.07), (-0.20168, 0.05852, 0.105000004), (-0.19832, 0.060480002, 0.14), (-0.194, 0.063, 0.175), (-0.19800001, 0.056, 0), (-0.19752, 0.056280002, 0.035), (-0.19608, 0.057120003, 0.07), (-0.19368, 0.05852, 0.105000004), (-0.19032001, 0.060480002, 0.14), (-0.186, 0.063, 0.175), (-0.342, 0.064, 0), (-0.34152, 0.06428, 0.035), (-0.34008002, 0.065120004, 0.07), (-0.33768, 0.066520005, 0.105000004), (-0.33432, 0.06848, 0.14), (-0.33, 0.071, 0.175), (-0.33400002, 0.064, 0), (-0.33352, 0.06428, 0.035), (-0.33208, 0.065120004, 0.07), (-0.32968003, 0.066520005, 0.105000004), (-0.32632002, 0.06848, 0.14), (-0.32200003, 0.071, 0.175), (-0.326, 0.064, 0), (-0.32552, 0.06428, 0.035), (-0.32408002, 0.065120004, 0.07), (-0.32168, 0.066520005, 0.105000004), (-0.31832, 0.06848, 0.14), (-0.314, 0.071, 0.175), (-0.31800002, 0.064, 0), (-0.31752002, 0.06428, 0.035), (-0.31608, 0.065120004, 0.07), (-0.31368002, 0.066520005, 0.105000004), (-0.31032002, 0.06848, 0.14), (-0.306, 0.071, 0.175), (-0.31, 0.064, 0), (-0.30952, 0.06428, 0.035), (-0.30808002, 0.065120004, 0.07), (-0.30568, 0.066520005, 0.105000004), (-0.30232, 0.06848, 0.14), (-0.298, 0.071, 0.175), (-0.30200002, 0.064, 0), (-0.30152002, 0.06428, 0.035), (-0.30008, 0.065120004, 0.07), (-0.29768002, 0.066520005, 0.105000004), (-0.29432002, 0.06848, 0.14), (-0.29000002, 0.071, 0.175), (-0.294, 0.064, 0), (-0.29352, 0.06428, 0.035), (-0.29208001, 0.065120004, 0.07), (-0.28968, 0.066520005, 0.105000004), (-0.28632, 0.06848, 0.14), (-0.282, 0.071, 0.175), (-0.286, 0.064, 0), (-0.28552002, 0.06428, 0.035), (-0.28408, 0.065120004, 0.07), (-0.28168002, 0.066520005, 0.105000004), (-0.27832, 0.06848, 0.14), (-0.27400002, 0.071, 0.175), (-0.278, 0.064, 0), (-0.27752, 0.06428, 0.035), (-0.27608, 0.065120004, 0.07), (-0.27368, 0.066520005, 0.105000004), (-0.27032, 0.06848, 0.14), (-0.266, 0.071, 0.175), (-0.27, 0.064, 0), (-0.26952, 0.06428, 0.035), (-0.26808, 0.065120004, 0.07), (-0.26568002, 0.066520005, 0.105000004), (-0.26232, 0.06848, 0.14), (-0.25800002, 0.071, 0.175), (-0.26200002, 0.064, 0), (-0.26152, 0.06428, 0.035), (-0.26008, 0.065120004, 0.07), (-0.25768, 0.066520005, 0.105000004), (-0.25432003, 0.06848, 0.14), (-0.25, 0.071, 0.175), (-0.254, 0.064, 0), (-0.25352, 0.06428, 0.035), (-0.25208002, 0.065120004, 0.07), (-0.24968001, 0.066520005, 0.105000004), (-0.24632001, 0.06848, 0.14), (-0.24200001, 0.071, 0.175), (-0.246, 0.064, 0), (-0.24552001, 0.06428, 0.035), (-0.24408, 0.065120004, 0.07), (-0.24168001, 0.066520005, 0.105000004), (-0.23832001, 0.06848, 0.14), (-0.23400001, 0.071, 0.175), (-0.238, 0.064, 0), (-0.23752001, 0.06428, 0.035), (-0.23608, 0.065120004, 0.07), (-0.23368001, 0.066520005, 0.105000004), (-0.23032, 0.06848, 0.14), (-0.22600001, 0.071, 0.175), (-0.23, 0.064, 0), (-0.22952001, 0.06428, 0.035), (-0.22808, 0.065120004, 0.07), (-0.22568001, 0.066520005, 0.105000004), (-0.22232, 0.06848, 0.14), (-0.21800001, 0.071, 0.175), (-0.222, 0.064, 0), (-0.22152, 0.06428, 0.035), (-0.22008002, 0.065120004, 0.07), (-0.21768, 0.066520005, 0.105000004), (-0.21432, 0.06848, 0.14), (-0.21000001, 0.071, 0.175), (-0.21400002, 0.064, 0), (-0.21352, 0.06428, 0.035), (-0.21208, 0.065120004, 0.07), (-0.20968, 0.066520005, 0.105000004), (-0.20632002, 0.06848, 0.14), (-0.202, 0.071, 0.175), (-0.206, 0.064, 0), (-0.20552, 0.06428, 0.035), (-0.20408002, 0.065120004, 0.07), (-0.20168, 0.066520005, 0.105000004), (-0.19832, 0.06848, 0.14), (-0.194, 0.071, 0.175), (-0.19800001, 0.064, 0), (-0.19752, 0.06428, 0.035), (-0.19608, 0.065120004, 0.07), (-0.19368, 0.066520005, 0.105000004), (-0.19032001, 0.06848, 0.14), (-0.186, 0.071, 0.175), (-0.342, 0.072000004, 0), (-0.34152, 0.072280005, 0.035), (-0.34008002, 0.073120005, 0.07), (-0.33768, 0.07452001, 0.105000004), (-0.33432, 0.07648, 0.14), (-0.33, 0.079, 0.175), (-0.33400002, 0.072000004, 0), (-0.33352, 0.072280005, 0.035), (-0.33208, 0.073120005, 0.07), (-0.32968003, 0.07452001, 0.105000004), (-0.32632002, 0.07648, 0.14), (-0.32200003, 0.079, 0.175), (-0.326, 0.072000004, 0), (-0.32552, 0.072280005, 0.035), (-0.32408002, 0.073120005, 0.07), (-0.32168, 0.07452001, 0.105000004), (-0.31832, 0.07648, 0.14), (-0.314, 0.079, 0.175), (-0.31800002, 0.072000004, 0), (-0.31752002, 0.072280005, 0.035), (-0.31608, 0.073120005, 0.07), (-0.31368002, 0.07452001, 0.105000004), (-0.31032002, 0.07648, 0.14), (-0.306, 0.079, 0.175), (-0.31, 0.072000004, 0), (-0.30952, 0.072280005, 0.035), (-0.30808002, 0.073120005, 0.07), (-0.30568, 0.07452001, 0.105000004), (-0.30232, 0.07648, 0.14), (-0.298, 0.079, 0.175), (-0.30200002, 0.072000004, 0), (-0.30152002, 0.072280005, 0.035), (-0.30008, 0.073120005, 0.07), (-0.29768002, 0.07452001, 0.105000004), (-0.29432002, 0.07648, 0.14), (-0.29000002, 0.079, 0.175), (-0.294, 0.072000004, 0), (-0.29352, 0.072280005, 0.035), (-0.29208001, 0.073120005, 0.07), (-0.28968, 0.07452001, 0.105000004), (-0.28632, 0.07648, 0.14), (-0.282, 0.079, 0.175), (-0.286, 0.072000004, 0), (-0.28552002, 0.072280005, 0.035), (-0.28408, 0.073120005, 0.07), (-0.28168002, 0.07452001, 0.105000004), (-0.27832, 0.07648, 0.14), (-0.27400002, 0.079, 0.175), (-0.278, 0.072000004, 0), (-0.27752, 0.072280005, 0.035), (-0.27608, 0.073120005, 0.07), (-0.27368, 0.07452001, 0.105000004), (-0.27032, 0.07648, 0.14), (-0.266, 0.079, 0.175), (-0.27, 0.072000004, 0), (-0.26952, 0.072280005, 0.035), (-0.26808, 0.073120005, 0.07), (-0.26568002, 0.07452001, 0.105000004), (-0.26232, 0.07648, 0.14), (-0.25800002, 0.079, 0.175), (-0.26200002, 0.072000004, 0), (-0.26152, 0.072280005, 0.035), (-0.26008, 0.073120005, 0.07), (-0.25768, 0.07452001, 0.105000004), (-0.25432003, 0.07648, 0.14), (-0.25, 0.079, 0.175), (-0.254, 0.072000004, 0), (-0.25352, 0.072280005, 0.035), (-0.25208002, 0.073120005, 0.07), (-0.24968001, 0.07452001, 0.105000004), (-0.24632001, 0.07648, 0.14), (-0.24200001, 0.079, 0.175), (-0.246, 0.072000004, 0), (-0.24552001, 0.072280005, 0.035), (-0.24408, 0.073120005, 0.07), (-0.24168001, 0.07452001, 0.105000004), (-0.23832001, 0.07648, 0.14), (-0.23400001, 0.079, 0.175), (-0.238, 0.072000004, 0), (-0.23752001, 0.072280005, 0.035), (-0.23608, 0.073120005, 0.07), (-0.23368001, 0.07452001, 0.105000004), (-0.23032, 0.07648, 0.14), (-0.22600001, 0.079, 0.175), (-0.23, 0.072000004, 0), (-0.22952001, 0.072280005, 0.035), (-0.22808, 0.073120005, 0.07), (-0.22568001, 0.07452001, 0.105000004), (-0.22232, 0.07648, 0.14), (-0.21800001, 0.079, 0.175), (-0.222, 0.072000004, 0), (-0.22152, 0.072280005, 0.035), (-0.22008002, 0.073120005, 0.07), (-0.21768, 0.07452001, 0.105000004), (-0.21432, 0.07648, 0.14), (-0.21000001, 0.079, 0.175), (-0.21400002, 0.072000004, 0), (-0.21352, 0.072280005, 0.035), (-0.21208, 0.073120005, 0.07), (-0.20968, 0.07452001, 0.105000004), (-0.20632002, 0.07648, 0.14), (-0.202, 0.079, 0.175), (-0.206, 0.072000004, 0), (-0.20552, 0.072280005, 0.035), (-0.20408002, 0.073120005, 0.07), (-0.20168, 0.07452001, 0.105000004), (-0.19832, 0.07648, 0.14), (-0.194, 0.079, 0.175), (-0.19800001, 0.072000004, 0), (-0.19752, 0.072280005, 0.035), (-0.19608, 0.073120005, 0.07), (-0.19368, 0.07452001, 0.105000004), (-0.19032001, 0.07648, 0.14), (-0.186, 0.079, 0.175)]
        color3f[] primvars:displayColor = [(0.48, 0.32, 0.23), (0.48, 0.32, 0.23), (0.48, 0.32, 0.23), (0.48, 0.32, 0.23), (0.48, 0.32, 0.23), (0.48, 0.32, 0.23), (0.48, 0.32, 0.23), (0.48, 0.32, 0.23), (0.48, 0.32, 0.23), (0.48, 0.32, 0.23), (0.48, 0.32, 0.23), (0.48, 0.32, 0.23), (0.48, 0.32, 0.23), (0.48, 0.32, 0.23), (0.48, 0.32, 0.23), (0.48, 0.32, 0.23), (0.48, 0.32, 0.23), (0.48, 0.32, 0.23), (0.48, 0.32, 0.23), (0.48, 0.32, 0.23), (0.48, 0.32, 0.23), (0.48, 0.32, 0.23), (0.48, 0.32, 0.23), (0.48, 0.32, 0.23), (0.48, 0.32, 0.23), (0.48, 0.32, 0.23), (0.48, 0.32, 0.23), (0.48, 0.32, 0.23), (0.48, 0.32, 0.23), (0.48, 0.32, 0.23), (0.48, 0.32, 0.23), (0.48, 0.32, 0.23), (0.48, 0.32, 0.23), (0.48, 0.32, 0.23), (0.48, 0.32, 0.23), (0.48, 0.32, 0.23), (0.48, 0.32, 0.23), (0.48, 0.32, 0.23), (0.48, 0.32, 0.23), (0.48, 0.32, 0.23), (0.48, 0.32, 0.23), (0.48, 0.32, 0.23), (0.48, 0.32, 0.23), (0.48, 0.32, 0.23), (0.48, 0.32, 0.23), (0.48, 0.32, 0.23), (0.48, 0.32, 0.23), (0.48, 0.32, 0.23), (0.48, 0.32, 0.23), (0.48, 0.32, 0.23), (0.48, 0.32, 0.23), (0.48, 0.32, 0.23), (0.48, 0.32, 0.23), (0.48, 0.32, 0.23), (0.48, 0.32, 0.23), (0.48, 0.32, 0.23), (0.48, 0.32, 0.23), (0.48, 0.32, 0.23), (0.48, 0.32, 0.23), (0.48, 0.32, 0.23), (0.48, 0.32, 0.23), (0.48, 0.32, 0.23), (0.48, 0.32, 0.23), (0.48, 0.32, 0.23), (0.48, 0.32, 0.23), (0.48, 0.32, 0.23), (0.48, 0.32, 0.23), (0.48, 0.32, 0.23), (0.48, 0.32, 0.23), (0.48, 0.32, 0.23), (0.48, 0.32, 0.23), (0.48, 0.32, 0.23), (0.48, 0.32, 0.23), (0.48, 0.32, 0.23), (0.48, 0.32, 0.23), (0.48, 0.32, 0.23), (0.48, 0.32, 0.23), (0.48, 0.32, 0.23), (0.48, 0.32, 0.23), (0.48, 0.32, 0.23), (0.48, 0.32, 0.23), (0.48, 0.32, 0.23), (0.48, 0.32, 0.23), (0.48, 0.32, 0.23), (0.48, 0.32, 0.23), (0.48, 0.32, 0.23), (0.48, 0.32, 0.23), (0.48, 0.32, 0.23), (0.48, 0.32, 0.23), (0.48, 0.32, 0.23), (0.48, 0.32, 0.23), (0.48, 0.32, 0.23), (0.48, 0.32, 0.23), (0.48, 0.32, 0.23), (0.48, 0.32, 0.23), (0.48, 0.32, 0.23), (0.48, 0.32, 0.23), (0.48, 0.32, 0.23), (0.48, 0.32, 0.23), (0.48, 0.32, 0.23), (0.48, 0.32, 0.23), (0.48, 0.32, 0.23), (0.48, 0.32, 0.23), (0.48, 0.32, 0.23), (0.48, 0.32, 0.23), (0.48, 0.32, 0.23), (0.48, 0.32, 0.23), (0.48, 0.32, 0.23), (0.48, 0.32, 0.23), (0.48, 0.32, 0.23), (0.48, 0.32, 0.23), (0.48, 0.32, 0.23), (0.48, 0.32, 0.23), (0.48, 0.32, 0.23), (0.48, 0.32, 0.23), (0.48, 0.32, 0.23), (0.48, 0.32, 0.23), (0.48, 0.32, 0.23), (0.48, 0.32, 0.23), (0.48, 0.32, 0.23), (0.48, 0.32, 0.23), (0.48, 0.32, 0.23), (0.48, 0.32, 0.23), (0.48, 0.32, 0.23), (0.48, 0.32, 0.23), (0.48, 0.32, 0.23), (0.48, 0.32, 0.23), (0.48, 0.32, 0.23), (0.48, 0.32, 0.23), (0.48, 0.32, 0.23), (0.48, 0.32, 0.23), (0.48, 0.32, 0.23), (0.48, 0.32, 0.23), (0.48, 0.32, 0.23), (0.48, 0.32, 0.23), (0.48, 0.32, 0.23), (0.48, 0.32, 0.23), (0.48, 0.32, 0.23), (0.48, 0.32, 0.23), (0.48, 0.32, 0.23), (0.48, 0.32, 0.23), (0.48, 0.32, 0.23), (0.48, 0.32, 0.23), (0.48, 0.32, 0.23), (0.48, 0.32, 0.23), (0.48, 0.32, 0.23), (0.48, 0.32, 0.23), (0.48, 0.32, 0.23), (0.48, 0.32, 0.23), (0.48, 0.32, 0.23), (0.48, 0.32, 0.23), (0.48, 0.32, 0.23), (0.48, 0.32, 0.23), (0.48, 0.32, 0.23), (0.48, 0.32, 0.23), (0.48, 0.32, 0.23), (0.48, 0.32, 0.23), (0.48, 0.32, 0.23), (0.48, 0.32, 0.23), (0.48, 0.32, 0.23), (0.48, 0.32, 0.23), (0.48, 0.32, 0.23), (0.48, 0.32, 0.23), (0.48, 0.32, 0.23), (0.48, 0.32, 0.23), (0.48, 0.32, 0.23), (0.48, 0.32, 0.23), (0.48, 0.32, 0.23), (0.48, 0.32, 0.23), (0.48, 0.32, 0.23), (0.48, 0.32, 0.23), (0.48, 0.32, 0.23), (0.48, 0.32, 0.23), (0.48, 0.32, 0.23), (0.48, 0.32, 0.23), (0.48, 0.32, 0.23), (0.48, 0.32, 0.23), (0.48, 0.32, 0.23), (0.48, 0.32, 0.23), (0.48, 0.32, 0.23), (0.48, 0.32, 0.23), (0.48, 0.32, 0.23), (0.48, 0.32, 0.23), (0.48, 0.32, 0.23), (0.48, 0.32, 0.23), (0.48, 0.32, 0.23), (0.48, 0.32, 0.23), (0.48, 0.32, 0.23), (0.48, 0.32, 0.23), (0.48, 0.32, 0.23), (0.48, 0.32, 0.23), (0.48, 0.32, 0.23), (0.48, 0.32, 0.23), (0.48, 0.32, 0.23), (0.48, 0.32, 0.23), (0.48, 0.32, 0.23), (0.48, 0.32, 0.23), (0.48, 0.32, 0.23), (0.48, 0.32, 0.23), (0.48, 0.32, 0.23), (0.48, 0.32, 0.23), (0.48, 0.32, 0.23), (0.48, 0.32, 0.23), (0.48, 0.32, 0.23), (0.48, 0.32, 0.23), (0.48, 0.32, 0.23), (0.48, 0.32, 0.23), (0.48, 0.32, 0.23), (0.48, 0.32, 0.23), (0.48, 0.32, 0.23), (0.48, 0.32, 0.23), (0.48, 0.32, 0.23), (0.48, 0.32, 0.23), (0.48, 0.32, 0.23), (0.48, 0.32, 0.23), (0.48, 0.32, 0.23), (0.48, 0.32, 0.23), (0.48, 0.32, 0.23), (0.48, 0.32, 0.23), (0.48, 0.32, 0.23), (0.48, 0.32, 0.23), (0.48, 0.32, 0.23), (0.48, 0.32, 0.23), (0.48, 0.32, 0.23), (0.48, 0.32, 0.23), (0.48, 0.32, 0.23), (0.48, 0.32, 0.23), (0.48, 0.32, 0.23), (0.48, 0.32, 0.23), (0.48, 0.32, 0.23), (0.48, 0.32, 0.23), (0.48, 0.32, 0.23), (0.48, 0.32, 0.23), (0.48, 0.32, 0.23), (0.48, 0.32, 0.23), (0.48, 0.32, 0.23), (0.48, 0.32, 0.23), (0.48, 0.32, 0.23), (0.48, 0.32, 0.23), (0.48, 0.32, 0.23), (0.48, 0.32, 0.23), (0.48, 0.32, 0.23), (0.48, 0.32, 0.23), (0.48, 0.32, 0.23), (0.48, 0.32, 0.23), (0.48, 0.32, 0.23), (0.48, 0.32, 0.23), (0.48, 0.32, 0.23), (0.48, 0.32, 0.23), (0.48, 0.32, 0.23), (0.48, 0.32, 0.23), (0.48, 0.32, 0.23), (0.48, 0.32, 0.23), (0.48, 0.32, 0.23), (0.48, 0.32, 0.23), (0.48, 0.32, 0.23), (0.48, 0.32, 0.23), (0.48, 0.32, 0.23), (0.48, 0.32, 0.23), (0.48, 0.32, 0.23), (0.48, 0.32, 0.23), (0.48, 0.32, 0.23), (0.48, 0.32, 0.23), (0.48, 0.32, 0.23), (0.48, 0.32, 0.23), (0.48, 0.32, 0.23), (0.48, 0.32, 0.23), (0.48, 0.32, 0.23), (0.48, 0.32, 0.23), (0.48, 0.32, 0.23), (0.48, 0.32, 0.23), (0.48, 0.32, 0.23), (0.48, 0.32, 0.23), (0.48, 0.32, 0.23), (0.48, 0.32, 0.23), (0.48, 0.32, 0.23), (0.48, 0.32, 0.23), (0.48, 0.32, 0.23), (0.48, 0.32, 0.23), (0.48, 0.32, 0.23), (0.48, 0.32, 0.23), (0.48, 0.32, 0.23), (0.48, 0.32, 0.23), (0.48, 0.32, 0.23), (0.48, 0.32, 0.23), (0.48, 0.32, 0.23), (0.48, 0.32, 0.23), (0.48, 0.32, 0.23), (0.48, 0.32, 0.23), (0.48, 0.32, 0.23), (0.48, 0.32, 0.23), (0.48, 0.32, 0.23), (0.48, 0.32, 0.23), (0.48, 0.32, 0.23), (0.48, 0.32, 0.23), (0.48, 0.32, 0.23), (0.48, 0.32, 0.23), (0.48, 0.32, 0.23), (0.48, 0.32, 0.23), (0.48, 0.32, 0.23), (0.48, 0.32, 0.23), (0.48, 0.32, 0.23), (0.48, 0.32, 0.23), (0.48, 0.32, 0.23), (0.48, 0.32, 0.23), (0.48, 0.32, 0.23), (0.48, 0.32, 0.23), (0.48, 0.32, 0.23), (0.48, 0.32, 0.23), (0.48, 0.32, 0.23), (0.48, 0.32, 0.23), (0.48, 0.32, 0.23), (0.48, 0.32, 0.23), (0.48, 0.32, 0.23), (0.48, 0.32, 0.23), (0.48, 0.32, 0.23), (0.48, 0.32, 0.23), (0.48, 0.32, 0.23), (0.48, 0.32, 0.23), (0.48, 0.32, 0.23), (0.48, 0.32, 0.23), (0.48, 0.32, 0.23), (0.48, 0.32, 0.23), (0.48, 0.32, 0.23), (0.48, 0.32, 0.23), (0.48, 0.32, 0.23), (0.48, 0.32, 0.23), (0.48, 0.32, 0.23), (0.48, 0.32, 0.23), (0.48, 0.32, 0.23), (0.48, 0.32, 0.23), (0.48, 0.32, 0.23), (0.48, 0.32, 0.23), (0.48, 0.32, 0.23), (0.48, 0.32, 0.23), (0.48, 0.32, 0.23), (0.48, 0.32, 0.23), (0.48, 0.32, 0.23), (0.48, 0.32, 0.23), (0.48, 0.32, 0.23), (0.48, 0.32, 0.23), (0.48, 0.32, 0.23), (0.48, 0.32, 0.23), (0.48, 0.32, 0.23), (0.48, 0.32, 0.23), (0.48, 0.32, 0.23), (0.48, 0.32, 0.23), (0.48, 0.32, 0.23), (0.48, 0.32, 0.23), (0.48, 0.32, 0.23), (0.48, 0.32, 0.23), (0.48, 0.32, 0.23), (0.48, 0.32, 0.23), (0.48, 0.32, 0.23), (0.48, 0.32, 0.23), (0.48, 0.32, 0.23), (0.48, 0.32, 0.23), (0.48, 0.32, 0.23), (0.48, 0.32, 0.23), (0.48, 0.32, 0.23), (0.48, 0.32, 0.23), (0.48, 0.32, 0.23), (0.48, 0.32, 0.23), (0.48, 0.32, 0.23), (0.48, 0.32, 0.23), (0.48, 0.32, 0.23), (0.48, 0.32, 0.23), (0.48, 0.32, 0.23), (0.48, 0.32, 0.23), (0.48, 0.32, 0.23), (0.48, 0.32, 0.23), (0.48, 0.32, 0.23), (0.48, 0.32, 0.23), (0.48, 0.32, 0.23), (0.48, 0.32, 0.23), (0.48, 0.32, 0.23), (0.48, 0.32, 0.23), (0.48, 0.32, 0.23), (0.48, 0.32, 0.23), (0.48, 0.32, 0.23), (0.48, 0.32, 0.23), (0.48, 0.32, 0.23), (0.48, 0.32, 0.23), (0.48, 0.32, 0.23), (0.48, 0.32, 0.23), (0.48, 0.32, 0.23), (0.48, 0.32, 0.23), (0.48, 0.32, 0.23), (0.48, 0.32, 0.23), (0.48, 0.32, 0.23), (0.48, 0.32, 0.23), (0.48, 0.32, 0.23), (0.48, 0.32, 0.23), (0.48, 0.32, 0.23), (0.48, 0.32, 0.23), (0.48, 0.32, 0.23), (0.48, 0.32, 0.23), (0.48, 0.32, 0.23), (0.48, 0.32, 0.23), (0.48, 0.32, 0.23), (0.48, 0.32, 0.23), (0.48, 0.32, 0.23), (0.48, 0.32, 0.23), (0.48, 0.32, 0.23), (0.48, 0.32, 0.23), (0.48, 0.32, 0.23), (0.48, 0.32, 0.23), (0.48, 0.32, 0.23), (0.48, 0.32, 0.23), (0.48, 0.32, 0.23), (0.48, 0.32, 0.23), (0.48, 0.32, 0.23), (0.48, 0.32, 0.23), (0.48, 0.32, 0.23), (0.48, 0.32, 0.23), (0.48, 0.32, 0.23), (0.48, 0.32, 0.23), (0.48, 0.32, 0.23), (0.48, 0.32, 0.23), (0.48, 0.32, 0.23), (0.48, 0.32, 0.23), (0.48, 0.32, 0.23), (0.48, 0.32, 0.23), (0.48, 0.32, 0.23), (0.48, 0.32, 0.23), (0.48, 0.32, 0.23), (0.48, 0.32, 0.23), (0.48, 0.32, 0.23), (0.48, 0.32, 0.23), (0.48, 0.32, 0.23), (0.48, 0.32, 0.23), (0.48, 0.32, 0.23), (0.48, 0.32, 0.23), (0.48, 0.32, 0.23), (0.48, 0.32, 0.23), (0.48, 0.32, 0.23), (0.48, 0.32, 0.23), (0.48, 0.32, 0.23), (0.48, 0.32, 0.23), (0.48, 0.32, 0.23), (0.48, 0.32, 0.23), (0.48, 0.32, 0.23), (0.48, 0.32, 0.23), (0.48, 0.32, 0.23), (0.48, 0.32, 0.23), (0.48, 0.32, 0.23), (0.48, 0.32, 0.23), (0.48, 0.32, 0.23), (0.48, 0.32, 0.23), (0.48, 0.32, 0.23), (0.48, 0.32, 0.23), (0.48, 0.32, 0.23), (0.48, 0.32, 0.23), (0.48, 0.32, 0.23), (0.48, 0.32, 0.23), (0.48, 0.32, 0.23), (0.48, 0.32, 0.23), (0.48, 0.32, 0.23), (0.48, 0.32, 0.23), (0.48, 0.32, 0.23), (0.48, 0.32, 0.23), (0.48, 0.32, 0.23), (0.48, 0.32, 0.23), (0.48, 0.32, 0.23), (0.48, 0.32, 0.23), (0.48, 0.32, 0.23), (0.48, 0.32, 0.23), (0.48, 0.32, 0.23), (0.48, 0.32, 0.23), (0.48, 0.32, 0.23), (0.48, 0.32, 0.23), (0.48, 0.32, 0.23), (0.48, 0.32, 0.23), (0.48, 0.32, 0.23), (0.48, 0.32, 0.23), (0.48, 0.32, 0.23), (0.48, 0.32, 0.23), (0.48, 0.32, 0.23), (0.48, 0.32, 0.23), (0.48, 0.32, 0.23), (0.48, 0.32, 0.23), (0.48, 0.32, 0.23), (0.48, 0.32, 0.23), (0.48, 0.32, 0.23), (0.48, 0.32, 0.23), (0.48, 0.32, 0.23), (0.48, 0.32, 0.23), (0.48, 0.32, 0.23), (0.48, 0.32, 0.23), (0.48, 0.32, 0.23), (0.48, 0.32, 0.23), (0.48, 0.32, 0.23), (0.48, 0.32, 0.23), (0.48, 0.32, 0.23), (0.48, 0.32, 0.23), (0.48, 0.32, 0.23), (0.48, 0.32, 0.23), (0.48, 0.32, 0.23), (0.48, 0.32, 0.23), (0.48, 0.32, 0.23), (0.48, 0.32, 0.23), (0.48, 0.32, 0.23), (0.48, 0.32, 0.23), (0.48, 0.32, 0.23), (0.48, 0.32, 0.23), (0.48, 0.32, 0.23), (0.48, 0.32, 0.23), (0.48, 0.32, 0.23), (0.48, 0.32, 0.23), (0.48, 0.32, 0.23), (0.48, 0.32, 0.23), (0.48, 0.32, 0.23), (0.48, 0.32, 0.23), (0.48, 0.32, 0.23), (0.48, 0.32, 0.23), (0.48, 0.32, 0.23), (0.48, 0.32, 0.23), (0.48, 0.32, 0.23), (0.48, 0.32, 0.23), (0.48, 0.32, 0.23), (0.48, 0.32, 0.23), (0.48, 0.32, 0.23), (0.48, 0.32, 0.23), (0.48, 0.32, 0.23), (0.48, 0.32, 0.23), (0.48, 0.32, 0.23), (0.48, 0.32, 0.23), (0.48, 0.32, 0.23), (0.48, 0.32, 0.23), (0.48, 0.32, 0.23), (0.48, 0.32, 0.23), (0.48, 0.32, 0.23), (0.48, 0.32, 0.23), (0.48, 0.32, 0.23), (0.48, 0.32, 0.23), (0.48, 0.32, 0.23), (0.48, 0.32, 0.23), (0.48, 0.32, 0.23), (0.48, 0.32, 0.23), (0.48, 0.32, 0.23), (0.48, 0.32, 0.23), (0.48, 0.32, 0.23), (0.48, 0.32, 0.23), (0.48, 0.32, 0.23), (0.48, 0.32, 0.23), (0.48, 0.32, 0.23), (0.48, 0.32, 0.23), (0.48, 0.32, 0.23), (0.48, 0.32, 0.23), (0.48, 0.32, 0.23), (0.48, 0.32, 0.23), (0.48, 0.32, 0.23), (0.48, 0.32, 0.23), (0.48, 0.32, 0.23), (0.48, 0.32, 0.23), (0.48, 0.32, 0.23), (0.48, 0.32, 0.23), (0.48, 0.32, 0.23), (0.48, 0.32, 0.23), (0.48, 0.32, 0.23), (0.48, 0.32, 0.23), (0.48, 0.32, 0.23), (0.48, 0.32, 0.23), (0.48, 0.32, 0.23), (0.48, 0.32, 0.23), (0.48, 0.32, 0.23), (0.48, 0.32, 0.23), (0.48, 0.32, 0.23), (0.48, 0.32, 0.23), (0.48, 0.32, 0.23), (0.48, 0.32, 0.23), (0.48, 0.32, 0.23), (0.48, 0.32, 0.23), (0.48, 0.32, 0.23), (0.48, 0.32, 0.23), (0.48, 0.32, 0.23), (0.48, 0.32, 0.23), (0.48, 0.32, 0.23), (0.48, 0.32, 0.23), (0.48, 0.32, 0.23), (0.48, 0.32, 0.23), (0.48, 0.32, 0.23), (0.48, 0.32, 0.23), (0.48, 0.32, 0.23), (0.48, 0.32, 0.23), (0.48, 0.32, 0.23), (0.48, 0.32, 0.23), (0.48, 0.32, 0.23), (0.48, 0.32, 0.23), (0.48, 0.32, 0.23), (0.48, 0.32, 0.23), (0.48, 0.32, 0.23), (0.48, 0.32, 0.23), (0.48, 0.32, 0.23), (0.48, 0.32, 0.23), (0.48, 0.32, 0.23), (0.48, 0.32, 0.23), (0.48, 0.32, 0.23), (0.48, 0.32, 0.23), (0.48, 0.32, 0.23), (0.48, 0.32, 0.23), (0.48, 0.32, 0.23), (0.48, 0.32, 0.23), (0.48, 0.32, 0.23), (0.48, 0.32, 0.23), (0.48, 0.32, 0.23), (0.48, 0.32, 0.23), (0.48, 0.32, 0.23), (0.48, 0.32, 0.23), (0.48, 0.32, 0.23), (0.48, 0.32, 0.23), (0.48, 0.32, 0.23), (0.48, 0.32, 0.23), (0.48, 0.32, 0.23), (0.48, 0.32, 0.23), (0.48, 0.32, 0.23), (0.48, 0.32, 0.23), (0.48, 0.32, 0.23), (0.48, 0.32, 0.23), (0.48, 0.32, 0.23), (0.48, 0.32, 0.23), (0.48, 0.32, 0.23), (0.48, 0.32, 0.23), (0.48, 0.32, 0.23), (0.48, 0.32, 0.23), (0.48, 0.32, 0.23), (0.48, 0.32, 0.23), (0.48, 0.32, 0.23), (0.48, 0.32, 0.23), (0.48, 0.32, 0.23), (0.48, 0.32, 0.23), (0.48, 0.32, 0.23), (0.48, 0.32, 0.23), (0.48, 0.32, 0.23), (0.48, 0.32, 0.23), (0.48, 0.32, 0.23), (0.48, 0.32, 0.23), (0.48, 0.32, 0.23), (0.48, 0.32, 0.23), (0.48, 0.32, 0.23), (0.48, 0.32, 0.23), (0.48, 0.32, 0.23), (0.48, 0.32, 0.23), (0.48, 0.32, 0.23), (0.48, 0.32, 0.23), (0.48, 0.32, 0.23), (0.48, 0.32, 0.23), (0.48, 0.32, 0.23), (0.48, 0.32, 0.23), (0.48, 0.32, 0.23), (0.48, 0.32, 0.23), (0.48, 0.32, 0.23), (0.48, 0.32, 0.23), (0.48, 0.32, 0.23), (0.48, 0.32, 0.23), (0.48, 0.32, 0.23), (0.48, 0.32, 0.23), (0.48, 0.32, 0.23), (0.48, 0.32, 0.23), (0.48, 0.32, 0.23), (0.48, 0.32, 0.23), (0.48, 0.32, 0.23), (0.48, 0.32, 0.23), (0.48, 0.32, 0.23), (0.48, 0.32, 0.23), (0.48, 0.32, 0.23), (0.48, 0.32, 0.23), (0.48, 0.32, 0.23), (0.48, 0.32, 0.23), (0.48, 0.32, 0.23), (0.48, 0.32, 0.23), (0.48, 0.32, 0.23), (0.48, 0.32, 0.23), (0.48, 0.32, 0.23), (0.48, 0.32, 0.23), (0.48, 0.32, 0.23), (0.48, 0.32, 0.23), (0.48, 0.32, 0.23), (0.48, 0.32, 0.23), (0.48, 0.32, 0.23), (0.48, 0.32, 0.23), (0.48, 0.32, 0.23), (0.48, 0.32, 0.23), (0.48, 0.32, 0.23), (0.48, 0.32, 0.23), (0.48, 0.32, 0.23), (0.48, 0.32, 0.23), (0.48, 0.32, 0.23), (0.48, 0.32, 0.23), (0.48, 0.32, 0.23), (0.48, 0.32, 0.23), (0.48, 0.32, 0.23), (0.48, 0.32, 0.23), (0.48, 0.32, 0.23), (0.48, 0.32, 0.23), (0.48, 0.32, 0.23), (0.48, 0.32, 0.23), (0.48, 0.32, 0.23), (0.48, 0.32, 0.23), (0.48, 0.32, 0.23), (0.48, 0.32, 0.23), (0.48, 0.32, 0.23), (0.48, 0.32, 0.23), (0.48, 0.32, 0.23), (0.48, 0.32, 0.23), (0.48, 0.32, 0.23), (0.48, 0.32, 0.23), (0.48, 0.32, 0.23), (0.48, 0.32, 0.23), (0.48, 0.32, 0.23), (0.48, 0.32, 0.23), (0.48, 0.32, 0.23), (0.48, 0.32, 0.23), (0.48, 0.32, 0.23), (0.48, 0.32, 0.23), (0.48, 0.32, 0.23), (0.48, 0.32, 0.23), (0.48, 0.32, 0.23), (0.48, 0.32, 0.23), (0.48, 0.32, 0.23), (0.48, 0.32, 0.23), (0.48, 0.32, 0.23), (0.48, 0.32, 0.23), (0.48, 0.32, 0.23), (0.48, 0.32, 0.23), (0.48, 0.32, 0.23), (0.48, 0.32, 0.23), (0.48, 0.32, 0.23), (0.48, 0.32, 0.23), (0.48, 0.32, 0.23), (0.48, 0.32, 0.23), (0.48, 0.32, 0.23), (0.48, 0.32, 0.23), (0.48, 0.32, 0.23), (0.48, 0.32, 0.23), (0.48, 0.32, 0.23), (0.48, 0.32, 0.23), (0.48, 0.32, 0.23), (0.48, 0.32, 0.23), (0.48, 0.32, 0.23), (0.48, 0.32, 0.23), (0.48, 0.32, 0.23), (0.48, 0.32, 0.23), (0.48, 0.32, 0.23), (0.48, 0.32, 0.23), (0.48, 0.32, 0.23), (0.48, 0.32, 0.23), (0.48, 0.32, 0.23), (0.48, 0.32, 0.23), (0.48, 0.32, 0.23), (0.48, 0.32, 0.23), (0.48, 0.32, 0.23), (0.48, 0.32, 0.23), (0.48, 0.32, 0.23), (0.48, 0.32, 0.23), (0.48, 0.32, 0.23), (0.48, 0.32, 0.23), (0.48, 0.32, 0.23), (0.48, 0.32, 0.23), (0.48, 0.32, 0.23), (0.48, 0.32, 0.23), (0.48, 0.32, 0.23), (0.48, 0.32, 0.23), (0.48, 0.32, 0.23), (0.48, 0.32, 0.23), (0.48, 0.32, 0.23), (0.48, 0.32, 0.23), (0.48, 0.32, 0.23), (0.48, 0.32, 0.23), (0.48, 0.32, 0.23), (0.48, 0.32, 0.23), (0.48, 0.32, 0.23), (0.48, 0.32, 0.23), (0.48, 0.32, 0.23), (0.48, 0.32, 0.23), (0.48, 0.32, 0.23), (0.48, 0.32, 0.23), (0.48, 0.32, 0.23), (0.48, 0.32, 0.23), (0.48, 0.32, 0.23), (0.48, 0.32, 0.23), (0.48, 0.32, 0.23), (0.48, 0.32, 0.23), (0.48, 0.32, 0.23), (0.48, 0.32, 0.23), (0.48, 0.32, 0.23), (0.48, 0.32, 0.23), (0.48, 0.32, 0.23), (0.48, 0.32, 0.23), (0.48, 0.32, 0.23), (0.48, 0.32, 0.23), (0.48, 0.32, 0.23), (0.48, 0.32, 0.23), (0.48, 0.32, 0.23), (0.48, 0.32, 0.23), (0.48, 0.32, 0.23), (0.48, 0.32, 0.23), (0.48, 0.32, 0.23), (0.48, 0.32, 0.23), (0.48, 0.32, 0.23), (0.48, 0.32, 0.23), (0.48, 0.32, 0.23), (0.48, 0.32, 0.23), (0.48, 0.32, 0.23), (0.48, 0.32, 0.23), (0.48, 0.32, 0.23), (0.48, 0.32, 0.23), (0.48, 0.32, 0.23), (0.48, 0.32, 0.23), (0.48, 0.32, 0.23), (0.48, 0.32, 0.23), (0.48, 0.32, 0.23), (0.48, 0.32, 0.23), (0.48, 0.32, 0.23), (0.48, 0.32, 0.23), (0.48, 0.32, 0.23), (0.48, 0.32, 0.23), (0.48, 0.32, 0.23), (0.48, 0.32, 0.23), (0.48, 0.32, 0.23), (0.48, 0.32, 0.23), (0.48, 0.32, 0.23), (0.48, 0.32, 0.23), (0.48, 0.32, 0.23), (0.48, 0.32, 0.23), (0.48, 0.32, 0.23), (0.48, 0.32, 0.23), (0.48, 0.32, 0.23), (0.48, 0.32, 0.23), (0.48, 0.32, 0.23), (0.48, 0.32, 0.23), (0.48, 0.32, 0.23), (0.48, 0.32, 0.23), (0.48, 0.32, 0.23), (0.48, 0.32, 0.23), (0.48, 0.32, 0.23), (0.48, 0.32, 0.23), (0.48, 0.32, 0.23), (0.48, 0.32, 0.23), (0.48, 0.32, 0.23), (0.48, 0.32, 0.23), (0.48, 0.32, 0.23), (0.48, 0.32, 0.23), (0.48, 0.32, 0.23), (0.48, 0.32, 0.23), (0.48, 0.32, 0.23), (0.48, 0.32, 0.23), (0.48, 0.32, 0.23), (0.48, 0.32, 0.23), (0.48, 0.32, 0.23), (0.48, 0.32, 0.23), (0.48, 0.32, 0.23), (0.48, 0.32, 0.23), (0.48, 0.32, 0.23), (0.48, 0.32, 0.23), (0.48, 0.32, 0.23), (0.48, 0.32, 0.23), (0.48, 0.32, 0.23), (0.48, 0.32, 0.23), (0.48, 0.32, 0.23), (0.48, 0.32, 0.23), (0.48, 0.32, 0.23), (0.48, 0.32, 0.23), (0.48, 0.32, 0.23), (0.48, 0.32, 0.23), (0.48, 0.32, 0.23), (0.48, 0.32, 0.23), (0.48, 0.32, 0.23), (0.48, 0.32, 0.23), (0.48, 0.32, 0.23), (0.48, 0.32, 0.23), (0.48, 0.32, 0.23), (0.48, 0.32, 0.23), (0.48, 0.32, 0.23), (0.48, 0.32, 0.23), (0.48, 0.32, 0.23), (0.48, 0.32, 0.23), (0.48, 0.32, 0.23), (0.48, 0.32, 0.23), (0.48, 0.32, 0.23), (0.48, 0.32, 0.23), (0.48, 0.32, 0.23), (0.48, 0.32, 0.23), (0.48, 0.32, 0.23), (0.48, 0.32, 0.23), (0.48, 0.32, 0.23), (0.48, 0.32, 0.23), (0.48, 0.32, 0.23), (0.48, 0.32, 0.23), (0.48, 0.32, 0.23), (0.48, 0.32, 0.23), (0.48, 0.32, 0.23), (0.48, 0.32, 0.23), (0.48, 0.32, 0.23), (0.48, 0.32, 0.23), (0.48, 0.32, 0.23), (0.48, 0.32, 0.23), (0.48, 0.32, 0.23), (0.48, 0.32, 0.23), (0.48, 0.32, 0.23), (0.48, 0.32, 0.23), (0.48, 0.32, 0.23), (0.48, 0.32, 0.23), (0.48, 0.32, 0.23), (0.48, 0.32, 0.23), (0.48, 0.32, 0.23), (0.48, 0.32, 0.23), (0.48, 0.32, 0.23), (0.48, 0.32, 0.23), (0.48, 0.32, 0.23), (0.48, 0.32, 0.23), (0.48, 0.32, 0.23), (0.48, 0.32, 0.23), (0.48, 0.32, 0.23), (0.48, 0.32, 0.23), (0.48, 0.32, 0.23), (0.48, 0.32, 0.23), (0.48, 0.32, 0.23), (0.48, 0.32, 0.23), (0.48, 0.32, 0.23), (0.48, 0.32, 0.23), (0.48, 0.32, 0.23), (0.48, 0.32, 0.23), (0.48, 0.32, 0.23), (0.48, 0.32, 0.23), (0.48, 0.32, 0.23), (0.48, 0.32, 0.23), (0.48, 0.32, 0.23), (0.48, 0.32, 0.23), (0.48, 0.32, 0.23), (0.48, 0.32, 0.23), (0.48, 0.32, 0.23), (0.48, 0.32, 0.23), (0.48, 0.32, 0.23), (0.48, 0.32, 0.23), (0.48, 0.32, 0.23), (0.48, 0.32, 0.23), (0.48, 0.32, 0.23), (0.48, 0.32, 0.23), (0.48, 0.32, 0.23), (0.48, 0.32, 0.23), (0.48, 0.32, 0.23), (0.48, 0.32, 0.23), (0.48, 0.32, 0.23), (0.48, 0.32, 0.23), (0.48, 0.32, 0.23), (0.48, 0.32, 0.23), (0.48, 0.32, 0.23), (0.48, 0.32, 0.23), (0.48, 0.32, 0.23), (0.48, 0.32, 0.23), (0.48, 0.32, 0.23), (0.48, 0.32, 0.23), (0.48, 0.32, 0.23), (0.48, 0.32, 0.23), (0.48, 0.32, 0.23), (0.48, 0.32, 0.23), (0.48, 0.32, 0.23), (0.48, 0.32, 0.23), (0.48, 0.32, 0.23), (0.48, 0.32, 0.23), (0.48, 0.32, 0.23), (0.48, 0.32, 0.23), (0.48, 0.32, 0.23), (0.48, 0.32, 0.23), (0.48, 0.32, 0.23), (0.48, 0.32, 0.23), (0.48, 0.32, 0.23), (0.48, 0.32, 0.23), (0.48, 0.32, 0.23), (0.48, 0.32, 0.23), (0.48, 0.32, 0.23), (0.48, 0.32, 0.23), (0.48, 0.32, 0.23), (0.48, 0.32, 0.23), (0.48, 0.32, 0.23), (0.48, 0.32, 0.23), (0.48, 0.32, 0.23), (0.48, 0.32, 0.23), (0.48, 0.32, 0.23), (0.48, 0.32, 0.23), (0.48, 0.32, 0.23), (0.48, 0.32, 0.23), (0.48, 0.32, 0.23), (0.48, 0.32, 0.23), (0.48, 0.32, 0.23), (0.48, 0.32, 0.23), (0.48, 0.32, 0.23), (0.48, 0.32, 0.23), (0.48, 0.32, 0.23), (0.48, 0.32, 0.23), (0.48, 0.32, 0.23), (0.48, 0.32, 0.23), (0.48, 0.32, 0.23), (0.48, 0.32, 0.23), (0.48, 0.32, 0.23), (0.48, 0.32, 0.23), (0.48, 0.32, 0.23), (0.48, 0.32, 0.23), (0.48, 0.32, 0.23), (0.48, 0.32, 0.23), (0.48, 0.32, 0.23), (0.48, 0.32, 0.23), (0.48, 0.32, 0.23), (0.48, 0.32, 0.23), (0.48, 0.32, 0.23), (0.48, 0.32, 0.23), (0.48, 0.32, 0.23), (0.48, 0.32, 0.23), (0.48, 0.32, 0.23), (0.48, 0.32, 0.23), (0.48, 0.32, 0.23), (0.48, 0.32, 0.23), (0.48, 0.32, 0.23), (0.48, 0.32, 0.23), (0.48, 0.32, 0.23), (0.48, 0.32, 0.23), (0.48, 0.32, 0.23), (0.48, 0.32, 0.23), (0.48, 0.32, 0.23), (0.48, 0.32, 0.23), (0.48, 0.32, 0.23), (0.48, 0.32, 0.23), (0.48, 0.32, 0.23), (0.48, 0.32, 0.23), (0.48, 0.32, 0.23), (0.48, 0.32, 0.23), (0.48, 0.32, 0.23), (0.48, 0.32, 0.23), (0.48, 0.32, 0.23), (0.48, 0.32, 0.23), (0.48, 0.32, 0.23), (0.48, 0.32, 0.23), (0.48, 0.32, 0.23), (0.48, 0.32, 0.23), (0.48, 0.32, 0.23), (0.48, 0.32, 0.23), (0.48, 0.32, 0.23), (0.48, 0.32, 0.23), (0.48, 0.32, 0.23), (0.48, 0.32, 0.23), (0.48, 0.32, 0.23), (0.48, 0.32, 0.23), (0.48, 0.32, 0.23), (0.48, 0.32, 0.23), (0.48, 0.32, 0.23), (0.48, 0.32, 0.23), (0.48, 0.32, 0.23), (0.48, 0.32, 0.23), (0.48, 0.32, 0.23), (0.48, 0.32, 0.23), (0.48, 0.32, 0.23), (0.48, 0.32, 0.23), (0.48, 0.32, 0.23), (0.48, 0.32, 0.23), (0.48, 0.32, 0.23), (0.48, 0.32, 0.23), (0.48, 0.32, 0.23), (0.48, 0.32, 0.23), (0.48, 0.32, 0.23), (0.48, 0.32, 0.23), (0.48, 0.32, 0.23), (0.48, 0.32, 0.23), (0.48, 0.32, 0.23), (0.48, 0.32, 0.23), (0.48, 0.32, 0.23), (0.48, 0.32, 0.23), (0.48, 0.32, 0.23), (0.48, 0.32, 0.23), (0.48, 0.32, 0.23), (0.48, 0.32, 0.23), (0.48, 0.32, 0.23), (0.48, 0.32, 0.23), (0.48, 0.32, 0.23), (0.48, 0.32, 0.23), (0.48, 0.32, 0.23), (0.48, 0.32, 0.23), (0.48, 0.32, 0.23), (0.48, 0.32, 0.23), (0.48, 0.32, 0.23), (0.48, 0.32, 0.23), (0.48, 0.32, 0.23), (0.48, 0.32, 0.23), (0.48, 0.32, 0.23), (0.48, 0.32, 0.23), (0.48, 0.32, 0.23), (0.48, 0.32, 0.23), (0.48, 0.32, 0.23), (0.48, 0.32, 0.23), (0.48, 0.32, 0.23), (0.48, 0.32, 0.23), (0.48, 0.32, 0.23), (0.48, 0.32, 0.23), (0.48, 0.32, 0.23), (0.48, 0.32, 0.23), (0.48, 0.32, 0.23), (0.48, 0.32, 0.23), (0.48, 0.32, 0.23), (0.48, 0.32, 0.23), (0.48, 0.32, 0.23), (0.48, 0.32, 0.23), (0.48, 0.32, 0.23), (0.48, 0.32, 0.23), (0.48, 0.32, 0.23), (0.48, 0.32, 0.23), (0.48, 0.32, 0.23), (0.48, 0.32, 0.23), (0.48, 0.32, 0.23), (0.48, 0.32, 0.23), (0.48, 0.32, 0.23), (0.48, 0.32, 0.23), (0.48, 0.32, 0.23), (0.48, 0.32, 0.23), (0.48, 0.32, 0.23), (0.48, 0.32, 0.23), (0.48, 0.32, 0.23), (0.48, 0.32, 0.23), (0.48, 0.32, 0.23), (0.48, 0.32, 0.23), (0.48, 0.32, 0.23), (0.48, 0.32, 0.23), (0.48, 0.32, 0.23), (0.48, 0.32, 0.23), (0.48, 0.32, 0.23), (0.48, 0.32, 0.23), (0.48, 0.32, 0.23), (0.48, 0.32, 0.23), (0.48, 0.32, 0.23), (0.48, 0.32, 0.23), (0.48, 0.32, 0.23), (0.48, 0.32, 0.23), (0.48, 0.32, 0.23), (0.48, 0.32, 0.23), (0.48, 0.32, 0.23), (0.48, 0.32, 0.23), (0.48, 0.32, 0.23), (0.48, 0.32, 0.23), (0.48, 0.32, 0.23), (0.48, 0.32, 0.23), (0.48, 0.32, 0.23), (0.48, 0.32, 0.23), (0.48, 0.32, 0.23), (0.48, 0.32, 0.23), (0.48, 0.32, 0.23), (0.48, 0.32, 0.23), (0.48, 0.32, 0.23), (0.48, 0.32, 0.23), (0.48, 0.32, 0.23), (0.48, 0.32, 0.23), (0.48, 0.32, 0.23), (0.48, 0.32, 0.23), (0.48, 0.32, 0.23), (0.48, 0.32, 0.23), (0.48, 0.32, 0.23), (0.48, 0.32, 0.23), (0.48, 0.32, 0.23), (0.48, 0.32, 0.23), (0.48, 0.32, 0.23), (0.48, 0.32, 0.23), (0.48, 0.32, 0.23), (0.48, 0.32, 0.23), (0.48, 0.32, 0.23), (0.48, 0.32, 0.23), (0.48, 0.32, 0.23), (0.48, 0.32, 0.23), (0.48, 0.32, 0.23), (0.48, 0.32, 0.23), (0.48, 0.32, 0.23), (0.48, 0.32, 0.23), (0.48, 0.32, 0.23), (0.48, 0.32, 0.23), (0.48, 0.32, 0.23), (0.48, 0.32, 0.23), (0.48, 0.32, 0.23), (0.48, 0.32, 0.23), (0.48, 0.32, 0.23), (0.48, 0.32, 0.23), (0.48, 0.32, 0.23), (0.48, 0.32, 0.23), (0.48, 0.32, 0.23), (0.48, 0.32, 0.23), (0.48, 0.32, 0.23), (0.48, 0.32, 0.23), (0.48, 0.32, 0.23), (0.48, 0.32, 0.23), (0.48, 0.32, 0.23), (0.48, 0.32, 0.23), (0.48, 0.32, 0.23), (0.48, 0.32, 0.23), (0.48, 0.32, 0.23), (0.48, 0.32, 0.23), (0.48, 0.32, 0.23), (0.48, 0.32, 0.23), (0.48, 0.32, 0.23), (0.48, 0.32, 0.23), (0.48, 0.32, 0.23), (0.48, 0.32, 0.23), (0.48, 0.32, 0.23), (0.48, 0.32, 0.23), (0.48, 0.32, 0.23), (0.48, 0.32, 0.23), (0.48, 0.32, 0.23), (0.48, 0.32, 0.23), (0.48, 0.32, 0.23), (0.48, 0.32, 0.23), (0.48, 0.32, 0.23), (0.48, 0.32, 0.23), (0.48, 0.32, 0.23), (0.48, 0.32, 0.23), (0.48, 0.32, 0.23), (0.48, 0.32, 0.23), (0.48, 0.32, 0.23), (0.48, 0.32, 0.23), (0.48, 0.32, 0.23), (0.48, 0.32, 0.23), (0.48, 0.32, 0.23), (0.48, 0.32, 0.23), (0.48, 0.32, 0.23), (0.48, 0.32, 0.23), (0.48, 0.32, 0.23), (0.48, 0.32, 0.23), (0.48, 0.32, 0.23), (0.48, 0.32, 0.23), (0.48, 0.32, 0.23), (0.48, 0.32, 0.23), (0.48, 0.32, 0.23), (0.48, 0.32, 0.23), (0.48, 0.32, 0.23), (0.48, 0.32, 0.23), (0.48, 0.32, 0.23), (0.48, 0.32, 0.23), (0.48, 0.32, 0.23), (0.48, 0.32, 0.23), (0.48, 0.32, 0.23), (0.48, 0.32, 0.23), (0.48, 0.32, 0.23), (0.48, 0.32, 0.23), (0.48, 0.32, 0.23), (0.48, 0.32, 0.23), (0.48, 0.32, 0.23), (0.48, 0.32, 0.23), (0.48, 0.32, 0.23), (0.48, 0.32, 0.23), (0.48, 0.32, 0.23), (0.48, 0.32, 0.23), (0.48, 0.32, 0.23), (0.48, 0.32, 0.23), (0.48, 0.32, 0.23), (0.48, 0.32, 0.23), (0.48, 0.32, 0.23), (0.48, 0.32, 0.23), (0.48, 0.32, 0.23), (0.48, 0.32, 0.23), (0.48, 0.32, 0.23), (0.48, 0.32, 0.23), (0.48, 0.32, 0.23), (0.48, 0.32, 0.23), (0.48, 0.32, 0.23), (0.48, 0.32, 0.23), (0.48, 0.32, 0.23), (0.48, 0.32, 0.23), (0.48, 0.32, 0.23), (0.48, 0.32, 0.23), (0.48, 0.32, 0.23), (0.48, 0.32, 0.23), (0.48, 0.32, 0.23), (0.48, 0.32, 0.23), (0.48, 0.32, 0.23), (0.48, 0.32, 0.23), (0.48, 0.32, 0.23), (0.48, 0.32, 0.23), (0.48, 0.32, 0.23), (0.48, 0.32, 0.23), (0.48, 0.32, 0.23), (0.48, 0.32, 0.23), (0.48, 0.32, 0.23), (0.48, 0.32, 0.23), (0.48, 0.32, 0.23), (0.48, 0.32, 0.23), (0.48, 0.32, 0.23), (0.48, 0.32, 0.23), (0.48, 0.32, 0.23), (0.48, 0.32, 0.23), (0.48, 0.32, 0.23), (0.48, 0.32, 0.23), (0.48, 0.32, 0.23), (0.48, 0.32, 0.23), (0.48, 0.32, 0.23), (0.48, 0.32, 0.23), (0.48, 0.32, 0.23), (0.48, 0.32, 0.23), (0.48, 0.32, 0.23), (0.48, 0.32, 0.23), (0.48, 0.32, 0.23), (0.48, 0.32, 0.23), (0.48, 0.32, 0.23), (0.48, 0.32, 0.23), (0.48, 0.32, 0.23), (0.48, 0.32, 0.23), (0.48, 0.32, 0.23), (0.48, 0.32, 0.23), (0.48, 0.32, 0.23), (0.48, 0.32, 0.23), (0.48, 0.32, 0.23), (0.48, 0.32, 0.23), (0.48, 0.32, 0.23), (0.48, 0.32, 0.23), (0.48, 0.32, 0.23), (0.48, 0.32, 0.23), (0.48, 0.32, 0.23), (0.48, 0.32, 0.23), (0.48, 0.32, 0.23), (0.48, 0.32, 0.23), (0.48, 0.32, 0.23), (0.48, 0.32, 0.23), (0.48, 0.32, 0.23), (0.48, 0.32, 0.23), (0.48, 0.32, 0.23), (0.48, 0.32, 0.23), (0.48, 0.32, 0.23), (0.48, 0.32, 0.23), (0.48, 0.32, 0.23), (0.48, 0.32, 0.23), (0.48, 0.32, 0.23), (0.48, 0.32, 0.23), (0.48, 0.32, 0.23), (0.48, 0.32, 0.23), (0.48, 0.32, 0.23), (0.48, 0.32, 0.23), (0.48, 0.32, 0.23), (0.48, 0.32, 0.23), (0.48, 0.32, 0.23), (0.48, 0.32, 0.23), (0.48, 0.32, 0.23), (0.48, 0.32, 0.23), (0.48, 0.32, 0.23), (0.48, 0.32, 0.23), (0.48, 0.32, 0.23), (0.48, 0.32, 0.23), (0.48, 0.32, 0.23), (0.48, 0.32, 0.23), (0.48, 0.32, 0.23), (0.48, 0.32, 0.23), (0.48, 0.32, 0.23), (0.48, 0.32, 0.23), (0.48, 0.32, 0.23), (0.48, 0.32, 0.23), (0.48, 0.32, 0.23), (0.48, 0.32, 0.23), (0.48, 0.32, 0.23), (0.48, 0.32, 0.23), (0.48, 0.32, 0.23), (0.48, 0.32, 0.23), (0.48, 0.32, 0.23), (0.48, 0.32, 0.23), (0.48, 0.32, 0.23), (0.48, 0.32, 0.23), (0.48, 0.32, 0.23), (0.48, 0.32, 0.23), (0.48, 0.32, 0.23), (0.48, 0.32, 0.23), (0.48, 0.32, 0.23), (0.48, 0.32, 0.23), (0.48, 0.32, 0.23), (0.48, 0.32, 0.23), (0.48, 0.32, 0.23), (0.48, 0.32, 0.23), (0.48, 0.32, 0.23), (0.48, 0.32, 0.23), (0.48, 0.32, 0.23), (0.48, 0.32, 0.23), (0.48, 0.32, 0.23), (0.48, 0.32, 0.23), (0.48, 0.32, 0.23), (0.48, 0.32, 0.23), (0.48, 0.32, 0.23), (0.48, 0.32, 0.23), (0.48, 0.32, 0.23), (0.48, 0.32, 0.23), (0.48, 0.32, 0.23), (0.48, 0.32, 0.23), (0.48, 0.32, 0.23), (0.48, 0.32, 0.23), (0.48, 0.32, 0.23), (0.48, 0.32, 0.23), (0.48, 0.32, 0.23), (0.48, 0.32, 0.23), (0.48, 0.32, 0.23), (0.48, 0.32, 0.23), (0.48, 0.32, 0.23), (0.48, 0.32, 0.23), (0.48, 0.32, 0.23), (0.48, 0.32, 0.23), (0.48, 0.32, 0.23), (0.48, 0.32, 0.23), (0.48, 0.32, 0.23), (0.48, 0.32, 0.23), (0.48, 0.32, 0.23), (0.48, 0.32, 0.23), (0.48, 0.32, 0.23), (0.48, 0.32, 0.23), (0.48, 0.32, 0.23), (0.48, 0.32, 0.23), (0.48, 0.32, 0.23), (0.48, 0.32, 0.23), (0.48, 0.32, 0.23), (0.48, 0.32, 0.23), (0.48, 0.32, 0.23), (0.48, 0.32, 0.23), (0.48, 0.32, 0.23), (0.48, 0.32, 0.23), (0.48, 0.32, 0.23), (0.48, 0.32, 0.23), (0.48, 0.32, 0.23), (0.48, 0.32, 0.23), (0.48, 0.32, 0.23), (0.48, 0.32, 0.23), (0.48, 0.32, 0.23), (0.48, 0.32, 0.23), (0.48, 0.32, 0.23), (0.48, 0.32, 0.23), (0.48, 0.32, 0.23), (0.48, 0.32, 0.23), (0.48, 0.32, 0.23), (0.48, 0.32, 0.23), (0.48, 0.32, 0.23), (0.48, 0.32, 0.23), (0.48, 0.32, 0.23), (0.48, 0.32, 0.23), (0.48, 0.32, 0.23), (0.48, 0.32, 0.23), (0.48, 0.32, 0.23), (0.48, 0.32, 0.23), (0.48, 0.32, 0.23), (0.48, 0.32, 0.23), (0.48, 0.32, 0.23), (0.48, 0.32, 0.23), (0.48, 0.32, 0.23), (0.48, 0.32, 0.23), (0.48, 0.32, 0.23), (0.48, 0.32, 0.23), (0.48, 0.32, 0.23), (0.48, 0.32, 0.23), (0.48, 0.32, 0.23), (0.48, 0.32, 0.23), (0.48, 0.32, 0.23), (0.48, 0.32, 0.23), (0.48, 0.32, 0.23), (0.48, 0.32, 0.23), (0.48, 0.32, 0.23), (0.48, 0.32, 0.23), (0.48, 0.32, 0.23), (0.48, 0.32, 0.23), (0.48, 0.32, 0.23), (0.48, 0.32, 0.23), (0.48, 0.32, 0.23), (0.48, 0.32, 0.23), (0.48, 0.32, 0.23), (0.48, 0.32, 0.23), (0.48, 0.32, 0.23), (0.48, 0.32, 0.23), (0.48, 0.32, 0.23), (0.48, 0.32, 0.23), (0.48, 0.32, 0.23), (0.48, 0.32, 0.23), (0.48, 0.32, 0.23), (0.48, 0.32, 0.23), (0.48, 0.32, 0.23), (0.48, 0.32, 0.23), (0.48, 0.32, 0.23), (0.48, 0.32, 0.23), (0.48, 0.32, 0.23), (0.48, 0.32, 0.23), (0.48, 0.32, 0.23), (0.48, 0.32, 0.23), (0.48, 0.32, 0.23), (0.48, 0.32, 0.23), (0.48, 0.32, 0.23), (0.48, 0.32, 0.23), (0.48, 0.32, 0.23), (0.48, 0.32, 0.23), (0.48, 0.32, 0.23), (0.48, 0.32, 0.23), (0.48, 0.32, 0.23), (0.48, 0.32, 0.23), (0.48, 0.32, 0.23), (0.48, 0.32, 0.23), (0.48, 0.32, 0.23), (0.48, 0.32, 0.23), (0.48, 0.32, 0.23), (0.48, 0.32, 0.23), (0.48, 0.32, 0.23), (0.48, 0.32, 0.23), (0.48, 0.32, 0.23), (0.48, 0.32, 0.23), (0.48, 0.32, 0.23), (0.48, 0.32, 0.23), (0.48, 0.32, 0.23), (0.48, 0.32, 0.23), (0.48, 0.32, 0.23), (0.48, 0.32, 0.23), (0.48, 0.32, 0.23), (0.48, 0.32, 0.23), (0.48, 0.32, 0.23), (0.48, 0.32, 0.23), (0.48, 0.32, 0.23), (0.48, 0.32, 0.23), (0.48, 0.32, 0.23), (0.48, 0.32, 0.23), (0.48, 0.32, 0.23), (0.48, 0.32, 0.23), (0.48, 0.32, 0.23), (0.48, 0.32, 0.23), (0.48, 0.32, 0.23), (0.48, 0.32, 0.23), (0.48, 0.32, 0.23), (0.48, 0.32, 0.23), (0.48, 0.32, 0.23), (0.48, 0.32, 0.23), (0.48, 0.32, 0.23), (0.48, 0.32, 0.23), (0.48, 0.32, 0.23), (0.48, 0.32, 0.23), (0.48, 0.32, 0.23), (0.48, 0.32, 0.23), (0.48, 0.32, 0.23), (0.48, 0.32, 0.23), (0.48, 0.32, 0.23), (0.48, 0.32, 0.23), (0.48, 0.32, 0.23), (0.48, 0.32, 0.23), (0.48, 0.32, 0.23), (0.48, 0.32, 0.23), (0.48, 0.32, 0.23), (0.48, 0.32, 0.23), (0.48, 0.32, 0.23), (0.48, 0.32, 0.23), (0.48, 0.32, 0.23), (0.48, 0.32, 0.23), (0.48, 0.32, 0.23), (0.48, 0.32, 0.23), (0.48, 0.32, 0.23), (0.48, 0.32, 0.23), (0.48, 0.32, 0.23), (0.48, 0.32, 0.23), (0.48, 0.32, 0.23), (0.48, 0.32, 0.23), (0.48, 0.32, 0.23), (0.48, 0.32, 0.23), (0.48, 0.32, 0.23), (0.48, 0.32, 0.23), (0.48, 0.32, 0.23), (0.48, 0.32, 0.23), (0.48, 0.32, 0.23), (0.48, 0.32, 0.23), (0.48, 0.32, 0.23), (0.48, 0.32, 0.23), (0.48, 0.32, 0.23), (0.48, 0.32, 0.23), (0.48, 0.32, 0.23), (0.48, 0.32, 0.23), (0.48, 0.32, 0.23), (0.48, 0.32, 0.23), (0.48, 0.32, 0.23), (0.48, 0.32, 0.23), (0.48, 0.32, 0.23), (0.48, 0.32, 0.23), (0.48, 0.32, 0.23), (0.48, 0.32, 0.23), (0.48, 0.32, 0.23), (0.48, 0.32, 0.23), (0.48, 0.32, 0.23), (0.48, 0.32, 0.23), (0.48, 0.32, 0.23), (0.48, 0.32, 0.23), (0.48, 0.32, 0.23), (0.48, 0.32, 0.23), (0.48, 0.32, 0.23), (0.48, 0.32, 0.23), (0.48, 0.32, 0.23), (0.48, 0.32, 0.23), (0.48, 0.32, 0.23), (0.48, 0.32, 0.23), (0.48, 0.32, 0.23), (0.48, 0.32, 0.23), (0.48, 0.32, 0.23), (0.48, 0.32, 0.23), (0.48, 0.32, 0.23), (0.48, 0.32, 0.23), (0.48, 0.32, 0.23), (0.48, 0.32, 0.23), (0.48, 0.32, 0.23), (0.48, 0.32, 0.23), (0.48, 0.32, 0.23), (0.48, 0.32, 0.23), (0.48, 0.32, 0.23), (0.48, 0.32, 0.23), (0.48, 0.32, 0.23), (0.48, 0.32, 0.23), (0.48, 0.32, 0.23), (0.48, 0.32, 0.23), (0.48, 0.32, 0.23), (0.48, 0.32, 0.23), (0.48, 0.32, 0.23), (0.48, 0.32, 0.23), (0.48, 0.32, 0.23), (0.48, 0.32, 0.23), (0.48, 0.32, 0.23), (0.48, 0.32, 0.23), (0.48, 0.32, 0.23), (0.48, 0.32, 0.23), (0.48, 0.32, 0.23), (0.48, 0.32, 0.23), (0.48, 0.32, 0.23), (0.48, 0.32, 0.23), (0.48, 0.32, 0.23), (0.48, 0.32, 0.23), (0.48, 0.32, 0.23), (0.48, 0.32, 0.23), (0.48, 0.32, 0.23), (0.48, 0.32, 0.23), (0.48, 0.32, 0.23), (0.48, 0.32, 0.23), (0.48, 0.32, 0.23), (0.48, 0.32, 0.23), (0.48, 0.32, 0.23), (0.48, 0.32, 0.23), (0.48, 0.32, 0.23), (0.48, 0.32, 0.23), (0.48, 0.32, 0.23), (0.48, 0.32, 0.23), (0.48, 0.32, 0.23), (0.48, 0.32, 0.23), (0.48, 0.32, 0.23), (0.48, 0.32, 0.23), (0.48, 0.32, 0.23), (0.48, 0.32, 0.23), (0.48, 0.32, 0.23), (0.48, 0.32, 0.23), (0.48, 0.32, 0.23), (0.48, 0.32, 0.23), (0.48, 0.32, 0.23), (0.48, 0.32, 0.23), (0.48, 0.32, 0.23), (0.48, 0.32, 0.23), (0.48, 0.32, 0.23), (0.48, 0.32, 0.23), (0.48, 0.32, 0.23), (0.48, 0.32, 0.23), (0.48, 0.32, 0.23), (0.48, 0.32, 0.23), (0.48, 0.32, 0.23), (0.48, 0.32, 0.23), (0.48, 0.32, 0.23), (0.48, 0.32, 0.23), (0.48, 0.32, 0.23), (0.48, 0.32, 0.23), (0.48, 0.32, 0.23), (0.48, 0.32, 0.23), (0.48, 0.32, 0.23), (0.48, 0.32, 0.23), (0.48, 0.32, 0.23), (0.48, 0.32, 0.23), (0.48, 0.32, 0.23), (0.48, 0.32, 0.23), (0.48, 0.32, 0.23), (0.48, 0.32, 0.23), (0.48, 0.32, 0.23), (0.48, 0.32, 0.23), (0.48, 0.32, 0.23), (0.48, 0.32, 0.23), (0.48, 0.32, 0.23), (0.48, 0.32, 0.23), (0.48, 0.32, 0.23), (0.48, 0.32, 0.23), (0.48, 0.32, 0.23), (0.48, 0.32, 0.23), (0.48, 0.32, 0.23), (0.48, 0.32, 0.23), (0.48, 0.32, 0.23), (0.48, 0.32, 0.23), (0.48, 0.32, 0.23), (0.48, 0.32, 0.23), (0.48, 0.32, 0.23), (0.48, 0.32, 0.23), (0.48, 0.32, 0.23), (0.48, 0.32, 0.23), (0.48, 0.32, 0.23), (0.48, 0.32, 0.23), (0.48, 0.32, 0.23), (0.48, 0.32, 0.23), (0.48, 0.32, 0.23), (0.48, 0.32, 0.23), (0.48, 0.32, 0.23), (0.48, 0.32, 0.23), (0.48, 0.32, 0.23), (0.48, 0.32, 0.23), (0.48, 0.32, 0.23), (0.48, 0.32, 0.23), (0.48, 0.32, 0.23), (0.48, 0.32, 0.23), (0.48, 0.32, 0.23), (0.48, 0.32, 0.23), (0.48, 0.32, 0.23), (0.48, 0.32, 0.23), (0.48, 0.32, 0.23), (0.48, 0.32, 0.23), (0.48, 0.32, 0.23), (0.48, 0.32, 0.23), (0.48, 0.32, 0.23), (0.48, 0.32, 0.23), (0.48, 0.32, 0.23), (0.48, 0.32, 0.23), (0.48, 0.32, 0.23), (0.48, 0.32, 0.23), (0.48, 0.32, 0.23), (0.48, 0.32, 0.23), (0.48, 0.32, 0.23), (0.48, 0.32, 0.23), (0.48, 0.32, 0.23), (0.48, 0.32, 0.23), (0.48, 0.32, 0.23), (0.48, 0.32, 0.23), (0.48, 0.32, 0.23), (0.48, 0.32, 0.23), (0.48, 0.32, 0.23), (0.48, 0.32, 0.23), (0.48, 0.32, 0.23), (0.48, 0.32, 0.23), (0.48, 0.32, 0.23), (0.48, 0.32, 0.23), (0.48, 0.32, 0.23), (0.48, 0.32, 0.23), (0.48, 0.32, 0.23), (0.48, 0.32, 0.23), (0.48, 0.32, 0.23), (0.48, 0.32, 0.23), (0.48, 0.32, 0.23), (0.48, 0.32, 0.23), (0.48, 0.32, 0.23), (0.48, 0.32, 0.23), (0.48, 0.32, 0.23), (0.48, 0.32, 0.23), (0.48, 0.32, 0.23), (0.48, 0.32, 0.23), (0.48, 0.32, 0.23), (0.48, 0.32, 0.23), (0.48, 0.32, 0.23), (0.48, 0.32, 0.23), (0.48, 0.32, 0.23), (0.48, 0.32, 0.23), (0.48, 0.32, 0.23), (0.48, 0.32, 0.23), (0.48, 0.32, 0.23), (0.48, 0.32, 0.23), (0.48, 0.32, 0.23), (0.48, 0.32, 0.23), (0.48, 0.32, 0.23), (0.48, 0.32, 0.23), (0.48, 0.32, 0.23), (0.48, 0.32, 0.23), (0.48, 0.32, 0.23), (0.48, 0.32, 0.23), (0.48, 0.32, 0.23), (0.48, 0.32, 0.23), (0.48, 0.32, 0.23), (0.48, 0.32, 0.23), (0.48, 0.32, 0.23), (0.48, 0.32, 0.23), (0.48, 0.32, 0.23), (0.48, 0.32, 0.23), (0.48, 0.32, 0.23), (0.48, 0.32, 0.23), (0.48, 0.32, 0.23), (0.48, 0.32, 0.23), (0.48, 0.32, 0.23), (0.48, 0.32, 0.23), (0.48, 0.32, 0.23), (0.48, 0.32, 0.23), (0.48, 0.32, 0.23), (0.48, 0.32, 0.23), (0.48, 0.32, 0.23), (0.48, 0.32, 0.23), (0.48, 0.32, 0.23), (0.48, 0.32, 0.23), (0.48, 0.32, 0.23), (0.48, 0.32, 0.23), (0.48, 0.32, 0.23), (0.48, 0.32, 0.23), (0.48, 0.32, 0.23), (0.48, 0.32, 0.23), (0.48, 0.32, 0.23), (0.48, 0.32, 0.23), (0.48, 0.32, 0.23), (0.48, 0.32, 0.23), (0.48, 0.32, 0.23), (0.48, 0.32, 0.23), (0.48, 0.32, 0.23), (0.48, 0.32, 0.23), (0.48, 0.32, 0.23), (0.48, 0.32, 0.23), (0.48, 0.32, 0.23), (0.48, 0.32, 0.23), (0.48, 0.32, 0.23), (0.48, 0.32, 0.23), (0.48, 0.32, 0.23), (0.48, 0.32, 0.23), (0.48, 0.32, 0.23), (0.48, 0.32, 0.23), (0.48, 0.32, 0.23), (0.48, 0.32, 0.23), (0.48, 0.32, 0.23), (0.48, 0.32, 0.23), (0.48, 0.32, 0.23), (0.48, 0.32, 0.23), (0.48, 0.32, 0.23), (0.48, 0.32, 0.23), (0.48, 0.32, 0.23), (0.48, 0.32, 0.23), (0.48, 0.32, 0.23), (0.48, 0.32, 0.23), (0.48, 0.32, 0.23), (0.48, 0.32, 0.23), (0.48, 0.32, 0.23), (0.48, 0.32, 0.23), (0.48, 0.32, 0.23), (0.48, 0.32, 0.23), (0.48, 0.32, 0.23), (0.48, 0.32, 0.23), (0.48, 0.32, 0.23), (0.48, 0.32, 0.23), (0.48, 0.32, 0.23), (0.48, 0.32, 0.23), (0.48, 0.32, 0.23), (0.48, 0.32, 0.23), (0.48, 0.32, 0.23), (0.48, 0.32, 0.23), (0.48, 0.32, 0.23), (0.48, 0.32, 0.23), (0.48, 0.32, 0.23), (0.48, 0.32, 0.23), (0.48, 0.32, 0.23), (0.48, 0.32, 0.23), (0.48, 0.32, 0.23), (0.48, 0.32, 0.23), (0.48, 0.32, 0.23), (0.48, 0.32, 0.23), (0.48, 0.32, 0.23), (0.48, 0.32, 0.23), (0.48, 0.32, 0.23), (0.48, 0.32, 0.23), (0.48, 0.32, 0.23), (0.48, 0.32, 0.23), (0.48, 0.32, 0.23), (0.48, 0.32, 0.23), (0.48, 0.32, 0.23), (0.48, 0.32, 0.23), (0.48, 0.32, 0.23), (0.48, 0.32, 0.23), (0.48, 0.32, 0.23), (0.48, 0.32, 0.23), (0.48, 0.32, 0.23), (0.48, 0.32, 0.23), (0.48, 0.32, 0.23), (0.48, 0.32, 0.23), (0.48, 0.32, 0.23), (0.48, 0.32, 0.23), (0.48, 0.32, 0.23), (0.48, 0.32, 0.23), (0.48, 0.32, 0.23), (0.48, 0.32, 0.23), (0.48, 0.32, 0.23), (0.48, 0.32, 0.23), (0.48, 0.32, 0.23), (0.48, 0.32, 0.23), (0.48, 0.32, 0.23), (0.48, 0.32, 0.23), (0.48, 0.32, 0.23), (0.48, 0.32, 0.23), (0.48, 0.32, 0.23), (0.48, 0.32, 0.23), (0.48, 0.32, 0.23), (0.48, 0.32, 0.23), (0.48, 0.32, 0.23), (0.48, 0.32, 0.23), (0.48, 0.32, 0.23), (0.48, 0.32, 0.23), (0.48, 0.32, 0.23), (0.48, 0.32, 0.23), (0.48, 0.32, 0.23), (0.48, 0.32, 0.23), (0.48, 0.32, 0.23), (0.48, 0.32, 0.23), (0.48, 0.32, 0.23), (0.48, 0.32, 0.23), (0.48, 0.32, 0.23), (0.48, 0.32, 0.23), (0.48, 0.32, 0.23), (0.48, 0.32, 0.23), (0.48, 0.32, 0.23), (0.48, 0.32, 0.23), (0.48, 0.32, 0.23), (0.48, 0.32, 0.23), (0.48, 0.32, 0.23), (0.48, 0.32, 0.23), (0.48, 0.32, 0.23), (0.48, 0.32, 0.23), (0.48, 0.32, 0.23), (0.48, 0.32, 0.23), (0.48, 0.32, 0.23), (0.48, 0.32, 0.23), (0.48, 0.32, 0.23), (0.48, 0.32, 0.23), (0.48, 0.32, 0.23), (0.48, 0.32, 0.23), (0.48, 0.32, 0.23), (0.48, 0.32, 0.23), (0.48, 0.32, 0.23), (0.48, 0.32, 0.23), (0.48, 0.32, 0.23), (0.48, 0.32, 0.23), (0.48, 0.32, 0.23), (0.48, 0.32, 0.23), (0.48, 0.32, 0.23), (0.48, 0.32, 0.23), (0.48, 0.32, 0.23), (0.48, 0.32, 0.23), (0.48, 0.32, 0.23), (0.48, 0.32, 0.23), (0.48, 0.32, 0.23), (0.48, 0.32, 0.23), (0.48, 0.32, 0.23), (0.48, 0.32, 0.23), (0.48, 0.32, 0.23), (0.48, 0.32, 0.23), (0.48, 0.32, 0.23), (0.48, 0.32, 0.23), (0.48, 0.32, 0.23), (0.48, 0.32, 0.23), (0.48, 0.32, 0.23), (0.48, 0.32, 0.23), (0.48, 0.32, 0.23), (0.48, 0.32, 0.23), (0.48, 0.32, 0.23), (0.48, 0.32, 0.23), (0.48, 0.32, 0.23), (0.48, 0.32, 0.23), (0.48, 0.32, 0.23), (0.48, 0.32, 0.23), (0.48, 0.32, 0.23), (0.48, 0.32, 0.23), (0.48, 0.32, 0.23), (0.48, 0.32, 0.23), (0.48, 0.32, 0.23), (0.48, 0.32, 0.23), (0.48, 0.32, 0.23), (0.48, 0.32, 0.23), (0.48, 0.32, 0.23), (0.48, 0.32, 0.23), (0.48, 0.32, 0.23), (0.48, 0.32, 0.23), (0.48, 0.32, 0.23), (0.48, 0.32, 0.23), (0.48, 0.32, 0.23), (0.48, 0.32, 0.23), (0.48, 0.32, 0.23), (0.48, 0.32, 0.23), (0.48, 0.32, 0.23), (0.48, 0.32, 0.23), (0.48, 0.32, 0.23), (0.48, 0.32, 0.23), (0.48, 0.32, 0.23), (0.48, 0.32, 0.23), (0.48, 0.32, 0.23), (0.48, 0.32, 0.23), (0.48, 0.32, 0.23), (0.48, 0.32, 0.23), (0.48, 0.32, 0.23), (0.48, 0.32, 0.23), (0.48, 0.32, 0.23), (0.48, 0.32, 0.23), (0.48, 0.32, 0.23), (0.48, 0.32, 0.23), (0.48, 0.32, 0.23), (0.48, 0.32, 0.23), (0.48, 0.32, 0.23), (0.48, 0.32, 0.23), (0.48, 0.32, 0.23), (0.48, 0.32, 0.23), (0.48, 0.32, 0.23), (0.48, 0.32, 0.23), (0.48, 0.32, 0.23), (0.48, 0.32, 0.23), (0.48, 0.32, 0.23), (0.48, 0.32, 0.23), (0.48, 0.32, 0.23), (0.48, 0.32, 0.23), (0.48, 0.32, 0.23), (0.48, 0.32, 0.23), (0.48, 0.32, 0.23), (0.48, 0.32, 0.23), (0.48, 0.32, 0.23), (0.48, 0.32, 0.23), (0.48, 0.32, 0.23), (0.48, 0.32, 0.23), (0.48, 0.32, 0.23), (0.48, 0.32, 0.23), (0.48, 0.32, 0.23), (0.48, 0.32, 0.23), (0.48, 0.32, 0.23), (0.48, 0.32, 0.23), (0.48, 0.32, 0.23), (0.48, 0.32, 0.23), (0.48, 0.32, 0.23), (0.48, 0.32, 0.23), (0.48, 0.32, 0.23), (0.48, 0.32, 0.23), (0.48, 0.32, 0.23), (0.48, 0.32, 0.23), (0.48, 0.32, 0.23), (0.48, 0.32, 0.23), (0.48, 0.32, 0.23), (0.48, 0.32, 0.23), (0.48, 0.32, 0.23), (0.48, 0.32, 0.23), (0.48, 0.32, 0.23), (0.48, 0.32, 0.23), (0.48, 0.32, 0.23), (0.48, 0.32, 0.23), (0.48, 0.32, 0.23), (0.48, 0.32, 0.23), (0.48, 0.32, 0.23), (0.48, 0.32, 0.23), (0.48, 0.32, 0.23), (0.48, 0.32, 0.23), (0.48, 0.32, 0.23), (0.48, 0.32, 0.23), (0.48, 0.32, 0.23), (0.48, 0.32, 0.23), (0.48, 0.32, 0.23), (0.48, 0.32, 0.23), (0.48, 0.32, 0.23), (0.48, 0.32, 0.23), (0.48, 0.32, 0.23), (0.48, 0.32, 0.23), (0.48, 0.32, 0.23), (0.48, 0.32, 0.23), (0.48, 0.32, 0.23), (0.48, 0.32, 0.23), (0.48, 0.32, 0.23), (0.48, 0.32, 0.23), (0.48, 0.32, 0.23), (0.48, 0.32, 0.23), (0.48, 0.32, 0.23), (0.48, 0.32, 0.23), (0.48, 0.32, 0.23), (0.48, 0.32, 0.23), (0.48, 0.32, 0.23), (0.48, 0.32, 0.23), (0.48, 0.32, 0.23), (0.48, 0.32, 0.23), (0.48, 0.32, 0.23), (0.48, 0.32, 0.23), (0.48, 0.32, 0.23), (0.48, 0.32, 0.23), (0.48, 0.32, 0.23), (0.48, 0.32, 0.23), (0.48, 0.32, 0.23), (0.48, 0.32, 0.23), (0.48, 0.32, 0.23), (0.48, 0.32, 0.23), (0.48, 0.32, 0.23), (0.48, 0.32, 0.23), (0.48, 0.32, 0.23), (0.48, 0.32, 0.23), (0.48, 0.32, 0.23), (0.48, 0.32, 0.23), (0.48, 0.32, 0.23), (0.48, 0.32, 0.23), (0.48, 0.32, 0.23), (0.48, 0.32, 0.23), (0.48, 0.32, 0.23), (0.48, 0.32, 0.23), (0.48, 0.32, 0.23), (0.48, 0.32, 0.23), (0.48, 0.32, 0.23), (0.48, 0.32, 0.23), (0.48, 0.32, 0.23), (0.48, 0.32, 0.23), (0.48, 0.32, 0.23), (0.48, 0.32, 0.23), (0.48, 0.32, 0.23), (0.48, 0.32, 0.23), (0.48, 0.32, 0.23), (0.48, 0.32, 0.23), (0.48, 0.32, 0.23), (0.48, 0.32, 0.23), (0.48, 0.32, 0.23), (0.48, 0.32, 0.23), (0.48, 0.32, 0.23), (0.48, 0.32, 0.23), (0.48, 0.32, 0.23), (0.48, 0.32, 0.23), (0.48, 0.32, 0.23), (0.48, 0.32, 0.23), (0.48, 0.32, 0.23), (0.48, 0.32, 0.23), (0.48, 0.32, 0.23), (0.48, 0.32, 0.23), (0.48, 0.32, 0.23), (0.48, 0.32, 0.23), (0.48, 0.32, 0.23), (0.48, 0.32, 0.23), (0.48, 0.32, 0.23), (0.48, 0.32, 0.23), (0.48, 0.32, 0.23), (0.48, 0.32, 0.23), (0.48, 0.32, 0.23), (0.48, 0.32, 0.23), (0.48, 0.32, 0.23), (0.48, 0.32, 0.23), (0.48, 0.32, 0.23), (0.48, 0.32, 0.23), (0.48, 0.32, 0.23), (0.48, 0.32, 0.23), (0.48, 0.32, 0.23), (0.48, 0.32, 0.23), (0.48, 0.32, 0.23), (0.48, 0.32, 0.23), (0.48, 0.32, 0.23), (0.48, 0.32, 0.23), (0.48, 0.32, 0.23), (0.48, 0.32, 0.23), (0.48, 0.32, 0.23), (0.48, 0.32, 0.23), (0.48, 0.32, 0.23), (0.48, 0.32, 0.23), (0.48, 0.32, 0.23), (0.48, 0.32, 0.23), (0.48, 0.32, 0.23), (0.48, 0.32, 0.23), (0.48, 0.32, 0.23), (0.48, 0.32, 0.23), (0.48, 0.32, 0.23), (0.48, 0.32, 0.23), (0.48, 0.32, 0.23), (0.48, 0.32, 0.23), (0.48, 0.32, 0.23), (0.48, 0.32, 0.23), (0.48, 0.32, 0.23), (0.48, 0.32, 0.23), (0.48, 0.32, 0.23), (0.48, 0.32, 0.23), (0.48, 0.32, 0.23), (0.48, 0.32, 0.23), (0.48, 0.32, 0.23), (0.48, 0.32, 0.23), (0.48, 0.32, 0.23), (0.48, 0.32, 0.23), (0.48, 0.32, 0.23), (0.48, 0.32, 0.23), (0.48, 0.32, 0.23), (0.48, 0.32, 0.23), (0.48, 0.32, 0.23), (0.48, 0.32, 0.23), (0.48, 0.32, 0.23)] (
            interpolation = "vertex"
        )
        uniform token type = "linear"
        float[] widths = [0.0014, 0.0014, 0.0014, 0.0014, 0.0014, 0.0014, 0.0014, 0.0014, 0.0014, 0.0014, 0.0014, 0.0014, 0.0014, 0.0014, 0.0014, 0.0014, 0.0014, 0.0014, 0.0014, 0.0014, 0.0014, 0.0014, 0.0014, 0.0014, 0.0014, 0.0014, 0.0014, 0.0014, 0.0014, 0.0014, 0.0014, 0.0014, 0.0014, 0.0014, 0.0014, 0.0014, 0.0014, 0.0014, 0.0014, 0.0014, 0.0014, 0.0014, 0.0014, 0.0014, 0.0014, 0.0014, 0.0014, 0.0014, 0.0014, 0.0014, 0.0014, 0.0014, 0.0014, 0.0014, 0.0014, 0.0014, 0.0014, 0.0014, 0.0014, 0.0014, 0.0014, 0.0014, 0.0014, 0.0014, 0.0014, 0.0014, 0.0014, 0.0014, 0.0014, 0.0014, 0.0014, 0.0014, 0.0014, 0.0014, 0.0014, 0.0014, 0.0014, 0.0014, 0.0014, 0.0014, 0.0014, 0.0014, 0.0014, 0.0014, 0.0014, 0.0014, 0.0014, 0.0014, 0.0014, 0.0014, 0.0014, 0.0014, 0.0014, 0.0014, 0.0014, 0.0014, 0.0014, 0.0014, 0.0014, 0.0014, 0.0014, 0.0014, 0.0014, 0.0014, 0.0014, 0.0014, 0.0014, 0.0014, 0.0014, 0.0014, 0.0014, 0.0014, 0.0014, 0.0014, 0.0014, 0.0014, 0.0014, 0.0014, 0.0014, 0.0014, 0.0014, 0.0014, 0.0014, 0.0014, 0.0014, 0.0014, 0.0014, 0.0014, 0.0014, 0.0014, 0.0014, 0.0014, 0.0014, 0.0014, 0.0014, 0.0014, 0.0014, 0.0014, 0.0014, 0.0014, 0.0014, 0.0014, 0.0014, 0.0014, 0.0014, 0.0014, 0.0014, 0.0014, 0.0014, 0.0014, 0.0014, 0.0014, 0.0014, 0.0014, 0.0014, 0.0014, 0.0014, 0.0014, 0.0014, 0.0014, 0.0014, 0.0014, 0.0014, 0.0014, 0.0014, 0.0014, 0.0014, 0.0014, 0.0014, 0.0014, 0.0014, 0.0014, 0.0014, 0.0014, 0.0014, 0.0014, 0.0014, 0.0014, 0.0014, 0.0014, 0.0014, 0.0014, 0.0014, 0.0014, 0.0014, 0.0014, 0.0014, 0.0014, 0.0014, 0.0014, 0.0014, 0.0014, 0.0014, 0.0014, 0.0014, 0.0014, 0.0014, 0.0014, 0.0014, 0.0014, 0.0014, 0.0014, 0.0014, 0.0014, 0.0014, 0.0014, 0.0014, 0.0014, 0.0014, 0.0014, 0.0014, 0.0014, 0.0014, 0.0014, 0.0014, 0.0014, 0.0014, 0.0014, 0.0014, 0.0014, 0.0014, 0.0014, 0.0014, 0.0014, 0.0014, 0.0014, 0.0014, 0.0014, 0.0014, 0.0014, 0.0014, 0.0014, 0.0014, 0.0014, 0.0014, 0.0014, 0.0014, 0.0014, 0.0014, 0.0014, 0.0014, 0.0014, 0.0014, 0.0014, 0.0014, 0.0014, 0.0014, 0.0014, 0.0014, 0.0014, 0.0014, 0.0014, 0.0014, 0.0014, 0.0014, 0.0014, 0.0014, 0.0014, 0.0014, 0.0014, 0.0014, 0.0014, 0.0014, 0.0014, 0.0014, 0.0014, 0.0014, 0.0014, 0.0014, 0.0014, 0.0014, 0.0014, 0.0014, 0.0014, 0.0014, 0.0014, 0.0014, 0.0014, 0.0014, 0.0014, 0.0014, 0.0014, 0.0014, 0.0014, 0.0014, 0.0014, 0.0014, 0.0014, 0.0014, 0.0014, 0.0014, 0.0014, 0.0014, 0.0014, 0.0014, 0.0014, 0.0014, 0.0014, 0.0014, 0.0014, 0.0014, 0.0014, 0.0014, 0.0014, 0.0014, 0.0014, 0.0014, 0.0014, 0.0014, 0.0014, 0.0014, 0.0014, 0.0014, 0.0014, 0.0014, 0.0014, 0.0014, 0.0014, 0.0014, 0.0014, 0.0014, 0.0014, 0.0014, 0.0014, 0.0014, 0.0014, 0.0014, 0.0014, 0.0014, 0.0014, 0.0014, 0.0014, 0.0014, 0.0014, 0.0014, 0.0014, 0.0014, 0.0014, 0.0014, 0.0014, 0.0014, 0.0014, 0.0014, 0.0014, 0.0014, 0.0014, 0.0014, 0.0014, 0.0014, 0.0014, 0.0014, 0.0014, 0.0014, 0.0014, 0.0014, 0.0014, 0.0014, 0.0014, 0.0014, 0.0014, 0.0014, 0.0014, 0.0014, 0.0014, 0.0014, 0.0014, 0.0014, 0.0014, 0.0014, 0.0014, 0.0014, 0.0014, 0.0014, 0.0014, 0.0014, 0.0014, 0.0014, 0.0014, 0.0014, 0.0014, 0.0014, 0.0014, 0.0014, 0.0014, 0.0014, 0.0014, 0.0014, 0.0014, 0.0014, 0.0014, 0.0014, 0.0014, 0.0014, 0.0014, 0.0014, 0.0014, 0.0014, 0.0014, 0.0014, 0.0014, 0.0014, 0.0014, 0.0014, 0.0014, 0.0014, 0.0014, 0.0014, 0.0014, 0.0014, 0.0014, 0.0014, 0.0014, 0.0014, 0.0014, 0.0014, 0.0014, 0.0014, 0.0014, 0.0014, 0.0014, 0.0014, 0.0014, 0.0014, 0.0014, 0.0014, 0.0014, 0.0014, 0.0014, 0.0014, 0.0014, 0.0014, 0.0014, 0.0014, 0.0014, 0.0014, 0.0014, 0.0014, 0.0014, 0.0014, 0.0014, 0.0014, 0.0014, 0.0014, 0.0014, 0.0014, 0.0014, 0.0014, 0.0014, 0.0014, 0.0014, 0.0014, 0.0014, 0.0014, 0.0014, 0.0014, 0.0014, 0.0014, 0.0014, 0.0014, 0.0014, 0.0014, 0.0014, 0.0014, 0.0014, 0.0014, 0.0014, 0.0014, 0.0014, 0.0014, 0.0014, 0.0014, 0.0014, 0.0014, 0.0014, 0.0014, 0.0014, 0.0014, 0.0014, 0.0014, 0.0014, 0.0014, 0.0014, 0.0014, 0.0014, 0.0014, 0.0014, 0.0014, 0.0014, 0.0014, 0.0014, 0.0014, 0.0014, 0.0014, 0.0014, 0.0014, 0.0014, 0.0014, 0.0014, 0.0014, 0.0014, 0.0014, 0.0014, 0.0014, 0.0014, 0.0014, 0.0014, 0.0014, 0.0014, 0.0014, 0.0014, 0.0014, 0.0014, 0.0014, 0.0014, 0.0014, 0.0014, 0.0014, 0.0014, 0.0014, 0.0014, 0.0014, 0.0014, 0.0014, 0.0014, 0.0014, 0.0014, 0.0014, 0.0014, 0.0014, 0.0014, 0.0014, 0.0014, 0.0014, 0.0014, 0.0014, 0.0014, 0.0014, 0.0014, 0.0014, 0.0014, 0.0014, 0.0014, 0.0014, 0.0014, 0.0014, 0.0014, 0.0014, 0.0014, 0.0014, 0.0014, 0.0014, 0.0014, 0.0014, 0.0014, 0.0014, 0.0014, 0.0014, 0.0014, 0.0014, 0.0014, 0.0014, 0.0014, 0.0014, 0.0014, 0.0014, 0.0014, 0.0014, 0.0014, 0.0014, 0.0014, 0.0014, 0.0014, 0.0014, 0.0014, 0.0014, 0.0014, 0.0014, 0.0014, 0.0014, 0.0014, 0.0014, 0.0014, 0.0014, 0.0014, 0.0014, 0.0014, 0.0014, 0.0014, 0.0014, 0.0014, 0.0014, 0.0014, 0.0014, 0.0014, 0.0014, 0.0014, 0.0014, 0.0014, 0.0014, 0.0014, 0.0014, 0.0014, 0.0014, 0.0014, 0.0014, 0.0014, 0.0014, 0.0014, 0.0014, 0.0014, 0.0014, 0.0014, 0.0014, 0.0014, 0.0014, 0.0014, 0.0014, 0.0014, 0.0014, 0.0014, 0.0014, 0.0014, 0.0014, 0.0014, 0.0014, 0.0014, 0.0014, 0.0014, 0.0014, 0.0014, 0.0014, 0.0014, 0.0014, 0.0014, 0.0014, 0.0014, 0.0014, 0.0014, 0.0014, 0.0014, 0.0014, 0.0014, 0.0014, 0.0014, 0.0014, 0.0014, 0.0014, 0.0014, 0.0014, 0.0014, 0.0014, 0.0014, 0.0014, 0.0014, 0.0014, 0.0014, 0.0014, 0.0014, 0.0014, 0.0014, 0.0014, 0.0014, 0.0014, 0.0014, 0.0014, 0.0014, 0.0014, 0.0014, 0.0014, 0.0014, 0.0014, 0.0014, 0.0014, 0.0014, 0.0014, 0.0014, 0.0014, 0.0014, 0.0014, 0.0014, 0.0014, 0.0014, 0.0014, 0.0014, 0.0014, 0.0014, 0.0014, 0.0014, 0.0014, 0.0014, 0.0014, 0.0014, 0.0014, 0.0014, 0.0014, 0.0014, 0.0014, 0.0014, 0.0014, 0.0014, 0.0014, 0.0014, 0.0014, 0.0014, 0.0014, 0.0014, 0.0014, 0.0014, 0.0014, 0.0014, 0.0014, 0.0014, 0.0014, 0.0014, 0.0014, 0.0014, 0.0014, 0.0014, 0.0014, 0.0014, 0.0014, 0.0014, 0.0014, 0.0014, 0.0014, 0.0014, 0.0014, 0.0014, 0.0014, 0.0014, 0.0014, 0.0014, 0.0014, 0.0014, 0.0014, 0.0014, 0.0014, 0.0014, 0.0014, 0.0014, 0.0014, 0.0014, 0.0014, 0.0014, 0.0014, 0.0014, 0.0014, 0.0014, 0.0014, 0.0014, 0.0014, 0.0014, 0.0014, 0.0014, 0.0014, 0.0014, 0.0014, 0.0014, 0.0014, 0.0014, 0.0014, 0.0014, 0.0014, 0.0014, 0.0014, 0.0014, 0.0014, 0.0014, 0.0014, 0.0014, 0.0014, 0.0014, 0.0014, 0.0014, 0.0014, 0.0014, 0.0014, 0.0014, 0.0014, 0.0014, 0.0014, 0.0014, 0.0014, 0.0014, 0.0014, 0.0014, 0.0014, 0.0014, 0.0014, 0.0014, 0.0014, 0.0014, 0.0014, 0.0014, 0.0014, 0.0014, 0.0014, 0.0014, 0.0014, 0.0014, 0.0014, 0.0014, 0.0014, 0.0014, 0.0014, 0.0014, 0.0014, 0.0014, 0.0014, 0.0014, 0.0014, 0.0014, 0.0014, 0.0014, 0.0014, 0.0014, 0.0014, 0.0014, 0.0014, 0.0014, 0.0014, 0.0014, 0.0014, 0.0014, 0.0014, 0.0014, 0.0014, 0.0014, 0.0014, 0.0014, 0.0014, 0.0014, 0.0014, 0.0014, 0.0014, 0.0014, 0.0014, 0.0014, 0.0014, 0.0014, 0.0014, 0.0014, 0.0014, 0.0014, 0.0014, 0.0014, 0.0014, 0.0014, 0.0014, 0.0014, 0.0014, 0.0014, 0.0014, 0.0014, 0.0014, 0.0014, 0.0014, 0.0014, 0.0014, 0.0014, 0.0014, 0.0014, 0.0014, 0.0014, 0.0014, 0.0014, 0.0014, 0.0014, 0.0014, 0.0014, 0.0014, 0.0014, 0.0014, 0.0014, 0.0014, 0.0014, 0.0014, 0.0014, 0.0014, 0.0014, 0.0014, 0.0014, 0.0014, 0.0014, 0.0014, 0.0014, 0.0014, 0.0014, 0.0014, 0.0014, 0.0014, 0.0014, 0.0014, 0.0014, 0.0014, 0.0014, 0.0014, 0.0014, 0.0014, 0.0014, 0.0014, 0.0014, 0.0014, 0.0014, 0.0014, 0.0014, 0.0014, 0.0014, 0.0014, 0.0014, 0.0014, 0.0014, 0.0014, 0.0014, 0.0014, 0.0014, 0.0014, 0.0014, 0.0014, 0.0014, 0.0014, 0.0014, 0.0014, 0.0014, 0.0014, 0.0014, 0.0014, 0.0014, 0.0014, 0.0014, 0.0014, 0.0014, 0.0014, 0.0014, 0.0014, 0.0014, 0.0014, 0.0014, 0.0014, 0.0014, 0.0014, 0.0014, 0.0014, 0.0014, 0.0014, 0.0014, 0.0014, 0.0014, 0.0014, 0.0014, 0.0014, 0.0014, 0.0014, 0.0014, 0.0014, 0.0014, 0.0014, 0.0014, 0.0014, 0.0014, 0.0014, 0.0014, 0.0014, 0.0014, 0.0014, 0.0014, 0.0014, 0.0014, 0.0014, 0.0014, 0.0014, 0.0014, 0.0014, 0.0014, 0.0014, 0.0014, 0.0014, 0.0014, 0.0014, 0.0014, 0.0014, 0.0014, 0.0014, 0.0014, 0.0014, 0.0014, 0.0014, 0.0014, 0.0014, 0.0014, 0.0014, 0.0014, 0.0014, 0.0014, 0.0014, 0.0014, 0.0014, 0.0014, 0.0014, 0.0014, 0.0014, 0.0014, 0.0014, 0.0014, 0.0014, 0.0014, 0.0014, 0.0014, 0.0014, 0.0014, 0.0014, 0.0014, 0.0014, 0.0014, 0.0014, 0.0014, 0.0014, 0.0014, 0.0014, 0.0014, 0.0014, 0.0014, 0.0014, 0.0014, 0.0014, 0.0014, 0.0014, 0.0014, 0.0014, 0.0014, 0.0014, 0.0014, 0.0014, 0.0014, 0.0014, 0.0014, 0.0014, 0.0014, 0.0014, 0.0014, 0.0014, 0.0014, 0.0014, 0.0014, 0.0014, 0.0014, 0.0014, 0.0014, 0.0014, 0.0014, 0.0014, 0.0014, 0.0014, 0.0014, 0.0014, 0.0014, 0.0014, 0.0014, 0.0014, 0.0014, 0.0014, 0.0014, 0.0014, 0.0014, 0.0014, 0.0014, 0.0014, 0.0014, 0.0014, 0.0014, 0.0014, 0.0014, 0.0014, 0.0014, 0.0014, 0.0014, 0.0014, 0.0014, 0.0014, 0.0014, 0.0014, 0.0014, 0.0014, 0.0014, 0.0014, 0.0014, 0.0014, 0.0014, 0.0014, 0.0014, 0.0014, 0.0014, 0.0014, 0.0014, 0.0014, 0.0014, 0.0014, 0.0014, 0.0014, 0.0014, 0.0014, 0.0014, 0.0014, 0.0014, 0.0014, 0.0014, 0.0014, 0.0014, 0.0014, 0.0014, 0.0014, 0.0014, 0.0014, 0.0014, 0.0014, 0.0014, 0.0014, 0.0014, 0.0014, 0.0014, 0.0014, 0.0014, 0.0014, 0.0014, 0.0014, 0.0014, 0.0014, 0.0014, 0.0014, 0.0014, 0.0014, 0.0014, 0.0014, 0.0014, 0.0014, 0.0014, 0.0014, 0.0014, 0.0014, 0.0014, 0.0014, 0.0014, 0.0014, 0.0014, 0.0014, 0.0014, 0.0014, 0.0014, 0.0014, 0.0014, 0.0014, 0.0014, 0.0014, 0.0014, 0.0014, 0.0014, 0.0014, 0.0014, 0.0014, 0.0014, 0.0014, 0.0014, 0.0014, 0.0014, 0.0014, 0.0014, 0.0014, 0.0014, 0.0014, 0.0014, 0.0014, 0.0014, 0.0014, 0.0014, 0.0014, 0.0014, 0.0014, 0.0014, 0.0014, 0.0014, 0.0014, 0.0014, 0.0014, 0.0014, 0.0014, 0.0014, 0.0014, 0.0014, 0.0014, 0.0014, 0.0014, 0.0014, 0.0014, 0.0014, 0.0014, 0.0014, 0.0014, 0.0014, 0.0014, 0.0014, 0.0014, 0.0014, 0.0014, 0.0014, 0.0014, 0.0014, 0.0014, 0.0014, 0.0014, 0.0014, 0.0014, 0.0014, 0.0014, 0.0014, 0.0014, 0.0014, 0.0014, 0.0014, 0.0014, 0.0014, 0.0014, 0.0014, 0.0014, 0.0014, 0.0014, 0.0014, 0.0014, 0.0014, 0.0014, 0.0014, 0.0014, 0.0014, 0.0014, 0.0014, 0.0014, 0.0014, 0.0014, 0.0014, 0.0014, 0.0014, 0.0014, 0.0014, 0.0014, 0.0014, 0.0014, 0.0014, 0.0014, 0.0014, 0.0014, 0.0014, 0.0014, 0.0014, 0.0014, 0.0014, 0.0014, 0.0014, 0.0014, 0.0014, 0.0014, 0.0014, 0.0014, 0.0014, 0.0014, 0.0014, 0.0014, 0.0014, 0.0014, 0.0014, 0.0014, 0.0014, 0.0014, 0.0014, 0.0014, 0.0014, 0.0014, 0.0014, 0.0014, 0.0014, 0.0014, 0.0014, 0.0014, 0.0014, 0.0014, 0.0014, 0.0014, 0.0014, 0.0014, 0.0014, 0.0014, 0.0014, 0.0014, 0.0014, 0.0014, 0.0014, 0.0014, 0.0014, 0.0014, 0.0014, 0.0014, 0.0014, 0.0014, 0.0014, 0.0014, 0.0014, 0.0014, 0.0014, 0.0014, 0.0014, 0.0014, 0.0014, 0.0014, 0.0014, 0.0014, 0.0014, 0.0014, 0.0014, 0.0014, 0.0014, 0.0014, 0.0014, 0.0014, 0.0014, 0.0014, 0.0014, 0.0014, 0.0014, 0.0014, 0.0014, 0.0014, 0.0014, 0.0014, 0.0014, 0.0014, 0.0014, 0.0014, 0.0014, 0.0014, 0.0014, 0.0014, 0.0014, 0.0014, 0.0014, 0.0014, 0.0014, 0.0014, 0.0014, 0.0014, 0.0014, 0.0014, 0.0014, 0.0014, 0.0014, 0.0014, 0.0014, 0.0014, 0.0014, 0.0014, 0.0014, 0.0014, 0.0014, 0.0014, 0.0014, 0.0014, 0.0014, 0.0014, 0.0014, 0.0014, 0.0014, 0.0014, 0.0014, 0.0014, 0.0014, 0.0014, 0.0014, 0.0014, 0.0014, 0.0014, 0.0014, 0.0014, 0.0014, 0.0014, 0.0014, 0.0014, 0.0014, 0.0014, 0.0014, 0.0014, 0.0014, 0.0014, 0.0014, 0.0014, 0.0014, 0.0014, 0.0014, 0.0014, 0.0014, 0.0014, 0.0014, 0.0014, 0.0014, 0.0014, 0.0014, 0.0014, 0.0014, 0.0014, 0.0014, 0.0014, 0.0014, 0.0014, 0.0014, 0.0014, 0.0014, 0.0014, 0.0014, 0.0014, 0.0014, 0.0014, 0.0014, 0.0014, 0.0014, 0.0014, 0.0014, 0.0014, 0.0014, 0.0014, 0.0014, 0.0014, 0.0014, 0.0014, 0.0014, 0.0014, 0.0014, 0.0014, 0.0014, 0.0014, 0.0014, 0.0014, 0.0014, 0.0014, 0.0014, 0.0014, 0.0014, 0.0014, 0.0014, 0.0014, 0.0014, 0.0014, 0.0014, 0.0014, 0.0014, 0.0014, 0.0014, 0.0014, 0.0014, 0.0014, 0.0014, 0.0014, 0.0014, 0.0014, 0.0014, 0.0014, 0.0014, 0.0014, 0.0014, 0.0014, 0.0014, 0.0014, 0.0014, 0.0014, 0.0014, 0.0014, 0.0014, 0.0014, 0.0014, 0.0014, 0.0014, 0.0014, 0.0014, 0.0014, 0.0014, 0.0014, 0.0014, 0.0014, 0.0014, 0.0014, 0.0014, 0.0014, 0.0014, 0.0014, 0.0014, 0.0014, 0.0014, 0.0014, 0.0014, 0.0014, 0.0014, 0.0014, 0.0014, 0.0014, 0.0014, 0.0014, 0.0014, 0.0014, 0.0014, 0.0014, 0.0014, 0.0014, 0.0014, 0.0014, 0.0014, 0.0014, 0.0014, 0.0014, 0.0014, 0.0014, 0.0014, 0.0014, 0.0014, 0.0014, 0.0014, 0.0014, 0.0014, 0.0014, 0.0014, 0.0014, 0.0014, 0.0014, 0.0014, 0.0014, 0.0014, 0.0014, 0.0014, 0.0014, 0.0014, 0.0014, 0.0014, 0.0014, 0.0014, 0.0014, 0.0014, 0.0014, 0.0014, 0.0014, 0.0014, 0.0014, 0.0014, 0.0014, 0.0014, 0.0014, 0.0014, 0.0014, 0.0014, 0.0014, 0.0014, 0.0014, 0.0014, 0.0014, 0.0014, 0.0014, 0.0014, 0.0014, 0.0014, 0.0014, 0.0014, 0.0014, 0.0014, 0.0014, 0.0014, 0.0014, 0.0014, 0.0014, 0.0014, 0.0014, 0.0014, 0.0014, 0.0014, 0.0014, 0.0014, 0.0014, 0.0014, 0.0014, 0.0014, 0.0014, 0.0014, 0.0014, 0.0014, 0.0014, 0.0014, 0.0014, 0.0014, 0.0014, 0.0014, 0.0014, 0.0014, 0.0014, 0.0014, 0.0014, 0.0014, 0.0014, 0.0014, 0.0014, 0.0014, 0.0014, 0.0014, 0.0014, 0.0014, 0.0014, 0.0014, 0.0014, 0.0014, 0.0014, 0.0014, 0.0014, 0.0014, 0.0014, 0.0014, 0.0014, 0.0014, 0.0014, 0.0014, 0.0014, 0.0014, 0.0014, 0.0014, 0.0014, 0.0014, 0.0014, 0.0014, 0.0014, 0.0014, 0.0014, 0.0014, 0.0014, 0.0014, 0.0014, 0.0014, 0.0014, 0.0014, 0.0014, 0.0014, 0.0014, 0.0014, 0.0014, 0.0014, 0.0014, 0.0014, 0.0014, 0.0014, 0.0014, 0.0014, 0.0014, 0.0014, 0.0014, 0.0014, 0.0014, 0.0014, 0.0014, 0.0014, 0.0014, 0.0014, 0.0014, 0.0014, 0.0014, 0.0014, 0.0014, 0.0014, 0.0014, 0.0014, 0.0014, 0.0014, 0.0014, 0.0014, 0.0014, 0.0014, 0.0014, 0.0014, 0.0014, 0.0014, 0.0014, 0.0014, 0.0014, 0.0014, 0.0014, 0.0014, 0.0014, 0.0014, 0.0014, 0.0014, 0.0014, 0.0014, 0.0014, 0.0014, 0.0014, 0.0014, 0.0014, 0.0014, 0.0014, 0.0014, 0.0014, 0.0014, 0.0014, 0.0014, 0.0014, 0.0014, 0.0014, 0.0014, 0.0014, 0.0014, 0.0014, 0.0014, 0.0014, 0.0014, 0.0014, 0.0014, 0.0014, 0.0014, 0.0014, 0.0014, 0.0014, 0.0014, 0.0014, 0.0014, 0.0014, 0.0014, 0.0014, 0.0014, 0.0014, 0.0014, 0.0014, 0.0014, 0.0014, 0.0014, 0.0014, 0.0014, 0.0014, 0.0014, 0.0014, 0.0014, 0.0014, 0.0014, 0.0014, 0.0014, 0.0014, 0.0014, 0.0014, 0.0014, 0.0014, 0.0014, 0.0014, 0.0014, 0.0014, 0.0014, 0.0014, 0.0014, 0.0014, 0.0014, 0.0014, 0.0014, 0.0014, 0.0014, 0.0014, 0.0014, 0.0014, 0.0014, 0.0014, 0.0014, 0.0014, 0.0014, 0.0014, 0.0014, 0.0014, 0.0014, 0.0014, 0.0014, 0.0014, 0.0014, 0.0014, 0.0014, 0.0014, 0.0014, 0.0014, 0.0014, 0.0014, 0.0014, 0.0014, 0.0014, 0.0014, 0.0014, 0.0014, 0.0014, 0.0014, 0.0014, 0.0014, 0.0014, 0.0014, 0.0014, 0.0014, 0.0014, 0.0014, 0.0014, 0.0014, 0.0014, 0.0014, 0.0014, 0.0014, 0.0014, 0.0014, 0.0014, 0.0014, 0.0014, 0.0014, 0.0014, 0.0014, 0.0014, 0.0014, 0.0014, 0.0014, 0.0014, 0.0014, 0.0014, 0.0014, 0.0014, 0.0014, 0.0014, 0.0014, 0.0014, 0.0014, 0.0014, 0.0014, 0.0014, 0.0014, 0.0014, 0.0014, 0.0014, 0.0014, 0.0014, 0.0014, 0.0014, 0.0014, 0.0014, 0.0014, 0.0014, 0.0014, 0.0014, 0.0014, 0.0014, 0.0014, 0.0014, 0.0014, 0.0014, 0.0014, 0.0014, 0.0014, 0.0014, 0.0014, 0.0014, 0.0014, 0.0014, 0.0014, 0.0014, 0.0014, 0.0014, 0.0014, 0.0014, 0.0014, 0.0014, 0.0014, 0.0014, 0.0014, 0.0014, 0.0014, 0.0014, 0.0014, 0.0014, 0.0014, 0.0014, 0.0014, 0.0014, 0.0014, 0.0014, 0.0014, 0.0014, 0.0014, 0.0014, 0.0014, 0.0014, 0.0014, 0.0014, 0.0014, 0.0014, 0.0014, 0.0014, 0.0014, 0.0014, 0.0014, 0.0014, 0.0014, 0.0014, 0.0014, 0.0014, 0.0014, 0.0014, 0.0014, 0.0014, 0.0014, 0.0014, 0.0014, 0.0014, 0.0014, 0.0014, 0.0014, 0.0014, 0.0014, 0.0014, 0.0014, 0.0014, 0.0014, 0.0014, 0.0014, 0.0014, 0.0014, 0.0014, 0.0014, 0.0014, 0.0014, 0.0014, 0.0014, 0.0014, 0.0014, 0.0014, 0.0014, 0.0014, 0.0014, 0.0014, 0.0014, 0.0014, 0.0014, 0.0014, 0.0014, 0.0014, 0.0014, 0.0014, 0.0014, 0.0014, 0.0014, 0.0014, 0.0014, 0.0014, 0.0014, 0.0014, 0.0014, 0.0014, 0.0014, 0.0014, 0.0014, 0.0014, 0.0014, 0.0014, 0.0014, 0.0014, 0.0014, 0.0014, 0.0014, 0.0014, 0.0014, 0.0014, 0.0014, 0.0014, 0.0014, 0.0014, 0.0014, 0.0014, 0.0014, 0.0014, 0.0014, 0.0014, 0.0014, 0.0014, 0.0014, 0.0014, 0.0014, 0.0014, 0.0014, 0.0014, 0.0014, 0.0014, 0.0014, 0.0014, 0.0014, 0.0014, 0.0014, 0.0014, 0.0014, 0.0014, 0.0014, 0.0014, 0.0014, 0.0014, 0.0014, 0.0014, 0.0014, 0.0014, 0.0014, 0.0014, 0.0014, 0.0014, 0.0014, 0.0014, 0.0014, 0.0014, 0.0014, 0.0014, 0.0014, 0.0014, 0.0014, 0.0014, 0.0014, 0.0014, 0.0014, 0.0014, 0.0014, 0.0014, 0.0014, 0.0014, 0.0014, 0.0014, 0.0014, 0.0014, 0.0014, 0.0014, 0.0014, 0.0014, 0.0014, 0.0014, 0.0014, 0.0014, 0.0014, 0.0014, 0.0014, 0.0014, 0.0014, 0.0014, 0.0014, 0.0014, 0.0014, 0.0014, 0.0014, 0.0014, 0.0014, 0.0014, 0.0014, 0.0014, 0.0014, 0.0014, 0.0014, 0.0014, 0.0014, 0.0014, 0.0014, 0.0014, 0.0014, 0.0014, 0.0014, 0.0014, 0.0014, 0.0014, 0.0014, 0.0014, 0.0014, 0.0014, 0.0014, 0.0014, 0.0014, 0.0014, 0.0014, 0.0014, 0.0014, 0.0014, 0.0014, 0.0014, 0.0014, 0.0014, 0.0014, 0.0014, 0.0014, 0.0014, 0.0014, 0.0014, 0.0014, 0.0014, 0.0014, 0.0014, 0.0014, 0.0014, 0.0014, 0.0014, 0.0014, 0.0014, 0.0014, 0.0014, 0.0014, 0.0014, 0.0014, 0.0014, 0.0014, 0.0014, 0.0014, 0.0014, 0.0014, 0.0014, 0.0014, 0.0014, 0.0014, 0.0014, 0.0014, 0.0014, 0.0014, 0.0014, 0.0014, 0.0014, 0.0014, 0.0014, 0.0014, 0.0014, 0.0014, 0.0014, 0.0014, 0.0014, 0.0014, 0.0014, 0.0014, 0.0014, 0.0014, 0.0014, 0.0014, 0.0014, 0.0014, 0.0014, 0.0014, 0.0014, 0.0014, 0.0014, 0.0014, 0.0014, 0.0014, 0.0014, 0.0014, 0.0014, 0.0014, 0.0014, 0.0014, 0.0014, 0.0014, 0.0014, 0.0014, 0.0014, 0.0014, 0.0014, 0.0014, 0.0014, 0.0014, 0.0014, 0.0014, 0.0014, 0.0014, 0.0014] (
            interpolation = "vertex"
        )
        uniform token wrap = "nonperiodic"
    }

    def BasisCurves "Width_Blend"
    {
        int[] curveVertexCounts = [6, 6, 6, 6, 6, 6, 6, 6, 6, 6, 6, 6, 6, 6, 6, 6, 6, 6, 6, 6, 6, 6, 6, 6, 6, 6, 6, 6, 6, 6, 6, 6, 6, 6, 6, 6, 6, 6, 6, 6, 6, 6, 6, 6, 6, 6, 6, 6, 6, 6, 6, 6, 6, 6, 6, 6, 6, 6, 6, 6, 6, 6, 6, 6, 6, 6, 6, 6, 6, 6, 6, 6, 6, 6, 6, 6, 6, 6, 6, 6, 6, 6, 6, 6, 6, 6, 6, 6, 6, 6, 6, 6, 6, 6, 6, 6, 6, 6, 6, 6, 6, 6, 6, 6, 6, 6, 6, 6, 6, 6, 6, 6, 6, 6, 6, 6, 6, 6, 6, 6, 6, 6, 6, 6, 6, 6, 6, 6, 6, 6, 6, 6, 6, 6, 6, 6, 6, 6, 6, 6, 6, 6, 6, 6, 6, 6, 6, 6, 6, 6, 6, 6, 6, 6, 6, 6, 6, 6, 6, 6, 6, 6, 6, 6, 6, 6, 6, 6, 6, 6, 6, 6, 6, 6, 6, 6, 6, 6, 6, 6, 6, 6, 6, 6, 6, 6, 6, 6, 6, 6, 6, 6, 6, 6, 6, 6, 6, 6, 6, 6, 6, 6, 6, 6, 6, 6, 6, 6, 6, 6, 6, 6, 6, 6, 6, 6, 6, 6, 6, 6, 6, 6, 6, 6, 6, 6, 6, 6, 6, 6, 6, 6, 6, 6, 6, 6, 6, 6, 6, 6, 6, 6, 6, 6, 6, 6, 6, 6, 6, 6, 6, 6, 6, 6, 6, 6, 6, 6, 6, 6, 6, 6, 6, 6, 6, 6, 6, 6, 6, 6, 6, 6, 6, 6, 6, 6, 6, 6, 6, 6, 6, 6, 6, 6, 6, 6, 6, 6, 6, 6, 6, 6, 6, 6, 6, 6, 6, 6, 6, 6, 6, 6, 6, 6, 6, 6, 6, 6, 6, 6, 6, 6, 6, 6, 6, 6, 6, 6, 6, 6, 6, 6, 6, 6, 6, 6, 6, 6, 6, 6, 6, 6, 6, 6, 6, 6, 6, 6, 6, 6, 6, 6, 6, 6, 6, 6, 6, 6, 6, 6, 6, 6, 6, 6, 6, 6, 6, 6, 6, 6, 6]
        point3f[] points = [(-0.072000004, -0.072000004, 0), (-0.07152, -0.071720004, 0.035), (-0.070080005, -0.07088, 0.07), (-0.06768, -0.06948, 0.105000004), (-0.064320005, -0.06752001, 0.14), (-0.060000002, -0.065000005, 0.175), (-0.064, -0.072000004, 0), (-0.06352, -0.071720004, 0.035), (-0.062080003, -0.07088, 0.07), (-0.059680004, -0.06948, 0.105000004), (-0.056320004, -0.06752001, 0.14), (-0.052, -0.065000005, 0.175), (-0.056, -0.072000004, 0), (-0.05552, -0.071720004, 0.035), (-0.054080002, -0.07088, 0.07), (-0.051680002, -0.06948, 0.105000004), (-0.048320003, -0.06752001, 0.14), (-0.044, -0.065000005, 0.175), (-0.048, -0.072000004, 0), (-0.04752, -0.071720004, 0.035), (-0.04608, -0.07088, 0.07), (-0.04368, -0.06948, 0.105000004), (-0.04032, -0.06752001, 0.14), (-0.036, -0.065000005, 0.175), (-0.040000003, -0.072000004, 0), (-0.039520003, -0.071720004, 0.035), (-0.038080003, -0.07088, 0.07), (-0.035680003, -0.06948, 0.105000004), (-0.032320004, -0.06752001, 0.14), (-0.028000003, -0.065000005, 0.175), (-0.032, -0.072000004, 0), (-0.03152, -0.071720004, 0.035), (-0.030080002, -0.07088, 0.07), (-0.027680002, -0.06948, 0.105000004), (-0.02432, -0.06752001, 0.14), (-0.020000001, -0.065000005, 0.175), (-0.024, -0.072000004, 0), (-0.02352, -0.071720004, 0.035), (-0.02208, -0.07088, 0.07), (-0.01968, -0.06948, 0.105000004), (-0.01632, -0.06752001, 0.14), (-0.012, -0.065000005, 0.175), (-0.016, -0.072000004, 0), (-0.015520001, -0.071720004, 0.035), (-0.014080001, -0.07088, 0.07), (-0.01168, -0.06948, 0.105000004), (-0.00832, -0.06752001, 0.14), (-0.0040000007, -0.065000005, 0.175), (-0.008, -0.072000004, 0), (-0.0075200005, -0.071720004, 0.035), (-0.00608, -0.07088, 0.07), (-0.00368, -0.06948, 0.105000004), (-0.0003200001, -0.06752001, 0.14), (0.0039999997, -0.065000005, 0.175), (0, -0.072000004, 0), (0.00048000002, -0.071720004, 0.035), (0.0019200001, -0.07088, 0.07), (0.0043200003, -0.06948, 0.105000004), (0.0076800003, -0.06752001, 0.14), (0.012, -0.065000005, 0.175), (0.008, -0.072000004, 0), (0.00848, -0.071720004, 0.035), (0.00992, -0.07088, 0.07), (0.012320001, -0.06948, 0.105000004), (0.01568, -0.06752001, 0.14), (0.02, -0.065000005, 0.175), (0.016, -0.072000004, 0), (0.01648, -0.071720004, 0.035), (0.01792, -0.07088, 0.07), (0.020320002, -0.06948, 0.105000004), (0.023680001, -0.06752001, 0.14), (0.028, -0.065000005, 0.175), (0.024, -0.072000004, 0), (0.02448, -0.071720004, 0.035), (0.02592, -0.07088, 0.07), (0.02832, -0.06948, 0.105000004), (0.03168, -0.06752001, 0.14), (0.036, -0.065000005, 0.175), (0.032, -0.072000004, 0), (0.03248, -0.071720004, 0.035), (0.03392, -0.07088, 0.07), (0.03632, -0.06948, 0.105000004), (0.03968, -0.06752001, 0.14), (0.044, -0.065000005, 0.175), (0.040000003, -0.072000004, 0), (0.040480003, -0.071720004, 0.035), (0.041920003, -0.07088, 0.07), (0.044320002, -0.06948, 0.105000004), (0.04768, -0.06752001, 0.14), (0.052, -0.065000005, 0.175), (0.048, -0.072000004, 0), (0.04848, -0.071720004, 0.035), (0.04992, -0.07088, 0.07), (0.05232, -0.06948, 0.105000004), (0.05568, -0.06752001, 0.14), (0.060000002, -0.065000005, 0.175), (0.056, -0.072000004, 0), (0.05648, -0.071720004, 0.035), (0.05792, -0.07088, 0.07), (0.06032, -0.06948, 0.105000004), (0.06368, -0.06752001, 0.14), (0.068, -0.065000005, 0.175), (0.064, -0.072000004, 0), (0.06448001, -0.071720004, 0.035), (0.06592, -0.07088, 0.07), (0.068320006, -0.06948, 0.105000004), (0.07168, -0.06752001, 0.14), (0.076000005, -0.065000005, 0.175), (0.072000004, -0.072000004, 0), (0.07248001, -0.071720004, 0.035), (0.073920004, -0.07088, 0.07), (0.07632001, -0.06948, 0.105000004), (0.07968, -0.06752001, 0.14), (0.08400001, -0.065000005, 0.175), (-0.072000004, -0.064, 0), (-0.07152, -0.06372, 0.035), (-0.070080005, -0.06288, 0.07), (-0.06768, -0.061480004, 0.105000004), (-0.064320005, -0.059520002, 0.14), (-0.060000002, -0.057000004, 0.175), (-0.064, -0.064, 0), (-0.06352, -0.06372, 0.035), (-0.062080003, -0.06288, 0.07), (-0.059680004, -0.061480004, 0.105000004), (-0.056320004, -0.059520002, 0.14), (-0.052, -0.057000004, 0.175), (-0.056, -0.064, 0), (-0.05552, -0.06372, 0.035), (-0.054080002, -0.06288, 0.07), (-0.051680002, -0.061480004, 0.105000004), (-0.048320003, -0.059520002, 0.14), (-0.044, -0.057000004, 0.175), (-0.048, -0.064, 0), (-0.04752, -0.06372, 0.035), (-0.04608, -0.06288, 0.07), (-0.04368, -0.061480004, 0.105000004), (-0.04032, -0.059520002, 0.14), (-0.036, -0.057000004, 0.175), (-0.040000003, -0.064, 0), (-0.039520003, -0.06372, 0.035), (-0.038080003, -0.06288, 0.07), (-0.035680003, -0.061480004, 0.105000004), (-0.032320004, -0.059520002, 0.14), (-0.028000003, -0.057000004, 0.175), (-0.032, -0.064, 0), (-0.03152, -0.06372, 0.035), (-0.030080002, -0.06288, 0.07), (-0.027680002, -0.061480004, 0.105000004), (-0.02432, -0.059520002, 0.14), (-0.020000001, -0.057000004, 0.175), (-0.024, -0.064, 0), (-0.02352, -0.06372, 0.035), (-0.02208, -0.06288, 0.07), (-0.01968, -0.061480004, 0.105000004), (-0.01632, -0.059520002, 0.14), (-0.012, -0.057000004, 0.175), (-0.016, -0.064, 0), (-0.015520001, -0.06372, 0.035), (-0.014080001, -0.06288, 0.07), (-0.01168, -0.061480004, 0.105000004), (-0.00832, -0.059520002, 0.14), (-0.0040000007, -0.057000004, 0.175), (-0.008, -0.064, 0), (-0.0075200005, -0.06372, 0.035), (-0.00608, -0.06288, 0.07), (-0.00368, -0.061480004, 0.105000004), (-0.0003200001, -0.059520002, 0.14), (0.0039999997, -0.057000004, 0.175), (0, -0.064, 0), (0.00048000002, -0.06372, 0.035), (0.0019200001, -0.06288, 0.07), (0.0043200003, -0.061480004, 0.105000004), (0.0076800003, -0.059520002, 0.14), (0.012, -0.057000004, 0.175), (0.008, -0.064, 0), (0.00848, -0.06372, 0.035), (0.00992, -0.06288, 0.07), (0.012320001, -0.061480004, 0.105000004), (0.01568, -0.059520002, 0.14), (0.02, -0.057000004, 0.175), (0.016, -0.064, 0), (0.01648, -0.06372, 0.035), (0.01792, -0.06288, 0.07), (0.020320002, -0.061480004, 0.105000004), (0.023680001, -0.059520002, 0.14), (0.028, -0.057000004, 0.175), (0.024, -0.064, 0), (0.02448, -0.06372, 0.035), (0.02592, -0.06288, 0.07), (0.02832, -0.061480004, 0.105000004), (0.03168, -0.059520002, 0.14), (0.036, -0.057000004, 0.175), (0.032, -0.064, 0), (0.03248, -0.06372, 0.035), (0.03392, -0.06288, 0.07), (0.03632, -0.061480004, 0.105000004), (0.03968, -0.059520002, 0.14), (0.044, -0.057000004, 0.175), (0.040000003, -0.064, 0), (0.040480003, -0.06372, 0.035), (0.041920003, -0.06288, 0.07), (0.044320002, -0.061480004, 0.105000004), (0.04768, -0.059520002, 0.14), (0.052, -0.057000004, 0.175), (0.048, -0.064, 0), (0.04848, -0.06372, 0.035), (0.04992, -0.06288, 0.07), (0.05232, -0.061480004, 0.105000004), (0.05568, -0.059520002, 0.14), (0.060000002, -0.057000004, 0.175), (0.056, -0.064, 0), (0.05648, -0.06372, 0.035), (0.05792, -0.06288, 0.07), (0.06032, -0.061480004, 0.105000004), (0.06368, -0.059520002, 0.14), (0.068, -0.057000004, 0.175), (0.064, -0.064, 0), (0.06448001, -0.06372, 0.035), (0.06592, -0.06288, 0.07), (0.068320006, -0.061480004, 0.105000004), (0.07168, -0.059520002, 0.14), (0.076000005, -0.057000004, 0.175), (0.072000004, -0.064, 0), (0.07248001, -0.06372, 0.035), (0.073920004, -0.06288, 0.07), (0.07632001, -0.061480004, 0.105000004), (0.07968, -0.059520002, 0.14), (0.08400001, -0.057000004, 0.175), (-0.072000004, -0.056, 0), (-0.07152, -0.05572, 0.035), (-0.070080005, -0.05488, 0.07), (-0.06768, -0.053480003, 0.105000004), (-0.064320005, -0.05152, 0.14), (-0.060000002, -0.049000002, 0.175), (-0.064, -0.056, 0), (-0.06352, -0.05572, 0.035), (-0.062080003, -0.05488, 0.07), (-0.059680004, -0.053480003, 0.105000004), (-0.056320004, -0.05152, 0.14), (-0.052, -0.049000002, 0.175), (-0.056, -0.056, 0), (-0.05552, -0.05572, 0.035), (-0.054080002, -0.05488, 0.07), (-0.051680002, -0.053480003, 0.105000004), (-0.048320003, -0.05152, 0.14), (-0.044, -0.049000002, 0.175), (-0.048, -0.056, 0), (-0.04752, -0.05572, 0.035), (-0.04608, -0.05488, 0.07), (-0.04368, -0.053480003, 0.105000004), (-0.04032, -0.05152, 0.14), (-0.036, -0.049000002, 0.175), (-0.040000003, -0.056, 0), (-0.039520003, -0.05572, 0.035), (-0.038080003, -0.05488, 0.07), (-0.035680003, -0.053480003, 0.105000004), (-0.032320004, -0.05152, 0.14), (-0.028000003, -0.049000002, 0.175), (-0.032, -0.056, 0), (-0.03152, -0.05572, 0.035), (-0.030080002, -0.05488, 0.07), (-0.027680002, -0.053480003, 0.105000004), (-0.02432, -0.05152, 0.14), (-0.020000001, -0.049000002, 0.175), (-0.024, -0.056, 0), (-0.02352, -0.05572, 0.035), (-0.02208, -0.05488, 0.07), (-0.01968, -0.053480003, 0.105000004), (-0.01632, -0.05152, 0.14), (-0.012, -0.049000002, 0.175), (-0.016, -0.056, 0), (-0.015520001, -0.05572, 0.035), (-0.014080001, -0.05488, 0.07), (-0.01168, -0.053480003, 0.105000004), (-0.00832, -0.05152, 0.14), (-0.0040000007, -0.049000002, 0.175), (-0.008, -0.056, 0), (-0.0075200005, -0.05572, 0.035), (-0.00608, -0.05488, 0.07), (-0.00368, -0.053480003, 0.105000004), (-0.0003200001, -0.05152, 0.14), (0.0039999997, -0.049000002, 0.175), (0, -0.056, 0), (0.00048000002, -0.05572, 0.035), (0.0019200001, -0.05488, 0.07), (0.0043200003, -0.053480003, 0.105000004), (0.0076800003, -0.05152, 0.14), (0.012, -0.049000002, 0.175), (0.008, -0.056, 0), (0.00848, -0.05572, 0.035), (0.00992, -0.05488, 0.07), (0.012320001, -0.053480003, 0.105000004), (0.01568, -0.05152, 0.14), (0.02, -0.049000002, 0.175), (0.016, -0.056, 0), (0.01648, -0.05572, 0.035), (0.01792, -0.05488, 0.07), (0.020320002, -0.053480003, 0.105000004), (0.023680001, -0.05152, 0.14), (0.028, -0.049000002, 0.175), (0.024, -0.056, 0), (0.02448, -0.05572, 0.035), (0.02592, -0.05488, 0.07), (0.02832, -0.053480003, 0.105000004), (0.03168, -0.05152, 0.14), (0.036, -0.049000002, 0.175), (0.032, -0.056, 0), (0.03248, -0.05572, 0.035), (0.03392, -0.05488, 0.07), (0.03632, -0.053480003, 0.105000004), (0.03968, -0.05152, 0.14), (0.044, -0.049000002, 0.175), (0.040000003, -0.056, 0), (0.040480003, -0.05572, 0.035), (0.041920003, -0.05488, 0.07), (0.044320002, -0.053480003, 0.105000004), (0.04768, -0.05152, 0.14), (0.052, -0.049000002, 0.175), (0.048, -0.056, 0), (0.04848, -0.05572, 0.035), (0.04992, -0.05488, 0.07), (0.05232, -0.053480003, 0.105000004), (0.05568, -0.05152, 0.14), (0.060000002, -0.049000002, 0.175), (0.056, -0.056, 0), (0.05648, -0.05572, 0.035), (0.05792, -0.05488, 0.07), (0.06032, -0.053480003, 0.105000004), (0.06368, -0.05152, 0.14), (0.068, -0.049000002, 0.175), (0.064, -0.056, 0), (0.06448001, -0.05572, 0.035), (0.06592, -0.05488, 0.07), (0.068320006, -0.053480003, 0.105000004), (0.07168, -0.05152, 0.14), (0.076000005, -0.049000002, 0.175), (0.072000004, -0.056, 0), (0.07248001, -0.05572, 0.035), (0.073920004, -0.05488, 0.07), (0.07632001, -0.053480003, 0.105000004), (0.07968, -0.05152, 0.14), (0.08400001, -0.049000002, 0.175), (-0.072000004, -0.048, 0), (-0.07152, -0.04772, 0.035), (-0.070080005, -0.04688, 0.07), (-0.06768, -0.04548, 0.105000004), (-0.064320005, -0.04352, 0.14), (-0.060000002, -0.041, 0.175), (-0.064, -0.048, 0), (-0.06352, -0.04772, 0.035), (-0.062080003, -0.04688, 0.07), (-0.059680004, -0.04548, 0.105000004), (-0.056320004, -0.04352, 0.14), (-0.052, -0.041, 0.175), (-0.056, -0.048, 0), (-0.05552, -0.04772, 0.035), (-0.054080002, -0.04688, 0.07), (-0.051680002, -0.04548, 0.105000004), (-0.048320003, -0.04352, 0.14), (-0.044, -0.041, 0.175), (-0.048, -0.048, 0), (-0.04752, -0.04772, 0.035), (-0.04608, -0.04688, 0.07), (-0.04368, -0.04548, 0.105000004), (-0.04032, -0.04352, 0.14), (-0.036, -0.041, 0.175), (-0.040000003, -0.048, 0), (-0.039520003, -0.04772, 0.035), (-0.038080003, -0.04688, 0.07), (-0.035680003, -0.04548, 0.105000004), (-0.032320004, -0.04352, 0.14), (-0.028000003, -0.041, 0.175), (-0.032, -0.048, 0), (-0.03152, -0.04772, 0.035), (-0.030080002, -0.04688, 0.07), (-0.027680002, -0.04548, 0.105000004), (-0.02432, -0.04352, 0.14), (-0.020000001, -0.041, 0.175), (-0.024, -0.048, 0), (-0.02352, -0.04772, 0.035), (-0.02208, -0.04688, 0.07), (-0.01968, -0.04548, 0.105000004), (-0.01632, -0.04352, 0.14), (-0.012, -0.041, 0.175), (-0.016, -0.048, 0), (-0.015520001, -0.04772, 0.035), (-0.014080001, -0.04688, 0.07), (-0.01168, -0.04548, 0.105000004), (-0.00832, -0.04352, 0.14), (-0.0040000007, -0.041, 0.175), (-0.008, -0.048, 0), (-0.0075200005, -0.04772, 0.035), (-0.00608, -0.04688, 0.07), (-0.00368, -0.04548, 0.105000004), (-0.0003200001, -0.04352, 0.14), (0.0039999997, -0.041, 0.175), (0, -0.048, 0), (0.00048000002, -0.04772, 0.035), (0.0019200001, -0.04688, 0.07), (0.0043200003, -0.04548, 0.105000004), (0.0076800003, -0.04352, 0.14), (0.012, -0.041, 0.175), (0.008, -0.048, 0), (0.00848, -0.04772, 0.035), (0.00992, -0.04688, 0.07), (0.012320001, -0.04548, 0.105000004), (0.01568, -0.04352, 0.14), (0.02, -0.041, 0.175), (0.016, -0.048, 0), (0.01648, -0.04772, 0.035), (0.01792, -0.04688, 0.07), (0.020320002, -0.04548, 0.105000004), (0.023680001, -0.04352, 0.14), (0.028, -0.041, 0.175), (0.024, -0.048, 0), (0.02448, -0.04772, 0.035), (0.02592, -0.04688, 0.07), (0.02832, -0.04548, 0.105000004), (0.03168, -0.04352, 0.14), (0.036, -0.041, 0.175), (0.032, -0.048, 0), (0.03248, -0.04772, 0.035), (0.03392, -0.04688, 0.07), (0.03632, -0.04548, 0.105000004), (0.03968, -0.04352, 0.14), (0.044, -0.041, 0.175), (0.040000003, -0.048, 0), (0.040480003, -0.04772, 0.035), (0.041920003, -0.04688, 0.07), (0.044320002, -0.04548, 0.105000004), (0.04768, -0.04352, 0.14), (0.052, -0.041, 0.175), (0.048, -0.048, 0), (0.04848, -0.04772, 0.035), (0.04992, -0.04688, 0.07), (0.05232, -0.04548, 0.105000004), (0.05568, -0.04352, 0.14), (0.060000002, -0.041, 0.175), (0.056, -0.048, 0), (0.05648, -0.04772, 0.035), (0.05792, -0.04688, 0.07), (0.06032, -0.04548, 0.105000004), (0.06368, -0.04352, 0.14), (0.068, -0.041, 0.175), (0.064, -0.048, 0), (0.06448001, -0.04772, 0.035), (0.06592, -0.04688, 0.07), (0.068320006, -0.04548, 0.105000004), (0.07168, -0.04352, 0.14), (0.076000005, -0.041, 0.175), (0.072000004, -0.048, 0), (0.07248001, -0.04772, 0.035), (0.073920004, -0.04688, 0.07), (0.07632001, -0.04548, 0.105000004), (0.07968, -0.04352, 0.14), (0.08400001, -0.041, 0.175), (-0.072000004, -0.040000003, 0), (-0.07152, -0.039720003, 0.035), (-0.070080005, -0.03888, 0.07), (-0.06768, -0.037480004, 0.105000004), (-0.064320005, -0.035520002, 0.14), (-0.060000002, -0.033000004, 0.175), (-0.064, -0.040000003, 0), (-0.06352, -0.039720003, 0.035), (-0.062080003, -0.03888, 0.07), (-0.059680004, -0.037480004, 0.105000004), (-0.056320004, -0.035520002, 0.14), (-0.052, -0.033000004, 0.175), (-0.056, -0.040000003, 0), (-0.05552, -0.039720003, 0.035), (-0.054080002, -0.03888, 0.07), (-0.051680002, -0.037480004, 0.105000004), (-0.048320003, -0.035520002, 0.14), (-0.044, -0.033000004, 0.175), (-0.048, -0.040000003, 0), (-0.04752, -0.039720003, 0.035), (-0.04608, -0.03888, 0.07), (-0.04368, -0.037480004, 0.105000004), (-0.04032, -0.035520002, 0.14), (-0.036, -0.033000004, 0.175), (-0.040000003, -0.040000003, 0), (-0.039520003, -0.039720003, 0.035), (-0.038080003, -0.03888, 0.07), (-0.035680003, -0.037480004, 0.105000004), (-0.032320004, -0.035520002, 0.14), (-0.028000003, -0.033000004, 0.175), (-0.032, -0.040000003, 0), (-0.03152, -0.039720003, 0.035), (-0.030080002, -0.03888, 0.07), (-0.027680002, -0.037480004, 0.105000004), (-0.02432, -0.035520002, 0.14), (-0.020000001, -0.033000004, 0.175), (-0.024, -0.040000003, 0), (-0.02352, -0.039720003, 0.035), (-0.02208, -0.03888, 0.07), (-0.01968, -0.037480004, 0.105000004), (-0.01632, -0.035520002, 0.14), (-0.012, -0.033000004, 0.175), (-0.016, -0.040000003, 0), (-0.015520001, -0.039720003, 0.035), (-0.014080001, -0.03888, 0.07), (-0.01168, -0.037480004, 0.105000004), (-0.00832, -0.035520002, 0.14), (-0.0040000007, -0.033000004, 0.175), (-0.008, -0.040000003, 0), (-0.0075200005, -0.039720003, 0.035), (-0.00608, -0.03888, 0.07), (-0.00368, -0.037480004, 0.105000004), (-0.0003200001, -0.035520002, 0.14), (0.0039999997, -0.033000004, 0.175), (0, -0.040000003, 0), (0.00048000002, -0.039720003, 0.035), (0.0019200001, -0.03888, 0.07), (0.0043200003, -0.037480004, 0.105000004), (0.0076800003, -0.035520002, 0.14), (0.012, -0.033000004, 0.175), (0.008, -0.040000003, 0), (0.00848, -0.039720003, 0.035), (0.00992, -0.03888, 0.07), (0.012320001, -0.037480004, 0.105000004), (0.01568, -0.035520002, 0.14), (0.02, -0.033000004, 0.175), (0.016, -0.040000003, 0), (0.01648, -0.039720003, 0.035), (0.01792, -0.03888, 0.07), (0.020320002, -0.037480004, 0.105000004), (0.023680001, -0.035520002, 0.14), (0.028, -0.033000004, 0.175), (0.024, -0.040000003, 0), (0.02448, -0.039720003, 0.035), (0.02592, -0.03888, 0.07), (0.02832, -0.037480004, 0.105000004), (0.03168, -0.035520002, 0.14), (0.036, -0.033000004, 0.175), (0.032, -0.040000003, 0), (0.03248, -0.039720003, 0.035), (0.03392, -0.03888, 0.07), (0.03632, -0.037480004, 0.105000004), (0.03968, -0.035520002, 0.14), (0.044, -0.033000004, 0.175), (0.040000003, -0.040000003, 0), (0.040480003, -0.039720003, 0.035), (0.041920003, -0.03888, 0.07), (0.044320002, -0.037480004, 0.105000004), (0.04768, -0.035520002, 0.14), (0.052, -0.033000004, 0.175), (0.048, -0.040000003, 0), (0.04848, -0.039720003, 0.035), (0.04992, -0.03888, 0.07), (0.05232, -0.037480004, 0.105000004), (0.05568, -0.035520002, 0.14), (0.060000002, -0.033000004, 0.175), (0.056, -0.040000003, 0), (0.05648, -0.039720003, 0.035), (0.05792, -0.03888, 0.07), (0.06032, -0.037480004, 0.105000004), (0.06368, -0.035520002, 0.14), (0.068, -0.033000004, 0.175), (0.064, -0.040000003, 0), (0.06448001, -0.039720003, 0.035), (0.06592, -0.03888, 0.07), (0.068320006, -0.037480004, 0.105000004), (0.07168, -0.035520002, 0.14), (0.076000005, -0.033000004, 0.175), (0.072000004, -0.040000003, 0), (0.07248001, -0.039720003, 0.035), (0.073920004, -0.03888, 0.07), (0.07632001, -0.037480004, 0.105000004), (0.07968, -0.035520002, 0.14), (0.08400001, -0.033000004, 0.175), (-0.072000004, -0.032, 0), (-0.07152, -0.03172, 0.035), (-0.070080005, -0.030880002, 0.07), (-0.06768, -0.029480001, 0.105000004), (-0.064320005, -0.027520001, 0.14), (-0.060000002, -0.025000002, 0.175), (-0.064, -0.032, 0), (-0.06352, -0.03172, 0.035), (-0.062080003, -0.030880002, 0.07), (-0.059680004, -0.029480001, 0.105000004), (-0.056320004, -0.027520001, 0.14), (-0.052, -0.025000002, 0.175), (-0.056, -0.032, 0), (-0.05552, -0.03172, 0.035), (-0.054080002, -0.030880002, 0.07), (-0.051680002, -0.029480001, 0.105000004), (-0.048320003, -0.027520001, 0.14), (-0.044, -0.025000002, 0.175), (-0.048, -0.032, 0), (-0.04752, -0.03172, 0.035), (-0.04608, -0.030880002, 0.07), (-0.04368, -0.029480001, 0.105000004), (-0.04032, -0.027520001, 0.14), (-0.036, -0.025000002, 0.175), (-0.040000003, -0.032, 0), (-0.039520003, -0.03172, 0.035), (-0.038080003, -0.030880002, 0.07), (-0.035680003, -0.029480001, 0.105000004), (-0.032320004, -0.027520001, 0.14), (-0.028000003, -0.025000002, 0.175), (-0.032, -0.032, 0), (-0.03152, -0.03172, 0.035), (-0.030080002, -0.030880002, 0.07), (-0.027680002, -0.029480001, 0.105000004), (-0.02432, -0.027520001, 0.14), (-0.020000001, -0.025000002, 0.175), (-0.024, -0.032, 0), (-0.02352, -0.03172, 0.035), (-0.02208, -0.030880002, 0.07), (-0.01968, -0.029480001, 0.105000004), (-0.01632, -0.027520001, 0.14), (-0.012, -0.025000002, 0.175), (-0.016, -0.032, 0), (-0.015520001, -0.03172, 0.035), (-0.014080001, -0.030880002, 0.07), (-0.01168, -0.029480001, 0.105000004), (-0.00832, -0.027520001, 0.14), (-0.0040000007, -0.025000002, 0.175), (-0.008, -0.032, 0), (-0.0075200005, -0.03172, 0.035), (-0.00608, -0.030880002, 0.07), (-0.00368, -0.029480001, 0.105000004), (-0.0003200001, -0.027520001, 0.14), (0.0039999997, -0.025000002, 0.175), (0, -0.032, 0), (0.00048000002, -0.03172, 0.035), (0.0019200001, -0.030880002, 0.07), (0.0043200003, -0.029480001, 0.105000004), (0.0076800003, -0.027520001, 0.14), (0.012, -0.025000002, 0.175), (0.008, -0.032, 0), (0.00848, -0.03172, 0.035), (0.00992, -0.030880002, 0.07), (0.012320001, -0.029480001, 0.105000004), (0.01568, -0.027520001, 0.14), (0.02, -0.025000002, 0.175), (0.016, -0.032, 0), (0.01648, -0.03172, 0.035), (0.01792, -0.030880002, 0.07), (0.020320002, -0.029480001, 0.105000004), (0.023680001, -0.027520001, 0.14), (0.028, -0.025000002, 0.175), (0.024, -0.032, 0), (0.02448, -0.03172, 0.035), (0.02592, -0.030880002, 0.07), (0.02832, -0.029480001, 0.105000004), (0.03168, -0.027520001, 0.14), (0.036, -0.025000002, 0.175), (0.032, -0.032, 0), (0.03248, -0.03172, 0.035), (0.03392, -0.030880002, 0.07), (0.03632, -0.029480001, 0.105000004), (0.03968, -0.027520001, 0.14), (0.044, -0.025000002, 0.175), (0.040000003, -0.032, 0), (0.040480003, -0.03172, 0.035), (0.041920003, -0.030880002, 0.07), (0.044320002, -0.029480001, 0.105000004), (0.04768, -0.027520001, 0.14), (0.052, -0.025000002, 0.175), (0.048, -0.032, 0), (0.04848, -0.03172, 0.035), (0.04992, -0.030880002, 0.07), (0.05232, -0.029480001, 0.105000004), (0.05568, -0.027520001, 0.14), (0.060000002, -0.025000002, 0.175), (0.056, -0.032, 0), (0.05648, -0.03172, 0.035), (0.05792, -0.030880002, 0.07), (0.06032, -0.029480001, 0.105000004), (0.06368, -0.027520001, 0.14), (0.068, -0.025000002, 0.175), (0.064, -0.032, 0), (0.06448001, -0.03172, 0.035), (0.06592, -0.030880002, 0.07), (0.068320006, -0.029480001, 0.105000004), (0.07168, -0.027520001, 0.14), (0.076000005, -0.025000002, 0.175), (0.072000004, -0.032, 0), (0.07248001, -0.03172, 0.035), (0.073920004, -0.030880002, 0.07), (0.07632001, -0.029480001, 0.105000004), (0.07968, -0.027520001, 0.14), (0.08400001, -0.025000002, 0.175), (-0.072000004, -0.024, 0), (-0.07152, -0.02372, 0.035), (-0.070080005, -0.022880001, 0.07), (-0.06768, -0.02148, 0.105000004), (-0.064320005, -0.01952, 0.14), (-0.060000002, -0.017, 0.175), (-0.064, -0.024, 0), (-0.06352, -0.02372, 0.035), (-0.062080003, -0.022880001, 0.07), (-0.059680004, -0.02148, 0.105000004), (-0.056320004, -0.01952, 0.14), (-0.052, -0.017, 0.175), (-0.056, -0.024, 0), (-0.05552, -0.02372, 0.035), (-0.054080002, -0.022880001, 0.07), (-0.051680002, -0.02148, 0.105000004), (-0.048320003, -0.01952, 0.14), (-0.044, -0.017, 0.175), (-0.048, -0.024, 0), (-0.04752, -0.02372, 0.035), (-0.04608, -0.022880001, 0.07), (-0.04368, -0.02148, 0.105000004), (-0.04032, -0.01952, 0.14), (-0.036, -0.017, 0.175), (-0.040000003, -0.024, 0), (-0.039520003, -0.02372, 0.035), (-0.038080003, -0.022880001, 0.07), (-0.035680003, -0.02148, 0.105000004), (-0.032320004, -0.01952, 0.14), (-0.028000003, -0.017, 0.175), (-0.032, -0.024, 0), (-0.03152, -0.02372, 0.035), (-0.030080002, -0.022880001, 0.07), (-0.027680002, -0.02148, 0.105000004), (-0.02432, -0.01952, 0.14), (-0.020000001, -0.017, 0.175), (-0.024, -0.024, 0), (-0.02352, -0.02372, 0.035), (-0.02208, -0.022880001, 0.07), (-0.01968, -0.02148, 0.105000004), (-0.01632, -0.01952, 0.14), (-0.012, -0.017, 0.175), (-0.016, -0.024, 0), (-0.015520001, -0.02372, 0.035), (-0.014080001, -0.022880001, 0.07), (-0.01168, -0.02148, 0.105000004), (-0.00832, -0.01952, 0.14), (-0.0040000007, -0.017, 0.175), (-0.008, -0.024, 0), (-0.0075200005, -0.02372, 0.035), (-0.00608, -0.022880001, 0.07), (-0.00368, -0.02148, 0.105000004), (-0.0003200001, -0.01952, 0.14), (0.0039999997, -0.017, 0.175), (0, -0.024, 0), (0.00048000002, -0.02372, 0.035), (0.0019200001, -0.022880001, 0.07), (0.0043200003, -0.02148, 0.105000004), (0.0076800003, -0.01952, 0.14), (0.012, -0.017, 0.175), (0.008, -0.024, 0), (0.00848, -0.02372, 0.035), (0.00992, -0.022880001, 0.07), (0.012320001, -0.02148, 0.105000004), (0.01568, -0.01952, 0.14), (0.02, -0.017, 0.175), (0.016, -0.024, 0), (0.01648, -0.02372, 0.035), (0.01792, -0.022880001, 0.07), (0.020320002, -0.02148, 0.105000004), (0.023680001, -0.01952, 0.14), (0.028, -0.017, 0.175), (0.024, -0.024, 0), (0.02448, -0.02372, 0.035), (0.02592, -0.022880001, 0.07), (0.02832, -0.02148, 0.105000004), (0.03168, -0.01952, 0.14), (0.036, -0.017, 0.175), (0.032, -0.024, 0), (0.03248, -0.02372, 0.035), (0.03392, -0.022880001, 0.07), (0.03632, -0.02148, 0.105000004), (0.03968, -0.01952, 0.14), (0.044, -0.017, 0.175), (0.040000003, -0.024, 0), (0.040480003, -0.02372, 0.035), (0.041920003, -0.022880001, 0.07), (0.044320002, -0.02148, 0.105000004), (0.04768, -0.01952, 0.14), (0.052, -0.017, 0.175), (0.048, -0.024, 0), (0.04848, -0.02372, 0.035), (0.04992, -0.022880001, 0.07), (0.05232, -0.02148, 0.105000004), (0.05568, -0.01952, 0.14), (0.060000002, -0.017, 0.175), (0.056, -0.024, 0), (0.05648, -0.02372, 0.035), (0.05792, -0.022880001, 0.07), (0.06032, -0.02148, 0.105000004), (0.06368, -0.01952, 0.14), (0.068, -0.017, 0.175), (0.064, -0.024, 0), (0.06448001, -0.02372, 0.035), (0.06592, -0.022880001, 0.07), (0.068320006, -0.02148, 0.105000004), (0.07168, -0.01952, 0.14), (0.076000005, -0.017, 0.175), (0.072000004, -0.024, 0), (0.07248001, -0.02372, 0.035), (0.073920004, -0.022880001, 0.07), (0.07632001, -0.02148, 0.105000004), (0.07968, -0.01952, 0.14), (0.08400001, -0.017, 0.175), (-0.072000004, -0.016, 0), (-0.07152, -0.01572, 0.035), (-0.070080005, -0.014880001, 0.07), (-0.06768, -0.01348, 0.105000004), (-0.064320005, -0.01152, 0.14), (-0.060000002, -0.009000001, 0.175), (-0.064, -0.016, 0), (-0.06352, -0.01572, 0.035), (-0.062080003, -0.014880001, 0.07), (-0.059680004, -0.01348, 0.105000004), (-0.056320004, -0.01152, 0.14), (-0.052, -0.009000001, 0.175), (-0.056, -0.016, 0), (-0.05552, -0.01572, 0.035), (-0.054080002, -0.014880001, 0.07), (-0.051680002, -0.01348, 0.105000004), (-0.048320003, -0.01152, 0.14), (-0.044, -0.009000001, 0.175), (-0.048, -0.016, 0), (-0.04752, -0.01572, 0.035), (-0.04608, -0.014880001, 0.07), (-0.04368, -0.01348, 0.105000004), (-0.04032, -0.01152, 0.14), (-0.036, -0.009000001, 0.175), (-0.040000003, -0.016, 0), (-0.039520003, -0.01572, 0.035), (-0.038080003, -0.014880001, 0.07), (-0.035680003, -0.01348, 0.105000004), (-0.032320004, -0.01152, 0.14), (-0.028000003, -0.009000001, 0.175), (-0.032, -0.016, 0), (-0.03152, -0.01572, 0.035), (-0.030080002, -0.014880001, 0.07), (-0.027680002, -0.01348, 0.105000004), (-0.02432, -0.01152, 0.14), (-0.020000001, -0.009000001, 0.175), (-0.024, -0.016, 0), (-0.02352, -0.01572, 0.035), (-0.02208, -0.014880001, 0.07), (-0.01968, -0.01348, 0.105000004), (-0.01632, -0.01152, 0.14), (-0.012, -0.009000001, 0.175), (-0.016, -0.016, 0), (-0.015520001, -0.01572, 0.035), (-0.014080001, -0.014880001, 0.07), (-0.01168, -0.01348, 0.105000004), (-0.00832, -0.01152, 0.14), (-0.0040000007, -0.009000001, 0.175), (-0.008, -0.016, 0), (-0.0075200005, -0.01572, 0.035), (-0.00608, -0.014880001, 0.07), (-0.00368, -0.01348, 0.105000004), (-0.0003200001, -0.01152, 0.14), (0.0039999997, -0.009000001, 0.175), (0, -0.016, 0), (0.00048000002, -0.01572, 0.035), (0.0019200001, -0.014880001, 0.07), (0.0043200003, -0.01348, 0.105000004), (0.0076800003, -0.01152, 0.14), (0.012, -0.009000001, 0.175), (0.008, -0.016, 0), (0.00848, -0.01572, 0.035), (0.00992, -0.014880001, 0.07), (0.012320001, -0.01348, 0.105000004), (0.01568, -0.01152, 0.14), (0.02, -0.009000001, 0.175), (0.016, -0.016, 0), (0.01648, -0.01572, 0.035), (0.01792, -0.014880001, 0.07), (0.020320002, -0.01348, 0.105000004), (0.023680001, -0.01152, 0.14), (0.028, -0.009000001, 0.175), (0.024, -0.016, 0), (0.02448, -0.01572, 0.035), (0.02592, -0.014880001, 0.07), (0.02832, -0.01348, 0.105000004), (0.03168, -0.01152, 0.14), (0.036, -0.009000001, 0.175), (0.032, -0.016, 0), (0.03248, -0.01572, 0.035), (0.03392, -0.014880001, 0.07), (0.03632, -0.01348, 0.105000004), (0.03968, -0.01152, 0.14), (0.044, -0.009000001, 0.175), (0.040000003, -0.016, 0), (0.040480003, -0.01572, 0.035), (0.041920003, -0.014880001, 0.07), (0.044320002, -0.01348, 0.105000004), (0.04768, -0.01152, 0.14), (0.052, -0.009000001, 0.175), (0.048, -0.016, 0), (0.04848, -0.01572, 0.035), (0.04992, -0.014880001, 0.07), (0.05232, -0.01348, 0.105000004), (0.05568, -0.01152, 0.14), (0.060000002, -0.009000001, 0.175), (0.056, -0.016, 0), (0.05648, -0.01572, 0.035), (0.05792, -0.014880001, 0.07), (0.06032, -0.01348, 0.105000004), (0.06368, -0.01152, 0.14), (0.068, -0.009000001, 0.175), (0.064, -0.016, 0), (0.06448001, -0.01572, 0.035), (0.06592, -0.014880001, 0.07), (0.068320006, -0.01348, 0.105000004), (0.07168, -0.01152, 0.14), (0.076000005, -0.009000001, 0.175), (0.072000004, -0.016, 0), (0.07248001, -0.01572, 0.035), (0.073920004, -0.014880001, 0.07), (0.07632001, -0.01348, 0.105000004), (0.07968, -0.01152, 0.14), (0.08400001, -0.009000001, 0.175), (-0.072000004, -0.008, 0), (-0.07152, -0.0077200006, 0.035), (-0.070080005, -0.0068800002, 0.07), (-0.06768, -0.00548, 0.105000004), (-0.064320005, -0.0035200003, 0.14), (-0.060000002, -0.0010000002, 0.175), (-0.064, -0.008, 0), (-0.06352, -0.0077200006, 0.035), (-0.062080003, -0.0068800002, 0.07), (-0.059680004, -0.00548, 0.105000004), (-0.056320004, -0.0035200003, 0.14), (-0.052, -0.0010000002, 0.175), (-0.056, -0.008, 0), (-0.05552, -0.0077200006, 0.035), (-0.054080002, -0.0068800002, 0.07), (-0.051680002, -0.00548, 0.105000004), (-0.048320003, -0.0035200003, 0.14), (-0.044, -0.0010000002, 0.175), (-0.048, -0.008, 0), (-0.04752, -0.0077200006, 0.035), (-0.04608, -0.0068800002, 0.07), (-0.04368, -0.00548, 0.105000004), (-0.04032, -0.0035200003, 0.14), (-0.036, -0.0010000002, 0.175), (-0.040000003, -0.008, 0), (-0.039520003, -0.0077200006, 0.035), (-0.038080003, -0.0068800002, 0.07), (-0.035680003, -0.00548, 0.105000004), (-0.032320004, -0.0035200003, 0.14), (-0.028000003, -0.0010000002, 0.175), (-0.032, -0.008, 0), (-0.03152, -0.0077200006, 0.035), (-0.030080002, -0.0068800002, 0.07), (-0.027680002, -0.00548, 0.105000004), (-0.02432, -0.0035200003, 0.14), (-0.020000001, -0.0010000002, 0.175), (-0.024, -0.008, 0), (-0.02352, -0.0077200006, 0.035), (-0.02208, -0.0068800002, 0.07), (-0.01968, -0.00548, 0.105000004), (-0.01632, -0.0035200003, 0.14), (-0.012, -0.0010000002, 0.175), (-0.016, -0.008, 0), (-0.015520001, -0.0077200006, 0.035), (-0.014080001, -0.0068800002, 0.07), (-0.01168, -0.00548, 0.105000004), (-0.00832, -0.0035200003, 0.14), (-0.0040000007, -0.0010000002, 0.175), (-0.008, -0.008, 0), (-0.0075200005, -0.0077200006, 0.035), (-0.00608, -0.0068800002, 0.07), (-0.00368, -0.00548, 0.105000004), (-0.0003200001, -0.0035200003, 0.14), (0.0039999997, -0.0010000002, 0.175), (0, -0.008, 0), (0.00048000002, -0.0077200006, 0.035), (0.0019200001, -0.0068800002, 0.07), (0.0043200003, -0.00548, 0.105000004), (0.0076800003, -0.0035200003, 0.14), (0.012, -0.0010000002, 0.175), (0.008, -0.008, 0), (0.00848, -0.0077200006, 0.035), (0.00992, -0.0068800002, 0.07), (0.012320001, -0.00548, 0.105000004), (0.01568, -0.0035200003, 0.14), (0.02, -0.0010000002, 0.175), (0.016, -0.008, 0), (0.01648, -0.0077200006, 0.035), (0.01792, -0.0068800002, 0.07), (0.020320002, -0.00548, 0.105000004), (0.023680001, -0.0035200003, 0.14), (0.028, -0.0010000002, 0.175), (0.024, -0.008, 0), (0.02448, -0.0077200006, 0.035), (0.02592, -0.0068800002, 0.07), (0.02832, -0.00548, 0.105000004), (0.03168, -0.0035200003, 0.14), (0.036, -0.0010000002, 0.175), (0.032, -0.008, 0), (0.03248, -0.0077200006, 0.035), (0.03392, -0.0068800002, 0.07), (0.03632, -0.00548, 0.105000004), (0.03968, -0.0035200003, 0.14), (0.044, -0.0010000002, 0.175), (0.040000003, -0.008, 0), (0.040480003, -0.0077200006, 0.035), (0.041920003, -0.0068800002, 0.07), (0.044320002, -0.00548, 0.105000004), (0.04768, -0.0035200003, 0.14), (0.052, -0.0010000002, 0.175), (0.048, -0.008, 0), (0.04848, -0.0077200006, 0.035), (0.04992, -0.0068800002, 0.07), (0.05232, -0.00548, 0.105000004), (0.05568, -0.0035200003, 0.14), (0.060000002, -0.0010000002, 0.175), (0.056, -0.008, 0), (0.05648, -0.0077200006, 0.035), (0.05792, -0.0068800002, 0.07), (0.06032, -0.00548, 0.105000004), (0.06368, -0.0035200003, 0.14), (0.068, -0.0010000002, 0.175), (0.064, -0.008, 0), (0.06448001, -0.0077200006, 0.035), (0.06592, -0.0068800002, 0.07), (0.068320006, -0.00548, 0.105000004), (0.07168, -0.0035200003, 0.14), (0.076000005, -0.0010000002, 0.175), (0.072000004, -0.008, 0), (0.07248001, -0.0077200006, 0.035), (0.073920004, -0.0068800002, 0.07), (0.07632001, -0.00548, 0.105000004), (0.07968, -0.0035200003, 0.14), (0.08400001, -0.0010000002, 0.175), (-0.072000004, 0, 0), (-0.07152, 0.00028, 0.035), (-0.070080005, 0.00112, 0.07), (-0.06768, 0.0025200003, 0.105000004), (-0.064320005, 0.00448, 0.14), (-0.060000002, 0.007, 0.175), (-0.064, 0, 0), (-0.06352, 0.00028, 0.035), (-0.062080003, 0.00112, 0.07), (-0.059680004, 0.0025200003, 0.105000004), (-0.056320004, 0.00448, 0.14), (-0.052, 0.007, 0.175), (-0.056, 0, 0), (-0.05552, 0.00028, 0.035), (-0.054080002, 0.00112, 0.07), (-0.051680002, 0.0025200003, 0.105000004), (-0.048320003, 0.00448, 0.14), (-0.044, 0.007, 0.175), (-0.048, 0, 0), (-0.04752, 0.00028, 0.035), (-0.04608, 0.00112, 0.07), (-0.04368, 0.0025200003, 0.105000004), (-0.04032, 0.00448, 0.14), (-0.036, 0.007, 0.175), (-0.040000003, 0, 0), (-0.039520003, 0.00028, 0.035), (-0.038080003, 0.00112, 0.07), (-0.035680003, 0.0025200003, 0.105000004), (-0.032320004, 0.00448, 0.14), (-0.028000003, 0.007, 0.175), (-0.032, 0, 0), (-0.03152, 0.00028, 0.035), (-0.030080002, 0.00112, 0.07), (-0.027680002, 0.0025200003, 0.105000004), (-0.02432, 0.00448, 0.14), (-0.020000001, 0.007, 0.175), (-0.024, 0, 0), (-0.02352, 0.00028, 0.035), (-0.02208, 0.00112, 0.07), (-0.01968, 0.0025200003, 0.105000004), (-0.01632, 0.00448, 0.14), (-0.012, 0.007, 0.175), (-0.016, 0, 0), (-0.015520001, 0.00028, 0.035), (-0.014080001, 0.00112, 0.07), (-0.01168, 0.0025200003, 0.105000004), (-0.00832, 0.00448, 0.14), (-0.0040000007, 0.007, 0.175), (-0.008, 0, 0), (-0.0075200005, 0.00028, 0.035), (-0.00608, 0.00112, 0.07), (-0.00368, 0.0025200003, 0.105000004), (-0.0003200001, 0.00448, 0.14), (0.0039999997, 0.007, 0.175), (0, 0, 0), (0.00048000002, 0.00028, 0.035), (0.0019200001, 0.00112, 0.07), (0.0043200003, 0.0025200003, 0.105000004), (0.0076800003, 0.00448, 0.14), (0.012, 0.007, 0.175), (0.008, 0, 0), (0.00848, 0.00028, 0.035), (0.00992, 0.00112, 0.07), (0.012320001, 0.0025200003, 0.105000004), (0.01568, 0.00448, 0.14), (0.02, 0.007, 0.175), (0.016, 0, 0), (0.01648, 0.00028, 0.035), (0.01792, 0.00112, 0.07), (0.020320002, 0.0025200003, 0.105000004), (0.023680001, 0.00448, 0.14), (0.028, 0.007, 0.175), (0.024, 0, 0), (0.02448, 0.00028, 0.035), (0.02592, 0.00112, 0.07), (0.02832, 0.0025200003, 0.105000004), (0.03168, 0.00448, 0.14), (0.036, 0.007, 0.175), (0.032, 0, 0), (0.03248, 0.00028, 0.035), (0.03392, 0.00112, 0.07), (0.03632, 0.0025200003, 0.105000004), (0.03968, 0.00448, 0.14), (0.044, 0.007, 0.175), (0.040000003, 0, 0), (0.040480003, 0.00028, 0.035), (0.041920003, 0.00112, 0.07), (0.044320002, 0.0025200003, 0.105000004), (0.04768, 0.00448, 0.14), (0.052, 0.007, 0.175), (0.048, 0, 0), (0.04848, 0.00028, 0.035), (0.04992, 0.00112, 0.07), (0.05232, 0.0025200003, 0.105000004), (0.05568, 0.00448, 0.14), (0.060000002, 0.007, 0.175), (0.056, 0, 0), (0.05648, 0.00028, 0.035), (0.05792, 0.00112, 0.07), (0.06032, 0.0025200003, 0.105000004), (0.06368, 0.00448, 0.14), (0.068, 0.007, 0.175), (0.064, 0, 0), (0.06448001, 0.00028, 0.035), (0.06592, 0.00112, 0.07), (0.068320006, 0.0025200003, 0.105000004), (0.07168, 0.00448, 0.14), (0.076000005, 0.007, 0.175), (0.072000004, 0, 0), (0.07248001, 0.00028, 0.035), (0.073920004, 0.00112, 0.07), (0.07632001, 0.0025200003, 0.105000004), (0.07968, 0.00448, 0.14), (0.08400001, 0.007, 0.175), (-0.072000004, 0.008, 0), (-0.07152, 0.008280001, 0.035), (-0.070080005, 0.0091200005, 0.07), (-0.06768, 0.010520001, 0.105000004), (-0.064320005, 0.01248, 0.14), (-0.060000002, 0.015000001, 0.175), (-0.064, 0.008, 0), (-0.06352, 0.008280001, 0.035), (-0.062080003, 0.0091200005, 0.07), (-0.059680004, 0.010520001, 0.105000004), (-0.056320004, 0.01248, 0.14), (-0.052, 0.015000001, 0.175), (-0.056, 0.008, 0), (-0.05552, 0.008280001, 0.035), (-0.054080002, 0.0091200005, 0.07), (-0.051680002, 0.010520001, 0.105000004), (-0.048320003, 0.01248, 0.14), (-0.044, 0.015000001, 0.175), (-0.048, 0.008, 0), (-0.04752, 0.008280001, 0.035), (-0.04608, 0.0091200005, 0.07), (-0.04368, 0.010520001, 0.105000004), (-0.04032, 0.01248, 0.14), (-0.036, 0.015000001, 0.175), (-0.040000003, 0.008, 0), (-0.039520003, 0.008280001, 0.035), (-0.038080003, 0.0091200005, 0.07), (-0.035680003, 0.010520001, 0.105000004), (-0.032320004, 0.01248, 0.14), (-0.028000003, 0.015000001, 0.175), (-0.032, 0.008, 0), (-0.03152, 0.008280001, 0.035), (-0.030080002, 0.0091200005, 0.07), (-0.027680002, 0.010520001, 0.105000004), (-0.02432, 0.01248, 0.14), (-0.020000001, 0.015000001, 0.175), (-0.024, 0.008, 0), (-0.02352, 0.008280001, 0.035), (-0.02208, 0.0091200005, 0.07), (-0.01968, 0.010520001, 0.105000004), (-0.01632, 0.01248, 0.14), (-0.012, 0.015000001, 0.175), (-0.016, 0.008, 0), (-0.015520001, 0.008280001, 0.035), (-0.014080001, 0.0091200005, 0.07), (-0.01168, 0.010520001, 0.105000004), (-0.00832, 0.01248, 0.14), (-0.0040000007, 0.015000001, 0.175), (-0.008, 0.008, 0), (-0.0075200005, 0.008280001, 0.035), (-0.00608, 0.0091200005, 0.07), (-0.00368, 0.010520001, 0.105000004), (-0.0003200001, 0.01248, 0.14), (0.0039999997, 0.015000001, 0.175), (0, 0.008, 0), (0.00048000002, 0.008280001, 0.035), (0.0019200001, 0.0091200005, 0.07), (0.0043200003, 0.010520001, 0.105000004), (0.0076800003, 0.01248, 0.14), (0.012, 0.015000001, 0.175), (0.008, 0.008, 0), (0.00848, 0.008280001, 0.035), (0.00992, 0.0091200005, 0.07), (0.012320001, 0.010520001, 0.105000004), (0.01568, 0.01248, 0.14), (0.02, 0.015000001, 0.175), (0.016, 0.008, 0), (0.01648, 0.008280001, 0.035), (0.01792, 0.0091200005, 0.07), (0.020320002, 0.010520001, 0.105000004), (0.023680001, 0.01248, 0.14), (0.028, 0.015000001, 0.175), (0.024, 0.008, 0), (0.02448, 0.008280001, 0.035), (0.02592, 0.0091200005, 0.07), (0.02832, 0.010520001, 0.105000004), (0.03168, 0.01248, 0.14), (0.036, 0.015000001, 0.175), (0.032, 0.008, 0), (0.03248, 0.008280001, 0.035), (0.03392, 0.0091200005, 0.07), (0.03632, 0.010520001, 0.105000004), (0.03968, 0.01248, 0.14), (0.044, 0.015000001, 0.175), (0.040000003, 0.008, 0), (0.040480003, 0.008280001, 0.035), (0.041920003, 0.0091200005, 0.07), (0.044320002, 0.010520001, 0.105000004), (0.04768, 0.01248, 0.14), (0.052, 0.015000001, 0.175), (0.048, 0.008, 0), (0.04848, 0.008280001, 0.035), (0.04992, 0.0091200005, 0.07), (0.05232, 0.010520001, 0.105000004), (0.05568, 0.01248, 0.14), (0.060000002, 0.015000001, 0.175), (0.056, 0.008, 0), (0.05648, 0.008280001, 0.035), (0.05792, 0.0091200005, 0.07), (0.06032, 0.010520001, 0.105000004), (0.06368, 0.01248, 0.14), (0.068, 0.015000001, 0.175), (0.064, 0.008, 0), (0.06448001, 0.008280001, 0.035), (0.06592, 0.0091200005, 0.07), (0.068320006, 0.010520001, 0.105000004), (0.07168, 0.01248, 0.14), (0.076000005, 0.015000001, 0.175), (0.072000004, 0.008, 0), (0.07248001, 0.008280001, 0.035), (0.073920004, 0.0091200005, 0.07), (0.07632001, 0.010520001, 0.105000004), (0.07968, 0.01248, 0.14), (0.08400001, 0.015000001, 0.175), (-0.072000004, 0.016, 0), (-0.07152, 0.016280001, 0.035), (-0.070080005, 0.01712, 0.07), (-0.06768, 0.018520001, 0.105000004), (-0.064320005, 0.020480001, 0.14), (-0.060000002, 0.023000002, 0.175), (-0.064, 0.016, 0), (-0.06352, 0.016280001, 0.035), (-0.062080003, 0.01712, 0.07), (-0.059680004, 0.018520001, 0.105000004), (-0.056320004, 0.020480001, 0.14), (-0.052, 0.023000002, 0.175), (-0.056, 0.016, 0), (-0.05552, 0.016280001, 0.035), (-0.054080002, 0.01712, 0.07), (-0.051680002, 0.018520001, 0.105000004), (-0.048320003, 0.020480001, 0.14), (-0.044, 0.023000002, 0.175), (-0.048, 0.016, 0), (-0.04752, 0.016280001, 0.035), (-0.04608, 0.01712, 0.07), (-0.04368, 0.018520001, 0.105000004), (-0.04032, 0.020480001, 0.14), (-0.036, 0.023000002, 0.175), (-0.040000003, 0.016, 0), (-0.039520003, 0.016280001, 0.035), (-0.038080003, 0.01712, 0.07), (-0.035680003, 0.018520001, 0.105000004), (-0.032320004, 0.020480001, 0.14), (-0.028000003, 0.023000002, 0.175), (-0.032, 0.016, 0), (-0.03152, 0.016280001, 0.035), (-0.030080002, 0.01712, 0.07), (-0.027680002, 0.018520001, 0.105000004), (-0.02432, 0.020480001, 0.14), (-0.020000001, 0.023000002, 0.175), (-0.024, 0.016, 0), (-0.02352, 0.016280001, 0.035), (-0.02208, 0.01712, 0.07), (-0.01968, 0.018520001, 0.105000004), (-0.01632, 0.020480001, 0.14), (-0.012, 0.023000002, 0.175), (-0.016, 0.016, 0), (-0.015520001, 0.016280001, 0.035), (-0.014080001, 0.01712, 0.07), (-0.01168, 0.018520001, 0.105000004), (-0.00832, 0.020480001, 0.14), (-0.0040000007, 0.023000002, 0.175), (-0.008, 0.016, 0), (-0.0075200005, 0.016280001, 0.035), (-0.00608, 0.01712, 0.07), (-0.00368, 0.018520001, 0.105000004), (-0.0003200001, 0.020480001, 0.14), (0.0039999997, 0.023000002, 0.175), (0, 0.016, 0), (0.00048000002, 0.016280001, 0.035), (0.0019200001, 0.01712, 0.07), (0.0043200003, 0.018520001, 0.105000004), (0.0076800003, 0.020480001, 0.14), (0.012, 0.023000002, 0.175), (0.008, 0.016, 0), (0.00848, 0.016280001, 0.035), (0.00992, 0.01712, 0.07), (0.012320001, 0.018520001, 0.105000004), (0.01568, 0.020480001, 0.14), (0.02, 0.023000002, 0.175), (0.016, 0.016, 0), (0.01648, 0.016280001, 0.035), (0.01792, 0.01712, 0.07), (0.020320002, 0.018520001, 0.105000004), (0.023680001, 0.020480001, 0.14), (0.028, 0.023000002, 0.175), (0.024, 0.016, 0), (0.02448, 0.016280001, 0.035), (0.02592, 0.01712, 0.07), (0.02832, 0.018520001, 0.105000004), (0.03168, 0.020480001, 0.14), (0.036, 0.023000002, 0.175), (0.032, 0.016, 0), (0.03248, 0.016280001, 0.035), (0.03392, 0.01712, 0.07), (0.03632, 0.018520001, 0.105000004), (0.03968, 0.020480001, 0.14), (0.044, 0.023000002, 0.175), (0.040000003, 0.016, 0), (0.040480003, 0.016280001, 0.035), (0.041920003, 0.01712, 0.07), (0.044320002, 0.018520001, 0.105000004), (0.04768, 0.020480001, 0.14), (0.052, 0.023000002, 0.175), (0.048, 0.016, 0), (0.04848, 0.016280001, 0.035), (0.04992, 0.01712, 0.07), (0.05232, 0.018520001, 0.105000004), (0.05568, 0.020480001, 0.14), (0.060000002, 0.023000002, 0.175), (0.056, 0.016, 0), (0.05648, 0.016280001, 0.035), (0.05792, 0.01712, 0.07), (0.06032, 0.018520001, 0.105000004), (0.06368, 0.020480001, 0.14), (0.068, 0.023000002, 0.175), (0.064, 0.016, 0), (0.06448001, 0.016280001, 0.035), (0.06592, 0.01712, 0.07), (0.068320006, 0.018520001, 0.105000004), (0.07168, 0.020480001, 0.14), (0.076000005, 0.023000002, 0.175), (0.072000004, 0.016, 0), (0.07248001, 0.016280001, 0.035), (0.073920004, 0.01712, 0.07), (0.07632001, 0.018520001, 0.105000004), (0.07968, 0.020480001, 0.14), (0.08400001, 0.023000002, 0.175), (-0.072000004, 0.024, 0), (-0.07152, 0.02428, 0.035), (-0.070080005, 0.02512, 0.07), (-0.06768, 0.02652, 0.105000004), (-0.064320005, 0.02848, 0.14), (-0.060000002, 0.031, 0.175), (-0.064, 0.024, 0), (-0.06352, 0.02428, 0.035), (-0.062080003, 0.02512, 0.07), (-0.059680004, 0.02652, 0.105000004), (-0.056320004, 0.02848, 0.14), (-0.052, 0.031, 0.175), (-0.056, 0.024, 0), (-0.05552, 0.02428, 0.035), (-0.054080002, 0.02512, 0.07), (-0.051680002, 0.02652, 0.105000004), (-0.048320003, 0.02848, 0.14), (-0.044, 0.031, 0.175), (-0.048, 0.024, 0), (-0.04752, 0.02428, 0.035), (-0.04608, 0.02512, 0.07), (-0.04368, 0.02652, 0.105000004), (-0.04032, 0.02848, 0.14), (-0.036, 0.031, 0.175), (-0.040000003, 0.024, 0), (-0.039520003, 0.02428, 0.035), (-0.038080003, 0.02512, 0.07), (-0.035680003, 0.02652, 0.105000004), (-0.032320004, 0.02848, 0.14), (-0.028000003, 0.031, 0.175), (-0.032, 0.024, 0), (-0.03152, 0.02428, 0.035), (-0.030080002, 0.02512, 0.07), (-0.027680002, 0.02652, 0.105000004), (-0.02432, 0.02848, 0.14), (-0.020000001, 0.031, 0.175), (-0.024, 0.024, 0), (-0.02352, 0.02428, 0.035), (-0.02208, 0.02512, 0.07), (-0.01968, 0.02652, 0.105000004), (-0.01632, 0.02848, 0.14), (-0.012, 0.031, 0.175), (-0.016, 0.024, 0), (-0.015520001, 0.02428, 0.035), (-0.014080001, 0.02512, 0.07), (-0.01168, 0.02652, 0.105000004), (-0.00832, 0.02848, 0.14), (-0.0040000007, 0.031, 0.175), (-0.008, 0.024, 0), (-0.0075200005, 0.02428, 0.035), (-0.00608, 0.02512, 0.07), (-0.00368, 0.02652, 0.105000004), (-0.0003200001, 0.02848, 0.14), (0.0039999997, 0.031, 0.175), (0, 0.024, 0), (0.00048000002, 0.02428, 0.035), (0.0019200001, 0.02512, 0.07), (0.0043200003, 0.02652, 0.105000004), (0.0076800003, 0.02848, 0.14), (0.012, 0.031, 0.175), (0.008, 0.024, 0), (0.00848, 0.02428, 0.035), (0.00992, 0.02512, 0.07), (0.012320001, 0.02652, 0.105000004), (0.01568, 0.02848, 0.14), (0.02, 0.031, 0.175), (0.016, 0.024, 0), (0.01648, 0.02428, 0.035), (0.01792, 0.02512, 0.07), (0.020320002, 0.02652, 0.105000004), (0.023680001, 0.02848, 0.14), (0.028, 0.031, 0.175), (0.024, 0.024, 0), (0.02448, 0.02428, 0.035), (0.02592, 0.02512, 0.07), (0.02832, 0.02652, 0.105000004), (0.03168, 0.02848, 0.14), (0.036, 0.031, 0.175), (0.032, 0.024, 0), (0.03248, 0.02428, 0.035), (0.03392, 0.02512, 0.07), (0.03632, 0.02652, 0.105000004), (0.03968, 0.02848, 0.14), (0.044, 0.031, 0.175), (0.040000003, 0.024, 0), (0.040480003, 0.02428, 0.035), (0.041920003, 0.02512, 0.07), (0.044320002, 0.02652, 0.105000004), (0.04768, 0.02848, 0.14), (0.052, 0.031, 0.175), (0.048, 0.024, 0), (0.04848, 0.02428, 0.035), (0.04992, 0.02512, 0.07), (0.05232, 0.02652, 0.105000004), (0.05568, 0.02848, 0.14), (0.060000002, 0.031, 0.175), (0.056, 0.024, 0), (0.05648, 0.02428, 0.035), (0.05792, 0.02512, 0.07), (0.06032, 0.02652, 0.105000004), (0.06368, 0.02848, 0.14), (0.068, 0.031, 0.175), (0.064, 0.024, 0), (0.06448001, 0.02428, 0.035), (0.06592, 0.02512, 0.07), (0.068320006, 0.02652, 0.105000004), (0.07168, 0.02848, 0.14), (0.076000005, 0.031, 0.175), (0.072000004, 0.024, 0), (0.07248001, 0.02428, 0.035), (0.073920004, 0.02512, 0.07), (0.07632001, 0.02652, 0.105000004), (0.07968, 0.02848, 0.14), (0.08400001, 0.031, 0.175), (-0.072000004, 0.032, 0), (-0.07152, 0.03228, 0.035), (-0.070080005, 0.033120003, 0.07), (-0.06768, 0.03452, 0.105000004), (-0.064320005, 0.036480002, 0.14), (-0.060000002, 0.039, 0.175), (-0.064, 0.032, 0), (-0.06352, 0.03228, 0.035), (-0.062080003, 0.033120003, 0.07), (-0.059680004, 0.03452, 0.105000004), (-0.056320004, 0.036480002, 0.14), (-0.052, 0.039, 0.175), (-0.056, 0.032, 0), (-0.05552, 0.03228, 0.035), (-0.054080002, 0.033120003, 0.07), (-0.051680002, 0.03452, 0.105000004), (-0.048320003, 0.036480002, 0.14), (-0.044, 0.039, 0.175), (-0.048, 0.032, 0), (-0.04752, 0.03228, 0.035), (-0.04608, 0.033120003, 0.07), (-0.04368, 0.03452, 0.105000004), (-0.04032, 0.036480002, 0.14), (-0.036, 0.039, 0.175), (-0.040000003, 0.032, 0), (-0.039520003, 0.03228, 0.035), (-0.038080003, 0.033120003, 0.07), (-0.035680003, 0.03452, 0.105000004), (-0.032320004, 0.036480002, 0.14), (-0.028000003, 0.039, 0.175), (-0.032, 0.032, 0), (-0.03152, 0.03228, 0.035), (-0.030080002, 0.033120003, 0.07), (-0.027680002, 0.03452, 0.105000004), (-0.02432, 0.036480002, 0.14), (-0.020000001, 0.039, 0.175), (-0.024, 0.032, 0), (-0.02352, 0.03228, 0.035), (-0.02208, 0.033120003, 0.07), (-0.01968, 0.03452, 0.105000004), (-0.01632, 0.036480002, 0.14), (-0.012, 0.039, 0.175), (-0.016, 0.032, 0), (-0.015520001, 0.03228, 0.035), (-0.014080001, 0.033120003, 0.07), (-0.01168, 0.03452, 0.105000004), (-0.00832, 0.036480002, 0.14), (-0.0040000007, 0.039, 0.175), (-0.008, 0.032, 0), (-0.0075200005, 0.03228, 0.035), (-0.00608, 0.033120003, 0.07), (-0.00368, 0.03452, 0.105000004), (-0.0003200001, 0.036480002, 0.14), (0.0039999997, 0.039, 0.175), (0, 0.032, 0), (0.00048000002, 0.03228, 0.035), (0.0019200001, 0.033120003, 0.07), (0.0043200003, 0.03452, 0.105000004), (0.0076800003, 0.036480002, 0.14), (0.012, 0.039, 0.175), (0.008, 0.032, 0), (0.00848, 0.03228, 0.035), (0.00992, 0.033120003, 0.07), (0.012320001, 0.03452, 0.105000004), (0.01568, 0.036480002, 0.14), (0.02, 0.039, 0.175), (0.016, 0.032, 0), (0.01648, 0.03228, 0.035), (0.01792, 0.033120003, 0.07), (0.020320002, 0.03452, 0.105000004), (0.023680001, 0.036480002, 0.14), (0.028, 0.039, 0.175), (0.024, 0.032, 0), (0.02448, 0.03228, 0.035), (0.02592, 0.033120003, 0.07), (0.02832, 0.03452, 0.105000004), (0.03168, 0.036480002, 0.14), (0.036, 0.039, 0.175), (0.032, 0.032, 0), (0.03248, 0.03228, 0.035), (0.03392, 0.033120003, 0.07), (0.03632, 0.03452, 0.105000004), (0.03968, 0.036480002, 0.14), (0.044, 0.039, 0.175), (0.040000003, 0.032, 0), (0.040480003, 0.03228, 0.035), (0.041920003, 0.033120003, 0.07), (0.044320002, 0.03452, 0.105000004), (0.04768, 0.036480002, 0.14), (0.052, 0.039, 0.175), (0.048, 0.032, 0), (0.04848, 0.03228, 0.035), (0.04992, 0.033120003, 0.07), (0.05232, 0.03452, 0.105000004), (0.05568, 0.036480002, 0.14), (0.060000002, 0.039, 0.175), (0.056, 0.032, 0), (0.05648, 0.03228, 0.035), (0.05792, 0.033120003, 0.07), (0.06032, 0.03452, 0.105000004), (0.06368, 0.036480002, 0.14), (0.068, 0.039, 0.175), (0.064, 0.032, 0), (0.06448001, 0.03228, 0.035), (0.06592, 0.033120003, 0.07), (0.068320006, 0.03452, 0.105000004), (0.07168, 0.036480002, 0.14), (0.076000005, 0.039, 0.175), (0.072000004, 0.032, 0), (0.07248001, 0.03228, 0.035), (0.073920004, 0.033120003, 0.07), (0.07632001, 0.03452, 0.105000004), (0.07968, 0.036480002, 0.14), (0.08400001, 0.039, 0.175), (-0.072000004, 0.040000003, 0), (-0.07152, 0.040280003, 0.035), (-0.070080005, 0.041120004, 0.07), (-0.06768, 0.04252, 0.105000004), (-0.064320005, 0.044480003, 0.14), (-0.060000002, 0.047000002, 0.175), (-0.064, 0.040000003, 0), (-0.06352, 0.040280003, 0.035), (-0.062080003, 0.041120004, 0.07), (-0.059680004, 0.04252, 0.105000004), (-0.056320004, 0.044480003, 0.14), (-0.052, 0.047000002, 0.175), (-0.056, 0.040000003, 0), (-0.05552, 0.040280003, 0.035), (-0.054080002, 0.041120004, 0.07), (-0.051680002, 0.04252, 0.105000004), (-0.048320003, 0.044480003, 0.14), (-0.044, 0.047000002, 0.175), (-0.048, 0.040000003, 0), (-0.04752, 0.040280003, 0.035), (-0.04608, 0.041120004, 0.07), (-0.04368, 0.04252, 0.105000004), (-0.04032, 0.044480003, 0.14), (-0.036, 0.047000002, 0.175), (-0.040000003, 0.040000003, 0), (-0.039520003, 0.040280003, 0.035), (-0.038080003, 0.041120004, 0.07), (-0.035680003, 0.04252, 0.105000004), (-0.032320004, 0.044480003, 0.14), (-0.028000003, 0.047000002, 0.175), (-0.032, 0.040000003, 0), (-0.03152, 0.040280003, 0.035), (-0.030080002, 0.041120004, 0.07), (-0.027680002, 0.04252, 0.105000004), (-0.02432, 0.044480003, 0.14), (-0.020000001, 0.047000002, 0.175), (-0.024, 0.040000003, 0), (-0.02352, 0.040280003, 0.035), (-0.02208, 0.041120004, 0.07), (-0.01968, 0.04252, 0.105000004), (-0.01632, 0.044480003, 0.14), (-0.012, 0.047000002, 0.175), (-0.016, 0.040000003, 0), (-0.015520001, 0.040280003, 0.035), (-0.014080001, 0.041120004, 0.07), (-0.01168, 0.04252, 0.105000004), (-0.00832, 0.044480003, 0.14), (-0.0040000007, 0.047000002, 0.175), (-0.008, 0.040000003, 0), (-0.0075200005, 0.040280003, 0.035), (-0.00608, 0.041120004, 0.07), (-0.00368, 0.04252, 0.105000004), (-0.0003200001, 0.044480003, 0.14), (0.0039999997, 0.047000002, 0.175), (0, 0.040000003, 0), (0.00048000002, 0.040280003, 0.035), (0.0019200001, 0.041120004, 0.07), (0.0043200003, 0.04252, 0.105000004), (0.0076800003, 0.044480003, 0.14), (0.012, 0.047000002, 0.175), (0.008, 0.040000003, 0), (0.00848, 0.040280003, 0.035), (0.00992, 0.041120004, 0.07), (0.012320001, 0.04252, 0.105000004), (0.01568, 0.044480003, 0.14), (0.02, 0.047000002, 0.175), (0.016, 0.040000003, 0), (0.01648, 0.040280003, 0.035), (0.01792, 0.041120004, 0.07), (0.020320002, 0.04252, 0.105000004), (0.023680001, 0.044480003, 0.14), (0.028, 0.047000002, 0.175), (0.024, 0.040000003, 0), (0.02448, 0.040280003, 0.035), (0.02592, 0.041120004, 0.07), (0.02832, 0.04252, 0.105000004), (0.03168, 0.044480003, 0.14), (0.036, 0.047000002, 0.175), (0.032, 0.040000003, 0), (0.03248, 0.040280003, 0.035), (0.03392, 0.041120004, 0.07), (0.03632, 0.04252, 0.105000004), (0.03968, 0.044480003, 0.14), (0.044, 0.047000002, 0.175), (0.040000003, 0.040000003, 0), (0.040480003, 0.040280003, 0.035), (0.041920003, 0.041120004, 0.07), (0.044320002, 0.04252, 0.105000004), (0.04768, 0.044480003, 0.14), (0.052, 0.047000002, 0.175), (0.048, 0.040000003, 0), (0.04848, 0.040280003, 0.035), (0.04992, 0.041120004, 0.07), (0.05232, 0.04252, 0.105000004), (0.05568, 0.044480003, 0.14), (0.060000002, 0.047000002, 0.175), (0.056, 0.040000003, 0), (0.05648, 0.040280003, 0.035), (0.05792, 0.041120004, 0.07), (0.06032, 0.04252, 0.105000004), (0.06368, 0.044480003, 0.14), (0.068, 0.047000002, 0.175), (0.064, 0.040000003, 0), (0.06448001, 0.040280003, 0.035), (0.06592, 0.041120004, 0.07), (0.068320006, 0.04252, 0.105000004), (0.07168, 0.044480003, 0.14), (0.076000005, 0.047000002, 0.175), (0.072000004, 0.040000003, 0), (0.07248001, 0.040280003, 0.035), (0.073920004, 0.041120004, 0.07), (0.07632001, 0.04252, 0.105000004), (0.07968, 0.044480003, 0.14), (0.08400001, 0.047000002, 0.175), (-0.072000004, 0.048, 0), (-0.07152, 0.04828, 0.035), (-0.070080005, 0.04912, 0.07), (-0.06768, 0.05052, 0.105000004), (-0.064320005, 0.05248, 0.14), (-0.060000002, 0.055, 0.175), (-0.064, 0.048, 0), (-0.06352, 0.04828, 0.035), (-0.062080003, 0.04912, 0.07), (-0.059680004, 0.05052, 0.105000004), (-0.056320004, 0.05248, 0.14), (-0.052, 0.055, 0.175), (-0.056, 0.048, 0), (-0.05552, 0.04828, 0.035), (-0.054080002, 0.04912, 0.07), (-0.051680002, 0.05052, 0.105000004), (-0.048320003, 0.05248, 0.14), (-0.044, 0.055, 0.175), (-0.048, 0.048, 0), (-0.04752, 0.04828, 0.035), (-0.04608, 0.04912, 0.07), (-0.04368, 0.05052, 0.105000004), (-0.04032, 0.05248, 0.14), (-0.036, 0.055, 0.175), (-0.040000003, 0.048, 0), (-0.039520003, 0.04828, 0.035), (-0.038080003, 0.04912, 0.07), (-0.035680003, 0.05052, 0.105000004), (-0.032320004, 0.05248, 0.14), (-0.028000003, 0.055, 0.175), (-0.032, 0.048, 0), (-0.03152, 0.04828, 0.035), (-0.030080002, 0.04912, 0.07), (-0.027680002, 0.05052, 0.105000004), (-0.02432, 0.05248, 0.14), (-0.020000001, 0.055, 0.175), (-0.024, 0.048, 0), (-0.02352, 0.04828, 0.035), (-0.02208, 0.04912, 0.07), (-0.01968, 0.05052, 0.105000004), (-0.01632, 0.05248, 0.14), (-0.012, 0.055, 0.175), (-0.016, 0.048, 0), (-0.015520001, 0.04828, 0.035), (-0.014080001, 0.04912, 0.07), (-0.01168, 0.05052, 0.105000004), (-0.00832, 0.05248, 0.14), (-0.0040000007, 0.055, 0.175), (-0.008, 0.048, 0), (-0.0075200005, 0.04828, 0.035), (-0.00608, 0.04912, 0.07), (-0.00368, 0.05052, 0.105000004), (-0.0003200001, 0.05248, 0.14), (0.0039999997, 0.055, 0.175), (0, 0.048, 0), (0.00048000002, 0.04828, 0.035), (0.0019200001, 0.04912, 0.07), (0.0043200003, 0.05052, 0.105000004), (0.0076800003, 0.05248, 0.14), (0.012, 0.055, 0.175), (0.008, 0.048, 0), (0.00848, 0.04828, 0.035), (0.00992, 0.04912, 0.07), (0.012320001, 0.05052, 0.105000004), (0.01568, 0.05248, 0.14), (0.02, 0.055, 0.175), (0.016, 0.048, 0), (0.01648, 0.04828, 0.035), (0.01792, 0.04912, 0.07), (0.020320002, 0.05052, 0.105000004), (0.023680001, 0.05248, 0.14), (0.028, 0.055, 0.175), (0.024, 0.048, 0), (0.02448, 0.04828, 0.035), (0.02592, 0.04912, 0.07), (0.02832, 0.05052, 0.105000004), (0.03168, 0.05248, 0.14), (0.036, 0.055, 0.175), (0.032, 0.048, 0), (0.03248, 0.04828, 0.035), (0.03392, 0.04912, 0.07), (0.03632, 0.05052, 0.105000004), (0.03968, 0.05248, 0.14), (0.044, 0.055, 0.175), (0.040000003, 0.048, 0), (0.040480003, 0.04828, 0.035), (0.041920003, 0.04912, 0.07), (0.044320002, 0.05052, 0.105000004), (0.04768, 0.05248, 0.14), (0.052, 0.055, 0.175), (0.048, 0.048, 0), (0.04848, 0.04828, 0.035), (0.04992, 0.04912, 0.07), (0.05232, 0.05052, 0.105000004), (0.05568, 0.05248, 0.14), (0.060000002, 0.055, 0.175), (0.056, 0.048, 0), (0.05648, 0.04828, 0.035), (0.05792, 0.04912, 0.07), (0.06032, 0.05052, 0.105000004), (0.06368, 0.05248, 0.14), (0.068, 0.055, 0.175), (0.064, 0.048, 0), (0.06448001, 0.04828, 0.035), (0.06592, 0.04912, 0.07), (0.068320006, 0.05052, 0.105000004), (0.07168, 0.05248, 0.14), (0.076000005, 0.055, 0.175), (0.072000004, 0.048, 0), (0.07248001, 0.04828, 0.035), (0.073920004, 0.04912, 0.07), (0.07632001, 0.05052, 0.105000004), (0.07968, 0.05248, 0.14), (0.08400001, 0.055, 0.175), (-0.072000004, 0.056, 0), (-0.07152, 0.056280002, 0.035), (-0.070080005, 0.057120003, 0.07), (-0.06768, 0.05852, 0.105000004), (-0.064320005, 0.060480002, 0.14), (-0.060000002, 0.063, 0.175), (-0.064, 0.056, 0), (-0.06352, 0.056280002, 0.035), (-0.062080003, 0.057120003, 0.07), (-0.059680004, 0.05852, 0.105000004), (-0.056320004, 0.060480002, 0.14), (-0.052, 0.063, 0.175), (-0.056, 0.056, 0), (-0.05552, 0.056280002, 0.035), (-0.054080002, 0.057120003, 0.07), (-0.051680002, 0.05852, 0.105000004), (-0.048320003, 0.060480002, 0.14), (-0.044, 0.063, 0.175), (-0.048, 0.056, 0), (-0.04752, 0.056280002, 0.035), (-0.04608, 0.057120003, 0.07), (-0.04368, 0.05852, 0.105000004), (-0.04032, 0.060480002, 0.14), (-0.036, 0.063, 0.175), (-0.040000003, 0.056, 0), (-0.039520003, 0.056280002, 0.035), (-0.038080003, 0.057120003, 0.07), (-0.035680003, 0.05852, 0.105000004), (-0.032320004, 0.060480002, 0.14), (-0.028000003, 0.063, 0.175), (-0.032, 0.056, 0), (-0.03152, 0.056280002, 0.035), (-0.030080002, 0.057120003, 0.07), (-0.027680002, 0.05852, 0.105000004), (-0.02432, 0.060480002, 0.14), (-0.020000001, 0.063, 0.175), (-0.024, 0.056, 0), (-0.02352, 0.056280002, 0.035), (-0.02208, 0.057120003, 0.07), (-0.01968, 0.05852, 0.105000004), (-0.01632, 0.060480002, 0.14), (-0.012, 0.063, 0.175), (-0.016, 0.056, 0), (-0.015520001, 0.056280002, 0.035), (-0.014080001, 0.057120003, 0.07), (-0.01168, 0.05852, 0.105000004), (-0.00832, 0.060480002, 0.14), (-0.0040000007, 0.063, 0.175), (-0.008, 0.056, 0), (-0.0075200005, 0.056280002, 0.035), (-0.00608, 0.057120003, 0.07), (-0.00368, 0.05852, 0.105000004), (-0.0003200001, 0.060480002, 0.14), (0.0039999997, 0.063, 0.175), (0, 0.056, 0), (0.00048000002, 0.056280002, 0.035), (0.0019200001, 0.057120003, 0.07), (0.0043200003, 0.05852, 0.105000004), (0.0076800003, 0.060480002, 0.14), (0.012, 0.063, 0.175), (0.008, 0.056, 0), (0.00848, 0.056280002, 0.035), (0.00992, 0.057120003, 0.07), (0.012320001, 0.05852, 0.105000004), (0.01568, 0.060480002, 0.14), (0.02, 0.063, 0.175), (0.016, 0.056, 0), (0.01648, 0.056280002, 0.035), (0.01792, 0.057120003, 0.07), (0.020320002, 0.05852, 0.105000004), (0.023680001, 0.060480002, 0.14), (0.028, 0.063, 0.175), (0.024, 0.056, 0), (0.02448, 0.056280002, 0.035), (0.02592, 0.057120003, 0.07), (0.02832, 0.05852, 0.105000004), (0.03168, 0.060480002, 0.14), (0.036, 0.063, 0.175), (0.032, 0.056, 0), (0.03248, 0.056280002, 0.035), (0.03392, 0.057120003, 0.07), (0.03632, 0.05852, 0.105000004), (0.03968, 0.060480002, 0.14), (0.044, 0.063, 0.175), (0.040000003, 0.056, 0), (0.040480003, 0.056280002, 0.035), (0.041920003, 0.057120003, 0.07), (0.044320002, 0.05852, 0.105000004), (0.04768, 0.060480002, 0.14), (0.052, 0.063, 0.175), (0.048, 0.056, 0), (0.04848, 0.056280002, 0.035), (0.04992, 0.057120003, 0.07), (0.05232, 0.05852, 0.105000004), (0.05568, 0.060480002, 0.14), (0.060000002, 0.063, 0.175), (0.056, 0.056, 0), (0.05648, 0.056280002, 0.035), (0.05792, 0.057120003, 0.07), (0.06032, 0.05852, 0.105000004), (0.06368, 0.060480002, 0.14), (0.068, 0.063, 0.175), (0.064, 0.056, 0), (0.06448001, 0.056280002, 0.035), (0.06592, 0.057120003, 0.07), (0.068320006, 0.05852, 0.105000004), (0.07168, 0.060480002, 0.14), (0.076000005, 0.063, 0.175), (0.072000004, 0.056, 0), (0.07248001, 0.056280002, 0.035), (0.073920004, 0.057120003, 0.07), (0.07632001, 0.05852, 0.105000004), (0.07968, 0.060480002, 0.14), (0.08400001, 0.063, 0.175), (-0.072000004, 0.064, 0), (-0.07152, 0.06428, 0.035), (-0.070080005, 0.065120004, 0.07), (-0.06768, 0.066520005, 0.105000004), (-0.064320005, 0.06848, 0.14), (-0.060000002, 0.071, 0.175), (-0.064, 0.064, 0), (-0.06352, 0.06428, 0.035), (-0.062080003, 0.065120004, 0.07), (-0.059680004, 0.066520005, 0.105000004), (-0.056320004, 0.06848, 0.14), (-0.052, 0.071, 0.175), (-0.056, 0.064, 0), (-0.05552, 0.06428, 0.035), (-0.054080002, 0.065120004, 0.07), (-0.051680002, 0.066520005, 0.105000004), (-0.048320003, 0.06848, 0.14), (-0.044, 0.071, 0.175), (-0.048, 0.064, 0), (-0.04752, 0.06428, 0.035), (-0.04608, 0.065120004, 0.07), (-0.04368, 0.066520005, 0.105000004), (-0.04032, 0.06848, 0.14), (-0.036, 0.071, 0.175), (-0.040000003, 0.064, 0), (-0.039520003, 0.06428, 0.035), (-0.038080003, 0.065120004, 0.07), (-0.035680003, 0.066520005, 0.105000004), (-0.032320004, 0.06848, 0.14), (-0.028000003, 0.071, 0.175), (-0.032, 0.064, 0), (-0.03152, 0.06428, 0.035), (-0.030080002, 0.065120004, 0.07), (-0.027680002, 0.066520005, 0.105000004), (-0.02432, 0.06848, 0.14), (-0.020000001, 0.071, 0.175), (-0.024, 0.064, 0), (-0.02352, 0.06428, 0.035), (-0.02208, 0.065120004, 0.07), (-0.01968, 0.066520005, 0.105000004), (-0.01632, 0.06848, 0.14), (-0.012, 0.071, 0.175), (-0.016, 0.064, 0), (-0.015520001, 0.06428, 0.035), (-0.014080001, 0.065120004, 0.07), (-0.01168, 0.066520005, 0.105000004), (-0.00832, 0.06848, 0.14), (-0.0040000007, 0.071, 0.175), (-0.008, 0.064, 0), (-0.0075200005, 0.06428, 0.035), (-0.00608, 0.065120004, 0.07), (-0.00368, 0.066520005, 0.105000004), (-0.0003200001, 0.06848, 0.14), (0.0039999997, 0.071, 0.175), (0, 0.064, 0), (0.00048000002, 0.06428, 0.035), (0.0019200001, 0.065120004, 0.07), (0.0043200003, 0.066520005, 0.105000004), (0.0076800003, 0.06848, 0.14), (0.012, 0.071, 0.175), (0.008, 0.064, 0), (0.00848, 0.06428, 0.035), (0.00992, 0.065120004, 0.07), (0.012320001, 0.066520005, 0.105000004), (0.01568, 0.06848, 0.14), (0.02, 0.071, 0.175), (0.016, 0.064, 0), (0.01648, 0.06428, 0.035), (0.01792, 0.065120004, 0.07), (0.020320002, 0.066520005, 0.105000004), (0.023680001, 0.06848, 0.14), (0.028, 0.071, 0.175), (0.024, 0.064, 0), (0.02448, 0.06428, 0.035), (0.02592, 0.065120004, 0.07), (0.02832, 0.066520005, 0.105000004), (0.03168, 0.06848, 0.14), (0.036, 0.071, 0.175), (0.032, 0.064, 0), (0.03248, 0.06428, 0.035), (0.03392, 0.065120004, 0.07), (0.03632, 0.066520005, 0.105000004), (0.03968, 0.06848, 0.14), (0.044, 0.071, 0.175), (0.040000003, 0.064, 0), (0.040480003, 0.06428, 0.035), (0.041920003, 0.065120004, 0.07), (0.044320002, 0.066520005, 0.105000004), (0.04768, 0.06848, 0.14), (0.052, 0.071, 0.175), (0.048, 0.064, 0), (0.04848, 0.06428, 0.035), (0.04992, 0.065120004, 0.07), (0.05232, 0.066520005, 0.105000004), (0.05568, 0.06848, 0.14), (0.060000002, 0.071, 0.175), (0.056, 0.064, 0), (0.05648, 0.06428, 0.035), (0.05792, 0.065120004, 0.07), (0.06032, 0.066520005, 0.105000004), (0.06368, 0.06848, 0.14), (0.068, 0.071, 0.175), (0.064, 0.064, 0), (0.06448001, 0.06428, 0.035), (0.06592, 0.065120004, 0.07), (0.068320006, 0.066520005, 0.105000004), (0.07168, 0.06848, 0.14), (0.076000005, 0.071, 0.175), (0.072000004, 0.064, 0), (0.07248001, 0.06428, 0.035), (0.073920004, 0.065120004, 0.07), (0.07632001, 0.066520005, 0.105000004), (0.07968, 0.06848, 0.14), (0.08400001, 0.071, 0.175), (-0.072000004, 0.072000004, 0), (-0.07152, 0.072280005, 0.035), (-0.070080005, 0.073120005, 0.07), (-0.06768, 0.07452001, 0.105000004), (-0.064320005, 0.07648, 0.14), (-0.060000002, 0.079, 0.175), (-0.064, 0.072000004, 0), (-0.06352, 0.072280005, 0.035), (-0.062080003, 0.073120005, 0.07), (-0.059680004, 0.07452001, 0.105000004), (-0.056320004, 0.07648, 0.14), (-0.052, 0.079, 0.175), (-0.056, 0.072000004, 0), (-0.05552, 0.072280005, 0.035), (-0.054080002, 0.073120005, 0.07), (-0.051680002, 0.07452001, 0.105000004), (-0.048320003, 0.07648, 0.14), (-0.044, 0.079, 0.175), (-0.048, 0.072000004, 0), (-0.04752, 0.072280005, 0.035), (-0.04608, 0.073120005, 0.07), (-0.04368, 0.07452001, 0.105000004), (-0.04032, 0.07648, 0.14), (-0.036, 0.079, 0.175), (-0.040000003, 0.072000004, 0), (-0.039520003, 0.072280005, 0.035), (-0.038080003, 0.073120005, 0.07), (-0.035680003, 0.07452001, 0.105000004), (-0.032320004, 0.07648, 0.14), (-0.028000003, 0.079, 0.175), (-0.032, 0.072000004, 0), (-0.03152, 0.072280005, 0.035), (-0.030080002, 0.073120005, 0.07), (-0.027680002, 0.07452001, 0.105000004), (-0.02432, 0.07648, 0.14), (-0.020000001, 0.079, 0.175), (-0.024, 0.072000004, 0), (-0.02352, 0.072280005, 0.035), (-0.02208, 0.073120005, 0.07), (-0.01968, 0.07452001, 0.105000004), (-0.01632, 0.07648, 0.14), (-0.012, 0.079, 0.175), (-0.016, 0.072000004, 0), (-0.015520001, 0.072280005, 0.035), (-0.014080001, 0.073120005, 0.07), (-0.01168, 0.07452001, 0.105000004), (-0.00832, 0.07648, 0.14), (-0.0040000007, 0.079, 0.175), (-0.008, 0.072000004, 0), (-0.0075200005, 0.072280005, 0.035), (-0.00608, 0.073120005, 0.07), (-0.00368, 0.07452001, 0.105000004), (-0.0003200001, 0.07648, 0.14), (0.0039999997, 0.079, 0.175), (0, 0.072000004, 0), (0.00048000002, 0.072280005, 0.035), (0.0019200001, 0.073120005, 0.07), (0.0043200003, 0.07452001, 0.105000004), (0.0076800003, 0.07648, 0.14), (0.012, 0.079, 0.175), (0.008, 0.072000004, 0), (0.00848, 0.072280005, 0.035), (0.00992, 0.073120005, 0.07), (0.012320001, 0.07452001, 0.105000004), (0.01568, 0.07648, 0.14), (0.02, 0.079, 0.175), (0.016, 0.072000004, 0), (0.01648, 0.072280005, 0.035), (0.01792, 0.073120005, 0.07), (0.020320002, 0.07452001, 0.105000004), (0.023680001, 0.07648, 0.14), (0.028, 0.079, 0.175), (0.024, 0.072000004, 0), (0.02448, 0.072280005, 0.035), (0.02592, 0.073120005, 0.07), (0.02832, 0.07452001, 0.105000004), (0.03168, 0.07648, 0.14), (0.036, 0.079, 0.175), (0.032, 0.072000004, 0), (0.03248, 0.072280005, 0.035), (0.03392, 0.073120005, 0.07), (0.03632, 0.07452001, 0.105000004), (0.03968, 0.07648, 0.14), (0.044, 0.079, 0.175), (0.040000003, 0.072000004, 0), (0.040480003, 0.072280005, 0.035), (0.041920003, 0.073120005, 0.07), (0.044320002, 0.07452001, 0.105000004), (0.04768, 0.07648, 0.14), (0.052, 0.079, 0.175), (0.048, 0.072000004, 0), (0.04848, 0.072280005, 0.035), (0.04992, 0.073120005, 0.07), (0.05232, 0.07452001, 0.105000004), (0.05568, 0.07648, 0.14), (0.060000002, 0.079, 0.175), (0.056, 0.072000004, 0), (0.05648, 0.072280005, 0.035), (0.05792, 0.073120005, 0.07), (0.06032, 0.07452001, 0.105000004), (0.06368, 0.07648, 0.14), (0.068, 0.079, 0.175), (0.064, 0.072000004, 0), (0.06448001, 0.072280005, 0.035), (0.06592, 0.073120005, 0.07), (0.068320006, 0.07452001, 0.105000004), (0.07168, 0.07648, 0.14), (0.076000005, 0.079, 0.175), (0.072000004, 0.072000004, 0), (0.07248001, 0.072280005, 0.035), (0.073920004, 0.073120005, 0.07), (0.07632001, 0.07452001, 0.105000004), (0.07968, 0.07648, 0.14), (0.08400001, 0.079, 0.175)]
        color3f[] primvars:displayColor = [(0.82, 0.55, 0.27), (0.82, 0.55, 0.27), (0.82, 0.55, 0.27), (0.82, 0.55, 0.27), (0.82, 0.55, 0.27), (0.82, 0.55, 0.27), (0.82, 0.55, 0.27), (0.82, 0.55, 0.27), (0.82, 0.55, 0.27), (0.82, 0.55, 0.27), (0.82, 0.55, 0.27), (0.82, 0.55, 0.27), (0.82, 0.55, 0.27), (0.82, 0.55, 0.27), (0.82, 0.55, 0.27), (0.82, 0.55, 0.27), (0.82, 0.55, 0.27), (0.82, 0.55, 0.27), (0.82, 0.55, 0.27), (0.82, 0.55, 0.27), (0.82, 0.55, 0.27), (0.82, 0.55, 0.27), (0.82, 0.55, 0.27), (0.82, 0.55, 0.27), (0.82, 0.55, 0.27), (0.82, 0.55, 0.27), (0.82, 0.55, 0.27), (0.82, 0.55, 0.27), (0.82, 0.55, 0.27), (0.82, 0.55, 0.27), (0.82, 0.55, 0.27), (0.82, 0.55, 0.27), (0.82, 0.55, 0.27), (0.82, 0.55, 0.27), (0.82, 0.55, 0.27), (0.82, 0.55, 0.27), (0.82, 0.55, 0.27), (0.82, 0.55, 0.27), (0.82, 0.55, 0.27), (0.82, 0.55, 0.27), (0.82, 0.55, 0.27), (0.82, 0.55, 0.27), (0.82, 0.55, 0.27), (0.82, 0.55, 0.27), (0.82, 0.55, 0.27), (0.82, 0.55, 0.27), (0.82, 0.55, 0.27), (0.82, 0.55, 0.27), (0.82, 0.55, 0.27), (0.82, 0.55, 0.27), (0.82, 0.55, 0.27), (0.82, 0.55, 0.27), (0.82, 0.55, 0.27), (0.82, 0.55, 0.27), (0.82, 0.55, 0.27), (0.82, 0.55, 0.27), (0.82, 0.55, 0.27), (0.82, 0.55, 0.27), (0.82, 0.55, 0.27), (0.82, 0.55, 0.27), (0.82, 0.55, 0.27), (0.82, 0.55, 0.27), (0.82, 0.55, 0.27), (0.82, 0.55, 0.27), (0.82, 0.55, 0.27), (0.82, 0.55, 0.27), (0.82, 0.55, 0.27), (0.82, 0.55, 0.27), (0.82, 0.55, 0.27), (0.82, 0.55, 0.27), (0.82, 0.55, 0.27), (0.82, 0.55, 0.27), (0.82, 0.55, 0.27), (0.82, 0.55, 0.27), (0.82, 0.55, 0.27), (0.82, 0.55, 0.27), (0.82, 0.55, 0.27), (0.82, 0.55, 0.27), (0.82, 0.55, 0.27), (0.82, 0.55, 0.27), (0.82, 0.55, 0.27), (0.82, 0.55, 0.27), (0.82, 0.55, 0.27), (0.82, 0.55, 0.27), (0.82, 0.55, 0.27), (0.82, 0.55, 0.27), (0.82, 0.55, 0.27), (0.82, 0.55, 0.27), (0.82, 0.55, 0.27), (0.82, 0.55, 0.27), (0.82, 0.55, 0.27), (0.82, 0.55, 0.27), (0.82, 0.55, 0.27), (0.82, 0.55, 0.27), (0.82, 0.55, 0.27), (0.82, 0.55, 0.27), (0.82, 0.55, 0.27), (0.82, 0.55, 0.27), (0.82, 0.55, 0.27), (0.82, 0.55, 0.27), (0.82, 0.55, 0.27), (0.82, 0.55, 0.27), (0.82, 0.55, 0.27), (0.82, 0.55, 0.27), (0.82, 0.55, 0.27), (0.82, 0.55, 0.27), (0.82, 0.55, 0.27), (0.82, 0.55, 0.27), (0.82, 0.55, 0.27), (0.82, 0.55, 0.27), (0.82, 0.55, 0.27), (0.82, 0.55, 0.27), (0.82, 0.55, 0.27), (0.82, 0.55, 0.27), (0.82, 0.55, 0.27), (0.82, 0.55, 0.27), (0.82, 0.55, 0.27), (0.82, 0.55, 0.27), (0.82, 0.55, 0.27), (0.82, 0.55, 0.27), (0.82, 0.55, 0.27), (0.82, 0.55, 0.27), (0.82, 0.55, 0.27), (0.82, 0.55, 0.27), (0.82, 0.55, 0.27), (0.82, 0.55, 0.27), (0.82, 0.55, 0.27), (0.82, 0.55, 0.27), (0.82, 0.55, 0.27), (0.82, 0.55, 0.27), (0.82, 0.55, 0.27), (0.82, 0.55, 0.27), (0.82, 0.55, 0.27), (0.82, 0.55, 0.27), (0.82, 0.55, 0.27), (0.82, 0.55, 0.27), (0.82, 0.55, 0.27), (0.82, 0.55, 0.27), (0.82, 0.55, 0.27), (0.82, 0.55, 0.27), (0.82, 0.55, 0.27), (0.82, 0.55, 0.27), (0.82, 0.55, 0.27), (0.82, 0.55, 0.27), (0.82, 0.55, 0.27), (0.82, 0.55, 0.27), (0.82, 0.55, 0.27), (0.82, 0.55, 0.27), (0.82, 0.55, 0.27), (0.82, 0.55, 0.27), (0.82, 0.55, 0.27), (0.82, 0.55, 0.27), (0.82, 0.55, 0.27), (0.82, 0.55, 0.27), (0.82, 0.55, 0.27), (0.82, 0.55, 0.27), (0.82, 0.55, 0.27), (0.82, 0.55, 0.27), (0.82, 0.55, 0.27), (0.82, 0.55, 0.27), (0.82, 0.55, 0.27), (0.82, 0.55, 0.27), (0.82, 0.55, 0.27), (0.82, 0.55, 0.27), (0.82, 0.55, 0.27), (0.82, 0.55, 0.27), (0.82, 0.55, 0.27), (0.82, 0.55, 0.27), (0.82, 0.55, 0.27), (0.82, 0.55, 0.27), (0.82, 0.55, 0.27), (0.82, 0.55, 0.27), (0.82, 0.55, 0.27), (0.82, 0.55, 0.27), (0.82, 0.55, 0.27), (0.82, 0.55, 0.27), (0.82, 0.55, 0.27), (0.82, 0.55, 0.27), (0.82, 0.55, 0.27), (0.82, 0.55, 0.27), (0.82, 0.55, 0.27), (0.82, 0.55, 0.27), (0.82, 0.55, 0.27), (0.82, 0.55, 0.27), (0.82, 0.55, 0.27), (0.82, 0.55, 0.27), (0.82, 0.55, 0.27), (0.82, 0.55, 0.27), (0.82, 0.55, 0.27), (0.82, 0.55, 0.27), (0.82, 0.55, 0.27), (0.82, 0.55, 0.27), (0.82, 0.55, 0.27), (0.82, 0.55, 0.27), (0.82, 0.55, 0.27), (0.82, 0.55, 0.27), (0.82, 0.55, 0.27), (0.82, 0.55, 0.27), (0.82, 0.55, 0.27), (0.82, 0.55, 0.27), (0.82, 0.55, 0.27), (0.82, 0.55, 0.27), (0.82, 0.55, 0.27), (0.82, 0.55, 0.27), (0.82, 0.55, 0.27), (0.82, 0.55, 0.27), (0.82, 0.55, 0.27), (0.82, 0.55, 0.27), (0.82, 0.55, 0.27), (0.82, 0.55, 0.27), (0.82, 0.55, 0.27), (0.82, 0.55, 0.27), (0.82, 0.55, 0.27), (0.82, 0.55, 0.27), (0.82, 0.55, 0.27), (0.82, 0.55, 0.27), (0.82, 0.55, 0.27), (0.82, 0.55, 0.27), (0.82, 0.55, 0.27), (0.82, 0.55, 0.27), (0.82, 0.55, 0.27), (0.82, 0.55, 0.27), (0.82, 0.55, 0.27), (0.82, 0.55, 0.27), (0.82, 0.55, 0.27), (0.82, 0.55, 0.27), (0.82, 0.55, 0.27), (0.82, 0.55, 0.27), (0.82, 0.55, 0.27), (0.82, 0.55, 0.27), (0.82, 0.55, 0.27), (0.82, 0.55, 0.27), (0.82, 0.55, 0.27), (0.82, 0.55, 0.27), (0.82, 0.55, 0.27), (0.82, 0.55, 0.27), (0.82, 0.55, 0.27), (0.82, 0.55, 0.27), (0.82, 0.55, 0.27), (0.82, 0.55, 0.27), (0.82, 0.55, 0.27), (0.82, 0.55, 0.27), (0.82, 0.55, 0.27), (0.82, 0.55, 0.27), (0.82, 0.55, 0.27), (0.82, 0.55, 0.27), (0.82, 0.55, 0.27), (0.82, 0.55, 0.27), (0.82, 0.55, 0.27), (0.82, 0.55, 0.27), (0.82, 0.55, 0.27), (0.82, 0.55, 0.27), (0.82, 0.55, 0.27), (0.82, 0.55, 0.27), (0.82, 0.55, 0.27), (0.82, 0.55, 0.27), (0.82, 0.55, 0.27), (0.82, 0.55, 0.27), (0.82, 0.55, 0.27), (0.82, 0.55, 0.27), (0.82, 0.55, 0.27), (0.82, 0.55, 0.27), (0.82, 0.55, 0.27), (0.82, 0.55, 0.27), (0.82, 0.55, 0.27), (0.82, 0.55, 0.27), (0.82, 0.55, 0.27), (0.82, 0.55, 0.27), (0.82, 0.55, 0.27), (0.82, 0.55, 0.27), (0.82, 0.55, 0.27), (0.82, 0.55, 0.27), (0.82, 0.55, 0.27), (0.82, 0.55, 0.27), (0.82, 0.55, 0.27), (0.82, 0.55, 0.27), (0.82, 0.55, 0.27), (0.82, 0.55, 0.27), (0.82, 0.55, 0.27), (0.82, 0.55, 0.27), (0.82, 0.55, 0.27), (0.82, 0.55, 0.27), (0.82, 0.55, 0.27), (0.82, 0.55, 0.27), (0.82, 0.55, 0.27), (0.82, 0.55, 0.27), (0.82, 0.55, 0.27), (0.82, 0.55, 0.27), (0.82, 0.55, 0.27), (0.82, 0.55, 0.27), (0.82, 0.55, 0.27), (0.82, 0.55, 0.27), (0.82, 0.55, 0.27), (0.82, 0.55, 0.27), (0.82, 0.55, 0.27), (0.82, 0.55, 0.27), (0.82, 0.55, 0.27), (0.82, 0.55, 0.27), (0.82, 0.55, 0.27), (0.82, 0.55, 0.27), (0.82, 0.55, 0.27), (0.82, 0.55, 0.27), (0.82, 0.55, 0.27), (0.82, 0.55, 0.27), (0.82, 0.55, 0.27), (0.82, 0.55, 0.27), (0.82, 0.55, 0.27), (0.82, 0.55, 0.27), (0.82, 0.55, 0.27), (0.82, 0.55, 0.27), (0.82, 0.55, 0.27), (0.82, 0.55, 0.27), (0.82, 0.55, 0.27), (0.82, 0.55, 0.27), (0.82, 0.55, 0.27), (0.82, 0.55, 0.27), (0.82, 0.55, 0.27), (0.82, 0.55, 0.27), (0.82, 0.55, 0.27), (0.82, 0.55, 0.27), (0.82, 0.55, 0.27), (0.82, 0.55, 0.27), (0.82, 0.55, 0.27), (0.82, 0.55, 0.27), (0.82, 0.55, 0.27), (0.82, 0.55, 0.27), (0.82, 0.55, 0.27), (0.82, 0.55, 0.27), (0.82, 0.55, 0.27), (0.82, 0.55, 0.27), (0.82, 0.55, 0.27), (0.82, 0.55, 0.27), (0.82, 0.55, 0.27), (0.82, 0.55, 0.27), (0.82, 0.55, 0.27), (0.82, 0.55, 0.27), (0.82, 0.55, 0.27), (0.82, 0.55, 0.27), (0.82, 0.55, 0.27), (0.82, 0.55, 0.27), (0.82, 0.55, 0.27), (0.82, 0.55, 0.27), (0.82, 0.55, 0.27), (0.82, 0.55, 0.27), (0.82, 0.55, 0.27), (0.82, 0.55, 0.27), (0.82, 0.55, 0.27), (0.82, 0.55, 0.27), (0.82, 0.55, 0.27), (0.82, 0.55, 0.27), (0.82, 0.55, 0.27), (0.82, 0.55, 0.27), (0.82, 0.55, 0.27), (0.82, 0.55, 0.27), (0.82, 0.55, 0.27), (0.82, 0.55, 0.27), (0.82, 0.55, 0.27), (0.82, 0.55, 0.27), (0.82, 0.55, 0.27), (0.82, 0.55, 0.27), (0.82, 0.55, 0.27), (0.82, 0.55, 0.27), (0.82, 0.55, 0.27), (0.82, 0.55, 0.27), (0.82, 0.55, 0.27), (0.82, 0.55, 0.27), (0.82, 0.55, 0.27), (0.82, 0.55, 0.27), (0.82, 0.55, 0.27), (0.82, 0.55, 0.27), (0.82, 0.55, 0.27), (0.82, 0.55, 0.27), (0.82, 0.55, 0.27), (0.82, 0.55, 0.27), (0.82, 0.55, 0.27), (0.82, 0.55, 0.27), (0.82, 0.55, 0.27), (0.82, 0.55, 0.27), (0.82, 0.55, 0.27), (0.82, 0.55, 0.27), (0.82, 0.55, 0.27), (0.82, 0.55, 0.27), (0.82, 0.55, 0.27), (0.82, 0.55, 0.27), (0.82, 0.55, 0.27), (0.82, 0.55, 0.27), (0.82, 0.55, 0.27), (0.82, 0.55, 0.27), (0.82, 0.55, 0.27), (0.82, 0.55, 0.27), (0.82, 0.55, 0.27), (0.82, 0.55, 0.27), (0.82, 0.55, 0.27), (0.82, 0.55, 0.27), (0.82, 0.55, 0.27), (0.82, 0.55, 0.27), (0.82, 0.55, 0.27), (0.82, 0.55, 0.27), (0.82, 0.55, 0.27), (0.82, 0.55, 0.27), (0.82, 0.55, 0.27), (0.82, 0.55, 0.27), (0.82, 0.55, 0.27), (0.82, 0.55, 0.27), (0.82, 0.55, 0.27), (0.82, 0.55, 0.27), (0.82, 0.55, 0.27), (0.82, 0.55, 0.27), (0.82, 0.55, 0.27), (0.82, 0.55, 0.27), (0.82, 0.55, 0.27), (0.82, 0.55, 0.27), (0.82, 0.55, 0.27), (0.82, 0.55, 0.27), (0.82, 0.55, 0.27), (0.82, 0.55, 0.27), (0.82, 0.55, 0.27), (0.82, 0.55, 0.27), (0.82, 0.55, 0.27), (0.82, 0.55, 0.27), (0.82, 0.55, 0.27), (0.82, 0.55, 0.27), (0.82, 0.55, 0.27), (0.82, 0.55, 0.27), (0.82, 0.55, 0.27), (0.82, 0.55, 0.27), (0.82, 0.55, 0.27), (0.82, 0.55, 0.27), (0.82, 0.55, 0.27), (0.82, 0.55, 0.27), (0.82, 0.55, 0.27), (0.82, 0.55, 0.27), (0.82, 0.55, 0.27), (0.82, 0.55, 0.27), (0.82, 0.55, 0.27), (0.82, 0.55, 0.27), (0.82, 0.55, 0.27), (0.82, 0.55, 0.27), (0.82, 0.55, 0.27), (0.82, 0.55, 0.27), (0.82, 0.55, 0.27), (0.82, 0.55, 0.27), (0.82, 0.55, 0.27), (0.82, 0.55, 0.27), (0.82, 0.55, 0.27), (0.82, 0.55, 0.27), (0.82, 0.55, 0.27), (0.82, 0.55, 0.27), (0.82, 0.55, 0.27), (0.82, 0.55, 0.27), (0.82, 0.55, 0.27), (0.82, 0.55, 0.27), (0.82, 0.55, 0.27), (0.82, 0.55, 0.27), (0.82, 0.55, 0.27), (0.82, 0.55, 0.27), (0.82, 0.55, 0.27), (0.82, 0.55, 0.27), (0.82, 0.55, 0.27), (0.82, 0.55, 0.27), (0.82, 0.55, 0.27), (0.82, 0.55, 0.27), (0.82, 0.55, 0.27), (0.82, 0.55, 0.27), (0.82, 0.55, 0.27), (0.82, 0.55, 0.27), (0.82, 0.55, 0.27), (0.82, 0.55, 0.27), (0.82, 0.55, 0.27), (0.82, 0.55, 0.27), (0.82, 0.55, 0.27), (0.82, 0.55, 0.27), (0.82, 0.55, 0.27), (0.82, 0.55, 0.27), (0.82, 0.55, 0.27), (0.82, 0.55, 0.27), (0.82, 0.55, 0.27), (0.82, 0.55, 0.27), (0.82, 0.55, 0.27), (0.82, 0.55, 0.27), (0.82, 0.55, 0.27), (0.82, 0.55, 0.27), (0.82, 0.55, 0.27), (0.82, 0.55, 0.27), (0.82, 0.55, 0.27), (0.82, 0.55, 0.27), (0.82, 0.55, 0.27), (0.82, 0.55, 0.27), (0.82, 0.55, 0.27), (0.82, 0.55, 0.27), (0.82, 0.55, 0.27), (0.82, 0.55, 0.27), (0.82, 0.55, 0.27), (0.82, 0.55, 0.27), (0.82, 0.55, 0.27), (0.82, 0.55, 0.27), (0.82, 0.55, 0.27), (0.82, 0.55, 0.27), (0.82, 0.55, 0.27), (0.82, 0.55, 0.27), (0.82, 0.55, 0.27), (0.82, 0.55, 0.27), (0.82, 0.55, 0.27), (0.82, 0.55, 0.27), (0.82, 0.55, 0.27), (0.82, 0.55, 0.27), (0.82, 0.55, 0.27), (0.82, 0.55, 0.27), (0.82, 0.55, 0.27), (0.82, 0.55, 0.27), (0.82, 0.55, 0.27), (0.82, 0.55, 0.27), (0.82, 0.55, 0.27), (0.82, 0.55, 0.27), (0.82, 0.55, 0.27), (0.82, 0.55, 0.27), (0.82, 0.55, 0.27), (0.82, 0.55, 0.27), (0.82, 0.55, 0.27), (0.82, 0.55, 0.27), (0.82, 0.55, 0.27), (0.82, 0.55, 0.27), (0.82, 0.55, 0.27), (0.82, 0.55, 0.27), (0.82, 0.55, 0.27), (0.82, 0.55, 0.27), (0.82, 0.55, 0.27), (0.82, 0.55, 0.27), (0.82, 0.55, 0.27), (0.82, 0.55, 0.27), (0.82, 0.55, 0.27), (0.82, 0.55, 0.27), (0.82, 0.55, 0.27), (0.82, 0.55, 0.27), (0.82, 0.55, 0.27), (0.82, 0.55, 0.27), (0.82, 0.55, 0.27), (0.82, 0.55, 0.27), (0.82, 0.55, 0.27), (0.82, 0.55, 0.27), (0.82, 0.55, 0.27), (0.82, 0.55, 0.27), (0.82, 0.55, 0.27), (0.82, 0.55, 0.27), (0.82, 0.55, 0.27), (0.82, 0.55, 0.27), (0.82, 0.55, 0.27), (0.82, 0.55, 0.27), (0.82, 0.55, 0.27), (0.82, 0.55, 0.27), (0.82, 0.55, 0.27), (0.82, 0.55, 0.27), (0.82, 0.55, 0.27), (0.82, 0.55, 0.27), (0.82, 0.55, 0.27), (0.82, 0.55, 0.27), (0.82, 0.55, 0.27), (0.82, 0.55, 0.27), (0.82, 0.55, 0.27), (0.82, 0.55, 0.27), (0.82, 0.55, 0.27), (0.82, 0.55, 0.27), (0.82, 0.55, 0.27), (0.82, 0.55, 0.27), (0.82, 0.55, 0.27), (0.82, 0.55, 0.27), (0.82, 0.55, 0.27), (0.82, 0.55, 0.27), (0.82, 0.55, 0.27), (0.82, 0.55, 0.27), (0.82, 0.55, 0.27), (0.82, 0.55, 0.27), (0.82, 0.55, 0.27), (0.82, 0.55, 0.27), (0.82, 0.55, 0.27), (0.82, 0.55, 0.27), (0.82, 0.55, 0.27), (0.82, 0.55, 0.27), (0.82, 0.55, 0.27), (0.82, 0.55, 0.27), (0.82, 0.55, 0.27), (0.82, 0.55, 0.27), (0.82, 0.55, 0.27), (0.82, 0.55, 0.27), (0.82, 0.55, 0.27), (0.82, 0.55, 0.27), (0.82, 0.55, 0.27), (0.82, 0.55, 0.27), (0.82, 0.55, 0.27), (0.82, 0.55, 0.27), (0.82, 0.55, 0.27), (0.82, 0.55, 0.27), (0.82, 0.55, 0.27), (0.82, 0.55, 0.27), (0.82, 0.55, 0.27), (0.82, 0.55, 0.27), (0.82, 0.55, 0.27), (0.82, 0.55, 0.27), (0.82, 0.55, 0.27), (0.82, 0.55, 0.27), (0.82, 0.55, 0.27), (0.82, 0.55, 0.27), (0.82, 0.55, 0.27), (0.82, 0.55, 0.27), (0.82, 0.55, 0.27), (0.82, 0.55, 0.27), (0.82, 0.55, 0.27), (0.82, 0.55, 0.27), (0.82, 0.55, 0.27), (0.82, 0.55, 0.27), (0.82, 0.55, 0.27), (0.82, 0.55, 0.27), (0.82, 0.55, 0.27), (0.82, 0.55, 0.27), (0.82, 0.55, 0.27), (0.82, 0.55, 0.27), (0.82, 0.55, 0.27), (0.82, 0.55, 0.27), (0.82, 0.55, 0.27), (0.82, 0.55, 0.27), (0.82, 0.55, 0.27), (0.82, 0.55, 0.27), (0.82, 0.55, 0.27), (0.82, 0.55, 0.27), (0.82, 0.55, 0.27), (0.82, 0.55, 0.27), (0.82, 0.55, 0.27), (0.82, 0.55, 0.27), (0.82, 0.55, 0.27), (0.82, 0.55, 0.27), (0.82, 0.55, 0.27), (0.82, 0.55, 0.27), (0.82, 0.55, 0.27), (0.82, 0.55, 0.27), (0.82, 0.55, 0.27), (0.82, 0.55, 0.27), (0.82, 0.55, 0.27), (0.82, 0.55, 0.27), (0.82, 0.55, 0.27), (0.82, 0.55, 0.27), (0.82, 0.55, 0.27), (0.82, 0.55, 0.27), (0.82, 0.55, 0.27), (0.82, 0.55, 0.27), (0.82, 0.55, 0.27), (0.82, 0.55, 0.27), (0.82, 0.55, 0.27), (0.82, 0.55, 0.27), (0.82, 0.55, 0.27), (0.82, 0.55, 0.27), (0.82, 0.55, 0.27), (0.82, 0.55, 0.27), (0.82, 0.55, 0.27), (0.82, 0.55, 0.27), (0.82, 0.55, 0.27), (0.82, 0.55, 0.27), (0.82, 0.55, 0.27), (0.82, 0.55, 0.27), (0.82, 0.55, 0.27), (0.82, 0.55, 0.27), (0.82, 0.55, 0.27), (0.82, 0.55, 0.27), (0.82, 0.55, 0.27), (0.82, 0.55, 0.27), (0.82, 0.55, 0.27), (0.82, 0.55, 0.27), (0.82, 0.55, 0.27), (0.82, 0.55, 0.27), (0.82, 0.55, 0.27), (0.82, 0.55, 0.27), (0.82, 0.55, 0.27), (0.82, 0.55, 0.27), (0.82, 0.55, 0.27), (0.82, 0.55, 0.27), (0.82, 0.55, 0.27), (0.82, 0.55, 0.27), (0.82, 0.55, 0.27), (0.82, 0.55, 0.27), (0.82, 0.55, 0.27), (0.82, 0.55, 0.27), (0.82, 0.55, 0.27), (0.82, 0.55, 0.27), (0.82, 0.55, 0.27), (0.82, 0.55, 0.27), (0.82, 0.55, 0.27), (0.82, 0.55, 0.27), (0.82, 0.55, 0.27), (0.82, 0.55, 0.27), (0.82, 0.55, 0.27), (0.82, 0.55, 0.27), (0.82, 0.55, 0.27), (0.82, 0.55, 0.27), (0.82, 0.55, 0.27), (0.82, 0.55, 0.27), (0.82, 0.55, 0.27), (0.82, 0.55, 0.27), (0.82, 0.55, 0.27), (0.82, 0.55, 0.27), (0.82, 0.55, 0.27), (0.82, 0.55, 0.27), (0.82, 0.55, 0.27), (0.82, 0.55, 0.27), (0.82, 0.55, 0.27), (0.82, 0.55, 0.27), (0.82, 0.55, 0.27), (0.82, 0.55, 0.27), (0.82, 0.55, 0.27), (0.82, 0.55, 0.27), (0.82, 0.55, 0.27), (0.82, 0.55, 0.27), (0.82, 0.55, 0.27), (0.82, 0.55, 0.27), (0.82, 0.55, 0.27), (0.82, 0.55, 0.27), (0.82, 0.55, 0.27), (0.82, 0.55, 0.27), (0.82, 0.55, 0.27), (0.82, 0.55, 0.27), (0.82, 0.55, 0.27), (0.82, 0.55, 0.27), (0.82, 0.55, 0.27), (0.82, 0.55, 0.27), (0.82, 0.55, 0.27), (0.82, 0.55, 0.27), (0.82, 0.55, 0.27), (0.82, 0.55, 0.27), (0.82, 0.55, 0.27), (0.82, 0.55, 0.27), (0.82, 0.55, 0.27), (0.82, 0.55, 0.27), (0.82, 0.55, 0.27), (0.82, 0.55, 0.27), (0.82, 0.55, 0.27), (0.82, 0.55, 0.27), (0.82, 0.55, 0.27), (0.82, 0.55, 0.27), (0.82, 0.55, 0.27), (0.82, 0.55, 0.27), (0.82, 0.55, 0.27), (0.82, 0.55, 0.27), (0.82, 0.55, 0.27), (0.82, 0.55, 0.27), (0.82, 0.55, 0.27), (0.82, 0.55, 0.27), (0.82, 0.55, 0.27), (0.82, 0.55, 0.27), (0.82, 0.55, 0.27), (0.82, 0.55, 0.27), (0.82, 0.55, 0.27), (0.82, 0.55, 0.27), (0.82, 0.55, 0.27), (0.82, 0.55, 0.27), (0.82, 0.55, 0.27), (0.82, 0.55, 0.27), (0.82, 0.55, 0.27), (0.82, 0.55, 0.27), (0.82, 0.55, 0.27), (0.82, 0.55, 0.27), (0.82, 0.55, 0.27), (0.82, 0.55, 0.27), (0.82, 0.55, 0.27), (0.82, 0.55, 0.27), (0.82, 0.55, 0.27), (0.82, 0.55, 0.27), (0.82, 0.55, 0.27), (0.82, 0.55, 0.27), (0.82, 0.55, 0.27), (0.82, 0.55, 0.27), (0.82, 0.55, 0.27), (0.82, 0.55, 0.27), (0.82, 0.55, 0.27), (0.82, 0.55, 0.27), (0.82, 0.55, 0.27), (0.82, 0.55, 0.27), (0.82, 0.55, 0.27), (0.82, 0.55, 0.27), (0.82, 0.55, 0.27), (0.82, 0.55, 0.27), (0.82, 0.55, 0.27), (0.82, 0.55, 0.27), (0.82, 0.55, 0.27), (0.82, 0.55, 0.27), (0.82, 0.55, 0.27), (0.82, 0.55, 0.27), (0.82, 0.55, 0.27), (0.82, 0.55, 0.27), (0.82, 0.55, 0.27), (0.82, 0.55, 0.27), (0.82, 0.55, 0.27), (0.82, 0.55, 0.27), (0.82, 0.55, 0.27), (0.82, 0.55, 0.27), (0.82, 0.55, 0.27), (0.82, 0.55, 0.27), (0.82, 0.55, 0.27), (0.82, 0.55, 0.27), (0.82, 0.55, 0.27), (0.82, 0.55, 0.27), (0.82, 0.55, 0.27), (0.82, 0.55, 0.27), (0.82, 0.55, 0.27), (0.82, 0.55, 0.27), (0.82, 0.55, 0.27), (0.82, 0.55, 0.27), (0.82, 0.55, 0.27), (0.82, 0.55, 0.27), (0.82, 0.55, 0.27), (0.82, 0.55, 0.27), (0.82, 0.55, 0.27), (0.82, 0.55, 0.27), (0.82, 0.55, 0.27), (0.82, 0.55, 0.27), (0.82, 0.55, 0.27), (0.82, 0.55, 0.27), (0.82, 0.55, 0.27), (0.82, 0.55, 0.27), (0.82, 0.55, 0.27), (0.82, 0.55, 0.27), (0.82, 0.55, 0.27), (0.82, 0.55, 0.27), (0.82, 0.55, 0.27), (0.82, 0.55, 0.27), (0.82, 0.55, 0.27), (0.82, 0.55, 0.27), (0.82, 0.55, 0.27), (0.82, 0.55, 0.27), (0.82, 0.55, 0.27), (0.82, 0.55, 0.27), (0.82, 0.55, 0.27), (0.82, 0.55, 0.27), (0.82, 0.55, 0.27), (0.82, 0.55, 0.27), (0.82, 0.55, 0.27), (0.82, 0.55, 0.27), (0.82, 0.55, 0.27), (0.82, 0.55, 0.27), (0.82, 0.55, 0.27), (0.82, 0.55, 0.27), (0.82, 0.55, 0.27), (0.82, 0.55, 0.27), (0.82, 0.55, 0.27), (0.82, 0.55, 0.27), (0.82, 0.55, 0.27), (0.82, 0.55, 0.27), (0.82, 0.55, 0.27), (0.82, 0.55, 0.27), (0.82, 0.55, 0.27), (0.82, 0.55, 0.27), (0.82, 0.55, 0.27), (0.82, 0.55, 0.27), (0.82, 0.55, 0.27), (0.82, 0.55, 0.27), (0.82, 0.55, 0.27), (0.82, 0.55, 0.27), (0.82, 0.55, 0.27), (0.82, 0.55, 0.27), (0.82, 0.55, 0.27), (0.82, 0.55, 0.27), (0.82, 0.55, 0.27), (0.82, 0.55, 0.27), (0.82, 0.55, 0.27), (0.82, 0.55, 0.27), (0.82, 0.55, 0.27), (0.82, 0.55, 0.27), (0.82, 0.55, 0.27), (0.82, 0.55, 0.27), (0.82, 0.55, 0.27), (0.82, 0.55, 0.27), (0.82, 0.55, 0.27), (0.82, 0.55, 0.27), (0.82, 0.55, 0.27), (0.82, 0.55, 0.27), (0.82, 0.55, 0.27), (0.82, 0.55, 0.27), (0.82, 0.55, 0.27), (0.82, 0.55, 0.27), (0.82, 0.55, 0.27), (0.82, 0.55, 0.27), (0.82, 0.55, 0.27), (0.82, 0.55, 0.27), (0.82, 0.55, 0.27), (0.82, 0.55, 0.27), (0.82, 0.55, 0.27), (0.82, 0.55, 0.27), (0.82, 0.55, 0.27), (0.82, 0.55, 0.27), (0.82, 0.55, 0.27), (0.82, 0.55, 0.27), (0.82, 0.55, 0.27), (0.82, 0.55, 0.27), (0.82, 0.55, 0.27), (0.82, 0.55, 0.27), (0.82, 0.55, 0.27), (0.82, 0.55, 0.27), (0.82, 0.55, 0.27), (0.82, 0.55, 0.27), (0.82, 0.55, 0.27), (0.82, 0.55, 0.27), (0.82, 0.55, 0.27), (0.82, 0.55, 0.27), (0.82, 0.55, 0.27), (0.82, 0.55, 0.27), (0.82, 0.55, 0.27), (0.82, 0.55, 0.27), (0.82, 0.55, 0.27), (0.82, 0.55, 0.27), (0.82, 0.55, 0.27), (0.82, 0.55, 0.27), (0.82, 0.55, 0.27), (0.82, 0.55, 0.27), (0.82, 0.55, 0.27), (0.82, 0.55, 0.27), (0.82, 0.55, 0.27), (0.82, 0.55, 0.27), (0.82, 0.55, 0.27), (0.82, 0.55, 0.27), (0.82, 0.55, 0.27), (0.82, 0.55, 0.27), (0.82, 0.55, 0.27), (0.82, 0.55, 0.27), (0.82, 0.55, 0.27), (0.82, 0.55, 0.27), (0.82, 0.55, 0.27), (0.82, 0.55, 0.27), (0.82, 0.55, 0.27), (0.82, 0.55, 0.27), (0.82, 0.55, 0.27), (0.82, 0.55, 0.27), (0.82, 0.55, 0.27), (0.82, 0.55, 0.27), (0.82, 0.55, 0.27), (0.82, 0.55, 0.27), (0.82, 0.55, 0.27), (0.82, 0.55, 0.27), (0.82, 0.55, 0.27), (0.82, 0.55, 0.27), (0.82, 0.55, 0.27), (0.82, 0.55, 0.27), (0.82, 0.55, 0.27), (0.82, 0.55, 0.27), (0.82, 0.55, 0.27), (0.82, 0.55, 0.27), (0.82, 0.55, 0.27), (0.82, 0.55, 0.27), (0.82, 0.55, 0.27), (0.82, 0.55, 0.27), (0.82, 0.55, 0.27), (0.82, 0.55, 0.27), (0.82, 0.55, 0.27), (0.82, 0.55, 0.27), (0.82, 0.55, 0.27), (0.82, 0.55, 0.27), (0.82, 0.55, 0.27), (0.82, 0.55, 0.27), (0.82, 0.55, 0.27), (0.82, 0.55, 0.27), (0.82, 0.55, 0.27), (0.82, 0.55, 0.27), (0.82, 0.55, 0.27), (0.82, 0.55, 0.27), (0.82, 0.55, 0.27), (0.82, 0.55, 0.27), (0.82, 0.55, 0.27), (0.82, 0.55, 0.27), (0.82, 0.55, 0.27), (0.82, 0.55, 0.27), (0.82, 0.55, 0.27), (0.82, 0.55, 0.27), (0.82, 0.55, 0.27), (0.82, 0.55, 0.27), (0.82, 0.55, 0.27), (0.82, 0.55, 0.27), (0.82, 0.55, 0.27), (0.82, 0.55, 0.27), (0.82, 0.55, 0.27), (0.82, 0.55, 0.27), (0.82, 0.55, 0.27), (0.82, 0.55, 0.27), (0.82, 0.55, 0.27), (0.82, 0.55, 0.27), (0.82, 0.55, 0.27), (0.82, 0.55, 0.27), (0.82, 0.55, 0.27), (0.82, 0.55, 0.27), (0.82, 0.55, 0.27), (0.82, 0.55, 0.27), (0.82, 0.55, 0.27), (0.82, 0.55, 0.27), (0.82, 0.55, 0.27), (0.82, 0.55, 0.27), (0.82, 0.55, 0.27), (0.82, 0.55, 0.27), (0.82, 0.55, 0.27), (0.82, 0.55, 0.27), (0.82, 0.55, 0.27), (0.82, 0.55, 0.27), (0.82, 0.55, 0.27), (0.82, 0.55, 0.27), (0.82, 0.55, 0.27), (0.82, 0.55, 0.27), (0.82, 0.55, 0.27), (0.82, 0.55, 0.27), (0.82, 0.55, 0.27), (0.82, 0.55, 0.27), (0.82, 0.55, 0.27), (0.82, 0.55, 0.27), (0.82, 0.55, 0.27), (0.82, 0.55, 0.27), (0.82, 0.55, 0.27), (0.82, 0.55, 0.27), (0.82, 0.55, 0.27), (0.82, 0.55, 0.27), (0.82, 0.55, 0.27), (0.82, 0.55, 0.27), (0.82, 0.55, 0.27), (0.82, 0.55, 0.27), (0.82, 0.55, 0.27), (0.82, 0.55, 0.27), (0.82, 0.55, 0.27), (0.82, 0.55, 0.27), (0.82, 0.55, 0.27), (0.82, 0.55, 0.27), (0.82, 0.55, 0.27), (0.82, 0.55, 0.27), (0.82, 0.55, 0.27), (0.82, 0.55, 0.27), (0.82, 0.55, 0.27), (0.82, 0.55, 0.27), (0.82, 0.55, 0.27), (0.82, 0.55, 0.27), (0.82, 0.55, 0.27), (0.82, 0.55, 0.27), (0.82, 0.55, 0.27), (0.82, 0.55, 0.27), (0.82, 0.55, 0.27), (0.82, 0.55, 0.27), (0.82, 0.55, 0.27), (0.82, 0.55, 0.27), (0.82, 0.55, 0.27), (0.82, 0.55, 0.27), (0.82, 0.55, 0.27), (0.82, 0.55, 0.27), (0.82, 0.55, 0.27), (0.82, 0.55, 0.27), (0.82, 0.55, 0.27), (0.82, 0.55, 0.27), (0.82, 0.55, 0.27), (0.82, 0.55, 0.27), (0.82, 0.55, 0.27), (0.82, 0.55, 0.27), (0.82, 0.55, 0.27), (0.82, 0.55, 0.27), (0.82, 0.55, 0.27), (0.82, 0.55, 0.27), (0.82, 0.55, 0.27), (0.82, 0.55, 0.27), (0.82, 0.55, 0.27), (0.82, 0.55, 0.27), (0.82, 0.55, 0.27), (0.82, 0.55, 0.27), (0.82, 0.55, 0.27), (0.82, 0.55, 0.27), (0.82, 0.55, 0.27), (0.82, 0.55, 0.27), (0.82, 0.55, 0.27), (0.82, 0.55, 0.27), (0.82, 0.55, 0.27), (0.82, 0.55, 0.27), (0.82, 0.55, 0.27), (0.82, 0.55, 0.27), (0.82, 0.55, 0.27), (0.82, 0.55, 0.27), (0.82, 0.55, 0.27), (0.82, 0.55, 0.27), (0.82, 0.55, 0.27), (0.82, 0.55, 0.27), (0.82, 0.55, 0.27), (0.82, 0.55, 0.27), (0.82, 0.55, 0.27), (0.82, 0.55, 0.27), (0.82, 0.55, 0.27), (0.82, 0.55, 0.27), (0.82, 0.55, 0.27), (0.82, 0.55, 0.27), (0.82, 0.55, 0.27), (0.82, 0.55, 0.27), (0.82, 0.55, 0.27), (0.82, 0.55, 0.27), (0.82, 0.55, 0.27), (0.82, 0.55, 0.27), (0.82, 0.55, 0.27), (0.82, 0.55, 0.27), (0.82, 0.55, 0.27), (0.82, 0.55, 0.27), (0.82, 0.55, 0.27), (0.82, 0.55, 0.27), (0.82, 0.55, 0.27), (0.82, 0.55, 0.27), (0.82, 0.55, 0.27), (0.82, 0.55, 0.27), (0.82, 0.55, 0.27), (0.82, 0.55, 0.27), (0.82, 0.55, 0.27), (0.82, 0.55, 0.27), (0.82, 0.55, 0.27), (0.82, 0.55, 0.27), (0.82, 0.55, 0.27), (0.82, 0.55, 0.27), (0.82, 0.55, 0.27), (0.82, 0.55, 0.27), (0.82, 0.55, 0.27), (0.82, 0.55, 0.27), (0.82, 0.55, 0.27), (0.82, 0.55, 0.27), (0.82, 0.55, 0.27), (0.82, 0.55, 0.27), (0.82, 0.55, 0.27), (0.82, 0.55, 0.27), (0.82, 0.55, 0.27), (0.82, 0.55, 0.27), (0.82, 0.55, 0.27), (0.82, 0.55, 0.27), (0.82, 0.55, 0.27), (0.82, 0.55, 0.27), (0.82, 0.55, 0.27), (0.82, 0.55, 0.27), (0.82, 0.55, 0.27), (0.82, 0.55, 0.27), (0.82, 0.55, 0.27), (0.82, 0.55, 0.27), (0.82, 0.55, 0.27), (0.82, 0.55, 0.27), (0.82, 0.55, 0.27), (0.82, 0.55, 0.27), (0.82, 0.55, 0.27), (0.82, 0.55, 0.27), (0.82, 0.55, 0.27), (0.82, 0.55, 0.27), (0.82, 0.55, 0.27), (0.82, 0.55, 0.27), (0.82, 0.55, 0.27), (0.82, 0.55, 0.27), (0.82, 0.55, 0.27), (0.82, 0.55, 0.27), (0.82, 0.55, 0.27), (0.82, 0.55, 0.27), (0.82, 0.55, 0.27), (0.82, 0.55, 0.27), (0.82, 0.55, 0.27), (0.82, 0.55, 0.27), (0.82, 0.55, 0.27), (0.82, 0.55, 0.27), (0.82, 0.55, 0.27), (0.82, 0.55, 0.27), (0.82, 0.55, 0.27), (0.82, 0.55, 0.27), (0.82, 0.55, 0.27), (0.82, 0.55, 0.27), (0.82, 0.55, 0.27), (0.82, 0.55, 0.27), (0.82, 0.55, 0.27), (0.82, 0.55, 0.27), (0.82, 0.55, 0.27), (0.82, 0.55, 0.27), (0.82, 0.55, 0.27), (0.82, 0.55, 0.27), (0.82, 0.55, 0.27), (0.82, 0.55, 0.27), (0.82, 0.55, 0.27), (0.82, 0.55, 0.27), (0.82, 0.55, 0.27), (0.82, 0.55, 0.27), (0.82, 0.55, 0.27), (0.82, 0.55, 0.27), (0.82, 0.55, 0.27), (0.82, 0.55, 0.27), (0.82, 0.55, 0.27), (0.82, 0.55, 0.27), (0.82, 0.55, 0.27), (0.82, 0.55, 0.27), (0.82, 0.55, 0.27), (0.82, 0.55, 0.27), (0.82, 0.55, 0.27), (0.82, 0.55, 0.27), (0.82, 0.55, 0.27), (0.82, 0.55, 0.27), (0.82, 0.55, 0.27), (0.82, 0.55, 0.27), (0.82, 0.55, 0.27), (0.82, 0.55, 0.27), (0.82, 0.55, 0.27), (0.82, 0.55, 0.27), (0.82, 0.55, 0.27), (0.82, 0.55, 0.27), (0.82, 0.55, 0.27), (0.82, 0.55, 0.27), (0.82, 0.55, 0.27), (0.82, 0.55, 0.27), (0.82, 0.55, 0.27), (0.82, 0.55, 0.27), (0.82, 0.55, 0.27), (0.82, 0.55, 0.27), (0.82, 0.55, 0.27), (0.82, 0.55, 0.27), (0.82, 0.55, 0.27), (0.82, 0.55, 0.27), (0.82, 0.55, 0.27), (0.82, 0.55, 0.27), (0.82, 0.55, 0.27), (0.82, 0.55, 0.27), (0.82, 0.55, 0.27), (0.82, 0.55, 0.27), (0.82, 0.55, 0.27), (0.82, 0.55, 0.27), (0.82, 0.55, 0.27), (0.82, 0.55, 0.27), (0.82, 0.55, 0.27), (0.82, 0.55, 0.27), (0.82, 0.55, 0.27), (0.82, 0.55, 0.27), (0.82, 0.55, 0.27), (0.82, 0.55, 0.27), (0.82, 0.55, 0.27), (0.82, 0.55, 0.27), (0.82, 0.55, 0.27), (0.82, 0.55, 0.27), (0.82, 0.55, 0.27), (0.82, 0.55, 0.27), (0.82, 0.55, 0.27), (0.82, 0.55, 0.27), (0.82, 0.55, 0.27), (0.82, 0.55, 0.27), (0.82, 0.55, 0.27), (0.82, 0.55, 0.27), (0.82, 0.55, 0.27), (0.82, 0.55, 0.27), (0.82, 0.55, 0.27), (0.82, 0.55, 0.27), (0.82, 0.55, 0.27), (0.82, 0.55, 0.27), (0.82, 0.55, 0.27), (0.82, 0.55, 0.27), (0.82, 0.55, 0.27), (0.82, 0.55, 0.27), (0.82, 0.55, 0.27), (0.82, 0.55, 0.27), (0.82, 0.55, 0.27), (0.82, 0.55, 0.27), (0.82, 0.55, 0.27), (0.82, 0.55, 0.27), (0.82, 0.55, 0.27), (0.82, 0.55, 0.27), (0.82, 0.55, 0.27), (0.82, 0.55, 0.27), (0.82, 0.55, 0.27), (0.82, 0.55, 0.27), (0.82, 0.55, 0.27), (0.82, 0.55, 0.27), (0.82, 0.55, 0.27), (0.82, 0.55, 0.27), (0.82, 0.55, 0.27), (0.82, 0.55, 0.27), (0.82, 0.55, 0.27), (0.82, 0.55, 0.27), (0.82, 0.55, 0.27), (0.82, 0.55, 0.27), (0.82, 0.55, 0.27), (0.82, 0.55, 0.27), (0.82, 0.55, 0.27), (0.82, 0.55, 0.27), (0.82, 0.55, 0.27), (0.82, 0.55, 0.27), (0.82, 0.55, 0.27), (0.82, 0.55, 0.27), (0.82, 0.55, 0.27), (0.82, 0.55, 0.27), (0.82, 0.55, 0.27), (0.82, 0.55, 0.27), (0.82, 0.55, 0.27), (0.82, 0.55, 0.27), (0.82, 0.55, 0.27), (0.82, 0.55, 0.27), (0.82, 0.55, 0.27), (0.82, 0.55, 0.27), (0.82, 0.55, 0.27), (0.82, 0.55, 0.27), (0.82, 0.55, 0.27), (0.82, 0.55, 0.27), (0.82, 0.55, 0.27), (0.82, 0.55, 0.27), (0.82, 0.55, 0.27), (0.82, 0.55, 0.27), (0.82, 0.55, 0.27), (0.82, 0.55, 0.27), (0.82, 0.55, 0.27), (0.82, 0.55, 0.27), (0.82, 0.55, 0.27), (0.82, 0.55, 0.27), (0.82, 0.55, 0.27), (0.82, 0.55, 0.27), (0.82, 0.55, 0.27), (0.82, 0.55, 0.27), (0.82, 0.55, 0.27), (0.82, 0.55, 0.27), (0.82, 0.55, 0.27), (0.82, 0.55, 0.27), (0.82, 0.55, 0.27), (0.82, 0.55, 0.27), (0.82, 0.55, 0.27), (0.82, 0.55, 0.27), (0.82, 0.55, 0.27), (0.82, 0.55, 0.27), (0.82, 0.55, 0.27), (0.82, 0.55, 0.27), (0.82, 0.55, 0.27), (0.82, 0.55, 0.27), (0.82, 0.55, 0.27), (0.82, 0.55, 0.27), (0.82, 0.55, 0.27), (0.82, 0.55, 0.27), (0.82, 0.55, 0.27), (0.82, 0.55, 0.27), (0.82, 0.55, 0.27), (0.82, 0.55, 0.27), (0.82, 0.55, 0.27), (0.82, 0.55, 0.27), (0.82, 0.55, 0.27), (0.82, 0.55, 0.27), (0.82, 0.55, 0.27), (0.82, 0.55, 0.27), (0.82, 0.55, 0.27), (0.82, 0.55, 0.27), (0.82, 0.55, 0.27), (0.82, 0.55, 0.27), (0.82, 0.55, 0.27), (0.82, 0.55, 0.27), (0.82, 0.55, 0.27), (0.82, 0.55, 0.27), (0.82, 0.55, 0.27), (0.82, 0.55, 0.27), (0.82, 0.55, 0.27), (0.82, 0.55, 0.27), (0.82, 0.55, 0.27), (0.82, 0.55, 0.27), (0.82, 0.55, 0.27), (0.82, 0.55, 0.27), (0.82, 0.55, 0.27), (0.82, 0.55, 0.27), (0.82, 0.55, 0.27), (0.82, 0.55, 0.27), (0.82, 0.55, 0.27), (0.82, 0.55, 0.27), (0.82, 0.55, 0.27), (0.82, 0.55, 0.27), (0.82, 0.55, 0.27), (0.82, 0.55, 0.27), (0.82, 0.55, 0.27), (0.82, 0.55, 0.27), (0.82, 0.55, 0.27), (0.82, 0.55, 0.27), (0.82, 0.55, 0.27), (0.82, 0.55, 0.27), (0.82, 0.55, 0.27), (0.82, 0.55, 0.27), (0.82, 0.55, 0.27), (0.82, 0.55, 0.27), (0.82, 0.55, 0.27), (0.82, 0.55, 0.27), (0.82, 0.55, 0.27), (0.82, 0.55, 0.27), (0.82, 0.55, 0.27), (0.82, 0.55, 0.27), (0.82, 0.55, 0.27), (0.82, 0.55, 0.27), (0.82, 0.55, 0.27), (0.82, 0.55, 0.27), (0.82, 0.55, 0.27), (0.82, 0.55, 0.27), (0.82, 0.55, 0.27), (0.82, 0.55, 0.27), (0.82, 0.55, 0.27), (0.82, 0.55, 0.27), (0.82, 0.55, 0.27), (0.82, 0.55, 0.27), (0.82, 0.55, 0.27), (0.82, 0.55, 0.27), (0.82, 0.55, 0.27), (0.82, 0.55, 0.27), (0.82, 0.55, 0.27), (0.82, 0.55, 0.27), (0.82, 0.55, 0.27), (0.82, 0.55, 0.27), (0.82, 0.55, 0.27), (0.82, 0.55, 0.27), (0.82, 0.55, 0.27), (0.82, 0.55, 0.27), (0.82, 0.55, 0.27), (0.82, 0.55, 0.27), (0.82, 0.55, 0.27), (0.82, 0.55, 0.27), (0.82, 0.55, 0.27), (0.82, 0.55, 0.27), (0.82, 0.55, 0.27), (0.82, 0.55, 0.27), (0.82, 0.55, 0.27), (0.82, 0.55, 0.27), (0.82, 0.55, 0.27), (0.82, 0.55, 0.27), (0.82, 0.55, 0.27), (0.82, 0.55, 0.27), (0.82, 0.55, 0.27), (0.82, 0.55, 0.27), (0.82, 0.55, 0.27), (0.82, 0.55, 0.27), (0.82, 0.55, 0.27), (0.82, 0.55, 0.27), (0.82, 0.55, 0.27), (0.82, 0.55, 0.27), (0.82, 0.55, 0.27), (0.82, 0.55, 0.27), (0.82, 0.55, 0.27), (0.82, 0.55, 0.27), (0.82, 0.55, 0.27), (0.82, 0.55, 0.27), (0.82, 0.55, 0.27), (0.82, 0.55, 0.27), (0.82, 0.55, 0.27), (0.82, 0.55, 0.27), (0.82, 0.55, 0.27), (0.82, 0.55, 0.27), (0.82, 0.55, 0.27), (0.82, 0.55, 0.27), (0.82, 0.55, 0.27), (0.82, 0.55, 0.27), (0.82, 0.55, 0.27), (0.82, 0.55, 0.27), (0.82, 0.55, 0.27), (0.82, 0.55, 0.27), (0.82, 0.55, 0.27), (0.82, 0.55, 0.27), (0.82, 0.55, 0.27), (0.82, 0.55, 0.27), (0.82, 0.55, 0.27), (0.82, 0.55, 0.27), (0.82, 0.55, 0.27), (0.82, 0.55, 0.27), (0.82, 0.55, 0.27), (0.82, 0.55, 0.27), (0.82, 0.55, 0.27), (0.82, 0.55, 0.27), (0.82, 0.55, 0.27), (0.82, 0.55, 0.27), (0.82, 0.55, 0.27), (0.82, 0.55, 0.27), (0.82, 0.55, 0.27), (0.82, 0.55, 0.27), (0.82, 0.55, 0.27), (0.82, 0.55, 0.27), (0.82, 0.55, 0.27), (0.82, 0.55, 0.27), (0.82, 0.55, 0.27), (0.82, 0.55, 0.27), (0.82, 0.55, 0.27), (0.82, 0.55, 0.27), (0.82, 0.55, 0.27), (0.82, 0.55, 0.27), (0.82, 0.55, 0.27), (0.82, 0.55, 0.27), (0.82, 0.55, 0.27), (0.82, 0.55, 0.27), (0.82, 0.55, 0.27), (0.82, 0.55, 0.27), (0.82, 0.55, 0.27), (0.82, 0.55, 0.27), (0.82, 0.55, 0.27), (0.82, 0.55, 0.27), (0.82, 0.55, 0.27), (0.82, 0.55, 0.27), (0.82, 0.55, 0.27), (0.82, 0.55, 0.27), (0.82, 0.55, 0.27), (0.82, 0.55, 0.27), (0.82, 0.55, 0.27), (0.82, 0.55, 0.27), (0.82, 0.55, 0.27), (0.82, 0.55, 0.27), (0.82, 0.55, 0.27), (0.82, 0.55, 0.27), (0.82, 0.55, 0.27), (0.82, 0.55, 0.27), (0.82, 0.55, 0.27), (0.82, 0.55, 0.27), (0.82, 0.55, 0.27), (0.82, 0.55, 0.27), (0.82, 0.55, 0.27), (0.82, 0.55, 0.27), (0.82, 0.55, 0.27), (0.82, 0.55, 0.27), (0.82, 0.55, 0.27), (0.82, 0.55, 0.27), (0.82, 0.55, 0.27), (0.82, 0.55, 0.27), (0.82, 0.55, 0.27), (0.82, 0.55, 0.27), (0.82, 0.55, 0.27), (0.82, 0.55, 0.27), (0.82, 0.55, 0.27), (0.82, 0.55, 0.27), (0.82, 0.55, 0.27), (0.82, 0.55, 0.27), (0.82, 0.55, 0.27), (0.82, 0.55, 0.27), (0.82, 0.55, 0.27), (0.82, 0.55, 0.27), (0.82, 0.55, 0.27), (0.82, 0.55, 0.27), (0.82, 0.55, 0.27), (0.82, 0.55, 0.27), (0.82, 0.55, 0.27), (0.82, 0.55, 0.27), (0.82, 0.55, 0.27), (0.82, 0.55, 0.27), (0.82, 0.55, 0.27), (0.82, 0.55, 0.27), (0.82, 0.55, 0.27), (0.82, 0.55, 0.27), (0.82, 0.55, 0.27), (0.82, 0.55, 0.27), (0.82, 0.55, 0.27), (0.82, 0.55, 0.27), (0.82, 0.55, 0.27), (0.82, 0.55, 0.27), (0.82, 0.55, 0.27), (0.82, 0.55, 0.27), (0.82, 0.55, 0.27), (0.82, 0.55, 0.27), (0.82, 0.55, 0.27), (0.82, 0.55, 0.27), (0.82, 0.55, 0.27), (0.82, 0.55, 0.27), (0.82, 0.55, 0.27), (0.82, 0.55, 0.27), (0.82, 0.55, 0.27), (0.82, 0.55, 0.27), (0.82, 0.55, 0.27), (0.82, 0.55, 0.27), (0.82, 0.55, 0.27), (0.82, 0.55, 0.27), (0.82, 0.55, 0.27), (0.82, 0.55, 0.27), (0.82, 0.55, 0.27), (0.82, 0.55, 0.27), (0.82, 0.55, 0.27), (0.82, 0.55, 0.27), (0.82, 0.55, 0.27), (0.82, 0.55, 0.27), (0.82, 0.55, 0.27), (0.82, 0.55, 0.27), (0.82, 0.55, 0.27), (0.82, 0.55, 0.27), (0.82, 0.55, 0.27), (0.82, 0.55, 0.27), (0.82, 0.55, 0.27), (0.82, 0.55, 0.27), (0.82, 0.55, 0.27), (0.82, 0.55, 0.27), (0.82, 0.55, 0.27), (0.82, 0.55, 0.27), (0.82, 0.55, 0.27), (0.82, 0.55, 0.27), (0.82, 0.55, 0.27), (0.82, 0.55, 0.27), (0.82, 0.55, 0.27), (0.82, 0.55, 0.27), (0.82, 0.55, 0.27), (0.82, 0.55, 0.27), (0.82, 0.55, 0.27), (0.82, 0.55, 0.27), (0.82, 0.55, 0.27), (0.82, 0.55, 0.27), (0.82, 0.55, 0.27), (0.82, 0.55, 0.27), (0.82, 0.55, 0.27), (0.82, 0.55, 0.27), (0.82, 0.55, 0.27), (0.82, 0.55, 0.27), (0.82, 0.55, 0.27), (0.82, 0.55, 0.27), (0.82, 0.55, 0.27), (0.82, 0.55, 0.27), (0.82, 0.55, 0.27), (0.82, 0.55, 0.27), (0.82, 0.55, 0.27), (0.82, 0.55, 0.27), (0.82, 0.55, 0.27), (0.82, 0.55, 0.27), (0.82, 0.55, 0.27), (0.82, 0.55, 0.27), (0.82, 0.55, 0.27), (0.82, 0.55, 0.27), (0.82, 0.55, 0.27), (0.82, 0.55, 0.27), (0.82, 0.55, 0.27), (0.82, 0.55, 0.27), (0.82, 0.55, 0.27), (0.82, 0.55, 0.27), (0.82, 0.55, 0.27), (0.82, 0.55, 0.27), (0.82, 0.55, 0.27), (0.82, 0.55, 0.27), (0.82, 0.55, 0.27), (0.82, 0.55, 0.27), (0.82, 0.55, 0.27), (0.82, 0.55, 0.27), (0.82, 0.55, 0.27), (0.82, 0.55, 0.27), (0.82, 0.55, 0.27), (0.82, 0.55, 0.27), (0.82, 0.55, 0.27), (0.82, 0.55, 0.27), (0.82, 0.55, 0.27), (0.82, 0.55, 0.27), (0.82, 0.55, 0.27), (0.82, 0.55, 0.27), (0.82, 0.55, 0.27), (0.82, 0.55, 0.27), (0.82, 0.55, 0.27), (0.82, 0.55, 0.27), (0.82, 0.55, 0.27), (0.82, 0.55, 0.27), (0.82, 0.55, 0.27), (0.82, 0.55, 0.27), (0.82, 0.55, 0.27), (0.82, 0.55, 0.27), (0.82, 0.55, 0.27), (0.82, 0.55, 0.27), (0.82, 0.55, 0.27), (0.82, 0.55, 0.27), (0.82, 0.55, 0.27), (0.82, 0.55, 0.27), (0.82, 0.55, 0.27), (0.82, 0.55, 0.27), (0.82, 0.55, 0.27), (0.82, 0.55, 0.27), (0.82, 0.55, 0.27), (0.82, 0.55, 0.27), (0.82, 0.55, 0.27), (0.82, 0.55, 0.27), (0.82, 0.55, 0.27), (0.82, 0.55, 0.27), (0.82, 0.55, 0.27), (0.82, 0.55, 0.27), (0.82, 0.55, 0.27), (0.82, 0.55, 0.27), (0.82, 0.55, 0.27), (0.82, 0.55, 0.27), (0.82, 0.55, 0.27), (0.82, 0.55, 0.27), (0.82, 0.55, 0.27), (0.82, 0.55, 0.27), (0.82, 0.55, 0.27), (0.82, 0.55, 0.27), (0.82, 0.55, 0.27), (0.82, 0.55, 0.27), (0.82, 0.55, 0.27), (0.82, 0.55, 0.27), (0.82, 0.55, 0.27), (0.82, 0.55, 0.27), (0.82, 0.55, 0.27), (0.82, 0.55, 0.27), (0.82, 0.55, 0.27), (0.82, 0.55, 0.27), (0.82, 0.55, 0.27), (0.82, 0.55, 0.27), (0.82, 0.55, 0.27), (0.82, 0.55, 0.27), (0.82, 0.55, 0.27), (0.82, 0.55, 0.27), (0.82, 0.55, 0.27), (0.82, 0.55, 0.27), (0.82, 0.55, 0.27), (0.82, 0.55, 0.27), (0.82, 0.55, 0.27), (0.82, 0.55, 0.27), (0.82, 0.55, 0.27), (0.82, 0.55, 0.27), (0.82, 0.55, 0.27), (0.82, 0.55, 0.27), (0.82, 0.55, 0.27), (0.82, 0.55, 0.27), (0.82, 0.55, 0.27), (0.82, 0.55, 0.27), (0.82, 0.55, 0.27), (0.82, 0.55, 0.27), (0.82, 0.55, 0.27), (0.82, 0.55, 0.27), (0.82, 0.55, 0.27), (0.82, 0.55, 0.27), (0.82, 0.55, 0.27), (0.82, 0.55, 0.27), (0.82, 0.55, 0.27), (0.82, 0.55, 0.27), (0.82, 0.55, 0.27), (0.82, 0.55, 0.27), (0.82, 0.55, 0.27), (0.82, 0.55, 0.27), (0.82, 0.55, 0.27), (0.82, 0.55, 0.27), (0.82, 0.55, 0.27), (0.82, 0.55, 0.27), (0.82, 0.55, 0.27), (0.82, 0.55, 0.27), (0.82, 0.55, 0.27), (0.82, 0.55, 0.27), (0.82, 0.55, 0.27), (0.82, 0.55, 0.27), (0.82, 0.55, 0.27), (0.82, 0.55, 0.27), (0.82, 0.55, 0.27), (0.82, 0.55, 0.27), (0.82, 0.55, 0.27), (0.82, 0.55, 0.27), (0.82, 0.55, 0.27), (0.82, 0.55, 0.27), (0.82, 0.55, 0.27), (0.82, 0.55, 0.27), (0.82, 0.55, 0.27), (0.82, 0.55, 0.27), (0.82, 0.55, 0.27), (0.82, 0.55, 0.27), (0.82, 0.55, 0.27), (0.82, 0.55, 0.27), (0.82, 0.55, 0.27), (0.82, 0.55, 0.27), (0.82, 0.55, 0.27), (0.82, 0.55, 0.27), (0.82, 0.55, 0.27), (0.82, 0.55, 0.27), (0.82, 0.55, 0.27), (0.82, 0.55, 0.27), (0.82, 0.55, 0.27), (0.82, 0.55, 0.27), (0.82, 0.55, 0.27), (0.82, 0.55, 0.27), (0.82, 0.55, 0.27), (0.82, 0.55, 0.27), (0.82, 0.55, 0.27), (0.82, 0.55, 0.27), (0.82, 0.55, 0.27), (0.82, 0.55, 0.27), (0.82, 0.55, 0.27), (0.82, 0.55, 0.27), (0.82, 0.55, 0.27), (0.82, 0.55, 0.27), (0.82, 0.55, 0.27), (0.82, 0.55, 0.27), (0.82, 0.55, 0.27), (0.82, 0.55, 0.27), (0.82, 0.55, 0.27), (0.82, 0.55, 0.27), (0.82, 0.55, 0.27), (0.82, 0.55, 0.27), (0.82, 0.55, 0.27), (0.82, 0.55, 0.27), (0.82, 0.55, 0.27), (0.82, 0.55, 0.27), (0.82, 0.55, 0.27), (0.82, 0.55, 0.27), (0.82, 0.55, 0.27), (0.82, 0.55, 0.27), (0.82, 0.55, 0.27), (0.82, 0.55, 0.27), (0.82, 0.55, 0.27), (0.82, 0.55, 0.27), (0.82, 0.55, 0.27), (0.82, 0.55, 0.27), (0.82, 0.55, 0.27), (0.82, 0.55, 0.27), (0.82, 0.55, 0.27), (0.82, 0.55, 0.27), (0.82, 0.55, 0.27), (0.82, 0.55, 0.27), (0.82, 0.55, 0.27), (0.82, 0.55, 0.27), (0.82, 0.55, 0.27), (0.82, 0.55, 0.27), (0.82, 0.55, 0.27), (0.82, 0.55, 0.27), (0.82, 0.55, 0.27), (0.82, 0.55, 0.27), (0.82, 0.55, 0.27), (0.82, 0.55, 0.27), (0.82, 0.55, 0.27), (0.82, 0.55, 0.27), (0.82, 0.55, 0.27), (0.82, 0.55, 0.27), (0.82, 0.55, 0.27), (0.82, 0.55, 0.27), (0.82, 0.55, 0.27), (0.82, 0.55, 0.27), (0.82, 0.55, 0.27), (0.82, 0.55, 0.27), (0.82, 0.55, 0.27), (0.82, 0.55, 0.27), (0.82, 0.55, 0.27), (0.82, 0.55, 0.27), (0.82, 0.55, 0.27), (0.82, 0.55, 0.27), (0.82, 0.55, 0.27), (0.82, 0.55, 0.27), (0.82, 0.55, 0.27), (0.82, 0.55, 0.27), (0.82, 0.55, 0.27), (0.82, 0.55, 0.27), (0.82, 0.55, 0.27), (0.82, 0.55, 0.27), (0.82, 0.55, 0.27), (0.82, 0.55, 0.27), (0.82, 0.55, 0.27), (0.82, 0.55, 0.27), (0.82, 0.55, 0.27), (0.82, 0.55, 0.27), (0.82, 0.55, 0.27), (0.82, 0.55, 0.27), (0.82, 0.55, 0.27), (0.82, 0.55, 0.27), (0.82, 0.55, 0.27), (0.82, 0.55, 0.27), (0.82, 0.55, 0.27), (0.82, 0.55, 0.27), (0.82, 0.55, 0.27), (0.82, 0.55, 0.27), (0.82, 0.55, 0.27), (0.82, 0.55, 0.27), (0.82, 0.55, 0.27), (0.82, 0.55, 0.27), (0.82, 0.55, 0.27), (0.82, 0.55, 0.27), (0.82, 0.55, 0.27), (0.82, 0.55, 0.27), (0.82, 0.55, 0.27), (0.82, 0.55, 0.27), (0.82, 0.55, 0.27), (0.82, 0.55, 0.27), (0.82, 0.55, 0.27), (0.82, 0.55, 0.27), (0.82, 0.55, 0.27), (0.82, 0.55, 0.27), (0.82, 0.55, 0.27), (0.82, 0.55, 0.27), (0.82, 0.55, 0.27), (0.82, 0.55, 0.27), (0.82, 0.55, 0.27), (0.82, 0.55, 0.27), (0.82, 0.55, 0.27), (0.82, 0.55, 0.27), (0.82, 0.55, 0.27), (0.82, 0.55, 0.27), (0.82, 0.55, 0.27), (0.82, 0.55, 0.27), (0.82, 0.55, 0.27), (0.82, 0.55, 0.27), (0.82, 0.55, 0.27), (0.82, 0.55, 0.27), (0.82, 0.55, 0.27), (0.82, 0.55, 0.27), (0.82, 0.55, 0.27), (0.82, 0.55, 0.27), (0.82, 0.55, 0.27), (0.82, 0.55, 0.27), (0.82, 0.55, 0.27), (0.82, 0.55, 0.27), (0.82, 0.55, 0.27), (0.82, 0.55, 0.27), (0.82, 0.55, 0.27), (0.82, 0.55, 0.27), (0.82, 0.55, 0.27), (0.82, 0.55, 0.27), (0.82, 0.55, 0.27), (0.82, 0.55, 0.27), (0.82, 0.55, 0.27), (0.82, 0.55, 0.27), (0.82, 0.55, 0.27), (0.82, 0.55, 0.27), (0.82, 0.55, 0.27), (0.82, 0.55, 0.27), (0.82, 0.55, 0.27), (0.82, 0.55, 0.27), (0.82, 0.55, 0.27), (0.82, 0.55, 0.27), (0.82, 0.55, 0.27), (0.82, 0.55, 0.27), (0.82, 0.55, 0.27), (0.82, 0.55, 0.27), (0.82, 0.55, 0.27), (0.82, 0.55, 0.27), (0.82, 0.55, 0.27), (0.82, 0.55, 0.27), (0.82, 0.55, 0.27), (0.82, 0.55, 0.27), (0.82, 0.55, 0.27), (0.82, 0.55, 0.27), (0.82, 0.55, 0.27), (0.82, 0.55, 0.27), (0.82, 0.55, 0.27), (0.82, 0.55, 0.27), (0.82, 0.55, 0.27), (0.82, 0.55, 0.27), (0.82, 0.55, 0.27), (0.82, 0.55, 0.27), (0.82, 0.55, 0.27), (0.82, 0.55, 0.27), (0.82, 0.55, 0.27), (0.82, 0.55, 0.27), (0.82, 0.55, 0.27), (0.82, 0.55, 0.27), (0.82, 0.55, 0.27), (0.82, 0.55, 0.27), (0.82, 0.55, 0.27), (0.82, 0.55, 0.27), (0.82, 0.55, 0.27), (0.82, 0.55, 0.27), (0.82, 0.55, 0.27), (0.82, 0.55, 0.27), (0.82, 0.55, 0.27), (0.82, 0.55, 0.27), (0.82, 0.55, 0.27), (0.82, 0.55, 0.27), (0.82, 0.55, 0.27), (0.82, 0.55, 0.27), (0.82, 0.55, 0.27), (0.82, 0.55, 0.27), (0.82, 0.55, 0.27), (0.82, 0.55, 0.27), (0.82, 0.55, 0.27), (0.82, 0.55, 0.27), (0.82, 0.55, 0.27), (0.82, 0.55, 0.27), (0.82, 0.55, 0.27), (0.82, 0.55, 0.27), (0.82, 0.55, 0.27), (0.82, 0.55, 0.27), (0.82, 0.55, 0.27), (0.82, 0.55, 0.27), (0.82, 0.55, 0.27), (0.82, 0.55, 0.27), (0.82, 0.55, 0.27), (0.82, 0.55, 0.27), (0.82, 0.55, 0.27), (0.82, 0.55, 0.27), (0.82, 0.55, 0.27), (0.82, 0.55, 0.27), (0.82, 0.55, 0.27), (0.82, 0.55, 0.27), (0.82, 0.55, 0.27), (0.82, 0.55, 0.27), (0.82, 0.55, 0.27), (0.82, 0.55, 0.27), (0.82, 0.55, 0.27), (0.82, 0.55, 0.27), (0.82, 0.55, 0.27), (0.82, 0.55, 0.27), (0.82, 0.55, 0.27), (0.82, 0.55, 0.27), (0.82, 0.55, 0.27), (0.82, 0.55, 0.27), (0.82, 0.55, 0.27), (0.82, 0.55, 0.27), (0.82, 0.55, 0.27), (0.82, 0.55, 0.27), (0.82, 0.55, 0.27), (0.82, 0.55, 0.27), (0.82, 0.55, 0.27), (0.82, 0.55, 0.27), (0.82, 0.55, 0.27), (0.82, 0.55, 0.27), (0.82, 0.55, 0.27), (0.82, 0.55, 0.27), (0.82, 0.55, 0.27), (0.82, 0.55, 0.27), (0.82, 0.55, 0.27), (0.82, 0.55, 0.27), (0.82, 0.55, 0.27), (0.82, 0.55, 0.27), (0.82, 0.55, 0.27), (0.82, 0.55, 0.27), (0.82, 0.55, 0.27), (0.82, 0.55, 0.27), (0.82, 0.55, 0.27), (0.82, 0.55, 0.27), (0.82, 0.55, 0.27), (0.82, 0.55, 0.27), (0.82, 0.55, 0.27), (0.82, 0.55, 0.27), (0.82, 0.55, 0.27), (0.82, 0.55, 0.27), (0.82, 0.55, 0.27), (0.82, 0.55, 0.27), (0.82, 0.55, 0.27), (0.82, 0.55, 0.27), (0.82, 0.55, 0.27), (0.82, 0.55, 0.27), (0.82, 0.55, 0.27), (0.82, 0.55, 0.27), (0.82, 0.55, 0.27), (0.82, 0.55, 0.27), (0.82, 0.55, 0.27), (0.82, 0.55, 0.27), (0.82, 0.55, 0.27), (0.82, 0.55, 0.27), (0.82, 0.55, 0.27), (0.82, 0.55, 0.27), (0.82, 0.55, 0.27), (0.82, 0.55, 0.27), (0.82, 0.55, 0.27), (0.82, 0.55, 0.27), (0.82, 0.55, 0.27), (0.82, 0.55, 0.27), (0.82, 0.55, 0.27), (0.82, 0.55, 0.27), (0.82, 0.55, 0.27), (0.82, 0.55, 0.27), (0.82, 0.55, 0.27), (0.82, 0.55, 0.27), (0.82, 0.55, 0.27), (0.82, 0.55, 0.27), (0.82, 0.55, 0.27), (0.82, 0.55, 0.27), (0.82, 0.55, 0.27), (0.82, 0.55, 0.27), (0.82, 0.55, 0.27), (0.82, 0.55, 0.27), (0.82, 0.55, 0.27), (0.82, 0.55, 0.27), (0.82, 0.55, 0.27), (0.82, 0.55, 0.27), (0.82, 0.55, 0.27), (0.82, 0.55, 0.27), (0.82, 0.55, 0.27), (0.82, 0.55, 0.27), (0.82, 0.55, 0.27), (0.82, 0.55, 0.27), (0.82, 0.55, 0.27), (0.82, 0.55, 0.27), (0.82, 0.55, 0.27), (0.82, 0.55, 0.27), (0.82, 0.55, 0.27), (0.82, 0.55, 0.27), (0.82, 0.55, 0.27), (0.82, 0.55, 0.27), (0.82, 0.55, 0.27), (0.82, 0.55, 0.27), (0.82, 0.55, 0.27), (0.82, 0.55, 0.27), (0.82, 0.55, 0.27), (0.82, 0.55, 0.27), (0.82, 0.55, 0.27), (0.82, 0.55, 0.27), (0.82, 0.55, 0.27), (0.82, 0.55, 0.27), (0.82, 0.55, 0.27), (0.82, 0.55, 0.27), (0.82, 0.55, 0.27), (0.82, 0.55, 0.27), (0.82, 0.55, 0.27), (0.82, 0.55, 0.27), (0.82, 0.55, 0.27), (0.82, 0.55, 0.27), (0.82, 0.55, 0.27), (0.82, 0.55, 0.27), (0.82, 0.55, 0.27), (0.82, 0.55, 0.27), (0.82, 0.55, 0.27), (0.82, 0.55, 0.27), (0.82, 0.55, 0.27), (0.82, 0.55, 0.27), (0.82, 0.55, 0.27), (0.82, 0.55, 0.27), (0.82, 0.55, 0.27), (0.82, 0.55, 0.27), (0.82, 0.55, 0.27), (0.82, 0.55, 0.27), (0.82, 0.55, 0.27), (0.82, 0.55, 0.27), (0.82, 0.55, 0.27), (0.82, 0.55, 0.27), (0.82, 0.55, 0.27), (0.82, 0.55, 0.27), (0.82, 0.55, 0.27), (0.82, 0.55, 0.27), (0.82, 0.55, 0.27), (0.82, 0.55, 0.27), (0.82, 0.55, 0.27), (0.82, 0.55, 0.27), (0.82, 0.55, 0.27), (0.82, 0.55, 0.27), (0.82, 0.55, 0.27), (0.82, 0.55, 0.27), (0.82, 0.55, 0.27), (0.82, 0.55, 0.27), (0.82, 0.55, 0.27), (0.82, 0.55, 0.27), (0.82, 0.55, 0.27), (0.82, 0.55, 0.27), (0.82, 0.55, 0.27), (0.82, 0.55, 0.27), (0.82, 0.55, 0.27), (0.82, 0.55, 0.27), (0.82, 0.55, 0.27), (0.82, 0.55, 0.27), (0.82, 0.55, 0.27), (0.82, 0.55, 0.27), (0.82, 0.55, 0.27), (0.82, 0.55, 0.27), (0.82, 0.55, 0.27), (0.82, 0.55, 0.27), (0.82, 0.55, 0.27), (0.82, 0.55, 0.27), (0.82, 0.55, 0.27), (0.82, 0.55, 0.27), (0.82, 0.55, 0.27), (0.82, 0.55, 0.27), (0.82, 0.55, 0.27), (0.82, 0.55, 0.27), (0.82, 0.55, 0.27), (0.82, 0.55, 0.27), (0.82, 0.55, 0.27), (0.82, 0.55, 0.27), (0.82, 0.55, 0.27), (0.82, 0.55, 0.27), (0.82, 0.55, 0.27), (0.82, 0.55, 0.27), (0.82, 0.55, 0.27), (0.82, 0.55, 0.27), (0.82, 0.55, 0.27), (0.82, 0.55, 0.27), (0.82, 0.55, 0.27), (0.82, 0.55, 0.27), (0.82, 0.55, 0.27), (0.82, 0.55, 0.27), (0.82, 0.55, 0.27), (0.82, 0.55, 0.27), (0.82, 0.55, 0.27), (0.82, 0.55, 0.27), (0.82, 0.55, 0.27), (0.82, 0.55, 0.27), (0.82, 0.55, 0.27), (0.82, 0.55, 0.27), (0.82, 0.55, 0.27), (0.82, 0.55, 0.27), (0.82, 0.55, 0.27), (0.82, 0.55, 0.27), (0.82, 0.55, 0.27), (0.82, 0.55, 0.27), (0.82, 0.55, 0.27), (0.82, 0.55, 0.27), (0.82, 0.55, 0.27), (0.82, 0.55, 0.27), (0.82, 0.55, 0.27), (0.82, 0.55, 0.27), (0.82, 0.55, 0.27), (0.82, 0.55, 0.27), (0.82, 0.55, 0.27), (0.82, 0.55, 0.27), (0.82, 0.55, 0.27), (0.82, 0.55, 0.27)] (
            interpolation = "vertex"
        )
        uniform token type = "linear"
        float[] widths = [0.0037, 0.0037, 0.0037, 0.0037, 0.0037, 0.0037, 0.0037, 0.0037, 0.0037, 0.0037, 0.0037, 0.0037, 0.0037, 0.0037, 0.0037, 0.0037, 0.0037, 0.0037, 0.0037, 0.0037, 0.0037, 0.0037, 0.0037, 0.0037, 0.0037, 0.0037, 0.0037, 0.0037, 0.0037, 0.0037, 0.0037, 0.0037, 0.0037, 0.0037, 0.0037, 0.0037, 0.0037, 0.0037, 0.0037, 0.0037, 0.0037, 0.0037, 0.0037, 0.0037, 0.0037, 0.0037, 0.0037, 0.0037, 0.0037, 0.0037, 0.0037, 0.0037, 0.0037, 0.0037, 0.0037, 0.0037, 0.0037, 0.0037, 0.0037, 0.0037, 0.0037, 0.0037, 0.0037, 0.0037, 0.0037, 0.0037, 0.0037, 0.0037, 0.0037, 0.0037, 0.0037, 0.0037, 0.0037, 0.0037, 0.0037, 0.0037, 0.0037, 0.0037, 0.0037, 0.0037, 0.0037, 0.0037, 0.0037, 0.0037, 0.0037, 0.0037, 0.0037, 0.0037, 0.0037, 0.0037, 0.0037, 0.0037, 0.0037, 0.0037, 0.0037, 0.0037, 0.0037, 0.0037, 0.0037, 0.0037, 0.0037, 0.0037, 0.0037, 0.0037, 0.0037, 0.0037, 0.0037, 0.0037, 0.0037, 0.0037, 0.0037, 0.0037, 0.0037, 0.0037, 0.0037, 0.0037, 0.0037, 0.0037, 0.0037, 0.0037, 0.0037, 0.0037, 0.0037, 0.0037, 0.0037, 0.0037, 0.0037, 0.0037, 0.0037, 0.0037, 0.0037, 0.0037, 0.0037, 0.0037, 0.0037, 0.0037, 0.0037, 0.0037, 0.0037, 0.0037, 0.0037, 0.0037, 0.0037, 0.0037, 0.0037, 0.0037, 0.0037, 0.0037, 0.0037, 0.0037, 0.0037, 0.0037, 0.0037, 0.0037, 0.0037, 0.0037, 0.0037, 0.0037, 0.0037, 0.0037, 0.0037, 0.0037, 0.0037, 0.0037, 0.0037, 0.0037, 0.0037, 0.0037, 0.0037, 0.0037, 0.0037, 0.0037, 0.0037, 0.0037, 0.0037, 0.0037, 0.0037, 0.0037, 0.0037, 0.0037, 0.0037, 0.0037, 0.0037, 0.0037, 0.0037, 0.0037, 0.0037, 0.0037, 0.0037, 0.0037, 0.0037, 0.0037, 0.0037, 0.0037, 0.0037, 0.0037, 0.0037, 0.0037, 0.0037, 0.0037, 0.0037, 0.0037, 0.0037, 0.0037, 0.0037, 0.0037, 0.0037, 0.0037, 0.0037, 0.0037, 0.0037, 0.0037, 0.0037, 0.0037, 0.0037, 0.0037, 0.0037, 0.0037, 0.0037, 0.0037, 0.0037, 0.0037, 0.0037, 0.0037, 0.0037, 0.0037, 0.0037, 0.0037, 0.0037, 0.0037, 0.0037, 0.0037, 0.0037, 0.0037, 0.0037, 0.0037, 0.0037, 0.0037, 0.0037, 0.0037, 0.0037, 0.0037, 0.0037, 0.0037, 0.0037, 0.0037, 0.0037, 0.0037, 0.0037, 0.0037, 0.0037, 0.0037, 0.0037, 0.0037, 0.0037, 0.0037, 0.0037, 0.0037, 0.0037, 0.0037, 0.0037, 0.0037, 0.0037, 0.0037, 0.0037, 0.0037, 0.0037, 0.0037, 0.0037, 0.0037, 0.0037, 0.0037, 0.0037, 0.0037, 0.0037, 0.0037, 0.0037, 0.0037, 0.0037, 0.0037, 0.0037, 0.0037, 0.0037, 0.0037, 0.0037, 0.0037, 0.0037, 0.0037, 0.0037, 0.0037, 0.0037, 0.0037, 0.0037, 0.0037, 0.0037, 0.0037, 0.0037, 0.0037, 0.0037, 0.0037, 0.0037, 0.0037, 0.0037, 0.0037, 0.0037, 0.0037, 0.0037, 0.0037, 0.0037, 0.0037, 0.0037, 0.0037, 0.0037, 0.0037, 0.0037, 0.0037, 0.0037, 0.0037, 0.0037, 0.0037, 0.0037, 0.0037, 0.0037, 0.0037, 0.0037, 0.0037, 0.0037, 0.0037, 0.0037, 0.0037, 0.0037, 0.0037, 0.0037, 0.0037, 0.0037, 0.0037, 0.0037, 0.0037, 0.0037, 0.0037, 0.0037, 0.0037, 0.0037, 0.0037, 0.0037, 0.0037, 0.0037, 0.0037, 0.0037, 0.0037, 0.0037, 0.0037, 0.0037, 0.0037, 0.0037, 0.0037, 0.0037, 0.0037, 0.0037, 0.0037, 0.0037, 0.0037, 0.0037, 0.0037, 0.0037, 0.0037, 0.0037, 0.0037, 0.0037, 0.0037, 0.0037, 0.0037, 0.0037, 0.0037, 0.0037, 0.0037, 0.0037, 0.0037, 0.0037, 0.0037, 0.0037, 0.0037, 0.0037, 0.0037, 0.0037, 0.0037, 0.0037, 0.0037, 0.0037, 0.0037, 0.0037, 0.0037, 0.0037, 0.0037, 0.0037, 0.0037, 0.0037, 0.0037, 0.0037, 0.0037, 0.0037, 0.0037, 0.0037, 0.0037, 0.0037, 0.0037, 0.0037, 0.0037, 0.0037, 0.0037, 0.0037, 0.0037, 0.0037, 0.0037, 0.0037, 0.0037, 0.0037, 0.0037, 0.0037, 0.0037, 0.0037, 0.0037, 0.0037, 0.0037, 0.0037, 0.0037, 0.0037, 0.0037, 0.0037, 0.0037, 0.0037, 0.0037, 0.0037, 0.0037, 0.0037, 0.0037, 0.0037, 0.0037, 0.0037, 0.0037, 0.0037, 0.0037, 0.0037, 0.0037, 0.0037, 0.0037, 0.0037, 0.0037, 0.0037, 0.0037, 0.0037, 0.0037, 0.0037, 0.0037, 0.0037, 0.0037, 0.0037, 0.0037, 0.0037, 0.0037, 0.0037, 0.0037, 0.0037, 0.0037, 0.0037, 0.0037, 0.0037, 0.0037, 0.0037, 0.0037, 0.0037, 0.0037, 0.0037, 0.0037, 0.0037, 0.0037, 0.0037, 0.0037, 0.0037, 0.0037, 0.0037, 0.0037, 0.0037, 0.0037, 0.0037, 0.0037, 0.0037, 0.0037, 0.0037, 0.0037, 0.0037, 0.0037, 0.0037, 0.0037, 0.0037, 0.0037, 0.0037, 0.0037, 0.0037, 0.0037, 0.0037, 0.0037, 0.0037, 0.0037, 0.0037, 0.0037, 0.0037, 0.0037, 0.0037, 0.0037, 0.0037, 0.0037, 0.0037, 0.0037, 0.0037, 0.0037, 0.0037, 0.0037, 0.0037, 0.0037, 0.0037, 0.0037, 0.0037, 0.0037, 0.0037, 0.0037, 0.0037, 0.0037, 0.0037, 0.0037, 0.0037, 0.0037, 0.0037, 0.0037, 0.0037, 0.0037, 0.0037, 0.0037, 0.0037, 0.0037, 0.0037, 0.0037, 0.0037, 0.0037, 0.0037, 0.0037, 0.0037, 0.0037, 0.0037, 0.0037, 0.0037, 0.0037, 0.0037, 0.0037, 0.0037, 0.0037, 0.0037, 0.0037, 0.0037, 0.0037, 0.0037, 0.0037, 0.0037, 0.0037, 0.0037, 0.0037, 0.0037, 0.0037, 0.0037, 0.0037, 0.0037, 0.0037, 0.0037, 0.0037, 0.0037, 0.0037, 0.0037, 0.0037, 0.0037, 0.0037, 0.0037, 0.0037, 0.0037, 0.0037, 0.0037, 0.0037, 0.0037, 0.0037, 0.0037, 0.0037, 0.0037, 0.0037, 0.0037, 0.0037, 0.0037, 0.0037, 0.0037, 0.0037, 0.0037, 0.0037, 0.0037, 0.0037, 0.0037, 0.0037, 0.0037, 0.0037, 0.0037, 0.0037, 0.0037, 0.0037, 0.0037, 0.0037, 0.0037, 0.0037, 0.0037, 0.0037, 0.0037, 0.0037, 0.0037, 0.0037, 0.0037, 0.0037, 0.0037, 0.0037, 0.0037, 0.0037, 0.0037, 0.0037, 0.0037, 0.0037, 0.0037, 0.0037, 0.0037, 0.0037, 0.0037, 0.0037, 0.0037, 0.0037, 0.0037, 0.0037, 0.0037, 0.0037, 0.0037, 0.0037, 0.0037, 0.0037, 0.0037, 0.0037, 0.0037, 0.0037, 0.0037, 0.0037, 0.0037, 0.0037, 0.0037, 0.0037, 0.0037, 0.0037, 0.0037, 0.0037, 0.0037, 0.0037, 0.0037, 0.0037, 0.0037, 0.0037, 0.0037, 0.0037, 0.0037, 0.0037, 0.0037, 0.0037, 0.0037, 0.0037, 0.0037, 0.0037, 0.0037, 0.0037, 0.0037, 0.0037, 0.0037, 0.0037, 0.0037, 0.0037, 0.0037, 0.0037, 0.0037, 0.0037, 0.0037, 0.0037, 0.0037, 0.0037, 0.0037, 0.0037, 0.0037, 0.0037, 0.0037, 0.0037, 0.0037, 0.0037, 0.0037, 0.0037, 0.0037, 0.0037, 0.0037, 0.0037, 0.0037, 0.0037, 0.0037, 0.0037, 0.0037, 0.0037, 0.0037, 0.0037, 0.0037, 0.0037, 0.0037, 0.0037, 0.0037, 0.0037, 0.0037, 0.0037, 0.0037, 0.0037, 0.0037, 0.0037, 0.0037, 0.0037, 0.0037, 0.0037, 0.0037, 0.0037, 0.0037, 0.0037, 0.0037, 0.0037, 0.0037, 0.0037, 0.0037, 0.0037, 0.0037, 0.0037, 0.0037, 0.0037, 0.0037, 0.0037, 0.0037, 0.0037, 0.0037, 0.0037, 0.0037, 0.0037, 0.0037, 0.0037, 0.0037, 0.0037, 0.0037, 0.0037, 0.0037, 0.0037, 0.0037, 0.0037, 0.0037, 0.0037, 0.0037, 0.0037, 0.0037, 0.0037, 0.0037, 0.0037, 0.0037, 0.0037, 0.0037, 0.0037, 0.0037, 0.0037, 0.0037, 0.0037, 0.0037, 0.0037, 0.0037, 0.0037, 0.0037, 0.0037, 0.0037, 0.0037, 0.0037, 0.0037, 0.0037, 0.0037, 0.0037, 0.0037, 0.0037, 0.0037, 0.0037, 0.0037, 0.0037, 0.0037, 0.0037, 0.0037, 0.0037, 0.0037, 0.0037, 0.0037, 0.0037, 0.0037, 0.0037, 0.0037, 0.0037, 0.0037, 0.0037, 0.0037, 0.0037, 0.0037, 0.0037, 0.0037, 0.0037, 0.0037, 0.0037, 0.0037, 0.0037, 0.0037, 0.0037, 0.0037, 0.0037, 0.0037, 0.0037, 0.0037, 0.0037, 0.0037, 0.0037, 0.0037, 0.0037, 0.0037, 0.0037, 0.0037, 0.0037, 0.0037, 0.0037, 0.0037, 0.0037, 0.0037, 0.0037, 0.0037, 0.0037, 0.0037, 0.0037, 0.0037, 0.0037, 0.0037, 0.0037, 0.0037, 0.0037, 0.0037, 0.0037, 0.0037, 0.0037, 0.0037, 0.0037, 0.0037, 0.0037, 0.0037, 0.0037, 0.0037, 0.0037, 0.0037, 0.0037, 0.0037, 0.0037, 0.0037, 0.0037, 0.0037, 0.0037, 0.0037, 0.0037, 0.0037, 0.0037, 0.0037, 0.0037, 0.0037, 0.0037, 0.0037, 0.0037, 0.0037, 0.0037, 0.0037, 0.0037, 0.0037, 0.0037, 0.0037, 0.0037, 0.0037, 0.0037, 0.0037, 0.0037, 0.0037, 0.0037, 0.0037, 0.0037, 0.0037, 0.0037, 0.0037, 0.0037, 0.0037, 0.0037, 0.0037, 0.0037, 0.0037, 0.0037, 0.0037, 0.0037, 0.0037, 0.0037, 0.0037, 0.0037, 0.0037, 0.0037, 0.0037, 0.0037, 0.0037, 0.0037, 0.0037, 0.0037, 0.0037, 0.0037, 0.0037, 0.0037, 0.0037, 0.0037, 0.0037, 0.0037, 0.0037, 0.0037, 0.0037, 0.0037, 0.0037, 0.0037, 0.0037, 0.0037, 0.0037, 0.0037, 0.0037, 0.0037, 0.0037, 0.0037, 0.0037, 0.0037, 0.0037, 0.0037, 0.0037, 0.0037, 0.0037, 0.0037, 0.0037, 0.0037, 0.0037, 0.0037, 0.0037, 0.0037, 0.0037, 0.0037, 0.0037, 0.0037, 0.0037, 0.0037, 0.0037, 0.0037, 0.0037, 0.0037, 0.0037, 0.0037, 0.0037, 0.0037, 0.0037, 0.0037, 0.0037, 0.0037, 0.0037, 0.0037, 0.0037, 0.0037, 0.0037, 0.0037, 0.0037, 0.0037, 0.0037, 0.0037, 0.0037, 0.0037, 0.0037, 0.0037, 0.0037, 0.0037, 0.0037, 0.0037, 0.0037, 0.0037, 0.0037, 0.0037, 0.0037, 0.0037, 0.0037, 0.0037, 0.0037, 0.0037, 0.0037, 0.0037, 0.0037, 0.0037, 0.0037, 0.0037, 0.0037, 0.0037, 0.0037, 0.0037, 0.0037, 0.0037, 0.0037, 0.0037, 0.0037, 0.0037, 0.0037, 0.0037, 0.0037, 0.0037, 0.0037, 0.0037, 0.0037, 0.0037, 0.0037, 0.0037, 0.0037, 0.0037, 0.0037, 0.0037, 0.0037, 0.0037, 0.0037, 0.0037, 0.0037, 0.0037, 0.0037, 0.0037, 0.0037, 0.0037, 0.0037, 0.0037, 0.0037, 0.0037, 0.0037, 0.0037, 0.0037, 0.0037, 0.0037, 0.0037, 0.0037, 0.0037, 0.0037, 0.0037, 0.0037, 0.0037, 0.0037, 0.0037, 0.0037, 0.0037, 0.0037, 0.0037, 0.0037, 0.0037, 0.0037, 0.0037, 0.0037, 0.0037, 0.0037, 0.0037, 0.0037, 0.0037, 0.0037, 0.0037, 0.0037, 0.0037, 0.0037, 0.0037, 0.0037, 0.0037, 0.0037, 0.0037, 0.0037, 0.0037, 0.0037, 0.0037, 0.0037, 0.0037, 0.0037, 0.0037, 0.0037, 0.0037, 0.0037, 0.0037, 0.0037, 0.0037, 0.0037, 0.0037, 0.0037, 0.0037, 0.0037, 0.0037, 0.0037, 0.0037, 0.0037, 0.0037, 0.0037, 0.0037, 0.0037, 0.0037, 0.0037, 0.0037, 0.0037, 0.0037, 0.0037, 0.0037, 0.0037, 0.0037, 0.0037, 0.0037, 0.0037, 0.0037, 0.0037, 0.0037, 0.0037, 0.0037, 0.0037, 0.0037, 0.0037, 0.0037, 0.0037, 0.0037, 0.0037, 0.0037, 0.0037, 0.0037, 0.0037, 0.0037, 0.0037, 0.0037, 0.0037, 0.0037, 0.0037, 0.0037, 0.0037, 0.0037, 0.0037, 0.0037, 0.0037, 0.0037, 0.0037, 0.0037, 0.0037, 0.0037, 0.0037, 0.0037, 0.0037, 0.0037, 0.0037, 0.0037, 0.0037, 0.0037, 0.0037, 0.0037, 0.0037, 0.0037, 0.0037, 0.0037, 0.0037, 0.0037, 0.0037, 0.0037, 0.0037, 0.0037, 0.0037, 0.0037, 0.0037, 0.0037, 0.0037, 0.0037, 0.0037, 0.0037, 0.0037, 0.0037, 0.0037, 0.0037, 0.0037, 0.0037, 0.0037, 0.0037, 0.0037, 0.0037, 0.0037, 0.0037, 0.0037, 0.0037, 0.0037, 0.0037, 0.0037, 0.0037, 0.0037, 0.0037, 0.0037, 0.0037, 0.0037, 0.0037, 0.0037, 0.0037, 0.0037, 0.0037, 0.0037, 0.0037, 0.0037, 0.0037, 0.0037, 0.0037, 0.0037, 0.0037, 0.0037, 0.0037, 0.0037, 0.0037, 0.0037, 0.0037, 0.0037, 0.0037, 0.0037, 0.0037, 0.0037, 0.0037, 0.0037, 0.0037, 0.0037, 0.0037, 0.0037, 0.0037, 0.0037, 0.0037, 0.0037, 0.0037, 0.0037, 0.0037, 0.0037, 0.0037, 0.0037, 0.0037, 0.0037, 0.0037, 0.0037, 0.0037, 0.0037, 0.0037, 0.0037, 0.0037, 0.0037, 0.0037, 0.0037, 0.0037, 0.0037, 0.0037, 0.0037, 0.0037, 0.0037, 0.0037, 0.0037, 0.0037, 0.0037, 0.0037, 0.0037, 0.0037, 0.0037, 0.0037, 0.0037, 0.0037, 0.0037, 0.0037, 0.0037, 0.0037, 0.0037, 0.0037, 0.0037, 0.0037, 0.0037, 0.0037, 0.0037, 0.0037, 0.0037, 0.0037, 0.0037, 0.0037, 0.0037, 0.0037, 0.0037, 0.0037, 0.0037, 0.0037, 0.0037, 0.0037, 0.0037, 0.0037, 0.0037, 0.0037, 0.0037, 0.0037, 0.0037, 0.0037, 0.0037, 0.0037, 0.0037, 0.0037, 0.0037, 0.0037, 0.0037, 0.0037, 0.0037, 0.0037, 0.0037, 0.0037, 0.0037, 0.0037, 0.0037, 0.0037, 0.0037, 0.0037, 0.0037, 0.0037, 0.0037, 0.0037, 0.0037, 0.0037, 0.0037, 0.0037, 0.0037, 0.0037, 0.0037, 0.0037, 0.0037, 0.0037, 0.0037, 0.0037, 0.0037, 0.0037, 0.0037, 0.0037, 0.0037, 0.0037, 0.0037, 0.0037, 0.0037, 0.0037, 0.0037, 0.0037, 0.0037, 0.0037, 0.0037, 0.0037, 0.0037, 0.0037, 0.0037, 0.0037, 0.0037, 0.0037, 0.0037, 0.0037, 0.0037, 0.0037, 0.0037, 0.0037, 0.0037, 0.0037, 0.0037, 0.0037, 0.0037, 0.0037, 0.0037, 0.0037, 0.0037, 0.0037, 0.0037, 0.0037, 0.0037, 0.0037, 0.0037, 0.0037, 0.0037, 0.0037, 0.0037, 0.0037, 0.0037, 0.0037, 0.0037, 0.0037, 0.0037, 0.0037, 0.0037, 0.0037, 0.0037, 0.0037, 0.0037, 0.0037, 0.0037, 0.0037, 0.0037, 0.0037, 0.0037, 0.0037, 0.0037, 0.0037, 0.0037, 0.0037, 0.0037, 0.0037, 0.0037, 0.0037, 0.0037, 0.0037, 0.0037, 0.0037, 0.0037, 0.0037, 0.0037, 0.0037, 0.0037, 0.0037, 0.0037, 0.0037, 0.0037, 0.0037, 0.0037, 0.0037, 0.0037, 0.0037, 0.0037, 0.0037, 0.0037, 0.0037, 0.0037, 0.0037, 0.0037, 0.0037, 0.0037, 0.0037, 0.0037, 0.0037, 0.0037, 0.0037, 0.0037, 0.0037, 0.0037, 0.0037, 0.0037, 0.0037, 0.0037, 0.0037, 0.0037, 0.0037, 0.0037, 0.0037, 0.0037, 0.0037, 0.0037, 0.0037, 0.0037, 0.0037, 0.0037, 0.0037, 0.0037, 0.0037, 0.0037, 0.0037, 0.0037, 0.0037, 0.0037, 0.0037, 0.0037, 0.0037, 0.0037, 0.0037, 0.0037, 0.0037, 0.0037, 0.0037, 0.0037, 0.0037, 0.0037, 0.0037, 0.0037, 0.0037, 0.0037, 0.0037, 0.0037, 0.0037, 0.0037, 0.0037, 0.0037, 0.0037, 0.0037, 0.0037, 0.0037, 0.0037, 0.0037, 0.0037, 0.0037, 0.0037, 0.0037, 0.0037, 0.0037, 0.0037, 0.0037, 0.0037, 0.0037, 0.0037, 0.0037, 0.0037, 0.0037, 0.0037, 0.0037, 0.0037, 0.0037, 0.0037, 0.0037, 0.0037, 0.0037, 0.0037, 0.0037, 0.0037, 0.0037, 0.0037, 0.0037, 0.0037, 0.0037, 0.0037, 0.0037, 0.0037, 0.0037, 0.0037, 0.0037, 0.0037, 0.0037, 0.0037, 0.0037, 0.0037, 0.0037, 0.0037, 0.0037, 0.0037, 0.0037, 0.0037, 0.0037, 0.0037, 0.0037, 0.0037, 0.0037, 0.0037, 0.0037, 0.0037, 0.0037, 0.0037, 0.0037, 0.0037, 0.0037, 0.0037, 0.0037, 0.0037, 0.0037, 0.0037, 0.0037, 0.0037, 0.0037, 0.0037, 0.0037, 0.0037, 0.0037, 0.0037, 0.0037, 0.0037, 0.0037, 0.0037, 0.0037, 0.0037, 0.0037, 0.0037, 0.0037, 0.0037, 0.0037, 0.0037, 0.0037, 0.0037, 0.0037, 0.0037, 0.0037, 0.0037, 0.0037, 0.0037, 0.0037, 0.0037, 0.0037, 0.0037, 0.0037, 0.0037, 0.0037, 0.0037, 0.0037, 0.0037, 0.0037, 0.0037, 0.0037, 0.0037, 0.0037, 0.0037, 0.0037, 0.0037, 0.0037, 0.0037, 0.0037, 0.0037, 0.0037, 0.0037, 0.0037, 0.0037, 0.0037, 0.0037, 0.0037, 0.0037, 0.0037, 0.0037, 0.0037, 0.0037, 0.0037, 0.0037, 0.0037, 0.0037, 0.0037, 0.0037, 0.0037, 0.0037, 0.0037, 0.0037, 0.0037, 0.0037, 0.0037, 0.0037, 0.0037, 0.0037, 0.0037, 0.0037, 0.0037, 0.0037, 0.0037, 0.0037, 0.0037, 0.0037, 0.0037, 0.0037, 0.0037, 0.0037, 0.0037, 0.0037, 0.0037, 0.0037, 0.0037, 0.0037, 0.0037, 0.0037, 0.0037, 0.0037, 0.0037, 0.0037, 0.0037, 0.0037, 0.0037, 0.0037, 0.0037, 0.0037, 0.0037, 0.0037, 0.0037, 0.0037, 0.0037, 0.0037, 0.0037, 0.0037, 0.0037, 0.0037, 0.0037, 0.0037, 0.0037, 0.0037, 0.0037, 0.0037, 0.0037, 0.0037, 0.0037, 0.0037, 0.0037, 0.0037, 0.0037, 0.0037, 0.0037, 0.0037, 0.0037, 0.0037, 0.0037, 0.0037, 0.0037, 0.0037, 0.0037, 0.0037, 0.0037, 0.0037, 0.0037, 0.0037, 0.0037, 0.0037, 0.0037, 0.0037, 0.0037, 0.0037, 0.0037, 0.0037, 0.0037, 0.0037, 0.0037, 0.0037, 0.0037, 0.0037, 0.0037, 0.0037, 0.0037, 0.0037, 0.0037, 0.0037, 0.0037, 0.0037, 0.0037, 0.0037, 0.0037, 0.0037, 0.0037, 0.0037, 0.0037, 0.0037, 0.0037, 0.0037, 0.0037, 0.0037, 0.0037, 0.0037, 0.0037, 0.0037, 0.0037, 0.0037, 0.0037, 0.0037, 0.0037, 0.0037, 0.0037, 0.0037, 0.0037, 0.0037, 0.0037, 0.0037, 0.0037, 0.0037, 0.0037, 0.0037, 0.0037, 0.0037, 0.0037, 0.0037, 0.0037, 0.0037, 0.0037, 0.0037, 0.0037, 0.0037, 0.0037, 0.0037, 0.0037, 0.0037, 0.0037, 0.0037, 0.0037, 0.0037, 0.0037, 0.0037, 0.0037, 0.0037, 0.0037, 0.0037, 0.0037, 0.0037, 0.0037, 0.0037, 0.0037, 0.0037, 0.0037, 0.0037, 0.0037, 0.0037, 0.0037, 0.0037, 0.0037, 0.0037, 0.0037, 0.0037, 0.0037, 0.0037, 0.0037, 0.0037, 0.0037, 0.0037, 0.0037, 0.0037, 0.0037, 0.0037, 0.0037, 0.0037, 0.0037, 0.0037, 0.0037, 0.0037, 0.0037, 0.0037, 0.0037, 0.0037, 0.0037, 0.0037, 0.0037, 0.0037, 0.0037, 0.0037, 0.0037, 0.0037, 0.0037, 0.0037, 0.0037, 0.0037, 0.0037, 0.0037, 0.0037, 0.0037, 0.0037, 0.0037, 0.0037, 0.0037, 0.0037, 0.0037, 0.0037, 0.0037, 0.0037, 0.0037, 0.0037, 0.0037, 0.0037, 0.0037, 0.0037, 0.0037, 0.0037, 0.0037, 0.0037, 0.0037, 0.0037, 0.0037, 0.0037, 0.0037, 0.0037, 0.0037, 0.0037, 0.0037, 0.0037, 0.0037, 0.0037, 0.0037, 0.0037, 0.0037, 0.0037, 0.0037, 0.0037, 0.0037, 0.0037, 0.0037, 0.0037, 0.0037, 0.0037, 0.0037, 0.0037, 0.0037, 0.0037, 0.0037, 0.0037, 0.0037, 0.0037, 0.0037, 0.0037, 0.0037, 0.0037, 0.0037, 0.0037, 0.0037, 0.0037, 0.0037, 0.0037, 0.0037, 0.0037, 0.0037, 0.0037, 0.0037, 0.0037, 0.0037, 0.0037, 0.0037, 0.0037, 0.0037, 0.0037, 0.0037, 0.0037, 0.0037, 0.0037, 0.0037, 0.0037, 0.0037, 0.0037, 0.0037, 0.0037, 0.0037, 0.0037, 0.0037, 0.0037, 0.0037, 0.0037, 0.0037, 0.0037, 0.0037, 0.0037, 0.0037, 0.0037, 0.0037, 0.0037, 0.0037, 0.0037, 0.0037, 0.0037, 0.0037, 0.0037, 0.0037, 0.0037, 0.0037, 0.0037, 0.0037, 0.0037, 0.0037, 0.0037, 0.0037, 0.0037, 0.0037, 0.0037, 0.0037, 0.0037, 0.0037, 0.0037, 0.0037, 0.0037, 0.0037, 0.0037, 0.0037, 0.0037, 0.0037, 0.0037, 0.0037, 0.0037, 0.0037, 0.0037, 0.0037, 0.0037, 0.0037, 0.0037, 0.0037, 0.0037, 0.0037, 0.0037, 0.0037, 0.0037, 0.0037, 0.0037, 0.0037, 0.0037, 0.0037, 0.0037, 0.0037, 0.0037, 0.0037, 0.0037, 0.0037, 0.0037, 0.0037, 0.0037, 0.0037, 0.0037, 0.0037, 0.0037, 0.0037, 0.0037, 0.0037, 0.0037, 0.0037, 0.0037, 0.0037, 0.0037, 0.0037, 0.0037, 0.0037, 0.0037, 0.0037, 0.0037, 0.0037, 0.0037, 0.0037, 0.0037, 0.0037, 0.0037, 0.0037, 0.0037, 0.0037, 0.0037, 0.0037, 0.0037, 0.0037, 0.0037, 0.0037, 0.0037, 0.0037, 0.0037, 0.0037, 0.0037, 0.0037, 0.0037, 0.0037, 0.0037, 0.0037, 0.0037, 0.0037, 0.0037, 0.0037, 0.0037, 0.0037, 0.0037, 0.0037, 0.0037, 0.0037, 0.0037, 0.0037, 0.0037, 0.0037, 0.0037, 0.0037, 0.0037, 0.0037, 0.0037, 0.0037, 0.0037, 0.0037, 0.0037, 0.0037, 0.0037, 0.0037, 0.0037, 0.0037, 0.0037, 0.0037, 0.0037, 0.0037, 0.0037, 0.0037, 0.0037, 0.0037, 0.0037, 0.0037, 0.0037, 0.0037, 0.0037, 0.0037, 0.0037, 0.0037, 0.0037, 0.0037, 0.0037, 0.0037, 0.0037, 0.0037, 0.0037, 0.0037, 0.0037, 0.0037, 0.0037, 0.0037, 0.0037, 0.0037, 0.0037, 0.0037, 0.0037, 0.0037, 0.0037, 0.0037, 0.0037, 0.0037, 0.0037, 0.0037, 0.0037, 0.0037, 0.0037, 0.0037, 0.0037, 0.0037, 0.0037, 0.0037, 0.0037, 0.0037, 0.0037, 0.0037, 0.0037, 0.0037, 0.0037, 0.0037, 0.0037, 0.0037, 0.0037, 0.0037, 0.0037, 0.0037, 0.0037, 0.0037, 0.0037, 0.0037, 0.0037, 0.0037, 0.0037, 0.0037, 0.0037, 0.0037, 0.0037, 0.0037, 0.0037, 0.0037, 0.0037, 0.0037, 0.0037, 0.0037, 0.0037, 0.0037, 0.0037, 0.0037, 0.0037, 0.0037, 0.0037, 0.0037, 0.0037, 0.0037, 0.0037, 0.0037, 0.0037] (
            interpolation = "vertex"
        )
        uniform token wrap = "nonperiodic"
    }

    def BasisCurves "Width_B"
    {
        int[] curveVertexCounts = [6, 6, 6, 6, 6, 6, 6, 6, 6, 6, 6, 6, 6, 6, 6, 6, 6, 6, 6, 6, 6, 6, 6, 6, 6, 6, 6, 6, 6, 6, 6, 6, 6, 6, 6, 6, 6, 6, 6, 6, 6, 6, 6, 6, 6, 6, 6, 6, 6, 6, 6, 6, 6, 6, 6, 6, 6, 6, 6, 6, 6, 6, 6, 6, 6, 6, 6, 6, 6, 6, 6, 6, 6, 6, 6, 6, 6, 6, 6, 6, 6, 6, 6, 6, 6, 6, 6, 6, 6, 6, 6, 6, 6, 6, 6, 6, 6, 6, 6, 6, 6, 6, 6, 6, 6, 6, 6, 6, 6, 6, 6, 6, 6, 6, 6, 6, 6, 6, 6, 6, 6, 6, 6, 6, 6, 6, 6, 6, 6, 6, 6, 6, 6, 6, 6, 6, 6, 6, 6, 6, 6, 6, 6, 6, 6, 6, 6, 6, 6, 6, 6, 6, 6, 6, 6, 6, 6, 6, 6, 6, 6, 6, 6, 6, 6, 6, 6, 6, 6, 6, 6, 6, 6, 6, 6, 6, 6, 6, 6, 6, 6, 6, 6, 6, 6, 6, 6, 6, 6, 6, 6, 6, 6, 6, 6, 6, 6, 6, 6, 6, 6, 6, 6, 6, 6, 6, 6, 6, 6, 6, 6, 6, 6, 6, 6, 6, 6, 6, 6, 6, 6, 6, 6, 6, 6, 6, 6, 6, 6, 6, 6, 6, 6, 6, 6, 6, 6, 6, 6, 6, 6, 6, 6, 6, 6, 6, 6, 6, 6, 6, 6, 6, 6, 6, 6, 6, 6, 6, 6, 6, 6, 6, 6, 6, 6, 6, 6, 6, 6, 6, 6, 6, 6, 6, 6, 6, 6, 6, 6, 6, 6, 6, 6, 6, 6, 6, 6, 6, 6, 6, 6, 6, 6, 6, 6, 6, 6, 6, 6, 6, 6, 6, 6, 6, 6, 6, 6, 6, 6, 6, 6, 6, 6, 6, 6, 6, 6, 6, 6, 6, 6, 6, 6, 6, 6, 6, 6, 6, 6, 6, 6, 6, 6, 6, 6, 6, 6, 6, 6, 6, 6, 6, 6, 6, 6, 6, 6, 6, 6, 6, 6, 6, 6, 6, 6, 6, 6, 6, 6, 6, 6]
        point3f[] points = [(0.19800001, -0.072000004, 0), (0.19848001, -0.071720004, 0.035), (0.19992, -0.07088, 0.07), (0.20232001, -0.06948, 0.105000004), (0.20568001, -0.06752001, 0.14), (0.21000001, -0.065000005, 0.175), (0.206, -0.072000004, 0), (0.20648001, -0.071720004, 0.035), (0.20792001, -0.07088, 0.07), (0.21032001, -0.06948, 0.105000004), (0.21368, -0.06752001, 0.14), (0.21800001, -0.065000005, 0.175), (0.21400002, -0.072000004, 0), (0.21448001, -0.071720004, 0.035), (0.21592, -0.07088, 0.07), (0.21832001, -0.06948, 0.105000004), (0.22168002, -0.06752001, 0.14), (0.22600001, -0.065000005, 0.175), (0.222, -0.072000004, 0), (0.22248001, -0.071720004, 0.035), (0.22392002, -0.07088, 0.07), (0.22632001, -0.06948, 0.105000004), (0.22968, -0.06752001, 0.14), (0.23400001, -0.065000005, 0.175), (0.23, -0.072000004, 0), (0.23048002, -0.071720004, 0.035), (0.23192, -0.07088, 0.07), (0.23432001, -0.06948, 0.105000004), (0.23768, -0.06752001, 0.14), (0.24200001, -0.065000005, 0.175), (0.238, -0.072000004, 0), (0.23848, -0.071720004, 0.035), (0.23992, -0.07088, 0.07), (0.24232, -0.06948, 0.105000004), (0.24568, -0.06752001, 0.14), (0.25, -0.065000005, 0.175), (0.246, -0.072000004, 0), (0.24648002, -0.071720004, 0.035), (0.24792, -0.07088, 0.07), (0.25032002, -0.06948, 0.105000004), (0.25368002, -0.06752001, 0.14), (0.25800002, -0.065000005, 0.175), (0.254, -0.072000004, 0), (0.25448, -0.071720004, 0.035), (0.25592002, -0.07088, 0.07), (0.25832, -0.06948, 0.105000004), (0.26168, -0.06752001, 0.14), (0.266, -0.065000005, 0.175), (0.26200002, -0.072000004, 0), (0.26248002, -0.071720004, 0.035), (0.26392, -0.07088, 0.07), (0.26632002, -0.06948, 0.105000004), (0.26968002, -0.06752001, 0.14), (0.27400002, -0.065000005, 0.175), (0.27, -0.072000004, 0), (0.27048, -0.071720004, 0.035), (0.27192003, -0.07088, 0.07), (0.27432, -0.06948, 0.105000004), (0.27768, -0.06752001, 0.14), (0.282, -0.065000005, 0.175), (0.278, -0.072000004, 0), (0.27848002, -0.071720004, 0.035), (0.27992, -0.07088, 0.07), (0.28232002, -0.06948, 0.105000004), (0.28568, -0.06752001, 0.14), (0.29000002, -0.065000005, 0.175), (0.286, -0.072000004, 0), (0.28648, -0.071720004, 0.035), (0.28792, -0.07088, 0.07), (0.29032, -0.06948, 0.105000004), (0.29368, -0.06752001, 0.14), (0.298, -0.065000005, 0.175), (0.294, -0.072000004, 0), (0.29448003, -0.071720004, 0.035), (0.29592, -0.07088, 0.07), (0.29832, -0.06948, 0.105000004), (0.30168, -0.06752001, 0.14), (0.306, -0.065000005, 0.175), (0.30200002, -0.072000004, 0), (0.30248, -0.071720004, 0.035), (0.30392, -0.07088, 0.07), (0.30632, -0.06948, 0.105000004), (0.30968, -0.06752001, 0.14), (0.314, -0.065000005, 0.175), (0.31, -0.072000004, 0), (0.31048, -0.071720004, 0.035), (0.31192002, -0.07088, 0.07), (0.31432003, -0.06948, 0.105000004), (0.31768, -0.06752001, 0.14), (0.32200003, -0.065000005, 0.175), (0.31800002, -0.072000004, 0), (0.31848, -0.071720004, 0.035), (0.31992, -0.07088, 0.07), (0.32232, -0.06948, 0.105000004), (0.32568002, -0.06752001, 0.14), (0.33, -0.065000005, 0.175), (0.326, -0.072000004, 0), (0.32648, -0.071720004, 0.035), (0.32792002, -0.07088, 0.07), (0.33032, -0.06948, 0.105000004), (0.33368, -0.06752001, 0.14), (0.338, -0.065000005, 0.175), (0.33400002, -0.072000004, 0), (0.33448002, -0.071720004, 0.035), (0.33592, -0.07088, 0.07), (0.33832002, -0.06948, 0.105000004), (0.34168002, -0.06752001, 0.14), (0.34600002, -0.065000005, 0.175), (0.342, -0.072000004, 0), (0.34248, -0.071720004, 0.035), (0.34392002, -0.07088, 0.07), (0.34632003, -0.06948, 0.105000004), (0.34968, -0.06752001, 0.14), (0.35400003, -0.065000005, 0.175), (0.19800001, -0.064, 0), (0.19848001, -0.06372, 0.035), (0.19992, -0.06288, 0.07), (0.20232001, -0.061480004, 0.105000004), (0.20568001, -0.059520002, 0.14), (0.21000001, -0.057000004, 0.175), (0.206, -0.064, 0), (0.20648001, -0.06372, 0.035), (0.20792001, -0.06288, 0.07), (0.21032001, -0.061480004, 0.105000004), (0.21368, -0.059520002, 0.14), (0.21800001, -0.057000004, 0.175), (0.21400002, -0.064, 0), (0.21448001, -0.06372, 0.035), (0.21592, -0.06288, 0.07), (0.21832001, -0.061480004, 0.105000004), (0.22168002, -0.059520002, 0.14), (0.22600001, -0.057000004, 0.175), (0.222, -0.064, 0), (0.22248001, -0.06372, 0.035), (0.22392002, -0.06288, 0.07), (0.22632001, -0.061480004, 0.105000004), (0.22968, -0.059520002, 0.14), (0.23400001, -0.057000004, 0.175), (0.23, -0.064, 0), (0.23048002, -0.06372, 0.035), (0.23192, -0.06288, 0.07), (0.23432001, -0.061480004, 0.105000004), (0.23768, -0.059520002, 0.14), (0.24200001, -0.057000004, 0.175), (0.238, -0.064, 0), (0.23848, -0.06372, 0.035), (0.23992, -0.06288, 0.07), (0.24232, -0.061480004, 0.105000004), (0.24568, -0.059520002, 0.14), (0.25, -0.057000004, 0.175), (0.246, -0.064, 0), (0.24648002, -0.06372, 0.035), (0.24792, -0.06288, 0.07), (0.25032002, -0.061480004, 0.105000004), (0.25368002, -0.059520002, 0.14), (0.25800002, -0.057000004, 0.175), (0.254, -0.064, 0), (0.25448, -0.06372, 0.035), (0.25592002, -0.06288, 0.07), (0.25832, -0.061480004, 0.105000004), (0.26168, -0.059520002, 0.14), (0.266, -0.057000004, 0.175), (0.26200002, -0.064, 0), (0.26248002, -0.06372, 0.035), (0.26392, -0.06288, 0.07), (0.26632002, -0.061480004, 0.105000004), (0.26968002, -0.059520002, 0.14), (0.27400002, -0.057000004, 0.175), (0.27, -0.064, 0), (0.27048, -0.06372, 0.035), (0.27192003, -0.06288, 0.07), (0.27432, -0.061480004, 0.105000004), (0.27768, -0.059520002, 0.14), (0.282, -0.057000004, 0.175), (0.278, -0.064, 0), (0.27848002, -0.06372, 0.035), (0.27992, -0.06288, 0.07), (0.28232002, -0.061480004, 0.105000004), (0.28568, -0.059520002, 0.14), (0.29000002, -0.057000004, 0.175), (0.286, -0.064, 0), (0.28648, -0.06372, 0.035), (0.28792, -0.06288, 0.07), (0.29032, -0.061480004, 0.105000004), (0.29368, -0.059520002, 0.14), (0.298, -0.057000004, 0.175), (0.294, -0.064, 0), (0.29448003, -0.06372, 0.035), (0.29592, -0.06288, 0.07), (0.29832, -0.061480004, 0.105000004), (0.30168, -0.059520002, 0.14), (0.306, -0.057000004, 0.175), (0.30200002, -0.064, 0), (0.30248, -0.06372, 0.035), (0.30392, -0.06288, 0.07), (0.30632, -0.061480004, 0.105000004), (0.30968, -0.059520002, 0.14), (0.314, -0.057000004, 0.175), (0.31, -0.064, 0), (0.31048, -0.06372, 0.035), (0.31192002, -0.06288, 0.07), (0.31432003, -0.061480004, 0.105000004), (0.31768, -0.059520002, 0.14), (0.32200003, -0.057000004, 0.175), (0.31800002, -0.064, 0), (0.31848, -0.06372, 0.035), (0.31992, -0.06288, 0.07), (0.32232, -0.061480004, 0.105000004), (0.32568002, -0.059520002, 0.14), (0.33, -0.057000004, 0.175), (0.326, -0.064, 0), (0.32648, -0.06372, 0.035), (0.32792002, -0.06288, 0.07), (0.33032, -0.061480004, 0.105000004), (0.33368, -0.059520002, 0.14), (0.338, -0.057000004, 0.175), (0.33400002, -0.064, 0), (0.33448002, -0.06372, 0.035), (0.33592, -0.06288, 0.07), (0.33832002, -0.061480004, 0.105000004), (0.34168002, -0.059520002, 0.14), (0.34600002, -0.057000004, 0.175), (0.342, -0.064, 0), (0.34248, -0.06372, 0.035), (0.34392002, -0.06288, 0.07), (0.34632003, -0.061480004, 0.105000004), (0.34968, -0.059520002, 0.14), (0.35400003, -0.057000004, 0.175), (0.19800001, -0.056, 0), (0.19848001, -0.05572, 0.035), (0.19992, -0.05488, 0.07), (0.20232001, -0.053480003, 0.105000004), (0.20568001, -0.05152, 0.14), (0.21000001, -0.049000002, 0.175), (0.206, -0.056, 0), (0.20648001, -0.05572, 0.035), (0.20792001, -0.05488, 0.07), (0.21032001, -0.053480003, 0.105000004), (0.21368, -0.05152, 0.14), (0.21800001, -0.049000002, 0.175), (0.21400002, -0.056, 0), (0.21448001, -0.05572, 0.035), (0.21592, -0.05488, 0.07), (0.21832001, -0.053480003, 0.105000004), (0.22168002, -0.05152, 0.14), (0.22600001, -0.049000002, 0.175), (0.222, -0.056, 0), (0.22248001, -0.05572, 0.035), (0.22392002, -0.05488, 0.07), (0.22632001, -0.053480003, 0.105000004), (0.22968, -0.05152, 0.14), (0.23400001, -0.049000002, 0.175), (0.23, -0.056, 0), (0.23048002, -0.05572, 0.035), (0.23192, -0.05488, 0.07), (0.23432001, -0.053480003, 0.105000004), (0.23768, -0.05152, 0.14), (0.24200001, -0.049000002, 0.175), (0.238, -0.056, 0), (0.23848, -0.05572, 0.035), (0.23992, -0.05488, 0.07), (0.24232, -0.053480003, 0.105000004), (0.24568, -0.05152, 0.14), (0.25, -0.049000002, 0.175), (0.246, -0.056, 0), (0.24648002, -0.05572, 0.035), (0.24792, -0.05488, 0.07), (0.25032002, -0.053480003, 0.105000004), (0.25368002, -0.05152, 0.14), (0.25800002, -0.049000002, 0.175), (0.254, -0.056, 0), (0.25448, -0.05572, 0.035), (0.25592002, -0.05488, 0.07), (0.25832, -0.053480003, 0.105000004), (0.26168, -0.05152, 0.14), (0.266, -0.049000002, 0.175), (0.26200002, -0.056, 0), (0.26248002, -0.05572, 0.035), (0.26392, -0.05488, 0.07), (0.26632002, -0.053480003, 0.105000004), (0.26968002, -0.05152, 0.14), (0.27400002, -0.049000002, 0.175), (0.27, -0.056, 0), (0.27048, -0.05572, 0.035), (0.27192003, -0.05488, 0.07), (0.27432, -0.053480003, 0.105000004), (0.27768, -0.05152, 0.14), (0.282, -0.049000002, 0.175), (0.278, -0.056, 0), (0.27848002, -0.05572, 0.035), (0.27992, -0.05488, 0.07), (0.28232002, -0.053480003, 0.105000004), (0.28568, -0.05152, 0.14), (0.29000002, -0.049000002, 0.175), (0.286, -0.056, 0), (0.28648, -0.05572, 0.035), (0.28792, -0.05488, 0.07), (0.29032, -0.053480003, 0.105000004), (0.29368, -0.05152, 0.14), (0.298, -0.049000002, 0.175), (0.294, -0.056, 0), (0.29448003, -0.05572, 0.035), (0.29592, -0.05488, 0.07), (0.29832, -0.053480003, 0.105000004), (0.30168, -0.05152, 0.14), (0.306, -0.049000002, 0.175), (0.30200002, -0.056, 0), (0.30248, -0.05572, 0.035), (0.30392, -0.05488, 0.07), (0.30632, -0.053480003, 0.105000004), (0.30968, -0.05152, 0.14), (0.314, -0.049000002, 0.175), (0.31, -0.056, 0), (0.31048, -0.05572, 0.035), (0.31192002, -0.05488, 0.07), (0.31432003, -0.053480003, 0.105000004), (0.31768, -0.05152, 0.14), (0.32200003, -0.049000002, 0.175), (0.31800002, -0.056, 0), (0.31848, -0.05572, 0.035), (0.31992, -0.05488, 0.07), (0.32232, -0.053480003, 0.105000004), (0.32568002, -0.05152, 0.14), (0.33, -0.049000002, 0.175), (0.326, -0.056, 0), (0.32648, -0.05572, 0.035), (0.32792002, -0.05488, 0.07), (0.33032, -0.053480003, 0.105000004), (0.33368, -0.05152, 0.14), (0.338, -0.049000002, 0.175), (0.33400002, -0.056, 0), (0.33448002, -0.05572, 0.035), (0.33592, -0.05488, 0.07), (0.33832002, -0.053480003, 0.105000004), (0.34168002, -0.05152, 0.14), (0.34600002, -0.049000002, 0.175), (0.342, -0.056, 0), (0.34248, -0.05572, 0.035), (0.34392002, -0.05488, 0.07), (0.34632003, -0.053480003, 0.105000004), (0.34968, -0.05152, 0.14), (0.35400003, -0.049000002, 0.175), (0.19800001, -0.048, 0), (0.19848001, -0.04772, 0.035), (0.19992, -0.04688, 0.07), (0.20232001, -0.04548, 0.105000004), (0.20568001, -0.04352, 0.14), (0.21000001, -0.041, 0.175), (0.206, -0.048, 0), (0.20648001, -0.04772, 0.035), (0.20792001, -0.04688, 0.07), (0.21032001, -0.04548, 0.105000004), (0.21368, -0.04352, 0.14), (0.21800001, -0.041, 0.175), (0.21400002, -0.048, 0), (0.21448001, -0.04772, 0.035), (0.21592, -0.04688, 0.07), (0.21832001, -0.04548, 0.105000004), (0.22168002, -0.04352, 0.14), (0.22600001, -0.041, 0.175), (0.222, -0.048, 0), (0.22248001, -0.04772, 0.035), (0.22392002, -0.04688, 0.07), (0.22632001, -0.04548, 0.105000004), (0.22968, -0.04352, 0.14), (0.23400001, -0.041, 0.175), (0.23, -0.048, 0), (0.23048002, -0.04772, 0.035), (0.23192, -0.04688, 0.07), (0.23432001, -0.04548, 0.105000004), (0.23768, -0.04352, 0.14), (0.24200001, -0.041, 0.175), (0.238, -0.048, 0), (0.23848, -0.04772, 0.035), (0.23992, -0.04688, 0.07), (0.24232, -0.04548, 0.105000004), (0.24568, -0.04352, 0.14), (0.25, -0.041, 0.175), (0.246, -0.048, 0), (0.24648002, -0.04772, 0.035), (0.24792, -0.04688, 0.07), (0.25032002, -0.04548, 0.105000004), (0.25368002, -0.04352, 0.14), (0.25800002, -0.041, 0.175), (0.254, -0.048, 0), (0.25448, -0.04772, 0.035), (0.25592002, -0.04688, 0.07), (0.25832, -0.04548, 0.105000004), (0.26168, -0.04352, 0.14), (0.266, -0.041, 0.175), (0.26200002, -0.048, 0), (0.26248002, -0.04772, 0.035), (0.26392, -0.04688, 0.07), (0.26632002, -0.04548, 0.105000004), (0.26968002, -0.04352, 0.14), (0.27400002, -0.041, 0.175), (0.27, -0.048, 0), (0.27048, -0.04772, 0.035), (0.27192003, -0.04688, 0.07), (0.27432, -0.04548, 0.105000004), (0.27768, -0.04352, 0.14), (0.282, -0.041, 0.175), (0.278, -0.048, 0), (0.27848002, -0.04772, 0.035), (0.27992, -0.04688, 0.07), (0.28232002, -0.04548, 0.105000004), (0.28568, -0.04352, 0.14), (0.29000002, -0.041, 0.175), (0.286, -0.048, 0), (0.28648, -0.04772, 0.035), (0.28792, -0.04688, 0.07), (0.29032, -0.04548, 0.105000004), (0.29368, -0.04352, 0.14), (0.298, -0.041, 0.175), (0.294, -0.048, 0), (0.29448003, -0.04772, 0.035), (0.29592, -0.04688, 0.07), (0.29832, -0.04548, 0.105000004), (0.30168, -0.04352, 0.14), (0.306, -0.041, 0.175), (0.30200002, -0.048, 0), (0.30248, -0.04772, 0.035), (0.30392, -0.04688, 0.07), (0.30632, -0.04548, 0.105000004), (0.30968, -0.04352, 0.14), (0.314, -0.041, 0.175), (0.31, -0.048, 0), (0.31048, -0.04772, 0.035), (0.31192002, -0.04688, 0.07), (0.31432003, -0.04548, 0.105000004), (0.31768, -0.04352, 0.14), (0.32200003, -0.041, 0.175), (0.31800002, -0.048, 0), (0.31848, -0.04772, 0.035), (0.31992, -0.04688, 0.07), (0.32232, -0.04548, 0.105000004), (0.32568002, -0.04352, 0.14), (0.33, -0.041, 0.175), (0.326, -0.048, 0), (0.32648, -0.04772, 0.035), (0.32792002, -0.04688, 0.07), (0.33032, -0.04548, 0.105000004), (0.33368, -0.04352, 0.14), (0.338, -0.041, 0.175), (0.33400002, -0.048, 0), (0.33448002, -0.04772, 0.035), (0.33592, -0.04688, 0.07), (0.33832002, -0.04548, 0.105000004), (0.34168002, -0.04352, 0.14), (0.34600002, -0.041, 0.175), (0.342, -0.048, 0), (0.34248, -0.04772, 0.035), (0.34392002, -0.04688, 0.07), (0.34632003, -0.04548, 0.105000004), (0.34968, -0.04352, 0.14), (0.35400003, -0.041, 0.175), (0.19800001, -0.040000003, 0), (0.19848001, -0.039720003, 0.035), (0.19992, -0.03888, 0.07), (0.20232001, -0.037480004, 0.105000004), (0.20568001, -0.035520002, 0.14), (0.21000001, -0.033000004, 0.175), (0.206, -0.040000003, 0), (0.20648001, -0.039720003, 0.035), (0.20792001, -0.03888, 0.07), (0.21032001, -0.037480004, 0.105000004), (0.21368, -0.035520002, 0.14), (0.21800001, -0.033000004, 0.175), (0.21400002, -0.040000003, 0), (0.21448001, -0.039720003, 0.035), (0.21592, -0.03888, 0.07), (0.21832001, -0.037480004, 0.105000004), (0.22168002, -0.035520002, 0.14), (0.22600001, -0.033000004, 0.175), (0.222, -0.040000003, 0), (0.22248001, -0.039720003, 0.035), (0.22392002, -0.03888, 0.07), (0.22632001, -0.037480004, 0.105000004), (0.22968, -0.035520002, 0.14), (0.23400001, -0.033000004, 0.175), (0.23, -0.040000003, 0), (0.23048002, -0.039720003, 0.035), (0.23192, -0.03888, 0.07), (0.23432001, -0.037480004, 0.105000004), (0.23768, -0.035520002, 0.14), (0.24200001, -0.033000004, 0.175), (0.238, -0.040000003, 0), (0.23848, -0.039720003, 0.035), (0.23992, -0.03888, 0.07), (0.24232, -0.037480004, 0.105000004), (0.24568, -0.035520002, 0.14), (0.25, -0.033000004, 0.175), (0.246, -0.040000003, 0), (0.24648002, -0.039720003, 0.035), (0.24792, -0.03888, 0.07), (0.25032002, -0.037480004, 0.105000004), (0.25368002, -0.035520002, 0.14), (0.25800002, -0.033000004, 0.175), (0.254, -0.040000003, 0), (0.25448, -0.039720003, 0.035), (0.25592002, -0.03888, 0.07), (0.25832, -0.037480004, 0.105000004), (0.26168, -0.035520002, 0.14), (0.266, -0.033000004, 0.175), (0.26200002, -0.040000003, 0), (0.26248002, -0.039720003, 0.035), (0.26392, -0.03888, 0.07), (0.26632002, -0.037480004, 0.105000004), (0.26968002, -0.035520002, 0.14), (0.27400002, -0.033000004, 0.175), (0.27, -0.040000003, 0), (0.27048, -0.039720003, 0.035), (0.27192003, -0.03888, 0.07), (0.27432, -0.037480004, 0.105000004), (0.27768, -0.035520002, 0.14), (0.282, -0.033000004, 0.175), (0.278, -0.040000003, 0), (0.27848002, -0.039720003, 0.035), (0.27992, -0.03888, 0.07), (0.28232002, -0.037480004, 0.105000004), (0.28568, -0.035520002, 0.14), (0.29000002, -0.033000004, 0.175), (0.286, -0.040000003, 0), (0.28648, -0.039720003, 0.035), (0.28792, -0.03888, 0.07), (0.29032, -0.037480004, 0.105000004), (0.29368, -0.035520002, 0.14), (0.298, -0.033000004, 0.175), (0.294, -0.040000003, 0), (0.29448003, -0.039720003, 0.035), (0.29592, -0.03888, 0.07), (0.29832, -0.037480004, 0.105000004), (0.30168, -0.035520002, 0.14), (0.306, -0.033000004, 0.175), (0.30200002, -0.040000003, 0), (0.30248, -0.039720003, 0.035), (0.30392, -0.03888, 0.07), (0.30632, -0.037480004, 0.105000004), (0.30968, -0.035520002, 0.14), (0.314, -0.033000004, 0.175), (0.31, -0.040000003, 0), (0.31048, -0.039720003, 0.035), (0.31192002, -0.03888, 0.07), (0.31432003, -0.037480004, 0.105000004), (0.31768, -0.035520002, 0.14), (0.32200003, -0.033000004, 0.175), (0.31800002, -0.040000003, 0), (0.31848, -0.039720003, 0.035), (0.31992, -0.03888, 0.07), (0.32232, -0.037480004, 0.105000004), (0.32568002, -0.035520002, 0.14), (0.33, -0.033000004, 0.175), (0.326, -0.040000003, 0), (0.32648, -0.039720003, 0.035), (0.32792002, -0.03888, 0.07), (0.33032, -0.037480004, 0.105000004), (0.33368, -0.035520002, 0.14), (0.338, -0.033000004, 0.175), (0.33400002, -0.040000003, 0), (0.33448002, -0.039720003, 0.035), (0.33592, -0.03888, 0.07), (0.33832002, -0.037480004, 0.105000004), (0.34168002, -0.035520002, 0.14), (0.34600002, -0.033000004, 0.175), (0.342, -0.040000003, 0), (0.34248, -0.039720003, 0.035), (0.34392002, -0.03888, 0.07), (0.34632003, -0.037480004, 0.105000004), (0.34968, -0.035520002, 0.14), (0.35400003, -0.033000004, 0.175), (0.19800001, -0.032, 0), (0.19848001, -0.03172, 0.035), (0.19992, -0.030880002, 0.07), (0.20232001, -0.029480001, 0.105000004), (0.20568001, -0.027520001, 0.14), (0.21000001, -0.025000002, 0.175), (0.206, -0.032, 0), (0.20648001, -0.03172, 0.035), (0.20792001, -0.030880002, 0.07), (0.21032001, -0.029480001, 0.105000004), (0.21368, -0.027520001, 0.14), (0.21800001, -0.025000002, 0.175), (0.21400002, -0.032, 0), (0.21448001, -0.03172, 0.035), (0.21592, -0.030880002, 0.07), (0.21832001, -0.029480001, 0.105000004), (0.22168002, -0.027520001, 0.14), (0.22600001, -0.025000002, 0.175), (0.222, -0.032, 0), (0.22248001, -0.03172, 0.035), (0.22392002, -0.030880002, 0.07), (0.22632001, -0.029480001, 0.105000004), (0.22968, -0.027520001, 0.14), (0.23400001, -0.025000002, 0.175), (0.23, -0.032, 0), (0.23048002, -0.03172, 0.035), (0.23192, -0.030880002, 0.07), (0.23432001, -0.029480001, 0.105000004), (0.23768, -0.027520001, 0.14), (0.24200001, -0.025000002, 0.175), (0.238, -0.032, 0), (0.23848, -0.03172, 0.035), (0.23992, -0.030880002, 0.07), (0.24232, -0.029480001, 0.105000004), (0.24568, -0.027520001, 0.14), (0.25, -0.025000002, 0.175), (0.246, -0.032, 0), (0.24648002, -0.03172, 0.035), (0.24792, -0.030880002, 0.07), (0.25032002, -0.029480001, 0.105000004), (0.25368002, -0.027520001, 0.14), (0.25800002, -0.025000002, 0.175), (0.254, -0.032, 0), (0.25448, -0.03172, 0.035), (0.25592002, -0.030880002, 0.07), (0.25832, -0.029480001, 0.105000004), (0.26168, -0.027520001, 0.14), (0.266, -0.025000002, 0.175), (0.26200002, -0.032, 0), (0.26248002, -0.03172, 0.035), (0.26392, -0.030880002, 0.07), (0.26632002, -0.029480001, 0.105000004), (0.26968002, -0.027520001, 0.14), (0.27400002, -0.025000002, 0.175), (0.27, -0.032, 0), (0.27048, -0.03172, 0.035), (0.27192003, -0.030880002, 0.07), (0.27432, -0.029480001, 0.105000004), (0.27768, -0.027520001, 0.14), (0.282, -0.025000002, 0.175), (0.278, -0.032, 0), (0.27848002, -0.03172, 0.035), (0.27992, -0.030880002, 0.07), (0.28232002, -0.029480001, 0.105000004), (0.28568, -0.027520001, 0.14), (0.29000002, -0.025000002, 0.175), (0.286, -0.032, 0), (0.28648, -0.03172, 0.035), (0.28792, -0.030880002, 0.07), (0.29032, -0.029480001, 0.105000004), (0.29368, -0.027520001, 0.14), (0.298, -0.025000002, 0.175), (0.294, -0.032, 0), (0.29448003, -0.03172, 0.035), (0.29592, -0.030880002, 0.07), (0.29832, -0.029480001, 0.105000004), (0.30168, -0.027520001, 0.14), (0.306, -0.025000002, 0.175), (0.30200002, -0.032, 0), (0.30248, -0.03172, 0.035), (0.30392, -0.030880002, 0.07), (0.30632, -0.029480001, 0.105000004), (0.30968, -0.027520001, 0.14), (0.314, -0.025000002, 0.175), (0.31, -0.032, 0), (0.31048, -0.03172, 0.035), (0.31192002, -0.030880002, 0.07), (0.31432003, -0.029480001, 0.105000004), (0.31768, -0.027520001, 0.14), (0.32200003, -0.025000002, 0.175), (0.31800002, -0.032, 0), (0.31848, -0.03172, 0.035), (0.31992, -0.030880002, 0.07), (0.32232, -0.029480001, 0.105000004), (0.32568002, -0.027520001, 0.14), (0.33, -0.025000002, 0.175), (0.326, -0.032, 0), (0.32648, -0.03172, 0.035), (0.32792002, -0.030880002, 0.07), (0.33032, -0.029480001, 0.105000004), (0.33368, -0.027520001, 0.14), (0.338, -0.025000002, 0.175), (0.33400002, -0.032, 0), (0.33448002, -0.03172, 0.035), (0.33592, -0.030880002, 0.07), (0.33832002, -0.029480001, 0.105000004), (0.34168002, -0.027520001, 0.14), (0.34600002, -0.025000002, 0.175), (0.342, -0.032, 0), (0.34248, -0.03172, 0.035), (0.34392002, -0.030880002, 0.07), (0.34632003, -0.029480001, 0.105000004), (0.34968, -0.027520001, 0.14), (0.35400003, -0.025000002, 0.175), (0.19800001, -0.024, 0), (0.19848001, -0.02372, 0.035), (0.19992, -0.022880001, 0.07), (0.20232001, -0.02148, 0.105000004), (0.20568001, -0.01952, 0.14), (0.21000001, -0.017, 0.175), (0.206, -0.024, 0), (0.20648001, -0.02372, 0.035), (0.20792001, -0.022880001, 0.07), (0.21032001, -0.02148, 0.105000004), (0.21368, -0.01952, 0.14), (0.21800001, -0.017, 0.175), (0.21400002, -0.024, 0), (0.21448001, -0.02372, 0.035), (0.21592, -0.022880001, 0.07), (0.21832001, -0.02148, 0.105000004), (0.22168002, -0.01952, 0.14), (0.22600001, -0.017, 0.175), (0.222, -0.024, 0), (0.22248001, -0.02372, 0.035), (0.22392002, -0.022880001, 0.07), (0.22632001, -0.02148, 0.105000004), (0.22968, -0.01952, 0.14), (0.23400001, -0.017, 0.175), (0.23, -0.024, 0), (0.23048002, -0.02372, 0.035), (0.23192, -0.022880001, 0.07), (0.23432001, -0.02148, 0.105000004), (0.23768, -0.01952, 0.14), (0.24200001, -0.017, 0.175), (0.238, -0.024, 0), (0.23848, -0.02372, 0.035), (0.23992, -0.022880001, 0.07), (0.24232, -0.02148, 0.105000004), (0.24568, -0.01952, 0.14), (0.25, -0.017, 0.175), (0.246, -0.024, 0), (0.24648002, -0.02372, 0.035), (0.24792, -0.022880001, 0.07), (0.25032002, -0.02148, 0.105000004), (0.25368002, -0.01952, 0.14), (0.25800002, -0.017, 0.175), (0.254, -0.024, 0), (0.25448, -0.02372, 0.035), (0.25592002, -0.022880001, 0.07), (0.25832, -0.02148, 0.105000004), (0.26168, -0.01952, 0.14), (0.266, -0.017, 0.175), (0.26200002, -0.024, 0), (0.26248002, -0.02372, 0.035), (0.26392, -0.022880001, 0.07), (0.26632002, -0.02148, 0.105000004), (0.26968002, -0.01952, 0.14), (0.27400002, -0.017, 0.175), (0.27, -0.024, 0), (0.27048, -0.02372, 0.035), (0.27192003, -0.022880001, 0.07), (0.27432, -0.02148, 0.105000004), (0.27768, -0.01952, 0.14), (0.282, -0.017, 0.175), (0.278, -0.024, 0), (0.27848002, -0.02372, 0.035), (0.27992, -0.022880001, 0.07), (0.28232002, -0.02148, 0.105000004), (0.28568, -0.01952, 0.14), (0.29000002, -0.017, 0.175), (0.286, -0.024, 0), (0.28648, -0.02372, 0.035), (0.28792, -0.022880001, 0.07), (0.29032, -0.02148, 0.105000004), (0.29368, -0.01952, 0.14), (0.298, -0.017, 0.175), (0.294, -0.024, 0), (0.29448003, -0.02372, 0.035), (0.29592, -0.022880001, 0.07), (0.29832, -0.02148, 0.105000004), (0.30168, -0.01952, 0.14), (0.306, -0.017, 0.175), (0.30200002, -0.024, 0), (0.30248, -0.02372, 0.035), (0.30392, -0.022880001, 0.07), (0.30632, -0.02148, 0.105000004), (0.30968, -0.01952, 0.14), (0.314, -0.017, 0.175), (0.31, -0.024, 0), (0.31048, -0.02372, 0.035), (0.31192002, -0.022880001, 0.07), (0.31432003, -0.02148, 0.105000004), (0.31768, -0.01952, 0.14), (0.32200003, -0.017, 0.175), (0.31800002, -0.024, 0), (0.31848, -0.02372, 0.035), (0.31992, -0.022880001, 0.07), (0.32232, -0.02148, 0.105000004), (0.32568002, -0.01952, 0.14), (0.33, -0.017, 0.175), (0.326, -0.024, 0), (0.32648, -0.02372, 0.035), (0.32792002, -0.022880001, 0.07), (0.33032, -0.02148, 0.105000004), (0.33368, -0.01952, 0.14), (0.338, -0.017, 0.175), (0.33400002, -0.024, 0), (0.33448002, -0.02372, 0.035), (0.33592, -0.022880001, 0.07), (0.33832002, -0.02148, 0.105000004), (0.34168002, -0.01952, 0.14), (0.34600002, -0.017, 0.175), (0.342, -0.024, 0), (0.34248, -0.02372, 0.035), (0.34392002, -0.022880001, 0.07), (0.34632003, -0.02148, 0.105000004), (0.34968, -0.01952, 0.14), (0.35400003, -0.017, 0.175), (0.19800001, -0.016, 0), (0.19848001, -0.01572, 0.035), (0.19992, -0.014880001, 0.07), (0.20232001, -0.01348, 0.105000004), (0.20568001, -0.01152, 0.14), (0.21000001, -0.009000001, 0.175), (0.206, -0.016, 0), (0.20648001, -0.01572, 0.035), (0.20792001, -0.014880001, 0.07), (0.21032001, -0.01348, 0.105000004), (0.21368, -0.01152, 0.14), (0.21800001, -0.009000001, 0.175), (0.21400002, -0.016, 0), (0.21448001, -0.01572, 0.035), (0.21592, -0.014880001, 0.07), (0.21832001, -0.01348, 0.105000004), (0.22168002, -0.01152, 0.14), (0.22600001, -0.009000001, 0.175), (0.222, -0.016, 0), (0.22248001, -0.01572, 0.035), (0.22392002, -0.014880001, 0.07), (0.22632001, -0.01348, 0.105000004), (0.22968, -0.01152, 0.14), (0.23400001, -0.009000001, 0.175), (0.23, -0.016, 0), (0.23048002, -0.01572, 0.035), (0.23192, -0.014880001, 0.07), (0.23432001, -0.01348, 0.105000004), (0.23768, -0.01152, 0.14), (0.24200001, -0.009000001, 0.175), (0.238, -0.016, 0), (0.23848, -0.01572, 0.035), (0.23992, -0.014880001, 0.07), (0.24232, -0.01348, 0.105000004), (0.24568, -0.01152, 0.14), (0.25, -0.009000001, 0.175), (0.246, -0.016, 0), (0.24648002, -0.01572, 0.035), (0.24792, -0.014880001, 0.07), (0.25032002, -0.01348, 0.105000004), (0.25368002, -0.01152, 0.14), (0.25800002, -0.009000001, 0.175), (0.254, -0.016, 0), (0.25448, -0.01572, 0.035), (0.25592002, -0.014880001, 0.07), (0.25832, -0.01348, 0.105000004), (0.26168, -0.01152, 0.14), (0.266, -0.009000001, 0.175), (0.26200002, -0.016, 0), (0.26248002, -0.01572, 0.035), (0.26392, -0.014880001, 0.07), (0.26632002, -0.01348, 0.105000004), (0.26968002, -0.01152, 0.14), (0.27400002, -0.009000001, 0.175), (0.27, -0.016, 0), (0.27048, -0.01572, 0.035), (0.27192003, -0.014880001, 0.07), (0.27432, -0.01348, 0.105000004), (0.27768, -0.01152, 0.14), (0.282, -0.009000001, 0.175), (0.278, -0.016, 0), (0.27848002, -0.01572, 0.035), (0.27992, -0.014880001, 0.07), (0.28232002, -0.01348, 0.105000004), (0.28568, -0.01152, 0.14), (0.29000002, -0.009000001, 0.175), (0.286, -0.016, 0), (0.28648, -0.01572, 0.035), (0.28792, -0.014880001, 0.07), (0.29032, -0.01348, 0.105000004), (0.29368, -0.01152, 0.14), (0.298, -0.009000001, 0.175), (0.294, -0.016, 0), (0.29448003, -0.01572, 0.035), (0.29592, -0.014880001, 0.07), (0.29832, -0.01348, 0.105000004), (0.30168, -0.01152, 0.14), (0.306, -0.009000001, 0.175), (0.30200002, -0.016, 0), (0.30248, -0.01572, 0.035), (0.30392, -0.014880001, 0.07), (0.30632, -0.01348, 0.105000004), (0.30968, -0.01152, 0.14), (0.314, -0.009000001, 0.175), (0.31, -0.016, 0), (0.31048, -0.01572, 0.035), (0.31192002, -0.014880001, 0.07), (0.31432003, -0.01348, 0.105000004), (0.31768, -0.01152, 0.14), (0.32200003, -0.009000001, 0.175), (0.31800002, -0.016, 0), (0.31848, -0.01572, 0.035), (0.31992, -0.014880001, 0.07), (0.32232, -0.01348, 0.105000004), (0.32568002, -0.01152, 0.14), (0.33, -0.009000001, 0.175), (0.326, -0.016, 0), (0.32648, -0.01572, 0.035), (0.32792002, -0.014880001, 0.07), (0.33032, -0.01348, 0.105000004), (0.33368, -0.01152, 0.14), (0.338, -0.009000001, 0.175), (0.33400002, -0.016, 0), (0.33448002, -0.01572, 0.035), (0.33592, -0.014880001, 0.07), (0.33832002, -0.01348, 0.105000004), (0.34168002, -0.01152, 0.14), (0.34600002, -0.009000001, 0.175), (0.342, -0.016, 0), (0.34248, -0.01572, 0.035), (0.34392002, -0.014880001, 0.07), (0.34632003, -0.01348, 0.105000004), (0.34968, -0.01152, 0.14), (0.35400003, -0.009000001, 0.175), (0.19800001, -0.008, 0), (0.19848001, -0.0077200006, 0.035), (0.19992, -0.0068800002, 0.07), (0.20232001, -0.00548, 0.105000004), (0.20568001, -0.0035200003, 0.14), (0.21000001, -0.0010000002, 0.175), (0.206, -0.008, 0), (0.20648001, -0.0077200006, 0.035), (0.20792001, -0.0068800002, 0.07), (0.21032001, -0.00548, 0.105000004), (0.21368, -0.0035200003, 0.14), (0.21800001, -0.0010000002, 0.175), (0.21400002, -0.008, 0), (0.21448001, -0.0077200006, 0.035), (0.21592, -0.0068800002, 0.07), (0.21832001, -0.00548, 0.105000004), (0.22168002, -0.0035200003, 0.14), (0.22600001, -0.0010000002, 0.175), (0.222, -0.008, 0), (0.22248001, -0.0077200006, 0.035), (0.22392002, -0.0068800002, 0.07), (0.22632001, -0.00548, 0.105000004), (0.22968, -0.0035200003, 0.14), (0.23400001, -0.0010000002, 0.175), (0.23, -0.008, 0), (0.23048002, -0.0077200006, 0.035), (0.23192, -0.0068800002, 0.07), (0.23432001, -0.00548, 0.105000004), (0.23768, -0.0035200003, 0.14), (0.24200001, -0.0010000002, 0.175), (0.238, -0.008, 0), (0.23848, -0.0077200006, 0.035), (0.23992, -0.0068800002, 0.07), (0.24232, -0.00548, 0.105000004), (0.24568, -0.0035200003, 0.14), (0.25, -0.0010000002, 0.175), (0.246, -0.008, 0), (0.24648002, -0.0077200006, 0.035), (0.24792, -0.0068800002, 0.07), (0.25032002, -0.00548, 0.105000004), (0.25368002, -0.0035200003, 0.14), (0.25800002, -0.0010000002, 0.175), (0.254, -0.008, 0), (0.25448, -0.0077200006, 0.035), (0.25592002, -0.0068800002, 0.07), (0.25832, -0.00548, 0.105000004), (0.26168, -0.0035200003, 0.14), (0.266, -0.0010000002, 0.175), (0.26200002, -0.008, 0), (0.26248002, -0.0077200006, 0.035), (0.26392, -0.0068800002, 0.07), (0.26632002, -0.00548, 0.105000004), (0.26968002, -0.0035200003, 0.14), (0.27400002, -0.0010000002, 0.175), (0.27, -0.008, 0), (0.27048, -0.0077200006, 0.035), (0.27192003, -0.0068800002, 0.07), (0.27432, -0.00548, 0.105000004), (0.27768, -0.0035200003, 0.14), (0.282, -0.0010000002, 0.175), (0.278, -0.008, 0), (0.27848002, -0.0077200006, 0.035), (0.27992, -0.0068800002, 0.07), (0.28232002, -0.00548, 0.105000004), (0.28568, -0.0035200003, 0.14), (0.29000002, -0.0010000002, 0.175), (0.286, -0.008, 0), (0.28648, -0.0077200006, 0.035), (0.28792, -0.0068800002, 0.07), (0.29032, -0.00548, 0.105000004), (0.29368, -0.0035200003, 0.14), (0.298, -0.0010000002, 0.175), (0.294, -0.008, 0), (0.29448003, -0.0077200006, 0.035), (0.29592, -0.0068800002, 0.07), (0.29832, -0.00548, 0.105000004), (0.30168, -0.0035200003, 0.14), (0.306, -0.0010000002, 0.175), (0.30200002, -0.008, 0), (0.30248, -0.0077200006, 0.035), (0.30392, -0.0068800002, 0.07), (0.30632, -0.00548, 0.105000004), (0.30968, -0.0035200003, 0.14), (0.314, -0.0010000002, 0.175), (0.31, -0.008, 0), (0.31048, -0.0077200006, 0.035), (0.31192002, -0.0068800002, 0.07), (0.31432003, -0.00548, 0.105000004), (0.31768, -0.0035200003, 0.14), (0.32200003, -0.0010000002, 0.175), (0.31800002, -0.008, 0), (0.31848, -0.0077200006, 0.035), (0.31992, -0.0068800002, 0.07), (0.32232, -0.00548, 0.105000004), (0.32568002, -0.0035200003, 0.14), (0.33, -0.0010000002, 0.175), (0.326, -0.008, 0), (0.32648, -0.0077200006, 0.035), (0.32792002, -0.0068800002, 0.07), (0.33032, -0.00548, 0.105000004), (0.33368, -0.0035200003, 0.14), (0.338, -0.0010000002, 0.175), (0.33400002, -0.008, 0), (0.33448002, -0.0077200006, 0.035), (0.33592, -0.0068800002, 0.07), (0.33832002, -0.00548, 0.105000004), (0.34168002, -0.0035200003, 0.14), (0.34600002, -0.0010000002, 0.175), (0.342, -0.008, 0), (0.34248, -0.0077200006, 0.035), (0.34392002, -0.0068800002, 0.07), (0.34632003, -0.00548, 0.105000004), (0.34968, -0.0035200003, 0.14), (0.35400003, -0.0010000002, 0.175), (0.19800001, 0, 0), (0.19848001, 0.00028, 0.035), (0.19992, 0.00112, 0.07), (0.20232001, 0.0025200003, 0.105000004), (0.20568001, 0.00448, 0.14), (0.21000001, 0.007, 0.175), (0.206, 0, 0), (0.20648001, 0.00028, 0.035), (0.20792001, 0.00112, 0.07), (0.21032001, 0.0025200003, 0.105000004), (0.21368, 0.00448, 0.14), (0.21800001, 0.007, 0.175), (0.21400002, 0, 0), (0.21448001, 0.00028, 0.035), (0.21592, 0.00112, 0.07), (0.21832001, 0.0025200003, 0.105000004), (0.22168002, 0.00448, 0.14), (0.22600001, 0.007, 0.175), (0.222, 0, 0), (0.22248001, 0.00028, 0.035), (0.22392002, 0.00112, 0.07), (0.22632001, 0.0025200003, 0.105000004), (0.22968, 0.00448, 0.14), (0.23400001, 0.007, 0.175), (0.23, 0, 0), (0.23048002, 0.00028, 0.035), (0.23192, 0.00112, 0.07), (0.23432001, 0.0025200003, 0.105000004), (0.23768, 0.00448, 0.14), (0.24200001, 0.007, 0.175), (0.238, 0, 0), (0.23848, 0.00028, 0.035), (0.23992, 0.00112, 0.07), (0.24232, 0.0025200003, 0.105000004), (0.24568, 0.00448, 0.14), (0.25, 0.007, 0.175), (0.246, 0, 0), (0.24648002, 0.00028, 0.035), (0.24792, 0.00112, 0.07), (0.25032002, 0.0025200003, 0.105000004), (0.25368002, 0.00448, 0.14), (0.25800002, 0.007, 0.175), (0.254, 0, 0), (0.25448, 0.00028, 0.035), (0.25592002, 0.00112, 0.07), (0.25832, 0.0025200003, 0.105000004), (0.26168, 0.00448, 0.14), (0.266, 0.007, 0.175), (0.26200002, 0, 0), (0.26248002, 0.00028, 0.035), (0.26392, 0.00112, 0.07), (0.26632002, 0.0025200003, 0.105000004), (0.26968002, 0.00448, 0.14), (0.27400002, 0.007, 0.175), (0.27, 0, 0), (0.27048, 0.00028, 0.035), (0.27192003, 0.00112, 0.07), (0.27432, 0.0025200003, 0.105000004), (0.27768, 0.00448, 0.14), (0.282, 0.007, 0.175), (0.278, 0, 0), (0.27848002, 0.00028, 0.035), (0.27992, 0.00112, 0.07), (0.28232002, 0.0025200003, 0.105000004), (0.28568, 0.00448, 0.14), (0.29000002, 0.007, 0.175), (0.286, 0, 0), (0.28648, 0.00028, 0.035), (0.28792, 0.00112, 0.07), (0.29032, 0.0025200003, 0.105000004), (0.29368, 0.00448, 0.14), (0.298, 0.007, 0.175), (0.294, 0, 0), (0.29448003, 0.00028, 0.035), (0.29592, 0.00112, 0.07), (0.29832, 0.0025200003, 0.105000004), (0.30168, 0.00448, 0.14), (0.306, 0.007, 0.175), (0.30200002, 0, 0), (0.30248, 0.00028, 0.035), (0.30392, 0.00112, 0.07), (0.30632, 0.0025200003, 0.105000004), (0.30968, 0.00448, 0.14), (0.314, 0.007, 0.175), (0.31, 0, 0), (0.31048, 0.00028, 0.035), (0.31192002, 0.00112, 0.07), (0.31432003, 0.0025200003, 0.105000004), (0.31768, 0.00448, 0.14), (0.32200003, 0.007, 0.175), (0.31800002, 0, 0), (0.31848, 0.00028, 0.035), (0.31992, 0.00112, 0.07), (0.32232, 0.0025200003, 0.105000004), (0.32568002, 0.00448, 0.14), (0.33, 0.007, 0.175), (0.326, 0, 0), (0.32648, 0.00028, 0.035), (0.32792002, 0.00112, 0.07), (0.33032, 0.0025200003, 0.105000004), (0.33368, 0.00448, 0.14), (0.338, 0.007, 0.175), (0.33400002, 0, 0), (0.33448002, 0.00028, 0.035), (0.33592, 0.00112, 0.07), (0.33832002, 0.0025200003, 0.105000004), (0.34168002, 0.00448, 0.14), (0.34600002, 0.007, 0.175), (0.342, 0, 0), (0.34248, 0.00028, 0.035), (0.34392002, 0.00112, 0.07), (0.34632003, 0.0025200003, 0.105000004), (0.34968, 0.00448, 0.14), (0.35400003, 0.007, 0.175), (0.19800001, 0.008, 0), (0.19848001, 0.008280001, 0.035), (0.19992, 0.0091200005, 0.07), (0.20232001, 0.010520001, 0.105000004), (0.20568001, 0.01248, 0.14), (0.21000001, 0.015000001, 0.175), (0.206, 0.008, 0), (0.20648001, 0.008280001, 0.035), (0.20792001, 0.0091200005, 0.07), (0.21032001, 0.010520001, 0.105000004), (0.21368, 0.01248, 0.14), (0.21800001, 0.015000001, 0.175), (0.21400002, 0.008, 0), (0.21448001, 0.008280001, 0.035), (0.21592, 0.0091200005, 0.07), (0.21832001, 0.010520001, 0.105000004), (0.22168002, 0.01248, 0.14), (0.22600001, 0.015000001, 0.175), (0.222, 0.008, 0), (0.22248001, 0.008280001, 0.035), (0.22392002, 0.0091200005, 0.07), (0.22632001, 0.010520001, 0.105000004), (0.22968, 0.01248, 0.14), (0.23400001, 0.015000001, 0.175), (0.23, 0.008, 0), (0.23048002, 0.008280001, 0.035), (0.23192, 0.0091200005, 0.07), (0.23432001, 0.010520001, 0.105000004), (0.23768, 0.01248, 0.14), (0.24200001, 0.015000001, 0.175), (0.238, 0.008, 0), (0.23848, 0.008280001, 0.035), (0.23992, 0.0091200005, 0.07), (0.24232, 0.010520001, 0.105000004), (0.24568, 0.01248, 0.14), (0.25, 0.015000001, 0.175), (0.246, 0.008, 0), (0.24648002, 0.008280001, 0.035), (0.24792, 0.0091200005, 0.07), (0.25032002, 0.010520001, 0.105000004), (0.25368002, 0.01248, 0.14), (0.25800002, 0.015000001, 0.175), (0.254, 0.008, 0), (0.25448, 0.008280001, 0.035), (0.25592002, 0.0091200005, 0.07), (0.25832, 0.010520001, 0.105000004), (0.26168, 0.01248, 0.14), (0.266, 0.015000001, 0.175), (0.26200002, 0.008, 0), (0.26248002, 0.008280001, 0.035), (0.26392, 0.0091200005, 0.07), (0.26632002, 0.010520001, 0.105000004), (0.26968002, 0.01248, 0.14), (0.27400002, 0.015000001, 0.175), (0.27, 0.008, 0), (0.27048, 0.008280001, 0.035), (0.27192003, 0.0091200005, 0.07), (0.27432, 0.010520001, 0.105000004), (0.27768, 0.01248, 0.14), (0.282, 0.015000001, 0.175), (0.278, 0.008, 0), (0.27848002, 0.008280001, 0.035), (0.27992, 0.0091200005, 0.07), (0.28232002, 0.010520001, 0.105000004), (0.28568, 0.01248, 0.14), (0.29000002, 0.015000001, 0.175), (0.286, 0.008, 0), (0.28648, 0.008280001, 0.035), (0.28792, 0.0091200005, 0.07), (0.29032, 0.010520001, 0.105000004), (0.29368, 0.01248, 0.14), (0.298, 0.015000001, 0.175), (0.294, 0.008, 0), (0.29448003, 0.008280001, 0.035), (0.29592, 0.0091200005, 0.07), (0.29832, 0.010520001, 0.105000004), (0.30168, 0.01248, 0.14), (0.306, 0.015000001, 0.175), (0.30200002, 0.008, 0), (0.30248, 0.008280001, 0.035), (0.30392, 0.0091200005, 0.07), (0.30632, 0.010520001, 0.105000004), (0.30968, 0.01248, 0.14), (0.314, 0.015000001, 0.175), (0.31, 0.008, 0), (0.31048, 0.008280001, 0.035), (0.31192002, 0.0091200005, 0.07), (0.31432003, 0.010520001, 0.105000004), (0.31768, 0.01248, 0.14), (0.32200003, 0.015000001, 0.175), (0.31800002, 0.008, 0), (0.31848, 0.008280001, 0.035), (0.31992, 0.0091200005, 0.07), (0.32232, 0.010520001, 0.105000004), (0.32568002, 0.01248, 0.14), (0.33, 0.015000001, 0.175), (0.326, 0.008, 0), (0.32648, 0.008280001, 0.035), (0.32792002, 0.0091200005, 0.07), (0.33032, 0.010520001, 0.105000004), (0.33368, 0.01248, 0.14), (0.338, 0.015000001, 0.175), (0.33400002, 0.008, 0), (0.33448002, 0.008280001, 0.035), (0.33592, 0.0091200005, 0.07), (0.33832002, 0.010520001, 0.105000004), (0.34168002, 0.01248, 0.14), (0.34600002, 0.015000001, 0.175), (0.342, 0.008, 0), (0.34248, 0.008280001, 0.035), (0.34392002, 0.0091200005, 0.07), (0.34632003, 0.010520001, 0.105000004), (0.34968, 0.01248, 0.14), (0.35400003, 0.015000001, 0.175), (0.19800001, 0.016, 0), (0.19848001, 0.016280001, 0.035), (0.19992, 0.01712, 0.07), (0.20232001, 0.018520001, 0.105000004), (0.20568001, 0.020480001, 0.14), (0.21000001, 0.023000002, 0.175), (0.206, 0.016, 0), (0.20648001, 0.016280001, 0.035), (0.20792001, 0.01712, 0.07), (0.21032001, 0.018520001, 0.105000004), (0.21368, 0.020480001, 0.14), (0.21800001, 0.023000002, 0.175), (0.21400002, 0.016, 0), (0.21448001, 0.016280001, 0.035), (0.21592, 0.01712, 0.07), (0.21832001, 0.018520001, 0.105000004), (0.22168002, 0.020480001, 0.14), (0.22600001, 0.023000002, 0.175), (0.222, 0.016, 0), (0.22248001, 0.016280001, 0.035), (0.22392002, 0.01712, 0.07), (0.22632001, 0.018520001, 0.105000004), (0.22968, 0.020480001, 0.14), (0.23400001, 0.023000002, 0.175), (0.23, 0.016, 0), (0.23048002, 0.016280001, 0.035), (0.23192, 0.01712, 0.07), (0.23432001, 0.018520001, 0.105000004), (0.23768, 0.020480001, 0.14), (0.24200001, 0.023000002, 0.175), (0.238, 0.016, 0), (0.23848, 0.016280001, 0.035), (0.23992, 0.01712, 0.07), (0.24232, 0.018520001, 0.105000004), (0.24568, 0.020480001, 0.14), (0.25, 0.023000002, 0.175), (0.246, 0.016, 0), (0.24648002, 0.016280001, 0.035), (0.24792, 0.01712, 0.07), (0.25032002, 0.018520001, 0.105000004), (0.25368002, 0.020480001, 0.14), (0.25800002, 0.023000002, 0.175), (0.254, 0.016, 0), (0.25448, 0.016280001, 0.035), (0.25592002, 0.01712, 0.07), (0.25832, 0.018520001, 0.105000004), (0.26168, 0.020480001, 0.14), (0.266, 0.023000002, 0.175), (0.26200002, 0.016, 0), (0.26248002, 0.016280001, 0.035), (0.26392, 0.01712, 0.07), (0.26632002, 0.018520001, 0.105000004), (0.26968002, 0.020480001, 0.14), (0.27400002, 0.023000002, 0.175), (0.27, 0.016, 0), (0.27048, 0.016280001, 0.035), (0.27192003, 0.01712, 0.07), (0.27432, 0.018520001, 0.105000004), (0.27768, 0.020480001, 0.14), (0.282, 0.023000002, 0.175), (0.278, 0.016, 0), (0.27848002, 0.016280001, 0.035), (0.27992, 0.01712, 0.07), (0.28232002, 0.018520001, 0.105000004), (0.28568, 0.020480001, 0.14), (0.29000002, 0.023000002, 0.175), (0.286, 0.016, 0), (0.28648, 0.016280001, 0.035), (0.28792, 0.01712, 0.07), (0.29032, 0.018520001, 0.105000004), (0.29368, 0.020480001, 0.14), (0.298, 0.023000002, 0.175), (0.294, 0.016, 0), (0.29448003, 0.016280001, 0.035), (0.29592, 0.01712, 0.07), (0.29832, 0.018520001, 0.105000004), (0.30168, 0.020480001, 0.14), (0.306, 0.023000002, 0.175), (0.30200002, 0.016, 0), (0.30248, 0.016280001, 0.035), (0.30392, 0.01712, 0.07), (0.30632, 0.018520001, 0.105000004), (0.30968, 0.020480001, 0.14), (0.314, 0.023000002, 0.175), (0.31, 0.016, 0), (0.31048, 0.016280001, 0.035), (0.31192002, 0.01712, 0.07), (0.31432003, 0.018520001, 0.105000004), (0.31768, 0.020480001, 0.14), (0.32200003, 0.023000002, 0.175), (0.31800002, 0.016, 0), (0.31848, 0.016280001, 0.035), (0.31992, 0.01712, 0.07), (0.32232, 0.018520001, 0.105000004), (0.32568002, 0.020480001, 0.14), (0.33, 0.023000002, 0.175), (0.326, 0.016, 0), (0.32648, 0.016280001, 0.035), (0.32792002, 0.01712, 0.07), (0.33032, 0.018520001, 0.105000004), (0.33368, 0.020480001, 0.14), (0.338, 0.023000002, 0.175), (0.33400002, 0.016, 0), (0.33448002, 0.016280001, 0.035), (0.33592, 0.01712, 0.07), (0.33832002, 0.018520001, 0.105000004), (0.34168002, 0.020480001, 0.14), (0.34600002, 0.023000002, 0.175), (0.342, 0.016, 0), (0.34248, 0.016280001, 0.035), (0.34392002, 0.01712, 0.07), (0.34632003, 0.018520001, 0.105000004), (0.34968, 0.020480001, 0.14), (0.35400003, 0.023000002, 0.175), (0.19800001, 0.024, 0), (0.19848001, 0.02428, 0.035), (0.19992, 0.02512, 0.07), (0.20232001, 0.02652, 0.105000004), (0.20568001, 0.02848, 0.14), (0.21000001, 0.031, 0.175), (0.206, 0.024, 0), (0.20648001, 0.02428, 0.035), (0.20792001, 0.02512, 0.07), (0.21032001, 0.02652, 0.105000004), (0.21368, 0.02848, 0.14), (0.21800001, 0.031, 0.175), (0.21400002, 0.024, 0), (0.21448001, 0.02428, 0.035), (0.21592, 0.02512, 0.07), (0.21832001, 0.02652, 0.105000004), (0.22168002, 0.02848, 0.14), (0.22600001, 0.031, 0.175), (0.222, 0.024, 0), (0.22248001, 0.02428, 0.035), (0.22392002, 0.02512, 0.07), (0.22632001, 0.02652, 0.105000004), (0.22968, 0.02848, 0.14), (0.23400001, 0.031, 0.175), (0.23, 0.024, 0), (0.23048002, 0.02428, 0.035), (0.23192, 0.02512, 0.07), (0.23432001, 0.02652, 0.105000004), (0.23768, 0.02848, 0.14), (0.24200001, 0.031, 0.175), (0.238, 0.024, 0), (0.23848, 0.02428, 0.035), (0.23992, 0.02512, 0.07), (0.24232, 0.02652, 0.105000004), (0.24568, 0.02848, 0.14), (0.25, 0.031, 0.175), (0.246, 0.024, 0), (0.24648002, 0.02428, 0.035), (0.24792, 0.02512, 0.07), (0.25032002, 0.02652, 0.105000004), (0.25368002, 0.02848, 0.14), (0.25800002, 0.031, 0.175), (0.254, 0.024, 0), (0.25448, 0.02428, 0.035), (0.25592002, 0.02512, 0.07), (0.25832, 0.02652, 0.105000004), (0.26168, 0.02848, 0.14), (0.266, 0.031, 0.175), (0.26200002, 0.024, 0), (0.26248002, 0.02428, 0.035), (0.26392, 0.02512, 0.07), (0.26632002, 0.02652, 0.105000004), (0.26968002, 0.02848, 0.14), (0.27400002, 0.031, 0.175), (0.27, 0.024, 0), (0.27048, 0.02428, 0.035), (0.27192003, 0.02512, 0.07), (0.27432, 0.02652, 0.105000004), (0.27768, 0.02848, 0.14), (0.282, 0.031, 0.175), (0.278, 0.024, 0), (0.27848002, 0.02428, 0.035), (0.27992, 0.02512, 0.07), (0.28232002, 0.02652, 0.105000004), (0.28568, 0.02848, 0.14), (0.29000002, 0.031, 0.175), (0.286, 0.024, 0), (0.28648, 0.02428, 0.035), (0.28792, 0.02512, 0.07), (0.29032, 0.02652, 0.105000004), (0.29368, 0.02848, 0.14), (0.298, 0.031, 0.175), (0.294, 0.024, 0), (0.29448003, 0.02428, 0.035), (0.29592, 0.02512, 0.07), (0.29832, 0.02652, 0.105000004), (0.30168, 0.02848, 0.14), (0.306, 0.031, 0.175), (0.30200002, 0.024, 0), (0.30248, 0.02428, 0.035), (0.30392, 0.02512, 0.07), (0.30632, 0.02652, 0.105000004), (0.30968, 0.02848, 0.14), (0.314, 0.031, 0.175), (0.31, 0.024, 0), (0.31048, 0.02428, 0.035), (0.31192002, 0.02512, 0.07), (0.31432003, 0.02652, 0.105000004), (0.31768, 0.02848, 0.14), (0.32200003, 0.031, 0.175), (0.31800002, 0.024, 0), (0.31848, 0.02428, 0.035), (0.31992, 0.02512, 0.07), (0.32232, 0.02652, 0.105000004), (0.32568002, 0.02848, 0.14), (0.33, 0.031, 0.175), (0.326, 0.024, 0), (0.32648, 0.02428, 0.035), (0.32792002, 0.02512, 0.07), (0.33032, 0.02652, 0.105000004), (0.33368, 0.02848, 0.14), (0.338, 0.031, 0.175), (0.33400002, 0.024, 0), (0.33448002, 0.02428, 0.035), (0.33592, 0.02512, 0.07), (0.33832002, 0.02652, 0.105000004), (0.34168002, 0.02848, 0.14), (0.34600002, 0.031, 0.175), (0.342, 0.024, 0), (0.34248, 0.02428, 0.035), (0.34392002, 0.02512, 0.07), (0.34632003, 0.02652, 0.105000004), (0.34968, 0.02848, 0.14), (0.35400003, 0.031, 0.175), (0.19800001, 0.032, 0), (0.19848001, 0.03228, 0.035), (0.19992, 0.033120003, 0.07), (0.20232001, 0.03452, 0.105000004), (0.20568001, 0.036480002, 0.14), (0.21000001, 0.039, 0.175), (0.206, 0.032, 0), (0.20648001, 0.03228, 0.035), (0.20792001, 0.033120003, 0.07), (0.21032001, 0.03452, 0.105000004), (0.21368, 0.036480002, 0.14), (0.21800001, 0.039, 0.175), (0.21400002, 0.032, 0), (0.21448001, 0.03228, 0.035), (0.21592, 0.033120003, 0.07), (0.21832001, 0.03452, 0.105000004), (0.22168002, 0.036480002, 0.14), (0.22600001, 0.039, 0.175), (0.222, 0.032, 0), (0.22248001, 0.03228, 0.035), (0.22392002, 0.033120003, 0.07), (0.22632001, 0.03452, 0.105000004), (0.22968, 0.036480002, 0.14), (0.23400001, 0.039, 0.175), (0.23, 0.032, 0), (0.23048002, 0.03228, 0.035), (0.23192, 0.033120003, 0.07), (0.23432001, 0.03452, 0.105000004), (0.23768, 0.036480002, 0.14), (0.24200001, 0.039, 0.175), (0.238, 0.032, 0), (0.23848, 0.03228, 0.035), (0.23992, 0.033120003, 0.07), (0.24232, 0.03452, 0.105000004), (0.24568, 0.036480002, 0.14), (0.25, 0.039, 0.175), (0.246, 0.032, 0), (0.24648002, 0.03228, 0.035), (0.24792, 0.033120003, 0.07), (0.25032002, 0.03452, 0.105000004), (0.25368002, 0.036480002, 0.14), (0.25800002, 0.039, 0.175), (0.254, 0.032, 0), (0.25448, 0.03228, 0.035), (0.25592002, 0.033120003, 0.07), (0.25832, 0.03452, 0.105000004), (0.26168, 0.036480002, 0.14), (0.266, 0.039, 0.175), (0.26200002, 0.032, 0), (0.26248002, 0.03228, 0.035), (0.26392, 0.033120003, 0.07), (0.26632002, 0.03452, 0.105000004), (0.26968002, 0.036480002, 0.14), (0.27400002, 0.039, 0.175), (0.27, 0.032, 0), (0.27048, 0.03228, 0.035), (0.27192003, 0.033120003, 0.07), (0.27432, 0.03452, 0.105000004), (0.27768, 0.036480002, 0.14), (0.282, 0.039, 0.175), (0.278, 0.032, 0), (0.27848002, 0.03228, 0.035), (0.27992, 0.033120003, 0.07), (0.28232002, 0.03452, 0.105000004), (0.28568, 0.036480002, 0.14), (0.29000002, 0.039, 0.175), (0.286, 0.032, 0), (0.28648, 0.03228, 0.035), (0.28792, 0.033120003, 0.07), (0.29032, 0.03452, 0.105000004), (0.29368, 0.036480002, 0.14), (0.298, 0.039, 0.175), (0.294, 0.032, 0), (0.29448003, 0.03228, 0.035), (0.29592, 0.033120003, 0.07), (0.29832, 0.03452, 0.105000004), (0.30168, 0.036480002, 0.14), (0.306, 0.039, 0.175), (0.30200002, 0.032, 0), (0.30248, 0.03228, 0.035), (0.30392, 0.033120003, 0.07), (0.30632, 0.03452, 0.105000004), (0.30968, 0.036480002, 0.14), (0.314, 0.039, 0.175), (0.31, 0.032, 0), (0.31048, 0.03228, 0.035), (0.31192002, 0.033120003, 0.07), (0.31432003, 0.03452, 0.105000004), (0.31768, 0.036480002, 0.14), (0.32200003, 0.039, 0.175), (0.31800002, 0.032, 0), (0.31848, 0.03228, 0.035), (0.31992, 0.033120003, 0.07), (0.32232, 0.03452, 0.105000004), (0.32568002, 0.036480002, 0.14), (0.33, 0.039, 0.175), (0.326, 0.032, 0), (0.32648, 0.03228, 0.035), (0.32792002, 0.033120003, 0.07), (0.33032, 0.03452, 0.105000004), (0.33368, 0.036480002, 0.14), (0.338, 0.039, 0.175), (0.33400002, 0.032, 0), (0.33448002, 0.03228, 0.035), (0.33592, 0.033120003, 0.07), (0.33832002, 0.03452, 0.105000004), (0.34168002, 0.036480002, 0.14), (0.34600002, 0.039, 0.175), (0.342, 0.032, 0), (0.34248, 0.03228, 0.035), (0.34392002, 0.033120003, 0.07), (0.34632003, 0.03452, 0.105000004), (0.34968, 0.036480002, 0.14), (0.35400003, 0.039, 0.175), (0.19800001, 0.040000003, 0), (0.19848001, 0.040280003, 0.035), (0.19992, 0.041120004, 0.07), (0.20232001, 0.04252, 0.105000004), (0.20568001, 0.044480003, 0.14), (0.21000001, 0.047000002, 0.175), (0.206, 0.040000003, 0), (0.20648001, 0.040280003, 0.035), (0.20792001, 0.041120004, 0.07), (0.21032001, 0.04252, 0.105000004), (0.21368, 0.044480003, 0.14), (0.21800001, 0.047000002, 0.175), (0.21400002, 0.040000003, 0), (0.21448001, 0.040280003, 0.035), (0.21592, 0.041120004, 0.07), (0.21832001, 0.04252, 0.105000004), (0.22168002, 0.044480003, 0.14), (0.22600001, 0.047000002, 0.175), (0.222, 0.040000003, 0), (0.22248001, 0.040280003, 0.035), (0.22392002, 0.041120004, 0.07), (0.22632001, 0.04252, 0.105000004), (0.22968, 0.044480003, 0.14), (0.23400001, 0.047000002, 0.175), (0.23, 0.040000003, 0), (0.23048002, 0.040280003, 0.035), (0.23192, 0.041120004, 0.07), (0.23432001, 0.04252, 0.105000004), (0.23768, 0.044480003, 0.14), (0.24200001, 0.047000002, 0.175), (0.238, 0.040000003, 0), (0.23848, 0.040280003, 0.035), (0.23992, 0.041120004, 0.07), (0.24232, 0.04252, 0.105000004), (0.24568, 0.044480003, 0.14), (0.25, 0.047000002, 0.175), (0.246, 0.040000003, 0), (0.24648002, 0.040280003, 0.035), (0.24792, 0.041120004, 0.07), (0.25032002, 0.04252, 0.105000004), (0.25368002, 0.044480003, 0.14), (0.25800002, 0.047000002, 0.175), (0.254, 0.040000003, 0), (0.25448, 0.040280003, 0.035), (0.25592002, 0.041120004, 0.07), (0.25832, 0.04252, 0.105000004), (0.26168, 0.044480003, 0.14), (0.266, 0.047000002, 0.175), (0.26200002, 0.040000003, 0), (0.26248002, 0.040280003, 0.035), (0.26392, 0.041120004, 0.07), (0.26632002, 0.04252, 0.105000004), (0.26968002, 0.044480003, 0.14), (0.27400002, 0.047000002, 0.175), (0.27, 0.040000003, 0), (0.27048, 0.040280003, 0.035), (0.27192003, 0.041120004, 0.07), (0.27432, 0.04252, 0.105000004), (0.27768, 0.044480003, 0.14), (0.282, 0.047000002, 0.175), (0.278, 0.040000003, 0), (0.27848002, 0.040280003, 0.035), (0.27992, 0.041120004, 0.07), (0.28232002, 0.04252, 0.105000004), (0.28568, 0.044480003, 0.14), (0.29000002, 0.047000002, 0.175), (0.286, 0.040000003, 0), (0.28648, 0.040280003, 0.035), (0.28792, 0.041120004, 0.07), (0.29032, 0.04252, 0.105000004), (0.29368, 0.044480003, 0.14), (0.298, 0.047000002, 0.175), (0.294, 0.040000003, 0), (0.29448003, 0.040280003, 0.035), (0.29592, 0.041120004, 0.07), (0.29832, 0.04252, 0.105000004), (0.30168, 0.044480003, 0.14), (0.306, 0.047000002, 0.175), (0.30200002, 0.040000003, 0), (0.30248, 0.040280003, 0.035), (0.30392, 0.041120004, 0.07), (0.30632, 0.04252, 0.105000004), (0.30968, 0.044480003, 0.14), (0.314, 0.047000002, 0.175), (0.31, 0.040000003, 0), (0.31048, 0.040280003, 0.035), (0.31192002, 0.041120004, 0.07), (0.31432003, 0.04252, 0.105000004), (0.31768, 0.044480003, 0.14), (0.32200003, 0.047000002, 0.175), (0.31800002, 0.040000003, 0), (0.31848, 0.040280003, 0.035), (0.31992, 0.041120004, 0.07), (0.32232, 0.04252, 0.105000004), (0.32568002, 0.044480003, 0.14), (0.33, 0.047000002, 0.175), (0.326, 0.040000003, 0), (0.32648, 0.040280003, 0.035), (0.32792002, 0.041120004, 0.07), (0.33032, 0.04252, 0.105000004), (0.33368, 0.044480003, 0.14), (0.338, 0.047000002, 0.175), (0.33400002, 0.040000003, 0), (0.33448002, 0.040280003, 0.035), (0.33592, 0.041120004, 0.07), (0.33832002, 0.04252, 0.105000004), (0.34168002, 0.044480003, 0.14), (0.34600002, 0.047000002, 0.175), (0.342, 0.040000003, 0), (0.34248, 0.040280003, 0.035), (0.34392002, 0.041120004, 0.07), (0.34632003, 0.04252, 0.105000004), (0.34968, 0.044480003, 0.14), (0.35400003, 0.047000002, 0.175), (0.19800001, 0.048, 0), (0.19848001, 0.04828, 0.035), (0.19992, 0.04912, 0.07), (0.20232001, 0.05052, 0.105000004), (0.20568001, 0.05248, 0.14), (0.21000001, 0.055, 0.175), (0.206, 0.048, 0), (0.20648001, 0.04828, 0.035), (0.20792001, 0.04912, 0.07), (0.21032001, 0.05052, 0.105000004), (0.21368, 0.05248, 0.14), (0.21800001, 0.055, 0.175), (0.21400002, 0.048, 0), (0.21448001, 0.04828, 0.035), (0.21592, 0.04912, 0.07), (0.21832001, 0.05052, 0.105000004), (0.22168002, 0.05248, 0.14), (0.22600001, 0.055, 0.175), (0.222, 0.048, 0), (0.22248001, 0.04828, 0.035), (0.22392002, 0.04912, 0.07), (0.22632001, 0.05052, 0.105000004), (0.22968, 0.05248, 0.14), (0.23400001, 0.055, 0.175), (0.23, 0.048, 0), (0.23048002, 0.04828, 0.035), (0.23192, 0.04912, 0.07), (0.23432001, 0.05052, 0.105000004), (0.23768, 0.05248, 0.14), (0.24200001, 0.055, 0.175), (0.238, 0.048, 0), (0.23848, 0.04828, 0.035), (0.23992, 0.04912, 0.07), (0.24232, 0.05052, 0.105000004), (0.24568, 0.05248, 0.14), (0.25, 0.055, 0.175), (0.246, 0.048, 0), (0.24648002, 0.04828, 0.035), (0.24792, 0.04912, 0.07), (0.25032002, 0.05052, 0.105000004), (0.25368002, 0.05248, 0.14), (0.25800002, 0.055, 0.175), (0.254, 0.048, 0), (0.25448, 0.04828, 0.035), (0.25592002, 0.04912, 0.07), (0.25832, 0.05052, 0.105000004), (0.26168, 0.05248, 0.14), (0.266, 0.055, 0.175), (0.26200002, 0.048, 0), (0.26248002, 0.04828, 0.035), (0.26392, 0.04912, 0.07), (0.26632002, 0.05052, 0.105000004), (0.26968002, 0.05248, 0.14), (0.27400002, 0.055, 0.175), (0.27, 0.048, 0), (0.27048, 0.04828, 0.035), (0.27192003, 0.04912, 0.07), (0.27432, 0.05052, 0.105000004), (0.27768, 0.05248, 0.14), (0.282, 0.055, 0.175), (0.278, 0.048, 0), (0.27848002, 0.04828, 0.035), (0.27992, 0.04912, 0.07), (0.28232002, 0.05052, 0.105000004), (0.28568, 0.05248, 0.14), (0.29000002, 0.055, 0.175), (0.286, 0.048, 0), (0.28648, 0.04828, 0.035), (0.28792, 0.04912, 0.07), (0.29032, 0.05052, 0.105000004), (0.29368, 0.05248, 0.14), (0.298, 0.055, 0.175), (0.294, 0.048, 0), (0.29448003, 0.04828, 0.035), (0.29592, 0.04912, 0.07), (0.29832, 0.05052, 0.105000004), (0.30168, 0.05248, 0.14), (0.306, 0.055, 0.175), (0.30200002, 0.048, 0), (0.30248, 0.04828, 0.035), (0.30392, 0.04912, 0.07), (0.30632, 0.05052, 0.105000004), (0.30968, 0.05248, 0.14), (0.314, 0.055, 0.175), (0.31, 0.048, 0), (0.31048, 0.04828, 0.035), (0.31192002, 0.04912, 0.07), (0.31432003, 0.05052, 0.105000004), (0.31768, 0.05248, 0.14), (0.32200003, 0.055, 0.175), (0.31800002, 0.048, 0), (0.31848, 0.04828, 0.035), (0.31992, 0.04912, 0.07), (0.32232, 0.05052, 0.105000004), (0.32568002, 0.05248, 0.14), (0.33, 0.055, 0.175), (0.326, 0.048, 0), (0.32648, 0.04828, 0.035), (0.32792002, 0.04912, 0.07), (0.33032, 0.05052, 0.105000004), (0.33368, 0.05248, 0.14), (0.338, 0.055, 0.175), (0.33400002, 0.048, 0), (0.33448002, 0.04828, 0.035), (0.33592, 0.04912, 0.07), (0.33832002, 0.05052, 0.105000004), (0.34168002, 0.05248, 0.14), (0.34600002, 0.055, 0.175), (0.342, 0.048, 0), (0.34248, 0.04828, 0.035), (0.34392002, 0.04912, 0.07), (0.34632003, 0.05052, 0.105000004), (0.34968, 0.05248, 0.14), (0.35400003, 0.055, 0.175), (0.19800001, 0.056, 0), (0.19848001, 0.056280002, 0.035), (0.19992, 0.057120003, 0.07), (0.20232001, 0.05852, 0.105000004), (0.20568001, 0.060480002, 0.14), (0.21000001, 0.063, 0.175), (0.206, 0.056, 0), (0.20648001, 0.056280002, 0.035), (0.20792001, 0.057120003, 0.07), (0.21032001, 0.05852, 0.105000004), (0.21368, 0.060480002, 0.14), (0.21800001, 0.063, 0.175), (0.21400002, 0.056, 0), (0.21448001, 0.056280002, 0.035), (0.21592, 0.057120003, 0.07), (0.21832001, 0.05852, 0.105000004), (0.22168002, 0.060480002, 0.14), (0.22600001, 0.063, 0.175), (0.222, 0.056, 0), (0.22248001, 0.056280002, 0.035), (0.22392002, 0.057120003, 0.07), (0.22632001, 0.05852, 0.105000004), (0.22968, 0.060480002, 0.14), (0.23400001, 0.063, 0.175), (0.23, 0.056, 0), (0.23048002, 0.056280002, 0.035), (0.23192, 0.057120003, 0.07), (0.23432001, 0.05852, 0.105000004), (0.23768, 0.060480002, 0.14), (0.24200001, 0.063, 0.175), (0.238, 0.056, 0), (0.23848, 0.056280002, 0.035), (0.23992, 0.057120003, 0.07), (0.24232, 0.05852, 0.105000004), (0.24568, 0.060480002, 0.14), (0.25, 0.063, 0.175), (0.246, 0.056, 0), (0.24648002, 0.056280002, 0.035), (0.24792, 0.057120003, 0.07), (0.25032002, 0.05852, 0.105000004), (0.25368002, 0.060480002, 0.14), (0.25800002, 0.063, 0.175), (0.254, 0.056, 0), (0.25448, 0.056280002, 0.035), (0.25592002, 0.057120003, 0.07), (0.25832, 0.05852, 0.105000004), (0.26168, 0.060480002, 0.14), (0.266, 0.063, 0.175), (0.26200002, 0.056, 0), (0.26248002, 0.056280002, 0.035), (0.26392, 0.057120003, 0.07), (0.26632002, 0.05852, 0.105000004), (0.26968002, 0.060480002, 0.14), (0.27400002, 0.063, 0.175), (0.27, 0.056, 0), (0.27048, 0.056280002, 0.035), (0.27192003, 0.057120003, 0.07), (0.27432, 0.05852, 0.105000004), (0.27768, 0.060480002, 0.14), (0.282, 0.063, 0.175), (0.278, 0.056, 0), (0.27848002, 0.056280002, 0.035), (0.27992, 0.057120003, 0.07), (0.28232002, 0.05852, 0.105000004), (0.28568, 0.060480002, 0.14), (0.29000002, 0.063, 0.175), (0.286, 0.056, 0), (0.28648, 0.056280002, 0.035), (0.28792, 0.057120003, 0.07), (0.29032, 0.05852, 0.105000004), (0.29368, 0.060480002, 0.14), (0.298, 0.063, 0.175), (0.294, 0.056, 0), (0.29448003, 0.056280002, 0.035), (0.29592, 0.057120003, 0.07), (0.29832, 0.05852, 0.105000004), (0.30168, 0.060480002, 0.14), (0.306, 0.063, 0.175), (0.30200002, 0.056, 0), (0.30248, 0.056280002, 0.035), (0.30392, 0.057120003, 0.07), (0.30632, 0.05852, 0.105000004), (0.30968, 0.060480002, 0.14), (0.314, 0.063, 0.175), (0.31, 0.056, 0), (0.31048, 0.056280002, 0.035), (0.31192002, 0.057120003, 0.07), (0.31432003, 0.05852, 0.105000004), (0.31768, 0.060480002, 0.14), (0.32200003, 0.063, 0.175), (0.31800002, 0.056, 0), (0.31848, 0.056280002, 0.035), (0.31992, 0.057120003, 0.07), (0.32232, 0.05852, 0.105000004), (0.32568002, 0.060480002, 0.14), (0.33, 0.063, 0.175), (0.326, 0.056, 0), (0.32648, 0.056280002, 0.035), (0.32792002, 0.057120003, 0.07), (0.33032, 0.05852, 0.105000004), (0.33368, 0.060480002, 0.14), (0.338, 0.063, 0.175), (0.33400002, 0.056, 0), (0.33448002, 0.056280002, 0.035), (0.33592, 0.057120003, 0.07), (0.33832002, 0.05852, 0.105000004), (0.34168002, 0.060480002, 0.14), (0.34600002, 0.063, 0.175), (0.342, 0.056, 0), (0.34248, 0.056280002, 0.035), (0.34392002, 0.057120003, 0.07), (0.34632003, 0.05852, 0.105000004), (0.34968, 0.060480002, 0.14), (0.35400003, 0.063, 0.175), (0.19800001, 0.064, 0), (0.19848001, 0.06428, 0.035), (0.19992, 0.065120004, 0.07), (0.20232001, 0.066520005, 0.105000004), (0.20568001, 0.06848, 0.14), (0.21000001, 0.071, 0.175), (0.206, 0.064, 0), (0.20648001, 0.06428, 0.035), (0.20792001, 0.065120004, 0.07), (0.21032001, 0.066520005, 0.105000004), (0.21368, 0.06848, 0.14), (0.21800001, 0.071, 0.175), (0.21400002, 0.064, 0), (0.21448001, 0.06428, 0.035), (0.21592, 0.065120004, 0.07), (0.21832001, 0.066520005, 0.105000004), (0.22168002, 0.06848, 0.14), (0.22600001, 0.071, 0.175), (0.222, 0.064, 0), (0.22248001, 0.06428, 0.035), (0.22392002, 0.065120004, 0.07), (0.22632001, 0.066520005, 0.105000004), (0.22968, 0.06848, 0.14), (0.23400001, 0.071, 0.175), (0.23, 0.064, 0), (0.23048002, 0.06428, 0.035), (0.23192, 0.065120004, 0.07), (0.23432001, 0.066520005, 0.105000004), (0.23768, 0.06848, 0.14), (0.24200001, 0.071, 0.175), (0.238, 0.064, 0), (0.23848, 0.06428, 0.035), (0.23992, 0.065120004, 0.07), (0.24232, 0.066520005, 0.105000004), (0.24568, 0.06848, 0.14), (0.25, 0.071, 0.175), (0.246, 0.064, 0), (0.24648002, 0.06428, 0.035), (0.24792, 0.065120004, 0.07), (0.25032002, 0.066520005, 0.105000004), (0.25368002, 0.06848, 0.14), (0.25800002, 0.071, 0.175), (0.254, 0.064, 0), (0.25448, 0.06428, 0.035), (0.25592002, 0.065120004, 0.07), (0.25832, 0.066520005, 0.105000004), (0.26168, 0.06848, 0.14), (0.266, 0.071, 0.175), (0.26200002, 0.064, 0), (0.26248002, 0.06428, 0.035), (0.26392, 0.065120004, 0.07), (0.26632002, 0.066520005, 0.105000004), (0.26968002, 0.06848, 0.14), (0.27400002, 0.071, 0.175), (0.27, 0.064, 0), (0.27048, 0.06428, 0.035), (0.27192003, 0.065120004, 0.07), (0.27432, 0.066520005, 0.105000004), (0.27768, 0.06848, 0.14), (0.282, 0.071, 0.175), (0.278, 0.064, 0), (0.27848002, 0.06428, 0.035), (0.27992, 0.065120004, 0.07), (0.28232002, 0.066520005, 0.105000004), (0.28568, 0.06848, 0.14), (0.29000002, 0.071, 0.175), (0.286, 0.064, 0), (0.28648, 0.06428, 0.035), (0.28792, 0.065120004, 0.07), (0.29032, 0.066520005, 0.105000004), (0.29368, 0.06848, 0.14), (0.298, 0.071, 0.175), (0.294, 0.064, 0), (0.29448003, 0.06428, 0.035), (0.29592, 0.065120004, 0.07), (0.29832, 0.066520005, 0.105000004), (0.30168, 0.06848, 0.14), (0.306, 0.071, 0.175), (0.30200002, 0.064, 0), (0.30248, 0.06428, 0.035), (0.30392, 0.065120004, 0.07), (0.30632, 0.066520005, 0.105000004), (0.30968, 0.06848, 0.14), (0.314, 0.071, 0.175), (0.31, 0.064, 0), (0.31048, 0.06428, 0.035), (0.31192002, 0.065120004, 0.07), (0.31432003, 0.066520005, 0.105000004), (0.31768, 0.06848, 0.14), (0.32200003, 0.071, 0.175), (0.31800002, 0.064, 0), (0.31848, 0.06428, 0.035), (0.31992, 0.065120004, 0.07), (0.32232, 0.066520005, 0.105000004), (0.32568002, 0.06848, 0.14), (0.33, 0.071, 0.175), (0.326, 0.064, 0), (0.32648, 0.06428, 0.035), (0.32792002, 0.065120004, 0.07), (0.33032, 0.066520005, 0.105000004), (0.33368, 0.06848, 0.14), (0.338, 0.071, 0.175), (0.33400002, 0.064, 0), (0.33448002, 0.06428, 0.035), (0.33592, 0.065120004, 0.07), (0.33832002, 0.066520005, 0.105000004), (0.34168002, 0.06848, 0.14), (0.34600002, 0.071, 0.175), (0.342, 0.064, 0), (0.34248, 0.06428, 0.035), (0.34392002, 0.065120004, 0.07), (0.34632003, 0.066520005, 0.105000004), (0.34968, 0.06848, 0.14), (0.35400003, 0.071, 0.175), (0.19800001, 0.072000004, 0), (0.19848001, 0.072280005, 0.035), (0.19992, 0.073120005, 0.07), (0.20232001, 0.07452001, 0.105000004), (0.20568001, 0.07648, 0.14), (0.21000001, 0.079, 0.175), (0.206, 0.072000004, 0), (0.20648001, 0.072280005, 0.035), (0.20792001, 0.073120005, 0.07), (0.21032001, 0.07452001, 0.105000004), (0.21368, 0.07648, 0.14), (0.21800001, 0.079, 0.175), (0.21400002, 0.072000004, 0), (0.21448001, 0.072280005, 0.035), (0.21592, 0.073120005, 0.07), (0.21832001, 0.07452001, 0.105000004), (0.22168002, 0.07648, 0.14), (0.22600001, 0.079, 0.175), (0.222, 0.072000004, 0), (0.22248001, 0.072280005, 0.035), (0.22392002, 0.073120005, 0.07), (0.22632001, 0.07452001, 0.105000004), (0.22968, 0.07648, 0.14), (0.23400001, 0.079, 0.175), (0.23, 0.072000004, 0), (0.23048002, 0.072280005, 0.035), (0.23192, 0.073120005, 0.07), (0.23432001, 0.07452001, 0.105000004), (0.23768, 0.07648, 0.14), (0.24200001, 0.079, 0.175), (0.238, 0.072000004, 0), (0.23848, 0.072280005, 0.035), (0.23992, 0.073120005, 0.07), (0.24232, 0.07452001, 0.105000004), (0.24568, 0.07648, 0.14), (0.25, 0.079, 0.175), (0.246, 0.072000004, 0), (0.24648002, 0.072280005, 0.035), (0.24792, 0.073120005, 0.07), (0.25032002, 0.07452001, 0.105000004), (0.25368002, 0.07648, 0.14), (0.25800002, 0.079, 0.175), (0.254, 0.072000004, 0), (0.25448, 0.072280005, 0.035), (0.25592002, 0.073120005, 0.07), (0.25832, 0.07452001, 0.105000004), (0.26168, 0.07648, 0.14), (0.266, 0.079, 0.175), (0.26200002, 0.072000004, 0), (0.26248002, 0.072280005, 0.035), (0.26392, 0.073120005, 0.07), (0.26632002, 0.07452001, 0.105000004), (0.26968002, 0.07648, 0.14), (0.27400002, 0.079, 0.175), (0.27, 0.072000004, 0), (0.27048, 0.072280005, 0.035), (0.27192003, 0.073120005, 0.07), (0.27432, 0.07452001, 0.105000004), (0.27768, 0.07648, 0.14), (0.282, 0.079, 0.175), (0.278, 0.072000004, 0), (0.27848002, 0.072280005, 0.035), (0.27992, 0.073120005, 0.07), (0.28232002, 0.07452001, 0.105000004), (0.28568, 0.07648, 0.14), (0.29000002, 0.079, 0.175), (0.286, 0.072000004, 0), (0.28648, 0.072280005, 0.035), (0.28792, 0.073120005, 0.07), (0.29032, 0.07452001, 0.105000004), (0.29368, 0.07648, 0.14), (0.298, 0.079, 0.175), (0.294, 0.072000004, 0), (0.29448003, 0.072280005, 0.035), (0.29592, 0.073120005, 0.07), (0.29832, 0.07452001, 0.105000004), (0.30168, 0.07648, 0.14), (0.306, 0.079, 0.175), (0.30200002, 0.072000004, 0), (0.30248, 0.072280005, 0.035), (0.30392, 0.073120005, 0.07), (0.30632, 0.07452001, 0.105000004), (0.30968, 0.07648, 0.14), (0.314, 0.079, 0.175), (0.31, 0.072000004, 0), (0.31048, 0.072280005, 0.035), (0.31192002, 0.073120005, 0.07), (0.31432003, 0.07452001, 0.105000004), (0.31768, 0.07648, 0.14), (0.32200003, 0.079, 0.175), (0.31800002, 0.072000004, 0), (0.31848, 0.072280005, 0.035), (0.31992, 0.073120005, 0.07), (0.32232, 0.07452001, 0.105000004), (0.32568002, 0.07648, 0.14), (0.33, 0.079, 0.175), (0.326, 0.072000004, 0), (0.32648, 0.072280005, 0.035), (0.32792002, 0.073120005, 0.07), (0.33032, 0.07452001, 0.105000004), (0.33368, 0.07648, 0.14), (0.338, 0.079, 0.175), (0.33400002, 0.072000004, 0), (0.33448002, 0.072280005, 0.035), (0.33592, 0.073120005, 0.07), (0.33832002, 0.07452001, 0.105000004), (0.34168002, 0.07648, 0.14), (0.34600002, 0.079, 0.175), (0.342, 0.072000004, 0), (0.34248, 0.072280005, 0.035), (0.34392002, 0.073120005, 0.07), (0.34632003, 0.07452001, 0.105000004), (0.34968, 0.07648, 0.14), (0.35400003, 0.079, 0.175)]
        color3f[] primvars:displayColor = [(0.43, 0.28, 0.62), (0.43, 0.28, 0.62), (0.43, 0.28, 0.62), (0.43, 0.28, 0.62), (0.43, 0.28, 0.62), (0.43, 0.28, 0.62), (0.43, 0.28, 0.62), (0.43, 0.28, 0.62), (0.43, 0.28, 0.62), (0.43, 0.28, 0.62), (0.43, 0.28, 0.62), (0.43, 0.28, 0.62), (0.43, 0.28, 0.62), (0.43, 0.28, 0.62), (0.43, 0.28, 0.62), (0.43, 0.28, 0.62), (0.43, 0.28, 0.62), (0.43, 0.28, 0.62), (0.43, 0.28, 0.62), (0.43, 0.28, 0.62), (0.43, 0.28, 0.62), (0.43, 0.28, 0.62), (0.43, 0.28, 0.62), (0.43, 0.28, 0.62), (0.43, 0.28, 0.62), (0.43, 0.28, 0.62), (0.43, 0.28, 0.62), (0.43, 0.28, 0.62), (0.43, 0.28, 0.62), (0.43, 0.28, 0.62), (0.43, 0.28, 0.62), (0.43, 0.28, 0.62), (0.43, 0.28, 0.62), (0.43, 0.28, 0.62), (0.43, 0.28, 0.62), (0.43, 0.28, 0.62), (0.43, 0.28, 0.62), (0.43, 0.28, 0.62), (0.43, 0.28, 0.62), (0.43, 0.28, 0.62), (0.43, 0.28, 0.62), (0.43, 0.28, 0.62), (0.43, 0.28, 0.62), (0.43, 0.28, 0.62), (0.43, 0.28, 0.62), (0.43, 0.28, 0.62), (0.43, 0.28, 0.62), (0.43, 0.28, 0.62), (0.43, 0.28, 0.62), (0.43, 0.28, 0.62), (0.43, 0.28, 0.62), (0.43, 0.28, 0.62), (0.43, 0.28, 0.62), (0.43, 0.28, 0.62), (0.43, 0.28, 0.62), (0.43, 0.28, 0.62), (0.43, 0.28, 0.62), (0.43, 0.28, 0.62), (0.43, 0.28, 0.62), (0.43, 0.28, 0.62), (0.43, 0.28, 0.62), (0.43, 0.28, 0.62), (0.43, 0.28, 0.62), (0.43, 0.28, 0.62), (0.43, 0.28, 0.62), (0.43, 0.28, 0.62), (0.43, 0.28, 0.62), (0.43, 0.28, 0.62), (0.43, 0.28, 0.62), (0.43, 0.28, 0.62), (0.43, 0.28, 0.62), (0.43, 0.28, 0.62), (0.43, 0.28, 0.62), (0.43, 0.28, 0.62), (0.43, 0.28, 0.62), (0.43, 0.28, 0.62), (0.43, 0.28, 0.62), (0.43, 0.28, 0.62), (0.43, 0.28, 0.62), (0.43, 0.28, 0.62), (0.43, 0.28, 0.62), (0.43, 0.28, 0.62), (0.43, 0.28, 0.62), (0.43, 0.28, 0.62), (0.43, 0.28, 0.62), (0.43, 0.28, 0.62), (0.43, 0.28, 0.62), (0.43, 0.28, 0.62), (0.43, 0.28, 0.62), (0.43, 0.28, 0.62), (0.43, 0.28, 0.62), (0.43, 0.28, 0.62), (0.43, 0.28, 0.62), (0.43, 0.28, 0.62), (0.43, 0.28, 0.62), (0.43, 0.28, 0.62), (0.43, 0.28, 0.62), (0.43, 0.28, 0.62), (0.43, 0.28, 0.62), (0.43, 0.28, 0.62), (0.43, 0.28, 0.62), (0.43, 0.28, 0.62), (0.43, 0.28, 0.62), (0.43, 0.28, 0.62), (0.43, 0.28, 0.62), (0.43, 0.28, 0.62), (0.43, 0.28, 0.62), (0.43, 0.28, 0.62), (0.43, 0.28, 0.62), (0.43, 0.28, 0.62), (0.43, 0.28, 0.62), (0.43, 0.28, 0.62), (0.43, 0.28, 0.62), (0.43, 0.28, 0.62), (0.43, 0.28, 0.62), (0.43, 0.28, 0.62), (0.43, 0.28, 0.62), (0.43, 0.28, 0.62), (0.43, 0.28, 0.62), (0.43, 0.28, 0.62), (0.43, 0.28, 0.62), (0.43, 0.28, 0.62), (0.43, 0.28, 0.62), (0.43, 0.28, 0.62), (0.43, 0.28, 0.62), (0.43, 0.28, 0.62), (0.43, 0.28, 0.62), (0.43, 0.28, 0.62), (0.43, 0.28, 0.62), (0.43, 0.28, 0.62), (0.43, 0.28, 0.62), (0.43, 0.28, 0.62), (0.43, 0.28, 0.62), (0.43, 0.28, 0.62), (0.43, 0.28, 0.62), (0.43, 0.28, 0.62), (0.43, 0.28, 0.62), (0.43, 0.28, 0.62), (0.43, 0.28, 0.62), (0.43, 0.28, 0.62), (0.43, 0.28, 0.62), (0.43, 0.28, 0.62), (0.43, 0.28, 0.62), (0.43, 0.28, 0.62), (0.43, 0.28, 0.62), (0.43, 0.28, 0.62), (0.43, 0.28, 0.62), (0.43, 0.28, 0.62), (0.43, 0.28, 0.62), (0.43, 0.28, 0.62), (0.43, 0.28, 0.62), (0.43, 0.28, 0.62), (0.43, 0.28, 0.62), (0.43, 0.28, 0.62), (0.43, 0.28, 0.62), (0.43, 0.28, 0.62), (0.43, 0.28, 0.62), (0.43, 0.28, 0.62), (0.43, 0.28, 0.62), (0.43, 0.28, 0.62), (0.43, 0.28, 0.62), (0.43, 0.28, 0.62), (0.43, 0.28, 0.62), (0.43, 0.28, 0.62), (0.43, 0.28, 0.62), (0.43, 0.28, 0.62), (0.43, 0.28, 0.62), (0.43, 0.28, 0.62), (0.43, 0.28, 0.62), (0.43, 0.28, 0.62), (0.43, 0.28, 0.62), (0.43, 0.28, 0.62), (0.43, 0.28, 0.62), (0.43, 0.28, 0.62), (0.43, 0.28, 0.62), (0.43, 0.28, 0.62), (0.43, 0.28, 0.62), (0.43, 0.28, 0.62), (0.43, 0.28, 0.62), (0.43, 0.28, 0.62), (0.43, 0.28, 0.62), (0.43, 0.28, 0.62), (0.43, 0.28, 0.62), (0.43, 0.28, 0.62), (0.43, 0.28, 0.62), (0.43, 0.28, 0.62), (0.43, 0.28, 0.62), (0.43, 0.28, 0.62), (0.43, 0.28, 0.62), (0.43, 0.28, 0.62), (0.43, 0.28, 0.62), (0.43, 0.28, 0.62), (0.43, 0.28, 0.62), (0.43, 0.28, 0.62), (0.43, 0.28, 0.62), (0.43, 0.28, 0.62), (0.43, 0.28, 0.62), (0.43, 0.28, 0.62), (0.43, 0.28, 0.62), (0.43, 0.28, 0.62), (0.43, 0.28, 0.62), (0.43, 0.28, 0.62), (0.43, 0.28, 0.62), (0.43, 0.28, 0.62), (0.43, 0.28, 0.62), (0.43, 0.28, 0.62), (0.43, 0.28, 0.62), (0.43, 0.28, 0.62), (0.43, 0.28, 0.62), (0.43, 0.28, 0.62), (0.43, 0.28, 0.62), (0.43, 0.28, 0.62), (0.43, 0.28, 0.62), (0.43, 0.28, 0.62), (0.43, 0.28, 0.62), (0.43, 0.28, 0.62), (0.43, 0.28, 0.62), (0.43, 0.28, 0.62), (0.43, 0.28, 0.62), (0.43, 0.28, 0.62), (0.43, 0.28, 0.62), (0.43, 0.28, 0.62), (0.43, 0.28, 0.62), (0.43, 0.28, 0.62), (0.43, 0.28, 0.62), (0.43, 0.28, 0.62), (0.43, 0.28, 0.62), (0.43, 0.28, 0.62), (0.43, 0.28, 0.62), (0.43, 0.28, 0.62), (0.43, 0.28, 0.62), (0.43, 0.28, 0.62), (0.43, 0.28, 0.62), (0.43, 0.28, 0.62), (0.43, 0.28, 0.62), (0.43, 0.28, 0.62), (0.43, 0.28, 0.62), (0.43, 0.28, 0.62), (0.43, 0.28, 0.62), (0.43, 0.28, 0.62), (0.43, 0.28, 0.62), (0.43, 0.28, 0.62), (0.43, 0.28, 0.62), (0.43, 0.28, 0.62), (0.43, 0.28, 0.62), (0.43, 0.28, 0.62), (0.43, 0.28, 0.62), (0.43, 0.28, 0.62), (0.43, 0.28, 0.62), (0.43, 0.28, 0.62), (0.43, 0.28, 0.62), (0.43, 0.28, 0.62), (0.43, 0.28, 0.62), (0.43, 0.28, 0.62), (0.43, 0.28, 0.62), (0.43, 0.28, 0.62), (0.43, 0.28, 0.62), (0.43, 0.28, 0.62), (0.43, 0.28, 0.62), (0.43, 0.28, 0.62), (0.43, 0.28, 0.62), (0.43, 0.28, 0.62), (0.43, 0.28, 0.62), (0.43, 0.28, 0.62), (0.43, 0.28, 0.62), (0.43, 0.28, 0.62), (0.43, 0.28, 0.62), (0.43, 0.28, 0.62), (0.43, 0.28, 0.62), (0.43, 0.28, 0.62), (0.43, 0.28, 0.62), (0.43, 0.28, 0.62), (0.43, 0.28, 0.62), (0.43, 0.28, 0.62), (0.43, 0.28, 0.62), (0.43, 0.28, 0.62), (0.43, 0.28, 0.62), (0.43, 0.28, 0.62), (0.43, 0.28, 0.62), (0.43, 0.28, 0.62), (0.43, 0.28, 0.62), (0.43, 0.28, 0.62), (0.43, 0.28, 0.62), (0.43, 0.28, 0.62), (0.43, 0.28, 0.62), (0.43, 0.28, 0.62), (0.43, 0.28, 0.62), (0.43, 0.28, 0.62), (0.43, 0.28, 0.62), (0.43, 0.28, 0.62), (0.43, 0.28, 0.62), (0.43, 0.28, 0.62), (0.43, 0.28, 0.62), (0.43, 0.28, 0.62), (0.43, 0.28, 0.62), (0.43, 0.28, 0.62), (0.43, 0.28, 0.62), (0.43, 0.28, 0.62), (0.43, 0.28, 0.62), (0.43, 0.28, 0.62), (0.43, 0.28, 0.62), (0.43, 0.28, 0.62), (0.43, 0.28, 0.62), (0.43, 0.28, 0.62), (0.43, 0.28, 0.62), (0.43, 0.28, 0.62), (0.43, 0.28, 0.62), (0.43, 0.28, 0.62), (0.43, 0.28, 0.62), (0.43, 0.28, 0.62), (0.43, 0.28, 0.62), (0.43, 0.28, 0.62), (0.43, 0.28, 0.62), (0.43, 0.28, 0.62), (0.43, 0.28, 0.62), (0.43, 0.28, 0.62), (0.43, 0.28, 0.62), (0.43, 0.28, 0.62), (0.43, 0.28, 0.62), (0.43, 0.28, 0.62), (0.43, 0.28, 0.62), (0.43, 0.28, 0.62), (0.43, 0.28, 0.62), (0.43, 0.28, 0.62), (0.43, 0.28, 0.62), (0.43, 0.28, 0.62), (0.43, 0.28, 0.62), (0.43, 0.28, 0.62), (0.43, 0.28, 0.62), (0.43, 0.28, 0.62), (0.43, 0.28, 0.62), (0.43, 0.28, 0.62), (0.43, 0.28, 0.62), (0.43, 0.28, 0.62), (0.43, 0.28, 0.62), (0.43, 0.28, 0.62), (0.43, 0.28, 0.62), (0.43, 0.28, 0.62), (0.43, 0.28, 0.62), (0.43, 0.28, 0.62), (0.43, 0.28, 0.62), (0.43, 0.28, 0.62), (0.43, 0.28, 0.62), (0.43, 0.28, 0.62), (0.43, 0.28, 0.62), (0.43, 0.28, 0.62), (0.43, 0.28, 0.62), (0.43, 0.28, 0.62), (0.43, 0.28, 0.62), (0.43, 0.28, 0.62), (0.43, 0.28, 0.62), (0.43, 0.28, 0.62), (0.43, 0.28, 0.62), (0.43, 0.28, 0.62), (0.43, 0.28, 0.62), (0.43, 0.28, 0.62), (0.43, 0.28, 0.62), (0.43, 0.28, 0.62), (0.43, 0.28, 0.62), (0.43, 0.28, 0.62), (0.43, 0.28, 0.62), (0.43, 0.28, 0.62), (0.43, 0.28, 0.62), (0.43, 0.28, 0.62), (0.43, 0.28, 0.62), (0.43, 0.28, 0.62), (0.43, 0.28, 0.62), (0.43, 0.28, 0.62), (0.43, 0.28, 0.62), (0.43, 0.28, 0.62), (0.43, 0.28, 0.62), (0.43, 0.28, 0.62), (0.43, 0.28, 0.62), (0.43, 0.28, 0.62), (0.43, 0.28, 0.62), (0.43, 0.28, 0.62), (0.43, 0.28, 0.62), (0.43, 0.28, 0.62), (0.43, 0.28, 0.62), (0.43, 0.28, 0.62), (0.43, 0.28, 0.62), (0.43, 0.28, 0.62), (0.43, 0.28, 0.62), (0.43, 0.28, 0.62), (0.43, 0.28, 0.62), (0.43, 0.28, 0.62), (0.43, 0.28, 0.62), (0.43, 0.28, 0.62), (0.43, 0.28, 0.62), (0.43, 0.28, 0.62), (0.43, 0.28, 0.62), (0.43, 0.28, 0.62), (0.43, 0.28, 0.62), (0.43, 0.28, 0.62), (0.43, 0.28, 0.62), (0.43, 0.28, 0.62), (0.43, 0.28, 0.62), (0.43, 0.28, 0.62), (0.43, 0.28, 0.62), (0.43, 0.28, 0.62), (0.43, 0.28, 0.62), (0.43, 0.28, 0.62), (0.43, 0.28, 0.62), (0.43, 0.28, 0.62), (0.43, 0.28, 0.62), (0.43, 0.28, 0.62), (0.43, 0.28, 0.62), (0.43, 0.28, 0.62), (0.43, 0.28, 0.62), (0.43, 0.28, 0.62), (0.43, 0.28, 0.62), (0.43, 0.28, 0.62), (0.43, 0.28, 0.62), (0.43, 0.28, 0.62), (0.43, 0.28, 0.62), (0.43, 0.28, 0.62), (0.43, 0.28, 0.62), (0.43, 0.28, 0.62), (0.43, 0.28, 0.62), (0.43, 0.28, 0.62), (0.43, 0.28, 0.62), (0.43, 0.28, 0.62), (0.43, 0.28, 0.62), (0.43, 0.28, 0.62), (0.43, 0.28, 0.62), (0.43, 0.28, 0.62), (0.43, 0.28, 0.62), (0.43, 0.28, 0.62), (0.43, 0.28, 0.62), (0.43, 0.28, 0.62), (0.43, 0.28, 0.62), (0.43, 0.28, 0.62), (0.43, 0.28, 0.62), (0.43, 0.28, 0.62), (0.43, 0.28, 0.62), (0.43, 0.28, 0.62), (0.43, 0.28, 0.62), (0.43, 0.28, 0.62), (0.43, 0.28, 0.62), (0.43, 0.28, 0.62), (0.43, 0.28, 0.62), (0.43, 0.28, 0.62), (0.43, 0.28, 0.62), (0.43, 0.28, 0.62), (0.43, 0.28, 0.62), (0.43, 0.28, 0.62), (0.43, 0.28, 0.62), (0.43, 0.28, 0.62), (0.43, 0.28, 0.62), (0.43, 0.28, 0.62), (0.43, 0.28, 0.62), (0.43, 0.28, 0.62), (0.43, 0.28, 0.62), (0.43, 0.28, 0.62), (0.43, 0.28, 0.62), (0.43, 0.28, 0.62), (0.43, 0.28, 0.62), (0.43, 0.28, 0.62), (0.43, 0.28, 0.62), (0.43, 0.28, 0.62), (0.43, 0.28, 0.62), (0.43, 0.28, 0.62), (0.43, 0.28, 0.62), (0.43, 0.28, 0.62), (0.43, 0.28, 0.62), (0.43, 0.28, 0.62), (0.43, 0.28, 0.62), (0.43, 0.28, 0.62), (0.43, 0.28, 0.62), (0.43, 0.28, 0.62), (0.43, 0.28, 0.62), (0.43, 0.28, 0.62), (0.43, 0.28, 0.62), (0.43, 0.28, 0.62), (0.43, 0.28, 0.62), (0.43, 0.28, 0.62), (0.43, 0.28, 0.62), (0.43, 0.28, 0.62), (0.43, 0.28, 0.62), (0.43, 0.28, 0.62), (0.43, 0.28, 0.62), (0.43, 0.28, 0.62), (0.43, 0.28, 0.62), (0.43, 0.28, 0.62), (0.43, 0.28, 0.62), (0.43, 0.28, 0.62), (0.43, 0.28, 0.62), (0.43, 0.28, 0.62), (0.43, 0.28, 0.62), (0.43, 0.28, 0.62), (0.43, 0.28, 0.62), (0.43, 0.28, 0.62), (0.43, 0.28, 0.62), (0.43, 0.28, 0.62), (0.43, 0.28, 0.62), (0.43, 0.28, 0.62), (0.43, 0.28, 0.62), (0.43, 0.28, 0.62), (0.43, 0.28, 0.62), (0.43, 0.28, 0.62), (0.43, 0.28, 0.62), (0.43, 0.28, 0.62), (0.43, 0.28, 0.62), (0.43, 0.28, 0.62), (0.43, 0.28, 0.62), (0.43, 0.28, 0.62), (0.43, 0.28, 0.62), (0.43, 0.28, 0.62), (0.43, 0.28, 0.62), (0.43, 0.28, 0.62), (0.43, 0.28, 0.62), (0.43, 0.28, 0.62), (0.43, 0.28, 0.62), (0.43, 0.28, 0.62), (0.43, 0.28, 0.62), (0.43, 0.28, 0.62), (0.43, 0.28, 0.62), (0.43, 0.28, 0.62), (0.43, 0.28, 0.62), (0.43, 0.28, 0.62), (0.43, 0.28, 0.62), (0.43, 0.28, 0.62), (0.43, 0.28, 0.62), (0.43, 0.28, 0.62), (0.43, 0.28, 0.62), (0.43, 0.28, 0.62), (0.43, 0.28, 0.62), (0.43, 0.28, 0.62), (0.43, 0.28, 0.62), (0.43, 0.28, 0.62), (0.43, 0.28, 0.62), (0.43, 0.28, 0.62), (0.43, 0.28, 0.62), (0.43, 0.28, 0.62), (0.43, 0.28, 0.62), (0.43, 0.28, 0.62), (0.43, 0.28, 0.62), (0.43, 0.28, 0.62), (0.43, 0.28, 0.62), (0.43, 0.28, 0.62), (0.43, 0.28, 0.62), (0.43, 0.28, 0.62), (0.43, 0.28, 0.62), (0.43, 0.28, 0.62), (0.43, 0.28, 0.62), (0.43, 0.28, 0.62), (0.43, 0.28, 0.62), (0.43, 0.28, 0.62), (0.43, 0.28, 0.62), (0.43, 0.28, 0.62), (0.43, 0.28, 0.62), (0.43, 0.28, 0.62), (0.43, 0.28, 0.62), (0.43, 0.28, 0.62), (0.43, 0.28, 0.62), (0.43, 0.28, 0.62), (0.43, 0.28, 0.62), (0.43, 0.28, 0.62), (0.43, 0.28, 0.62), (0.43, 0.28, 0.62), (0.43, 0.28, 0.62), (0.43, 0.28, 0.62), (0.43, 0.28, 0.62), (0.43, 0.28, 0.62), (0.43, 0.28, 0.62), (0.43, 0.28, 0.62), (0.43, 0.28, 0.62), (0.43, 0.28, 0.62), (0.43, 0.28, 0.62), (0.43, 0.28, 0.62), (0.43, 0.28, 0.62), (0.43, 0.28, 0.62), (0.43, 0.28, 0.62), (0.43, 0.28, 0.62), (0.43, 0.28, 0.62), (0.43, 0.28, 0.62), (0.43, 0.28, 0.62), (0.43, 0.28, 0.62), (0.43, 0.28, 0.62), (0.43, 0.28, 0.62), (0.43, 0.28, 0.62), (0.43, 0.28, 0.62), (0.43, 0.28, 0.62), (0.43, 0.28, 0.62), (0.43, 0.28, 0.62), (0.43, 0.28, 0.62), (0.43, 0.28, 0.62), (0.43, 0.28, 0.62), (0.43, 0.28, 0.62), (0.43, 0.28, 0.62), (0.43, 0.28, 0.62), (0.43, 0.28, 0.62), (0.43, 0.28, 0.62), (0.43, 0.28, 0.62), (0.43, 0.28, 0.62), (0.43, 0.28, 0.62), (0.43, 0.28, 0.62), (0.43, 0.28, 0.62), (0.43, 0.28, 0.62), (0.43, 0.28, 0.62), (0.43, 0.28, 0.62), (0.43, 0.28, 0.62), (0.43, 0.28, 0.62), (0.43, 0.28, 0.62), (0.43, 0.28, 0.62), (0.43, 0.28, 0.62), (0.43, 0.28, 0.62), (0.43, 0.28, 0.62), (0.43, 0.28, 0.62), (0.43, 0.28, 0.62), (0.43, 0.28, 0.62), (0.43, 0.28, 0.62), (0.43, 0.28, 0.62), (0.43, 0.28, 0.62), (0.43, 0.28, 0.62), (0.43, 0.28, 0.62), (0.43, 0.28, 0.62), (0.43, 0.28, 0.62), (0.43, 0.28, 0.62), (0.43, 0.28, 0.62), (0.43, 0.28, 0.62), (0.43, 0.28, 0.62), (0.43, 0.28, 0.62), (0.43, 0.28, 0.62), (0.43, 0.28, 0.62), (0.43, 0.28, 0.62), (0.43, 0.28, 0.62), (0.43, 0.28, 0.62), (0.43, 0.28, 0.62), (0.43, 0.28, 0.62), (0.43, 0.28, 0.62), (0.43, 0.28, 0.62), (0.43, 0.28, 0.62), (0.43, 0.28, 0.62), (0.43, 0.28, 0.62), (0.43, 0.28, 0.62), (0.43, 0.28, 0.62), (0.43, 0.28, 0.62), (0.43, 0.28, 0.62), (0.43, 0.28, 0.62), (0.43, 0.28, 0.62), (0.43, 0.28, 0.62), (0.43, 0.28, 0.62), (0.43, 0.28, 0.62), (0.43, 0.28, 0.62), (0.43, 0.28, 0.62), (0.43, 0.28, 0.62), (0.43, 0.28, 0.62), (0.43, 0.28, 0.62), (0.43, 0.28, 0.62), (0.43, 0.28, 0.62), (0.43, 0.28, 0.62), (0.43, 0.28, 0.62), (0.43, 0.28, 0.62), (0.43, 0.28, 0.62), (0.43, 0.28, 0.62), (0.43, 0.28, 0.62), (0.43, 0.28, 0.62), (0.43, 0.28, 0.62), (0.43, 0.28, 0.62), (0.43, 0.28, 0.62), (0.43, 0.28, 0.62), (0.43, 0.28, 0.62), (0.43, 0.28, 0.62), (0.43, 0.28, 0.62), (0.43, 0.28, 0.62), (0.43, 0.28, 0.62), (0.43, 0.28, 0.62), (0.43, 0.28, 0.62), (0.43, 0.28, 0.62), (0.43, 0.28, 0.62), (0.43, 0.28, 0.62), (0.43, 0.28, 0.62), (0.43, 0.28, 0.62), (0.43, 0.28, 0.62), (0.43, 0.28, 0.62), (0.43, 0.28, 0.62), (0.43, 0.28, 0.62), (0.43, 0.28, 0.62), (0.43, 0.28, 0.62), (0.43, 0.28, 0.62), (0.43, 0.28, 0.62), (0.43, 0.28, 0.62), (0.43, 0.28, 0.62), (0.43, 0.28, 0.62), (0.43, 0.28, 0.62), (0.43, 0.28, 0.62), (0.43, 0.28, 0.62), (0.43, 0.28, 0.62), (0.43, 0.28, 0.62), (0.43, 0.28, 0.62), (0.43, 0.28, 0.62), (0.43, 0.28, 0.62), (0.43, 0.28, 0.62), (0.43, 0.28, 0.62), (0.43, 0.28, 0.62), (0.43, 0.28, 0.62), (0.43, 0.28, 0.62), (0.43, 0.28, 0.62), (0.43, 0.28, 0.62), (0.43, 0.28, 0.62), (0.43, 0.28, 0.62), (0.43, 0.28, 0.62), (0.43, 0.28, 0.62), (0.43, 0.28, 0.62), (0.43, 0.28, 0.62), (0.43, 0.28, 0.62), (0.43, 0.28, 0.62), (0.43, 0.28, 0.62), (0.43, 0.28, 0.62), (0.43, 0.28, 0.62), (0.43, 0.28, 0.62), (0.43, 0.28, 0.62), (0.43, 0.28, 0.62), (0.43, 0.28, 0.62), (0.43, 0.28, 0.62), (0.43, 0.28, 0.62), (0.43, 0.28, 0.62), (0.43, 0.28, 0.62), (0.43, 0.28, 0.62), (0.43, 0.28, 0.62), (0.43, 0.28, 0.62), (0.43, 0.28, 0.62), (0.43, 0.28, 0.62), (0.43, 0.28, 0.62), (0.43, 0.28, 0.62), (0.43, 0.28, 0.62), (0.43, 0.28, 0.62), (0.43, 0.28, 0.62), (0.43, 0.28, 0.62), (0.43, 0.28, 0.62), (0.43, 0.28, 0.62), (0.43, 0.28, 0.62), (0.43, 0.28, 0.62), (0.43, 0.28, 0.62), (0.43, 0.28, 0.62), (0.43, 0.28, 0.62), (0.43, 0.28, 0.62), (0.43, 0.28, 0.62), (0.43, 0.28, 0.62), (0.43, 0.28, 0.62), (0.43, 0.28, 0.62), (0.43, 0.28, 0.62), (0.43, 0.28, 0.62), (0.43, 0.28, 0.62), (0.43, 0.28, 0.62), (0.43, 0.28, 0.62), (0.43, 0.28, 0.62), (0.43, 0.28, 0.62), (0.43, 0.28, 0.62), (0.43, 0.28, 0.62), (0.43, 0.28, 0.62), (0.43, 0.28, 0.62), (0.43, 0.28, 0.62), (0.43, 0.28, 0.62), (0.43, 0.28, 0.62), (0.43, 0.28, 0.62), (0.43, 0.28, 0.62), (0.43, 0.28, 0.62), (0.43, 0.28, 0.62), (0.43, 0.28, 0.62), (0.43, 0.28, 0.62), (0.43, 0.28, 0.62), (0.43, 0.28, 0.62), (0.43, 0.28, 0.62), (0.43, 0.28, 0.62), (0.43, 0.28, 0.62), (0.43, 0.28, 0.62), (0.43, 0.28, 0.62), (0.43, 0.28, 0.62), (0.43, 0.28, 0.62), (0.43, 0.28, 0.62), (0.43, 0.28, 0.62), (0.43, 0.28, 0.62), (0.43, 0.28, 0.62), (0.43, 0.28, 0.62), (0.43, 0.28, 0.62), (0.43, 0.28, 0.62), (0.43, 0.28, 0.62), (0.43, 0.28, 0.62), (0.43, 0.28, 0.62), (0.43, 0.28, 0.62), (0.43, 0.28, 0.62), (0.43, 0.28, 0.62), (0.43, 0.28, 0.62), (0.43, 0.28, 0.62), (0.43, 0.28, 0.62), (0.43, 0.28, 0.62), (0.43, 0.28, 0.62), (0.43, 0.28, 0.62), (0.43, 0.28, 0.62), (0.43, 0.28, 0.62), (0.43, 0.28, 0.62), (0.43, 0.28, 0.62), (0.43, 0.28, 0.62), (0.43, 0.28, 0.62), (0.43, 0.28, 0.62), (0.43, 0.28, 0.62), (0.43, 0.28, 0.62), (0.43, 0.28, 0.62), (0.43, 0.28, 0.62), (0.43, 0.28, 0.62), (0.43, 0.28, 0.62), (0.43, 0.28, 0.62), (0.43, 0.28, 0.62), (0.43, 0.28, 0.62), (0.43, 0.28, 0.62), (0.43, 0.28, 0.62), (0.43, 0.28, 0.62), (0.43, 0.28, 0.62), (0.43, 0.28, 0.62), (0.43, 0.28, 0.62), (0.43, 0.28, 0.62), (0.43, 0.28, 0.62), (0.43, 0.28, 0.62), (0.43, 0.28, 0.62), (0.43, 0.28, 0.62), (0.43, 0.28, 0.62), (0.43, 0.28, 0.62), (0.43, 0.28, 0.62), (0.43, 0.28, 0.62), (0.43, 0.28, 0.62), (0.43, 0.28, 0.62), (0.43, 0.28, 0.62), (0.43, 0.28, 0.62), (0.43, 0.28, 0.62), (0.43, 0.28, 0.62), (0.43, 0.28, 0.62), (0.43, 0.28, 0.62), (0.43, 0.28, 0.62), (0.43, 0.28, 0.62), (0.43, 0.28, 0.62), (0.43, 0.28, 0.62), (0.43, 0.28, 0.62), (0.43, 0.28, 0.62), (0.43, 0.28, 0.62), (0.43, 0.28, 0.62), (0.43, 0.28, 0.62), (0.43, 0.28, 0.62), (0.43, 0.28, 0.62), (0.43, 0.28, 0.62), (0.43, 0.28, 0.62), (0.43, 0.28, 0.62), (0.43, 0.28, 0.62), (0.43, 0.28, 0.62), (0.43, 0.28, 0.62), (0.43, 0.28, 0.62), (0.43, 0.28, 0.62), (0.43, 0.28, 0.62), (0.43, 0.28, 0.62), (0.43, 0.28, 0.62), (0.43, 0.28, 0.62), (0.43, 0.28, 0.62), (0.43, 0.28, 0.62), (0.43, 0.28, 0.62), (0.43, 0.28, 0.62), (0.43, 0.28, 0.62), (0.43, 0.28, 0.62), (0.43, 0.28, 0.62), (0.43, 0.28, 0.62), (0.43, 0.28, 0.62), (0.43, 0.28, 0.62), (0.43, 0.28, 0.62), (0.43, 0.28, 0.62), (0.43, 0.28, 0.62), (0.43, 0.28, 0.62), (0.43, 0.28, 0.62), (0.43, 0.28, 0.62), (0.43, 0.28, 0.62), (0.43, 0.28, 0.62), (0.43, 0.28, 0.62), (0.43, 0.28, 0.62), (0.43, 0.28, 0.62), (0.43, 0.28, 0.62), (0.43, 0.28, 0.62), (0.43, 0.28, 0.62), (0.43, 0.28, 0.62), (0.43, 0.28, 0.62), (0.43, 0.28, 0.62), (0.43, 0.28, 0.62), (0.43, 0.28, 0.62), (0.43, 0.28, 0.62), (0.43, 0.28, 0.62), (0.43, 0.28, 0.62), (0.43, 0.28, 0.62), (0.43, 0.28, 0.62), (0.43, 0.28, 0.62), (0.43, 0.28, 0.62), (0.43, 0.28, 0.62), (0.43, 0.28, 0.62), (0.43, 0.28, 0.62), (0.43, 0.28, 0.62), (0.43, 0.28, 0.62), (0.43, 0.28, 0.62), (0.43, 0.28, 0.62), (0.43, 0.28, 0.62), (0.43, 0.28, 0.62), (0.43, 0.28, 0.62), (0.43, 0.28, 0.62), (0.43, 0.28, 0.62), (0.43, 0.28, 0.62), (0.43, 0.28, 0.62), (0.43, 0.28, 0.62), (0.43, 0.28, 0.62), (0.43, 0.28, 0.62), (0.43, 0.28, 0.62), (0.43, 0.28, 0.62), (0.43, 0.28, 0.62), (0.43, 0.28, 0.62), (0.43, 0.28, 0.62), (0.43, 0.28, 0.62), (0.43, 0.28, 0.62), (0.43, 0.28, 0.62), (0.43, 0.28, 0.62), (0.43, 0.28, 0.62), (0.43, 0.28, 0.62), (0.43, 0.28, 0.62), (0.43, 0.28, 0.62), (0.43, 0.28, 0.62), (0.43, 0.28, 0.62), (0.43, 0.28, 0.62), (0.43, 0.28, 0.62), (0.43, 0.28, 0.62), (0.43, 0.28, 0.62), (0.43, 0.28, 0.62), (0.43, 0.28, 0.62), (0.43, 0.28, 0.62), (0.43, 0.28, 0.62), (0.43, 0.28, 0.62), (0.43, 0.28, 0.62), (0.43, 0.28, 0.62), (0.43, 0.28, 0.62), (0.43, 0.28, 0.62), (0.43, 0.28, 0.62), (0.43, 0.28, 0.62), (0.43, 0.28, 0.62), (0.43, 0.28, 0.62), (0.43, 0.28, 0.62), (0.43, 0.28, 0.62), (0.43, 0.28, 0.62), (0.43, 0.28, 0.62), (0.43, 0.28, 0.62), (0.43, 0.28, 0.62), (0.43, 0.28, 0.62), (0.43, 0.28, 0.62), (0.43, 0.28, 0.62), (0.43, 0.28, 0.62), (0.43, 0.28, 0.62), (0.43, 0.28, 0.62), (0.43, 0.28, 0.62), (0.43, 0.28, 0.62), (0.43, 0.28, 0.62), (0.43, 0.28, 0.62), (0.43, 0.28, 0.62), (0.43, 0.28, 0.62), (0.43, 0.28, 0.62), (0.43, 0.28, 0.62), (0.43, 0.28, 0.62), (0.43, 0.28, 0.62), (0.43, 0.28, 0.62), (0.43, 0.28, 0.62), (0.43, 0.28, 0.62), (0.43, 0.28, 0.62), (0.43, 0.28, 0.62), (0.43, 0.28, 0.62), (0.43, 0.28, 0.62), (0.43, 0.28, 0.62), (0.43, 0.28, 0.62), (0.43, 0.28, 0.62), (0.43, 0.28, 0.62), (0.43, 0.28, 0.62), (0.43, 0.28, 0.62), (0.43, 0.28, 0.62), (0.43, 0.28, 0.62), (0.43, 0.28, 0.62), (0.43, 0.28, 0.62), (0.43, 0.28, 0.62), (0.43, 0.28, 0.62), (0.43, 0.28, 0.62), (0.43, 0.28, 0.62), (0.43, 0.28, 0.62), (0.43, 0.28, 0.62), (0.43, 0.28, 0.62), (0.43, 0.28, 0.62), (0.43, 0.28, 0.62), (0.43, 0.28, 0.62), (0.43, 0.28, 0.62), (0.43, 0.28, 0.62), (0.43, 0.28, 0.62), (0.43, 0.28, 0.62), (0.43, 0.28, 0.62), (0.43, 0.28, 0.62), (0.43, 0.28, 0.62), (0.43, 0.28, 0.62), (0.43, 0.28, 0.62), (0.43, 0.28, 0.62), (0.43, 0.28, 0.62), (0.43, 0.28, 0.62), (0.43, 0.28, 0.62), (0.43, 0.28, 0.62), (0.43, 0.28, 0.62), (0.43, 0.28, 0.62), (0.43, 0.28, 0.62), (0.43, 0.28, 0.62), (0.43, 0.28, 0.62), (0.43, 0.28, 0.62), (0.43, 0.28, 0.62), (0.43, 0.28, 0.62), (0.43, 0.28, 0.62), (0.43, 0.28, 0.62), (0.43, 0.28, 0.62), (0.43, 0.28, 0.62), (0.43, 0.28, 0.62), (0.43, 0.28, 0.62), (0.43, 0.28, 0.62), (0.43, 0.28, 0.62), (0.43, 0.28, 0.62), (0.43, 0.28, 0.62), (0.43, 0.28, 0.62), (0.43, 0.28, 0.62), (0.43, 0.28, 0.62), (0.43, 0.28, 0.62), (0.43, 0.28, 0.62), (0.43, 0.28, 0.62), (0.43, 0.28, 0.62), (0.43, 0.28, 0.62), (0.43, 0.28, 0.62), (0.43, 0.28, 0.62), (0.43, 0.28, 0.62), (0.43, 0.28, 0.62), (0.43, 0.28, 0.62), (0.43, 0.28, 0.62), (0.43, 0.28, 0.62), (0.43, 0.28, 0.62), (0.43, 0.28, 0.62), (0.43, 0.28, 0.62), (0.43, 0.28, 0.62), (0.43, 0.28, 0.62), (0.43, 0.28, 0.62), (0.43, 0.28, 0.62), (0.43, 0.28, 0.62), (0.43, 0.28, 0.62), (0.43, 0.28, 0.62), (0.43, 0.28, 0.62), (0.43, 0.28, 0.62), (0.43, 0.28, 0.62), (0.43, 0.28, 0.62), (0.43, 0.28, 0.62), (0.43, 0.28, 0.62), (0.43, 0.28, 0.62), (0.43, 0.28, 0.62), (0.43, 0.28, 0.62), (0.43, 0.28, 0.62), (0.43, 0.28, 0.62), (0.43, 0.28, 0.62), (0.43, 0.28, 0.62), (0.43, 0.28, 0.62), (0.43, 0.28, 0.62), (0.43, 0.28, 0.62), (0.43, 0.28, 0.62), (0.43, 0.28, 0.62), (0.43, 0.28, 0.62), (0.43, 0.28, 0.62), (0.43, 0.28, 0.62), (0.43, 0.28, 0.62), (0.43, 0.28, 0.62), (0.43, 0.28, 0.62), (0.43, 0.28, 0.62), (0.43, 0.28, 0.62), (0.43, 0.28, 0.62), (0.43, 0.28, 0.62), (0.43, 0.28, 0.62), (0.43, 0.28, 0.62), (0.43, 0.28, 0.62), (0.43, 0.28, 0.62), (0.43, 0.28, 0.62), (0.43, 0.28, 0.62), (0.43, 0.28, 0.62), (0.43, 0.28, 0.62), (0.43, 0.28, 0.62), (0.43, 0.28, 0.62), (0.43, 0.28, 0.62), (0.43, 0.28, 0.62), (0.43, 0.28, 0.62), (0.43, 0.28, 0.62), (0.43, 0.28, 0.62), (0.43, 0.28, 0.62), (0.43, 0.28, 0.62), (0.43, 0.28, 0.62), (0.43, 0.28, 0.62), (0.43, 0.28, 0.62), (0.43, 0.28, 0.62), (0.43, 0.28, 0.62), (0.43, 0.28, 0.62), (0.43, 0.28, 0.62), (0.43, 0.28, 0.62), (0.43, 0.28, 0.62), (0.43, 0.28, 0.62), (0.43, 0.28, 0.62), (0.43, 0.28, 0.62), (0.43, 0.28, 0.62), (0.43, 0.28, 0.62), (0.43, 0.28, 0.62), (0.43, 0.28, 0.62), (0.43, 0.28, 0.62), (0.43, 0.28, 0.62), (0.43, 0.28, 0.62), (0.43, 0.28, 0.62), (0.43, 0.28, 0.62), (0.43, 0.28, 0.62), (0.43, 0.28, 0.62), (0.43, 0.28, 0.62), (0.43, 0.28, 0.62), (0.43, 0.28, 0.62), (0.43, 0.28, 0.62), (0.43, 0.28, 0.62), (0.43, 0.28, 0.62), (0.43, 0.28, 0.62), (0.43, 0.28, 0.62), (0.43, 0.28, 0.62), (0.43, 0.28, 0.62), (0.43, 0.28, 0.62), (0.43, 0.28, 0.62), (0.43, 0.28, 0.62), (0.43, 0.28, 0.62), (0.43, 0.28, 0.62), (0.43, 0.28, 0.62), (0.43, 0.28, 0.62), (0.43, 0.28, 0.62), (0.43, 0.28, 0.62), (0.43, 0.28, 0.62), (0.43, 0.28, 0.62), (0.43, 0.28, 0.62), (0.43, 0.28, 0.62), (0.43, 0.28, 0.62), (0.43, 0.28, 0.62), (0.43, 0.28, 0.62), (0.43, 0.28, 0.62), (0.43, 0.28, 0.62), (0.43, 0.28, 0.62), (0.43, 0.28, 0.62), (0.43, 0.28, 0.62), (0.43, 0.28, 0.62), (0.43, 0.28, 0.62), (0.43, 0.28, 0.62), (0.43, 0.28, 0.62), (0.43, 0.28, 0.62), (0.43, 0.28, 0.62), (0.43, 0.28, 0.62), (0.43, 0.28, 0.62), (0.43, 0.28, 0.62), (0.43, 0.28, 0.62), (0.43, 0.28, 0.62), (0.43, 0.28, 0.62), (0.43, 0.28, 0.62), (0.43, 0.28, 0.62), (0.43, 0.28, 0.62), (0.43, 0.28, 0.62), (0.43, 0.28, 0.62), (0.43, 0.28, 0.62), (0.43, 0.28, 0.62), (0.43, 0.28, 0.62), (0.43, 0.28, 0.62), (0.43, 0.28, 0.62), (0.43, 0.28, 0.62), (0.43, 0.28, 0.62), (0.43, 0.28, 0.62), (0.43, 0.28, 0.62), (0.43, 0.28, 0.62), (0.43, 0.28, 0.62), (0.43, 0.28, 0.62), (0.43, 0.28, 0.62), (0.43, 0.28, 0.62), (0.43, 0.28, 0.62), (0.43, 0.28, 0.62), (0.43, 0.28, 0.62), (0.43, 0.28, 0.62), (0.43, 0.28, 0.62), (0.43, 0.28, 0.62), (0.43, 0.28, 0.62), (0.43, 0.28, 0.62), (0.43, 0.28, 0.62), (0.43, 0.28, 0.62), (0.43, 0.28, 0.62), (0.43, 0.28, 0.62), (0.43, 0.28, 0.62), (0.43, 0.28, 0.62), (0.43, 0.28, 0.62), (0.43, 0.28, 0.62), (0.43, 0.28, 0.62), (0.43, 0.28, 0.62), (0.43, 0.28, 0.62), (0.43, 0.28, 0.62), (0.43, 0.28, 0.62), (0.43, 0.28, 0.62), (0.43, 0.28, 0.62), (0.43, 0.28, 0.62), (0.43, 0.28, 0.62), (0.43, 0.28, 0.62), (0.43, 0.28, 0.62), (0.43, 0.28, 0.62), (0.43, 0.28, 0.62), (0.43, 0.28, 0.62), (0.43, 0.28, 0.62), (0.43, 0.28, 0.62), (0.43, 0.28, 0.62), (0.43, 0.28, 0.62), (0.43, 0.28, 0.62), (0.43, 0.28, 0.62), (0.43, 0.28, 0.62), (0.43, 0.28, 0.62), (0.43, 0.28, 0.62), (0.43, 0.28, 0.62), (0.43, 0.28, 0.62), (0.43, 0.28, 0.62), (0.43, 0.28, 0.62), (0.43, 0.28, 0.62), (0.43, 0.28, 0.62), (0.43, 0.28, 0.62), (0.43, 0.28, 0.62), (0.43, 0.28, 0.62), (0.43, 0.28, 0.62), (0.43, 0.28, 0.62), (0.43, 0.28, 0.62), (0.43, 0.28, 0.62), (0.43, 0.28, 0.62), (0.43, 0.28, 0.62), (0.43, 0.28, 0.62), (0.43, 0.28, 0.62), (0.43, 0.28, 0.62), (0.43, 0.28, 0.62), (0.43, 0.28, 0.62), (0.43, 0.28, 0.62), (0.43, 0.28, 0.62), (0.43, 0.28, 0.62), (0.43, 0.28, 0.62), (0.43, 0.28, 0.62), (0.43, 0.28, 0.62), (0.43, 0.28, 0.62), (0.43, 0.28, 0.62), (0.43, 0.28, 0.62), (0.43, 0.28, 0.62), (0.43, 0.28, 0.62), (0.43, 0.28, 0.62), (0.43, 0.28, 0.62), (0.43, 0.28, 0.62), (0.43, 0.28, 0.62), (0.43, 0.28, 0.62), (0.43, 0.28, 0.62), (0.43, 0.28, 0.62), (0.43, 0.28, 0.62), (0.43, 0.28, 0.62), (0.43, 0.28, 0.62), (0.43, 0.28, 0.62), (0.43, 0.28, 0.62), (0.43, 0.28, 0.62), (0.43, 0.28, 0.62), (0.43, 0.28, 0.62), (0.43, 0.28, 0.62), (0.43, 0.28, 0.62), (0.43, 0.28, 0.62), (0.43, 0.28, 0.62), (0.43, 0.28, 0.62), (0.43, 0.28, 0.62), (0.43, 0.28, 0.62), (0.43, 0.28, 0.62), (0.43, 0.28, 0.62), (0.43, 0.28, 0.62), (0.43, 0.28, 0.62), (0.43, 0.28, 0.62), (0.43, 0.28, 0.62), (0.43, 0.28, 0.62), (0.43, 0.28, 0.62), (0.43, 0.28, 0.62), (0.43, 0.28, 0.62), (0.43, 0.28, 0.62), (0.43, 0.28, 0.62), (0.43, 0.28, 0.62), (0.43, 0.28, 0.62), (0.43, 0.28, 0.62), (0.43, 0.28, 0.62), (0.43, 0.28, 0.62), (0.43, 0.28, 0.62), (0.43, 0.28, 0.62), (0.43, 0.28, 0.62), (0.43, 0.28, 0.62), (0.43, 0.28, 0.62), (0.43, 0.28, 0.62), (0.43, 0.28, 0.62), (0.43, 0.28, 0.62), (0.43, 0.28, 0.62), (0.43, 0.28, 0.62), (0.43, 0.28, 0.62), (0.43, 0.28, 0.62), (0.43, 0.28, 0.62), (0.43, 0.28, 0.62), (0.43, 0.28, 0.62), (0.43, 0.28, 0.62), (0.43, 0.28, 0.62), (0.43, 0.28, 0.62), (0.43, 0.28, 0.62), (0.43, 0.28, 0.62), (0.43, 0.28, 0.62), (0.43, 0.28, 0.62), (0.43, 0.28, 0.62), (0.43, 0.28, 0.62), (0.43, 0.28, 0.62), (0.43, 0.28, 0.62), (0.43, 0.28, 0.62), (0.43, 0.28, 0.62), (0.43, 0.28, 0.62), (0.43, 0.28, 0.62), (0.43, 0.28, 0.62), (0.43, 0.28, 0.62), (0.43, 0.28, 0.62), (0.43, 0.28, 0.62), (0.43, 0.28, 0.62), (0.43, 0.28, 0.62), (0.43, 0.28, 0.62), (0.43, 0.28, 0.62), (0.43, 0.28, 0.62), (0.43, 0.28, 0.62), (0.43, 0.28, 0.62), (0.43, 0.28, 0.62), (0.43, 0.28, 0.62), (0.43, 0.28, 0.62), (0.43, 0.28, 0.62), (0.43, 0.28, 0.62), (0.43, 0.28, 0.62), (0.43, 0.28, 0.62), (0.43, 0.28, 0.62), (0.43, 0.28, 0.62), (0.43, 0.28, 0.62), (0.43, 0.28, 0.62), (0.43, 0.28, 0.62), (0.43, 0.28, 0.62), (0.43, 0.28, 0.62), (0.43, 0.28, 0.62), (0.43, 0.28, 0.62), (0.43, 0.28, 0.62), (0.43, 0.28, 0.62), (0.43, 0.28, 0.62), (0.43, 0.28, 0.62), (0.43, 0.28, 0.62), (0.43, 0.28, 0.62), (0.43, 0.28, 0.62), (0.43, 0.28, 0.62), (0.43, 0.28, 0.62), (0.43, 0.28, 0.62), (0.43, 0.28, 0.62), (0.43, 0.28, 0.62), (0.43, 0.28, 0.62), (0.43, 0.28, 0.62), (0.43, 0.28, 0.62), (0.43, 0.28, 0.62), (0.43, 0.28, 0.62), (0.43, 0.28, 0.62), (0.43, 0.28, 0.62), (0.43, 0.28, 0.62), (0.43, 0.28, 0.62), (0.43, 0.28, 0.62), (0.43, 0.28, 0.62), (0.43, 0.28, 0.62), (0.43, 0.28, 0.62), (0.43, 0.28, 0.62), (0.43, 0.28, 0.62), (0.43, 0.28, 0.62), (0.43, 0.28, 0.62), (0.43, 0.28, 0.62), (0.43, 0.28, 0.62), (0.43, 0.28, 0.62), (0.43, 0.28, 0.62), (0.43, 0.28, 0.62), (0.43, 0.28, 0.62), (0.43, 0.28, 0.62), (0.43, 0.28, 0.62), (0.43, 0.28, 0.62), (0.43, 0.28, 0.62), (0.43, 0.28, 0.62), (0.43, 0.28, 0.62), (0.43, 0.28, 0.62), (0.43, 0.28, 0.62), (0.43, 0.28, 0.62), (0.43, 0.28, 0.62), (0.43, 0.28, 0.62), (0.43, 0.28, 0.62), (0.43, 0.28, 0.62), (0.43, 0.28, 0.62), (0.43, 0.28, 0.62), (0.43, 0.28, 0.62), (0.43, 0.28, 0.62), (0.43, 0.28, 0.62), (0.43, 0.28, 0.62), (0.43, 0.28, 0.62), (0.43, 0.28, 0.62), (0.43, 0.28, 0.62), (0.43, 0.28, 0.62), (0.43, 0.28, 0.62), (0.43, 0.28, 0.62), (0.43, 0.28, 0.62), (0.43, 0.28, 0.62), (0.43, 0.28, 0.62), (0.43, 0.28, 0.62), (0.43, 0.28, 0.62), (0.43, 0.28, 0.62), (0.43, 0.28, 0.62), (0.43, 0.28, 0.62), (0.43, 0.28, 0.62), (0.43, 0.28, 0.62), (0.43, 0.28, 0.62), (0.43, 0.28, 0.62), (0.43, 0.28, 0.62), (0.43, 0.28, 0.62), (0.43, 0.28, 0.62), (0.43, 0.28, 0.62), (0.43, 0.28, 0.62), (0.43, 0.28, 0.62), (0.43, 0.28, 0.62), (0.43, 0.28, 0.62), (0.43, 0.28, 0.62), (0.43, 0.28, 0.62), (0.43, 0.28, 0.62), (0.43, 0.28, 0.62), (0.43, 0.28, 0.62), (0.43, 0.28, 0.62), (0.43, 0.28, 0.62), (0.43, 0.28, 0.62), (0.43, 0.28, 0.62), (0.43, 0.28, 0.62), (0.43, 0.28, 0.62), (0.43, 0.28, 0.62), (0.43, 0.28, 0.62), (0.43, 0.28, 0.62), (0.43, 0.28, 0.62), (0.43, 0.28, 0.62), (0.43, 0.28, 0.62), (0.43, 0.28, 0.62), (0.43, 0.28, 0.62), (0.43, 0.28, 0.62), (0.43, 0.28, 0.62), (0.43, 0.28, 0.62), (0.43, 0.28, 0.62), (0.43, 0.28, 0.62), (0.43, 0.28, 0.62), (0.43, 0.28, 0.62), (0.43, 0.28, 0.62), (0.43, 0.28, 0.62), (0.43, 0.28, 0.62), (0.43, 0.28, 0.62), (0.43, 0.28, 0.62), (0.43, 0.28, 0.62), (0.43, 0.28, 0.62), (0.43, 0.28, 0.62), (0.43, 0.28, 0.62), (0.43, 0.28, 0.62), (0.43, 0.28, 0.62), (0.43, 0.28, 0.62), (0.43, 0.28, 0.62), (0.43, 0.28, 0.62), (0.43, 0.28, 0.62), (0.43, 0.28, 0.62), (0.43, 0.28, 0.62), (0.43, 0.28, 0.62), (0.43, 0.28, 0.62), (0.43, 0.28, 0.62), (0.43, 0.28, 0.62), (0.43, 0.28, 0.62), (0.43, 0.28, 0.62), (0.43, 0.28, 0.62), (0.43, 0.28, 0.62), (0.43, 0.28, 0.62), (0.43, 0.28, 0.62), (0.43, 0.28, 0.62), (0.43, 0.28, 0.62), (0.43, 0.28, 0.62), (0.43, 0.28, 0.62), (0.43, 0.28, 0.62), (0.43, 0.28, 0.62), (0.43, 0.28, 0.62), (0.43, 0.28, 0.62), (0.43, 0.28, 0.62), (0.43, 0.28, 0.62), (0.43, 0.28, 0.62), (0.43, 0.28, 0.62), (0.43, 0.28, 0.62), (0.43, 0.28, 0.62), (0.43, 0.28, 0.62), (0.43, 0.28, 0.62), (0.43, 0.28, 0.62), (0.43, 0.28, 0.62), (0.43, 0.28, 0.62), (0.43, 0.28, 0.62), (0.43, 0.28, 0.62), (0.43, 0.28, 0.62), (0.43, 0.28, 0.62), (0.43, 0.28, 0.62), (0.43, 0.28, 0.62), (0.43, 0.28, 0.62), (0.43, 0.28, 0.62), (0.43, 0.28, 0.62), (0.43, 0.28, 0.62), (0.43, 0.28, 0.62), (0.43, 0.28, 0.62), (0.43, 0.28, 0.62), (0.43, 0.28, 0.62), (0.43, 0.28, 0.62), (0.43, 0.28, 0.62), (0.43, 0.28, 0.62), (0.43, 0.28, 0.62), (0.43, 0.28, 0.62), (0.43, 0.28, 0.62), (0.43, 0.28, 0.62), (0.43, 0.28, 0.62), (0.43, 0.28, 0.62), (0.43, 0.28, 0.62), (0.43, 0.28, 0.62), (0.43, 0.28, 0.62), (0.43, 0.28, 0.62), (0.43, 0.28, 0.62), (0.43, 0.28, 0.62), (0.43, 0.28, 0.62), (0.43, 0.28, 0.62), (0.43, 0.28, 0.62), (0.43, 0.28, 0.62), (0.43, 0.28, 0.62), (0.43, 0.28, 0.62), (0.43, 0.28, 0.62), (0.43, 0.28, 0.62), (0.43, 0.28, 0.62), (0.43, 0.28, 0.62), (0.43, 0.28, 0.62), (0.43, 0.28, 0.62), (0.43, 0.28, 0.62), (0.43, 0.28, 0.62), (0.43, 0.28, 0.62), (0.43, 0.28, 0.62), (0.43, 0.28, 0.62), (0.43, 0.28, 0.62), (0.43, 0.28, 0.62), (0.43, 0.28, 0.62), (0.43, 0.28, 0.62), (0.43, 0.28, 0.62), (0.43, 0.28, 0.62), (0.43, 0.28, 0.62), (0.43, 0.28, 0.62), (0.43, 0.28, 0.62), (0.43, 0.28, 0.62), (0.43, 0.28, 0.62), (0.43, 0.28, 0.62), (0.43, 0.28, 0.62), (0.43, 0.28, 0.62), (0.43, 0.28, 0.62), (0.43, 0.28, 0.62), (0.43, 0.28, 0.62), (0.43, 0.28, 0.62), (0.43, 0.28, 0.62), (0.43, 0.28, 0.62), (0.43, 0.28, 0.62), (0.43, 0.28, 0.62), (0.43, 0.28, 0.62), (0.43, 0.28, 0.62), (0.43, 0.28, 0.62), (0.43, 0.28, 0.62), (0.43, 0.28, 0.62), (0.43, 0.28, 0.62), (0.43, 0.28, 0.62), (0.43, 0.28, 0.62), (0.43, 0.28, 0.62), (0.43, 0.28, 0.62), (0.43, 0.28, 0.62), (0.43, 0.28, 0.62), (0.43, 0.28, 0.62), (0.43, 0.28, 0.62), (0.43, 0.28, 0.62), (0.43, 0.28, 0.62), (0.43, 0.28, 0.62), (0.43, 0.28, 0.62), (0.43, 0.28, 0.62), (0.43, 0.28, 0.62), (0.43, 0.28, 0.62), (0.43, 0.28, 0.62), (0.43, 0.28, 0.62), (0.43, 0.28, 0.62), (0.43, 0.28, 0.62), (0.43, 0.28, 0.62), (0.43, 0.28, 0.62), (0.43, 0.28, 0.62), (0.43, 0.28, 0.62), (0.43, 0.28, 0.62), (0.43, 0.28, 0.62), (0.43, 0.28, 0.62), (0.43, 0.28, 0.62), (0.43, 0.28, 0.62), (0.43, 0.28, 0.62), (0.43, 0.28, 0.62), (0.43, 0.28, 0.62), (0.43, 0.28, 0.62), (0.43, 0.28, 0.62), (0.43, 0.28, 0.62), (0.43, 0.28, 0.62), (0.43, 0.28, 0.62), (0.43, 0.28, 0.62), (0.43, 0.28, 0.62), (0.43, 0.28, 0.62), (0.43, 0.28, 0.62), (0.43, 0.28, 0.62), (0.43, 0.28, 0.62), (0.43, 0.28, 0.62), (0.43, 0.28, 0.62), (0.43, 0.28, 0.62), (0.43, 0.28, 0.62), (0.43, 0.28, 0.62), (0.43, 0.28, 0.62), (0.43, 0.28, 0.62), (0.43, 0.28, 0.62), (0.43, 0.28, 0.62), (0.43, 0.28, 0.62), (0.43, 0.28, 0.62), (0.43, 0.28, 0.62), (0.43, 0.28, 0.62), (0.43, 0.28, 0.62), (0.43, 0.28, 0.62), (0.43, 0.28, 0.62), (0.43, 0.28, 0.62), (0.43, 0.28, 0.62), (0.43, 0.28, 0.62), (0.43, 0.28, 0.62), (0.43, 0.28, 0.62), (0.43, 0.28, 0.62), (0.43, 0.28, 0.62), (0.43, 0.28, 0.62), (0.43, 0.28, 0.62), (0.43, 0.28, 0.62), (0.43, 0.28, 0.62), (0.43, 0.28, 0.62), (0.43, 0.28, 0.62), (0.43, 0.28, 0.62), (0.43, 0.28, 0.62), (0.43, 0.28, 0.62), (0.43, 0.28, 0.62), (0.43, 0.28, 0.62), (0.43, 0.28, 0.62), (0.43, 0.28, 0.62), (0.43, 0.28, 0.62), (0.43, 0.28, 0.62), (0.43, 0.28, 0.62), (0.43, 0.28, 0.62), (0.43, 0.28, 0.62), (0.43, 0.28, 0.62), (0.43, 0.28, 0.62), (0.43, 0.28, 0.62), (0.43, 0.28, 0.62), (0.43, 0.28, 0.62), (0.43, 0.28, 0.62), (0.43, 0.28, 0.62), (0.43, 0.28, 0.62), (0.43, 0.28, 0.62), (0.43, 0.28, 0.62), (0.43, 0.28, 0.62), (0.43, 0.28, 0.62), (0.43, 0.28, 0.62), (0.43, 0.28, 0.62), (0.43, 0.28, 0.62), (0.43, 0.28, 0.62), (0.43, 0.28, 0.62), (0.43, 0.28, 0.62), (0.43, 0.28, 0.62), (0.43, 0.28, 0.62), (0.43, 0.28, 0.62), (0.43, 0.28, 0.62), (0.43, 0.28, 0.62), (0.43, 0.28, 0.62), (0.43, 0.28, 0.62), (0.43, 0.28, 0.62), (0.43, 0.28, 0.62), (0.43, 0.28, 0.62), (0.43, 0.28, 0.62), (0.43, 0.28, 0.62), (0.43, 0.28, 0.62), (0.43, 0.28, 0.62), (0.43, 0.28, 0.62), (0.43, 0.28, 0.62), (0.43, 0.28, 0.62), (0.43, 0.28, 0.62), (0.43, 0.28, 0.62), (0.43, 0.28, 0.62), (0.43, 0.28, 0.62), (0.43, 0.28, 0.62), (0.43, 0.28, 0.62), (0.43, 0.28, 0.62), (0.43, 0.28, 0.62), (0.43, 0.28, 0.62), (0.43, 0.28, 0.62), (0.43, 0.28, 0.62), (0.43, 0.28, 0.62), (0.43, 0.28, 0.62), (0.43, 0.28, 0.62), (0.43, 0.28, 0.62), (0.43, 0.28, 0.62), (0.43, 0.28, 0.62), (0.43, 0.28, 0.62), (0.43, 0.28, 0.62), (0.43, 0.28, 0.62), (0.43, 0.28, 0.62), (0.43, 0.28, 0.62), (0.43, 0.28, 0.62), (0.43, 0.28, 0.62), (0.43, 0.28, 0.62), (0.43, 0.28, 0.62), (0.43, 0.28, 0.62), (0.43, 0.28, 0.62), (0.43, 0.28, 0.62), (0.43, 0.28, 0.62), (0.43, 0.28, 0.62), (0.43, 0.28, 0.62), (0.43, 0.28, 0.62), (0.43, 0.28, 0.62), (0.43, 0.28, 0.62), (0.43, 0.28, 0.62), (0.43, 0.28, 0.62), (0.43, 0.28, 0.62), (0.43, 0.28, 0.62), (0.43, 0.28, 0.62), (0.43, 0.28, 0.62), (0.43, 0.28, 0.62), (0.43, 0.28, 0.62), (0.43, 0.28, 0.62), (0.43, 0.28, 0.62), (0.43, 0.28, 0.62), (0.43, 0.28, 0.62), (0.43, 0.28, 0.62), (0.43, 0.28, 0.62), (0.43, 0.28, 0.62), (0.43, 0.28, 0.62), (0.43, 0.28, 0.62), (0.43, 0.28, 0.62), (0.43, 0.28, 0.62), (0.43, 0.28, 0.62), (0.43, 0.28, 0.62), (0.43, 0.28, 0.62), (0.43, 0.28, 0.62), (0.43, 0.28, 0.62), (0.43, 0.28, 0.62), (0.43, 0.28, 0.62), (0.43, 0.28, 0.62), (0.43, 0.28, 0.62), (0.43, 0.28, 0.62), (0.43, 0.28, 0.62), (0.43, 0.28, 0.62), (0.43, 0.28, 0.62), (0.43, 0.28, 0.62), (0.43, 0.28, 0.62), (0.43, 0.28, 0.62), (0.43, 0.28, 0.62), (0.43, 0.28, 0.62), (0.43, 0.28, 0.62), (0.43, 0.28, 0.62), (0.43, 0.28, 0.62), (0.43, 0.28, 0.62), (0.43, 0.28, 0.62), (0.43, 0.28, 0.62), (0.43, 0.28, 0.62), (0.43, 0.28, 0.62), (0.43, 0.28, 0.62), (0.43, 0.28, 0.62), (0.43, 0.28, 0.62), (0.43, 0.28, 0.62), (0.43, 0.28, 0.62), (0.43, 0.28, 0.62), (0.43, 0.28, 0.62), (0.43, 0.28, 0.62), (0.43, 0.28, 0.62), (0.43, 0.28, 0.62), (0.43, 0.28, 0.62), (0.43, 0.28, 0.62), (0.43, 0.28, 0.62), (0.43, 0.28, 0.62), (0.43, 0.28, 0.62), (0.43, 0.28, 0.62), (0.43, 0.28, 0.62), (0.43, 0.28, 0.62), (0.43, 0.28, 0.62), (0.43, 0.28, 0.62), (0.43, 0.28, 0.62), (0.43, 0.28, 0.62), (0.43, 0.28, 0.62), (0.43, 0.28, 0.62), (0.43, 0.28, 0.62), (0.43, 0.28, 0.62), (0.43, 0.28, 0.62), (0.43, 0.28, 0.62), (0.43, 0.28, 0.62), (0.43, 0.28, 0.62), (0.43, 0.28, 0.62), (0.43, 0.28, 0.62), (0.43, 0.28, 0.62), (0.43, 0.28, 0.62), (0.43, 0.28, 0.62), (0.43, 0.28, 0.62), (0.43, 0.28, 0.62), (0.43, 0.28, 0.62), (0.43, 0.28, 0.62), (0.43, 0.28, 0.62), (0.43, 0.28, 0.62), (0.43, 0.28, 0.62), (0.43, 0.28, 0.62), (0.43, 0.28, 0.62), (0.43, 0.28, 0.62), (0.43, 0.28, 0.62), (0.43, 0.28, 0.62), (0.43, 0.28, 0.62), (0.43, 0.28, 0.62), (0.43, 0.28, 0.62), (0.43, 0.28, 0.62), (0.43, 0.28, 0.62), (0.43, 0.28, 0.62), (0.43, 0.28, 0.62), (0.43, 0.28, 0.62), (0.43, 0.28, 0.62), (0.43, 0.28, 0.62), (0.43, 0.28, 0.62), (0.43, 0.28, 0.62), (0.43, 0.28, 0.62), (0.43, 0.28, 0.62), (0.43, 0.28, 0.62), (0.43, 0.28, 0.62), (0.43, 0.28, 0.62), (0.43, 0.28, 0.62), (0.43, 0.28, 0.62), (0.43, 0.28, 0.62), (0.43, 0.28, 0.62), (0.43, 0.28, 0.62), (0.43, 0.28, 0.62), (0.43, 0.28, 0.62), (0.43, 0.28, 0.62), (0.43, 0.28, 0.62), (0.43, 0.28, 0.62), (0.43, 0.28, 0.62), (0.43, 0.28, 0.62), (0.43, 0.28, 0.62), (0.43, 0.28, 0.62), (0.43, 0.28, 0.62), (0.43, 0.28, 0.62), (0.43, 0.28, 0.62), (0.43, 0.28, 0.62), (0.43, 0.28, 0.62), (0.43, 0.28, 0.62), (0.43, 0.28, 0.62), (0.43, 0.28, 0.62), (0.43, 0.28, 0.62), (0.43, 0.28, 0.62), (0.43, 0.28, 0.62), (0.43, 0.28, 0.62), (0.43, 0.28, 0.62), (0.43, 0.28, 0.62), (0.43, 0.28, 0.62), (0.43, 0.28, 0.62), (0.43, 0.28, 0.62), (0.43, 0.28, 0.62), (0.43, 0.28, 0.62), (0.43, 0.28, 0.62), (0.43, 0.28, 0.62), (0.43, 0.28, 0.62), (0.43, 0.28, 0.62), (0.43, 0.28, 0.62), (0.43, 0.28, 0.62), (0.43, 0.28, 0.62), (0.43, 0.28, 0.62), (0.43, 0.28, 0.62), (0.43, 0.28, 0.62), (0.43, 0.28, 0.62), (0.43, 0.28, 0.62), (0.43, 0.28, 0.62), (0.43, 0.28, 0.62), (0.43, 0.28, 0.62), (0.43, 0.28, 0.62), (0.43, 0.28, 0.62), (0.43, 0.28, 0.62), (0.43, 0.28, 0.62), (0.43, 0.28, 0.62), (0.43, 0.28, 0.62), (0.43, 0.28, 0.62), (0.43, 0.28, 0.62), (0.43, 0.28, 0.62), (0.43, 0.28, 0.62), (0.43, 0.28, 0.62), (0.43, 0.28, 0.62), (0.43, 0.28, 0.62), (0.43, 0.28, 0.62), (0.43, 0.28, 0.62), (0.43, 0.28, 0.62), (0.43, 0.28, 0.62), (0.43, 0.28, 0.62), (0.43, 0.28, 0.62), (0.43, 0.28, 0.62), (0.43, 0.28, 0.62), (0.43, 0.28, 0.62), (0.43, 0.28, 0.62), (0.43, 0.28, 0.62), (0.43, 0.28, 0.62), (0.43, 0.28, 0.62), (0.43, 0.28, 0.62), (0.43, 0.28, 0.62), (0.43, 0.28, 0.62), (0.43, 0.28, 0.62), (0.43, 0.28, 0.62), (0.43, 0.28, 0.62), (0.43, 0.28, 0.62), (0.43, 0.28, 0.62), (0.43, 0.28, 0.62), (0.43, 0.28, 0.62), (0.43, 0.28, 0.62), (0.43, 0.28, 0.62), (0.43, 0.28, 0.62), (0.43, 0.28, 0.62), (0.43, 0.28, 0.62), (0.43, 0.28, 0.62), (0.43, 0.28, 0.62), (0.43, 0.28, 0.62), (0.43, 0.28, 0.62), (0.43, 0.28, 0.62), (0.43, 0.28, 0.62), (0.43, 0.28, 0.62), (0.43, 0.28, 0.62), (0.43, 0.28, 0.62), (0.43, 0.28, 0.62), (0.43, 0.28, 0.62), (0.43, 0.28, 0.62), (0.43, 0.28, 0.62), (0.43, 0.28, 0.62), (0.43, 0.28, 0.62), (0.43, 0.28, 0.62), (0.43, 0.28, 0.62), (0.43, 0.28, 0.62), (0.43, 0.28, 0.62), (0.43, 0.28, 0.62), (0.43, 0.28, 0.62), (0.43, 0.28, 0.62), (0.43, 0.28, 0.62), (0.43, 0.28, 0.62), (0.43, 0.28, 0.62), (0.43, 0.28, 0.62), (0.43, 0.28, 0.62), (0.43, 0.28, 0.62), (0.43, 0.28, 0.62), (0.43, 0.28, 0.62), (0.43, 0.28, 0.62), (0.43, 0.28, 0.62), (0.43, 0.28, 0.62), (0.43, 0.28, 0.62), (0.43, 0.28, 0.62), (0.43, 0.28, 0.62), (0.43, 0.28, 0.62), (0.43, 0.28, 0.62), (0.43, 0.28, 0.62), (0.43, 0.28, 0.62), (0.43, 0.28, 0.62), (0.43, 0.28, 0.62), (0.43, 0.28, 0.62), (0.43, 0.28, 0.62), (0.43, 0.28, 0.62), (0.43, 0.28, 0.62), (0.43, 0.28, 0.62), (0.43, 0.28, 0.62), (0.43, 0.28, 0.62), (0.43, 0.28, 0.62), (0.43, 0.28, 0.62), (0.43, 0.28, 0.62), (0.43, 0.28, 0.62), (0.43, 0.28, 0.62), (0.43, 0.28, 0.62), (0.43, 0.28, 0.62), (0.43, 0.28, 0.62), (0.43, 0.28, 0.62), (0.43, 0.28, 0.62), (0.43, 0.28, 0.62), (0.43, 0.28, 0.62), (0.43, 0.28, 0.62), (0.43, 0.28, 0.62), (0.43, 0.28, 0.62), (0.43, 0.28, 0.62), (0.43, 0.28, 0.62), (0.43, 0.28, 0.62), (0.43, 0.28, 0.62), (0.43, 0.28, 0.62), (0.43, 0.28, 0.62), (0.43, 0.28, 0.62), (0.43, 0.28, 0.62), (0.43, 0.28, 0.62), (0.43, 0.28, 0.62), (0.43, 0.28, 0.62), (0.43, 0.28, 0.62), (0.43, 0.28, 0.62), (0.43, 0.28, 0.62), (0.43, 0.28, 0.62), (0.43, 0.28, 0.62), (0.43, 0.28, 0.62), (0.43, 0.28, 0.62), (0.43, 0.28, 0.62), (0.43, 0.28, 0.62), (0.43, 0.28, 0.62), (0.43, 0.28, 0.62), (0.43, 0.28, 0.62), (0.43, 0.28, 0.62), (0.43, 0.28, 0.62), (0.43, 0.28, 0.62), (0.43, 0.28, 0.62), (0.43, 0.28, 0.62), (0.43, 0.28, 0.62), (0.43, 0.28, 0.62), (0.43, 0.28, 0.62), (0.43, 0.28, 0.62), (0.43, 0.28, 0.62), (0.43, 0.28, 0.62), (0.43, 0.28, 0.62), (0.43, 0.28, 0.62), (0.43, 0.28, 0.62), (0.43, 0.28, 0.62), (0.43, 0.28, 0.62), (0.43, 0.28, 0.62), (0.43, 0.28, 0.62), (0.43, 0.28, 0.62), (0.43, 0.28, 0.62), (0.43, 0.28, 0.62), (0.43, 0.28, 0.62), (0.43, 0.28, 0.62), (0.43, 0.28, 0.62), (0.43, 0.28, 0.62), (0.43, 0.28, 0.62), (0.43, 0.28, 0.62), (0.43, 0.28, 0.62), (0.43, 0.28, 0.62), (0.43, 0.28, 0.62), (0.43, 0.28, 0.62), (0.43, 0.28, 0.62), (0.43, 0.28, 0.62), (0.43, 0.28, 0.62), (0.43, 0.28, 0.62), (0.43, 0.28, 0.62), (0.43, 0.28, 0.62), (0.43, 0.28, 0.62), (0.43, 0.28, 0.62), (0.43, 0.28, 0.62), (0.43, 0.28, 0.62), (0.43, 0.28, 0.62), (0.43, 0.28, 0.62), (0.43, 0.28, 0.62), (0.43, 0.28, 0.62), (0.43, 0.28, 0.62), (0.43, 0.28, 0.62), (0.43, 0.28, 0.62), (0.43, 0.28, 0.62), (0.43, 0.28, 0.62), (0.43, 0.28, 0.62), (0.43, 0.28, 0.62), (0.43, 0.28, 0.62), (0.43, 0.28, 0.62), (0.43, 0.28, 0.62), (0.43, 0.28, 0.62), (0.43, 0.28, 0.62), (0.43, 0.28, 0.62), (0.43, 0.28, 0.62), (0.43, 0.28, 0.62), (0.43, 0.28, 0.62), (0.43, 0.28, 0.62), (0.43, 0.28, 0.62), (0.43, 0.28, 0.62), (0.43, 0.28, 0.62), (0.43, 0.28, 0.62), (0.43, 0.28, 0.62), (0.43, 0.28, 0.62), (0.43, 0.28, 0.62), (0.43, 0.28, 0.62), (0.43, 0.28, 0.62), (0.43, 0.28, 0.62), (0.43, 0.28, 0.62), (0.43, 0.28, 0.62), (0.43, 0.28, 0.62), (0.43, 0.28, 0.62), (0.43, 0.28, 0.62), (0.43, 0.28, 0.62), (0.43, 0.28, 0.62), (0.43, 0.28, 0.62), (0.43, 0.28, 0.62), (0.43, 0.28, 0.62), (0.43, 0.28, 0.62), (0.43, 0.28, 0.62), (0.43, 0.28, 0.62), (0.43, 0.28, 0.62), (0.43, 0.28, 0.62), (0.43, 0.28, 0.62), (0.43, 0.28, 0.62), (0.43, 0.28, 0.62), (0.43, 0.28, 0.62), (0.43, 0.28, 0.62), (0.43, 0.28, 0.62), (0.43, 0.28, 0.62), (0.43, 0.28, 0.62), (0.43, 0.28, 0.62), (0.43, 0.28, 0.62), (0.43, 0.28, 0.62), (0.43, 0.28, 0.62), (0.43, 0.28, 0.62), (0.43, 0.28, 0.62), (0.43, 0.28, 0.62), (0.43, 0.28, 0.62), (0.43, 0.28, 0.62), (0.43, 0.28, 0.62), (0.43, 0.28, 0.62), (0.43, 0.28, 0.62), (0.43, 0.28, 0.62), (0.43, 0.28, 0.62), (0.43, 0.28, 0.62), (0.43, 0.28, 0.62), (0.43, 0.28, 0.62), (0.43, 0.28, 0.62), (0.43, 0.28, 0.62), (0.43, 0.28, 0.62), (0.43, 0.28, 0.62), (0.43, 0.28, 0.62), (0.43, 0.28, 0.62), (0.43, 0.28, 0.62), (0.43, 0.28, 0.62), (0.43, 0.28, 0.62), (0.43, 0.28, 0.62), (0.43, 0.28, 0.62), (0.43, 0.28, 0.62), (0.43, 0.28, 0.62), (0.43, 0.28, 0.62), (0.43, 0.28, 0.62), (0.43, 0.28, 0.62), (0.43, 0.28, 0.62), (0.43, 0.28, 0.62), (0.43, 0.28, 0.62), (0.43, 0.28, 0.62), (0.43, 0.28, 0.62), (0.43, 0.28, 0.62), (0.43, 0.28, 0.62), (0.43, 0.28, 0.62), (0.43, 0.28, 0.62), (0.43, 0.28, 0.62), (0.43, 0.28, 0.62), (0.43, 0.28, 0.62), (0.43, 0.28, 0.62), (0.43, 0.28, 0.62), (0.43, 0.28, 0.62), (0.43, 0.28, 0.62), (0.43, 0.28, 0.62), (0.43, 0.28, 0.62), (0.43, 0.28, 0.62), (0.43, 0.28, 0.62), (0.43, 0.28, 0.62), (0.43, 0.28, 0.62), (0.43, 0.28, 0.62), (0.43, 0.28, 0.62), (0.43, 0.28, 0.62), (0.43, 0.28, 0.62), (0.43, 0.28, 0.62), (0.43, 0.28, 0.62), (0.43, 0.28, 0.62), (0.43, 0.28, 0.62), (0.43, 0.28, 0.62), (0.43, 0.28, 0.62), (0.43, 0.28, 0.62), (0.43, 0.28, 0.62), (0.43, 0.28, 0.62)] (
            interpolation = "vertex"
        )
        uniform token type = "linear"
        float[] widths = [0.006, 0.006, 0.006, 0.006, 0.006, 0.006, 0.006, 0.006, 0.006, 0.006, 0.006, 0.006, 0.006, 0.006, 0.006, 0.006, 0.006, 0.006, 0.006, 0.006, 0.006, 0.006, 0.006, 0.006, 0.006, 0.006, 0.006, 0.006, 0.006, 0.006, 0.006, 0.006, 0.006, 0.006, 0.006, 0.006, 0.006, 0.006, 0.006, 0.006, 0.006, 0.006, 0.006, 0.006, 0.006, 0.006, 0.006, 0.006, 0.006, 0.006, 0.006, 0.006, 0.006, 0.006, 0.006, 0.006, 0.006, 0.006, 0.006, 0.006, 0.006, 0.006, 0.006, 0.006, 0.006, 0.006, 0.006, 0.006, 0.006, 0.006, 0.006, 0.006, 0.006, 0.006, 0.006, 0.006, 0.006, 0.006, 0.006, 0.006, 0.006, 0.006, 0.006, 0.006, 0.006, 0.006, 0.006, 0.006, 0.006, 0.006, 0.006, 0.006, 0.006, 0.006, 0.006, 0.006, 0.006, 0.006, 0.006, 0.006, 0.006, 0.006, 0.006, 0.006, 0.006, 0.006, 0.006, 0.006, 0.006, 0.006, 0.006, 0.006, 0.006, 0.006, 0.006, 0.006, 0.006, 0.006, 0.006, 0.006, 0.006, 0.006, 0.006, 0.006, 0.006, 0.006, 0.006, 0.006, 0.006, 0.006, 0.006, 0.006, 0.006, 0.006, 0.006, 0.006, 0.006, 0.006, 0.006, 0.006, 0.006, 0.006, 0.006, 0.006, 0.006, 0.006, 0.006, 0.006, 0.006, 0.006, 0.006, 0.006, 0.006, 0.006, 0.006, 0.006, 0.006, 0.006, 0.006, 0.006, 0.006, 0.006, 0.006, 0.006, 0.006, 0.006, 0.006, 0.006, 0.006, 0.006, 0.006, 0.006, 0.006, 0.006, 0.006, 0.006, 0.006, 0.006, 0.006, 0.006, 0.006, 0.006, 0.006, 0.006, 0.006, 0.006, 0.006, 0.006, 0.006, 0.006, 0.006, 0.006, 0.006, 0.006, 0.006, 0.006, 0.006, 0.006, 0.006, 0.006, 0.006, 0.006, 0.006, 0.006, 0.006, 0.006, 0.006, 0.006, 0.006, 0.006, 0.006, 0.006, 0.006, 0.006, 0.006, 0.006, 0.006, 0.006, 0.006, 0.006, 0.006, 0.006, 0.006, 0.006, 0.006, 0.006, 0.006, 0.006, 0.006, 0.006, 0.006, 0.006, 0.006, 0.006, 0.006, 0.006, 0.006, 0.006, 0.006, 0.006, 0.006, 0.006, 0.006, 0.006, 0.006, 0.006, 0.006, 0.006, 0.006, 0.006, 0.006, 0.006, 0.006, 0.006, 0.006, 0.006, 0.006, 0.006, 0.006, 0.006, 0.006, 0.006, 0.006, 0.006, 0.006, 0.006, 0.006, 0.006, 0.006, 0.006, 0.006, 0.006, 0.006, 0.006, 0.006, 0.006, 0.006, 0.006, 0.006, 0.006, 0.006, 0.006, 0.006, 0.006, 0.006, 0.006, 0.006, 0.006, 0.006, 0.006, 0.006, 0.006, 0.006, 0.006, 0.006, 0.006, 0.006, 0.006, 0.006, 0.006, 0.006, 0.006, 0.006, 0.006, 0.006, 0.006, 0.006, 0.006, 0.006, 0.006, 0.006, 0.006, 0.006, 0.006, 0.006, 0.006, 0.006, 0.006, 0.006, 0.006, 0.006, 0.006, 0.006, 0.006, 0.006, 0.006, 0.006, 0.006, 0.006, 0.006, 0.006, 0.006, 0.006, 0.006, 0.006, 0.006, 0.006, 0.006, 0.006, 0.006, 0.006, 0.006, 0.006, 0.006, 0.006, 0.006, 0.006, 0.006, 0.006, 0.006, 0.006, 0.006, 0.006, 0.006, 0.006, 0.006, 0.006, 0.006, 0.006, 0.006, 0.006, 0.006, 0.006, 0.006, 0.006, 0.006, 0.006, 0.006, 0.006, 0.006, 0.006, 0.006, 0.006, 0.006, 0.006, 0.006, 0.006, 0.006, 0.006, 0.006, 0.006, 0.006, 0.006, 0.006, 0.006, 0.006, 0.006, 0.006, 0.006, 0.006, 0.006, 0.006, 0.006, 0.006, 0.006, 0.006, 0.006, 0.006, 0.006, 0.006, 0.006, 0.006, 0.006, 0.006, 0.006, 0.006, 0.006, 0.006, 0.006, 0.006, 0.006, 0.006, 0.006, 0.006, 0.006, 0.006, 0.006, 0.006, 0.006, 0.006, 0.006, 0.006, 0.006, 0.006, 0.006, 0.006, 0.006, 0.006, 0.006, 0.006, 0.006, 0.006, 0.006, 0.006, 0.006, 0.006, 0.006, 0.006, 0.006, 0.006, 0.006, 0.006, 0.006, 0.006, 0.006, 0.006, 0.006, 0.006, 0.006, 0.006, 0.006, 0.006, 0.006, 0.006, 0.006, 0.006, 0.006, 0.006, 0.006, 0.006, 0.006, 0.006, 0.006, 0.006, 0.006, 0.006, 0.006, 0.006, 0.006, 0.006, 0.006, 0.006, 0.006, 0.006, 0.006, 0.006, 0.006, 0.006, 0.006, 0.006, 0.006, 0.006, 0.006, 0.006, 0.006, 0.006, 0.006, 0.006, 0.006, 0.006, 0.006, 0.006, 0.006, 0.006, 0.006, 0.006, 0.006, 0.006, 0.006, 0.006, 0.006, 0.006, 0.006, 0.006, 0.006, 0.006, 0.006, 0.006, 0.006, 0.006, 0.006, 0.006, 0.006, 0.006, 0.006, 0.006, 0.006, 0.006, 0.006, 0.006, 0.006, 0.006, 0.006, 0.006, 0.006, 0.006, 0.006, 0.006, 0.006, 0.006, 0.006, 0.006, 0.006, 0.006, 0.006, 0.006, 0.006, 0.006, 0.006, 0.006, 0.006, 0.006, 0.006, 0.006, 0.006, 0.006, 0.006, 0.006, 0.006, 0.006, 0.006, 0.006, 0.006, 0.006, 0.006, 0.006, 0.006, 0.006, 0.006, 0.006, 0.006, 0.006, 0.006, 0.006, 0.006, 0.006, 0.006, 0.006, 0.006, 0.006, 0.006, 0.006, 0.006, 0.006, 0.006, 0.006, 0.006, 0.006, 0.006, 0.006, 0.006, 0.006, 0.006, 0.006, 0.006, 0.006, 0.006, 0.006, 0.006, 0.006, 0.006, 0.006, 0.006, 0.006, 0.006, 0.006, 0.006, 0.006, 0.006, 0.006, 0.006, 0.006, 0.006, 0.006, 0.006, 0.006, 0.006, 0.006, 0.006, 0.006, 0.006, 0.006, 0.006, 0.006, 0.006, 0.006, 0.006, 0.006, 0.006, 0.006, 0.006, 0.006, 0.006, 0.006, 0.006, 0.006, 0.006, 0.006, 0.006, 0.006, 0.006, 0.006, 0.006, 0.006, 0.006, 0.006, 0.006, 0.006, 0.006, 0.006, 0.006, 0.006, 0.006, 0.006, 0.006, 0.006, 0.006, 0.006, 0.006, 0.006, 0.006, 0.006, 0.006, 0.006, 0.006, 0.006, 0.006, 0.006, 0.006, 0.006, 0.006, 0.006, 0.006, 0.006, 0.006, 0.006, 0.006, 0.006, 0.006, 0.006, 0.006, 0.006, 0.006, 0.006, 0.006, 0.006, 0.006, 0.006, 0.006, 0.006, 0.006, 0.006, 0.006, 0.006, 0.006, 0.006, 0.006, 0.006, 0.006, 0.006, 0.006, 0.006, 0.006, 0.006, 0.006, 0.006, 0.006, 0.006, 0.006, 0.006, 0.006, 0.006, 0.006, 0.006, 0.006, 0.006, 0.006, 0.006, 0.006, 0.006, 0.006, 0.006, 0.006, 0.006, 0.006, 0.006, 0.006, 0.006, 0.006, 0.006, 0.006, 0.006, 0.006, 0.006, 0.006, 0.006, 0.006, 0.006, 0.006, 0.006, 0.006, 0.006, 0.006, 0.006, 0.006, 0.006, 0.006, 0.006, 0.006, 0.006, 0.006, 0.006, 0.006, 0.006, 0.006, 0.006, 0.006, 0.006, 0.006, 0.006, 0.006, 0.006, 0.006, 0.006, 0.006, 0.006, 0.006, 0.006, 0.006, 0.006, 0.006, 0.006, 0.006, 0.006, 0.006, 0.006, 0.006, 0.006, 0.006, 0.006, 0.006, 0.006, 0.006, 0.006, 0.006, 0.006, 0.006, 0.006, 0.006, 0.006, 0.006, 0.006, 0.006, 0.006, 0.006, 0.006, 0.006, 0.006, 0.006, 0.006, 0.006, 0.006, 0.006, 0.006, 0.006, 0.006, 0.006, 0.006, 0.006, 0.006, 0.006, 0.006, 0.006, 0.006, 0.006, 0.006, 0.006, 0.006, 0.006, 0.006, 0.006, 0.006, 0.006, 0.006, 0.006, 0.006, 0.006, 0.006, 0.006, 0.006, 0.006, 0.006, 0.006, 0.006, 0.006, 0.006, 0.006, 0.006, 0.006, 0.006, 0.006, 0.006, 0.006, 0.006, 0.006, 0.006, 0.006, 0.006, 0.006, 0.006, 0.006, 0.006, 0.006, 0.006, 0.006, 0.006, 0.006, 0.006, 0.006, 0.006, 0.006, 0.006, 0.006, 0.006, 0.006, 0.006, 0.006, 0.006, 0.006, 0.006, 0.006, 0.006, 0.006, 0.006, 0.006, 0.006, 0.006, 0.006, 0.006, 0.006, 0.006, 0.006, 0.006, 0.006, 0.006, 0.006, 0.006, 0.006, 0.006, 0.006, 0.006, 0.006, 0.006, 0.006, 0.006, 0.006, 0.006, 0.006, 0.006, 0.006, 0.006, 0.006, 0.006, 0.006, 0.006, 0.006, 0.006, 0.006, 0.006, 0.006, 0.006, 0.006, 0.006, 0.006, 0.006, 0.006, 0.006, 0.006, 0.006, 0.006, 0.006, 0.006, 0.006, 0.006, 0.006, 0.006, 0.006, 0.006, 0.006, 0.006, 0.006, 0.006, 0.006, 0.006, 0.006, 0.006, 0.006, 0.006, 0.006, 0.006, 0.006, 0.006, 0.006, 0.006, 0.006, 0.006, 0.006, 0.006, 0.006, 0.006, 0.006, 0.006, 0.006, 0.006, 0.006, 0.006, 0.006, 0.006, 0.006, 0.006, 0.006, 0.006, 0.006, 0.006, 0.006, 0.006, 0.006, 0.006, 0.006, 0.006, 0.006, 0.006, 0.006, 0.006, 0.006, 0.006, 0.006, 0.006, 0.006, 0.006, 0.006, 0.006, 0.006, 0.006, 0.006, 0.006, 0.006, 0.006, 0.006, 0.006, 0.006, 0.006, 0.006, 0.006, 0.006, 0.006, 0.006, 0.006, 0.006, 0.006, 0.006, 0.006, 0.006, 0.006, 0.006, 0.006, 0.006, 0.006, 0.006, 0.006, 0.006, 0.006, 0.006, 0.006, 0.006, 0.006, 0.006, 0.006, 0.006, 0.006, 0.006, 0.006, 0.006, 0.006, 0.006, 0.006, 0.006, 0.006, 0.006, 0.006, 0.006, 0.006, 0.006, 0.006, 0.006, 0.006, 0.006, 0.006, 0.006, 0.006, 0.006, 0.006, 0.006, 0.006, 0.006, 0.006, 0.006, 0.006, 0.006, 0.006, 0.006, 0.006, 0.006, 0.006, 0.006, 0.006, 0.006, 0.006, 0.006, 0.006, 0.006, 0.006, 0.006, 0.006, 0.006, 0.006, 0.006, 0.006, 0.006, 0.006, 0.006, 0.006, 0.006, 0.006, 0.006, 0.006, 0.006, 0.006, 0.006, 0.006, 0.006, 0.006, 0.006, 0.006, 0.006, 0.006, 0.006, 0.006, 0.006, 0.006, 0.006, 0.006, 0.006, 0.006, 0.006, 0.006, 0.006, 0.006, 0.006, 0.006, 0.006, 0.006, 0.006, 0.006, 0.006, 0.006, 0.006, 0.006, 0.006, 0.006, 0.006, 0.006, 0.006, 0.006, 0.006, 0.006, 0.006, 0.006, 0.006, 0.006, 0.006, 0.006, 0.006, 0.006, 0.006, 0.006, 0.006, 0.006, 0.006, 0.006, 0.006, 0.006, 0.006, 0.006, 0.006, 0.006, 0.006, 0.006, 0.006, 0.006, 0.006, 0.006, 0.006, 0.006, 0.006, 0.006, 0.006, 0.006, 0.006, 0.006, 0.006, 0.006, 0.006, 0.006, 0.006, 0.006, 0.006, 0.006, 0.006, 0.006, 0.006, 0.006, 0.006, 0.006, 0.006, 0.006, 0.006, 0.006, 0.006, 0.006, 0.006, 0.006, 0.006, 0.006, 0.006, 0.006, 0.006, 0.006, 0.006, 0.006, 0.006, 0.006, 0.006, 0.006, 0.006, 0.006, 0.006, 0.006, 0.006, 0.006, 0.006, 0.006, 0.006, 0.006, 0.006, 0.006, 0.006, 0.006, 0.006, 0.006, 0.006, 0.006, 0.006, 0.006, 0.006, 0.006, 0.006, 0.006, 0.006, 0.006, 0.006, 0.006, 0.006, 0.006, 0.006, 0.006, 0.006, 0.006, 0.006, 0.006, 0.006, 0.006, 0.006, 0.006, 0.006, 0.006, 0.006, 0.006, 0.006, 0.006, 0.006, 0.006, 0.006, 0.006, 0.006, 0.006, 0.006, 0.006, 0.006, 0.006, 0.006, 0.006, 0.006, 0.006, 0.006, 0.006, 0.006, 0.006, 0.006, 0.006, 0.006, 0.006, 0.006, 0.006, 0.006, 0.006, 0.006, 0.006, 0.006, 0.006, 0.006, 0.006, 0.006, 0.006, 0.006, 0.006, 0.006, 0.006, 0.006, 0.006, 0.006, 0.006, 0.006, 0.006, 0.006, 0.006, 0.006, 0.006, 0.006, 0.006, 0.006, 0.006, 0.006, 0.006, 0.006, 0.006, 0.006, 0.006, 0.006, 0.006, 0.006, 0.006, 0.006, 0.006, 0.006, 0.006, 0.006, 0.006, 0.006, 0.006, 0.006, 0.006, 0.006, 0.006, 0.006, 0.006, 0.006, 0.006, 0.006, 0.006, 0.006, 0.006, 0.006, 0.006, 0.006, 0.006, 0.006, 0.006, 0.006, 0.006, 0.006, 0.006, 0.006, 0.006, 0.006, 0.006, 0.006, 0.006, 0.006, 0.006, 0.006, 0.006, 0.006, 0.006, 0.006, 0.006, 0.006, 0.006, 0.006, 0.006, 0.006, 0.006, 0.006, 0.006, 0.006, 0.006, 0.006, 0.006, 0.006, 0.006, 0.006, 0.006, 0.006, 0.006, 0.006, 0.006, 0.006, 0.006, 0.006, 0.006, 0.006, 0.006, 0.006, 0.006, 0.006, 0.006, 0.006, 0.006, 0.006, 0.006, 0.006, 0.006, 0.006, 0.006, 0.006, 0.006, 0.006, 0.006, 0.006, 0.006, 0.006, 0.006, 0.006, 0.006, 0.006, 0.006, 0.006, 0.006, 0.006, 0.006, 0.006, 0.006, 0.006, 0.006, 0.006, 0.006, 0.006, 0.006, 0.006, 0.006, 0.006, 0.006, 0.006, 0.006, 0.006, 0.006, 0.006, 0.006, 0.006, 0.006, 0.006, 0.006, 0.006, 0.006, 0.006, 0.006, 0.006, 0.006, 0.006, 0.006, 0.006, 0.006, 0.006, 0.006, 0.006, 0.006, 0.006, 0.006, 0.006, 0.006, 0.006, 0.006, 0.006, 0.006, 0.006, 0.006, 0.006, 0.006, 0.006, 0.006, 0.006, 0.006, 0.006, 0.006, 0.006, 0.006, 0.006, 0.006, 0.006, 0.006, 0.006, 0.006, 0.006, 0.006, 0.006, 0.006, 0.006, 0.006, 0.006, 0.006, 0.006, 0.006, 0.006, 0.006, 0.006, 0.006, 0.006, 0.006, 0.006, 0.006, 0.006, 0.006, 0.006, 0.006, 0.006, 0.006, 0.006, 0.006, 0.006, 0.006, 0.006, 0.006, 0.006, 0.006, 0.006, 0.006, 0.006, 0.006, 0.006, 0.006, 0.006, 0.006, 0.006, 0.006, 0.006, 0.006, 0.006, 0.006, 0.006, 0.006, 0.006, 0.006, 0.006, 0.006, 0.006, 0.006, 0.006, 0.006, 0.006, 0.006, 0.006, 0.006, 0.006, 0.006, 0.006, 0.006, 0.006, 0.006, 0.006, 0.006, 0.006, 0.006, 0.006, 0.006, 0.006, 0.006, 0.006, 0.006, 0.006, 0.006, 0.006, 0.006, 0.006, 0.006, 0.006, 0.006, 0.006, 0.006, 0.006, 0.006, 0.006, 0.006, 0.006, 0.006, 0.006, 0.006, 0.006, 0.006, 0.006, 0.006, 0.006, 0.006, 0.006, 0.006, 0.006, 0.006, 0.006, 0.006, 0.006, 0.006, 0.006, 0.006, 0.006, 0.006, 0.006, 0.006, 0.006, 0.006, 0.006, 0.006, 0.006, 0.006, 0.006, 0.006, 0.006, 0.006, 0.006, 0.006, 0.006, 0.006, 0.006, 0.006, 0.006, 0.006, 0.006, 0.006, 0.006, 0.006, 0.006, 0.006, 0.006, 0.006, 0.006, 0.006, 0.006, 0.006, 0.006, 0.006, 0.006, 0.006, 0.006, 0.006, 0.006, 0.006, 0.006, 0.006, 0.006, 0.006, 0.006, 0.006, 0.006, 0.006, 0.006, 0.006, 0.006, 0.006, 0.006, 0.006, 0.006, 0.006, 0.006, 0.006, 0.006, 0.006, 0.006, 0.006, 0.006, 0.006, 0.006, 0.006, 0.006, 0.006, 0.006, 0.006, 0.006, 0.006, 0.006, 0.006, 0.006, 0.006, 0.006, 0.006, 0.006, 0.006, 0.006, 0.006, 0.006, 0.006, 0.006, 0.006, 0.006, 0.006, 0.006, 0.006, 0.006, 0.006, 0.006, 0.006, 0.006, 0.006, 0.006, 0.006, 0.006, 0.006, 0.006, 0.006, 0.006, 0.006, 0.006, 0.006, 0.006, 0.006, 0.006, 0.006, 0.006, 0.006, 0.006, 0.006, 0.006, 0.006, 0.006, 0.006, 0.006, 0.006, 0.006, 0.006, 0.006, 0.006, 0.006, 0.006, 0.006, 0.006, 0.006, 0.006, 0.006, 0.006, 0.006, 0.006, 0.006, 0.006, 0.006, 0.006, 0.006, 0.006, 0.006, 0.006, 0.006, 0.006, 0.006, 0.006, 0.006, 0.006, 0.006, 0.006, 0.006, 0.006, 0.006, 0.006, 0.006, 0.006, 0.006, 0.006, 0.006, 0.006, 0.006, 0.006, 0.006, 0.006, 0.006, 0.006, 0.006, 0.006, 0.006, 0.006, 0.006, 0.006, 0.006, 0.006, 0.006, 0.006, 0.006, 0.006, 0.006, 0.006, 0.006, 0.006, 0.006, 0.006, 0.006, 0.006, 0.006, 0.006, 0.006, 0.006, 0.006, 0.006, 0.006, 0.006, 0.006, 0.006, 0.006, 0.006, 0.006, 0.006, 0.006, 0.006, 0.006, 0.006, 0.006, 0.006, 0.006, 0.006, 0.006, 0.006, 0.006, 0.006, 0.006, 0.006, 0.006, 0.006, 0.006, 0.006, 0.006, 0.006, 0.006, 0.006, 0.006, 0.006, 0.006, 0.006, 0.006, 0.006, 0.006, 0.006, 0.006, 0.006, 0.006, 0.006, 0.006, 0.006, 0.006, 0.006, 0.006, 0.006, 0.006, 0.006, 0.006, 0.006, 0.006, 0.006, 0.006, 0.006, 0.006, 0.006, 0.006, 0.006, 0.006, 0.006, 0.006, 0.006, 0.006, 0.006, 0.006, 0.006, 0.006, 0.006, 0.006, 0.006, 0.006, 0.006, 0.006, 0.006, 0.006, 0.006, 0.006, 0.006, 0.006, 0.006, 0.006, 0.006, 0.006, 0.006, 0.006, 0.006, 0.006, 0.006, 0.006, 0.006, 0.006, 0.006, 0.006, 0.006, 0.006, 0.006, 0.006, 0.006, 0.006, 0.006, 0.006, 0.006, 0.006, 0.006, 0.006, 0.006, 0.006, 0.006, 0.006, 0.006, 0.006, 0.006, 0.006, 0.006, 0.006, 0.006, 0.006, 0.006, 0.006, 0.006, 0.006, 0.006, 0.006, 0.006, 0.006, 0.006, 0.006, 0.006, 0.006, 0.006, 0.006, 0.006, 0.006, 0.006, 0.006, 0.006, 0.006, 0.006, 0.006, 0.006, 0.006, 0.006, 0.006, 0.006, 0.006, 0.006, 0.006, 0.006, 0.006, 0.006, 0.006, 0.006, 0.006, 0.006, 0.006, 0.006, 0.006, 0.006, 0.006, 0.006, 0.006, 0.006, 0.006, 0.006, 0.006, 0.006, 0.006, 0.006, 0.006, 0.006, 0.006, 0.006, 0.006, 0.006, 0.006, 0.006, 0.006, 0.006, 0.006, 0.006, 0.006, 0.006, 0.006, 0.006, 0.006, 0.006, 0.006, 0.006, 0.006, 0.006, 0.006, 0.006, 0.006, 0.006, 0.006, 0.006, 0.006, 0.006, 0.006, 0.006, 0.006, 0.006, 0.006, 0.006, 0.006, 0.006, 0.006, 0.006, 0.006, 0.006, 0.006, 0.006, 0.006, 0.006, 0.006, 0.006, 0.006, 0.006, 0.006, 0.006, 0.006, 0.006, 0.006, 0.006, 0.006, 0.006, 0.006, 0.006, 0.006, 0.006, 0.006, 0.006, 0.006, 0.006, 0.006, 0.006, 0.006, 0.006, 0.006, 0.006, 0.006, 0.006, 0.006, 0.006, 0.006, 0.006, 0.006, 0.006, 0.006, 0.006, 0.006, 0.006, 0.006, 0.006, 0.006, 0.006, 0.006, 0.006, 0.006, 0.006, 0.006, 0.006, 0.006, 0.006, 0.006, 0.006, 0.006, 0.006, 0.006, 0.006, 0.006, 0.006, 0.006, 0.006, 0.006, 0.006, 0.006, 0.006, 0.006, 0.006, 0.006, 0.006, 0.006, 0.006, 0.006, 0.006, 0.006, 0.006, 0.006, 0.006, 0.006, 0.006, 0.006, 0.006, 0.006, 0.006, 0.006, 0.006, 0.006, 0.006, 0.006, 0.006, 0.006, 0.006, 0.006, 0.006, 0.006, 0.006, 0.006, 0.006, 0.006, 0.006, 0.006, 0.006, 0.006, 0.006, 0.006, 0.006, 0.006, 0.006, 0.006, 0.006, 0.006, 0.006, 0.006, 0.006, 0.006, 0.006, 0.006, 0.006, 0.006, 0.006, 0.006, 0.006, 0.006, 0.006, 0.006, 0.006, 0.006, 0.006, 0.006, 0.006, 0.006, 0.006, 0.006, 0.006, 0.006, 0.006, 0.006, 0.006, 0.006, 0.006, 0.006, 0.006, 0.006, 0.006, 0.006, 0.006, 0.006, 0.006, 0.006, 0.006, 0.006, 0.006, 0.006, 0.006, 0.006, 0.006, 0.006, 0.006, 0.006, 0.006, 0.006, 0.006, 0.006, 0.006, 0.006, 0.006, 0.006, 0.006, 0.006, 0.006, 0.006, 0.006, 0.006, 0.006, 0.006, 0.006, 0.006, 0.006, 0.006, 0.006, 0.006, 0.006, 0.006, 0.006, 0.006, 0.006, 0.006, 0.006, 0.006, 0.006, 0.006, 0.006, 0.006, 0.006, 0.006, 0.006, 0.006, 0.006, 0.006, 0.006, 0.006, 0.006, 0.006, 0.006, 0.006, 0.006] (
            interpolation = "vertex"
        )
        uniform token wrap = "nonperiodic"
    }
}

